{"type":"FeatureCollection","features":[{"type":"Feature","properties":{"Name":"Area Natural Protegida Cerros de Amotape","description":"<div style='font-family:sans-serif;'><h4>ZEE PIURA - Area Natural Protegida Cerros de Amotape</h4><table border='1' cellpadding='4' style='border-collapse:collapse;font-size:12px;'><tr><td><b>OBJECTID:</b></td><td>1</td></tr><tr><td><b>ZEECODE:</b></td><td>88</td></tr><tr><td><b>ZEE:</b></td><td>Area Natural Protegida Cerros de Amotape</td></tr><tr><td><b>ZEE_ZONAS:</b></td><td>Area Natural Protegida Cerros de Amotape</td></tr><tr><td><b>ZEE_GRANDE:</b></td><td>Areas de Conservacion y Proteccion Ecologica</td></tr><tr><td><b>AREA:</b></td><td>223521947.185</td></tr><tr><td><b>PERIMETER:</b></td><td>104608.173</td></tr><tr><td><b>HECTARES:</b></td><td>22352.195</td></tr></table></div>"},"geometry":{"type":"Polygon","coordinates":[[[-80.49964,-4.09114],[-80.5,-4.09194],[-80.50055,-4.09195],[-80.50089,-4.0919],[-80.50122,-4.09176],[-80.50209,-4.09125],[-80.50288,-4.09097],[-80.50373,-4.09083],[-80.50454,-4.09082],[-80.50519,-4.09107],[-80.50659,-4.09187],[-80.50798,-4.09294],[-80.5087,-4.09375],[-80.50933,-4.09432],[-80.50951,-4.09455],[-80.50957,-4.09468],[-80.50958,-4.09489],[-80.5095,-4.09512],[-80.50933,-4.09528],[-80.50922,-4.09535],[-80.50898,-4.0955],[-80.50878,-4.09572],[-80.50863,-4.09599],[-80.50852,-4.09643],[-80.50855,-4.0969],[-80.50904,-4.09788],[-80.50908,-4.09836],[-80.50882,-4.09876],[-80.50859,-4.09895],[-80.50838,-4.0994],[-80.50823,-4.09952],[-80.50798,-4.09962],[-80.50776,-4.09964],[-80.50762,-4.09959],[-80.5073,-4.09936],[-80.50709,-4.09931],[-80.50687,-4.09935],[-80.50675,-4.09948],[-80.50672,-4.09967],[-80.50679,-4.09984],[-80.50768,-4.10075],[-80.50797,-4.10112],[-80.50802,-4.10132],[-80.50791,-4.10146],[-80.50774,-4.10155],[-80.50665,-4.10182],[-80.50613,-4.10206],[-80.50588,-4.10251],[-80.50583,-4.10271],[-80.50584,-4.10289],[-80.50606,-4.10329],[-80.50609,-4.10379],[-80.50554,-4.10566],[-80.50522,-4.10642],[-80.50509,-4.10656],[-80.50467,-4.10669],[-80.50462,-4.10678],[-80.50462,-4.10698],[-80.50469,-4.10717],[-80.50514,-4.10766],[-80.50553,-4.10797],[-80.50721,-4.10997],[-80.50814,-4.11057],[-80.50833,-4.11074],[-80.50843,-4.1109],[-80.50861,-4.11222],[-80.50857,-4.11265],[-80.50849,-4.11285],[-80.50837,-4.11301],[-80.50769,-4.11344],[-80.50762,-4.11376],[-80.50769,-4.11399],[-80.50778,-4.11412],[-80.50809,-4.11456],[-80.50824,-4.11491],[-80.50826,-4.11517],[-80.50813,-4.11567],[-80.5082,-4.11604],[-80.50831,-4.11621],[-80.50874,-4.11651],[-80.50889,-4.11683],[-80.50892,-4.11736],[-80.50933,-4.1179],[-80.50945,-4.11815],[-80.50947,-4.11841],[-80.50942,-4.11868],[-80.50919,-4.11906],[-80.50884,-4.11927],[-80.50836,-4.11945],[-80.50814,-4.11962],[-80.50807,-4.11981],[-80.50809,-4.12013],[-80.50828,-4.12051],[-80.50879,-4.12125],[-80.50923,-4.12175],[-80.50959,-4.122],[-80.51015,-4.12209],[-80.51029,-4.1222],[-80.5104,-4.12249],[-80.51038,-4.12309],[-80.51046,-4.12342],[-80.51065,-4.12359],[-80.51118,-4.12385],[-80.51142,-4.12401],[-80.5116,-4.12426],[-80.51169,-4.12455],[-80.51161,-4.12503],[-80.51129,-4.12575],[-80.5111,-4.12599],[-80.51041,-4.12647],[-80.50962,-4.12738],[-80.5094,-4.12775],[-80.50921,-4.12838],[-80.50902,-4.12997],[-80.50911,-4.13038],[-80.50933,-4.131],[-80.5097,-4.13164],[-80.51067,-4.13297],[-80.51092,-4.13324],[-80.51108,-4.1335],[-80.51118,-4.134],[-80.51118,-4.13535],[-80.51114,-4.13557],[-80.5109,-4.13616],[-80.51069,-4.13639],[-80.51015,-4.13696],[-80.5098,-4.13744],[-80.50969,-4.13774],[-80.50964,-4.13846],[-80.50954,-4.13872],[-80.50949,-4.13878],[-80.50931,-4.13898],[-80.50893,-4.13901],[-80.50075,-4.13762],[-80.44978,-4.12896],[-80.44954,-4.12917],[-80.44949,-4.14905],[-80.44944,-4.1666],[-80.44901,-4.16656],[-80.44923,-4.17941],[-80.44924,-4.18018],[-80.44925,-4.18059],[-80.44928,-4.19463],[-80.44931,-4.20833],[-80.44933,-4.20831],[-80.44959,-4.20837],[-80.4609,-4.21137],[-80.46229,-4.21174],[-80.47561,-4.21526],[-80.47586,-4.21554],[-80.47691,-4.21644],[-80.47751,-4.21712],[-80.4778,-4.21766],[-80.47795,-4.21847],[-80.47814,-4.2188],[-80.48013,-4.2202],[-80.48056,-4.22071],[-80.48096,-4.22109],[-80.48285,-4.22183],[-80.48297,-4.2219],[-80.48583,-4.22335],[-80.48764,-4.22483],[-80.4895,-4.22578],[-80.48967,-4.22595],[-80.4899,-4.22602],[-80.49021,-4.22612],[-80.49065,-4.22658],[-80.49091,-4.22685],[-80.49143,-4.22758],[-80.49184,-4.22799],[-80.49241,-4.22842],[-80.49303,-4.22908],[-80.49315,-4.22938],[-80.49332,-4.23035],[-80.49397,-4.23091],[-80.49415,-4.231],[-80.49485,-4.23113],[-80.49588,-4.23151],[-80.49644,-4.23192],[-80.49655,-4.23191],[-80.49666,-4.2319],[-80.49727,-4.23168],[-80.49781,-4.23134],[-80.49827,-4.23135],[-80.49907,-4.2317],[-80.49944,-4.23224],[-80.49995,-4.23261],[-80.49914,-4.23493],[-80.49864,-4.23677],[-80.49851,-4.23703],[-80.5011,-4.23775],[-80.50094,-4.23853],[-80.50065,-4.23958],[-80.5006,-4.24057],[-80.50079,-4.24132],[-80.50103,-4.24171],[-80.50117,-4.24213],[-80.50134,-4.24239],[-80.50172,-4.24258],[-80.5022,-4.24263],[-80.50321,-4.24211],[-80.50337,-4.24218],[-80.50347,-4.24233],[-80.50343,-4.24253],[-80.50301,-4.24295],[-80.50282,-4.24323],[-80.50266,-4.24368],[-80.50271,-4.2443],[-80.50291,-4.24463],[-80.50308,-4.24476],[-80.50346,-4.24479],[-80.50365,-4.24471],[-80.50403,-4.24444],[-80.50456,-4.24447],[-80.50529,-4.24488],[-80.50578,-4.24539],[-80.5063,-4.24568],[-80.50691,-4.24582],[-80.50749,-4.24603],[-80.50808,-4.24607],[-80.5089,-4.24585],[-80.50935,-4.24587],[-80.50965,-4.24606],[-80.50998,-4.24677],[-80.51043,-4.24738],[-80.51067,-4.24763],[-80.51083,-4.2478],[-80.51101,-4.24805],[-80.5112,-4.24835],[-80.51144,-4.24836],[-80.51179,-4.24839],[-80.51225,-4.24861],[-80.51253,-4.24889],[-80.51289,-4.24939],[-80.51311,-4.2499],[-80.51325,-4.25042],[-80.51327,-4.251],[-80.51336,-4.25139],[-80.51346,-4.2516],[-80.51379,-4.25182],[-80.5146,-4.25184],[-80.51552,-4.25169],[-80.51642,-4.25142],[-80.51719,-4.25108],[-80.51761,-4.25083],[-80.51782,-4.25064],[-80.51799,-4.25036],[-80.51851,-4.2495],[-80.51901,-4.24925],[-80.5192,-4.24903],[-80.51964,-4.24869],[-80.51991,-4.24853],[-80.52035,-4.24828],[-80.52072,-4.24778],[-80.52079,-4.24759],[-80.5215,-4.24563],[-80.52158,-4.24541],[-80.52164,-4.24482],[-80.52157,-4.24445],[-80.52157,-4.2439],[-80.52167,-4.24327],[-80.52175,-4.24277],[-80.52163,-4.24204],[-80.52162,-4.24192],[-80.52188,-4.24136],[-80.52211,-4.24068],[-80.52268,-4.24008],[-80.523,-4.23987],[-80.52345,-4.23969],[-80.52348,-4.23969],[-80.52413,-4.23955],[-80.52482,-4.23952],[-80.52501,-4.23938],[-80.52618,-4.23863],[-80.52733,-4.23864],[-80.52851,-4.23891],[-80.52909,-4.23914],[-80.52924,-4.23918],[-80.52998,-4.23935],[-80.53046,-4.23943],[-80.53257,-4.23962],[-80.53275,-4.23959],[-80.53419,-4.23938],[-80.53431,-4.23938],[-80.53473,-4.23938],[-80.53478,-4.23939],[-80.53542,-4.23949],[-80.53601,-4.23953],[-80.53655,-4.23948],[-80.53728,-4.23928],[-80.5381,-4.23883],[-80.53838,-4.23856],[-80.53937,-4.23734],[-80.54019,-4.23643],[-80.54047,-4.23618],[-80.5406,-4.23606],[-80.54129,-4.23568],[-80.54149,-4.23566],[-80.54203,-4.23583],[-80.54255,-4.23598],[-80.54298,-4.23638],[-80.54346,-4.23716],[-80.54405,-4.23772],[-80.54501,-4.23809],[-80.54574,-4.23846],[-80.54617,-4.23862],[-80.54661,-4.23869],[-80.54708,-4.23856],[-80.54758,-4.23828],[-80.5479,-4.23819],[-80.54801,-4.23827],[-80.54831,-4.23895],[-80.54824,-4.24017],[-80.54839,-4.24114],[-80.54842,-4.24293],[-80.54849,-4.24312],[-80.54868,-4.24342],[-80.54885,-4.24348],[-80.54903,-4.24342],[-80.54955,-4.24298],[-80.5499,-4.24261],[-80.55028,-4.2423],[-80.55066,-4.24219],[-80.55104,-4.24223],[-80.55134,-4.24249],[-80.55151,-4.2428],[-80.55167,-4.24327],[-80.55195,-4.24352],[-80.55235,-4.24364],[-80.55306,-4.24356],[-80.55328,-4.24362],[-80.55359,-4.24393],[-80.5537,-4.24413],[-80.55403,-4.24467],[-80.55416,-4.24514],[-80.55412,-4.2456],[-80.55422,-4.24591],[-80.55454,-4.24626],[-80.55461,-4.24632],[-80.55506,-4.24667],[-80.55544,-4.24716],[-80.55548,-4.24723],[-80.55598,-4.24802],[-80.556,-4.24811],[-80.55609,-4.24846],[-80.55609,-4.24902],[-80.5561,-4.24913],[-80.55629,-4.24945],[-80.55644,-4.24953],[-80.55664,-4.24953],[-80.55699,-4.24944],[-80.55699,-4.24944],[-80.55782,-4.24912],[-80.55814,-4.24905],[-80.55849,-4.24906],[-80.55884,-4.24918],[-80.55905,-4.24934],[-80.55929,-4.24964],[-80.55938,-4.24986],[-80.55947,-4.2507],[-80.55934,-4.2515],[-80.5591,-4.25219],[-80.55844,-4.25364],[-80.55819,-4.25409],[-80.55809,-4.25427],[-80.55802,-4.25438],[-80.55787,-4.25485],[-80.5578,-4.25548],[-80.5578,-4.25618],[-80.55793,-4.25658],[-80.55807,-4.25668],[-80.55842,-4.25698],[-80.55851,-4.25701],[-80.55933,-4.25688],[-80.55978,-4.25671],[-80.56005,-4.25646],[-80.5605,-4.25607],[-80.56106,-4.25589],[-80.56144,-4.25603],[-80.5617,-4.25631],[-80.56199,-4.25677],[-80.56229,-4.25772],[-80.56253,-4.25799],[-80.56268,-4.25809],[-80.56294,-4.25811],[-80.56326,-4.258],[-80.56346,-4.25782],[-80.56379,-4.25742],[-80.56403,-4.25726],[-80.56448,-4.25729],[-80.56474,-4.25742],[-80.56482,-4.25752],[-80.56522,-4.25862],[-80.56546,-4.25888],[-80.56557,-4.2591],[-80.56556,-4.25942],[-80.5655,-4.25967],[-80.56517,-4.26014],[-80.56515,-4.26018],[-80.56506,-4.26046],[-80.56512,-4.26066],[-80.56548,-4.261],[-80.56562,-4.26107],[-80.56602,-4.26109],[-80.56602,-4.26109],[-80.56694,-4.26101],[-80.56746,-4.26118],[-80.56766,-4.26119],[-80.56791,-4.26113],[-80.56854,-4.26074],[-80.56871,-4.26069],[-80.56898,-4.26068],[-80.56934,-4.26077],[-80.56973,-4.26114],[-80.56991,-4.26155],[-80.56996,-4.26226],[-80.56981,-4.26276],[-80.56941,-4.26339],[-80.56927,-4.26366],[-80.56922,-4.26395],[-80.56928,-4.26435],[-80.57077,-4.26547],[-80.5715,-4.26597],[-80.57203,-4.26587],[-80.57221,-4.26577],[-80.57262,-4.2654],[-80.57306,-4.26477],[-80.57351,-4.26438],[-80.57445,-4.26329],[-80.57468,-4.26289],[-80.5753,-4.26217],[-80.57629,-4.26135],[-80.57653,-4.26122],[-80.57678,-4.26124],[-80.57699,-4.26144],[-80.57707,-4.26172],[-80.57699,-4.26227],[-80.57705,-4.26237],[-80.57723,-4.26248],[-80.57757,-4.26248],[-80.57811,-4.26217],[-80.57845,-4.26181],[-80.57851,-4.26175],[-80.57873,-4.2616],[-80.57894,-4.26159],[-80.57939,-4.26167],[-80.57969,-4.26163],[-80.58026,-4.26106],[-80.58037,-4.26104],[-80.58055,-4.26107],[-80.58074,-4.26119],[-80.58113,-4.26173],[-80.58147,-4.26209],[-80.58202,-4.2624],[-80.58252,-4.26249],[-80.58311,-4.26231],[-80.58346,-4.26226],[-80.58367,-4.26214],[-80.58448,-4.26117],[-80.58503,-4.26096],[-80.58566,-4.26102],[-80.58604,-4.26118],[-80.58686,-4.26178],[-80.5881,-4.263],[-80.58855,-4.26326],[-80.58893,-4.26329],[-80.58942,-4.2632],[-80.59077,-4.2628],[-80.59135,-4.26279],[-80.59169,-4.26291],[-80.59198,-4.26325],[-80.59199,-4.26362],[-80.59199,-4.26364],[-80.59186,-4.26394],[-80.59139,-4.2647],[-80.59132,-4.26507],[-80.59139,-4.26554],[-80.59152,-4.26578],[-80.59176,-4.26609],[-80.59208,-4.26628],[-80.5925,-4.26638],[-80.59262,-4.26646],[-80.59277,-4.26669],[-80.59291,-4.26731],[-80.59322,-4.26773],[-80.59351,-4.26792],[-80.59382,-4.26798],[-80.59474,-4.26797],[-80.59599,-4.26806],[-80.59647,-4.26805],[-80.5968,-4.26796],[-80.59696,-4.26788],[-80.59756,-4.26729],[-80.59802,-4.26692],[-80.59986,-4.26605],[-80.60034,-4.26591],[-80.6014,-4.26591],[-80.60196,-4.26607],[-80.60237,-4.26633],[-80.60278,-4.26679],[-80.60319,-4.267],[-80.60335,-4.26704],[-80.60419,-4.26697],[-80.60447,-4.267],[-80.60497,-4.26725],[-80.60536,-4.26756],[-80.60541,-4.26766],[-80.60545,-4.26795],[-80.60569,-4.26846],[-80.60585,-4.26904],[-80.60577,-4.26984],[-80.60578,-4.26992],[-80.6058,-4.27005],[-80.60594,-4.27048],[-80.6063,-4.27095],[-80.60682,-4.27123],[-80.60691,-4.27124],[-80.60757,-4.27136],[-80.60845,-4.27142],[-80.60865,-4.27152],[-80.60882,-4.27197],[-80.62454,-4.28373],[-80.62471,-4.28385],[-80.62294,-4.28462],[-80.62127,-4.28551],[-80.61986,-4.28647],[-80.61906,-4.28715],[-80.6185,-4.28778],[-80.618,-4.28846],[-80.61752,-4.28926],[-80.61745,-4.28956],[-80.61744,-4.29009],[-80.61739,-4.29041],[-80.61724,-4.29077],[-80.61686,-4.29136],[-80.6167,-4.29169],[-80.61657,-4.29257],[-80.61668,-4.29306],[-80.61687,-4.29347],[-80.61709,-4.2937],[-80.61758,-4.294],[-80.61787,-4.29447],[-80.61796,-4.29486],[-80.61786,-4.29556],[-80.61802,-4.29597],[-80.61948,-4.2976],[-80.61969,-4.2979],[-80.6201,-4.29881],[-80.62007,-4.29986],[-80.62029,-4.30087],[-80.62075,-4.30209],[-80.62136,-4.30338],[-80.62156,-4.30399],[-80.62825,-4.30884],[-80.62835,-4.30884],[-80.6289,-4.30902],[-80.62944,-4.3093],[-80.63016,-4.30982],[-80.63042,-4.31014],[-80.6309,-4.31063],[-80.63255,-4.31158],[-80.63253,-4.31144],[-80.63246,-4.31114],[-80.63235,-4.3107],[-80.63227,-4.31036],[-80.63233,-4.3101],[-80.63241,-4.30968],[-80.63248,-4.30946],[-80.63255,-4.30921],[-80.63256,-4.30903],[-80.63239,-4.30876],[-80.63232,-4.30864],[-80.63219,-4.30843],[-80.63209,-4.30827],[-80.63191,-4.30771],[-80.63206,-4.30651],[-80.63244,-4.30581],[-80.63262,-4.30556],[-80.63279,-4.30533],[-80.63303,-4.305],[-80.63331,-4.30462],[-80.63364,-4.30416],[-80.63387,-4.30372],[-80.634,-4.30348],[-80.63418,-4.30305],[-80.63425,-4.30272],[-80.63431,-4.30205],[-80.63431,-4.30172],[-80.63431,-4.30081],[-80.63447,-4.30052],[-80.63481,-4.29991],[-80.63511,-4.29969],[-80.63633,-4.29939],[-80.63725,-4.29917],[-80.63762,-4.29916],[-80.63786,-4.29915],[-80.63809,-4.29912],[-80.63821,-4.29911],[-80.63835,-4.29909],[-80.63865,-4.29905],[-80.6389,-4.29899],[-80.63923,-4.2989],[-80.63956,-4.29876],[-80.63969,-4.2987],[-80.63978,-4.29867],[-80.6399,-4.29862],[-80.64001,-4.29857],[-80.64021,-4.29848],[-80.64048,-4.29849],[-80.64062,-4.2985],[-80.6409,-4.2985],[-80.64119,-4.29866],[-80.64238,-4.30041],[-80.64277,-4.30017],[-80.64291,-4.30008],[-80.64313,-4.29994],[-80.64341,-4.29987],[-80.64364,-4.29982],[-80.64408,-4.29985],[-80.6444,-4.29994],[-80.6447,-4.30003],[-80.64496,-4.30021],[-80.64509,-4.30021],[-80.64524,-4.30013],[-80.64535,-4.29991],[-80.64542,-4.29949],[-80.64552,-4.29887],[-80.64557,-4.29854],[-80.64572,-4.29832],[-80.64578,-4.29822],[-80.64591,-4.29803],[-80.64629,-4.29782],[-80.6465,-4.29776],[-80.64684,-4.29775],[-80.64697,-4.29774],[-80.64726,-4.29773],[-80.64747,-4.29775],[-80.64753,-4.29776],[-80.64763,-4.29777],[-80.64783,-4.2978],[-80.6481,-4.29783],[-80.64848,-4.29773],[-80.64876,-4.2975],[-80.64919,-4.29685],[-80.64951,-4.29653],[-80.64978,-4.29644],[-80.65,-4.29645],[-80.65007,-4.29645],[-80.65036,-4.29645],[-80.65071,-4.29637],[-80.65087,-4.29621],[-80.65103,-4.29604],[-80.65146,-4.2954],[-80.65176,-4.2952],[-80.65204,-4.2952],[-80.65231,-4.29538],[-80.65258,-4.2955],[-80.65303,-4.2955],[-80.65332,-4.29541],[-80.65369,-4.29519],[-80.65396,-4.29503],[-80.65413,-4.29499],[-80.65441,-4.29509],[-80.65514,-4.29556],[-80.65553,-4.29543],[-80.6561,-4.29495],[-80.65664,-4.29464],[-80.65693,-4.29461],[-80.65724,-4.29457],[-80.65746,-4.29457],[-80.65755,-4.29457],[-80.65767,-4.29457],[-80.65779,-4.29457],[-80.658,-4.29457],[-80.65814,-4.29457],[-80.65825,-4.29457],[-80.65848,-4.29457],[-80.65896,-4.29447],[-80.65916,-4.29432],[-80.65948,-4.29393],[-80.65951,-4.29387],[-80.65982,-4.29329],[-80.66019,-4.29292],[-80.66071,-4.2924],[-80.66088,-4.29214],[-80.66117,-4.29165],[-80.66156,-4.29134],[-80.66171,-4.29122],[-80.66195,-4.29102],[-80.66209,-4.2909],[-80.6624,-4.29075],[-80.6625,-4.29069],[-80.66263,-4.29062],[-80.66286,-4.29051],[-80.66307,-4.29033],[-80.66315,-4.29026],[-80.66346,-4.29],[-80.66366,-4.2898],[-80.66376,-4.28969],[-80.66393,-4.28951],[-80.66447,-4.28911],[-80.66481,-4.28882],[-80.66496,-4.28854],[-80.66499,-4.28847],[-80.66523,-4.28781],[-80.66522,-4.28715],[-80.66535,-4.28642],[-80.66566,-4.28606],[-80.66581,-4.28595],[-80.66613,-4.2859],[-80.66626,-4.28587],[-80.66639,-4.28585],[-80.66668,-4.2858],[-80.66688,-4.28586],[-80.66698,-4.28595],[-80.66708,-4.28615],[-80.66714,-4.28626],[-80.66759,-4.28636],[-80.66765,-4.28637],[-80.66783,-4.28634],[-80.66826,-4.28625],[-80.66849,-4.2861],[-80.66874,-4.28555],[-80.6689,-4.28521],[-80.66897,-4.2851],[-80.66918,-4.28479],[-80.66934,-4.28453],[-80.66949,-4.28439],[-80.66987,-4.284],[-80.6705,-4.28354],[-80.67095,-4.2832],[-80.67111,-4.28304],[-80.67172,-4.28241],[-80.67214,-4.28174],[-80.67222,-4.28145],[-80.67222,-4.28105],[-80.67178,-4.28034],[-80.67153,-4.27961],[-80.67125,-4.27908],[-80.67062,-4.27843],[-80.67034,-4.27813],[-80.66993,-4.2776],[-80.66873,-4.27651],[-80.6687,-4.27648],[-80.66835,-4.27592],[-80.66814,-4.27533],[-80.66807,-4.27511],[-80.66795,-4.27478],[-80.66784,-4.2746],[-80.66768,-4.27442],[-80.6675,-4.27423],[-80.66742,-4.27415],[-80.66736,-4.27408],[-80.66726,-4.27397],[-80.66699,-4.27369],[-80.66681,-4.27346],[-80.66675,-4.27338],[-80.66669,-4.2733],[-80.66662,-4.27322],[-80.66662,-4.27322],[-80.6666,-4.27319],[-80.66644,-4.27298],[-80.66615,-4.27281],[-80.66614,-4.2728],[-80.66602,-4.27273],[-80.66595,-4.27268],[-80.66584,-4.27261],[-80.66575,-4.27256],[-80.66567,-4.27251],[-80.6656,-4.27246],[-80.66538,-4.27232],[-80.66506,-4.2721],[-80.66486,-4.27195],[-80.66463,-4.27171],[-80.66454,-4.27162],[-80.66446,-4.27154],[-80.66443,-4.2715],[-80.66438,-4.27146],[-80.66426,-4.27133],[-80.66421,-4.27128],[-80.66412,-4.27118],[-80.66391,-4.27098],[-80.66364,-4.27029],[-80.66362,-4.26888],[-80.6636,-4.26879],[-80.66339,-4.26787],[-80.66324,-4.2674],[-80.66332,-4.26642],[-80.66311,-4.26613],[-80.66282,-4.26589],[-80.66268,-4.26577],[-80.66261,-4.2657],[-80.66252,-4.26563],[-80.66239,-4.26552],[-80.66228,-4.26542],[-80.66217,-4.26532],[-80.66201,-4.26519],[-80.66194,-4.26513],[-80.66186,-4.26505],[-80.66175,-4.26496],[-80.66167,-4.2649],[-80.6616,-4.26483],[-80.6615,-4.26475],[-80.6614,-4.26466],[-80.66115,-4.26444],[-80.661,-4.26427],[-80.66081,-4.26395],[-80.66083,-4.26363],[-80.66102,-4.26311],[-80.66108,-4.26285],[-80.66112,-4.26267],[-80.66113,-4.26214],[-80.66113,-4.26204],[-80.661,-4.26149],[-80.66098,-4.26141],[-80.66054,-4.26072],[-80.66049,-4.26064],[-80.66039,-4.26041],[-80.66035,-4.26021],[-80.66031,-4.26002],[-80.66028,-4.25925],[-80.66024,-4.25845],[-80.66023,-4.25834],[-80.66019,-4.2581],[-80.66006,-4.25736],[-80.66018,-4.25629],[-80.66061,-4.25247],[-80.66129,-4.24633],[-80.66131,-4.24616],[-80.66546,-4.23943],[-80.66943,-4.23298],[-80.66914,-4.23309],[-80.66904,-4.23313],[-80.66873,-4.23325],[-80.6684,-4.23336],[-80.66817,-4.23343],[-80.66791,-4.23344],[-80.66774,-4.23345],[-80.66763,-4.23345],[-80.66751,-4.23346],[-80.66735,-4.23346],[-80.66726,-4.23346],[-80.66682,-4.23348],[-80.66487,-4.23357],[-80.66472,-4.23361],[-80.6646,-4.23364],[-80.66444,-4.23368],[-80.66415,-4.23375],[-80.66393,-4.23385],[-80.66379,-4.23391],[-80.6637,-4.23395],[-80.6635,-4.23405],[-80.66342,-4.23409],[-80.66329,-4.23415],[-80.66313,-4.23422],[-80.66307,-4.23425],[-80.66285,-4.2344],[-80.66276,-4.23445],[-80.66254,-4.2346],[-80.66225,-4.23472],[-80.66208,-4.23479],[-80.66185,-4.23489],[-80.66151,-4.23508],[-80.66122,-4.23525],[-80.66062,-4.23559],[-80.66032,-4.23575],[-80.66014,-4.23582],[-80.65975,-4.23586],[-80.65947,-4.23572],[-80.65912,-4.23545],[-80.65887,-4.23519],[-80.65878,-4.2351],[-80.65871,-4.23502],[-80.65865,-4.23496],[-80.65851,-4.23482],[-80.65837,-4.23468],[-80.65817,-4.23447],[-80.65797,-4.2343],[-80.65788,-4.23422],[-80.65754,-4.23393],[-80.65729,-4.23372],[-80.65701,-4.23337],[-80.65691,-4.23324],[-80.65686,-4.23318],[-80.65664,-4.23283],[-80.65656,-4.23271],[-80.65651,-4.23263],[-80.65647,-4.23256],[-80.65641,-4.23247],[-80.65636,-4.23239],[-80.65624,-4.23221],[-80.65597,-4.2319],[-80.65552,-4.23185],[-80.65521,-4.23189],[-80.65498,-4.23192],[-80.65472,-4.23188],[-80.65442,-4.23184],[-80.65384,-4.23143],[-80.6534,-4.23086],[-80.65275,-4.2304],[-80.6524,-4.23028],[-80.65221,-4.23022],[-80.6521,-4.2302],[-80.65154,-4.23007],[-80.6514,-4.23003],[-80.65039,-4.22916],[-80.64969,-4.22936],[-80.64967,-4.22963],[-80.64968,-4.22971],[-80.64938,-4.22957],[-80.64897,-4.22938],[-80.64889,-4.22934],[-80.64886,-4.22916],[-80.64871,-4.22926],[-80.64866,-4.22924],[-80.64838,-4.2293],[-80.64816,-4.22934],[-80.64794,-4.22943],[-80.64784,-4.22947],[-80.64774,-4.2295],[-80.64773,-4.22951],[-80.64699,-4.22897],[-80.64711,-4.22874],[-80.64784,-4.22847],[-80.64834,-4.22786],[-80.64806,-4.22782],[-80.6479,-4.22782],[-80.64776,-4.22777],[-80.64753,-4.2277],[-80.6474,-4.22768],[-80.64711,-4.22779],[-80.64684,-4.22834],[-80.64668,-4.22887],[-80.64631,-4.22903],[-80.64568,-4.2292],[-80.64568,-4.22921],[-80.64565,-4.22925],[-80.6456,-4.22933],[-80.6456,-4.22933],[-80.64547,-4.22941],[-80.64546,-4.22942],[-80.64538,-4.22946],[-80.64523,-4.22956],[-80.64476,-4.22948],[-80.64473,-4.22948],[-80.64473,-4.22948],[-80.64363,-4.22929],[-80.64334,-4.22924],[-80.64333,-4.22924],[-80.64306,-4.22926],[-80.64275,-4.22928],[-80.64256,-4.22929],[-80.6424,-4.22931],[-80.64239,-4.22932],[-80.64172,-4.22942],[-80.64166,-4.22943],[-80.64139,-4.22944],[-80.64093,-4.22946],[-80.64087,-4.22945],[-80.64082,-4.22943],[-80.64025,-4.22929],[-80.64018,-4.22926],[-80.63998,-4.22918],[-80.63924,-4.22887],[-80.63924,-4.22887],[-80.63868,-4.22864],[-80.6385,-4.22857],[-80.63817,-4.22843],[-80.6372,-4.22829],[-80.63682,-4.22831],[-80.63668,-4.22831],[-80.63663,-4.22832],[-80.63653,-4.22832],[-80.63632,-4.22838],[-80.63613,-4.2285],[-80.6361,-4.22855],[-80.63588,-4.22883],[-80.63588,-4.22883],[-80.63586,-4.22886],[-80.63583,-4.22896],[-80.63582,-4.22899],[-80.63582,-4.22899],[-80.63577,-4.22915],[-80.63569,-4.22944],[-80.63562,-4.22955],[-80.63552,-4.22971],[-80.6355,-4.22976],[-80.63544,-4.22985],[-80.63527,-4.22987],[-80.6351,-4.22982],[-80.63497,-4.22969],[-80.63493,-4.22957],[-80.63488,-4.22942],[-80.63482,-4.22924],[-80.63471,-4.22891],[-80.6347,-4.22889],[-80.6347,-4.22889],[-80.63468,-4.22886],[-80.63468,-4.22886],[-80.63455,-4.22862],[-80.63427,-4.22841],[-80.63409,-4.2284],[-80.63366,-4.22851],[-80.63355,-4.22851],[-80.63353,-4.22851],[-80.63352,-4.22851],[-80.63334,-4.2284],[-80.63317,-4.22822],[-80.63312,-4.22816],[-80.63307,-4.22811],[-80.63285,-4.22802],[-80.63276,-4.22803],[-80.63266,-4.22804],[-80.63258,-4.22808],[-80.63255,-4.22809],[-80.6321,-4.22832],[-80.63196,-4.22836],[-80.63121,-4.22857],[-80.63075,-4.22879],[-80.63069,-4.22882],[-80.63052,-4.2289],[-80.63022,-4.22914],[-80.6302,-4.22916],[-80.63017,-4.22918],[-80.62969,-4.22947],[-80.62957,-4.22954],[-80.62955,-4.22955],[-80.62953,-4.22955],[-80.62907,-4.22971],[-80.62816,-4.22981],[-80.628,-4.22981],[-80.62732,-4.2298],[-80.62689,-4.22979],[-80.62688,-4.22979],[-80.62671,-4.22979],[-80.62582,-4.22977],[-80.62514,-4.22993],[-80.62492,-4.22998],[-80.62447,-4.23017],[-80.62422,-4.23037],[-80.62409,-4.23053],[-80.62381,-4.2309],[-80.62372,-4.23101],[-80.62363,-4.23116],[-80.62363,-4.23117],[-80.62344,-4.23149],[-80.62338,-4.23157],[-80.62322,-4.23178],[-80.62298,-4.2319],[-80.62269,-4.23189],[-80.62241,-4.23175],[-80.62208,-4.23135],[-80.62175,-4.23057],[-80.62166,-4.23035],[-80.62137,-4.22997],[-80.62108,-4.22971],[-80.62105,-4.22968],[-80.62073,-4.22953],[-80.62058,-4.22948],[-80.61984,-4.22927],[-80.61974,-4.22922],[-80.6195,-4.22912],[-80.61925,-4.22889],[-80.61868,-4.22837],[-80.6183,-4.22818],[-80.6181,-4.22819],[-80.61797,-4.22819],[-80.61769,-4.22829],[-80.61765,-4.22831],[-80.61734,-4.22851],[-80.61713,-4.22865],[-80.61692,-4.22869],[-80.61674,-4.22863],[-80.61674,-4.22863],[-80.61649,-4.22846],[-80.61625,-4.22822],[-80.61586,-4.22783],[-80.61536,-4.2276],[-80.61519,-4.22757],[-80.61459,-4.22746],[-80.61422,-4.22732],[-80.61338,-4.22644],[-80.61317,-4.22627],[-80.61296,-4.22611],[-80.61182,-4.22572],[-80.61155,-4.22558],[-80.61133,-4.22539],[-80.6111,-4.22503],[-80.61097,-4.22458],[-80.61093,-4.22384],[-80.61089,-4.22368],[-80.61077,-4.22307],[-80.6108,-4.22285],[-80.61081,-4.22283],[-80.61093,-4.22252],[-80.61101,-4.22232],[-80.61103,-4.22202],[-80.61087,-4.22154],[-80.61078,-4.22127],[-80.61077,-4.22126],[-80.61013,-4.22052],[-80.60978,-4.22004],[-80.60966,-4.21965],[-80.60942,-4.21885],[-80.60922,-4.21844],[-80.60914,-4.21827],[-80.60908,-4.21816],[-80.60897,-4.21779],[-80.60893,-4.21765],[-80.60882,-4.21727],[-80.60873,-4.21707],[-80.60848,-4.2168],[-80.60831,-4.21661],[-80.60813,-4.21646],[-80.60736,-4.21615],[-80.60661,-4.21575],[-80.60641,-4.21569],[-80.60606,-4.21568],[-80.60602,-4.21569],[-80.60587,-4.21573],[-80.60578,-4.21576],[-80.60562,-4.21591],[-80.60512,-4.21637],[-80.60509,-4.2164],[-80.60483,-4.21657],[-80.60455,-4.21659],[-80.60439,-4.21647],[-80.60439,-4.21647],[-80.60435,-4.21599],[-80.60432,-4.21568],[-80.60425,-4.21551],[-80.60399,-4.21489],[-80.60395,-4.2148],[-80.60392,-4.21465],[-80.60397,-4.21429],[-80.60405,-4.21405],[-80.60418,-4.21369],[-80.60421,-4.21359],[-80.60427,-4.21343],[-80.60439,-4.21292],[-80.60441,-4.21274],[-80.60444,-4.21246],[-80.60451,-4.21182],[-80.60451,-4.21182],[-80.60457,-4.21126],[-80.60458,-4.21115],[-80.60454,-4.21089],[-80.60442,-4.21074],[-80.60432,-4.21074],[-80.60413,-4.21073],[-80.60379,-4.21092],[-80.60311,-4.21172],[-80.60298,-4.21191],[-80.60249,-4.21266],[-80.60245,-4.21272],[-80.60185,-4.21315],[-80.6017,-4.21315],[-80.60121,-4.21317],[-80.60045,-4.21292],[-80.59982,-4.21282],[-80.59975,-4.21281],[-80.5989,-4.21281],[-80.5982,-4.21312],[-80.59782,-4.21341],[-80.59688,-4.21413],[-80.59649,-4.21432],[-80.59636,-4.21432],[-80.59621,-4.21431],[-80.59593,-4.21425],[-80.59576,-4.21411],[-80.59561,-4.21399],[-80.59508,-4.21345],[-80.59485,-4.21331],[-80.59483,-4.21331],[-80.59473,-4.21328],[-80.59466,-4.21326],[-80.5946,-4.21327],[-80.59448,-4.2133],[-80.59438,-4.21332],[-80.5943,-4.21337],[-80.59361,-4.21377],[-80.59308,-4.214],[-80.59222,-4.2143],[-80.59154,-4.21443],[-80.59154,-4.21443],[-80.59097,-4.21454],[-80.59065,-4.21453],[-80.59016,-4.21441],[-80.59008,-4.21434],[-80.58982,-4.21412],[-80.58973,-4.21388],[-80.58972,-4.21335],[-80.58992,-4.21234],[-80.58993,-4.21175],[-80.58994,-4.21148],[-80.58982,-4.21107],[-80.58966,-4.21054],[-80.58963,-4.21003],[-80.58962,-4.20977],[-80.58974,-4.20911],[-80.58981,-4.20895],[-80.58994,-4.20864],[-80.59035,-4.2077],[-80.59048,-4.2074],[-80.59067,-4.20697],[-80.5907,-4.20668],[-80.59067,-4.20636],[-80.59041,-4.20581],[-80.59005,-4.20551],[-80.58965,-4.20517],[-80.58951,-4.20505],[-80.58931,-4.20479],[-80.58923,-4.20446],[-80.58926,-4.20437],[-80.58938,-4.20395],[-80.5894,-4.20366],[-80.5894,-4.20366],[-80.5893,-4.20337],[-80.58913,-4.20312],[-80.58873,-4.20298],[-80.58872,-4.20298],[-80.5885,-4.20299],[-80.58826,-4.203],[-80.58796,-4.20301],[-80.58752,-4.20295],[-80.5872,-4.2029],[-80.587,-4.20277],[-80.58696,-4.20275],[-80.58683,-4.20267],[-80.58681,-4.20265],[-80.58667,-4.20251],[-80.58662,-4.20225],[-80.58668,-4.20209],[-80.58669,-4.20205],[-80.58675,-4.20189],[-80.58687,-4.20154],[-80.58699,-4.20121],[-80.58702,-4.20114],[-80.58722,-4.20013],[-80.58723,-4.19985],[-80.58723,-4.19984],[-80.58723,-4.19951],[-80.58695,-4.19895],[-80.58676,-4.19876],[-80.5867,-4.19874],[-80.58669,-4.19874],[-80.58651,-4.19867],[-80.58616,-4.19856],[-80.58547,-4.19849],[-80.58547,-4.19849],[-80.58525,-4.19846],[-80.58474,-4.19825],[-80.58454,-4.19804],[-80.5845,-4.19801],[-80.5845,-4.198],[-80.5839,-4.19739],[-80.58361,-4.19719],[-80.58253,-4.19642],[-80.58225,-4.19622],[-80.58189,-4.19587],[-80.58157,-4.19549],[-80.58135,-4.19521],[-80.58104,-4.19484],[-80.58096,-4.19474],[-80.58084,-4.19466],[-80.58049,-4.19441],[-80.58007,-4.19436],[-80.57973,-4.19448],[-80.57965,-4.19457],[-80.57937,-4.19488],[-80.5793,-4.19497],[-80.57889,-4.19557],[-80.57888,-4.19557],[-80.57883,-4.19565],[-80.5788,-4.19567],[-80.57831,-4.19596],[-80.57811,-4.19601],[-80.57796,-4.19605],[-80.5779,-4.19606],[-80.57768,-4.19604],[-80.57734,-4.19586],[-80.57698,-4.19548],[-80.57688,-4.19528],[-80.57662,-4.19479],[-80.5766,-4.19464],[-80.57659,-4.1946],[-80.57663,-4.19443],[-80.5767,-4.19434],[-80.5768,-4.19432],[-80.57711,-4.19434],[-80.57733,-4.19436],[-80.57758,-4.19431],[-80.57765,-4.19427],[-80.5777,-4.19424],[-80.57776,-4.19409],[-80.57776,-4.19409],[-80.57776,-4.19409],[-80.57771,-4.19378],[-80.57767,-4.19372],[-80.57767,-4.19371],[-80.57727,-4.19312],[-80.57721,-4.19297],[-80.57719,-4.19283],[-80.57716,-4.19251],[-80.57715,-4.19244],[-80.57721,-4.19204],[-80.57723,-4.19192],[-80.57724,-4.19192],[-80.57726,-4.19177],[-80.57716,-4.19128],[-80.57706,-4.1911],[-80.57697,-4.19095],[-80.5769,-4.1909],[-80.5769,-4.1909],[-80.5767,-4.19075],[-80.57662,-4.1907],[-80.57648,-4.19063],[-80.57616,-4.19046],[-80.57585,-4.19035],[-80.57511,-4.19009],[-80.57503,-4.19006],[-80.57459,-4.18979],[-80.57436,-4.18956],[-80.57412,-4.18932],[-80.57401,-4.18918],[-80.57387,-4.18899],[-80.57365,-4.18855],[-80.57349,-4.1881],[-80.57344,-4.18748],[-80.57351,-4.18705],[-80.57362,-4.18665],[-80.57364,-4.18658],[-80.57377,-4.18616],[-80.57382,-4.18583],[-80.57381,-4.18547],[-80.57374,-4.18523],[-80.57328,-4.18448],[-80.57318,-4.18409],[-80.57319,-4.18395],[-80.57319,-4.18383],[-80.5732,-4.18366],[-80.57329,-4.18355],[-80.57393,-4.18332],[-80.57398,-4.18329],[-80.57398,-4.18329],[-80.57409,-4.18321],[-80.57419,-4.18306],[-80.5742,-4.183],[-80.57422,-4.18287],[-80.57424,-4.18275],[-80.57409,-4.1824],[-80.5738,-4.18213],[-80.57245,-4.18117],[-80.5721,-4.18106],[-80.57188,-4.18099],[-80.57134,-4.18082],[-80.57052,-4.18067],[-80.57002,-4.18058],[-80.56932,-4.18028],[-80.56925,-4.18025],[-80.56924,-4.18025],[-80.5678,-4.17963],[-80.56771,-4.17954],[-80.5677,-4.17952],[-80.56759,-4.1794],[-80.56747,-4.17916],[-80.56747,-4.17916],[-80.56725,-4.17869],[-80.56703,-4.17849],[-80.56667,-4.17831],[-80.56638,-4.17816],[-80.56615,-4.17813],[-80.56603,-4.17817],[-80.56589,-4.17821],[-80.56564,-4.17835],[-80.5656,-4.17837],[-80.5656,-4.17838],[-80.56554,-4.17841],[-80.56543,-4.17842],[-80.56543,-4.17842],[-80.56536,-4.17842],[-80.56518,-4.17836],[-80.56517,-4.17835],[-80.565,-4.17816],[-80.56499,-4.17812],[-80.56499,-4.17812],[-80.5649,-4.17763],[-80.56484,-4.17744],[-80.56476,-4.17735],[-80.56468,-4.17727],[-80.56452,-4.17717],[-80.5643,-4.17712],[-80.56419,-4.1771],[-80.56381,-4.1772],[-80.56367,-4.17724],[-80.56363,-4.17724],[-80.56344,-4.17724],[-80.56324,-4.17711],[-80.56322,-4.1771],[-80.56288,-4.17688],[-80.56288,-4.17688],[-80.56288,-4.17688],[-80.56288,-4.17688],[-80.56274,-4.17687],[-80.56175,-4.1768],[-80.5614,-4.17669],[-80.56126,-4.17658],[-80.56118,-4.17634],[-80.56133,-4.17584],[-80.56133,-4.17581],[-80.56134,-4.17556],[-80.56134,-4.17547],[-80.56121,-4.17527],[-80.56117,-4.17521],[-80.56084,-4.17472],[-80.56083,-4.1747],[-80.56078,-4.1744],[-80.56076,-4.17425],[-80.56076,-4.17424],[-80.56077,-4.17419],[-80.56084,-4.17386],[-80.56125,-4.17293],[-80.56201,-4.17206],[-80.56222,-4.17169],[-80.56222,-4.17046],[-80.56248,-4.16913],[-80.56246,-4.16826],[-80.56244,-4.16809],[-80.56244,-4.16809],[-80.56238,-4.16762],[-80.56214,-4.16723],[-80.56191,-4.16708],[-80.5618,-4.16705],[-80.56175,-4.16704],[-80.56158,-4.167],[-80.56091,-4.16698],[-80.56086,-4.16698],[-80.56025,-4.16714],[-80.55958,-4.16742],[-80.55946,-4.16747],[-80.55886,-4.16779],[-80.55831,-4.16807],[-80.55831,-4.16807],[-80.55822,-4.16812],[-80.55789,-4.1682],[-80.55767,-4.1682],[-80.55757,-4.16814],[-80.55727,-4.16797],[-80.55703,-4.16764],[-80.557,-4.16754],[-80.55695,-4.16738],[-80.55691,-4.16726],[-80.55683,-4.167],[-80.55674,-4.1665],[-80.55677,-4.16622],[-80.55681,-4.16591],[-80.55699,-4.16562],[-80.55712,-4.16551],[-80.55712,-4.16551],[-80.55796,-4.16507],[-80.55839,-4.16464],[-80.55856,-4.16448],[-80.55876,-4.16417],[-80.55889,-4.16397],[-80.55896,-4.16357],[-80.55898,-4.1625],[-80.55906,-4.16155],[-80.55906,-4.16155],[-80.55907,-4.16147],[-80.55906,-4.16126],[-80.55898,-4.16108],[-80.5588,-4.16087],[-80.5582,-4.16032],[-80.55815,-4.16028],[-80.55777,-4.15992],[-80.55695,-4.15933],[-80.55663,-4.15924],[-80.55641,-4.15923],[-80.55625,-4.15922],[-80.55505,-4.15938],[-80.55486,-4.15941],[-80.5545,-4.15946],[-80.55444,-4.15947],[-80.55368,-4.15946],[-80.55333,-4.15935],[-80.55303,-4.15916],[-80.55222,-4.1584],[-80.55207,-4.15808],[-80.55198,-4.1579],[-80.55196,-4.15759],[-80.55195,-4.15748],[-80.55195,-4.15744],[-80.55209,-4.15651],[-80.55222,-4.15614],[-80.55232,-4.15586],[-80.55242,-4.15557],[-80.55247,-4.15537],[-80.55256,-4.15497],[-80.55257,-4.15437],[-80.55257,-4.15437],[-80.55257,-4.15431],[-80.55241,-4.15389],[-80.55237,-4.15378],[-80.55216,-4.1535],[-80.55169,-4.15312],[-80.55131,-4.15295],[-80.55124,-4.15292],[-80.55112,-4.15287],[-80.55093,-4.15279],[-80.55082,-4.15276],[-80.55075,-4.15275],[-80.5505,-4.15269],[-80.55047,-4.15269],[-80.55036,-4.15266],[-80.55036,-4.15266],[-80.54992,-4.15257],[-80.54989,-4.15256],[-80.54967,-4.15251],[-80.54937,-4.15237],[-80.54906,-4.15213],[-80.54904,-4.1521],[-80.54866,-4.15159],[-80.54776,-4.15011],[-80.54769,-4.14976],[-80.54763,-4.14946],[-80.54762,-4.1494],[-80.54759,-4.14924],[-80.54763,-4.14879],[-80.54768,-4.14823],[-80.54759,-4.14786],[-80.54744,-4.14751],[-80.54697,-4.14709],[-80.54682,-4.14702],[-80.54614,-4.14673],[-80.54605,-4.14669],[-80.54582,-4.14654],[-80.54556,-4.14621],[-80.54549,-4.1459],[-80.54552,-4.1457],[-80.54557,-4.14525],[-80.54564,-4.1451],[-80.54571,-4.14501],[-80.54579,-4.14491],[-80.54581,-4.14489],[-80.54609,-4.14453],[-80.54615,-4.14416],[-80.54615,-4.14403],[-80.54617,-4.14345],[-80.54622,-4.14307],[-80.54622,-4.14307],[-80.54624,-4.14292],[-80.54618,-4.14256],[-80.54605,-4.1421],[-80.54572,-4.14155],[-80.54531,-4.14121],[-80.54459,-4.14091],[-80.54458,-4.14091],[-80.54377,-4.1409],[-80.5437,-4.14092],[-80.54293,-4.14112],[-80.54284,-4.14114],[-80.54246,-4.14124],[-80.54246,-4.14124],[-80.54227,-4.14129],[-80.54166,-4.14139],[-80.54135,-4.14137],[-80.54109,-4.14128],[-80.54062,-4.14086],[-80.54047,-4.14048],[-80.5405,-4.14028],[-80.54057,-4.13988],[-80.5406,-4.13971],[-80.54065,-4.1394],[-80.54064,-4.13901],[-80.54054,-4.13865],[-80.54021,-4.13806],[-80.54003,-4.13789],[-80.53905,-4.137],[-80.53885,-4.13666],[-80.53876,-4.1365],[-80.53858,-4.13598],[-80.53857,-4.13584],[-80.53857,-4.13565],[-80.53856,-4.13555],[-80.53866,-4.13523],[-80.53866,-4.13523],[-80.53866,-4.13521],[-80.53868,-4.13518],[-80.53872,-4.13511],[-80.53883,-4.1349],[-80.53889,-4.1348],[-80.53934,-4.13399],[-80.53934,-4.1339],[-80.53935,-4.13371],[-80.53922,-4.13315],[-80.53894,-4.13267],[-80.53792,-4.13162],[-80.53775,-4.13144],[-80.53766,-4.13133],[-80.53766,-4.13133],[-80.53761,-4.13127],[-80.53675,-4.13033],[-80.53555,-4.12854],[-80.53542,-4.12825],[-80.53478,-4.12675],[-80.53474,-4.12668],[-80.53474,-4.12666],[-80.53436,-4.12591],[-80.53435,-4.1259],[-80.53419,-4.12557],[-80.53362,-4.12398],[-80.53344,-4.12276],[-80.53344,-4.12275],[-80.53343,-4.12268],[-80.53299,-4.1217],[-80.53243,-4.12111],[-80.53195,-4.12077],[-80.53185,-4.1207],[-80.5314,-4.12053],[-80.53098,-4.12046],[-80.53053,-4.12045],[-80.53053,-4.12045],[-80.53028,-4.12045],[-80.52978,-4.12053],[-80.52956,-4.12056],[-80.52942,-4.12058],[-80.52887,-4.12086],[-80.52861,-4.12104],[-80.52816,-4.12136],[-80.52813,-4.12137],[-80.52762,-4.12157],[-80.52723,-4.12157],[-80.52693,-4.12139],[-80.52675,-4.12118],[-80.52664,-4.12097],[-80.52654,-4.12078],[-80.52642,-4.12036],[-80.52637,-4.11843],[-80.52648,-4.1176],[-80.52662,-4.11658],[-80.52664,-4.11644],[-80.52673,-4.1161],[-80.52687,-4.11574],[-80.52688,-4.11571],[-80.52688,-4.11571],[-80.52701,-4.11537],[-80.52709,-4.11504],[-80.527,-4.11453],[-80.5269,-4.11396],[-80.52664,-4.11326],[-80.52657,-4.11307],[-80.52639,-4.11278],[-80.52598,-4.11209],[-80.52583,-4.11171],[-80.52583,-4.11171],[-80.52571,-4.11141],[-80.52571,-4.11141],[-80.52571,-4.1114],[-80.52554,-4.11099],[-80.5254,-4.11037],[-80.52533,-4.11008],[-80.52532,-4.11008],[-80.52519,-4.10956],[-80.52503,-4.10898],[-80.52435,-4.10741],[-80.52363,-4.10649],[-80.52355,-4.10639],[-80.52339,-4.10607],[-80.52333,-4.10593],[-80.52316,-4.1056],[-80.52277,-4.10486],[-80.52205,-4.1042],[-80.52176,-4.10403],[-80.52146,-4.10385],[-80.52146,-4.10385],[-80.52139,-4.10381],[-80.52009,-4.10294],[-80.51967,-4.10256],[-80.51956,-4.10238],[-80.51928,-4.10189],[-80.51903,-4.10099],[-80.51873,-4.10015],[-80.51832,-4.09943],[-80.51828,-4.09936],[-80.51807,-4.09899],[-80.51806,-4.09897],[-80.51734,-4.09816],[-80.5172,-4.09804],[-80.5168,-4.0978],[-80.5167,-4.09775],[-80.51651,-4.09766],[-80.51623,-4.09762],[-80.51619,-4.09762],[-80.51595,-4.09765],[-80.5158,-4.09775],[-80.51543,-4.09801],[-80.51538,-4.09804],[-80.5153,-4.09808],[-80.5153,-4.09808],[-80.51522,-4.09811],[-80.51503,-4.09819],[-80.51475,-4.09823],[-80.51445,-4.09821],[-80.51424,-4.09814],[-80.51384,-4.0979],[-80.51364,-4.09768],[-80.51353,-4.09755],[-80.51311,-4.09676],[-80.51277,-4.09614],[-80.51204,-4.09477],[-80.51176,-4.09442],[-80.51176,-4.09442],[-80.51175,-4.09441],[-80.51171,-4.09436],[-80.51132,-4.09385],[-80.51094,-4.09358],[-80.51046,-4.09335],[-80.51025,-4.09325],[-80.50959,-4.09301],[-80.50941,-4.09294],[-80.50881,-4.09284],[-80.50881,-4.09284],[-80.50865,-4.09282],[-80.50853,-4.0928],[-80.50853,-4.0928],[-80.50851,-4.0928],[-80.50794,-4.0926],[-80.50754,-4.0923],[-80.50704,-4.09193],[-80.50704,-4.09192],[-80.50675,-4.09171],[-80.50674,-4.0917],[-80.50653,-4.09154],[-80.50596,-4.09118],[-80.50547,-4.09087],[-80.50484,-4.09068],[-80.50424,-4.09056],[-80.50364,-4.09058],[-80.50317,-4.09069],[-80.50241,-4.09087],[-80.50222,-4.09096],[-80.50165,-4.0912],[-80.50165,-4.0912],[-80.50165,-4.0912],[-80.50158,-4.09123],[-80.50158,-4.09123],[-80.50072,-4.09151],[-80.50023,-4.09146],[-80.49995,-4.09118],[-80.49969,-4.09056],[-80.49969,-4.09056],[-80.49964,-4.09045],[-80.49963,-4.09041],[-80.49937,-4.08925],[-80.49926,-4.08876],[-80.49921,-4.08855],[-80.49921,-4.08854],[-80.49908,-4.08801],[-80.49893,-4.08787],[-80.49899,-4.08833],[-80.49929,-4.0895],[-80.49964,-4.09114]]]}},{"type":"Feature","properties":{"Name":"Area de Conservacion Regional Salitral-Huarmaca","description":"<div style='font-family:sans-serif;'><h4>ZEE PIURA - Area de Conservacion Regional Salitral-Huarmaca</h4><table border='1' cellpadding='4' style='border-collapse:collapse;font-size:12px;'><tr><td><b>OBJECTID:</b></td><td>2</td></tr><tr><td><b>ZEECODE:</b></td><td>87</td></tr><tr><td><b>ZEE:</b></td><td>Area de Conservacion Regional Salitral-Huarmaca</td></tr><tr><td><b>ZEE_ZONAS:</b></td><td>Area de Conservacion Regional Salitral-Huarmaca</td></tr><tr><td><b>ZEE_GRANDE:</b></td><td>Areas de Conservacion y Proteccion Ecologica</td></tr><tr><td><b>AREA:</b></td><td>290040124.649</td></tr><tr><td><b>PERIMETER:</b></td><td>145569.932</td></tr><tr><td><b>HECTARES:</b></td><td>29004.012</td></tr></table></div>"},"geometry":{"type":"Polygon","coordinates":[[[-79.71017,-5.64142],[-79.70896,-5.64193],[-79.70751,-5.64254],[-79.70738,-5.64236],[-79.70693,-5.64252],[-79.70675,-5.64259],[-79.70406,-5.64261],[-79.70259,-5.64262],[-79.70069,-5.64239],[-79.69921,-5.64222],[-79.69777,-5.64233],[-79.6966,-5.64278],[-79.69586,-5.64304],[-79.69583,-5.64305],[-79.69566,-5.64382],[-79.69568,-5.64462],[-79.6957,-5.64498],[-79.6957,-5.64507],[-79.695,-5.64583],[-79.69368,-5.64583],[-79.6921,-5.6461],[-79.69142,-5.64622],[-79.69084,-5.6464],[-79.69006,-5.64591],[-79.69007,-5.64521],[-79.69097,-5.64501],[-79.69125,-5.64445],[-79.69104,-5.64423],[-79.6901,-5.64339],[-79.68961,-5.64678],[-79.6893,-5.64688],[-79.68757,-5.64727],[-79.68753,-5.64728],[-79.68492,-5.6474],[-79.68253,-5.64766],[-79.67974,-5.64744],[-79.67816,-5.64746],[-79.67799,-5.64746],[-79.67629,-5.64791],[-79.6755,-5.64844],[-79.6743,-5.64977],[-79.67363,-5.6507],[-79.67324,-5.65207],[-79.67218,-5.65328],[-79.67111,-5.65428],[-79.67031,-5.65521],[-79.66885,-5.6554],[-79.66884,-5.65542],[-79.66881,-5.65545],[-79.66869,-5.6555],[-79.66842,-5.6556],[-79.66817,-5.6556],[-79.66798,-5.65566],[-79.66717,-5.6561],[-79.66673,-5.65634],[-79.6666,-5.65641],[-79.66647,-5.6565],[-79.66541,-5.65742],[-79.66462,-5.65789],[-79.6638,-5.65878],[-79.66344,-5.65954],[-79.66343,-5.65958],[-79.66333,-5.66002],[-79.6632,-5.66054],[-79.66288,-5.66092],[-79.66279,-5.66091],[-79.66275,-5.661],[-79.66273,-5.66104],[-79.66392,-5.66171],[-79.66651,-5.66258],[-79.66669,-5.66264],[-79.66708,-5.66277],[-79.66711,-5.66278],[-79.66923,-5.66345],[-79.67082,-5.66398],[-79.67334,-5.66478],[-79.67506,-5.66545],[-79.67639,-5.66585],[-79.67811,-5.66639],[-79.68008,-5.66598],[-79.68033,-5.66605],[-79.68065,-5.66613],[-79.68169,-5.6664],[-79.68288,-5.66653],[-79.68397,-5.66686],[-79.6844,-5.66664],[-79.68441,-5.66664],[-79.68444,-5.66669],[-79.68487,-5.66712],[-79.68542,-5.6672],[-79.68593,-5.66712],[-79.68648,-5.66736],[-79.68661,-5.66742],[-79.68674,-5.66793],[-79.68737,-5.66798],[-79.68801,-5.6681],[-79.68822,-5.66849],[-79.68878,-5.66909],[-79.68924,-5.66904],[-79.68941,-5.66879],[-79.68992,-5.66883],[-79.69039,-5.66896],[-79.69053,-5.66904],[-79.68964,-5.67032],[-79.68986,-5.672],[-79.68983,-5.67202],[-79.68901,-5.67207],[-79.68828,-5.67226],[-79.68802,-5.67262],[-79.68919,-5.67279],[-79.68928,-5.6728],[-79.68958,-5.67295],[-79.68997,-5.6732],[-79.68894,-5.67374],[-79.6885,-5.67407],[-79.68775,-5.6742],[-79.6871,-5.67423],[-79.68685,-5.6743],[-79.6864,-5.67494],[-79.68641,-5.67517],[-79.68642,-5.67523],[-79.68654,-5.67571],[-79.68703,-5.67669],[-79.68716,-5.67708],[-79.68713,-5.67738],[-79.68689,-5.67818],[-79.68686,-5.67849],[-79.6868,-5.67896],[-79.68697,-5.68041],[-79.68676,-5.68186],[-79.68679,-5.68348],[-79.68687,-5.68398],[-79.68698,-5.68463],[-79.68727,-5.68566],[-79.68729,-5.68574],[-79.68745,-5.68611],[-79.68749,-5.68649],[-79.687,-5.68754],[-79.68678,-5.68926],[-79.68635,-5.69011],[-79.68608,-5.69094],[-79.68578,-5.69149],[-79.68553,-5.69198],[-79.6855,-5.69202],[-79.68463,-5.69301],[-79.6844,-5.69482],[-79.68439,-5.69598],[-79.68435,-5.69672],[-79.68435,-5.69701],[-79.68435,-5.69705],[-79.68438,-5.69704],[-79.68534,-5.6966],[-79.6859,-5.6966],[-79.68638,-5.6966],[-79.68747,-5.6968],[-79.68818,-5.697],[-79.6887,-5.69706],[-79.68999,-5.69706],[-79.69043,-5.69676],[-79.69064,-5.69667],[-79.69171,-5.69617],[-79.69271,-5.69538],[-79.69345,-5.69556],[-79.69377,-5.69579],[-79.69394,-5.6959],[-79.69405,-5.69598],[-79.69444,-5.69632],[-79.69463,-5.69649],[-79.69515,-5.69682],[-79.6956,-5.69713],[-79.69615,-5.69754],[-79.69654,-5.69774],[-79.69686,-5.69791],[-79.69716,-5.69779],[-79.69801,-5.69748],[-79.69844,-5.69739],[-79.69863,-5.6978],[-79.69891,-5.6985],[-79.69961,-5.69878],[-79.69998,-5.69909],[-79.70059,-5.70001],[-79.70101,-5.7007],[-79.70172,-5.70118],[-79.70256,-5.70192],[-79.70319,-5.70263],[-79.70369,-5.70328],[-79.70449,-5.70365],[-79.70463,-5.70378],[-79.70454,-5.70402],[-79.70391,-5.70459],[-79.7036,-5.70528],[-79.7034,-5.70657],[-79.70327,-5.70735],[-79.70301,-5.70799],[-79.7025,-5.70883],[-79.7023,-5.70967],[-79.70198,-5.7107],[-79.70172,-5.71109],[-79.7012,-5.71167],[-79.70068,-5.71251],[-79.70049,-5.71315],[-79.70049,-5.71367],[-79.70119,-5.71477],[-79.70177,-5.71548],[-79.70203,-5.71593],[-79.70228,-5.71716],[-79.70241,-5.71858],[-79.70268,-5.71973],[-79.70273,-5.71994],[-79.70298,-5.72123],[-79.70311,-5.72214],[-79.70375,-5.7251],[-79.70407,-5.72613],[-79.70452,-5.72704],[-79.70496,-5.72763],[-79.7051,-5.72781],[-79.70561,-5.72853],[-79.70593,-5.72937],[-79.70644,-5.73111],[-79.70689,-5.73189],[-79.70767,-5.73226],[-79.70879,-5.7323],[-79.70919,-5.73267],[-79.70954,-5.73369],[-79.71012,-5.73434],[-79.71115,-5.73537],[-79.71179,-5.73583],[-79.7125,-5.73673],[-79.71321,-5.73699],[-79.71405,-5.73725],[-79.71446,-5.73743],[-79.7263,-5.72552],[-79.72697,-5.72485],[-79.72926,-5.72254],[-79.72985,-5.72195],[-79.73056,-5.72123],[-79.73127,-5.72052],[-79.73252,-5.71926],[-79.73302,-5.71876],[-79.73396,-5.71781],[-79.73478,-5.71699],[-79.73751,-5.71424],[-79.73772,-5.71403],[-79.73896,-5.71278],[-79.73852,-5.71199],[-79.73913,-5.71088],[-79.73812,-5.71037],[-79.73681,-5.71055],[-79.73651,-5.7094],[-79.73661,-5.70916],[-79.73823,-5.70886],[-79.73953,-5.71017],[-79.74024,-5.71098],[-79.74034,-5.7114],[-79.74167,-5.71006],[-79.73637,-5.70743],[-79.73336,-5.70593],[-79.73128,-5.7049],[-79.73049,-5.70451],[-79.73001,-5.70427],[-79.72856,-5.70355],[-79.71964,-5.69911],[-79.70992,-5.69428],[-79.70818,-5.69428],[-79.70716,-5.69427],[-79.7048,-5.69383],[-79.70507,-5.69337],[-79.70551,-5.69284],[-79.70609,-5.69239],[-79.70628,-5.69211],[-79.70661,-5.69143],[-79.70694,-5.69098],[-79.70794,-5.68913],[-79.708,-5.68905],[-79.70841,-5.6885],[-79.70859,-5.68807],[-79.70878,-5.68729],[-79.70897,-5.68697],[-79.70937,-5.68666],[-79.71039,-5.68586],[-79.71086,-5.6853],[-79.71167,-5.68409],[-79.71178,-5.68392],[-79.7124,-5.68323],[-79.71266,-5.68293],[-79.71307,-5.68259],[-79.71379,-5.6821],[-79.71464,-5.68166],[-79.71521,-5.68126],[-79.71667,-5.67999],[-79.71723,-5.67917],[-79.71773,-5.67871],[-79.71829,-5.67829],[-79.71869,-5.6781],[-79.71881,-5.67804],[-79.71914,-5.67789],[-79.71872,-5.67788],[-79.71848,-5.67787],[-79.71755,-5.67747],[-79.71734,-5.67731],[-79.71733,-5.67728],[-79.71708,-5.67693],[-79.7168,-5.67629],[-79.71625,-5.67537],[-79.71577,-5.67494],[-79.71495,-5.67441],[-79.71311,-5.67365],[-79.71158,-5.67345],[-79.71107,-5.67338],[-79.71006,-5.67325],[-79.70888,-5.6729],[-79.70817,-5.67263],[-79.70802,-5.67241],[-79.70801,-5.6724],[-79.70766,-5.67191],[-79.70704,-5.67103],[-79.70689,-5.67093],[-79.70668,-5.66993],[-79.7066,-5.66925],[-79.7065,-5.6683],[-79.70592,-5.6662],[-79.70591,-5.66616],[-79.70561,-5.66377],[-79.70552,-5.66361],[-79.70523,-5.66338],[-79.70487,-5.66298],[-79.70459,-5.66257],[-79.70447,-5.66239],[-79.7044,-5.66214],[-79.70456,-5.66175],[-79.70462,-5.66109],[-79.70482,-5.66066],[-79.70503,-5.66037],[-79.70543,-5.65997],[-79.71174,-5.65886],[-79.71196,-5.65882],[-79.71664,-5.658],[-79.71718,-5.65816],[-79.71917,-5.65852],[-79.72183,-5.65994],[-79.72316,-5.66016],[-79.72384,-5.66077],[-79.72393,-5.66087],[-79.72524,-5.66231],[-79.72652,-5.66341],[-79.72682,-5.66343],[-79.72762,-5.66348],[-79.72765,-5.66341],[-79.73007,-5.66336],[-79.73161,-5.6648],[-79.73251,-5.66482],[-79.7342,-5.65937],[-79.73469,-5.6578],[-79.73589,-5.65394],[-79.73645,-5.65214],[-79.73581,-5.6512],[-79.73574,-5.65093],[-79.73563,-5.65045],[-79.73531,-5.64916],[-79.73522,-5.64772],[-79.73521,-5.6477],[-79.73076,-5.64581],[-79.73311,-5.64442],[-79.73092,-5.64224],[-79.73051,-5.64184],[-79.72927,-5.64202],[-79.72927,-5.64211],[-79.72924,-5.64214],[-79.72845,-5.64215],[-79.72706,-5.6425],[-79.7242,-5.64137],[-79.72401,-5.6413],[-79.72387,-5.64134],[-79.72245,-5.64176],[-79.72056,-5.64169],[-79.72014,-5.64156],[-79.71953,-5.64137],[-79.71884,-5.64115],[-79.71804,-5.64048],[-79.71794,-5.64041],[-79.71688,-5.63963],[-79.71673,-5.63951],[-79.71592,-5.63889],[-79.7154,-5.63845],[-79.71518,-5.63826],[-79.71513,-5.63822],[-79.71467,-5.63888],[-79.71393,-5.63994],[-79.71322,-5.64025],[-79.71311,-5.64033],[-79.71056,-5.64124],[-79.71017,-5.64142]]]}},{"type":"Feature","properties":{"Name":"Zona de Bosque Humedo","description":"<div style='font-family:sans-serif;'><h4>ZEE PIURA - Zona de Bosque Humedo</h4><table border='1' cellpadding='4' style='border-collapse:collapse;font-size:12px;'><tr><td><b>OBJECTID:</b></td><td>3</td></tr><tr><td><b>ZEECODE:</b></td><td>91</td></tr><tr><td><b>ZEE:</b></td><td>Zona de Bosque Humedo</td></tr><tr><td><b>ZEE_ZONAS:</b></td><td>Zona de Bosque Humedo</td></tr><tr><td><b>ZEE_GRANDE:</b></td><td>Areas de Conservacion y Proteccion Ecologica</td></tr><tr><td><b>AREA:</b></td><td>453252639.378</td></tr><tr><td><b>PERIMETER:</b></td><td>2689026.258</td></tr><tr><td><b>HECTARES:</b></td><td>45325.264</td></tr></table></div>"},"geometry":{"type":"Polygon","coordinates":[[[-79.49017,-5.86717],[-79.49017,-5.86782],[-79.49071,-5.86831],[-79.49136,-5.86804],[-79.49196,-5.86794],[-79.4925,-5.86821],[-79.4932,-5.86892],[-79.4932,-5.86892],[-79.49309,-5.86968],[-79.49223,-5.86995],[-79.49217,-5.8706],[-79.49147,-5.87065],[-79.49146,-5.87065],[-79.49076,-5.87],[-79.49044,-5.86945],[-79.49001,-5.86896],[-79.4899,-5.86945],[-79.48979,-5.87016],[-79.49044,-5.87037],[-79.49076,-5.87081],[-79.49016,-5.8713],[-79.49011,-5.87184],[-79.49081,-5.87217],[-79.48999,-5.87325],[-79.48945,-5.87319],[-79.48945,-5.87276],[-79.48875,-5.87211],[-79.48815,-5.87238],[-79.48772,-5.8721],[-79.48745,-5.87178],[-79.48702,-5.8714],[-79.48682,-5.87137],[-79.48626,-5.87129],[-79.48572,-5.87139],[-79.48528,-5.87123],[-79.48534,-5.87085],[-79.48577,-5.87069],[-79.48626,-5.87085],[-79.48669,-5.87069],[-79.48648,-5.86998],[-79.48626,-5.86933],[-79.4854,-5.86895],[-79.48524,-5.8683],[-79.4847,-5.86813],[-79.4842,-5.86927],[-79.4842,-5.86965],[-79.48469,-5.87003],[-79.48453,-5.87052],[-79.48393,-5.87047],[-79.4829,-5.87182],[-79.48322,-5.87215],[-79.48349,-5.87231],[-79.48311,-5.87274],[-79.48251,-5.87296],[-79.48229,-5.87313],[-79.48222,-5.87372],[-79.48229,-5.87394],[-79.48256,-5.87425],[-79.48259,-5.87425],[-79.48293,-5.87416],[-79.48308,-5.87401],[-79.48289,-5.87377],[-79.48273,-5.87334],[-79.4836,-5.87296],[-79.4855,-5.87248],[-79.48642,-5.87252],[-79.48685,-5.87254],[-79.48848,-5.87303],[-79.48956,-5.8739],[-79.48956,-5.87428],[-79.4895,-5.87488],[-79.48939,-5.8752],[-79.48945,-5.87558],[-79.48975,-5.876],[-79.4894,-5.87675],[-79.48906,-5.87683],[-79.48803,-5.87623],[-79.4877,-5.87576],[-79.4876,-5.87563],[-79.48711,-5.87579],[-79.48689,-5.87615],[-79.48685,-5.87628],[-79.48668,-5.87684],[-79.48676,-5.87696],[-79.48713,-5.8775],[-79.48769,-5.87795],[-79.48814,-5.87835],[-79.48793,-5.8788],[-79.48757,-5.8786],[-79.48725,-5.87819],[-79.48688,-5.87802],[-79.48647,-5.87859],[-79.48602,-5.87863],[-79.4857,-5.87802],[-79.48557,-5.87774],[-79.48542,-5.87741],[-79.48493,-5.87745],[-79.48479,-5.87763],[-79.48445,-5.87806],[-79.48444,-5.87806],[-79.48396,-5.87866],[-79.48344,-5.87949],[-79.48344,-5.87955],[-79.48339,-5.87998],[-79.48338,-5.88003],[-79.48369,-5.88029],[-79.48407,-5.88029],[-79.48423,-5.88056],[-79.48434,-5.88073],[-79.48442,-5.88106],[-79.4847,-5.88164],[-79.48521,-5.88215],[-79.48593,-5.88208],[-79.48629,-5.88193],[-79.48694,-5.88201],[-79.4873,-5.88302],[-79.48708,-5.8836],[-79.48708,-5.88404],[-79.48737,-5.8844],[-79.48722,-5.88498],[-79.48686,-5.88498],[-79.48629,-5.88461],[-79.48622,-5.88403],[-79.48607,-5.88338],[-79.48427,-5.88251],[-79.48362,-5.88265],[-79.4839,-5.88381],[-79.48419,-5.88424],[-79.48477,-5.8841],[-79.48528,-5.8841],[-79.48571,-5.88432],[-79.48571,-5.8849],[-79.48542,-5.88533],[-79.48542,-5.88577],[-79.48556,-5.88635],[-79.48599,-5.88714],[-79.48636,-5.88752],[-79.48673,-5.8876],[-79.48762,-5.88742],[-79.48824,-5.88744],[-79.48746,-5.88658],[-79.48802,-5.88503],[-79.4879,-5.88497],[-79.48779,-5.88464],[-79.48801,-5.88421],[-79.48796,-5.8834],[-79.48742,-5.88247],[-79.48759,-5.88209],[-79.48829,-5.88095],[-79.48894,-5.88096],[-79.489,-5.88096],[-79.49089,-5.88145],[-79.49122,-5.88161],[-79.49181,-5.88167],[-79.49312,-5.88167],[-79.49355,-5.88156],[-79.49377,-5.88135],[-79.49382,-5.88102],[-79.49371,-5.88081],[-79.49289,-5.88068],[-79.49175,-5.88038],[-79.491,-5.88015],[-79.49055,-5.87977],[-79.49014,-5.8795],[-79.48987,-5.87931],[-79.48904,-5.87923],[-79.48851,-5.87878],[-79.48857,-5.87856],[-79.48886,-5.87792],[-79.49009,-5.87776],[-79.49047,-5.87787],[-79.49123,-5.87814],[-79.49129,-5.87832],[-79.49139,-5.87863],[-79.4916,-5.87917],[-79.49193,-5.87896],[-79.49204,-5.87858],[-79.49258,-5.87858],[-79.49285,-5.87907],[-79.49291,-5.87907],[-79.49311,-5.87846],[-79.49293,-5.87817],[-79.49208,-5.87752],[-79.49172,-5.87746],[-79.49131,-5.8774],[-79.49062,-5.8774],[-79.49025,-5.87719],[-79.49009,-5.87662],[-79.49042,-5.87585],[-79.49013,-5.87516],[-79.49054,-5.87429],[-79.49109,-5.87361],[-79.49144,-5.87373],[-79.4915,-5.87379],[-79.49173,-5.87402],[-79.49213,-5.87402],[-79.49254,-5.87374],[-79.49217,-5.87353],[-79.49205,-5.87325],[-79.4919,-5.87261],[-79.49189,-5.87259],[-79.49177,-5.87219],[-79.4914,-5.87181],[-79.49143,-5.87129],[-79.49218,-5.87137],[-79.49275,-5.87157],[-79.49279,-5.87158],[-79.49328,-5.87174],[-79.49368,-5.87166],[-79.49356,-5.87126],[-79.4932,-5.87105],[-79.49318,-5.87103],[-79.49295,-5.87072],[-79.49296,-5.87032],[-79.49377,-5.86938],[-79.49405,-5.86959],[-79.49413,-5.86987],[-79.49414,-5.86991],[-79.4943,-5.8702],[-79.49474,-5.87036],[-79.49495,-5.87024],[-79.49499,-5.86983],[-79.49458,-5.86963],[-79.49448,-5.86943],[-79.4939,-5.86829],[-79.49386,-5.8682],[-79.49396,-5.8681],[-79.49402,-5.86804],[-79.49464,-5.86756],[-79.49438,-5.86681],[-79.49438,-5.86679],[-79.49435,-5.86676],[-79.49435,-5.86711],[-79.49402,-5.86759],[-79.49392,-5.86754],[-79.49353,-5.86735],[-79.49353,-5.86702],[-79.49358,-5.86657],[-79.4928,-5.86657],[-79.49252,-5.86629],[-79.4924,-5.86568],[-79.49256,-5.86523],[-79.49216,-5.86458],[-79.49179,-5.86441],[-79.49137,-5.86441],[-79.49132,-5.86506],[-79.49115,-5.86576],[-79.49077,-5.86647],[-79.49023,-5.86668],[-79.49017,-5.86717]]]}},{"type":"Feature","properties":{"Name":"Centros Urbanos","description":"<div style='font-family:sans-serif;'><h4>ZEE PIURA - Centros Urbanos</h4><table border='1' cellpadding='4' style='border-collapse:collapse;font-size:12px;'><tr><td><b>OBJECTID:</b></td><td>4</td></tr><tr><td><b>ZEECODE:</b></td><td>105</td></tr><tr><td><b>ZEE:</b></td><td>Centros Urbanos</td></tr><tr><td><b>ZEE_ZONAS:</b></td><td>Centros Urbanos</td></tr><tr><td><b>ZEE_GRANDE:</b></td><td>Zonas de Aptitud Urbano Industrial</td></tr><tr><td><b>AREA:</b></td><td>151608643.734</td></tr><tr><td><b>PERIMETER:</b></td><td>526549.471</td></tr><tr><td><b>HECTARES:</b></td><td>15160.864</td></tr></table></div>"},"geometry":{"type":"Polygon","coordinates":[[[-79.52106,-5.56772],[-79.52182,-5.56934],[-79.5229,-5.5686],[-79.52339,-5.56825],[-79.52482,-5.56955],[-79.52505,-5.57098],[-79.52523,-5.57209],[-79.52409,-5.57356],[-79.52299,-5.57498],[-79.52187,-5.57642],[-79.52179,-5.57676],[-79.52067,-5.58141],[-79.52124,-5.59046],[-79.52125,-5.59052],[-79.52215,-5.59057],[-79.52191,-5.58565],[-79.52182,-5.58368],[-79.52168,-5.58078],[-79.52323,-5.57802],[-79.52425,-5.5762],[-79.5248,-5.57521],[-79.52548,-5.57476],[-79.52577,-5.57456],[-79.52709,-5.57253],[-79.52733,-5.57246],[-79.52747,-5.57281],[-79.52752,-5.57241],[-79.52763,-5.57159],[-79.52768,-5.57112],[-79.52776,-5.57049],[-79.52514,-5.56818],[-79.52319,-5.56441],[-79.52261,-5.56486],[-79.52213,-5.56524],[-79.52189,-5.56543],[-79.52121,-5.56596],[-79.52119,-5.56598],[-79.52063,-5.56681],[-79.52106,-5.56772]]]}},{"type":"Feature","properties":{"Name":"Coto de Caza el Angolo","description":"<div style='font-family:sans-serif;'><h4>ZEE PIURA - Coto de Caza el Angolo</h4><table border='1' cellpadding='4' style='border-collapse:collapse;font-size:12px;'><tr><td><b>OBJECTID:</b></td><td>5</td></tr><tr><td><b>ZEECODE:</b></td><td>89</td></tr><tr><td><b>ZEE:</b></td><td>Coto de Caza el Angolo</td></tr><tr><td><b>ZEE_ZONAS:</b></td><td>Coto de Caza el Angolo</td></tr><tr><td><b>ZEE_GRANDE:</b></td><td>Areas de Conservacion y Proteccion Ecologica</td></tr><tr><td><b>AREA:</b></td><td>659713531.464</td></tr><tr><td><b>PERIMETER:</b></td><td>143831.747</td></tr><tr><td><b>HECTARES:</b></td><td>65971.353</td></tr></table></div>"},"geometry":{"type":"Polygon","coordinates":[[[-80.7685,-4.1746],[-80.76846,-4.17461],[-80.76792,-4.17458],[-80.76751,-4.17444],[-80.76738,-4.17439],[-80.76726,-4.17435],[-80.76721,-4.17436],[-80.76681,-4.1744],[-80.76635,-4.1746],[-80.76603,-4.17484],[-80.76593,-4.17492],[-80.76593,-4.17492],[-80.76557,-4.17519],[-80.76543,-4.17538],[-80.76531,-4.17555],[-80.76519,-4.17572],[-80.76519,-4.17572],[-80.76514,-4.17578],[-80.76514,-4.17578],[-80.76511,-4.17583],[-80.76499,-4.17599],[-80.76476,-4.17611],[-80.76476,-4.17611],[-80.76475,-4.17612],[-80.76475,-4.17612],[-80.76469,-4.17614],[-80.76469,-4.17614],[-80.76448,-4.17619],[-80.76415,-4.17619],[-80.76401,-4.1761],[-80.76399,-4.17609],[-80.76398,-4.17607],[-80.76397,-4.17606],[-80.7638,-4.17573],[-80.76371,-4.17555],[-80.7635,-4.17514],[-80.7635,-4.17514],[-80.76339,-4.17504],[-80.76329,-4.17495],[-80.76319,-4.17491],[-80.76315,-4.1749],[-80.76301,-4.17491],[-80.76234,-4.17527],[-80.76231,-4.17528],[-80.76227,-4.1753],[-80.76227,-4.1753],[-80.76207,-4.17538],[-80.76152,-4.17562],[-80.76118,-4.17576],[-80.76081,-4.17617],[-80.76054,-4.17668],[-80.76037,-4.177],[-80.76034,-4.17705],[-80.76034,-4.17705],[-80.76023,-4.17726],[-80.76016,-4.17764],[-80.76016,-4.17764],[-80.76016,-4.17764],[-80.76006,-4.17817],[-80.76005,-4.17821],[-80.75999,-4.17841],[-80.75999,-4.17841],[-80.75999,-4.17841],[-80.75989,-4.17872],[-80.75984,-4.17886],[-80.75983,-4.1789],[-80.75983,-4.1789],[-80.75951,-4.179],[-80.75934,-4.17905],[-80.75934,-4.17905],[-80.75934,-4.17905],[-80.75927,-4.17907],[-80.75903,-4.17914],[-80.75871,-4.17928],[-80.7583,-4.17945],[-80.75786,-4.17949],[-80.75784,-4.17949],[-80.75716,-4.17944],[-80.75716,-4.17944],[-80.75631,-4.17947],[-80.75628,-4.17948],[-80.75606,-4.17952],[-80.75597,-4.17954],[-80.75579,-4.17962],[-80.75578,-4.17963],[-80.75572,-4.17965],[-80.75572,-4.17966],[-80.75518,-4.17991],[-80.75485,-4.17994],[-80.75478,-4.17995],[-80.75448,-4.1799],[-80.75399,-4.17982],[-80.75381,-4.17972],[-80.75376,-4.1797],[-80.7537,-4.17964],[-80.7537,-4.17964],[-80.75348,-4.17945],[-80.75348,-4.17945],[-80.7534,-4.17937],[-80.7533,-4.17929],[-80.75323,-4.17921],[-80.75298,-4.17889],[-80.75291,-4.1788],[-80.75253,-4.17835],[-80.75253,-4.17834],[-80.75214,-4.17805],[-80.7521,-4.17803],[-80.75168,-4.17779],[-80.75124,-4.17766],[-80.75107,-4.17767],[-80.75069,-4.1777],[-80.74993,-4.17766],[-80.7494,-4.17752],[-80.74932,-4.1775],[-80.74931,-4.1775],[-80.74931,-4.1775],[-80.749,-4.17742],[-80.74885,-4.17741],[-80.74874,-4.1774],[-80.7486,-4.17748],[-80.74845,-4.17767],[-80.74841,-4.17778],[-80.74834,-4.17802],[-80.74826,-4.17827],[-80.74806,-4.17859],[-80.74806,-4.17859],[-80.74805,-4.17861],[-80.74805,-4.17861],[-80.74782,-4.17876],[-80.74782,-4.17876],[-80.74773,-4.17882],[-80.74757,-4.17892],[-80.74743,-4.17902],[-80.74734,-4.17907],[-80.7472,-4.17917],[-80.74718,-4.17918],[-80.74706,-4.17926],[-80.74688,-4.17943],[-80.74682,-4.17948],[-80.74676,-4.17958],[-80.74661,-4.17981],[-80.74657,-4.18001],[-80.74653,-4.18024],[-80.74667,-4.18062],[-80.74673,-4.18076],[-80.74678,-4.18089],[-80.74678,-4.18089],[-80.74663,-4.18124],[-80.74646,-4.18133],[-80.74639,-4.18137],[-80.74628,-4.18142],[-80.74617,-4.18148],[-80.74604,-4.18151],[-80.74604,-4.18151],[-80.74604,-4.18151],[-80.74582,-4.18156],[-80.74552,-4.18162],[-80.74552,-4.18162],[-80.74548,-4.18165],[-80.74545,-4.18168],[-80.74521,-4.18187],[-80.74519,-4.18202],[-80.74515,-4.18231],[-80.74561,-4.18296],[-80.74572,-4.18331],[-80.74572,-4.18357],[-80.74572,-4.18364],[-80.74572,-4.18365],[-80.74572,-4.18369],[-80.74572,-4.1837],[-80.74569,-4.1838],[-80.74565,-4.1839],[-80.74551,-4.18403],[-80.74551,-4.18403],[-80.74515,-4.18422],[-80.74508,-4.18423],[-80.74508,-4.18423],[-80.74502,-4.18424],[-80.74475,-4.18429],[-80.74452,-4.18424],[-80.74442,-4.18421],[-80.74401,-4.18406],[-80.74361,-4.18404],[-80.74353,-4.18404],[-80.74353,-4.18404],[-80.74338,-4.184],[-80.74313,-4.18394],[-80.7429,-4.18352],[-80.7429,-4.18352],[-80.74279,-4.18332],[-80.74254,-4.18243],[-80.74241,-4.18198],[-80.74241,-4.18198],[-80.74238,-4.18193],[-80.74238,-4.18193],[-80.74233,-4.18186],[-80.74221,-4.18178],[-80.74221,-4.18178],[-80.74221,-4.18178],[-80.74221,-4.18178],[-80.74214,-4.18177],[-80.74207,-4.18176],[-80.74193,-4.18175],[-80.74148,-4.1817],[-80.74113,-4.18166],[-80.74113,-4.18166],[-80.74076,-4.18157],[-80.7406,-4.18153],[-80.74055,-4.18152],[-80.74052,-4.18151],[-80.74013,-4.18135],[-80.73974,-4.18118],[-80.73971,-4.18117],[-80.73936,-4.1812],[-80.73907,-4.18122],[-80.73862,-4.18125],[-80.73855,-4.18126],[-80.73848,-4.18125],[-80.73848,-4.18125],[-80.73818,-4.18121],[-80.73806,-4.18115],[-80.73805,-4.18114],[-80.73805,-4.18114],[-80.73799,-4.18106],[-80.73799,-4.18106],[-80.73786,-4.18086],[-80.73765,-4.1807],[-80.73754,-4.18062],[-80.73752,-4.18061],[-80.73752,-4.18061],[-80.73712,-4.18068],[-80.73683,-4.18082],[-80.73681,-4.18083],[-80.73681,-4.18083],[-80.73681,-4.18083],[-80.73631,-4.18106],[-80.73631,-4.18106],[-80.73631,-4.18106],[-80.73606,-4.18107],[-80.736,-4.18105],[-80.736,-4.18105],[-80.73582,-4.18099],[-80.73572,-4.18091],[-80.73569,-4.18084],[-80.73569,-4.18084],[-80.73567,-4.18077],[-80.73567,-4.18028],[-80.73577,-4.1798],[-80.73577,-4.17979],[-80.73578,-4.17975],[-80.73579,-4.17973],[-80.73602,-4.17905],[-80.73602,-4.17905],[-80.73612,-4.17874],[-80.73617,-4.1786],[-80.73619,-4.17846],[-80.73619,-4.17846],[-80.73621,-4.17832],[-80.73617,-4.17824],[-80.73615,-4.17822],[-80.7361,-4.17812],[-80.73606,-4.17805],[-80.73596,-4.17798],[-80.73519,-4.17803],[-80.73514,-4.17803],[-80.73514,-4.17803],[-80.73437,-4.17841],[-80.73414,-4.17853],[-80.73411,-4.17854],[-80.73403,-4.17859],[-80.73396,-4.17862],[-80.73376,-4.17869],[-80.73366,-4.17872],[-80.73359,-4.17874],[-80.73352,-4.17879],[-80.73338,-4.17889],[-80.7331,-4.17936],[-80.73308,-4.1794],[-80.73289,-4.17997],[-80.73278,-4.18014],[-80.7327,-4.18027],[-80.7321,-4.18081],[-80.73146,-4.18129],[-80.73145,-4.1813],[-80.73145,-4.1813],[-80.73132,-4.1814],[-80.7313,-4.18141],[-80.73123,-4.18146],[-80.73101,-4.18153],[-80.73101,-4.18153],[-80.73063,-4.18153],[-80.7303,-4.18114],[-80.7303,-4.18114],[-80.73003,-4.18102],[-80.72968,-4.18102],[-80.7296,-4.18102],[-80.7295,-4.18102],[-80.72914,-4.18114],[-80.72873,-4.18137],[-80.72856,-4.18147],[-80.72856,-4.18147],[-80.72851,-4.18153],[-80.7282,-4.18195],[-80.7282,-4.18195],[-80.72802,-4.18265],[-80.72801,-4.18297],[-80.72821,-4.1835],[-80.72838,-4.18374],[-80.72849,-4.1839],[-80.72854,-4.18404],[-80.72858,-4.18416],[-80.72863,-4.18429],[-80.72855,-4.1847],[-80.72842,-4.18492],[-80.72829,-4.18513],[-80.72824,-4.18526],[-80.72821,-4.18533],[-80.72821,-4.1855],[-80.72833,-4.18607],[-80.72836,-4.18621],[-80.72833,-4.18636],[-80.72831,-4.18644],[-80.72831,-4.18646],[-80.72829,-4.18651],[-80.72821,-4.18669],[-80.72787,-4.18699],[-80.72758,-4.18725],[-80.72756,-4.18727],[-80.72719,-4.1876],[-80.72719,-4.1876],[-80.72719,-4.1876],[-80.72669,-4.18805],[-80.72653,-4.18825],[-80.72637,-4.18847],[-80.72619,-4.1887],[-80.72601,-4.18887],[-80.72573,-4.18903],[-80.72554,-4.18913],[-80.72546,-4.18918],[-80.72545,-4.18918],[-80.72518,-4.1893],[-80.72494,-4.18941],[-80.72494,-4.18941],[-80.72472,-4.18951],[-80.72438,-4.18972],[-80.72437,-4.18973],[-80.72436,-4.18974],[-80.72406,-4.19002],[-80.72387,-4.19018],[-80.72336,-4.19065],[-80.72327,-4.19066],[-80.7232,-4.19067],[-80.72304,-4.1906],[-80.72304,-4.1906],[-80.72277,-4.19006],[-80.72267,-4.18997],[-80.72263,-4.18992],[-80.72253,-4.18982],[-80.72241,-4.18979],[-80.72234,-4.18978],[-80.7221,-4.18987],[-80.72209,-4.18987],[-80.72208,-4.18988],[-80.72199,-4.18991],[-80.72199,-4.18991],[-80.72122,-4.19107],[-80.72074,-4.19179],[-80.72041,-4.19235],[-80.72038,-4.1924],[-80.72025,-4.19275],[-80.72023,-4.19292],[-80.7202,-4.19327],[-80.7202,-4.19327],[-80.72019,-4.19331],[-80.72016,-4.1936],[-80.72016,-4.19363],[-80.72015,-4.19365],[-80.72011,-4.19381],[-80.72011,-4.19381],[-80.72003,-4.19388],[-80.71968,-4.19419],[-80.71968,-4.19419],[-80.71968,-4.19419],[-80.71957,-4.19422],[-80.71938,-4.19426],[-80.71869,-4.19425],[-80.71865,-4.19425],[-80.71859,-4.19424],[-80.71859,-4.19424],[-80.71826,-4.19417],[-80.71815,-4.19412],[-80.71795,-4.19402],[-80.71771,-4.19391],[-80.71763,-4.19384],[-80.71746,-4.1937],[-80.71746,-4.1937],[-80.71734,-4.1936],[-80.71679,-4.19346],[-80.71663,-4.19342],[-80.71585,-4.19347],[-80.71584,-4.19347],[-80.71567,-4.19351],[-80.7151,-4.19362],[-80.71471,-4.19357],[-80.7146,-4.19348],[-80.71457,-4.19345],[-80.71457,-4.19345],[-80.71452,-4.1933],[-80.7145,-4.19325],[-80.71425,-4.19249],[-80.71416,-4.19234],[-80.71406,-4.19218],[-80.71403,-4.19217],[-80.71378,-4.19206],[-80.71332,-4.19205],[-80.71332,-4.19205],[-80.71304,-4.19204],[-80.71274,-4.19203],[-80.71229,-4.19184],[-80.71228,-4.19184],[-80.71223,-4.19182],[-80.71213,-4.19173],[-80.712,-4.19162],[-80.71192,-4.1914],[-80.71192,-4.19139],[-80.71192,-4.19139],[-80.71192,-4.19133],[-80.71191,-4.19123],[-80.71193,-4.19115],[-80.71213,-4.19052],[-80.71219,-4.19032],[-80.7122,-4.18982],[-80.7122,-4.18962],[-80.7122,-4.18962],[-80.71207,-4.18977],[-80.71199,-4.18986],[-80.71193,-4.18993],[-80.71189,-4.18996],[-80.71186,-4.18998],[-80.71179,-4.19002],[-80.71179,-4.19002],[-80.71179,-4.19002],[-80.71159,-4.19006],[-80.71146,-4.19008],[-80.71138,-4.19007],[-80.71104,-4.19004],[-80.71047,-4.1899],[-80.71028,-4.18976],[-80.71028,-4.18976],[-80.70994,-4.18951],[-80.7098,-4.18943],[-80.7091,-4.18906],[-80.70881,-4.18897],[-80.70868,-4.18896],[-80.70858,-4.18895],[-80.70853,-4.18896],[-80.70797,-4.18913],[-80.70797,-4.18913],[-80.70765,-4.18932],[-80.70713,-4.18961],[-80.70684,-4.18978],[-80.70634,-4.18983],[-80.70634,-4.18983],[-80.70619,-4.18984],[-80.70618,-4.18984],[-80.70576,-4.18988],[-80.70559,-4.18987],[-80.70559,-4.18987],[-80.70559,-4.18987],[-80.70549,-4.18987],[-80.70518,-4.18985],[-80.70517,-4.18985],[-80.70461,-4.18971],[-80.70461,-4.18971],[-80.70461,-4.18971],[-80.7044,-4.18966],[-80.7042,-4.18961],[-80.70401,-4.18959],[-80.70345,-4.18953],[-80.7026,-4.18933],[-80.70219,-4.1891],[-80.70219,-4.1891],[-80.70215,-4.18908],[-80.70215,-4.18908],[-80.70208,-4.18902],[-80.70208,-4.18901],[-80.70136,-4.18836],[-80.70057,-4.18794],[-80.70032,-4.1878],[-80.70004,-4.18776],[-80.70004,-4.18776],[-80.70004,-4.18776],[-80.69969,-4.18772],[-80.69956,-4.18775],[-80.69932,-4.1878],[-80.69907,-4.18792],[-80.69898,-4.18797],[-80.69892,-4.18799],[-80.69885,-4.18803],[-80.69872,-4.18813],[-80.69845,-4.18836],[-80.69768,-4.1891],[-80.69756,-4.18921],[-80.69736,-4.18936],[-80.69716,-4.18952],[-80.69691,-4.18962],[-80.69672,-4.18969],[-80.69672,-4.18969],[-80.69655,-4.18976],[-80.69651,-4.18977],[-80.6964,-4.18979],[-80.69596,-4.18988],[-80.69565,-4.18992],[-80.69565,-4.18992],[-80.69537,-4.18996],[-80.69509,-4.19004],[-80.69506,-4.19005],[-80.6949,-4.19009],[-80.6948,-4.19017],[-80.69303,-4.19167],[-80.69303,-4.19168],[-80.69279,-4.19188],[-80.69278,-4.19188],[-80.69254,-4.19209],[-80.69234,-4.19221],[-80.69218,-4.1923],[-80.69195,-4.19244],[-80.69162,-4.19264],[-80.6915,-4.19285],[-80.69126,-4.19326],[-80.69124,-4.1934],[-80.69123,-4.19345],[-80.69121,-4.19356],[-80.69122,-4.19362],[-80.69122,-4.19362],[-80.69124,-4.19377],[-80.69124,-4.19377],[-80.69127,-4.19408],[-80.69119,-4.19437],[-80.69089,-4.19471],[-80.69024,-4.19525],[-80.69024,-4.19525],[-80.69024,-4.19525],[-80.68985,-4.19557],[-80.68953,-4.196],[-80.68953,-4.196],[-80.68953,-4.196],[-80.68953,-4.196],[-80.68944,-4.19613],[-80.68932,-4.19628],[-80.68924,-4.19639],[-80.68924,-4.19639],[-80.68915,-4.19647],[-80.68915,-4.19647],[-80.68902,-4.1966],[-80.68896,-4.19662],[-80.68888,-4.19666],[-80.68877,-4.19671],[-80.68853,-4.19682],[-80.68839,-4.19688],[-80.68839,-4.19688],[-80.68837,-4.19689],[-80.68837,-4.19689],[-80.68806,-4.19696],[-80.68792,-4.19699],[-80.68792,-4.19699],[-80.68792,-4.19699],[-80.68746,-4.19708],[-80.68699,-4.19718],[-80.68694,-4.1972],[-80.68677,-4.19723],[-80.68661,-4.1973],[-80.68649,-4.19735],[-80.68648,-4.19736],[-80.68648,-4.19736],[-80.6862,-4.19748],[-80.6859,-4.19768],[-80.68573,-4.19781],[-80.68568,-4.19784],[-80.68545,-4.198],[-80.68529,-4.19804],[-80.68505,-4.1981],[-80.68487,-4.19815],[-80.68476,-4.19817],[-80.68462,-4.19821],[-80.68452,-4.19825],[-80.68451,-4.19825],[-80.68414,-4.1984],[-80.6841,-4.19843],[-80.68336,-4.19893],[-80.68332,-4.19895],[-80.68288,-4.19916],[-80.68283,-4.19918],[-80.68266,-4.19932],[-80.68207,-4.19981],[-80.6817,-4.20005],[-80.6817,-4.20005],[-80.68124,-4.20034],[-80.68073,-4.2006],[-80.68037,-4.20078],[-80.68014,-4.20095],[-80.68001,-4.20104],[-80.68001,-4.20104],[-80.67983,-4.20118],[-80.67969,-4.20139],[-80.67969,-4.20139],[-80.67939,-4.20168],[-80.67939,-4.20168],[-80.67931,-4.20197],[-80.6791,-4.20276],[-80.67901,-4.2031],[-80.6788,-4.20334],[-80.6783,-4.2039],[-80.6783,-4.2039],[-80.6783,-4.2039],[-80.67813,-4.2041],[-80.67792,-4.20433],[-80.67786,-4.20444],[-80.67749,-4.20506],[-80.67753,-4.2051],[-80.67785,-4.20538],[-80.67784,-4.20544],[-80.67777,-4.20577],[-80.67777,-4.20578],[-80.67772,-4.206],[-80.67763,-4.20646],[-80.67757,-4.20674],[-80.67755,-4.20674],[-80.67755,-4.20674],[-80.67721,-4.20679],[-80.6765,-4.2066],[-80.67648,-4.2066],[-80.67623,-4.20649],[-80.67616,-4.20645],[-80.67611,-4.20643],[-80.67579,-4.20629],[-80.6757,-4.20625],[-80.67559,-4.20625],[-80.67554,-4.20624],[-80.67548,-4.20624],[-80.67529,-4.20632],[-80.67522,-4.20641],[-80.67522,-4.20641],[-80.67514,-4.20667],[-80.67514,-4.20667],[-80.67512,-4.20672],[-80.67495,-4.20692],[-80.67489,-4.20694],[-80.67454,-4.20708],[-80.67453,-4.20708],[-80.67431,-4.20717],[-80.67428,-4.20718],[-80.6741,-4.20735],[-80.67404,-4.2074],[-80.67394,-4.20773],[-80.67387,-4.20844],[-80.67387,-4.20848],[-80.67361,-4.20925],[-80.67326,-4.20971],[-80.67313,-4.20988],[-80.67303,-4.21001],[-80.67297,-4.21008],[-80.67261,-4.21042],[-80.67261,-4.21042],[-80.67254,-4.21048],[-80.6717,-4.21095],[-80.67164,-4.21095],[-80.67158,-4.21095],[-80.6705,-4.21146],[-80.67029,-4.21155],[-80.66994,-4.21172],[-80.6694,-4.21216],[-80.669,-4.21249],[-80.66814,-4.21336],[-80.66812,-4.21338],[-80.66781,-4.2137],[-80.66776,-4.21376],[-80.66729,-4.21429],[-80.66727,-4.21431],[-80.66645,-4.21506],[-80.66645,-4.21506],[-80.66645,-4.21506],[-80.66601,-4.21534],[-80.666,-4.21534],[-80.66542,-4.21571],[-80.66495,-4.21601],[-80.66343,-4.21677],[-80.66273,-4.21716],[-80.66206,-4.21753],[-80.66106,-4.21771],[-80.66076,-4.21776],[-80.66066,-4.21777],[-80.66058,-4.21778],[-80.65992,-4.21787],[-80.65963,-4.21809],[-80.65923,-4.2184],[-80.65912,-4.21848],[-80.65912,-4.21848],[-80.65911,-4.21849],[-80.65889,-4.21876],[-80.65889,-4.21877],[-80.65889,-4.21877],[-80.6587,-4.219],[-80.65864,-4.21903],[-80.65823,-4.21926],[-80.65822,-4.21926],[-80.65822,-4.21926],[-80.65811,-4.21932],[-80.65799,-4.21951],[-80.65799,-4.21951],[-80.65799,-4.21951],[-80.65765,-4.22003],[-80.65763,-4.22008],[-80.65763,-4.22008],[-80.65763,-4.22009],[-80.65754,-4.22029],[-80.65754,-4.22029],[-80.65754,-4.22029],[-80.65742,-4.22058],[-80.65739,-4.22066],[-80.65729,-4.22081],[-80.65677,-4.22158],[-80.65677,-4.22158],[-80.65658,-4.22175],[-80.65635,-4.22194],[-80.65635,-4.22194],[-80.65635,-4.22194],[-80.65634,-4.22195],[-80.65552,-4.22266],[-80.65485,-4.22297],[-80.65484,-4.22297],[-80.65483,-4.22297],[-80.65473,-4.22302],[-80.65463,-4.22305],[-80.65463,-4.22305],[-80.65463,-4.22305],[-80.65398,-4.22326],[-80.65398,-4.22326],[-80.65353,-4.22341],[-80.65347,-4.22346],[-80.65347,-4.22346],[-80.65305,-4.22382],[-80.65298,-4.22386],[-80.65246,-4.22415],[-80.65246,-4.22415],[-80.65214,-4.22426],[-80.65214,-4.22426],[-80.65214,-4.22426],[-80.65142,-4.22452],[-80.65122,-4.22459],[-80.65044,-4.22475],[-80.64992,-4.22485],[-80.64991,-4.22485],[-80.64977,-4.22488],[-80.6497,-4.22493],[-80.64963,-4.22499],[-80.64954,-4.2251],[-80.64953,-4.22512],[-80.6493,-4.22539],[-80.64908,-4.22566],[-80.64863,-4.22606],[-80.64863,-4.22606],[-80.64861,-4.22608],[-80.64848,-4.22615],[-80.64836,-4.22621],[-80.64792,-4.22635],[-80.64792,-4.22635],[-80.64792,-4.22635],[-80.6476,-4.22644],[-80.6475,-4.22647],[-80.64741,-4.22648],[-80.64738,-4.22648],[-80.64729,-4.22649],[-80.64709,-4.2265],[-80.64708,-4.22651],[-80.64701,-4.22655],[-80.64663,-4.22682],[-80.64663,-4.22682],[-80.64663,-4.22682],[-80.64651,-4.2269],[-80.64651,-4.2269],[-80.64644,-4.22695],[-80.64644,-4.22695],[-80.64644,-4.22695],[-80.64643,-4.22696],[-80.64643,-4.22696],[-80.64631,-4.22709],[-80.64629,-4.22711],[-80.64628,-4.22713],[-80.64614,-4.22738],[-80.64613,-4.22748],[-80.64603,-4.22814],[-80.64603,-4.22814],[-80.64599,-4.22842],[-80.64588,-4.22881],[-80.64588,-4.22881],[-80.64583,-4.22896],[-80.64575,-4.2291],[-80.64568,-4.2292],[-80.64631,-4.22903],[-80.64668,-4.22887],[-80.64684,-4.22834],[-80.64711,-4.22779],[-80.6474,-4.22768],[-80.64753,-4.2277],[-80.64776,-4.22777],[-80.6479,-4.22782],[-80.64806,-4.22782],[-80.64834,-4.22786],[-80.64784,-4.22847],[-80.64711,-4.22874],[-80.64699,-4.22897],[-80.64773,-4.22951],[-80.64774,-4.2295],[-80.64784,-4.22947],[-80.64794,-4.22943],[-80.64816,-4.22934],[-80.64838,-4.2293],[-80.64866,-4.22924],[-80.64871,-4.22926],[-80.64886,-4.22916],[-80.64889,-4.22934],[-80.64897,-4.22938],[-80.64938,-4.22957],[-80.64968,-4.22971],[-80.64967,-4.22963],[-80.64969,-4.22936],[-80.65039,-4.22916],[-80.6514,-4.23003],[-80.65154,-4.23007],[-80.6521,-4.2302],[-80.65221,-4.23022],[-80.6524,-4.23028],[-80.65275,-4.2304],[-80.6534,-4.23086],[-80.65384,-4.23143],[-80.65442,-4.23184],[-80.65472,-4.23188],[-80.65498,-4.23192],[-80.65521,-4.23189],[-80.65552,-4.23185],[-80.65597,-4.2319],[-80.65624,-4.23221],[-80.65636,-4.23239],[-80.65641,-4.23247],[-80.65647,-4.23256],[-80.65651,-4.23263],[-80.65656,-4.23271],[-80.65664,-4.23283],[-80.65686,-4.23318],[-80.65691,-4.23324],[-80.65701,-4.23337],[-80.65729,-4.23372],[-80.65754,-4.23393],[-80.65788,-4.23422],[-80.65797,-4.2343],[-80.65817,-4.23447],[-80.65837,-4.23468],[-80.65851,-4.23482],[-80.65865,-4.23496],[-80.65871,-4.23502],[-80.65878,-4.2351],[-80.65887,-4.23519],[-80.65912,-4.23545],[-80.65947,-4.23572],[-80.65975,-4.23586],[-80.66014,-4.23582],[-80.66032,-4.23575],[-80.66062,-4.23559],[-80.66122,-4.23525],[-80.66151,-4.23508],[-80.66185,-4.23489],[-80.66208,-4.23479],[-80.66225,-4.23472],[-80.66254,-4.2346],[-80.66276,-4.23445],[-80.66285,-4.2344],[-80.66307,-4.23425],[-80.66313,-4.23422],[-80.66329,-4.23415],[-80.66342,-4.23409],[-80.6635,-4.23405],[-80.6637,-4.23395],[-80.66379,-4.23391],[-80.66393,-4.23385],[-80.66415,-4.23375],[-80.66444,-4.23368],[-80.6646,-4.23364],[-80.66472,-4.23361],[-80.66487,-4.23357],[-80.66682,-4.23348],[-80.66726,-4.23346],[-80.66735,-4.23346],[-80.66751,-4.23346],[-80.66763,-4.23345],[-80.66774,-4.23345],[-80.66791,-4.23344],[-80.66817,-4.23343],[-80.6684,-4.23336],[-80.66873,-4.23325],[-80.66904,-4.23313],[-80.66914,-4.23309],[-80.66943,-4.23298],[-80.66546,-4.23943],[-80.66131,-4.24616],[-80.66129,-4.24633],[-80.66061,-4.25247],[-80.66018,-4.25629],[-80.66006,-4.25736],[-80.66019,-4.2581],[-80.66023,-4.25834],[-80.66024,-4.25845],[-80.66028,-4.25925],[-80.66031,-4.26002],[-80.66035,-4.26021],[-80.66039,-4.26041],[-80.66049,-4.26064],[-80.66054,-4.26072],[-80.66098,-4.26141],[-80.661,-4.26149],[-80.66113,-4.26204],[-80.66113,-4.26214],[-80.66112,-4.26267],[-80.66108,-4.26285],[-80.66102,-4.26311],[-80.66083,-4.26363],[-80.66081,-4.26395],[-80.661,-4.26427],[-80.66115,-4.26444],[-80.6614,-4.26466],[-80.6615,-4.26475],[-80.6616,-4.26483],[-80.66167,-4.2649],[-80.66175,-4.26496],[-80.66186,-4.26505],[-80.66194,-4.26513],[-80.66201,-4.26519],[-80.66217,-4.26532],[-80.66228,-4.26542],[-80.66239,-4.26552],[-80.66252,-4.26563],[-80.66261,-4.2657],[-80.66268,-4.26577],[-80.66282,-4.26589],[-80.66311,-4.26613],[-80.66332,-4.26642],[-80.66324,-4.2674],[-80.66339,-4.26787],[-80.6636,-4.26879],[-80.66362,-4.26888],[-80.66364,-4.27029],[-80.66391,-4.27098],[-80.66412,-4.27118],[-80.66421,-4.27128],[-80.66426,-4.27133],[-80.66438,-4.27146],[-80.66443,-4.2715],[-80.66446,-4.27154],[-80.66454,-4.27162],[-80.66463,-4.27171],[-80.66486,-4.27195],[-80.66506,-4.2721],[-80.66538,-4.27232],[-80.6656,-4.27246],[-80.66567,-4.27251],[-80.66575,-4.27256],[-80.66584,-4.27261],[-80.66595,-4.27268],[-80.66602,-4.27273],[-80.66614,-4.2728],[-80.66615,-4.27281],[-80.66644,-4.27298],[-80.6666,-4.27319],[-80.66662,-4.27322],[-80.66662,-4.27322],[-80.66669,-4.2733],[-80.66675,-4.27338],[-80.66681,-4.27346],[-80.66699,-4.27369],[-80.66726,-4.27397],[-80.66736,-4.27408],[-80.66742,-4.27415],[-80.6675,-4.27423],[-80.66768,-4.27442],[-80.66784,-4.2746],[-80.66795,-4.27478],[-80.66807,-4.27511],[-80.66814,-4.27533],[-80.66835,-4.27592],[-80.6687,-4.27648],[-80.66873,-4.27651],[-80.66993,-4.2776],[-80.67034,-4.27813],[-80.67062,-4.27843],[-80.67125,-4.27908],[-80.67153,-4.27961],[-80.67178,-4.28034],[-80.67222,-4.28105],[-80.67222,-4.28145],[-80.67214,-4.28174],[-80.67172,-4.28241],[-80.67111,-4.28304],[-80.67095,-4.2832],[-80.6705,-4.28354],[-80.66987,-4.284],[-80.66949,-4.28439],[-80.66934,-4.28453],[-80.66918,-4.28479],[-80.66897,-4.2851],[-80.6689,-4.28521],[-80.66874,-4.28555],[-80.66849,-4.2861],[-80.66826,-4.28625],[-80.66783,-4.28634],[-80.66765,-4.28637],[-80.66759,-4.28636],[-80.66714,-4.28626],[-80.66708,-4.28615],[-80.66698,-4.28595],[-80.66688,-4.28586],[-80.66668,-4.2858],[-80.66639,-4.28585],[-80.66626,-4.28587],[-80.66613,-4.2859],[-80.66581,-4.28595],[-80.66566,-4.28606],[-80.66535,-4.28642],[-80.66522,-4.28715],[-80.66523,-4.28781],[-80.66499,-4.28847],[-80.66496,-4.28854],[-80.66481,-4.28882],[-80.66447,-4.28911],[-80.66393,-4.28951],[-80.66376,-4.28969],[-80.66366,-4.2898],[-80.66346,-4.29],[-80.66315,-4.29026],[-80.66307,-4.29033],[-80.66286,-4.29051],[-80.66263,-4.29062],[-80.6625,-4.29069],[-80.6624,-4.29075],[-80.66209,-4.2909],[-80.66195,-4.29102],[-80.66171,-4.29122],[-80.66156,-4.29134],[-80.66117,-4.29165],[-80.66088,-4.29214],[-80.66071,-4.2924],[-80.66019,-4.29292],[-80.65982,-4.29329],[-80.65951,-4.29387],[-80.65948,-4.29393],[-80.65916,-4.29432],[-80.65896,-4.29447],[-80.65848,-4.29457],[-80.65825,-4.29457],[-80.65814,-4.29457],[-80.658,-4.29457],[-80.65779,-4.29457],[-80.65767,-4.29457],[-80.65755,-4.29457],[-80.65746,-4.29457],[-80.65724,-4.29457],[-80.65693,-4.29461],[-80.65664,-4.29464],[-80.6561,-4.29495],[-80.65553,-4.29543],[-80.65514,-4.29556],[-80.65441,-4.29509],[-80.65413,-4.29499],[-80.65396,-4.29503],[-80.65369,-4.29519],[-80.65332,-4.29541],[-80.65303,-4.2955],[-80.65258,-4.2955],[-80.65231,-4.29538],[-80.65204,-4.2952],[-80.65176,-4.2952],[-80.65146,-4.2954],[-80.65103,-4.29604],[-80.65087,-4.29621],[-80.65071,-4.29637],[-80.65036,-4.29645],[-80.65007,-4.29645],[-80.65,-4.29645],[-80.64978,-4.29644],[-80.64951,-4.29653],[-80.64919,-4.29685],[-80.64876,-4.2975],[-80.64848,-4.29773],[-80.6481,-4.29783],[-80.64783,-4.2978],[-80.64763,-4.29777],[-80.64753,-4.29776],[-80.64747,-4.29775],[-80.64726,-4.29773],[-80.64697,-4.29774],[-80.64684,-4.29775],[-80.6465,-4.29776],[-80.64629,-4.29782],[-80.64591,-4.29803],[-80.64578,-4.29822],[-80.64572,-4.29832],[-80.64557,-4.29854],[-80.64552,-4.29887],[-80.64542,-4.29949],[-80.64535,-4.29991],[-80.64524,-4.30013],[-80.64509,-4.30021],[-80.64496,-4.30021],[-80.6447,-4.30003],[-80.6444,-4.29994],[-80.64408,-4.29985],[-80.64364,-4.29982],[-80.64341,-4.29987],[-80.64313,-4.29994],[-80.64291,-4.30008],[-80.64277,-4.30017],[-80.64238,-4.30041],[-80.64119,-4.29866],[-80.6409,-4.2985],[-80.64062,-4.2985],[-80.64048,-4.29849],[-80.64021,-4.29848],[-80.64001,-4.29857],[-80.6399,-4.29862],[-80.63978,-4.29867],[-80.63969,-4.2987],[-80.63956,-4.29876],[-80.63923,-4.2989],[-80.6389,-4.29899],[-80.63865,-4.29905],[-80.63835,-4.29909],[-80.63821,-4.29911],[-80.63809,-4.29912],[-80.63786,-4.29915],[-80.63762,-4.29916],[-80.63725,-4.29917],[-80.63633,-4.29939],[-80.63511,-4.29969],[-80.63481,-4.29991],[-80.63447,-4.30052],[-80.63431,-4.30081],[-80.63431,-4.30172],[-80.63431,-4.30205],[-80.63425,-4.30272],[-80.63418,-4.30305],[-80.634,-4.30348],[-80.63387,-4.30372],[-80.63364,-4.30416],[-80.63331,-4.30462],[-80.63303,-4.305],[-80.63279,-4.30533],[-80.63262,-4.30556],[-80.63244,-4.30581],[-80.63206,-4.30651],[-80.63191,-4.30771],[-80.63209,-4.30827],[-80.63219,-4.30843],[-80.63232,-4.30864],[-80.63239,-4.30876],[-80.63256,-4.30903],[-80.63255,-4.30921],[-80.63248,-4.30946],[-80.63241,-4.30968],[-80.63233,-4.3101],[-80.63227,-4.31036],[-80.63235,-4.3107],[-80.63246,-4.31114],[-80.63253,-4.31144],[-80.63255,-4.31158],[-80.63292,-4.31145],[-80.63319,-4.31184],[-80.63343,-4.31227],[-80.63335,-4.31254],[-80.63576,-4.31429],[-80.63582,-4.31421],[-80.63611,-4.3137],[-80.63651,-4.31302],[-80.63677,-4.31234],[-80.63708,-4.31167],[-80.63736,-4.311],[-80.63741,-4.31086],[-80.63773,-4.31009],[-80.63777,-4.31],[-80.63779,-4.30997],[-80.63826,-4.30907],[-80.63833,-4.30897],[-80.63902,-4.30804],[-80.63969,-4.30747],[-80.64026,-4.30712],[-80.64095,-4.30692],[-80.64165,-4.30683],[-80.6425,-4.30679],[-80.64321,-4.30673],[-80.64335,-4.3067],[-80.64394,-4.30658],[-80.64467,-4.30651],[-80.64561,-4.30656],[-80.64614,-4.30671],[-80.64626,-4.30678],[-80.6467,-4.307],[-80.64682,-4.30714],[-80.64771,-4.30811],[-80.64785,-4.30824],[-80.64857,-4.3091],[-80.6487,-4.30921],[-80.64958,-4.31],[-80.6498,-4.31018],[-80.65054,-4.31083],[-80.65087,-4.31118],[-80.65127,-4.3116],[-80.65136,-4.31172],[-80.65201,-4.31299],[-80.65207,-4.31379],[-80.65191,-4.31477],[-80.65172,-4.31572],[-80.652,-4.31612],[-80.65267,-4.31643],[-80.65371,-4.3167],[-80.65466,-4.31698],[-80.65552,-4.3174],[-80.65611,-4.31799],[-80.65658,-4.31869],[-80.65701,-4.31936],[-80.65747,-4.31966],[-80.65756,-4.31971],[-80.65788,-4.31984],[-80.65821,-4.31997],[-80.65836,-4.32003],[-80.65894,-4.32051],[-80.65936,-4.32101],[-80.65952,-4.32119],[-80.65964,-4.32126],[-80.6602,-4.32203],[-80.66028,-4.3221],[-80.66107,-4.32309],[-80.66169,-4.32386],[-80.66206,-4.32432],[-80.66267,-4.32497],[-80.66289,-4.3252],[-80.66313,-4.32546],[-80.66324,-4.32557],[-80.6634,-4.32571],[-80.66425,-4.32664],[-80.66434,-4.32675],[-80.6649,-4.32746],[-80.66502,-4.32761],[-80.66578,-4.32889],[-80.6662,-4.33007],[-80.66634,-4.33152],[-80.66638,-4.33244],[-80.66658,-4.33308],[-80.66665,-4.33317],[-80.66685,-4.33346],[-80.66722,-4.33397],[-80.66764,-4.33437],[-80.66771,-4.33444],[-80.66787,-4.33451],[-80.66891,-4.33499],[-80.66905,-4.33506],[-80.66925,-4.33512],[-80.66988,-4.33532],[-80.67097,-4.33547],[-80.67108,-4.3355],[-80.67213,-4.33565],[-80.673,-4.33598],[-80.6739,-4.33661],[-80.674,-4.3367],[-80.67404,-4.33674],[-80.67484,-4.33741],[-80.6749,-4.33747],[-80.6752,-4.33771],[-80.67612,-4.3385],[-80.67691,-4.33912],[-80.67788,-4.33949],[-80.67868,-4.33946],[-80.67988,-4.33943],[-80.68118,-4.33963],[-80.68135,-4.33965],[-80.68231,-4.33987],[-80.68243,-4.3399],[-80.68359,-4.34025],[-80.68432,-4.34024],[-80.68459,-4.34011],[-80.68518,-4.3398],[-80.6853,-4.33975],[-80.68561,-4.33954],[-80.6861,-4.33921],[-80.68717,-4.3387],[-80.68813,-4.33847],[-80.68887,-4.33832],[-80.68959,-4.33798],[-80.6904,-4.33736],[-80.69119,-4.33691],[-80.69187,-4.33652],[-80.6929,-4.33627],[-80.69421,-4.33615],[-80.69455,-4.33605],[-80.69534,-4.33581],[-80.69585,-4.33562],[-80.69669,-4.33532],[-80.69794,-4.33469],[-80.69864,-4.33452],[-80.69929,-4.3345],[-80.69991,-4.33455],[-80.70057,-4.33459],[-80.70068,-4.33464],[-80.70346,-4.34527],[-80.70482,-4.35045],[-80.70613,-4.35546],[-80.70662,-4.35465],[-80.70732,-4.35287],[-80.70776,-4.35233],[-80.70782,-4.35212],[-80.70782,-4.35216],[-80.70782,-4.35242],[-80.70773,-4.35272],[-80.70747,-4.35323],[-80.70722,-4.35392],[-80.70683,-4.35495],[-80.70645,-4.35559],[-80.70622,-4.3558],[-80.7064,-4.35649],[-80.70579,-4.36086],[-80.70567,-4.3617],[-80.70506,-4.36612],[-80.70084,-4.3965],[-80.70475,-4.41604],[-80.70501,-4.41733],[-80.70432,-4.41741],[-80.70403,-4.41763],[-80.70374,-4.41798],[-80.70352,-4.41829],[-80.70335,-4.41871],[-80.70239,-4.41941],[-80.70156,-4.41992],[-80.70065,-4.4207],[-80.69956,-4.42081],[-80.69923,-4.42163],[-80.69948,-4.42229],[-80.69949,-4.42288],[-80.69947,-4.423],[-80.69933,-4.42376],[-80.69945,-4.42431],[-80.69946,-4.42445],[-80.69942,-4.42498],[-80.69939,-4.42582],[-80.69976,-4.42656],[-80.69977,-4.42658],[-80.69978,-4.42707],[-80.69952,-4.42772],[-80.69891,-4.42843],[-80.69845,-4.42917],[-80.69839,-4.42998],[-80.698,-4.43065],[-80.6979,-4.43119],[-80.69803,-4.4322],[-80.69805,-4.4331],[-80.69779,-4.4337],[-80.6976,-4.43444],[-80.69762,-4.43522],[-80.69742,-4.43571],[-80.69705,-4.4359],[-80.69657,-4.43594],[-80.69588,-4.43602],[-80.6956,-4.43649],[-80.69534,-4.43709],[-80.69477,-4.43752],[-80.69441,-4.43792],[-80.69397,-4.43852],[-80.69361,-4.4389],[-80.69354,-4.43899],[-80.69331,-4.4395],[-80.69331,-4.43978],[-80.69341,-4.44031],[-80.69347,-4.44107],[-80.69333,-4.44124],[-80.69334,-4.44303],[-80.69337,-4.4431],[-80.69342,-4.44319],[-80.69397,-4.44394],[-80.69409,-4.44456],[-80.69388,-4.44527],[-80.69362,-4.446],[-80.69352,-4.44653],[-80.69353,-4.44655],[-80.69362,-4.44687],[-80.69382,-4.44698],[-80.69401,-4.44698],[-80.69412,-4.44688],[-80.69444,-4.4466],[-80.69469,-4.44641],[-80.69512,-4.44638],[-80.69574,-4.44641],[-80.6964,-4.44644],[-80.69667,-4.44614],[-80.69685,-4.44561],[-80.69693,-4.44512],[-80.69709,-4.44477],[-80.69717,-4.44459],[-80.69757,-4.44428],[-80.69836,-4.4435],[-80.69886,-4.44309],[-80.69951,-4.44258],[-80.7006,-4.442],[-80.7011,-4.44186],[-80.70162,-4.44167],[-80.70177,-4.44165],[-80.70261,-4.44154],[-80.7027,-4.44161],[-80.70284,-4.44181],[-80.70322,-4.44225],[-80.70338,-4.44231],[-80.70364,-4.44235],[-80.70446,-4.44235],[-80.70465,-4.44258],[-80.70499,-4.44251],[-80.70531,-4.44225],[-80.70547,-4.44169],[-80.70555,-4.44095],[-80.70565,-4.44026],[-80.70588,-4.43993],[-80.70609,-4.44008],[-80.70632,-4.44031],[-80.70664,-4.44024],[-80.70684,-4.43993],[-80.70708,-4.43974],[-80.7075,-4.43957],[-80.70779,-4.43911],[-80.70815,-4.43861],[-80.70846,-4.43847],[-80.70953,-4.43819],[-80.71003,-4.43795],[-80.71097,-4.43793],[-80.71118,-4.43809],[-80.71146,-4.43815],[-80.71164,-4.43811],[-80.71202,-4.43761],[-80.71243,-4.43718],[-80.71267,-4.43705],[-80.7131,-4.4368],[-80.71386,-4.43693],[-80.7143,-4.43715],[-80.7151,-4.43766],[-80.71572,-4.4379],[-80.71671,-4.43806],[-80.717,-4.43792],[-80.71736,-4.43759],[-80.71774,-4.43708],[-80.71853,-4.43634],[-80.71964,-4.43606],[-80.72031,-4.43633],[-80.7213,-4.43601],[-80.72191,-4.43572],[-80.7226,-4.43561],[-80.72346,-4.43559],[-80.72382,-4.43559],[-80.72417,-4.43558],[-80.74588,-4.43495],[-80.74851,-4.43487],[-80.74898,-4.43486],[-80.75018,-4.43482],[-80.75598,-4.43465],[-80.75592,-4.43475],[-80.75602,-4.43519],[-80.75656,-4.43464],[-80.75708,-4.43462],[-80.75782,-4.4346],[-80.75804,-4.43478],[-80.75833,-4.43459],[-80.76018,-4.43453],[-80.75979,-4.43517],[-80.7599,-4.43548],[-80.76015,-4.43583],[-80.76083,-4.43544],[-80.76139,-4.43511],[-80.76177,-4.43577],[-80.76167,-4.43661],[-80.76158,-4.43699],[-80.76205,-4.43755],[-80.76238,-4.43763],[-80.76238,-4.43762],[-80.76263,-4.43712],[-80.7632,-4.43643],[-80.76394,-4.43621],[-80.76397,-4.43619],[-80.76315,-4.43445],[-80.76483,-4.4344],[-80.76495,-4.43468],[-80.7651,-4.4349],[-80.76521,-4.43517],[-80.76548,-4.43565],[-80.76572,-4.43602],[-80.76595,-4.43618],[-80.76633,-4.43592],[-80.76678,-4.43558],[-80.76723,-4.43532],[-80.76807,-4.43496],[-80.76901,-4.43473],[-80.76988,-4.4346],[-80.77052,-4.43463],[-80.77085,-4.43485],[-80.77122,-4.4351],[-80.7716,-4.43539],[-80.7721,-4.43563],[-80.77277,-4.43557],[-80.7735,-4.43549],[-80.77421,-4.4352],[-80.77464,-4.43477],[-80.77513,-4.43408],[-80.77547,-4.43417],[-80.77641,-4.43317],[-80.77646,-4.43316],[-80.77737,-4.43314],[-80.77827,-4.43313],[-80.77951,-4.43322],[-80.78088,-4.43337],[-80.7822,-4.43369],[-80.78347,-4.43402],[-80.78448,-4.43419],[-80.78477,-4.4339],[-80.78477,-4.4339],[-80.78484,-4.43377],[-80.7849,-4.43333],[-80.78497,-4.4327],[-80.78496,-4.43218],[-80.78496,-4.43218],[-80.78496,-4.43197],[-80.78481,-4.43151],[-80.78451,-4.43104],[-80.78432,-4.43062],[-80.78435,-4.43057],[-80.78449,-4.43034],[-80.78496,-4.43017],[-80.78497,-4.43017],[-80.78541,-4.43025],[-80.78603,-4.43029],[-80.78603,-4.43029],[-80.78685,-4.4303],[-80.78685,-4.4303],[-80.78796,-4.43032],[-80.78854,-4.43016],[-80.78877,-4.42988],[-80.78905,-4.42923],[-80.78941,-4.42871],[-80.79018,-4.42808],[-80.79092,-4.4276],[-80.79144,-4.42708],[-80.79144,-4.42708],[-80.7915,-4.42701],[-80.7915,-4.42637],[-80.79134,-4.42582],[-80.79115,-4.42504],[-80.79112,-4.42419],[-80.79138,-4.42345],[-80.79208,-4.42237],[-80.79277,-4.42176],[-80.79361,-4.42135],[-80.79418,-4.42124],[-80.79498,-4.42123],[-80.79538,-4.42132],[-80.79681,-4.42177],[-80.79764,-4.42195],[-80.79764,-4.42195],[-80.79764,-4.42195],[-80.7983,-4.42187],[-80.79866,-4.4215],[-80.79875,-4.4214],[-80.7994,-4.42081],[-80.79984,-4.42062],[-80.80146,-4.42051],[-80.80221,-4.42029],[-80.80211,-4.41976],[-80.80183,-4.41926],[-80.80188,-4.41866],[-80.8024,-4.41832],[-80.80288,-4.41821],[-80.80319,-4.4179],[-80.80322,-4.41729],[-80.80347,-4.41676],[-80.80422,-4.41663],[-80.80498,-4.41666],[-80.80498,-4.41666],[-80.80593,-4.41611],[-80.80615,-4.41562],[-80.80617,-4.4155],[-80.80655,-4.41499],[-80.80733,-4.41488],[-80.8076,-4.41501],[-80.80767,-4.41509],[-80.80814,-4.41517],[-80.80814,-4.41517],[-80.80814,-4.41517],[-80.8087,-4.41492],[-80.80932,-4.4148],[-80.81047,-4.41519],[-80.81105,-4.4153],[-80.81105,-4.4153],[-80.81105,-4.4153],[-80.81116,-4.4153],[-80.81174,-4.41516],[-80.8118,-4.41509],[-80.81234,-4.41445],[-80.81245,-4.41435],[-80.81297,-4.41387],[-80.81306,-4.41381],[-80.81416,-4.41368],[-80.81425,-4.41365],[-80.81493,-4.41336],[-80.81528,-4.41268],[-80.81559,-4.41201],[-80.81611,-4.41172],[-80.81709,-4.41165],[-80.81752,-4.41132],[-80.81799,-4.41087],[-80.81841,-4.41075],[-80.8196,-4.41086],[-80.81987,-4.41151],[-80.82046,-4.41158],[-80.82046,-4.41158],[-80.82047,-4.41158],[-80.82101,-4.41132],[-80.82173,-4.41093],[-80.82258,-4.41057],[-80.82276,-4.41057],[-80.82276,-4.41077],[-80.82284,-4.41148],[-80.82285,-4.41183],[-80.82259,-4.41264],[-80.82248,-4.41347],[-80.8229,-4.41399],[-80.82366,-4.41407],[-80.82366,-4.41407],[-80.82366,-4.41407],[-80.82407,-4.41392],[-80.82472,-4.41338],[-80.8254,-4.41304],[-80.82587,-4.41264],[-80.82647,-4.41162],[-80.82733,-4.41116],[-80.82796,-4.41107],[-80.82834,-4.41102],[-80.82962,-4.4109],[-80.83095,-4.41106],[-80.83114,-4.41116],[-80.83172,-4.41129],[-80.83179,-4.41145],[-80.83173,-4.41223],[-80.83181,-4.41253],[-80.83231,-4.41294],[-80.83263,-4.41306],[-80.83331,-4.41317],[-80.83331,-4.41317],[-80.83331,-4.41317],[-80.8337,-4.41309],[-80.83375,-4.41288],[-80.83374,-4.41254],[-80.83369,-4.41241],[-80.83369,-4.41211],[-80.83376,-4.41153],[-80.8342,-4.41131],[-80.83454,-4.41135],[-80.83502,-4.41146],[-80.83597,-4.41166],[-80.83656,-4.41174],[-80.83656,-4.41174],[-80.83656,-4.41174],[-80.83695,-4.41171],[-80.83796,-4.41157],[-80.83901,-4.41137],[-80.83913,-4.41137],[-80.8404,-4.41106],[-80.84103,-4.41063],[-80.84138,-4.40982],[-80.84155,-4.40864],[-80.84182,-4.40749],[-80.8419,-4.40737],[-80.84227,-4.40729],[-80.84246,-4.40744],[-80.84274,-4.40795],[-80.84307,-4.40831],[-80.84356,-4.40864],[-80.84414,-4.40891],[-80.84504,-4.40919],[-80.84504,-4.40919],[-80.84504,-4.40919],[-80.8455,-4.40911],[-80.84579,-4.40875],[-80.84588,-4.40866],[-80.84615,-4.40835],[-80.84631,-4.40816],[-80.84672,-4.40814],[-80.847,-4.40847],[-80.84733,-4.40877],[-80.84733,-4.40877],[-80.84733,-4.40877],[-80.84744,-4.40876],[-80.84808,-4.40856],[-80.84858,-4.40835],[-80.84866,-4.40779],[-80.84865,-4.40774],[-80.84864,-4.40703],[-80.84865,-4.40701],[-80.84901,-4.40636],[-80.84963,-4.40605],[-80.84965,-4.40603],[-80.85011,-4.40571],[-80.85024,-4.40551],[-80.85048,-4.40515],[-80.85081,-4.40459],[-80.85108,-4.40408],[-80.85148,-4.4035],[-80.85217,-4.40277],[-80.85285,-4.40225],[-80.85323,-4.40196],[-80.85384,-4.4015],[-80.85403,-4.40135],[-80.85425,-4.40116],[-80.85449,-4.40076],[-80.85458,-4.4003],[-80.85463,-4.3994],[-80.85489,-4.39882],[-80.855,-4.39859],[-80.85543,-4.3983],[-80.85584,-4.39824],[-80.85651,-4.3983],[-80.85737,-4.39841],[-80.85751,-4.3984],[-80.85828,-4.39872],[-80.859,-4.39912],[-80.85993,-4.3997],[-80.86088,-4.40016],[-80.86176,-4.40041],[-80.86272,-4.40026],[-80.86374,-4.39994],[-80.86469,-4.39957],[-80.8654,-4.39935],[-80.86704,-4.3989],[-80.86812,-4.39862],[-80.86892,-4.3987],[-80.86952,-4.39905],[-80.87029,-4.39948],[-80.87128,-4.39949],[-80.87162,-4.39949],[-80.87202,-4.39932],[-80.87254,-4.39927],[-80.87363,-4.39911],[-80.87363,-4.39911],[-80.87419,-4.39913],[-80.87431,-4.3992],[-80.87498,-4.39956],[-80.87514,-4.39996],[-80.87492,-4.40032],[-80.87456,-4.4007],[-80.87434,-4.40116],[-80.87449,-4.40152],[-80.87482,-4.40203],[-80.87521,-4.40208],[-80.87521,-4.40208],[-80.87521,-4.40208],[-80.87574,-4.40207],[-80.87701,-4.40218],[-80.87738,-4.40272],[-80.87746,-4.4028],[-80.87752,-4.40311],[-80.87752,-4.40353],[-80.87745,-4.40386],[-80.87707,-4.40391],[-80.87586,-4.4044],[-80.87557,-4.40493],[-80.87569,-4.40537],[-80.8761,-4.40585],[-80.87643,-4.40614],[-80.87702,-4.40642],[-80.87702,-4.40642],[-80.87702,-4.40642],[-80.87776,-4.40641],[-80.87788,-4.40641],[-80.8794,-4.40621],[-80.88007,-4.40605],[-80.88062,-4.40581],[-80.88129,-4.40557],[-80.88161,-4.405],[-80.88161,-4.405],[-80.88175,-4.40432],[-80.88201,-4.4038],[-80.88276,-4.40332],[-80.88361,-4.40317],[-80.88432,-4.40313],[-80.88498,-4.40286],[-80.88602,-4.40254],[-80.88686,-4.40213],[-80.88696,-4.40208],[-80.88788,-4.4014],[-80.8887,-4.4011],[-80.88934,-4.40102],[-80.89005,-4.40065],[-80.89085,-4.40007],[-80.89139,-4.39936],[-80.89188,-4.39861],[-80.89207,-4.39806],[-80.89208,-4.39748],[-80.89208,-4.39736],[-80.89218,-4.39663],[-80.89262,-4.3957],[-80.89337,-4.39534],[-80.89378,-4.39507],[-80.89395,-4.39472],[-80.89367,-4.39434],[-80.89329,-4.39373],[-80.89328,-4.39322],[-80.89365,-4.3925],[-80.89449,-4.39167],[-80.89523,-4.39094],[-80.89613,-4.39004],[-80.8966,-4.38965],[-80.89746,-4.38924],[-80.89755,-4.38918],[-80.89848,-4.38894],[-80.89864,-4.38891],[-80.89978,-4.38838],[-80.89994,-4.38831],[-80.90082,-4.38758],[-80.90154,-4.38719],[-80.90212,-4.38736],[-80.90266,-4.38778],[-80.90304,-4.38831],[-80.90357,-4.38887],[-80.90432,-4.38957],[-80.90494,-4.38969],[-80.90495,-4.38969],[-80.90495,-4.38969],[-80.90565,-4.38958],[-80.90645,-4.38943],[-80.90702,-4.38912],[-80.90717,-4.38886],[-80.90733,-4.38852],[-80.90748,-4.38794],[-80.90762,-4.38748],[-80.90807,-4.38695],[-80.90869,-4.3869],[-80.90922,-4.38714],[-80.90932,-4.38721],[-80.90946,-4.38752],[-80.90959,-4.38812],[-80.90969,-4.38874],[-80.90997,-4.38908],[-80.91021,-4.38917],[-80.91021,-4.38917],[-80.91021,-4.38917],[-80.91073,-4.38892],[-80.91093,-4.38867],[-80.91109,-4.38839],[-80.91115,-4.38829],[-80.91159,-4.38748],[-80.91236,-4.38682],[-80.91282,-4.3869],[-80.91342,-4.38711],[-80.91342,-4.38711],[-80.91342,-4.38712],[-80.91409,-4.38705],[-80.91445,-4.387],[-80.91487,-4.38653],[-80.91507,-4.38598],[-80.91515,-4.38547],[-80.91527,-4.3847],[-80.91531,-4.38461],[-80.91563,-4.38435],[-80.91628,-4.38434],[-80.91702,-4.38411],[-80.91723,-4.38392],[-80.91731,-4.38351],[-80.91748,-4.38304],[-80.91778,-4.38287],[-80.91783,-4.38285],[-80.91816,-4.38266],[-80.91869,-4.38229],[-80.91926,-4.3819],[-80.9193,-4.38188],[-80.91957,-4.3817],[-80.91957,-4.3817],[-80.91986,-4.38152],[-80.92011,-4.38141],[-80.92011,-4.38141],[-80.92054,-4.38124],[-80.92054,-4.38124],[-80.92075,-4.38115],[-80.92147,-4.38088],[-80.92217,-4.38052],[-80.92258,-4.38005],[-80.92261,-4.37969],[-80.92246,-4.37906],[-80.92245,-4.37904],[-80.92245,-4.37904],[-80.92206,-4.37804],[-80.92197,-4.37707],[-80.92217,-4.37663],[-80.92217,-4.37662],[-80.9223,-4.37632],[-80.9223,-4.37632],[-80.92244,-4.37603],[-80.92245,-4.37601],[-80.92281,-4.37572],[-80.92308,-4.37551],[-80.92342,-4.37568],[-80.92358,-4.37589],[-80.92371,-4.37607],[-80.92404,-4.37664],[-80.9241,-4.37672],[-80.92445,-4.37718],[-80.92487,-4.37747],[-80.92521,-4.37767],[-80.92548,-4.37775],[-80.92558,-4.37778],[-80.92634,-4.37788],[-80.9274,-4.37813],[-80.92814,-4.3785],[-80.92882,-4.37901],[-80.92947,-4.37949],[-80.92957,-4.37995],[-80.92957,-4.38013],[-80.92958,-4.38025],[-80.92954,-4.38074],[-80.92949,-4.38149],[-80.92932,-4.38341],[-80.92919,-4.38391],[-80.92912,-4.38418],[-80.92907,-4.38436],[-80.92887,-4.38494],[-80.92837,-4.38578],[-80.92768,-4.38702],[-80.92715,-4.38761],[-80.92696,-4.38781],[-80.92602,-4.3888],[-80.92592,-4.38931],[-80.92597,-4.38954],[-80.92604,-4.38988],[-80.92606,-4.3899],[-80.92639,-4.39022],[-80.9269,-4.39026],[-80.92736,-4.3902],[-80.92813,-4.38993],[-80.92868,-4.38989],[-80.92884,-4.3901],[-80.92889,-4.39017],[-80.92911,-4.39057],[-80.92914,-4.39074],[-80.92942,-4.39132],[-80.9295,-4.39147],[-80.92985,-4.39178],[-80.9301,-4.39182],[-80.93092,-4.3916],[-80.93142,-4.3914],[-80.93197,-4.39137],[-80.93252,-4.39144],[-80.93311,-4.39139],[-80.93359,-4.39138],[-80.93495,-4.39162],[-80.93498,-4.39164],[-80.93605,-4.39229],[-80.93665,-4.39255],[-80.93695,-4.39268],[-80.938,-4.39275],[-80.93878,-4.39269],[-80.93894,-4.39272],[-80.93923,-4.39279],[-80.93929,-4.3928],[-80.94059,-4.39337],[-80.9411,-4.39372],[-80.94154,-4.39413],[-80.94225,-4.39494],[-80.94335,-4.39607],[-80.94405,-4.39667],[-80.94434,-4.39691],[-80.94438,-4.39694],[-80.94445,-4.39702],[-80.94497,-4.39765],[-80.94504,-4.39778],[-80.94514,-4.39843],[-80.94515,-4.3988],[-80.94545,-4.39992],[-80.94597,-4.4006],[-80.94676,-4.4011],[-80.94765,-4.40116],[-80.94784,-4.40115],[-80.94857,-4.40107],[-80.94873,-4.40102],[-80.94926,-4.40078],[-80.94962,-4.40047],[-80.95,-4.40005],[-80.95009,-4.39993],[-80.95058,-4.3993],[-80.95071,-4.39916],[-80.9512,-4.3988],[-80.95127,-4.39871],[-80.9517,-4.39824],[-80.95191,-4.39742],[-80.95174,-4.39693],[-80.95172,-4.39691],[-80.95153,-4.39665],[-80.95127,-4.39655],[-80.95081,-4.39626],[-80.94995,-4.39572],[-80.94894,-4.39491],[-80.94785,-4.39401],[-80.94752,-4.39354],[-80.94745,-4.39347],[-80.94718,-4.39299],[-80.94704,-4.39245],[-80.94703,-4.39203],[-80.94713,-4.39138],[-80.94741,-4.39077],[-80.9476,-4.39013],[-80.94755,-4.38971],[-80.94707,-4.3895],[-80.94643,-4.38967],[-80.94631,-4.38967],[-80.94547,-4.38985],[-80.9448,-4.38991],[-80.94435,-4.38925],[-80.94435,-4.38924],[-80.94429,-4.38861],[-80.94428,-4.38829],[-80.94434,-4.38772],[-80.94466,-4.38637],[-80.94465,-4.386],[-80.94465,-4.38584],[-80.94459,-4.38538],[-80.94414,-4.38354],[-80.94355,-4.38294],[-80.94314,-4.38278],[-80.94279,-4.38279],[-80.94209,-4.38287],[-80.94151,-4.38294],[-80.94054,-4.38275],[-80.93938,-4.38224],[-80.93925,-4.38213],[-80.93865,-4.38157],[-80.93796,-4.38092],[-80.93751,-4.3801],[-80.9375,-4.37964],[-80.93759,-4.37905],[-80.9376,-4.37899],[-80.93768,-4.37825],[-80.9377,-4.37724],[-80.93758,-4.3763],[-80.93754,-4.37618],[-80.93723,-4.37546],[-80.93669,-4.37498],[-80.93603,-4.37431],[-80.93559,-4.37365],[-80.93546,-4.37347],[-80.93524,-4.37285],[-80.93523,-4.3723],[-80.9354,-4.37177],[-80.93536,-4.37158],[-80.9351,-4.37147],[-80.93494,-4.3714],[-80.93475,-4.37145],[-80.93417,-4.3716],[-80.93357,-4.37173],[-80.93317,-4.37167],[-80.93278,-4.37129],[-80.93261,-4.371],[-80.9325,-4.37024],[-80.93228,-4.36958],[-80.93182,-4.36919],[-80.9313,-4.36883],[-80.93124,-4.36876],[-80.93108,-4.36865],[-80.93097,-4.3686],[-80.93095,-4.36859],[-80.93059,-4.36841],[-80.93058,-4.36814],[-80.93088,-4.36716],[-80.93112,-4.36654],[-80.93114,-4.36575],[-80.93091,-4.36509],[-80.93066,-4.36445],[-80.93082,-4.36357],[-80.93085,-4.3635],[-80.93113,-4.36265],[-80.93119,-4.36234],[-80.93124,-4.36222],[-80.93131,-4.36187],[-80.93153,-4.36084],[-80.93161,-4.36075],[-80.9317,-4.35947],[-80.93113,-4.35839],[-80.93104,-4.35831],[-80.93071,-4.35749],[-80.92965,-4.3568],[-80.92912,-4.35633],[-80.92864,-4.3556],[-80.92848,-4.35485],[-80.92843,-4.3543],[-80.92811,-4.35329],[-80.9278,-4.35293],[-80.92719,-4.352],[-80.92648,-4.35102],[-80.92539,-4.35045],[-80.92513,-4.35031],[-80.925,-4.35031],[-80.92373,-4.34995],[-80.92229,-4.34957],[-80.92212,-4.34955],[-80.92152,-4.34947],[-80.92032,-4.34917],[-80.91912,-4.34883],[-80.91898,-4.34877],[-80.9186,-4.34845],[-80.91836,-4.34776],[-80.91824,-4.34749],[-80.9179,-4.34676],[-80.91785,-4.34656],[-80.91759,-4.34575],[-80.91729,-4.34491],[-80.91727,-4.34472],[-80.91697,-4.34376],[-80.91692,-4.34365],[-80.91655,-4.34249],[-80.91655,-4.34239],[-80.91623,-4.34129],[-80.91586,-4.3402],[-80.91563,-4.33938],[-80.91544,-4.33866],[-80.91507,-4.33763],[-80.91468,-4.33652],[-80.91426,-4.33511],[-80.91422,-4.33492],[-80.9137,-4.33338],[-80.91363,-4.33322],[-80.91302,-4.33137],[-80.91267,-4.33025],[-80.91242,-4.3294],[-80.912,-4.32814],[-80.91193,-4.32805],[-80.91154,-4.32688],[-80.91135,-4.32628],[-80.91145,-4.32619],[-80.91161,-4.32604],[-80.91172,-4.32592],[-80.91179,-4.32586],[-80.91177,-4.32584],[-80.9111,-4.3255],[-80.91105,-4.32535],[-80.91051,-4.32378],[-80.91014,-4.32254],[-80.91014,-4.32242],[-80.90987,-4.32154],[-80.90982,-4.32133],[-80.90974,-4.32094],[-80.90952,-4.31995],[-80.90926,-4.31904],[-80.90917,-4.31881],[-80.90885,-4.31771],[-80.90884,-4.31759],[-80.90833,-4.31588],[-80.90828,-4.31575],[-80.90791,-4.31455],[-80.90756,-4.31327],[-80.90756,-4.31316],[-80.90721,-4.31189],[-80.90694,-4.31089],[-80.90657,-4.3097],[-80.90622,-4.30863],[-80.90588,-4.30762],[-80.9051,-4.30535],[-80.90503,-4.30515],[-80.90456,-4.30373],[-80.90449,-4.30352],[-80.90401,-4.30234],[-80.90343,-4.30035],[-80.90318,-4.29909],[-80.90315,-4.2989],[-80.90271,-4.29686],[-80.90266,-4.29663],[-80.90244,-4.29549],[-80.90234,-4.29498],[-80.90221,-4.29427],[-80.90199,-4.29381],[-80.90192,-4.29368],[-80.90141,-4.29321],[-80.90105,-4.29289],[-80.90098,-4.2928],[-80.9006,-4.29226],[-80.90046,-4.29182],[-80.90024,-4.29114],[-80.89997,-4.29049],[-80.89982,-4.29004],[-80.89946,-4.28931],[-80.89928,-4.28893],[-80.89915,-4.28865],[-80.89855,-4.28746],[-80.89848,-4.28737],[-80.8982,-4.28621],[-80.89816,-4.286],[-80.89806,-4.28568],[-80.898,-4.28543],[-80.89783,-4.28462],[-80.89781,-4.28373],[-80.89793,-4.2829],[-80.89819,-4.28204],[-80.89861,-4.28161],[-80.89897,-4.28133],[-80.89926,-4.28074],[-80.89923,-4.28059],[-80.89923,-4.28042],[-80.89923,-4.2804],[-80.89918,-4.28031],[-80.89899,-4.28006],[-80.8988,-4.27993],[-80.89858,-4.27929],[-80.89851,-4.27864],[-80.89831,-4.27718],[-80.89794,-4.27615],[-80.89766,-4.27569],[-80.89766,-4.27559],[-80.89747,-4.27535],[-80.89719,-4.2749],[-80.89717,-4.27439],[-80.8973,-4.27392],[-80.89743,-4.27355],[-80.8974,-4.2733],[-80.89722,-4.2725],[-80.89684,-4.27237],[-80.89637,-4.27231],[-80.89566,-4.27217],[-80.89536,-4.27182],[-80.89518,-4.27123],[-80.89501,-4.27077],[-80.89461,-4.27014],[-80.89412,-4.26999],[-80.89399,-4.26994],[-80.8938,-4.26988],[-80.89347,-4.26947],[-80.89334,-4.26908],[-80.89333,-4.26904],[-80.89318,-4.26866],[-80.8931,-4.26847],[-80.89293,-4.26821],[-80.8928,-4.26802],[-80.89252,-4.26762],[-80.89201,-4.26662],[-80.89198,-4.26656],[-80.89191,-4.26644],[-80.89135,-4.26575],[-80.89116,-4.26552],[-80.89092,-4.26513],[-80.89103,-4.2645],[-80.89109,-4.26443],[-80.89158,-4.2635],[-80.89175,-4.26317],[-80.89165,-4.2626],[-80.89099,-4.26195],[-80.89021,-4.26164],[-80.89009,-4.2616],[-80.8894,-4.26106],[-80.88932,-4.26099],[-80.88926,-4.26089],[-80.88894,-4.26031],[-80.88901,-4.25999],[-80.88959,-4.25935],[-80.89039,-4.25897],[-80.89055,-4.25889],[-80.89063,-4.25885],[-80.89124,-4.25837],[-80.8913,-4.25814],[-80.89122,-4.25746],[-80.89121,-4.25713],[-80.89142,-4.25613],[-80.89155,-4.25577],[-80.89198,-4.25458],[-80.89259,-4.25374],[-80.89265,-4.25365],[-80.89306,-4.2532],[-80.8935,-4.25272],[-80.89409,-4.25225],[-80.89423,-4.2516],[-80.89417,-4.25142],[-80.89411,-4.25137],[-80.89368,-4.25097],[-80.89298,-4.25076],[-80.89272,-4.25012],[-80.89287,-4.24984],[-80.89304,-4.24954],[-80.89346,-4.24858],[-80.89379,-4.24775],[-80.89409,-4.24684],[-80.89411,-4.24569],[-80.89408,-4.24424],[-80.89391,-4.24293],[-80.89382,-4.24235],[-80.89377,-4.24227],[-80.89337,-4.24181],[-80.89329,-4.24174],[-80.89304,-4.24152],[-80.89286,-4.24136],[-80.89262,-4.24105],[-80.89258,-4.24096],[-80.89224,-4.24058],[-80.89207,-4.24037],[-80.89196,-4.2402],[-80.89217,-4.23987],[-80.89223,-4.23975],[-80.89227,-4.23964],[-80.89228,-4.23948],[-80.89208,-4.23914],[-80.89198,-4.23905],[-80.89186,-4.239],[-80.89139,-4.23869],[-80.89081,-4.23819],[-80.89075,-4.2381],[-80.8907,-4.238],[-80.89071,-4.23781],[-80.89081,-4.2375],[-80.89082,-4.23704],[-80.89074,-4.23676],[-80.89056,-4.23625],[-80.89046,-4.23603],[-80.89022,-4.23582],[-80.88993,-4.23561],[-80.88976,-4.23551],[-80.88948,-4.23543],[-80.88923,-4.23537],[-80.88864,-4.23517],[-80.88837,-4.235],[-80.88817,-4.23486],[-80.88808,-4.2346],[-80.88794,-4.2343],[-80.8877,-4.23363],[-80.8875,-4.23293],[-80.88731,-4.23241],[-80.88712,-4.23181],[-80.88686,-4.23077],[-80.88691,-4.23054],[-80.88703,-4.23042],[-80.88717,-4.23043],[-80.88741,-4.23034],[-80.88747,-4.23032],[-80.88798,-4.23025],[-80.88876,-4.22993],[-80.88932,-4.22967],[-80.88976,-4.22947],[-80.88992,-4.22948],[-80.89008,-4.22949],[-80.89047,-4.2295],[-80.89086,-4.22951],[-80.89114,-4.22956],[-80.89143,-4.22969],[-80.89163,-4.2297],[-80.8921,-4.22951],[-80.89211,-4.22936],[-80.89211,-4.22917],[-80.89203,-4.22893],[-80.89189,-4.22886],[-80.89169,-4.22873],[-80.89135,-4.22859],[-80.89124,-4.22858],[-80.89106,-4.22849],[-80.89076,-4.22836],[-80.89029,-4.22807],[-80.88993,-4.22792],[-80.88961,-4.22779],[-80.88911,-4.22762],[-80.88889,-4.22749],[-80.88858,-4.22723],[-80.88815,-4.22685],[-80.88778,-4.22644],[-80.88754,-4.22603],[-80.88717,-4.22537],[-80.88696,-4.22492],[-80.88692,-4.22488],[-80.88656,-4.22436],[-80.88642,-4.22419],[-80.88625,-4.2234],[-80.88638,-4.2229],[-80.88643,-4.2227],[-80.88652,-4.22254],[-80.8869,-4.22113],[-80.88683,-4.22105],[-80.88664,-4.22054],[-80.88645,-4.22013],[-80.88634,-4.21995],[-80.88608,-4.21961],[-80.88574,-4.21897],[-80.88524,-4.21811],[-80.88509,-4.21742],[-80.88499,-4.21703],[-80.88487,-4.21604],[-80.88533,-4.21629],[-80.88485,-4.21587],[-80.88485,-4.21574],[-80.8848,-4.21536],[-80.8848,-4.21536],[-80.88478,-4.21525],[-80.88478,-4.21524],[-80.88463,-4.21416],[-80.8846,-4.21393],[-80.8846,-4.21393],[-80.88454,-4.21353],[-80.88455,-4.21353],[-80.88449,-4.21312],[-80.88448,-4.2131],[-80.88436,-4.21384],[-80.88427,-4.21342],[-80.88432,-4.21261],[-80.88418,-4.21218],[-80.88412,-4.21209],[-80.88394,-4.2117],[-80.88365,-4.21112],[-80.88315,-4.21026],[-80.8831,-4.21014],[-80.8826,-4.20918],[-80.88206,-4.20834],[-80.88164,-4.20774],[-80.88164,-4.20775],[-80.88158,-4.20765],[-80.88158,-4.20766],[-80.88151,-4.20755],[-80.88098,-4.20655],[-80.88034,-4.20532],[-80.88023,-4.20513],[-80.88023,-4.20513],[-80.87962,-4.20409],[-80.87925,-4.20348],[-80.87905,-4.20315],[-80.87905,-4.20315],[-80.87893,-4.20296],[-80.87891,-4.20293],[-80.87891,-4.20292],[-80.87867,-4.20256],[-80.87842,-4.20218],[-80.87785,-4.20118],[-80.8776,-4.20058],[-80.87742,-4.19964],[-80.87727,-4.1987],[-80.87726,-4.19854],[-80.87716,-4.19768],[-80.87715,-4.19767],[-80.87715,-4.19764],[-80.87678,-4.19641],[-80.87675,-4.19637],[-80.87675,-4.19637],[-80.87666,-4.19623],[-80.87601,-4.19486],[-80.8755,-4.19418],[-80.87495,-4.19369],[-80.87386,-4.19304],[-80.87324,-4.19261],[-80.87241,-4.19236],[-80.87121,-4.19211],[-80.87076,-4.192],[-80.87045,-4.19192],[-80.87045,-4.19192],[-80.8704,-4.19191],[-80.87001,-4.19188],[-80.87,-4.19188],[-80.86988,-4.19187],[-80.86983,-4.19184],[-80.86982,-4.19184],[-80.86938,-4.19158],[-80.86937,-4.19157],[-80.86928,-4.19152],[-80.86928,-4.19152],[-80.86895,-4.19132],[-80.86853,-4.19108],[-80.86794,-4.19049],[-80.86772,-4.19027],[-80.86756,-4.19012],[-80.8673,-4.18991],[-80.86693,-4.18961],[-80.86673,-4.18945],[-80.86673,-4.18945],[-80.86647,-4.18931],[-80.8664,-4.18927],[-80.86584,-4.18896],[-80.8657,-4.18888],[-80.86548,-4.18896],[-80.86543,-4.18897],[-80.86473,-4.18922],[-80.86445,-4.18941],[-80.86371,-4.18991],[-80.86356,-4.19006],[-80.86338,-4.19026],[-80.86328,-4.19036],[-80.86252,-4.1907],[-80.86251,-4.19071],[-80.86204,-4.19076],[-80.86169,-4.19081],[-80.86166,-4.19081],[-80.86163,-4.19081],[-80.86158,-4.19082],[-80.86134,-4.19085],[-80.86114,-4.19083],[-80.86113,-4.19083],[-80.86053,-4.19078],[-80.86041,-4.19077],[-80.8604,-4.19077],[-80.85989,-4.19073],[-80.85989,-4.19073],[-80.85958,-4.19052],[-80.85929,-4.19033],[-80.85875,-4.18996],[-80.85726,-4.18937],[-80.85669,-4.18937],[-80.85595,-4.18939],[-80.85564,-4.18939],[-80.85527,-4.18947],[-80.85401,-4.18974],[-80.8539,-4.18977],[-80.85367,-4.18982],[-80.85289,-4.19002],[-80.85288,-4.19002],[-80.85279,-4.19005],[-80.85224,-4.19039],[-80.85223,-4.1904],[-80.85219,-4.19042],[-80.85212,-4.19045],[-80.85212,-4.19045],[-80.85209,-4.19047],[-80.85171,-4.19068],[-80.8517,-4.19068],[-80.8513,-4.1908],[-80.85113,-4.19085],[-80.85053,-4.19099],[-80.85048,-4.19097],[-80.8503,-4.1909],[-80.85014,-4.19084],[-80.85014,-4.19084],[-80.84993,-4.19076],[-80.84957,-4.19057],[-80.8495,-4.19052],[-80.84949,-4.19052],[-80.84936,-4.19045],[-80.84885,-4.19002],[-80.84885,-4.19002],[-80.8487,-4.1899],[-80.8487,-4.1899],[-80.84856,-4.18978],[-80.84838,-4.18962],[-80.84838,-4.18962],[-80.84785,-4.18917],[-80.84682,-4.18865],[-80.84677,-4.18862],[-80.84677,-4.18862],[-80.84616,-4.18864],[-80.845,-4.18868],[-80.84444,-4.18865],[-80.84415,-4.18863],[-80.84341,-4.18858],[-80.84304,-4.18877],[-80.84304,-4.18877],[-80.84303,-4.18878],[-80.84302,-4.18878],[-80.84249,-4.18897],[-80.84243,-4.189],[-80.84233,-4.18902],[-80.84211,-4.18906],[-80.84143,-4.18918],[-80.84139,-4.18919],[-80.84112,-4.18924],[-80.84032,-4.18939],[-80.83992,-4.18944],[-80.83944,-4.18952],[-80.8386,-4.18952],[-80.83795,-4.18945],[-80.83726,-4.18936],[-80.83723,-4.18936],[-80.83721,-4.18935],[-80.83672,-4.18918],[-80.83649,-4.18909],[-80.83571,-4.18884],[-80.83513,-4.18873],[-80.8348,-4.18867],[-80.83459,-4.18863],[-80.83458,-4.18863],[-80.83456,-4.18862],[-80.83436,-4.18858],[-80.83389,-4.18848],[-80.83347,-4.18833],[-80.83314,-4.18822],[-80.8331,-4.18819],[-80.83309,-4.18819],[-80.83304,-4.18815],[-80.83289,-4.18806],[-80.83264,-4.18789],[-80.83256,-4.18785],[-80.83256,-4.18784],[-80.83234,-4.1877],[-80.83218,-4.1876],[-80.83217,-4.18759],[-80.83213,-4.18757],[-80.8317,-4.18716],[-80.83169,-4.18716],[-80.83122,-4.18672],[-80.83103,-4.18659],[-80.83093,-4.18653],[-80.8307,-4.18638],[-80.83045,-4.18621],[-80.83019,-4.18599],[-80.82986,-4.18572],[-80.8296,-4.18564],[-80.82924,-4.18552],[-80.8282,-4.18555],[-80.82789,-4.18561],[-80.82784,-4.18562],[-80.82764,-4.18565],[-80.82763,-4.18565],[-80.82723,-4.18572],[-80.82722,-4.18572],[-80.82721,-4.18572],[-80.82654,-4.18576],[-80.82626,-4.18578],[-80.8261,-4.18578],[-80.82543,-4.18578],[-80.82533,-4.18578],[-80.82517,-4.18578],[-80.82516,-4.18578],[-80.82515,-4.18578],[-80.82498,-4.18578],[-80.82481,-4.18578],[-80.82467,-4.18578],[-80.82455,-4.18575],[-80.82404,-4.18562],[-80.82402,-4.18562],[-80.82373,-4.18542],[-80.82361,-4.18534],[-80.8236,-4.18533],[-80.8235,-4.18526],[-80.82339,-4.1852],[-80.82314,-4.18504],[-80.82288,-4.18487],[-80.82222,-4.18454],[-80.82199,-4.18443],[-80.82182,-4.18434],[-80.82172,-4.1843],[-80.82171,-4.18429],[-80.82142,-4.18414],[-80.82132,-4.18409],[-80.82109,-4.18396],[-80.82071,-4.18374],[-80.82066,-4.18371],[-80.8204,-4.18356],[-80.81988,-4.18326],[-80.8198,-4.18321],[-80.81963,-4.1831],[-80.81927,-4.18286],[-80.8192,-4.18281],[-80.81912,-4.18276],[-80.81844,-4.1826],[-80.81841,-4.18259],[-80.81838,-4.18259],[-80.81781,-4.18245],[-80.81759,-4.1824],[-80.81758,-4.1824],[-80.81734,-4.18235],[-80.81694,-4.18227],[-80.81629,-4.18214],[-80.81629,-4.18214],[-80.81629,-4.18214],[-80.81629,-4.18214],[-80.81566,-4.18184],[-80.81526,-4.18165],[-80.81461,-4.18102],[-80.81397,-4.1804],[-80.8139,-4.18033],[-80.8139,-4.18033],[-80.81386,-4.18029],[-80.81379,-4.18023],[-80.81362,-4.18008],[-80.8134,-4.1799],[-80.81301,-4.17968],[-80.813,-4.17967],[-80.81272,-4.17953],[-80.81262,-4.17949],[-80.81244,-4.17939],[-80.81225,-4.17928],[-80.81179,-4.17907],[-80.81154,-4.17897],[-80.81143,-4.17894],[-80.81092,-4.17874],[-80.81089,-4.17873],[-80.81061,-4.17859],[-80.81051,-4.17854],[-80.81036,-4.17845],[-80.81028,-4.1784],[-80.81012,-4.17831],[-80.80969,-4.17811],[-80.80965,-4.17809],[-80.80962,-4.17807],[-80.80913,-4.17788],[-80.80887,-4.17778],[-80.80858,-4.17766],[-80.8081,-4.17749],[-80.80783,-4.17739],[-80.80741,-4.17727],[-80.80718,-4.1772],[-80.80717,-4.1772],[-80.80682,-4.17715],[-80.80652,-4.1771],[-80.80614,-4.17701],[-80.80563,-4.17688],[-80.80558,-4.17686],[-80.805,-4.17659],[-80.80488,-4.17654],[-80.80445,-4.17633],[-80.80435,-4.17628],[-80.80434,-4.17628],[-80.80407,-4.17616],[-80.80374,-4.17601],[-80.80349,-4.17599],[-80.80333,-4.17597],[-80.80331,-4.17597],[-80.80278,-4.17621],[-80.80275,-4.17622],[-80.80246,-4.17635],[-80.80215,-4.17657],[-80.80196,-4.17671],[-80.80192,-4.17674],[-80.80178,-4.17684],[-80.80178,-4.17684],[-80.8012,-4.17732],[-80.80116,-4.17736],[-80.80098,-4.17751],[-80.8008,-4.17768],[-80.80058,-4.17787],[-80.80033,-4.17809],[-80.79999,-4.1783],[-80.79996,-4.17832],[-80.79944,-4.17863],[-80.79927,-4.17865],[-80.79894,-4.17869],[-80.79876,-4.17871],[-80.79872,-4.17871],[-80.79836,-4.17867],[-80.79789,-4.17862],[-80.79789,-4.17862],[-80.79784,-4.17862],[-80.79759,-4.17863],[-80.79719,-4.17865],[-80.797,-4.17869],[-80.79692,-4.17871],[-80.79631,-4.17883],[-80.7948,-4.17915],[-80.79472,-4.17917],[-80.79393,-4.17933],[-80.79365,-4.17943],[-80.79314,-4.17961],[-80.79295,-4.17968],[-80.79293,-4.17969],[-80.79253,-4.17985],[-80.79228,-4.17995],[-80.79226,-4.17996],[-80.79209,-4.18002],[-80.7917,-4.18013],[-80.79158,-4.18015],[-80.79155,-4.18015],[-80.79144,-4.18017],[-80.79115,-4.18021],[-80.79076,-4.18022],[-80.7907,-4.18022],[-80.79015,-4.18024],[-80.7898,-4.1802],[-80.78971,-4.18019],[-80.78894,-4.18011],[-80.78894,-4.18011],[-80.78864,-4.18003],[-80.78823,-4.17992],[-80.78806,-4.17988],[-80.78805,-4.17988],[-80.78759,-4.17961],[-80.78724,-4.17934],[-80.78693,-4.1791],[-80.78688,-4.17906],[-80.78668,-4.1789],[-80.78654,-4.17879],[-80.78653,-4.17878],[-80.78628,-4.17868],[-80.78613,-4.17867],[-80.78597,-4.17865],[-80.78567,-4.17874],[-80.78563,-4.17875],[-80.78563,-4.17875],[-80.78559,-4.17878],[-80.78551,-4.17883],[-80.7854,-4.1789],[-80.7854,-4.1789],[-80.7854,-4.1789],[-80.78533,-4.17899],[-80.78486,-4.17964],[-80.78473,-4.17981],[-80.78439,-4.18013],[-80.78412,-4.18032],[-80.78391,-4.18039],[-80.78391,-4.18039],[-80.78384,-4.18042],[-80.78355,-4.18051],[-80.78345,-4.18054],[-80.78337,-4.18057],[-80.78306,-4.18056],[-80.78306,-4.18056],[-80.78304,-4.18055],[-80.78281,-4.18054],[-80.78232,-4.18052],[-80.78215,-4.18047],[-80.78213,-4.18047],[-80.78191,-4.18041],[-80.78179,-4.18024],[-80.78161,-4.18],[-80.7816,-4.17999],[-80.78158,-4.17995],[-80.78156,-4.17993],[-80.78154,-4.17983],[-80.78154,-4.17983],[-80.78151,-4.1797],[-80.78152,-4.17964],[-80.78156,-4.1795],[-80.78161,-4.1793],[-80.78161,-4.1793],[-80.78177,-4.17861],[-80.78185,-4.1784],[-80.78189,-4.1783],[-80.78195,-4.17823],[-80.78195,-4.17823],[-80.78196,-4.17822],[-80.78202,-4.17815],[-80.78203,-4.17813],[-80.78205,-4.17808],[-80.78221,-4.17773],[-80.78236,-4.1774],[-80.78236,-4.1774],[-80.7824,-4.177],[-80.78242,-4.1768],[-80.78242,-4.1768],[-80.78241,-4.17679],[-80.7822,-4.17656],[-80.78215,-4.1765],[-80.78211,-4.17647],[-80.78211,-4.17646],[-80.78208,-4.17643],[-80.78185,-4.17633],[-80.78164,-4.17624],[-80.78134,-4.17611],[-80.78134,-4.17611],[-80.78111,-4.17601],[-80.78094,-4.17594],[-80.78091,-4.17594],[-80.78038,-4.17573],[-80.77936,-4.17573],[-80.77931,-4.17573],[-80.77924,-4.17575],[-80.77871,-4.17587],[-80.77869,-4.17588],[-80.77847,-4.17593],[-80.77806,-4.17608],[-80.77776,-4.1762],[-80.77776,-4.1762],[-80.77753,-4.17628],[-80.77743,-4.17631],[-80.77743,-4.17631],[-80.77716,-4.17639],[-80.77716,-4.17639],[-80.77684,-4.17629],[-80.7766,-4.17622],[-80.77634,-4.17607],[-80.77634,-4.17607],[-80.7759,-4.17582],[-80.77581,-4.17579],[-80.7758,-4.17579],[-80.77472,-4.17545],[-80.77415,-4.17541],[-80.77384,-4.17546],[-80.7734,-4.17552],[-80.77339,-4.17552],[-80.77313,-4.17545],[-80.77277,-4.17535],[-80.77275,-4.17535],[-80.77255,-4.17523],[-80.77235,-4.17521],[-80.772,-4.17495],[-80.772,-4.17495],[-80.77151,-4.17459],[-80.77064,-4.17425],[-80.77046,-4.17422],[-80.76969,-4.17425],[-80.76933,-4.17427],[-80.76927,-4.17429],[-80.76892,-4.17438],[-80.76876,-4.17448],[-80.76869,-4.17453],[-80.76861,-4.17458],[-80.7685,-4.1746]]]}},{"type":"Feature","properties":{"Name":"Zona de Paramos","description":"<div style='font-family:sans-serif;'><h4>ZEE PIURA - Zona de Paramos</h4><table border='1' cellpadding='4' style='border-collapse:collapse;font-size:12px;'><tr><td><b>OBJECTID:</b></td><td>6</td></tr><tr><td><b>ZEECODE:</b></td><td>92</td></tr><tr><td><b>ZEE:</b></td><td>Zona de Paramos</td></tr><tr><td><b>ZEE_ZONAS:</b></td><td>Zona de Paramos</td></tr><tr><td><b>ZEE_GRANDE:</b></td><td>Areas de Conservacion y Proteccion Ecologica</td></tr><tr><td><b>AREA:</b></td><td>746093952.825</td></tr><tr><td><b>PERIMETER:</b></td><td>2761120.451</td></tr><tr><td><b>HECTARES:</b></td><td>74609.395</td></tr></table></div>"},"geometry":{"type":"Polygon","coordinates":[[[-79.44011,-5.90891],[-79.43943,-5.90998],[-79.43943,-5.91079],[-79.4397,-5.912],[-79.44117,-5.91254],[-79.44211,-5.91282],[-79.44292,-5.91363],[-79.44345,-5.91457],[-79.44412,-5.91578],[-79.44439,-5.91673],[-79.44345,-5.9174],[-79.44224,-5.91712],[-79.44116,-5.91631],[-79.44117,-5.91524],[-79.44103,-5.91429],[-79.44073,-5.91427],[-79.43929,-5.91415],[-79.43875,-5.91361],[-79.43714,-5.91334],[-79.43706,-5.91378],[-79.437,-5.91415],[-79.4374,-5.9163],[-79.43931,-5.91847],[-79.43967,-5.91857],[-79.44003,-5.91888],[-79.44027,-5.91924],[-79.4401,-5.91943],[-79.43921,-5.92027],[-79.43907,-5.92031],[-79.43871,-5.92031],[-79.43818,-5.92026],[-79.43782,-5.92014],[-79.43739,-5.92016],[-79.43653,-5.92031],[-79.43598,-5.92059],[-79.43593,-5.92078],[-79.43586,-5.92126],[-79.43559,-5.92184],[-79.43502,-5.92191],[-79.43461,-5.92219],[-79.43459,-5.9226],[-79.43459,-5.92274],[-79.43495,-5.92343],[-79.43544,-5.92364],[-79.43547,-5.92366],[-79.43569,-5.92366],[-79.43597,-5.92361],[-79.43602,-5.92344],[-79.43624,-5.92335],[-79.43636,-5.92335],[-79.43678,-5.92399],[-79.43666,-5.92459],[-79.43664,-5.92469],[-79.43647,-5.92483],[-79.43635,-5.92481],[-79.4363,-5.92471],[-79.43631,-5.9244],[-79.43607,-5.92421],[-79.43541,-5.92392],[-79.43463,-5.92358],[-79.43349,-5.92348],[-79.4332,-5.92346],[-79.43289,-5.92346],[-79.43274,-5.92355],[-79.43269,-5.9247],[-79.43279,-5.92489],[-79.43314,-5.92542],[-79.43302,-5.92612],[-79.43307,-5.92628],[-79.43317,-5.92655],[-79.43385,-5.92842],[-79.43402,-5.92859],[-79.43412,-5.92863],[-79.43517,-5.92859],[-79.43596,-5.92835],[-79.43603,-5.92806],[-79.4361,-5.92799],[-79.43689,-5.92838],[-79.43694,-5.92852],[-79.43668,-5.92864],[-79.43605,-5.9289],[-79.43522,-5.92881],[-79.43462,-5.92873],[-79.43431,-5.92907],[-79.43421,-5.92935],[-79.43428,-5.92966],[-79.43394,-5.9303],[-79.43383,-5.93041],[-79.43361,-5.93046],[-79.43344,-5.93029],[-79.43354,-5.93007],[-79.43361,-5.92976],[-79.43361,-5.92931],[-79.43357,-5.92878],[-79.43338,-5.9284],[-79.43264,-5.92746],[-79.43226,-5.92698],[-79.43176,-5.92688],[-79.43147,-5.92688],[-79.43132,-5.92722],[-79.43125,-5.92731],[-79.43106,-5.92753],[-79.43072,-5.92767],[-79.43051,-5.92767],[-79.43041,-5.9276],[-79.43051,-5.92705],[-79.43075,-5.9269],[-79.43099,-5.92698],[-79.43123,-5.92688],[-79.43137,-5.92681],[-79.43171,-5.92643],[-79.4318,-5.92631],[-79.43183,-5.92614],[-79.43186,-5.92463],[-79.43181,-5.92439],[-79.43164,-5.92427],[-79.4314,-5.9243],[-79.42973,-5.92458],[-79.42961,-5.92467],[-79.42946,-5.9252],[-79.42946,-5.92544],[-79.42946,-5.92563],[-79.42932,-5.92601],[-79.42917,-5.92628],[-79.42898,-5.92644],[-79.42872,-5.92664],[-79.4285,-5.92673],[-79.42843,-5.92649],[-79.42858,-5.92604],[-79.42867,-5.9258],[-79.42903,-5.92558],[-79.42918,-5.92515],[-79.42908,-5.92494],[-79.42889,-5.92482],[-79.4286,-5.92486],[-79.42839,-5.92517],[-79.42827,-5.92539],[-79.42822,-5.9256],[-79.42827,-5.92577],[-79.42829,-5.92601],[-79.42819,-5.92687],[-79.42702,-5.92692],[-79.4269,-5.92673],[-79.42692,-5.92639],[-79.42678,-5.92598],[-79.42659,-5.92596],[-79.42537,-5.92646],[-79.42458,-5.92685],[-79.42412,-5.92708],[-79.424,-5.92727],[-79.42386,-5.92753],[-79.42376,-5.92739],[-79.42372,-5.9272],[-79.42381,-5.927],[-79.42444,-5.92665],[-79.42447,-5.92664],[-79.42463,-5.9266],[-79.42484,-5.92655],[-79.42513,-5.92639],[-79.42511,-5.92619],[-79.42432,-5.9261],[-79.4242,-5.9261],[-79.42389,-5.92609],[-79.42348,-5.92629],[-79.42315,-5.92636],[-79.42264,-5.92647],[-79.42255,-5.92635],[-79.42276,-5.92609],[-79.42314,-5.92584],[-79.42372,-5.92544],[-79.42375,-5.92542],[-79.42415,-5.92528],[-79.42363,-5.92461],[-79.42353,-5.92442],[-79.42356,-5.92432],[-79.42423,-5.92408],[-79.42497,-5.92411],[-79.42525,-5.92471],[-79.42535,-5.92502],[-79.42557,-5.92531],[-79.42566,-5.92542],[-79.42578,-5.92557],[-79.42714,-5.92579],[-79.4276,-5.92577],[-79.42784,-5.92567],[-79.42798,-5.92524],[-79.428,-5.92503],[-79.42781,-5.92486],[-79.4275,-5.92476],[-79.42701,-5.9245],[-79.427,-5.9245],[-79.42683,-5.92438],[-79.42667,-5.92404],[-79.42662,-5.92373],[-79.42674,-5.92356],[-79.42703,-5.92361],[-79.42735,-5.92389],[-79.42736,-5.9239],[-79.4277,-5.92429],[-79.42796,-5.92448],[-79.42817,-5.92462],[-79.42848,-5.92445],[-79.42849,-5.92424],[-79.42808,-5.92407],[-79.42782,-5.92381],[-79.42782,-5.92352],[-79.42806,-5.92349],[-79.42874,-5.92379],[-79.42895,-5.92422],[-79.42951,-5.92422],[-79.43002,-5.92409],[-79.43044,-5.92397],[-79.43019,-5.92328],[-79.42981,-5.92303],[-79.42836,-5.9223],[-79.42781,-5.92234],[-79.42729,-5.92246],[-79.42726,-5.92247],[-79.42687,-5.92285],[-79.42662,-5.92285],[-79.42632,-5.92251],[-79.4263,-5.92217],[-79.42628,-5.92187],[-79.42645,-5.9217],[-79.42665,-5.92167],[-79.427,-5.92161],[-79.42705,-5.92127],[-79.42696,-5.92118],[-79.42658,-5.92072],[-79.42641,-5.92059],[-79.42569,-5.92016],[-79.4245,-5.91965],[-79.42382,-5.91959],[-79.42297,-5.91952],[-79.42271,-5.91969],[-79.42275,-5.92007],[-79.42297,-5.92041],[-79.42296,-5.92043],[-79.42279,-5.92096],[-79.42237,-5.92194],[-79.42216,-5.92215],[-79.42211,-5.9222],[-79.42186,-5.92198],[-79.42198,-5.92156],[-79.42216,-5.92113],[-79.42224,-5.92075],[-79.42207,-5.92045],[-79.42169,-5.92011],[-79.42114,-5.91994],[-79.42059,-5.92019],[-79.42046,-5.92049],[-79.42016,-5.921],[-79.41986,-5.92121],[-79.4196,-5.92117],[-79.41956,-5.9211],[-79.41939,-5.92083],[-79.41918,-5.92061],[-79.4188,-5.92057],[-79.41846,-5.92082],[-79.41837,-5.92112],[-79.41827,-5.9213],[-79.41807,-5.92163],[-79.41786,-5.92184],[-79.4176,-5.92163],[-79.41725,-5.92147],[-79.41722,-5.92146],[-79.41715,-5.92152],[-79.41692,-5.92171],[-79.41709,-5.92231],[-79.41743,-5.92261],[-79.41781,-5.9227],[-79.41841,-5.92291],[-79.41843,-5.92298],[-79.41862,-5.92376],[-79.41832,-5.92363],[-79.41794,-5.92363],[-79.41773,-5.92389],[-79.41772,-5.92444],[-79.41776,-5.92453],[-79.41781,-5.92465],[-79.41781,-5.925],[-79.41751,-5.92529],[-79.41717,-5.92542],[-79.4167,-5.92542],[-79.41606,-5.9252],[-79.41564,-5.92503],[-79.41521,-5.92469],[-79.4147,-5.92456],[-79.41436,-5.92473],[-79.41402,-5.92533],[-79.41359,-5.92652],[-79.41372,-5.92677],[-79.41406,-5.92682],[-79.41474,-5.9266],[-79.41657,-5.92644],[-79.41746,-5.92644],[-79.41755,-5.9267],[-79.41678,-5.92695],[-79.41585,-5.92708],[-79.4147,-5.92737],[-79.4141,-5.92767],[-79.41384,-5.92792],[-79.41367,-5.92826],[-79.41486,-5.92925],[-79.41559,-5.92861],[-79.41563,-5.92835],[-79.41563,-5.92806],[-79.4164,-5.92789],[-79.41678,-5.92853],[-79.41644,-5.92882],[-79.41658,-5.92906],[-79.41982,-5.92972],[-79.41984,-5.92972],[-79.42018,-5.92943],[-79.42032,-5.92982],[-79.42113,-5.92998],[-79.42234,-5.93149],[-79.42371,-5.93207],[-79.42374,-5.93178],[-79.42345,-5.93157],[-79.42345,-5.93152],[-79.42345,-5.93127],[-79.42374,-5.93114],[-79.42472,-5.93127],[-79.42502,-5.93179],[-79.42472,-5.93221],[-79.4247,-5.93224],[-79.42453,-5.93242],[-79.4246,-5.93245],[-79.42509,-5.93306],[-79.42523,-5.93306],[-79.42544,-5.93315],[-79.42532,-5.93335],[-79.42596,-5.93415],[-79.42599,-5.93413],[-79.42612,-5.93379],[-79.42637,-5.93358],[-79.42678,-5.93383],[-79.4268,-5.93384],[-79.42689,-5.93404],[-79.42697,-5.93422],[-79.42667,-5.93447],[-79.42646,-5.93464],[-79.4264,-5.9347],[-79.42708,-5.93555],[-79.42815,-5.936],[-79.42896,-5.93634],[-79.42905,-5.93623],[-79.42922,-5.93593],[-79.42956,-5.93593],[-79.4299,-5.93619],[-79.42969,-5.93665],[-79.43045,-5.93697],[-79.4309,-5.93774],[-79.43189,-5.93836],[-79.43214,-5.93858],[-79.43227,-5.93917],[-79.43278,-5.93986],[-79.43299,-5.94011],[-79.43329,-5.94037],[-79.43333,-5.94088],[-79.43299,-5.94118],[-79.43297,-5.94125],[-79.43319,-5.94162],[-79.43323,-5.94205],[-79.43354,-5.94254],[-79.43392,-5.94271],[-79.43405,-5.9425],[-79.4343,-5.94246],[-79.43477,-5.94301],[-79.43485,-5.94344],[-79.4346,-5.94369],[-79.43442,-5.94412],[-79.43427,-5.94491],[-79.43425,-5.94501],[-79.43421,-5.94535],[-79.43426,-5.94549],[-79.43434,-5.9457],[-79.43442,-5.94595],[-79.43421,-5.94638],[-79.43387,-5.94642],[-79.43365,-5.94684],[-79.43356,-5.94748],[-79.43505,-5.94838],[-79.4362,-5.948],[-79.43629,-5.9477],[-79.43655,-5.94658],[-79.43672,-5.94667],[-79.43707,-5.94667],[-79.43734,-5.94662],[-79.43735,-5.94697],[-79.43678,-5.94771],[-79.43672,-5.94828],[-79.43712,-5.94868],[-79.43706,-5.94902],[-79.43638,-5.9497],[-79.43638,-5.95055],[-79.437,-5.95078],[-79.43671,-5.95248],[-79.43711,-5.9535],[-79.43716,-5.95452],[-79.4372,-5.95457],[-79.4372,-5.95457],[-79.43823,-5.95425],[-79.44096,-5.95298],[-79.44261,-5.95231],[-79.44262,-5.95231],[-79.44278,-5.95224],[-79.44316,-5.95209],[-79.44417,-5.95168],[-79.44418,-5.95168],[-79.44447,-5.95156],[-79.44491,-5.95138],[-79.44492,-5.95138],[-79.44443,-5.95064],[-79.44443,-5.95064],[-79.44335,-5.95037],[-79.44313,-5.9502],[-79.44282,-5.94996],[-79.44282,-5.94989],[-79.44282,-5.94929],[-79.44292,-5.94869],[-79.44295,-5.94848],[-79.44276,-5.94848],[-79.44201,-5.94848],[-79.44174,-5.94793],[-79.44135,-5.94713],[-79.44269,-5.94687],[-79.4435,-5.94633],[-79.44457,-5.94634],[-79.44525,-5.94634],[-79.4466,-5.94446],[-79.44592,-5.94405],[-79.44498,-5.94364],[-79.44445,-5.94297],[-79.4427,-5.94404],[-79.44175,-5.94498],[-79.44166,-5.94503],[-79.44095,-5.94538],[-79.44133,-5.94399],[-79.44135,-5.9439],[-79.44163,-5.94323],[-79.44203,-5.94229],[-79.44149,-5.94189],[-79.44082,-5.94121],[-79.44163,-5.94027],[-79.44271,-5.93947],[-79.4454,-5.94028],[-79.44701,-5.94015],[-79.44714,-5.93974],[-79.44695,-5.93968],[-79.44663,-5.93952],[-79.44638,-5.93944],[-79.44611,-5.9394],[-79.4459,-5.93921],[-79.4457,-5.93898],[-79.44545,-5.93866],[-79.44527,-5.93845],[-79.44511,-5.93824],[-79.44499,-5.93804],[-79.44553,-5.93787],[-79.44552,-5.93762],[-79.44514,-5.93745],[-79.44527,-5.93638],[-79.44507,-5.93618],[-79.44474,-5.93584],[-79.44487,-5.93503],[-79.44488,-5.93422],[-79.44407,-5.93382],[-79.44327,-5.93287],[-79.44327,-5.93193],[-79.44421,-5.93193],[-79.44437,-5.93177],[-79.44502,-5.93113],[-79.44596,-5.931],[-79.44673,-5.93107],[-79.44682,-5.93077],[-79.44697,-5.93052],[-79.44706,-5.93022],[-79.4472,-5.92991],[-79.4474,-5.92943],[-79.44746,-5.92925],[-79.44731,-5.92925],[-79.44597,-5.92911],[-79.44516,-5.92884],[-79.44489,-5.92776],[-79.4437,-5.92776],[-79.44369,-5.92776],[-79.44288,-5.92735],[-79.44276,-5.92687],[-79.44261,-5.92628],[-79.44235,-5.92624],[-79.44209,-5.9262],[-79.44219,-5.92586],[-79.4422,-5.92584],[-79.44238,-5.92534],[-79.44253,-5.92493],[-79.44255,-5.92486],[-79.44272,-5.92445],[-79.44275,-5.92436],[-79.44302,-5.92439],[-79.4435,-5.92445],[-79.44443,-5.92382],[-79.44463,-5.92387],[-79.44464,-5.92386],[-79.4441,-5.92278],[-79.44402,-5.92198],[-79.44405,-5.92192],[-79.44417,-5.92158],[-79.44429,-5.92131],[-79.44438,-5.92099],[-79.44447,-5.9207],[-79.44491,-5.92063],[-79.44545,-5.92117],[-79.44612,-5.92184],[-79.44639,-5.92279],[-79.44733,-5.92306],[-79.44854,-5.92306],[-79.4488,-5.92401],[-79.44947,-5.92455],[-79.44992,-5.92388],[-79.45001,-5.92374],[-79.45082,-5.92253],[-79.45069,-5.92194],[-79.45056,-5.92132],[-79.45096,-5.92038],[-79.45119,-5.92049],[-79.45177,-5.92078],[-79.4519,-5.92146],[-79.4523,-5.92253],[-79.4527,-5.92321],[-79.45364,-5.92321],[-79.45445,-5.92281],[-79.45419,-5.92173],[-79.45406,-5.92039],[-79.45513,-5.92094],[-79.45513,-5.91985],[-79.4546,-5.91918],[-79.4542,-5.91796],[-79.45312,-5.91756],[-79.45181,-5.91743],[-79.45164,-5.91742],[-79.45044,-5.91715],[-79.45017,-5.9162],[-79.45026,-5.91583],[-79.45031,-5.91567],[-79.45049,-5.91548],[-79.45084,-5.91513],[-79.45152,-5.91419],[-79.45146,-5.91409],[-79.45085,-5.91298],[-79.44924,-5.91297],[-79.44856,-5.91351],[-79.44843,-5.91472],[-79.44815,-5.9162],[-79.44734,-5.91727],[-79.44627,-5.917],[-79.44616,-5.91643],[-79.44626,-5.91614],[-79.44633,-5.91575],[-79.44639,-5.91544],[-79.44708,-5.91498],[-79.44749,-5.91445],[-79.44749,-5.91364],[-79.44703,-5.91259],[-79.44695,-5.91243],[-79.44588,-5.91162],[-79.44413,-5.91201],[-79.44346,-5.91161],[-79.4436,-5.91053],[-79.44347,-5.90905],[-79.44212,-5.90918],[-79.44132,-5.90878],[-79.44092,-5.90783],[-79.44011,-5.90891]]]}},{"type":"Feature","properties":{"Name":"Zona Reservada Illescas","description":"<div style='font-family:sans-serif;'><h4>ZEE PIURA - Zona Reservada Illescas</h4><table border='1' cellpadding='4' style='border-collapse:collapse;font-size:12px;'><tr><td><b>OBJECTID:</b></td><td>7</td></tr><tr><td><b>ZEECODE:</b></td><td>90</td></tr><tr><td><b>ZEE:</b></td><td>Zona Reservada Illescas</td></tr><tr><td><b>ZEE_ZONAS:</b></td><td>Zona Reservada Illescas</td></tr><tr><td><b>ZEE_GRANDE:</b></td><td>Areas de Conservacion y Proteccion Ecologica</td></tr><tr><td><b>AREA:</b></td><td>378256984.897</td></tr><tr><td><b>PERIMETER:</b></td><td>125454.787</td></tr><tr><td><b>HECTARES:</b></td><td>37825.698</td></tr></table></div>"},"geometry":{"type":"Polygon","coordinates":[[[-81.0753,-5.78803],[-81.07401,-5.78813],[-81.07331,-5.78812],[-81.07319,-5.78812],[-81.07318,-5.78812],[-81.07316,-5.78812],[-81.07316,-5.78812],[-81.07316,-5.78811],[-81.07316,-5.78812],[-81.07304,-5.78876],[-81.07262,-5.79187],[-81.07268,-5.79294],[-81.07242,-5.79403],[-81.0722,-5.79444],[-81.07202,-5.79479],[-81.07149,-5.79495],[-81.0711,-5.79533],[-81.07064,-5.79633],[-81.07026,-5.79736],[-81.07007,-5.79927],[-81.06971,-5.80072],[-81.06956,-5.80112],[-81.06944,-5.80145],[-81.06924,-5.80198],[-81.06922,-5.80201],[-81.06866,-5.80291],[-81.06789,-5.80414],[-81.06788,-5.80431],[-81.06808,-5.80462],[-81.06845,-5.80465],[-81.06839,-5.8049],[-81.06829,-5.80512],[-81.06822,-5.80536],[-81.06814,-5.80561],[-81.06812,-5.80571],[-81.06847,-5.80705],[-81.06939,-5.81055],[-81.06672,-5.81123],[-81.06547,-5.81155],[-81.06547,-5.81305],[-81.06592,-5.81363],[-81.06588,-5.81432],[-81.06584,-5.81433],[-81.06562,-5.81439],[-81.06547,-5.81448],[-81.06547,-5.81496],[-81.06547,-5.8159],[-81.06547,-5.81723],[-81.06547,-5.81771],[-81.06547,-5.82059],[-81.06416,-5.8206],[-81.06416,-5.8206],[-81.05644,-5.8206],[-81.05644,-5.82677],[-81.05644,-5.82964],[-81.05045,-5.82964],[-81.03837,-5.82964],[-81.03837,-5.83531],[-81.03837,-5.83869],[-81.04196,-5.83869],[-81.04206,-5.83869],[-81.04475,-5.83869],[-81.04517,-5.83869],[-81.04741,-5.83869],[-81.04741,-5.84552],[-81.04741,-5.84774],[-81.04456,-5.84774],[-81.0401,-5.84774],[-81.03837,-5.84774],[-81.03231,-5.84774],[-81.02934,-5.84774],[-81.02934,-5.85461],[-81.02934,-5.85592],[-81.02934,-5.85615],[-81.02934,-5.85678],[-81.02845,-5.85678],[-81.02316,-5.85678],[-81.02031,-5.85678],[-81.02031,-5.86016],[-81.02031,-5.8715],[-81.02031,-5.87488],[-81.02511,-5.87488],[-81.02508,-5.87475],[-81.02495,-5.87434],[-81.0249,-5.87359],[-81.0249,-5.87327],[-81.02508,-5.87289],[-81.02549,-5.87239],[-81.02561,-5.87228],[-81.02569,-5.87235],[-81.02811,-5.87488],[-81.03405,-5.87488],[-81.03614,-5.87488],[-81.03838,-5.87488],[-81.03838,-5.88272],[-81.03838,-5.89177],[-81.03838,-5.89734],[-81.03838,-5.91106],[-81.02031,-5.91106],[-81.02031,-5.9382],[-81.01128,-5.9382],[-81.01128,-5.93941],[-81.01128,-5.94007],[-81.01128,-5.94387],[-81.01128,-5.94725],[-81.01567,-5.94725],[-81.01807,-5.94725],[-81.02031,-5.94725],[-81.02031,-5.97028],[-81.02031,-5.97438],[-81.02031,-5.97619],[-81.02031,-5.97952],[-81.02031,-5.98006],[-81.02031,-5.98343],[-81.02534,-5.98343],[-81.03614,-5.98343],[-81.03838,-5.98343],[-81.03838,-5.98729],[-81.03838,-6.00152],[-81.02393,-6.00152],[-81.01844,-6.00152],[-81.01349,-6.00152],[-81.01128,-6.00152],[-81.00813,-6.00152],[-81.00224,-6.00152],[-81.00224,-6.01057],[-81.00224,-6.01228],[-81.00224,-6.01624],[-81.00224,-6.01962],[-81.00818,-6.01962],[-81.01807,-6.01962],[-81.02031,-6.01962],[-81.02032,-6.05396],[-81.02032,-6.0558],[-81.0197,-6.0558],[-81.00224,-6.0558],[-81.00224,-6.07169],[-81.00224,-6.07452],[-81.00224,-6.08294],[-81.00224,-6.08755],[-81.00224,-6.08861],[-81.00224,-6.09199],[-81.00831,-6.09199],[-81.01143,-6.09199],[-81.01196,-6.09199],[-81.01807,-6.09199],[-81.02032,-6.09199],[-81.02032,-6.10119],[-81.02032,-6.10396],[-81.02032,-6.10727],[-81.02032,-6.11008],[-81.01506,-6.11008],[-81.01128,-6.11008],[-81.01128,-6.11364],[-81.01128,-6.1171],[-81.01128,-6.11798],[-81.01128,-6.12323],[-81.01128,-6.12817],[-81.00317,-6.12817],[-81.00224,-6.12817],[-81.00224,-6.12895],[-81.00224,-6.13571],[-81.00224,-6.13591],[-81.00224,-6.13611],[-81.00229,-6.13609],[-81.0024,-6.13602],[-81.00242,-6.13601],[-81.00743,-6.13286],[-81.00857,-6.13234],[-81.01138,-6.13064],[-81.01154,-6.13056],[-81.01156,-6.13055],[-81.0116,-6.13054],[-81.01241,-6.13015],[-81.01241,-6.13015],[-81.01278,-6.12997],[-81.01437,-6.12908],[-81.01503,-6.12879],[-81.01675,-6.12773],[-81.01908,-6.12655],[-81.01975,-6.12627],[-81.01997,-6.12617],[-81.02157,-6.12515],[-81.02294,-6.12441],[-81.02326,-6.12424],[-81.02466,-6.12358],[-81.02808,-6.12154],[-81.02895,-6.12122],[-81.03014,-6.12063],[-81.03151,-6.11979],[-81.03628,-6.11731],[-81.03699,-6.11682],[-81.03701,-6.11681],[-81.03904,-6.11571],[-81.04152,-6.11406],[-81.04223,-6.11366],[-81.04531,-6.11194],[-81.04729,-6.11066],[-81.04736,-6.11062],[-81.04775,-6.11037],[-81.04864,-6.10993],[-81.04939,-6.10945],[-81.05108,-6.10858],[-81.05395,-6.10653],[-81.05512,-6.10599],[-81.05538,-6.10583],[-81.05566,-6.10565],[-81.05716,-6.10443],[-81.05973,-6.10261],[-81.06027,-6.10213],[-81.06134,-6.1016],[-81.06233,-6.10084],[-81.06241,-6.10079],[-81.06417,-6.09967],[-81.06494,-6.09907],[-81.06495,-6.09907],[-81.06573,-6.09847],[-81.06915,-6.09653],[-81.06915,-6.09653],[-81.06931,-6.09641],[-81.07138,-6.09483],[-81.07301,-6.09383],[-81.07404,-6.09307],[-81.07677,-6.09147],[-81.07767,-6.09087],[-81.07846,-6.09033],[-81.07915,-6.08996],[-81.08046,-6.08916],[-81.0811,-6.08877],[-81.0818,-6.08823],[-81.08278,-6.08736],[-81.08454,-6.08614],[-81.08472,-6.08609],[-81.08472,-6.08609],[-81.08475,-6.08608],[-81.08489,-6.08604],[-81.08679,-6.08504],[-81.09157,-6.08203],[-81.09375,-6.08028],[-81.09457,-6.07953],[-81.09802,-6.07678],[-81.09959,-6.0753],[-81.10084,-6.07389],[-81.10159,-6.07329],[-81.10237,-6.07244],[-81.10303,-6.07184],[-81.10371,-6.07101],[-81.10422,-6.07024],[-81.10589,-6.06883],[-81.10656,-6.06816],[-81.10721,-6.06733],[-81.10786,-6.06632],[-81.10903,-6.06481],[-81.11021,-6.06361],[-81.11149,-6.06195],[-81.1115,-6.06194],[-81.1115,-6.06194],[-81.1121,-6.06062],[-81.11245,-6.05915],[-81.11328,-6.0576],[-81.11342,-6.05706],[-81.11342,-6.05705],[-81.11343,-6.05703],[-81.11353,-6.05666],[-81.11354,-6.05664],[-81.11346,-6.05657],[-81.11376,-6.05583],[-81.11441,-6.05505],[-81.11457,-6.05486],[-81.11485,-6.05422],[-81.11486,-6.05368],[-81.11469,-6.05297],[-81.11457,-6.05276],[-81.11457,-6.05276],[-81.11439,-6.05243],[-81.11419,-6.05225],[-81.11392,-6.05199],[-81.11391,-6.05198],[-81.11386,-6.05193],[-81.11375,-6.05183],[-81.11348,-6.05157],[-81.11342,-6.05149],[-81.11337,-6.05143],[-81.11332,-6.05137],[-81.11328,-6.0513],[-81.11318,-6.05076],[-81.11319,-6.0505],[-81.11319,-6.0505],[-81.11322,-6.05008],[-81.11325,-6.05],[-81.11335,-6.04969],[-81.11363,-6.04884],[-81.11404,-6.04794],[-81.11502,-6.04662],[-81.11595,-6.04547],[-81.11599,-6.04541],[-81.11649,-6.04465],[-81.1172,-6.04375],[-81.11739,-6.04339],[-81.11748,-6.0431],[-81.11748,-6.04262],[-81.11721,-6.04182],[-81.11719,-6.04145],[-81.11718,-6.04126],[-81.11719,-6.04117],[-81.11729,-6.04034],[-81.11745,-6.03988],[-81.11792,-6.03912],[-81.1193,-6.03737],[-81.12143,-6.03523],[-81.12186,-6.0347],[-81.1219,-6.03465],[-81.12198,-6.03455],[-81.12495,-6.03123],[-81.12533,-6.03081],[-81.12627,-6.02955],[-81.12979,-6.02542],[-81.13069,-6.02391],[-81.13132,-6.02326],[-81.1316,-6.02285],[-81.13252,-6.02103],[-81.13308,-6.02024],[-81.13366,-6.01912],[-81.13409,-6.01857],[-81.13421,-6.0185],[-81.13421,-6.0185],[-81.13429,-6.01846],[-81.13472,-6.01759],[-81.13481,-6.01751],[-81.13491,-6.01725],[-81.13501,-6.01698],[-81.13504,-6.01688],[-81.13521,-6.01669],[-81.13526,-6.01664],[-81.13526,-6.01664],[-81.13535,-6.01653],[-81.13537,-6.01647],[-81.13546,-6.01615],[-81.13547,-6.01608],[-81.13555,-6.01579],[-81.13555,-6.01579],[-81.13645,-6.0145],[-81.13697,-6.0136],[-81.13757,-6.01232],[-81.13798,-6.0113],[-81.1386,-6.01044],[-81.13977,-6.00802],[-81.1398,-6.00795],[-81.14011,-6.00723],[-81.14036,-6.00666],[-81.14053,-6.00613],[-81.14054,-6.00611],[-81.14091,-6.005],[-81.14295,-6.0],[-81.14317,-5.99928],[-81.14357,-5.99744],[-81.14456,-5.9952],[-81.14579,-5.99133],[-81.14723,-5.98734],[-81.14743,-5.98673],[-81.14844,-5.98362],[-81.1489,-5.98258],[-81.14926,-5.98124],[-81.14945,-5.98004],[-81.14954,-5.97945],[-81.14947,-5.97899],[-81.14886,-5.97691],[-81.14875,-5.97467],[-81.14868,-5.97438],[-81.14811,-5.97357],[-81.14811,-5.97357],[-81.14793,-5.97332],[-81.1477,-5.973],[-81.14751,-5.97286],[-81.14698,-5.97247],[-81.14697,-5.97247],[-81.14671,-5.97228],[-81.14646,-5.9721],[-81.14646,-5.9721],[-81.14578,-5.9716],[-81.14557,-5.97145],[-81.1452,-5.97064],[-81.14514,-5.97032],[-81.14514,-5.96979],[-81.14514,-5.96966],[-81.14513,-5.96744],[-81.14529,-5.96556],[-81.14598,-5.96301],[-81.1461,-5.96267],[-81.14876,-5.95477],[-81.14877,-5.95477],[-81.14887,-5.95445],[-81.14921,-5.95165],[-81.14922,-5.94975],[-81.14956,-5.94761],[-81.14933,-5.94686],[-81.14814,-5.94554],[-81.14779,-5.94489],[-81.14788,-5.94349],[-81.14793,-5.9432],[-81.14807,-5.94238],[-81.1482,-5.94159],[-81.1482,-5.94159],[-81.14821,-5.94151],[-81.1482,-5.94093],[-81.1482,-5.94093],[-81.14818,-5.94],[-81.14807,-5.93981],[-81.14788,-5.93947],[-81.14692,-5.93849],[-81.1467,-5.93827],[-81.14643,-5.93792],[-81.14599,-5.93735],[-81.14529,-5.93557],[-81.145,-5.93445],[-81.14499,-5.93441],[-81.14499,-5.93405],[-81.14495,-5.93405],[-81.1447,-5.93405],[-81.14448,-5.9341],[-81.14456,-5.93396],[-81.1447,-5.9337],[-81.14475,-5.93348],[-81.1448,-5.93325],[-81.1448,-5.93297],[-81.14478,-5.93272],[-81.14474,-5.93246],[-81.14466,-5.93224],[-81.14457,-5.932],[-81.14445,-5.93179],[-81.14432,-5.9316],[-81.14413,-5.93144],[-81.14395,-5.93123],[-81.14375,-5.93107],[-81.14357,-5.93091],[-81.14334,-5.93076],[-81.14311,-5.93064],[-81.14286,-5.93051],[-81.14261,-5.93041],[-81.14258,-5.9304],[-81.14231,-5.93035],[-81.14207,-5.93026],[-81.14184,-5.93024],[-81.1418,-5.93023],[-81.14161,-5.93021],[-81.14136,-5.93018],[-81.1413,-5.93018],[-81.14128,-5.9301],[-81.14122,-5.92984],[-81.14144,-5.9294],[-81.14181,-5.92896],[-81.1418,-5.92885],[-81.14174,-5.92815],[-81.14199,-5.92763],[-81.14208,-5.92764],[-81.14231,-5.9277],[-81.14255,-5.92777],[-81.14277,-5.92781],[-81.14307,-5.92781],[-81.1433,-5.92784],[-81.14358,-5.92791],[-81.14367,-5.92793],[-81.1438,-5.92797],[-81.14403,-5.92804],[-81.14429,-5.9282],[-81.14449,-5.92832],[-81.1448,-5.92836],[-81.14498,-5.92835],[-81.14503,-5.92835],[-81.14507,-5.92832],[-81.14528,-5.92821],[-81.1453,-5.9282],[-81.14557,-5.92654],[-81.1455,-5.92488],[-81.14543,-5.9234],[-81.14543,-5.9234],[-81.14591,-5.92183],[-81.14595,-5.91945],[-81.14611,-5.91563],[-81.14586,-5.91401],[-81.14572,-5.91308],[-81.14571,-5.91297],[-81.14565,-5.91259],[-81.14553,-5.91178],[-81.14553,-5.91177],[-81.14553,-5.91175],[-81.14501,-5.91021],[-81.1447,-5.90913],[-81.1448,-5.90876],[-81.14507,-5.90774],[-81.14533,-5.90709],[-81.14486,-5.90406],[-81.14486,-5.90404],[-81.14479,-5.90356],[-81.14479,-5.90356],[-81.14479,-5.90356],[-81.14524,-5.90128],[-81.14564,-5.90016],[-81.14564,-5.89934],[-81.14577,-5.89878],[-81.14672,-5.8968],[-81.14678,-5.8967],[-81.14737,-5.89574],[-81.14771,-5.8949],[-81.14795,-5.89432],[-81.14859,-5.89301],[-81.14887,-5.89221],[-81.14914,-5.89107],[-81.14939,-5.89031],[-81.14943,-5.88959],[-81.14939,-5.88949],[-81.14939,-5.88949],[-81.14929,-5.88923],[-81.14789,-5.88785],[-81.14764,-5.88761],[-81.14724,-5.88695],[-81.14706,-5.88665],[-81.14601,-5.88515],[-81.14425,-5.88287],[-81.14344,-5.88198],[-81.14321,-5.88173],[-81.14292,-5.8815],[-81.14291,-5.88149],[-81.1427,-5.88132],[-81.14143,-5.88063],[-81.14092,-5.88035],[-81.14088,-5.88033],[-81.1407,-5.88017],[-81.13984,-5.87943],[-81.13962,-5.87924],[-81.13834,-5.87792],[-81.13775,-5.87714],[-81.13733,-5.87659],[-81.13733,-5.87658],[-81.13732,-5.87657],[-81.13629,-5.87522],[-81.13551,-5.87394],[-81.13548,-5.8739],[-81.13548,-5.8739],[-81.13548,-5.87389],[-81.13516,-5.87337],[-81.13515,-5.87336],[-81.13512,-5.87331],[-81.13467,-5.87257],[-81.13375,-5.87119],[-81.13206,-5.86913],[-81.1317,-5.86928],[-81.1316,-5.86933],[-81.13134,-5.86944],[-81.13128,-5.86947],[-81.13115,-5.86931],[-81.13098,-5.86912],[-81.13073,-5.86889],[-81.13052,-5.86869],[-81.13022,-5.86851],[-81.12999,-5.86836],[-81.12975,-5.86823],[-81.12983,-5.86791],[-81.12942,-5.86755],[-81.12924,-5.86727],[-81.12923,-5.86724],[-81.12913,-5.86701],[-81.12909,-5.8669],[-81.12905,-5.86675],[-81.129,-5.86659],[-81.12896,-5.86652],[-81.12894,-5.86626],[-81.12886,-5.86598],[-81.12886,-5.8657],[-81.12879,-5.86547],[-81.1288,-5.86524],[-81.1288,-5.86499],[-81.1288,-5.86487],[-81.12869,-5.86471],[-81.12851,-5.86446],[-81.12835,-5.86403],[-81.12825,-5.86377],[-81.12819,-5.86363],[-81.12805,-5.86326],[-81.12788,-5.8628],[-81.12782,-5.86244],[-81.12713,-5.86244],[-81.1274,-5.862],[-81.12772,-5.86177],[-81.12772,-5.8614],[-81.12771,-5.86091],[-81.12771,-5.8604],[-81.12738,-5.85911],[-81.12675,-5.85786],[-81.12656,-5.8575],[-81.12578,-5.85621],[-81.12443,-5.85398],[-81.12419,-5.85339],[-81.12407,-5.85258],[-81.12392,-5.8516],[-81.12384,-5.85105],[-81.12361,-5.84827],[-81.12315,-5.8454],[-81.1232,-5.84483],[-81.1232,-5.84483],[-81.12366,-5.84419],[-81.12375,-5.84395],[-81.12375,-5.84385],[-81.12375,-5.84384],[-81.12375,-5.84347],[-81.12375,-5.84336],[-81.12351,-5.84297],[-81.12283,-5.84242],[-81.12267,-5.84236],[-81.1224,-5.84225],[-81.12237,-5.84224],[-81.1222,-5.84223],[-81.12148,-5.84218],[-81.12148,-5.84218],[-81.11956,-5.8422],[-81.11929,-5.84217],[-81.11868,-5.84212],[-81.11846,-5.8421],[-81.11839,-5.8421],[-81.11833,-5.84207],[-81.11833,-5.84207],[-81.118,-5.84192],[-81.11722,-5.84132],[-81.11627,-5.84098],[-81.11622,-5.84097],[-81.11542,-5.84094],[-81.11452,-5.8409],[-81.11451,-5.8409],[-81.1139,-5.84094],[-81.11389,-5.84094],[-81.11312,-5.84098],[-81.11285,-5.84105],[-81.11283,-5.84106],[-81.11257,-5.84112],[-81.1123,-5.84135],[-81.11209,-5.84153],[-81.11136,-5.84231],[-81.11119,-5.84256],[-81.11111,-5.84268],[-81.11055,-5.8435],[-81.11055,-5.84351],[-81.11053,-5.84353],[-81.11052,-5.84354],[-81.11052,-5.84354],[-81.11001,-5.84396],[-81.10996,-5.844],[-81.10972,-5.84408],[-81.10914,-5.84429],[-81.10891,-5.84437],[-81.10867,-5.84446],[-81.10719,-5.8446],[-81.10836,-5.84473],[-81.10833,-5.84483],[-81.10828,-5.84506],[-81.1082,-5.84529],[-81.10816,-5.84552],[-81.10806,-5.84575],[-81.10804,-5.84586],[-81.10775,-5.84614],[-81.10763,-5.84649],[-81.10741,-5.8465],[-81.10711,-5.84651],[-81.10683,-5.84653],[-81.1066,-5.84656],[-81.10638,-5.8466],[-81.10614,-5.84667],[-81.10585,-5.84669],[-81.1056,-5.84673],[-81.1053,-5.84675],[-81.10502,-5.84674],[-81.10493,-5.84675],[-81.10463,-5.84638],[-81.10488,-5.84493],[-81.10503,-5.8445],[-81.10507,-5.84439],[-81.10566,-5.84428],[-81.10339,-5.84348],[-81.10323,-5.84345],[-81.10272,-5.84325],[-81.10272,-5.84325],[-81.10266,-5.84322],[-81.10266,-5.84322],[-81.10263,-5.84321],[-81.10261,-5.84319],[-81.10175,-5.84279],[-81.10186,-5.8426],[-81.10162,-5.84242],[-81.10142,-5.84224],[-81.10142,-5.84223],[-81.10012,-5.84108],[-81.09746,-5.83817],[-81.09602,-5.83585],[-81.09599,-5.83579],[-81.09581,-5.83547],[-81.09562,-5.83529],[-81.09562,-5.83529],[-81.09494,-5.83465],[-81.09445,-5.83447],[-81.09407,-5.83482],[-81.09392,-5.83406],[-81.0946,-5.83391],[-81.0946,-5.8339],[-81.094,-5.83201],[-81.09377,-5.83159],[-81.09349,-5.8316],[-81.09319,-5.83194],[-81.0929,-5.83245],[-81.09292,-5.83231],[-81.09292,-5.83206],[-81.09293,-5.83183],[-81.093,-5.83151],[-81.09306,-5.83128],[-81.09307,-5.83106],[-81.09313,-5.83078],[-81.09316,-5.83052],[-81.0932,-5.83027],[-81.09321,-5.83003],[-81.09324,-5.82977],[-81.09324,-5.82963],[-81.09356,-5.83058],[-81.09329,-5.82916],[-81.09304,-5.82838],[-81.09241,-5.82634],[-81.09248,-5.82605],[-81.09249,-5.82605],[-81.09249,-5.82605],[-81.09253,-5.82589],[-81.09255,-5.82582],[-81.09255,-5.82582],[-81.09255,-5.82582],[-81.09257,-5.82579],[-81.09257,-5.82578],[-81.09296,-5.82519],[-81.09298,-5.82517],[-81.09327,-5.82474],[-81.0933,-5.82452],[-81.09325,-5.82433],[-81.09318,-5.82427],[-81.09307,-5.82419],[-81.09285,-5.82401],[-81.09284,-5.824],[-81.09254,-5.82391],[-81.09225,-5.82382],[-81.09177,-5.82321],[-81.0916,-5.8232],[-81.09156,-5.82319],[-81.09052,-5.8231],[-81.0904,-5.82306],[-81.0903,-5.82303],[-81.0902,-5.823],[-81.0902,-5.823],[-81.08998,-5.82281],[-81.08782,-5.82093],[-81.0878,-5.82089],[-81.08728,-5.82084],[-81.08678,-5.82124],[-81.08618,-5.82185],[-81.08508,-5.82124],[-81.08454,-5.82121],[-81.08461,-5.82102],[-81.08468,-5.82079],[-81.08474,-5.82046],[-81.08477,-5.82034],[-81.0849,-5.82031],[-81.08513,-5.82029],[-81.08541,-5.82025],[-81.08568,-5.8202],[-81.08591,-5.82017],[-81.08615,-5.82017],[-81.0864,-5.82017],[-81.08665,-5.82018],[-81.08695,-5.82015],[-81.087,-5.82014],[-81.08697,-5.8201],[-81.08649,-5.81817],[-81.08649,-5.81817],[-81.08648,-5.81815],[-81.08635,-5.81788],[-81.08604,-5.81724],[-81.08604,-5.81724],[-81.08603,-5.81721],[-81.08592,-5.81699],[-81.08592,-5.81699],[-81.08544,-5.81566],[-81.0852,-5.81224],[-81.08503,-5.81131],[-81.08463,-5.81036],[-81.08439,-5.81007],[-81.08418,-5.80982],[-81.08284,-5.80637],[-81.0826,-5.80499],[-81.08267,-5.8044],[-81.08323,-5.80382],[-81.08335,-5.8036],[-81.08337,-5.80275],[-81.08339,-5.80222],[-81.08342,-5.801],[-81.08344,-5.8003],[-81.0838,-5.79898],[-81.08382,-5.79896],[-81.08435,-5.79803],[-81.08446,-5.79758],[-81.08464,-5.79687],[-81.08454,-5.79557],[-81.08449,-5.79538],[-81.08435,-5.79477],[-81.08411,-5.79443],[-81.08366,-5.79408],[-81.08366,-5.79408],[-81.08352,-5.79398],[-81.08352,-5.79398],[-81.08352,-5.79398],[-81.08335,-5.79367],[-81.08335,-5.79367],[-81.08329,-5.79355],[-81.08325,-5.79348],[-81.08316,-5.79331],[-81.08314,-5.79329],[-81.08314,-5.79329],[-81.08314,-5.79329],[-81.08327,-5.79282],[-81.08367,-5.79221],[-81.0837,-5.79188],[-81.08363,-5.79167],[-81.08362,-5.79166],[-81.08362,-5.79166],[-81.08342,-5.79154],[-81.08314,-5.79153],[-81.08295,-5.79158],[-81.0828,-5.79163],[-81.08273,-5.79165],[-81.08197,-5.79199],[-81.08197,-5.79199],[-81.08179,-5.792],[-81.08174,-5.792],[-81.08173,-5.79199],[-81.08164,-5.79188],[-81.08154,-5.79135],[-81.0815,-5.79128],[-81.08149,-5.79119],[-81.08125,-5.79091],[-81.08112,-5.79058],[-81.08069,-5.79025],[-81.08014,-5.78962],[-81.07934,-5.78945],[-81.07888,-5.7894],[-81.0784,-5.78935],[-81.07817,-5.78921],[-81.07797,-5.78896],[-81.07797,-5.78896],[-81.07797,-5.78896],[-81.07792,-5.78888],[-81.0779,-5.78886],[-81.07771,-5.78878],[-81.07751,-5.7888],[-81.07687,-5.78888],[-81.07673,-5.78889],[-81.07673,-5.78889],[-81.07673,-5.78889],[-81.07626,-5.78884],[-81.07614,-5.78874],[-81.07613,-5.78874],[-81.07577,-5.78819],[-81.0753,-5.78803]]]}},{"type":"Feature","properties":{"Name":"Yacimiento Minero Rio Blanco asociadas a Zonas para proteccion y conservacion ecologica","description":"<div style='font-family:sans-serif;'><h4>ZEE PIURA - Yacimiento Minero Rio Blanco asociadas a Zonas para proteccion y conservacion ecologica</h4><table border='1' cellpadding='4' style='border-collapse:collapse;font-size:12px;'><tr><td><b>OBJECTID:</b></td><td>8</td></tr><tr><td><b>ZEECODE:</b></td><td>102</td></tr><tr><td><b>ZEE:</b></td><td>Yacimiento Minero Rio Blanco asociadas a Zonas para proteccion y conservacion ecologica</td></tr><tr><td><b>ZEE_ZONAS:</b></td><td>Yacimiento Minero Rio Blanco asociadas a Zonas para proteccion y conservacion ecologica</td></tr><tr><td><b>ZEE_GRANDE:</b></td><td>Zonas de Tratamiento Especial</td></tr><tr><td><b>AREA:</b></td><td>63104987.255</td></tr><tr><td><b>PERIMETER:</b></td><td>69438.291</td></tr><tr><td><b>HECTARES:</b></td><td>6310.499</td></tr></table></div>"},"geometry":{"type":"Polygon","coordinates":[[[-80.31341,-5.90194],[-80.3134,-5.90726],[-80.33267,-5.90729],[-80.33281,-5.90723],[-80.33309,-5.90714],[-80.33334,-5.90702],[-80.33364,-5.90693],[-80.33401,-5.90676],[-80.33438,-5.90668],[-80.3347,-5.90656],[-80.33471,-5.90656],[-80.33511,-5.90696],[-80.33596,-5.90687],[-80.33596,-5.90636],[-80.33591,-5.90113],[-80.33589,-5.89942],[-80.33584,-5.89371],[-80.33584,-5.89337],[-80.3358,-5.8892],[-80.32544,-5.88919],[-80.321,-5.88918],[-80.3188,-5.88918],[-80.31533,-5.88917],[-80.31342,-5.88917],[-80.31342,-5.89204],[-80.31341,-5.89962],[-80.31341,-5.90194]]]}},{"type":"Feature","properties":{"Name":"Yacimiento Minero Tambogrande asociadas a Zonas para proteccion y conservacion ecologica","description":"<div style='font-family:sans-serif;'><h4>ZEE PIURA - Yacimiento Minero Tambogrande asociadas a Zonas para proteccion y conservacion ecologica</h4><table border='1' cellpadding='4' style='border-collapse:collapse;font-size:12px;'><tr><td><b>OBJECTID:</b></td><td>9</td></tr><tr><td><b>ZEECODE:</b></td><td>103</td></tr><tr><td><b>ZEE:</b></td><td>Yacimiento Minero Tambogrande asociadas a Zonas para proteccion y conservacion ecologica</td></tr><tr><td><b>ZEE_ZONAS:</b></td><td>Yacimiento Minero Tambogrande asociadas a Zonas para proteccion y conservacion ecologica</td></tr><tr><td><b>ZEE_GRANDE:</b></td><td>Zonas de Tratamiento Especial</td></tr><tr><td><b>AREA:</b></td><td>141876698.598</td></tr><tr><td><b>PERIMETER:</b></td><td>89165.748</td></tr><tr><td><b>HECTARES:</b></td><td>14187.67</td></tr></table></div>"},"geometry":{"type":"Polygon","coordinates":[[[-80.30167,-4.88803],[-80.30167,-4.88869],[-80.30158,-4.88842],[-80.30075,-4.88774],[-80.29981,-4.88806],[-80.29983,-4.88734],[-80.29969,-4.88706],[-80.29896,-4.88628],[-80.29861,-4.88611],[-80.2971,-4.88545],[-80.29651,-4.88549],[-80.29651,-4.88549],[-80.29651,-4.88573],[-80.29651,-4.88925],[-80.29651,-4.88946],[-80.2965,-4.89377],[-80.2965,-4.89459],[-80.29649,-4.90315],[-80.29648,-4.91634],[-80.29647,-4.92125],[-80.29647,-4.92464],[-80.29647,-4.92608],[-80.29647,-4.92683],[-80.29647,-4.9287],[-80.29646,-4.93779],[-80.29646,-4.93934],[-80.29646,-4.94009],[-80.29644,-4.95504],[-80.29644,-4.9554],[-80.29644,-4.95657],[-80.29644,-4.95743],[-80.29643,-4.95989],[-80.29642,-4.96873],[-80.29642,-4.97347],[-80.29647,-4.97347],[-80.2967,-4.97347],[-80.29695,-4.97348],[-80.29734,-4.97352],[-80.29768,-4.97353],[-80.29787,-4.97353],[-80.298,-4.97353],[-80.29823,-4.97353],[-80.29829,-4.97353],[-80.29826,-4.97378],[-80.29817,-4.97475],[-80.29816,-4.97475],[-80.2979,-4.9748],[-80.29774,-4.97486],[-80.29756,-4.97491],[-80.29742,-4.97498],[-80.29724,-4.97502],[-80.29706,-4.97511],[-80.29676,-4.97518],[-80.2966,-4.9752],[-80.29642,-4.97529],[-80.29642,-4.97552],[-80.29602,-4.97552],[-80.29261,-4.97552],[-80.27838,-4.9755],[-80.27582,-4.9755],[-80.2737,-4.9755],[-80.27369,-4.97551],[-80.27325,-4.97594],[-80.27282,-4.97602],[-80.27242,-4.97592],[-80.27215,-4.97549],[-80.25727,-4.97548],[-80.25258,-4.97547],[-80.25261,-4.97553],[-80.25273,-4.97594],[-80.25267,-4.97649],[-80.25218,-4.97666],[-80.25182,-4.97679],[-80.25165,-4.97685],[-80.25132,-4.97658],[-80.25131,-4.98081],[-80.25145,-4.9808],[-80.25184,-4.98075],[-80.25205,-4.98076],[-80.25221,-4.98076],[-80.25222,-4.98076],[-80.25203,-4.9814],[-80.25131,-4.98176],[-80.25131,-4.98452],[-80.25087,-4.98452],[-80.25059,-4.98452],[-80.25059,-4.98452],[-80.24973,-4.98452],[-80.24229,-4.98451],[-80.23793,-4.9845],[-80.23424,-4.9845],[-80.23428,-4.98507],[-80.23435,-4.98596],[-80.23393,-4.98617],[-80.23365,-4.98639],[-80.23354,-4.98667],[-80.23268,-4.98699],[-80.23171,-4.98678],[-80.2314,-4.98653],[-80.23068,-4.98595],[-80.23,-4.98499],[-80.22891,-4.98475],[-80.22869,-4.98471],[-80.22752,-4.98464],[-80.22675,-4.98464],[-80.22671,-4.98463],[-80.22654,-4.98453],[-80.22645,-4.98449],[-80.22614,-4.98449],[-80.22594,-4.98443],[-80.22545,-4.98419],[-80.22529,-4.98419],[-80.22508,-4.98418],[-80.22487,-4.98422],[-80.22471,-4.98427],[-80.22453,-4.98427],[-80.22432,-4.98427],[-80.22416,-4.98422],[-80.22398,-4.98406],[-80.22378,-4.98392],[-80.22364,-4.9839],[-80.22339,-4.98382],[-80.22316,-4.98378],[-80.22288,-4.98378],[-80.2227,-4.98378],[-80.22249,-4.98378],[-80.22229,-4.98382],[-80.22213,-4.98387],[-80.22199,-4.98396],[-80.22183,-4.98402],[-80.22165,-4.98414],[-80.22149,-4.98423],[-80.22133,-4.98432],[-80.22117,-4.98441],[-80.22101,-4.98441],[-80.22082,-4.98438],[-80.22057,-4.98429],[-80.22039,-4.98424],[-80.2202,-4.98417],[-80.21998,-4.9841],[-80.21977,-4.9841],[-80.21961,-4.9841],[-80.21936,-4.98414],[-80.21932,-4.98418],[-80.21976,-4.98435],[-80.22118,-4.98504],[-80.22223,-4.98554],[-80.22237,-4.98548],[-80.22258,-4.98545],[-80.22274,-4.98545],[-80.2229,-4.98546],[-80.22308,-4.98546],[-80.22324,-4.98546],[-80.22342,-4.98546],[-80.22363,-4.98551],[-80.22377,-4.98555],[-80.22397,-4.98564],[-80.2242,-4.98576],[-80.22425,-4.98579],[-80.22425,-4.98652],[-80.22439,-4.98655],[-80.22483,-4.98676],[-80.22539,-4.98726],[-80.22601,-4.9885],[-80.22587,-4.98967],[-80.22511,-4.9905],[-80.22424,-4.99117],[-80.22423,-4.99816],[-80.22422,-5.00551],[-80.22422,-5.0057],[-80.22422,-5.00851],[-80.22454,-5.008],[-80.22511,-5.00709],[-80.22534,-5.00672],[-80.22557,-5.0066],[-80.22667,-5.0075],[-80.22714,-5.01042],[-80.22625,-5.01147],[-80.22472,-5.01327],[-80.22421,-5.01351],[-80.2242,-5.02276],[-80.2242,-5.02452],[-80.2242,-5.026],[-80.2242,-5.02736],[-80.2242,-5.02866],[-80.22424,-5.02868],[-80.22472,-5.02899],[-80.22562,-5.02913],[-80.22568,-5.02915],[-80.2257,-5.02915],[-80.22636,-5.02942],[-80.22636,-5.02943],[-80.2264,-5.02945],[-80.22701,-5.02972],[-80.22739,-5.02972],[-80.22876,-5.02829],[-80.22919,-5.02963],[-80.22913,-5.02972],[-80.22922,-5.02972],[-80.23095,-5.02972],[-80.23185,-5.02972],[-80.23648,-5.02973],[-80.23681,-5.02973],[-80.23822,-5.02973],[-80.23845,-5.02973],[-80.23867,-5.02973],[-80.24224,-5.02974],[-80.24959,-5.02974],[-80.25069,-5.02975],[-80.25074,-5.02975],[-80.26028,-5.02976],[-80.262,-5.02976],[-80.26429,-5.02976],[-80.26771,-5.02977],[-80.26828,-5.02977],[-80.2698,-5.02977],[-80.2708,-5.02977],[-80.27499,-5.02977],[-80.27616,-5.02977],[-80.27812,-5.02978],[-80.27832,-5.02978],[-80.27846,-5.02978],[-80.28127,-5.02978],[-80.28379,-5.02978],[-80.28404,-5.02948],[-80.28436,-5.02907],[-80.28461,-5.02866],[-80.28544,-5.02899],[-80.28569,-5.02961],[-80.28575,-5.02979],[-80.28639,-5.02979],[-80.28783,-5.029],[-80.28848,-5.02865],[-80.28907,-5.02918],[-80.28912,-5.02922],[-80.28915,-5.02922],[-80.29092,-5.02931],[-80.29187,-5.0288],[-80.2929,-5.02741],[-80.29303,-5.02726],[-80.2933,-5.02709],[-80.29358,-5.02705],[-80.29389,-5.02718],[-80.29411,-5.02748],[-80.2941,-5.0288],[-80.29362,-5.02941],[-80.29371,-5.02966],[-80.29358,-5.02979],[-80.29636,-5.0298],[-80.29637,-5.02444],[-80.29637,-5.01835],[-80.29638,-5.01496],[-80.29638,-5.00995],[-80.29638,-5.00833],[-80.29639,-5.00517],[-80.29639,-5.0044],[-80.29636,-5.00432],[-80.29637,-5.00271],[-80.29639,-5.00264],[-80.2964,-4.99451],[-80.2964,-4.98917],[-80.29624,-4.98922],[-80.29564,-4.98881],[-80.29555,-4.98846],[-80.29558,-4.9884],[-80.2964,-4.98817],[-80.29641,-4.9862],[-80.29641,-4.9862],[-80.29641,-4.98457],[-80.29904,-4.98457],[-80.30083,-4.98457],[-80.30178,-4.98457],[-80.30293,-4.98457],[-80.30658,-4.98458],[-80.30851,-4.98458],[-80.31148,-4.98458],[-80.31364,-4.98459],[-80.31445,-4.98459],[-80.31445,-4.98452],[-80.31382,-4.98408],[-80.31306,-4.98332],[-80.31256,-4.98264],[-80.31306,-4.98214],[-80.31355,-4.98224],[-80.31414,-4.98239],[-80.31445,-4.98259],[-80.31445,-4.97824],[-80.31446,-4.9757],[-80.31446,-4.9756],[-80.31446,-4.97554],[-80.31452,-4.97554],[-80.31467,-4.97554],[-80.3325,-4.97556],[-80.33564,-4.97556],[-80.33849,-4.97556],[-80.34128,-4.97557],[-80.34152,-4.97557],[-80.34458,-4.97557],[-80.34602,-4.97557],[-80.34704,-4.97557],[-80.35246,-4.97558],[-80.35295,-4.97558],[-80.35384,-4.97558],[-80.35435,-4.97541],[-80.35536,-4.97496],[-80.35514,-4.97417],[-80.35614,-4.97384],[-80.35643,-4.97436],[-80.35668,-4.97482],[-80.3564,-4.97558],[-80.35956,-4.97559],[-80.36052,-4.97559],[-80.37554,-4.9756],[-80.37655,-4.9756],[-80.37821,-4.9756],[-80.38371,-4.97561],[-80.38662,-4.97561],[-80.38663,-4.95754],[-80.38663,-4.95752],[-80.38664,-4.94779],[-80.38665,-4.93993],[-80.38665,-4.93943],[-80.38665,-4.937],[-80.38665,-4.93592],[-80.38666,-4.93402],[-80.38666,-4.93372],[-80.38666,-4.93266],[-80.38666,-4.93062],[-80.38666,-4.9268],[-80.38666,-4.92346],[-80.38749,-4.92231],[-80.38787,-4.92134],[-80.38846,-4.91984],[-80.38853,-4.91835],[-80.38855,-4.91799],[-80.38809,-4.91655],[-80.38794,-4.9161],[-80.38776,-4.91551],[-80.38769,-4.914],[-80.38767,-4.91357],[-80.38764,-4.91353],[-80.38668,-4.91204],[-80.38668,-4.9039],[-80.38668,-4.90366],[-80.38668,-4.90324],[-80.38668,-4.9029],[-80.38669,-4.89096],[-80.3867,-4.88868],[-80.3867,-4.88515],[-80.38558,-4.88515],[-80.38483,-4.88515],[-80.38166,-4.88515],[-80.37441,-4.88514],[-80.37315,-4.88514],[-80.37128,-4.88514],[-80.36455,-4.88513],[-80.36244,-4.88513],[-80.36002,-4.88513],[-80.3583,-4.88512],[-80.34867,-4.88511],[-80.34161,-4.88511],[-80.34103,-4.88511],[-80.33945,-4.88511],[-80.33848,-4.8851],[-80.33534,-4.8851],[-80.32933,-4.8851],[-80.32839,-4.88509],[-80.32789,-4.88509],[-80.32573,-4.88509],[-80.32411,-4.88509],[-80.32341,-4.88509],[-80.32067,-4.88509],[-80.3136,-4.88508],[-80.31174,-4.88508],[-80.30326,-4.88507],[-80.3021,-4.88507],[-80.30158,-4.88507],[-80.29997,-4.88507],[-80.30004,-4.88513],[-80.30021,-4.88527],[-80.30082,-4.88595],[-80.30167,-4.88803]]]}},{"type":"Feature","properties":{"Name":"Comunidades Campesinas","description":"<div style='font-family:sans-serif;'><h4>ZEE PIURA - Comunidades Campesinas</h4><table border='1' cellpadding='4' style='border-collapse:collapse;font-size:12px;'><tr><td><b>OBJECTID:</b></td><td>10</td></tr><tr><td><b>ZEECODE:</b></td><td>101</td></tr><tr><td><b>ZEE:</b></td><td>Comunidades Campesinas</td></tr><tr><td><b>ZEE_ZONAS:</b></td><td>Comunidades Campesinas</td></tr><tr><td><b>ZEE_GRANDE:</b></td><td>Zonas de Tratamiento Especial</td></tr><tr><td><b>AREA:</b></td><td>844270565.717</td></tr><tr><td><b>PERIMETER:</b></td><td>391953.799</td></tr><tr><td><b>HECTARES:</b></td><td>84427.057</td></tr></table></div>"},"geometry":{"type":"Polygon","coordinates":[[[-79.54206,-5.30327],[-79.54428,-5.30464],[-79.54507,-5.30538],[-79.54537,-5.30598],[-79.54566,-5.30659],[-79.54631,-5.30732],[-79.54891,-5.30831],[-79.54967,-5.30856],[-79.55057,-5.30852],[-79.5517,-5.30847],[-79.55198,-5.30841],[-79.55257,-5.30825],[-79.553,-5.30807],[-79.5539,-5.30759],[-79.55318,-5.30721],[-79.54885,-5.30494],[-79.54705,-5.304],[-79.54463,-5.30299],[-79.54422,-5.30331],[-79.54376,-5.30337],[-79.54382,-5.30265],[-79.53604,-5.29942],[-79.53646,-5.29977],[-79.53826,-5.30127],[-79.54084,-5.30277],[-79.54206,-5.30327]]]}},{"type":"Feature","properties":{"Name":"Zonas aptas para cultivos permanentes con calidad Agrologica baja, asociadas a zonas aptas para cultivos en limpio y potencial de recursos naturales no renovables","description":"<div style='font-family:sans-serif;'><h4>ZEE PIURA - Zonas aptas para cultivos permanentes con calidad Agrologica baja, asociadas a zonas aptas para cultivos en limpio y potencial de recursos naturales no renovables</h4><table border='1' cellpadding='4' style='border-collapse:collapse;font-size:12px;'><tr><td><b>OBJECTID:</b></td><td>11</td></tr><tr><td><b>ZEECODE:</b></td><td>26</td></tr><tr><td><b>ZEE:</b></td><td>Zonas aptas para cultivos permanentes con calidad Agrologica baja, asociadas a zonas aptas para cultivos en limpio y potencial de recursos naturales no renovables</td></tr><tr><td><b>ZEE_ZONAS:</b></td><td>Zonas aptas para cultivos permanentes con calidad Agrologica baja, asociadas a zonas aptas para cultivos en limpio y potencial de recursos naturales n</td></tr><tr><td><b>ZEE_GRANDE:</b></td><td>Zonas Productivas</td></tr><tr><td><b>AREA:</b></td><td>232746385.917</td></tr><tr><td><b>PERIMETER:</b></td><td>469485.12</td></tr><tr><td><b>HECTARES:</b></td><td>23274.639</td></tr></table></div>"},"geometry":{"type":"Polygon","coordinates":[[[-80.42078,-6.06949],[-80.42105,-6.06954],[-80.42154,-6.06913],[-80.42144,-6.069],[-80.42113,-6.06907],[-80.42075,-6.06913],[-80.42078,-6.06949]]]}},{"type":"Feature","properties":{"Name":"Zonas aptas para cultivos permanentes con calidad Agrol\u00f3gica baja, asociadas a potencial turistico y potencial de recursos naturales no renovables","description":"<div style='font-family:sans-serif;'><h4>ZEE PIURA - Zonas aptas para cultivos permanentes con calidad Agrol\u00f3gica baja, asociadas a potencial turistico y potencial de recursos naturales no renovables</h4><table border='1' cellpadding='4' style='border-collapse:collapse;font-size:12px;'><tr><td><b>OBJECTID:</b></td><td>12</td></tr><tr><td><b>ZEECODE:</b></td><td>23</td></tr><tr><td><b>ZEE:</b></td><td>Zonas aptas para cultivos permanentes con calidad Agrol\u00f3gica baja, asociadas a potencial turistico y potencial de recursos naturales no renovables</td></tr><tr><td><b>ZEE_ZONAS:</b></td><td>Zonas aptas para cultivos permanentes con calidad Agrol\u00f3gica baja, asociadas a potencial turistico y potencial de recursos naturales no renovables</td></tr><tr><td><b>ZEE_GRANDE:</b></td><td>Zonas Productivas</td></tr><tr><td><b>AREA:</b></td><td>23616206.015</td></tr><tr><td><b>PERIMETER:</b></td><td>27651.82</td></tr><tr><td><b>HECTARES:</b></td><td>2361.621</td></tr></table></div>"},"geometry":{"type":"Polygon","coordinates":[[[-80.82776,-5.87801],[-80.82778,-5.87803],[-80.82778,-5.87769],[-80.82781,-5.87739],[-80.82781,-5.87712],[-80.82788,-5.87679],[-80.82788,-5.87654],[-80.82788,-5.87629],[-80.82782,-5.87603],[-80.82775,-5.87578],[-80.82766,-5.87555],[-80.82741,-5.87555],[-80.82717,-5.87555],[-80.82696,-5.87565],[-80.82689,-5.87573],[-80.82727,-5.87605],[-80.82766,-5.87644],[-80.82766,-5.87671],[-80.82753,-5.87716],[-80.82699,-5.87728],[-80.82696,-5.87751],[-80.82724,-5.87786],[-80.82776,-5.87801]]]}},{"type":"Feature","properties":{"Name":"Zonas aptas para cultivos permanentes con calidad Agrol\u00f3gica baja","description":"<div style='font-family:sans-serif;'><h4>ZEE PIURA - Zonas aptas para cultivos permanentes con calidad Agrol\u00f3gica baja</h4><table border='1' cellpadding='4' style='border-collapse:collapse;font-size:12px;'><tr><td><b>OBJECTID:</b></td><td>13</td></tr><tr><td><b>ZEECODE:</b></td><td>18</td></tr><tr><td><b>ZEE:</b></td><td>Zonas aptas para cultivos permanentes con calidad Agrol\u00f3gica baja</td></tr><tr><td><b>ZEE_ZONAS:</b></td><td>Zonas aptas para cultivos permanentes con calidad Agrol\u00f3gica baja</td></tr><tr><td><b>ZEE_GRANDE:</b></td><td>Zonas Productivas</td></tr><tr><td><b>AREA:</b></td><td>1081459765.017</td></tr><tr><td><b>PERIMETER:</b></td><td>3099479.128</td></tr><tr><td><b>HECTARES:</b></td><td>108145.977</td></tr></table></div>"},"geometry":{"type":"Polygon","coordinates":[[[-80.59537,-6.23617],[-80.59586,-6.23655],[-80.596,-6.23675],[-80.59398,-6.2373],[-80.59388,-6.23733],[-80.59003,-6.24093],[-80.58911,-6.24179],[-80.58895,-6.24137],[-80.58864,-6.24032],[-80.58758,-6.24003],[-80.58648,-6.23924],[-80.58601,-6.23968],[-80.58692,-6.24036],[-80.58664,-6.24242],[-80.58738,-6.24297],[-80.5875,-6.24312],[-80.5877,-6.2431],[-80.58416,-6.24641],[-80.58313,-6.24738],[-80.58001,-6.24876],[-80.57862,-6.2446],[-80.57863,-6.24223],[-80.57863,-6.24148],[-80.57638,-6.24223],[-80.57551,-6.24252],[-80.57392,-6.2457],[-80.57308,-6.24737],[-80.57243,-6.24752],[-80.56825,-6.24852],[-80.56965,-6.251],[-80.5702,-6.25311],[-80.57148,-6.25514],[-80.57295,-6.25716],[-80.57341,-6.25845],[-80.57396,-6.26149],[-80.57368,-6.26397],[-80.57423,-6.26609],[-80.57515,-6.26922],[-80.57469,-6.27143],[-80.57441,-6.27354],[-80.57625,-6.27428],[-80.5768,-6.27244],[-80.5769,-6.26922],[-80.57736,-6.2671],[-80.58044,-6.26702],[-80.58145,-6.26932],[-80.58335,-6.27178],[-80.58365,-6.27217],[-80.58359,-6.27296],[-80.58337,-6.27557],[-80.58355,-6.27582],[-80.58414,-6.27582],[-80.58726,-6.27582],[-80.59615,-6.27502],[-80.59646,-6.27499],[-80.59745,-6.27554],[-80.59756,-6.2757],[-80.59926,-6.27556],[-80.59993,-6.27468],[-80.60252,-6.27445],[-80.60563,-6.27653],[-80.60979,-6.27792],[-80.61032,-6.27754],[-80.61222,-6.27619],[-80.61222,-6.27376],[-80.6098,-6.26786],[-80.6098,-6.26695],[-80.6098,-6.25989],[-80.60981,-6.25434],[-80.61037,-6.25283],[-80.6128,-6.24637],[-80.61398,-6.24324],[-80.61536,-6.23873],[-80.61225,-6.237],[-80.60912,-6.23724],[-80.60777,-6.23734],[-80.60774,-6.23734],[-80.60307,-6.23685],[-80.60319,-6.23577],[-80.60167,-6.23502],[-80.59999,-6.23638],[-80.60003,-6.23654],[-80.59769,-6.23629],[-80.59685,-6.23652],[-80.59672,-6.23642],[-80.59639,-6.234],[-80.59514,-6.23461],[-80.59501,-6.23573],[-80.59537,-6.23617]]]}},{"type":"Feature","properties":{"Name":"Zonas aptas para cultivos permanentes con calidad Agrol\u00f3gica baja, asociadas a zonas aptas para cultivos en limpio","description":"<div style='font-family:sans-serif;'><h4>ZEE PIURA - Zonas aptas para cultivos permanentes con calidad Agrol\u00f3gica baja, asociadas a zonas aptas para cultivos en limpio</h4><table border='1' cellpadding='4' style='border-collapse:collapse;font-size:12px;'><tr><td><b>OBJECTID:</b></td><td>14</td></tr><tr><td><b>ZEECODE:</b></td><td>25</td></tr><tr><td><b>ZEE:</b></td><td>Zonas aptas para cultivos permanentes con calidad Agrol\u00f3gica baja, asociadas a zonas aptas para cultivos en limpio</td></tr><tr><td><b>ZEE_ZONAS:</b></td><td>Zonas aptas para cultivos permanentes con calidad Agrol\u00f3gica baja, asociadas a zonas aptas para cultivos en limpio</td></tr><tr><td><b>ZEE_GRANDE:</b></td><td>Zonas Productivas</td></tr><tr><td><b>AREA:</b></td><td>115891127.653</td></tr><tr><td><b>PERIMETER:</b></td><td>536290.07</td></tr><tr><td><b>HECTARES:</b></td><td>11589.113</td></tr></table></div>"},"geometry":{"type":"Polygon","coordinates":[[[-80.98573,-6.05243],[-80.9871,-6.05243],[-80.98719,-6.05233],[-80.98726,-6.05216],[-80.98738,-6.05194],[-80.98748,-6.05166],[-80.98758,-6.05141],[-80.98773,-6.05121],[-80.98777,-6.0511],[-80.98785,-6.05093],[-80.98796,-6.05071],[-80.98808,-6.0505],[-80.98818,-6.05027],[-80.98833,-6.05003],[-80.98847,-6.04977],[-80.98861,-6.04955],[-80.98878,-6.04934],[-80.98895,-6.04911],[-80.98914,-6.04889],[-80.98928,-6.04869],[-80.9894,-6.04848],[-80.98952,-6.04823],[-80.98976,-6.04791],[-80.98992,-6.04761],[-80.99012,-6.04732],[-80.99028,-6.04705],[-80.9904,-6.04682],[-80.99055,-6.04657],[-80.99069,-6.04632],[-80.99084,-6.04609],[-80.99098,-6.04588],[-80.99112,-6.04566],[-80.99127,-6.04543],[-80.99141,-6.04523],[-80.99156,-6.04502],[-80.9917,-6.04477],[-80.99184,-6.04457],[-80.99196,-6.04432],[-80.99206,-6.04407],[-80.99214,-6.04375],[-80.99221,-6.04351],[-80.99227,-6.04322],[-80.99232,-6.04299],[-80.99242,-6.04272],[-80.99249,-6.04248],[-80.99259,-6.04221],[-80.99269,-6.04194],[-80.99276,-6.04171],[-80.99286,-6.04141],[-80.99288,-6.04112],[-80.99294,-6.04103],[-80.99299,-6.04087],[-80.99305,-6.04076],[-80.99309,-6.04065],[-80.99316,-6.04049],[-80.99319,-6.04038],[-80.99335,-6.04016],[-80.99345,-6.03988],[-80.99355,-6.03965],[-80.99365,-6.03943],[-80.99375,-6.03917],[-80.9938,-6.03889],[-80.9938,-6.03864],[-80.99382,-6.03858],[-80.99386,-6.03842],[-80.99384,-6.03816],[-80.9938,-6.03792],[-80.99364,-6.03774],[-80.99343,-6.03791],[-80.99337,-6.03797],[-80.99342,-6.03879],[-80.99252,-6.04029],[-80.99212,-6.04159],[-80.99202,-6.04289],[-80.99152,-6.0448],[-80.98951,-6.0476],[-80.98811,-6.04941],[-80.98661,-6.05081],[-80.9862,-6.05106],[-80.98616,-6.05117],[-80.98601,-6.05154],[-80.98593,-6.05185],[-80.98586,-6.05209],[-80.98574,-6.05236],[-80.98573,-6.05243]]]}},{"type":"Feature","properties":{"Name":"Zonas aptas para cultivos permanentes con calidad Agrol\u00f3gica baja, asociadas a zonas aptas para pastos","description":"<div style='font-family:sans-serif;'><h4>ZEE PIURA - Zonas aptas para cultivos permanentes con calidad Agrol\u00f3gica baja, asociadas a zonas aptas para pastos</h4><table border='1' cellpadding='4' style='border-collapse:collapse;font-size:12px;'><tr><td><b>OBJECTID:</b></td><td>15</td></tr><tr><td><b>ZEECODE:</b></td><td>27</td></tr><tr><td><b>ZEE:</b></td><td>Zonas aptas para cultivos permanentes con calidad Agrol\u00f3gica baja, asociadas a zonas aptas para pastos</td></tr><tr><td><b>ZEE_ZONAS:</b></td><td>Zonas aptas para cultivos permanentes con calidad Agrol\u00f3gica baja, asociadas a zonas aptas para pastos</td></tr><tr><td><b>ZEE_GRANDE:</b></td><td>Zonas Productivas</td></tr><tr><td><b>AREA:</b></td><td>551288453.835</td></tr><tr><td><b>PERIMETER:</b></td><td>607276.99</td></tr><tr><td><b>HECTARES:</b></td><td>55128.845</td></tr></table></div>"},"geometry":{"type":"Polygon","coordinates":[[[-80.79793,-6.12663],[-80.7988,-6.12794],[-80.79907,-6.12837],[-80.80016,-6.12799],[-80.80021,-6.12673],[-80.80019,-6.12677],[-80.80007,-6.12698],[-80.79988,-6.12718],[-80.79963,-6.1273],[-80.7994,-6.12722],[-80.79908,-6.1271],[-80.79882,-6.12697],[-80.79858,-6.12681],[-80.79835,-6.12666],[-80.79815,-6.12649],[-80.79792,-6.12624],[-80.79791,-6.12622],[-80.79793,-6.12663]]]}},{"type":"Feature","properties":{"Name":"Zonas aptas para cultivos permanentes con calidad Agrol\u00f3gica baja, asociadas a zonas para produccion forestal maderable","description":"<div style='font-family:sans-serif;'><h4>ZEE PIURA - Zonas aptas para cultivos permanentes con calidad Agrol\u00f3gica baja, asociadas a zonas para produccion forestal maderable</h4><table border='1' cellpadding='4' style='border-collapse:collapse;font-size:12px;'><tr><td><b>OBJECTID:</b></td><td>16</td></tr><tr><td><b>ZEECODE:</b></td><td>29</td></tr><tr><td><b>ZEE:</b></td><td>Zonas aptas para cultivos permanentes con calidad Agrol\u00f3gica baja, asociadas a zonas para produccion forestal maderable</td></tr><tr><td><b>ZEE_ZONAS:</b></td><td>Zonas aptas para cultivos permanentes con calidad Agrol\u00f3gica baja, asociadas a zonas para produccion forestal maderable</td></tr><tr><td><b>ZEE_GRANDE:</b></td><td>Zonas Productivas</td></tr><tr><td><b>AREA:</b></td><td>45751222.383</td></tr><tr><td><b>PERIMETER:</b></td><td>198335.121</td></tr><tr><td><b>HECTARES:</b></td><td>4575.122</td></tr></table></div>"},"geometry":{"type":"Polygon","coordinates":[[[-79.50073,-5.52306],[-79.50029,-5.52619],[-79.50048,-5.52629],[-79.50093,-5.52606],[-79.50099,-5.52572],[-79.50105,-5.52521],[-79.50145,-5.52481],[-79.50179,-5.52493],[-79.50235,-5.52521],[-79.50275,-5.52567],[-79.50303,-5.52601],[-79.5032,-5.52646],[-79.50263,-5.52697],[-79.50201,-5.52743],[-79.50172,-5.52805],[-79.50166,-5.52885],[-79.5017,-5.52918],[-79.50255,-5.52921],[-79.50395,-5.52766],[-79.50504,-5.52751],[-79.50651,-5.52775],[-79.50765,-5.52661],[-79.50762,-5.52657],[-79.50738,-5.52628],[-79.50695,-5.52576],[-79.50642,-5.52613],[-79.50585,-5.52659],[-79.5054,-5.52681],[-79.505,-5.52641],[-79.50467,-5.5259],[-79.50461,-5.52528],[-79.50452,-5.52489],[-79.50396,-5.52477],[-79.50293,-5.52444],[-79.50191,-5.52403],[-79.50114,-5.52351],[-79.50098,-5.52327],[-79.50073,-5.52306]]]}},{"type":"Feature","properties":{"Name":"Zonas aptas para cultivos permanentes con calidad Agrol\u00f3gica baja, asociadas a tierras de protecci\u00f3n","description":"<div style='font-family:sans-serif;'><h4>ZEE PIURA - Zonas aptas para cultivos permanentes con calidad Agrol\u00f3gica baja, asociadas a tierras de protecci\u00f3n</h4><table border='1' cellpadding='4' style='border-collapse:collapse;font-size:12px;'><tr><td><b>OBJECTID:</b></td><td>17</td></tr><tr><td><b>ZEECODE:</b></td><td>24</td></tr><tr><td><b>ZEE:</b></td><td>Zonas aptas para cultivos permanentes con calidad Agrol\u00f3gica baja, asociadas a tierras de protecci\u00f3n</td></tr><tr><td><b>ZEE_ZONAS:</b></td><td>Zonas aptas para cultivos permanentes con calidad Agrol\u00f3gica baja, asociadas a tierras de protecci\u00f3n</td></tr><tr><td><b>ZEE_GRANDE:</b></td><td>Zonas Productivas</td></tr><tr><td><b>AREA:</b></td><td>232749676.929</td></tr><tr><td><b>PERIMETER:</b></td><td>673094.065</td></tr><tr><td><b>HECTARES:</b></td><td>23274.968</td></tr></table></div>"},"geometry":{"type":"Polygon","coordinates":[[[-80.83391,-6.02905],[-80.83374,-6.02926],[-80.83352,-6.02913],[-80.8333,-6.02894],[-80.83308,-6.02871],[-80.83294,-6.02852],[-80.83291,-6.02847],[-80.8329,-6.0285],[-80.83325,-6.02974],[-80.83396,-6.03054],[-80.83449,-6.03249],[-80.83458,-6.03382],[-80.83515,-6.03491],[-80.83623,-6.03433],[-80.83589,-6.03314],[-80.83578,-6.03154],[-80.83582,-6.03128],[-80.8361,-6.02931],[-80.8361,-6.02601],[-80.83622,-6.02566],[-80.83606,-6.02576],[-80.83587,-6.02594],[-80.83564,-6.02612],[-80.83541,-6.02625],[-80.83515,-6.0264],[-80.8349,-6.02654],[-80.83471,-6.02669],[-80.83456,-6.0269],[-80.83439,-6.02712],[-80.83435,-6.02738],[-80.83429,-6.02763],[-80.83415,-6.0279],[-80.83391,-6.02804],[-80.83393,-6.02826],[-80.83393,-6.02852],[-80.83392,-6.02877],[-80.83391,-6.02905]]]}},{"type":"Feature","properties":{"Name":"Zonas aptas para cultivos permanentes con calidad Agrol\u00f3gica baja, asociadas a potencial de energ\u00edas renovables no convencionales","description":"<div style='font-family:sans-serif;'><h4>ZEE PIURA - Zonas aptas para cultivos permanentes con calidad Agrol\u00f3gica baja, asociadas a potencial de energ\u00edas renovables no convencionales</h4><table border='1' cellpadding='4' style='border-collapse:collapse;font-size:12px;'><tr><td><b>OBJECTID:</b></td><td>18</td></tr><tr><td><b>ZEECODE:</b></td><td>19</td></tr><tr><td><b>ZEE:</b></td><td>Zonas aptas para cultivos permanentes con calidad Agrol\u00f3gica baja, asociadas a potencial de energ\u00edas renovables no convencionales</td></tr><tr><td><b>ZEE_ZONAS:</b></td><td>Zonas aptas para cultivos permanentes con calidad Agrol\u00f3gica baja, asociadas a potencial de energ\u00edas renovables no convencionales</td></tr><tr><td><b>ZEE_GRANDE:</b></td><td>Zonas Productivas</td></tr><tr><td><b>AREA:</b></td><td>74298277.13</td></tr><tr><td><b>PERIMETER:</b></td><td>181278.146</td></tr><tr><td><b>HECTARES:</b></td><td>7429.828</td></tr></table></div>"},"geometry":{"type":"Polygon","coordinates":[[[-80.7036,-5.54923],[-80.70239,-5.54972],[-80.70184,-5.54947],[-80.70167,-5.54939],[-80.70159,-5.54867],[-80.70159,-5.54786],[-80.7011,-5.54688],[-80.70038,-5.54657],[-80.69966,-5.54668],[-80.69836,-5.54688],[-80.69766,-5.54718],[-80.69683,-5.54753],[-80.69653,-5.54786],[-80.69595,-5.5485],[-80.6949,-5.54963],[-80.69369,-5.54979],[-80.69248,-5.54979],[-80.69159,-5.54996],[-80.69157,-5.55],[-80.69139,-5.54999],[-80.69129,-5.5503],[-80.6913,-5.55038],[-80.69103,-5.55076],[-80.69065,-5.55145],[-80.69014,-5.55237],[-80.68973,-5.55311],[-80.68942,-5.55366],[-80.6894,-5.55367],[-80.68857,-5.55389],[-80.68821,-5.55399],[-80.68739,-5.55399],[-80.68686,-5.55399],[-80.68685,-5.55397],[-80.68663,-5.55362],[-80.68622,-5.55339],[-80.68608,-5.5534],[-80.68562,-5.55349],[-80.68521,-5.55357],[-80.68494,-5.55344],[-80.68054,-5.55701],[-80.67508,-5.56894],[-80.67515,-5.56948],[-80.67644,-5.57271],[-80.6765,-5.57288],[-80.68343,-5.57288],[-80.68481,-5.57288],[-80.68604,-5.57233],[-80.68602,-5.57206],[-80.68667,-5.57094],[-80.68739,-5.57029],[-80.68844,-5.57062],[-80.68878,-5.5711],[-80.7033,-5.56455],[-80.70343,-5.56368],[-80.704,-5.5619],[-80.704,-5.55989],[-80.704,-5.55731],[-80.704,-5.55723],[-80.70424,-5.55431],[-80.70448,-5.55278],[-80.70537,-5.55238],[-80.70551,-5.55238],[-80.70666,-5.55238],[-80.70763,-5.55157],[-80.709,-5.55222],[-80.70901,-5.55224],[-80.70933,-5.55285],[-80.7102,-5.55448],[-80.71028,-5.55755],[-80.70964,-5.5603],[-80.70966,-5.56065],[-80.70972,-5.56086],[-80.70984,-5.56112],[-80.70993,-5.56137],[-80.71,-5.56153],[-80.7175,-5.55815],[-80.72174,-5.55624],[-80.72443,-5.55503],[-80.72441,-5.55491],[-80.72404,-5.55286],[-80.72401,-5.55105],[-80.72403,-5.54923],[-80.72414,-5.5479],[-80.7243,-5.54653],[-80.72443,-5.54541],[-80.72443,-5.54537],[-80.72431,-5.54422],[-80.7238,-5.54331],[-80.72362,-5.54299],[-80.72279,-5.54203],[-80.72271,-5.54195],[-80.72213,-5.54139],[-80.72178,-5.54133],[-80.72075,-5.54082],[-80.72068,-5.54078],[-80.71951,-5.5395],[-80.71858,-5.53848],[-80.7182,-5.53787],[-80.71789,-5.5368],[-80.71778,-5.53635],[-80.71767,-5.5352],[-80.7177,-5.5341],[-80.71763,-5.53243],[-80.71758,-5.53117],[-80.71776,-5.53018],[-80.7178,-5.52995],[-80.71796,-5.52933],[-80.71812,-5.52888],[-80.7182,-5.52813],[-80.71814,-5.52776],[-80.71731,-5.52858],[-80.7146,-5.5313],[-80.70803,-5.53848],[-80.70533,-5.5401],[-80.70518,-5.54053],[-80.70497,-5.54116],[-80.70516,-5.54215],[-80.70521,-5.54245],[-80.70547,-5.54323],[-80.70586,-5.54439],[-80.70586,-5.54584],[-80.70481,-5.54762],[-80.70442,-5.54814],[-80.70418,-5.54846],[-80.7036,-5.54923]]]}},{"type":"Feature","properties":{"Name":"Zonas aptas para cultivos permanentes con calidad Agrol\u00f3gica baja, asociadas a potencial turistico","description":"<div style='font-family:sans-serif;'><h4>ZEE PIURA - Zonas aptas para cultivos permanentes con calidad Agrol\u00f3gica baja, asociadas a potencial turistico</h4><table border='1' cellpadding='4' style='border-collapse:collapse;font-size:12px;'><tr><td><b>OBJECTID:</b></td><td>19</td></tr><tr><td><b>ZEECODE:</b></td><td>21</td></tr><tr><td><b>ZEE:</b></td><td>Zonas aptas para cultivos permanentes con calidad Agrol\u00f3gica baja, asociadas a potencial turistico</td></tr><tr><td><b>ZEE_ZONAS:</b></td><td>Zonas aptas para cultivos permanentes con calidad Agrol\u00f3gica baja, asociadas a potencial turistico</td></tr><tr><td><b>ZEE_GRANDE:</b></td><td>Zonas Productivas</td></tr><tr><td><b>AREA:</b></td><td>100600512.742</td></tr><tr><td><b>PERIMETER:</b></td><td>428166.405</td></tr><tr><td><b>HECTARES:</b></td><td>10060.051</td></tr></table></div>"},"geometry":{"type":"Polygon","coordinates":[[[-80.82537,-5.91981],[-80.825,-5.91985],[-80.82436,-5.91965],[-80.82397,-5.91938],[-80.82339,-5.91962],[-80.82353,-5.92022],[-80.82368,-5.92099],[-80.82373,-5.92174],[-80.82368,-5.92336],[-80.824,-5.92342],[-80.82435,-5.92355],[-80.82465,-5.92388],[-80.82496,-5.92445],[-80.82505,-5.92516],[-80.82505,-5.92521],[-80.82514,-5.92514],[-80.82546,-5.9244],[-80.82628,-5.92432],[-80.82694,-5.92457],[-80.82716,-5.9246],[-80.8273,-5.9246],[-80.82743,-5.92446],[-80.82775,-5.92416],[-80.8287,-5.92466],[-80.82875,-5.92465],[-80.82907,-5.92408],[-80.82891,-5.92325],[-80.82877,-5.92283],[-80.82871,-5.92314],[-80.82737,-5.92343],[-80.82685,-5.92307],[-80.82691,-5.92171],[-80.82707,-5.92126],[-80.82744,-5.9212],[-80.82766,-5.92087],[-80.82804,-5.92017],[-80.82817,-5.91946],[-80.82756,-5.9192],[-80.82711,-5.91918],[-80.82643,-5.91936],[-80.82591,-5.91954],[-80.82537,-5.91981]]]}},{"type":"Feature","properties":{"Name":"Zonas aptas para cultivos permanentes con calidad Agrol\u00f3gica baja, asociadas a zonas aptas para pastos, potencial turistico y potencial de recursos naturales no renovables","description":"<div style='font-family:sans-serif;'><h4>ZEE PIURA - Zonas aptas para cultivos permanentes con calidad Agrol\u00f3gica baja, asociadas a zonas aptas para pastos, potencial turistico y potencial de recursos naturales no renovables</h4><table border='1' cellpadding='4' style='border-collapse:collapse;font-size:12px;'><tr><td><b>OBJECTID:</b></td><td>20</td></tr><tr><td><b>ZEECODE:</b></td><td>28</td></tr><tr><td><b>ZEE:</b></td><td>Zonas aptas para cultivos permanentes con calidad Agrol\u00f3gica baja, asociadas a zonas aptas para pastos, potencial turistico y potencial de recursos naturales no renovables</td></tr><tr><td><b>ZEE_ZONAS:</b></td><td>Zonas aptas para cultivos permanentes con calidad Agrol\u00f3gica baja, asociadas a zonas aptas para pastos, potencial turistico y potencial de recursos na</td></tr><tr><td><b>ZEE_GRANDE:</b></td><td>Zonas Productivas</td></tr><tr><td><b>AREA:</b></td><td>86545067.913</td></tr><tr><td><b>PERIMETER:</b></td><td>120128.199</td></tr><tr><td><b>HECTARES:</b></td><td>8654.507</td></tr></table></div>"},"geometry":{"type":"Polygon","coordinates":[[[-80.88538,-5.88765],[-80.88546,-5.88773],[-80.88592,-5.88749],[-80.88585,-5.88749],[-80.88551,-5.8875],[-80.88538,-5.88765]]]}},{"type":"Feature","properties":{"Name":"Zonas aptas para cultivos permanentes con calidad Agrol\u00f3gica baja, asociadas a potencial de energ\u00edas renovables no convencionales y potencial de recursos naturales no renovables","description":"<div style='font-family:sans-serif;'><h4>ZEE PIURA - Zonas aptas para cultivos permanentes con calidad Agrol\u00f3gica baja, asociadas a potencial de energ\u00edas renovables no convencionales y potencial de recursos naturales no renovables</h4><table border='1' cellpadding='4' style='border-collapse:collapse;font-size:12px;'><tr><td><b>OBJECTID:</b></td><td>21</td></tr><tr><td><b>ZEECODE:</b></td><td>20</td></tr><tr><td><b>ZEE:</b></td><td>Zonas aptas para cultivos permanentes con calidad Agrol\u00f3gica baja, asociadas a potencial de energ\u00edas renovables no convencionales y potencial de recursos naturales no renovables</td></tr><tr><td><b>ZEE_ZONAS:</b></td><td>Zonas aptas para cultivos permanentes con calidad Agrol\u00f3gica baja, asociadas a potencial de energ\u00edas renovables no convencionales y potencial de recur</td></tr><tr><td><b>ZEE_GRANDE:</b></td><td>Zonas Productivas</td></tr><tr><td><b>AREA:</b></td><td>252878172.961</td></tr><tr><td><b>PERIMETER:</b></td><td>252363.655</td></tr><tr><td><b>HECTARES:</b></td><td>25287.817</td></tr></table></div>"},"geometry":{"type":"Polygon","coordinates":[[[-80.80068,-5.83329],[-80.80132,-5.83339],[-80.80102,-5.83312],[-80.80068,-5.83329]]]}},{"type":"Feature","properties":{"Name":"Zonas aptas para cultivos permanentes con calidad Agrol\u00f3gica baja, asociadas a potencial turistico en tierras de protecci\u00f3n","description":"<div style='font-family:sans-serif;'><h4>ZEE PIURA - Zonas aptas para cultivos permanentes con calidad Agrol\u00f3gica baja, asociadas a potencial turistico en tierras de protecci\u00f3n</h4><table border='1' cellpadding='4' style='border-collapse:collapse;font-size:12px;'><tr><td><b>OBJECTID:</b></td><td>22</td></tr><tr><td><b>ZEECODE:</b></td><td>22</td></tr><tr><td><b>ZEE:</b></td><td>Zonas aptas para cultivos permanentes con calidad Agrol\u00f3gica baja, asociadas a potencial turistico en tierras de protecci\u00f3n</td></tr><tr><td><b>ZEE_ZONAS:</b></td><td>Zonas aptas para cultivos permanentes con calidad Agrol\u00f3gica baja, asociadas a potencial turistico en tierras de protecci\u00f3n</td></tr><tr><td><b>ZEE_GRANDE:</b></td><td>Zonas Productivas</td></tr><tr><td><b>AREA:</b></td><td>28484408.863</td></tr><tr><td><b>PERIMETER:</b></td><td>113207.689</td></tr><tr><td><b>HECTARES:</b></td><td>2848.441</td></tr></table></div>"},"geometry":{"type":"Polygon","coordinates":[[[-79.59093,-5.85092],[-79.59006,-5.85169],[-79.58995,-5.85168],[-79.59255,-5.85378],[-79.59477,-5.85409],[-79.59364,-5.855],[-79.5941,-5.85537],[-79.59564,-5.85595],[-79.59642,-5.85596],[-79.59642,-5.8555],[-79.59674,-5.85509],[-79.5969,-5.85578],[-79.59687,-5.85613],[-79.59698,-5.85625],[-79.59709,-5.85616],[-79.59785,-5.85548],[-79.59853,-5.85451],[-79.59921,-5.85365],[-79.59998,-5.85432],[-79.60046,-5.85529],[-79.60142,-5.85491],[-79.60152,-5.85414],[-79.60249,-5.85308],[-79.60104,-5.8522],[-79.5996,-5.85201],[-79.59863,-5.85201],[-79.59767,-5.85277],[-79.59709,-5.85287],[-79.5969,-5.85229],[-79.59671,-5.85152],[-79.59555,-5.85171],[-79.59545,-5.85296],[-79.59449,-5.85373],[-79.59333,-5.85344],[-79.59285,-5.85209],[-79.59334,-5.85093],[-79.59401,-5.85016],[-79.59324,-5.84919],[-79.59218,-5.84919],[-79.59112,-5.85006],[-79.59093,-5.85092]]]}},{"type":"Feature","properties":{"Name":"Zonas aptas para cultivos permanentes con calidad Agrol\u00f3gica media","description":"<div style='font-family:sans-serif;'><h4>ZEE PIURA - Zonas aptas para cultivos permanentes con calidad Agrol\u00f3gica media</h4><table border='1' cellpadding='4' style='border-collapse:collapse;font-size:12px;'><tr><td><b>OBJECTID:</b></td><td>23</td></tr><tr><td><b>ZEECODE:</b></td><td>30</td></tr><tr><td><b>ZEE:</b></td><td>Zonas aptas para cultivos permanentes con calidad Agrol\u00f3gica media</td></tr><tr><td><b>ZEE_ZONAS:</b></td><td>Zonas aptas para cultivos permanentes con calidad Agrol\u00f3gica media</td></tr><tr><td><b>ZEE_GRANDE:</b></td><td>Zonas Productivas</td></tr><tr><td><b>AREA:</b></td><td>201280196.707</td></tr><tr><td><b>PERIMETER:</b></td><td>454665.374</td></tr><tr><td><b>HECTARES:</b></td><td>20128.02</td></tr></table></div>"},"geometry":{"type":"Polygon","coordinates":[[[-79.47019,-5.89653],[-79.46952,-5.89655],[-79.46951,-5.89617],[-79.4675,-5.89728],[-79.46609,-5.89805],[-79.46623,-5.89825],[-79.46637,-5.89848],[-79.46659,-5.89878],[-79.4668,-5.89907],[-79.46688,-5.8992],[-79.46709,-5.89948],[-79.46727,-5.89975],[-79.46747,-5.90005],[-79.4677,-5.90022],[-79.468,-5.90019],[-79.46827,-5.90011],[-79.46862,-5.89996],[-79.4689,-5.89983],[-79.46899,-5.89979],[-79.46941,-5.8996],[-79.46978,-5.89938],[-79.47006,-5.89922],[-79.47029,-5.89912],[-79.47059,-5.89895],[-79.47089,-5.89887],[-79.47117,-5.89881],[-79.47142,-5.89874],[-79.47175,-5.89863],[-79.47214,-5.89857],[-79.47219,-5.89857],[-79.47256,-5.89858],[-79.47296,-5.89824],[-79.47292,-5.89842],[-79.47307,-5.89859],[-79.4731,-5.89859],[-79.47338,-5.89843],[-79.47361,-5.89832],[-79.47396,-5.89823],[-79.47398,-5.89821],[-79.47415,-5.898],[-79.47443,-5.89746],[-79.47455,-5.89721],[-79.47474,-5.89671],[-79.47486,-5.89639],[-79.47489,-5.89632],[-79.47651,-5.89577],[-79.47653,-5.89573],[-79.47649,-5.89568],[-79.47614,-5.89558],[-79.47605,-5.89539],[-79.47518,-5.89544],[-79.47509,-5.89545],[-79.47038,-5.89572],[-79.47019,-5.89653]]]}},{"type":"Feature","properties":{"Name":"Zonas aptas para cultivos permanentes con calidad Agrol\u00f3gica media, asociadas a zonas aptas para pastoreo temporal y potencial de energ\u00edas renovables no convencionales","description":"<div style='font-family:sans-serif;'><h4>ZEE PIURA - Zonas aptas para cultivos permanentes con calidad Agrol\u00f3gica media, asociadas a zonas aptas para pastoreo temporal y potencial de energ\u00edas renovables no convencionales</h4><table border='1' cellpadding='4' style='border-collapse:collapse;font-size:12px;'><tr><td><b>OBJECTID:</b></td><td>24</td></tr><tr><td><b>ZEECODE:</b></td><td>35</td></tr><tr><td><b>ZEE:</b></td><td>Zonas aptas para cultivos permanentes con calidad Agrol\u00f3gica media, asociadas a zonas aptas para pastoreo temporal y potencial de energ\u00edas renovables no convencionales</td></tr><tr><td><b>ZEE_ZONAS:</b></td><td>Zonas aptas para cultivos permanentes con calidad Agrol\u00f3gica media, asociadas a zonas aptas para pastoreo temporal y potencial de energ\u00edas renovables</td></tr><tr><td><b>ZEE_GRANDE:</b></td><td>Zonas Productivas</td></tr><tr><td><b>AREA:</b></td><td>6077226.836</td></tr><tr><td><b>PERIMETER:</b></td><td>52408.728</td></tr><tr><td><b>HECTARES:</b></td><td>607.723</td></tr></table></div>"},"geometry":{"type":"Polygon","coordinates":[[[-79.50126,-5.39425],[-79.5004,-5.39724],[-79.50014,-5.40491],[-79.50042,-5.40467],[-79.50048,-5.40439],[-79.50071,-5.40388],[-79.50122,-5.40331],[-79.50173,-5.40314],[-79.50218,-5.40314],[-79.50264,-5.40297],[-79.50303,-5.40263],[-79.5032,-5.40246],[-79.50383,-5.4019],[-79.50427,-5.40183],[-79.50502,-5.40244],[-79.50585,-5.40252],[-79.50623,-5.403],[-79.50698,-5.40396],[-79.50683,-5.40449],[-79.50636,-5.40481],[-79.50586,-5.40489],[-79.5057,-5.40492],[-79.50534,-5.40495],[-79.50518,-5.40527],[-79.50522,-5.40555],[-79.50502,-5.40583],[-79.50365,-5.40593],[-79.50308,-5.40593],[-79.50229,-5.40559],[-79.5024,-5.4061],[-79.50274,-5.40649],[-79.50455,-5.40758],[-79.50506,-5.40758],[-79.5054,-5.40758],[-79.5054,-5.40758],[-79.50574,-5.40735],[-79.50603,-5.40667],[-79.50597,-5.40622],[-79.50625,-5.40577],[-79.50688,-5.40571],[-79.50733,-5.40582],[-79.50761,-5.40605],[-79.50773,-5.40639],[-79.50778,-5.40793],[-79.50778,-5.40861],[-79.50766,-5.40889],[-79.50766,-5.40891],[-79.50948,-5.40463],[-79.50958,-5.40439],[-79.50945,-5.4044],[-79.50917,-5.40441],[-79.50914,-5.4044],[-79.50796,-5.40359],[-79.50781,-5.40344],[-79.50761,-5.40324],[-79.50745,-5.40307],[-79.50717,-5.40296],[-79.50707,-5.40274],[-79.50785,-5.4005],[-79.5081,-5.39981],[-79.50808,-5.39942],[-79.50795,-5.39964],[-79.50714,-5.39977],[-79.507,-5.39935],[-79.50697,-5.39925],[-79.50754,-5.39819],[-79.50774,-5.39781],[-79.50799,-5.39747],[-79.50805,-5.39744],[-79.50809,-5.39742],[-79.5081,-5.39738],[-79.50818,-5.39512],[-79.50819,-5.39496],[-79.50801,-5.39493],[-79.50679,-5.3947],[-79.50685,-5.39491],[-79.50719,-5.39512],[-79.50702,-5.39551],[-79.50651,-5.39593],[-79.50613,-5.39602],[-79.50558,-5.39584],[-79.50534,-5.39572],[-79.50502,-5.39554],[-79.50392,-5.39588],[-79.50365,-5.39629],[-79.50358,-5.39639],[-79.50341,-5.39665],[-79.50336,-5.39699],[-79.50298,-5.39707],[-79.50222,-5.39711],[-79.50209,-5.39686],[-79.50201,-5.39669],[-79.50216,-5.39643],[-79.50172,-5.39621],[-79.50154,-5.39531],[-79.50176,-5.39469],[-79.50142,-5.39447],[-79.50135,-5.39437],[-79.5013,-5.39412],[-79.50126,-5.39425]]]}},{"type":"Feature","properties":{"Name":"Zonas aptas para cultivos permanentes con calidad Agrol\u00f3gica media, asociadas a zonas aptas para pastos","description":"<div style='font-family:sans-serif;'><h4>ZEE PIURA - Zonas aptas para cultivos permanentes con calidad Agrol\u00f3gica media, asociadas a zonas aptas para pastos</h4><table border='1' cellpadding='4' style='border-collapse:collapse;font-size:12px;'><tr><td><b>OBJECTID:</b></td><td>25</td></tr><tr><td><b>ZEECODE:</b></td><td>36</td></tr><tr><td><b>ZEE:</b></td><td>Zonas aptas para cultivos permanentes con calidad Agrol\u00f3gica media, asociadas a zonas aptas para pastos</td></tr><tr><td><b>ZEE_ZONAS:</b></td><td>Zonas aptas para cultivos permanentes con calidad Agrol\u00f3gica media, asociadas a zonas aptas para pastos</td></tr><tr><td><b>ZEE_GRANDE:</b></td><td>Zonas Productivas</td></tr><tr><td><b>AREA:</b></td><td>1069392129.017</td></tr><tr><td><b>PERIMETER:</b></td><td>1741384.472</td></tr><tr><td><b>HECTARES:</b></td><td>106939.213</td></tr></table></div>"},"geometry":{"type":"Polygon","coordinates":[[[-79.97726,-5.539],[-79.97586,-5.54251],[-79.97551,-5.5434],[-79.97513,-5.54416],[-79.97499,-5.54444],[-79.97488,-5.54465],[-79.97458,-5.54522],[-79.97427,-5.5466],[-79.97426,-5.54697],[-79.97426,-5.54746],[-79.97395,-5.54847],[-79.97357,-5.54936],[-79.97326,-5.55043],[-79.97313,-5.5507],[-79.97274,-5.5515],[-79.97274,-5.55225],[-79.97298,-5.55216],[-79.97326,-5.55206],[-79.97426,-5.55209],[-79.97572,-5.55197],[-79.97658,-5.55138],[-79.97762,-5.55066],[-79.9782,-5.5499],[-79.97875,-5.54943],[-79.97948,-5.54939],[-79.98003,-5.55008],[-79.98137,-5.55115],[-79.98185,-5.55153],[-79.98254,-5.55208],[-79.9834,-5.55216],[-79.98402,-5.55212],[-79.98449,-5.55192],[-79.98464,-5.55185],[-79.98468,-5.55172],[-79.98485,-5.55115],[-79.98497,-5.55076],[-79.98509,-5.55033],[-79.98547,-5.54936],[-79.98572,-5.54894],[-79.98606,-5.54837],[-79.98688,-5.54834],[-79.98761,-5.54872],[-79.98802,-5.54906],[-79.98915,-5.55061],[-79.98962,-5.55162],[-79.98967,-5.55172],[-79.99017,-5.5527],[-79.99025,-5.55286],[-79.99128,-5.55403],[-79.99207,-5.55459],[-79.99222,-5.55462],[-79.99314,-5.55483],[-79.99349,-5.55483],[-79.994,-5.55483],[-79.99445,-5.55476],[-79.99507,-5.55465],[-79.99512,-5.55465],[-79.99517,-5.55463],[-79.99596,-5.55404],[-79.99658,-5.55345],[-79.997,-5.55252],[-79.99738,-5.55184],[-79.99797,-5.55115],[-79.99848,-5.55094],[-79.99874,-5.55104],[-79.99893,-5.55112],[-79.99937,-5.55114],[-79.99955,-5.55115],[-80.0,-5.55084],[-80.0001,-5.55056],[-80.00024,-5.5502],[-80.0,-5.54956],[-79.99946,-5.549],[-79.99884,-5.54853],[-79.99853,-5.54799],[-79.99835,-5.54744],[-79.99833,-5.54678],[-79.9984,-5.54616],[-79.99816,-5.54507],[-79.99807,-5.54493],[-79.9972,-5.54417],[-79.99674,-5.54342],[-79.99672,-5.54322],[-79.99638,-5.54312],[-79.99624,-5.54302],[-79.99547,-5.54311],[-79.9951,-5.54325],[-79.99487,-5.54347],[-79.99486,-5.54349],[-79.9947,-5.5441],[-79.99448,-5.54435],[-79.99448,-5.5445],[-79.99427,-5.54516],[-79.99403,-5.5454],[-79.99389,-5.54546],[-79.99365,-5.54557],[-79.99348,-5.54647],[-79.99348,-5.54715],[-79.99348,-5.54816],[-79.99348,-5.54894],[-79.99344,-5.54902],[-79.99317,-5.54957],[-79.99261,-5.54968],[-79.99179,-5.54922],[-79.99114,-5.54822],[-79.99072,-5.54743],[-79.99066,-5.54643],[-79.99066,-5.54549],[-79.9903,-5.54468],[-79.9893,-5.54372],[-79.98786,-5.5424],[-79.98655,-5.54161],[-79.98555,-5.54084],[-79.98508,-5.54049],[-79.98495,-5.54046],[-79.98482,-5.54043],[-79.98466,-5.54042],[-79.98456,-5.54042],[-79.98449,-5.54043],[-79.98435,-5.54044],[-79.98429,-5.54045],[-79.98407,-5.54082],[-79.98405,-5.54086],[-79.98399,-5.54141],[-79.98374,-5.54172],[-79.98333,-5.542],[-79.98288,-5.542],[-79.98243,-5.54183],[-79.98219,-5.54151],[-79.98209,-5.54096],[-79.98212,-5.54034],[-79.98197,-5.54003],[-79.98191,-5.53899],[-79.98238,-5.53759],[-79.98239,-5.53747],[-79.98243,-5.5372],[-79.98235,-5.53688],[-79.98222,-5.53635],[-79.98174,-5.53552],[-79.98143,-5.53542],[-79.98119,-5.53535],[-79.9804,-5.53535],[-79.98009,-5.53552],[-79.97912,-5.53597],[-79.97819,-5.53724],[-79.97815,-5.5373],[-79.97746,-5.53838],[-79.97726,-5.539]]]}},{"type":"Feature","properties":{"Name":"Zonas aptas para cultivos permanentes con calidad Agrol\u00f3gica media, asociadas a tierras de protecci\u00f3n","description":"<div style='font-family:sans-serif;'><h4>ZEE PIURA - Zonas aptas para cultivos permanentes con calidad Agrol\u00f3gica media, asociadas a tierras de protecci\u00f3n</h4><table border='1' cellpadding='4' style='border-collapse:collapse;font-size:12px;'><tr><td><b>OBJECTID:</b></td><td>26</td></tr><tr><td><b>ZEECODE:</b></td><td>34</td></tr><tr><td><b>ZEE:</b></td><td>Zonas aptas para cultivos permanentes con calidad Agrol\u00f3gica media, asociadas a tierras de protecci\u00f3n</td></tr><tr><td><b>ZEE_ZONAS:</b></td><td>Zonas aptas para cultivos permanentes con calidad Agrol\u00f3gica media, asociadas a tierras de protecci\u00f3n</td></tr><tr><td><b>ZEE_GRANDE:</b></td><td>Zonas Productivas</td></tr><tr><td><b>AREA:</b></td><td>1917873.717</td></tr><tr><td><b>PERIMETER:</b></td><td>9819.58</td></tr><tr><td><b>HECTARES:</b></td><td>191.787</td></tr></table></div>"},"geometry":{"type":"Polygon","coordinates":[[[-79.45532,-5.14758],[-79.45441,-5.14765],[-79.45343,-5.1475],[-79.45279,-5.14728],[-79.45203,-5.14804],[-79.45139,-5.14868],[-79.45095,-5.1491],[-79.45056,-5.14965],[-79.45053,-5.14998],[-79.45055,-5.15026],[-79.45058,-5.15066],[-79.45101,-5.15165],[-79.45183,-5.15294],[-79.45178,-5.15349],[-79.45151,-5.15387],[-79.45145,-5.15393],[-79.45234,-5.15406],[-79.45245,-5.15407],[-79.4546,-5.15437],[-79.45544,-5.15444],[-79.45623,-5.15512],[-79.45649,-5.15554],[-79.45665,-5.1558],[-79.45733,-5.15618],[-79.45765,-5.15622],[-79.45848,-5.15638],[-79.45934,-5.15642],[-79.46029,-5.15623],[-79.46042,-5.1562],[-79.46128,-5.15597],[-79.46185,-5.15606],[-79.46269,-5.15622],[-79.46337,-5.15674],[-79.46355,-5.15694],[-79.464,-5.15754],[-79.46428,-5.15808],[-79.46439,-5.15857],[-79.4646,-5.15925],[-79.46499,-5.16024],[-79.46488,-5.16032],[-79.4661,-5.15997],[-79.4664,-5.16007],[-79.46647,-5.15848],[-79.46677,-5.15888],[-79.46783,-5.15881],[-79.46858,-5.15919],[-79.46813,-5.15994],[-79.4674,-5.16039],[-79.4685,-5.16074],[-79.47143,-5.16094],[-79.47322,-5.15956],[-79.47523,-5.16102],[-79.47622,-5.16063],[-79.47631,-5.16059],[-79.47628,-5.16028],[-79.47628,-5.16026],[-79.47631,-5.15939],[-79.47632,-5.15927],[-79.47619,-5.15856],[-79.47613,-5.15844],[-79.47566,-5.15751],[-79.47561,-5.15741],[-79.47536,-5.1572],[-79.47523,-5.15709],[-79.4747,-5.1568],[-79.47379,-5.15711],[-79.47295,-5.15748],[-79.47234,-5.15769],[-79.47153,-5.15774],[-79.47009,-5.1578],[-79.46848,-5.15758],[-79.46809,-5.15642],[-79.46791,-5.15577],[-79.46808,-5.15514],[-79.46836,-5.15468],[-79.46846,-5.15407],[-79.46854,-5.15297],[-79.46854,-5.15293],[-79.46798,-5.15237],[-79.46773,-5.15212],[-79.46762,-5.15201],[-79.46762,-5.1514],[-79.46781,-5.15104],[-79.46785,-5.15095],[-79.46785,-5.15093],[-79.46793,-5.15042],[-79.46758,-5.15],[-79.46755,-5.14997],[-79.46741,-5.14972],[-79.46732,-5.14943],[-79.46721,-5.1491],[-79.46742,-5.14888],[-79.467,-5.14844],[-79.46672,-5.14755],[-79.46657,-5.14777],[-79.46641,-5.14782],[-79.46544,-5.1468],[-79.46531,-5.14657],[-79.46526,-5.14661],[-79.46466,-5.14708],[-79.46355,-5.14819],[-79.46326,-5.14873],[-79.46321,-5.14952],[-79.46309,-5.15012],[-79.46304,-5.1502],[-79.46276,-5.15071],[-79.46205,-5.15129],[-79.46129,-5.15151],[-79.46065,-5.15145],[-79.45984,-5.15127],[-79.45914,-5.15076],[-79.45839,-5.14969],[-79.45794,-5.14863],[-79.45781,-5.14832],[-79.45755,-5.14774],[-79.45731,-5.1473],[-79.45725,-5.14718],[-79.45691,-5.14676],[-79.45652,-5.14634],[-79.45601,-5.14628],[-79.456,-5.14629],[-79.456,-5.1469],[-79.45532,-5.14758]]]}},{"type":"Feature","properties":{"Name":"Zonas aptas para cultivos permanentes con calidad Agrol\u00f3gica media, asociadas a potencial de energ\u00edas renovables no convencionales","description":"<div style='font-family:sans-serif;'><h4>ZEE PIURA - Zonas aptas para cultivos permanentes con calidad Agrol\u00f3gica media, asociadas a potencial de energ\u00edas renovables no convencionales</h4><table border='1' cellpadding='4' style='border-collapse:collapse;font-size:12px;'><tr><td><b>OBJECTID:</b></td><td>27</td></tr><tr><td><b>ZEECODE:</b></td><td>31</td></tr><tr><td><b>ZEE:</b></td><td>Zonas aptas para cultivos permanentes con calidad Agrol\u00f3gica media, asociadas a potencial de energ\u00edas renovables no convencionales</td></tr><tr><td><b>ZEE_ZONAS:</b></td><td>Zonas aptas para cultivos permanentes con calidad Agrol\u00f3gica media, asociadas a potencial de energ\u00edas renovables no convencionales</td></tr><tr><td><b>ZEE_GRANDE:</b></td><td>Zonas Productivas</td></tr><tr><td><b>AREA:</b></td><td>32056130.251</td></tr><tr><td><b>PERIMETER:</b></td><td>120740.93</td></tr><tr><td><b>HECTARES:</b></td><td>3205.613</td></tr></table></div>"},"geometry":{"type":"Polygon","coordinates":[[[-79.48259,-5.87425],[-79.48261,-5.87425],[-79.4829,-5.87419],[-79.48293,-5.87416],[-79.48259,-5.87425]]]}},{"type":"Feature","properties":{"Name":"Zonas aptas para cultivos permanentes con calidad Agrol\u00f3gica media, asociadas a potencial turistico","description":"<div style='font-family:sans-serif;'><h4>ZEE PIURA - Zonas aptas para cultivos permanentes con calidad Agrol\u00f3gica media, asociadas a potencial turistico</h4><table border='1' cellpadding='4' style='border-collapse:collapse;font-size:12px;'><tr><td><b>OBJECTID:</b></td><td>28</td></tr><tr><td><b>ZEECODE:</b></td><td>33</td></tr><tr><td><b>ZEE:</b></td><td>Zonas aptas para cultivos permanentes con calidad Agrol\u00f3gica media, asociadas a potencial turistico</td></tr><tr><td><b>ZEE_ZONAS:</b></td><td>Zonas aptas para cultivos permanentes con calidad Agrol\u00f3gica media, asociadas a potencial turistico</td></tr><tr><td><b>ZEE_GRANDE:</b></td><td>Zonas Productivas</td></tr><tr><td><b>AREA:</b></td><td>13714511.141</td></tr><tr><td><b>PERIMETER:</b></td><td>36157.878</td></tr><tr><td><b>HECTARES:</b></td><td>1371.451</td></tr></table></div>"},"geometry":{"type":"Polygon","coordinates":[[[-79.60959,-5.65101],[-79.60959,-5.65183],[-79.60982,-5.65251],[-79.6103,-5.65322],[-79.61056,-5.65391],[-79.61056,-5.65446],[-79.61053,-5.65452],[-79.61146,-5.65452],[-79.61207,-5.65392],[-79.61237,-5.65331],[-79.61267,-5.65255],[-79.61245,-5.65172],[-79.61245,-5.65159],[-79.61233,-5.65161],[-79.61227,-5.65151],[-79.61227,-5.65119],[-79.6123,-5.65097],[-79.61243,-5.65062],[-79.6125,-5.65026],[-79.61211,-5.64956],[-79.61183,-5.64912],[-79.61174,-5.64904],[-79.61131,-5.64959],[-79.61011,-5.6503],[-79.60972,-5.65066],[-79.60959,-5.65101]]]}},{"type":"Feature","properties":{"Name":"Zonas aptas para cultivos permanentes con calidad Agrol\u00f3gica media, asociadas a potencial de energ\u00edas renovables no convencionales y potencial de recursos naturales no renovables","description":"<div style='font-family:sans-serif;'><h4>ZEE PIURA - Zonas aptas para cultivos permanentes con calidad Agrol\u00f3gica media, asociadas a potencial de energ\u00edas renovables no convencionales y potencial de recursos naturales no renovables</h4><table border='1' cellpadding='4' style='border-collapse:collapse;font-size:12px;'><tr><td><b>OBJECTID:</b></td><td>29</td></tr><tr><td><b>ZEECODE:</b></td><td>32</td></tr><tr><td><b>ZEE:</b></td><td>Zonas aptas para cultivos permanentes con calidad Agrol\u00f3gica media, asociadas a potencial de energ\u00edas renovables no convencionales y potencial de recursos naturales no renovables</td></tr><tr><td><b>ZEE_ZONAS:</b></td><td>Zonas aptas para cultivos permanentes con calidad Agrol\u00f3gica media, asociadas a potencial de energ\u00edas renovables no convencionales y potencial de recu</td></tr><tr><td><b>ZEE_GRANDE:</b></td><td>Zonas Productivas</td></tr><tr><td><b>AREA:</b></td><td>33272105.197</td></tr><tr><td><b>PERIMETER:</b></td><td>127686.167</td></tr><tr><td><b>HECTARES:</b></td><td>3327.211</td></tr></table></div>"},"geometry":{"type":"Polygon","coordinates":[[[-79.43426,-5.95582],[-79.43436,-5.95602],[-79.43493,-5.95564],[-79.43532,-5.95488],[-79.43503,-5.95445],[-79.43495,-5.95475],[-79.43483,-5.95497],[-79.43426,-5.9556],[-79.43426,-5.95582]]]}},{"type":"Feature","properties":{"Name":"Zonas aptas para cultivos en limpio con calidad Agrol\u00f3gica media, asociadas a zonas aptas para cultivos permanentes","description":"<div style='font-family:sans-serif;'><h4>ZEE PIURA - Zonas aptas para cultivos en limpio con calidad Agrol\u00f3gica media, asociadas a zonas aptas para cultivos permanentes</h4><table border='1' cellpadding='4' style='border-collapse:collapse;font-size:12px;'><tr><td><b>OBJECTID:</b></td><td>30</td></tr><tr><td><b>ZEECODE:</b></td><td>15</td></tr><tr><td><b>ZEE:</b></td><td>Zonas aptas para cultivos en limpio con calidad Agrol\u00f3gica media, asociadas a zonas aptas para cultivos permanentes</td></tr><tr><td><b>ZEE_ZONAS:</b></td><td>Zonas aptas para cultivos en limpio con calidad Agrol\u00f3gica media, asociadas a zonas aptas para cultivos permanentes</td></tr><tr><td><b>ZEE_GRANDE:</b></td><td>Zonas Productivas</td></tr><tr><td><b>AREA:</b></td><td>167928064.029</td></tr><tr><td><b>PERIMETER:</b></td><td>565261.726</td></tr><tr><td><b>HECTARES:</b></td><td>16792.806</td></tr></table></div>"},"geometry":{"type":"Polygon","coordinates":[[[-80.84781,-5.4021],[-80.84243,-5.41346],[-80.83957,-5.41144],[-80.83892,-5.41216],[-80.83726,-5.414],[-80.83576,-5.41512],[-80.83484,-5.41544],[-80.83404,-5.41556],[-80.83315,-5.41599],[-80.832,-5.41714],[-80.8304,-5.41856],[-80.82967,-5.41915],[-80.82879,-5.41986],[-80.82767,-5.42147],[-80.82721,-5.42334],[-80.82721,-5.42455],[-80.82773,-5.4276],[-80.82771,-5.42834],[-80.82751,-5.42967],[-80.8263,-5.43136],[-80.82435,-5.43323],[-80.82329,-5.43479],[-80.8226,-5.4358],[-80.82219,-5.43773],[-80.82208,-5.43841],[-80.82183,-5.44001],[-80.82185,-5.44023],[-80.82192,-5.44151],[-80.82226,-5.44332],[-80.82292,-5.44513],[-80.82313,-5.44615],[-80.82327,-5.4471],[-80.82321,-5.44836],[-80.82333,-5.44914],[-80.82366,-5.45011],[-80.82434,-5.45134],[-80.82469,-5.45206],[-80.82492,-5.45342],[-80.82512,-5.455],[-80.82549,-5.45644],[-80.82624,-5.45768],[-80.82733,-5.45878],[-80.82768,-5.4597],[-80.82847,-5.46127],[-80.82933,-5.46277],[-80.8297,-5.46489],[-80.82958,-5.46694],[-80.82875,-5.4682],[-80.82711,-5.46924],[-80.82453,-5.47054],[-80.82328,-5.47107],[-80.82253,-5.47153],[-80.82227,-5.47222],[-80.82187,-5.47309],[-80.82138,-5.47363],[-80.82078,-5.47389],[-80.82031,-5.47482],[-80.82017,-5.47567],[-80.81991,-5.47671],[-80.81911,-5.47852],[-80.8185,-5.47956],[-80.81778,-5.48074],[-80.81722,-5.482],[-80.81673,-5.48348],[-80.81668,-5.48363],[-80.81616,-5.48482],[-80.81579,-5.4862],[-80.81581,-5.48732],[-80.8163,-5.48856],[-80.81696,-5.48945],[-80.81814,-5.49006],[-80.81938,-5.49078],[-80.81944,-5.49078],[-80.81944,-5.49078],[-80.82055,-5.49084],[-80.82122,-5.49121],[-80.82144,-5.49188],[-80.82178,-5.49273],[-80.82235,-5.49402],[-80.82206,-5.49517],[-80.82129,-5.49785],[-80.82054,-5.499],[-80.81965,-5.50047],[-80.81958,-5.50057],[-80.81873,-5.50188],[-80.81836,-5.50254],[-80.8171,-5.50478],[-80.81497,-5.50817],[-80.81408,-5.50961],[-80.81333,-5.50961],[-80.81333,-5.50963],[-80.81327,-5.50993],[-80.81323,-5.51015],[-80.81313,-5.51045],[-80.81304,-5.51078],[-80.81294,-5.5111],[-80.81284,-5.51133],[-80.81272,-5.51165],[-80.81268,-5.51187],[-80.81253,-5.51211],[-80.81242,-5.51233],[-80.8123,-5.51259],[-80.81216,-5.51286],[-80.81204,-5.51309],[-80.81192,-5.51334],[-80.81181,-5.51361],[-80.81171,-5.51391],[-80.81161,-5.51428],[-80.81152,-5.51467],[-80.81144,-5.51492],[-80.8114,-5.51522],[-80.81139,-5.51549],[-80.81139,-5.51573],[-80.81138,-5.51607],[-80.81138,-5.51635],[-80.81151,-5.51688],[-80.81153,-5.51711],[-80.81162,-5.51743],[-80.81173,-5.51784],[-80.81178,-5.51808],[-80.81184,-5.51845],[-80.81191,-5.51868],[-80.81192,-5.519],[-80.81197,-5.51933],[-80.81201,-5.51958],[-80.81207,-5.51985],[-80.81233,-5.51997],[-80.81256,-5.51998],[-80.81286,-5.51998],[-80.81299,-5.52002],[-80.81301,-5.52003],[-80.81372,-5.52198],[-80.81463,-5.52432],[-80.81523,-5.52356],[-80.81525,-5.52355],[-80.81543,-5.5234],[-80.81546,-5.52339],[-80.81547,-5.52336],[-80.81695,-5.52213],[-80.81714,-5.52193],[-80.8189,-5.52008],[-80.81943,-5.5194],[-80.81943,-5.52034],[-80.81954,-5.52021],[-80.81966,-5.51966],[-80.82059,-5.51904],[-80.82127,-5.51884],[-80.82162,-5.51843],[-80.82187,-5.51822],[-80.82221,-5.51818],[-80.82221,-5.51818],[-80.8224,-5.51828],[-80.82269,-5.51875],[-80.82269,-5.51913],[-80.82254,-5.52027],[-80.82245,-5.52074],[-80.82226,-5.52169],[-80.82183,-5.52302],[-80.8216,-5.52403],[-80.82179,-5.52507],[-80.82197,-5.52564],[-80.82201,-5.52575],[-80.82199,-5.52578],[-80.8217,-5.52612],[-80.82136,-5.52629],[-80.82112,-5.5263],[-80.82089,-5.52655],[-80.82041,-5.5265],[-80.82022,-5.5265],[-80.8197,-5.52669],[-80.81943,-5.52693],[-80.81923,-5.52711],[-80.81894,-5.52801],[-80.81889,-5.52844],[-80.81918,-5.52915],[-80.81975,-5.5302],[-80.82022,-5.53077],[-80.8214,-5.53134],[-80.82287,-5.53153],[-80.82425,-5.53143],[-80.82572,-5.53138],[-80.82638,-5.53124],[-80.82649,-5.53109],[-80.8265,-5.53109],[-80.82696,-5.53094],[-80.82763,-5.53072],[-80.82839,-5.53056],[-80.8286,-5.53039],[-80.82859,-5.53039],[-80.82848,-5.53034],[-80.82796,-5.53009],[-80.82771,-5.52936],[-80.82765,-5.52918],[-80.82755,-5.52813],[-80.82769,-5.52771],[-80.82789,-5.52711],[-80.82846,-5.5256],[-80.829,-5.52442],[-80.82995,-5.5229],[-80.83116,-5.52097],[-80.83222,-5.51869],[-80.83276,-5.51758],[-80.83279,-5.51752],[-80.8333,-5.5165],[-80.83398,-5.51479],[-80.83431,-5.51319],[-80.83431,-5.51305],[-80.83462,-5.51274],[-80.83468,-5.51232],[-80.83592,-5.51145],[-80.83605,-5.51143],[-80.83605,-5.51126],[-80.83606,-5.511],[-80.83602,-5.51073],[-80.83601,-5.51071],[-80.83597,-5.5107],[-80.8357,-5.5107],[-80.83545,-5.5107],[-80.8352,-5.50962],[-80.83454,-5.50962],[-80.83455,-5.50967],[-80.83429,-5.51001],[-80.83361,-5.51005],[-80.8334,-5.50971],[-80.83334,-5.50962],[-80.83109,-5.50962],[-80.8308,-5.50911],[-80.83079,-5.50912],[-80.83053,-5.5093],[-80.83035,-5.50944],[-80.83012,-5.50962],[-80.82846,-5.50962],[-80.82846,-5.50957],[-80.82847,-5.50956],[-80.82847,-5.50928],[-80.82846,-5.50924],[-80.82847,-5.50884],[-80.82847,-5.5085],[-80.82847,-5.50658],[-80.82847,-5.50504],[-80.82847,-5.50306],[-80.82847,-5.50057],[-80.82793,-5.50057],[-80.82807,-5.50028],[-80.82891,-5.49869],[-80.82996,-5.49711],[-80.83097,-5.49502],[-80.83152,-5.49348],[-80.8325,-5.49226],[-80.83368,-5.49058],[-80.83445,-5.48994],[-80.83678,-5.48838],[-80.83846,-5.4869],[-80.83924,-5.48616],[-80.83823,-5.47929],[-80.84232,-5.47344],[-80.84653,-5.46741],[-80.84659,-5.46732],[-80.85555,-5.45775],[-80.85556,-5.45771],[-80.85934,-5.43987],[-80.85974,-5.438],[-80.85795,-5.42304],[-80.85841,-5.41916],[-80.85915,-5.41287],[-80.86154,-5.39791],[-80.85139,-5.39312],[-80.84781,-5.4021]]]}},{"type":"Feature","properties":{"Name":"Zonas aptas para cultivos en limpio con calidad Agrol\u00f3gica media, asociadas a zonas aptas para cultivos permanentes y potencial de energ\u00edas renovables no convencionales","description":"<div style='font-family:sans-serif;'><h4>ZEE PIURA - Zonas aptas para cultivos en limpio con calidad Agrol\u00f3gica media, asociadas a zonas aptas para cultivos permanentes y potencial de energ\u00edas renovables no convencionales</h4><table border='1' cellpadding='4' style='border-collapse:collapse;font-size:12px;'><tr><td><b>OBJECTID:</b></td><td>31</td></tr><tr><td><b>ZEECODE:</b></td><td>16</td></tr><tr><td><b>ZEE:</b></td><td>Zonas aptas para cultivos en limpio con calidad Agrol\u00f3gica media, asociadas a zonas aptas para cultivos permanentes y potencial de energ\u00edas renovables no convencionales</td></tr><tr><td><b>ZEE_ZONAS:</b></td><td>Zonas aptas para cultivos en limpio con calidad Agrol\u00f3gica media, asociadas a zonas aptas para cultivos permanentes y potencial de energ\u00edas renovables</td></tr><tr><td><b>ZEE_GRANDE:</b></td><td>Zonas Productivas</td></tr><tr><td><b>AREA:</b></td><td>47521071.902</td></tr><tr><td><b>PERIMETER:</b></td><td>79455.608</td></tr><tr><td><b>HECTARES:</b></td><td>4752.107</td></tr></table></div>"},"geometry":{"type":"Polygon","coordinates":[[[-81.2938,-4.68292],[-81.29407,-4.6846],[-81.29458,-4.68515],[-81.29481,-4.6854],[-81.29484,-4.68556],[-81.29483,-4.6858],[-81.29483,-4.68596],[-81.29487,-4.68617],[-81.29487,-4.6863],[-81.29489,-4.68636],[-81.29493,-4.68651],[-81.29497,-4.6867],[-81.29509,-4.68691],[-81.29519,-4.68714],[-81.29528,-4.68735],[-81.29535,-4.68752],[-81.29573,-4.68828],[-81.2959,-4.68876],[-81.29602,-4.68945],[-81.29637,-4.68938],[-81.29714,-4.68922],[-81.29752,-4.69099],[-81.29757,-4.69353],[-81.29823,-4.69472],[-81.29842,-4.69518],[-81.29787,-4.69716],[-81.29761,-4.69801],[-81.29744,-4.69854],[-81.2974,-4.69866],[-81.29706,-4.69975],[-81.29634,-4.70201],[-81.29327,-4.70465],[-81.28822,-4.70267],[-81.2866,-4.70105],[-81.28426,-4.6987],[-81.28405,-4.69849],[-81.28098,-4.69687],[-81.28095,-4.69695],[-81.28079,-4.69736],[-81.28064,-4.69777],[-81.28049,-4.69818],[-81.28035,-4.69859],[-81.28022,-4.69901],[-81.28009,-4.69942],[-81.27998,-4.69984],[-81.27986,-4.70026],[-81.27976,-4.70069],[-81.27966,-4.70111],[-81.27957,-4.70154],[-81.27948,-4.70196],[-81.27941,-4.70239],[-81.27933,-4.70282],[-81.27927,-4.70325],[-81.27921,-4.70369],[-81.27916,-4.70412],[-81.27912,-4.70455],[-81.27908,-4.70499],[-81.27905,-4.70542],[-81.27903,-4.70586],[-81.27902,-4.70629],[-81.27901,-4.70673],[-81.27901,-4.70716],[-81.27901,-4.7076],[-81.27903,-4.70803],[-81.27905,-4.70847],[-81.27907,-4.7089],[-81.27911,-4.70934],[-81.27915,-4.70977],[-81.2792,-4.7102],[-81.27925,-4.71064],[-81.27931,-4.71107],[-81.27938,-4.7115],[-81.27946,-4.71193],[-81.27954,-4.71236],[-81.27963,-4.71278],[-81.27972,-4.71321],[-81.27983,-4.71363],[-81.27994,-4.71405],[-81.28005,-4.71447],[-81.28018,-4.71489],[-81.28031,-4.7153],[-81.28044,-4.71572],[-81.28059,-4.71613],[-81.28074,-4.71654],[-81.28089,-4.71694],[-81.28106,-4.71735],[-81.28123,-4.71775],[-81.2814,-4.71815],[-81.28145,-4.71825],[-81.28395,-4.71696],[-81.28578,-4.71528],[-81.28737,-4.71361],[-81.28912,-4.71313],[-81.29167,-4.71153],[-81.29406,-4.70953],[-81.29637,-4.70761],[-81.29971,-4.70489],[-81.30242,-4.70253],[-81.30553,-4.69949],[-81.30807,-4.69701],[-81.31062,-4.69469],[-81.31261,-4.69253],[-81.31556,-4.69069],[-81.31739,-4.68934],[-81.31787,-4.68814],[-81.31848,-4.68774],[-81.32169,-4.6857],[-81.32208,-4.68548],[-81.32205,-4.68545],[-81.32187,-4.68532],[-81.32172,-4.68521],[-81.32153,-4.68508],[-81.32139,-4.68498],[-81.32119,-4.68484],[-81.32106,-4.68474],[-81.32084,-4.68459],[-81.32073,-4.68452],[-81.32039,-4.6843],[-81.32038,-4.68432],[-81.31986,-4.68462],[-81.31914,-4.68517],[-81.31878,-4.68524],[-81.31868,-4.68528],[-81.31833,-4.68543],[-81.31784,-4.68557],[-81.31778,-4.68537],[-81.318,-4.68504],[-81.3181,-4.68475],[-81.31804,-4.68468],[-81.31778,-4.68462],[-81.31742,-4.68478],[-81.31703,-4.68482],[-81.31683,-4.68472],[-81.31618,-4.68498],[-81.31596,-4.68527],[-81.3157,-4.68609],[-81.31504,-4.68625],[-81.31465,-4.68629],[-81.31462,-4.68583],[-81.31521,-4.68547],[-81.31524,-4.68521],[-81.31566,-4.68485],[-81.31573,-4.68455],[-81.3153,-4.68472],[-81.31478,-4.68472],[-81.31423,-4.68452],[-81.31433,-4.6842],[-81.31469,-4.684],[-81.31534,-4.68403],[-81.31621,-4.68407],[-81.31677,-4.68416],[-81.31709,-4.68393],[-81.31745,-4.6839],[-81.31768,-4.68364],[-81.31765,-4.68335],[-81.31774,-4.68292],[-81.31795,-4.68291],[-81.31757,-4.68272],[-81.31719,-4.68254],[-81.3168,-4.68236],[-81.31641,-4.68219],[-81.31602,-4.68203],[-81.31573,-4.68191],[-81.31567,-4.68189],[-81.31552,-4.68183],[-81.31529,-4.68174],[-81.31514,-4.68169],[-81.31491,-4.6816],[-81.31475,-4.68155],[-81.31452,-4.68147],[-81.31437,-4.68142],[-81.31413,-4.68134],[-81.31399,-4.68129],[-81.3137,-4.68121],[-81.3136,-4.68117],[-81.31322,-4.68106],[-81.31321,-4.68106],[-81.3128,-4.68095],[-81.31238,-4.68084],[-81.31197,-4.68074],[-81.31156,-4.68065],[-81.31114,-4.68056],[-81.31072,-4.68048],[-81.3103,-4.68041],[-81.30989,-4.68034],[-81.30946,-4.68028],[-81.30904,-4.68023],[-81.30862,-4.68018],[-81.3082,-4.68014],[-81.30777,-4.68011],[-81.30735,-4.68008],[-81.30693,-4.68006],[-81.3065,-4.68005],[-81.30608,-4.68004],[-81.30565,-4.68004],[-81.30521,-4.68005],[-81.30477,-4.68007],[-81.30434,-4.68009],[-81.3039,-4.68012],[-81.30346,-4.68015],[-81.30303,-4.6802],[-81.30259,-4.68025],[-81.30216,-4.6803],[-81.30172,-4.68037],[-81.30129,-4.68044],[-81.30086,-4.68052],[-81.30043,-4.68061],[-81.3,-4.6807],[-81.29957,-4.6808],[-81.29915,-4.68091],[-81.29872,-4.68102],[-81.2983,-4.68114],[-81.29788,-4.68127],[-81.29746,-4.6814],[-81.29705,-4.68154],[-81.29663,-4.68169],[-81.29622,-4.68185],[-81.29582,-4.68201],[-81.29541,-4.68218],[-81.29501,-4.68235],[-81.29461,-4.68253],[-81.2943,-4.68268],[-81.29394,-4.68285],[-81.2938,-4.68292]]]}},{"type":"Feature","properties":{"Name":"Zonas aptas para cultivos en limpio con calidad Agrol\u00f3gica baja, asociadas a zonas aptas para cultivo permanente, potencial turistico y potencial de recursos naturales no renovables","description":"<div style='font-family:sans-serif;'><h4>ZEE PIURA - Zonas aptas para cultivos en limpio con calidad Agrol\u00f3gica baja, asociadas a zonas aptas para cultivo permanente, potencial turistico y potencial de recursos naturales no renovables</h4><table border='1' cellpadding='4' style='border-collapse:collapse;font-size:12px;'><tr><td><b>OBJECTID:</b></td><td>32</td></tr><tr><td><b>ZEECODE:</b></td><td>8</td></tr><tr><td><b>ZEE:</b></td><td>Zonas aptas para cultivos en limpio con calidad Agrol\u00f3gica baja, asociadas a zonas aptas para cultivo permanente, potencial turistico y potencial de recursos naturales no renovables</td></tr><tr><td><b>ZEE_ZONAS:</b></td><td>Zonas aptas para cultivos en limpio con calidad Agrol\u00f3gica baja, asociadas a zonas aptas para cultivo permanente, potencial turistico y potencial de r</td></tr><tr><td><b>ZEE_GRANDE:</b></td><td>Zonas Productivas</td></tr><tr><td><b>AREA:</b></td><td>124322759.272</td></tr><tr><td><b>PERIMETER:</b></td><td>232158.046</td></tr><tr><td><b>HECTARES:</b></td><td>12432.276</td></tr></table></div>"},"geometry":{"type":"Polygon","coordinates":[[[-80.52493,-6.22409],[-80.5269,-6.2269],[-80.52715,-6.22685],[-80.52742,-6.22679],[-80.52772,-6.22677],[-80.52798,-6.22673],[-80.52828,-6.22673],[-80.5286,-6.22667],[-80.52897,-6.22659],[-80.5292,-6.22653],[-80.52951,-6.22642],[-80.52974,-6.22634],[-80.52995,-6.2262],[-80.53016,-6.22606],[-80.53037,-6.22588],[-80.53065,-6.22566],[-80.53087,-6.22546],[-80.53105,-6.22532],[-80.53126,-6.22514],[-80.53144,-6.22502],[-80.53153,-6.22483],[-80.53227,-6.22263],[-80.53282,-6.22109],[-80.53332,-6.21766],[-80.5335,-6.21582],[-80.53344,-6.2149],[-80.53363,-6.21239],[-80.53332,-6.21012],[-80.53375,-6.20834],[-80.53428,-6.20552],[-80.5344,-6.20454],[-80.53443,-6.20453],[-80.53422,-6.20343],[-80.5341,-6.2019],[-80.53324,-6.2011],[-80.53281,-6.20078],[-80.5322,-6.20031],[-80.53061,-6.19945],[-80.5305,-6.19936],[-80.53043,-6.19931],[-80.52889,-6.19816],[-80.52724,-6.19834],[-80.52626,-6.1984],[-80.5246,-6.19864],[-80.52314,-6.19914],[-80.52209,-6.1995],[-80.52037,-6.20042],[-80.51835,-6.20232],[-80.51798,-6.20391],[-80.51706,-6.20575],[-80.51706,-6.20793],[-80.51706,-6.20912],[-80.51565,-6.21083],[-80.51565,-6.21083],[-80.51651,-6.21206],[-80.51938,-6.21616],[-80.52493,-6.22409]]]}},{"type":"Feature","properties":{"Name":"Zonas aptas para cultivos en limpio con calidad Agrol\u00f3gica baja, asociadas a zonas aptas para pastos y potencial de recursos naturales no renovables","description":"<div style='font-family:sans-serif;'><h4>ZEE PIURA - Zonas aptas para cultivos en limpio con calidad Agrol\u00f3gica baja, asociadas a zonas aptas para pastos y potencial de recursos naturales no renovables</h4><table border='1' cellpadding='4' style='border-collapse:collapse;font-size:12px;'><tr><td><b>OBJECTID:</b></td><td>33</td></tr><tr><td><b>ZEECODE:</b></td><td>9</td></tr><tr><td><b>ZEE:</b></td><td>Zonas aptas para cultivos en limpio con calidad Agrol\u00f3gica baja, asociadas a zonas aptas para pastos y potencial de recursos naturales no renovables</td></tr><tr><td><b>ZEE_ZONAS:</b></td><td>Zonas aptas para cultivos en limpio con calidad Agrol\u00f3gica baja, asociadas a zonas aptas para pastos y potencial de recursos naturales no renovables</td></tr><tr><td><b>ZEE_GRANDE:</b></td><td>Zonas Productivas</td></tr><tr><td><b>AREA:</b></td><td>418504047.572</td></tr><tr><td><b>PERIMETER:</b></td><td>268467.111</td></tr><tr><td><b>HECTARES:</b></td><td>41850.405</td></tr></table></div>"},"geometry":{"type":"Polygon","coordinates":[[[-80.55873,-5.98459],[-80.55779,-5.98734],[-80.55637,-5.98687],[-80.55527,-5.9864],[-80.55362,-5.9871],[-80.55268,-5.98915],[-80.54992,-5.99285],[-80.54685,-5.99402],[-80.54599,-5.99324],[-80.54394,-5.99331],[-80.54229,-5.99292],[-80.54017,-5.99433],[-80.53915,-5.99662],[-80.53901,-5.99685],[-80.53812,-5.99835],[-80.53702,-5.99898],[-80.53679,-5.99942],[-80.53693,-5.99935],[-80.53731,-6.0004],[-80.5362,-6.00053],[-80.53563,-6.00161],[-80.53559,-6.00168],[-80.53602,-6.00296],[-80.53602,-6.00371],[-80.53602,-6.00488],[-80.53623,-6.00616],[-80.53765,-6.00637],[-80.53899,-6.00779],[-80.5402,-6.00836],[-80.54034,-6.00985],[-80.54147,-6.01198],[-80.54161,-6.01319],[-80.54232,-6.01347],[-80.54275,-6.01262],[-80.54275,-6.01191],[-80.54304,-6.00886],[-80.54351,-6.00835],[-80.54389,-6.00794],[-80.54523,-6.00858],[-80.54608,-6.0095],[-80.54736,-6.00993],[-80.54906,-6.01156],[-80.54906,-6.01341],[-80.54899,-6.0154],[-80.55019,-6.01653],[-80.55147,-6.01611],[-80.55282,-6.0149],[-80.55275,-6.01299],[-80.55403,-6.01121],[-80.5553,-6.0115],[-80.55629,-6.01448],[-80.55743,-6.01491],[-80.55984,-6.01718],[-80.56005,-6.01938],[-80.56033,-6.02073],[-80.56029,-6.02215],[-80.55973,-6.02314],[-80.55682,-6.02392],[-80.55604,-6.02506],[-80.55596,-6.02662],[-80.55667,-6.02932],[-80.55781,-6.02996],[-80.55965,-6.03103],[-80.56057,-6.03195],[-80.56192,-6.03309],[-80.56277,-6.03493],[-80.56355,-6.03593],[-80.56511,-6.03621],[-80.56596,-6.03685],[-80.56674,-6.03877],[-80.56677,-6.04083],[-80.56662,-6.04417],[-80.56669,-6.0463],[-80.56726,-6.04696],[-80.56794,-6.04775],[-80.56797,-6.04779],[-80.56953,-6.0485],[-80.57102,-6.04943],[-80.57258,-6.04978],[-80.57357,-6.05056],[-80.57356,-6.051],[-80.5735,-6.05254],[-80.5735,-6.05269],[-80.57407,-6.05348],[-80.5752,-6.05319],[-80.57591,-6.05092],[-80.57612,-6.05],[-80.57683,-6.04993],[-80.57761,-6.0505],[-80.57939,-6.05043],[-80.5796,-6.05149],[-80.57917,-6.05334],[-80.57846,-6.05518],[-80.57697,-6.05582],[-80.57562,-6.0561],[-80.57484,-6.05681],[-80.5742,-6.05873],[-80.57449,-6.05937],[-80.57513,-6.05981],[-80.57583,-6.06029],[-80.57628,-6.06008],[-80.57672,-6.05987],[-80.57792,-6.06069],[-80.57828,-6.06093],[-80.57856,-6.06292],[-80.57799,-6.06555],[-80.57771,-6.06768],[-80.57664,-6.06981],[-80.57579,-6.07059],[-80.57501,-6.07137],[-80.5743,-6.07187],[-80.57387,-6.07307],[-80.57416,-6.07385],[-80.57394,-6.07549],[-80.574,-6.07571],[-80.57422,-6.07655],[-80.57621,-6.07804],[-80.57692,-6.07904],[-80.57784,-6.07975],[-80.57947,-6.08053],[-80.57904,-6.0816],[-80.57841,-6.08181],[-80.57819,-6.08273],[-80.58004,-6.08394],[-80.58004,-6.08394],[-80.5811,-6.08479],[-80.58266,-6.08487],[-80.58337,-6.08593],[-80.58322,-6.08742],[-80.58302,-6.08782],[-80.58216,-6.08955],[-80.58138,-6.09026],[-80.57975,-6.09083],[-80.5779,-6.09147],[-80.57648,-6.09203],[-80.57471,-6.09302],[-80.5735,-6.09302],[-80.57268,-6.09347],[-80.56991,-6.09223],[-80.56776,-6.0891],[-80.56763,-6.08891],[-80.56535,-6.08787],[-80.56369,-6.08787],[-80.56307,-6.08994],[-80.56348,-6.09223],[-80.56576,-6.09431],[-80.56742,-6.09742],[-80.56721,-6.10251],[-80.56617,-6.10811],[-80.56688,-6.10943],[-80.56886,-6.11309],[-80.57715,-6.11954],[-80.58042,-6.12093],[-80.58769,-6.12404],[-80.58834,-6.12432],[-80.58879,-6.12446],[-80.58899,-6.12453],[-80.58992,-6.12483],[-80.59021,-6.12492],[-80.59074,-6.12509],[-80.59078,-6.12511],[-80.59269,-6.12572],[-80.59995,-6.12806],[-80.60146,-6.12872],[-80.60229,-6.12908],[-80.6056,-6.13053],[-80.60784,-6.1315],[-80.60949,-6.13222],[-80.61262,-6.13969],[-80.61273,-6.13996],[-80.61384,-6.14261],[-80.61404,-6.14977],[-80.61361,-6.15096],[-80.61238,-6.15433],[-80.61077,-6.1561],[-80.61092,-6.15654],[-80.60352,-6.16618],[-80.60294,-6.16694],[-80.60208,-6.16813],[-80.59664,-6.17563],[-80.59663,-6.17565],[-80.59566,-6.17699],[-80.59566,-6.17701],[-80.59567,-6.17738],[-80.59569,-6.17808],[-80.5957,-6.17848],[-80.59574,-6.18003],[-80.59579,-6.18201],[-80.59583,-6.18335],[-80.59586,-6.18476],[-80.59589,-6.1857],[-80.59599,-6.18982],[-80.59535,-6.19165],[-80.59462,-6.19374],[-80.59461,-6.19377],[-80.59436,-6.19446],[-80.59374,-6.19624],[-80.59334,-6.19735],[-80.59148,-6.20265],[-80.59147,-6.21054],[-80.59147,-6.21146],[-80.59147,-6.21167],[-80.59202,-6.21331],[-80.59224,-6.21396],[-80.59439,-6.22045],[-80.59528,-6.22311],[-80.59683,-6.22515],[-80.59858,-6.22744],[-80.59978,-6.22901],[-80.60013,-6.229],[-80.60468,-6.22883],[-80.60879,-6.22867],[-80.60896,-6.22829],[-80.60956,-6.22697],[-80.60958,-6.22694],[-80.61052,-6.22486],[-80.61087,-6.21931],[-80.61152,-6.21877],[-80.61295,-6.21758],[-80.61677,-6.21897],[-80.62404,-6.22834],[-80.62389,-6.23056],[-80.62364,-6.23429],[-80.62361,-6.23459],[-80.62334,-6.23874],[-80.62402,-6.24568],[-80.62818,-6.25262],[-80.63237,-6.25629],[-80.63372,-6.25747],[-80.63402,-6.25777],[-80.63682,-6.26058],[-80.63684,-6.2606],[-80.63683,-6.26062],[-80.63545,-6.26337],[-80.63404,-6.26542],[-80.63187,-6.26857],[-80.63169,-6.26934],[-80.63167,-6.26941],[-80.63163,-6.2696],[-80.63163,-6.27481],[-80.63172,-6.27635],[-80.63197,-6.28036],[-80.62844,-6.28142],[-80.62519,-6.28239],[-80.62505,-6.28243],[-80.62484,-6.28205],[-80.62309,-6.28113],[-80.62195,-6.28078],[-80.62006,-6.2802],[-80.61702,-6.28084],[-80.61615,-6.2813],[-80.61472,-6.28204],[-80.61215,-6.28406],[-80.61174,-6.28421],[-80.60865,-6.28535],[-80.60748,-6.28591],[-80.60654,-6.28636],[-80.6046,-6.2882],[-80.6024,-6.28967],[-80.60111,-6.28921],[-80.59955,-6.28865],[-80.59884,-6.28831],[-80.59743,-6.28764],[-80.59458,-6.28736],[-80.59191,-6.28809],[-80.59035,-6.28929],[-80.58891,-6.28991],[-80.59034,-6.29079],[-80.59092,-6.29266],[-80.58962,-6.29583],[-80.58976,-6.29871],[-80.58889,-6.30006],[-80.58412,-6.2996],[-80.58205,-6.2994],[-80.57587,-6.29788],[-80.57587,-6.29788],[-80.57633,-6.29854],[-80.58411,-6.30967],[-80.58545,-6.31159],[-80.59298,-6.32266],[-80.59486,-6.32224],[-80.60161,-6.32128],[-80.60684,-6.3217],[-80.6118,-6.32156],[-80.61538,-6.32005],[-80.61979,-6.3173],[-80.62406,-6.31537],[-80.62488,-6.31467],[-80.62875,-6.31138],[-80.63066,-6.30937],[-80.63164,-6.30835],[-80.63646,-6.30573],[-80.63867,-6.30353],[-80.64142,-6.30229],[-80.64167,-6.30227],[-80.64307,-6.30215],[-80.64486,-6.30298],[-80.6461,-6.30464],[-80.64789,-6.30519],[-80.64996,-6.30464],[-80.65175,-6.30299],[-80.65395,-6.30244],[-80.65629,-6.30258],[-80.65822,-6.3012],[-80.66001,-6.30093],[-80.66277,-6.30038],[-80.66483,-6.3012],[-80.66745,-6.30203],[-80.66883,-6.30314],[-80.66965,-6.30327],[-80.67323,-6.30217],[-80.67475,-6.30328],[-80.6764,-6.30452],[-80.67846,-6.30769],[-80.68149,-6.30783],[-80.68466,-6.30659],[-80.68824,-6.30315],[-80.69045,-6.30205],[-80.69554,-6.29929],[-80.70429,-6.30013],[-80.70663,-6.30054],[-80.7069,-6.30164],[-80.70855,-6.30481],[-80.70883,-6.30556],[-80.71004,-6.30567],[-80.71329,-6.30632],[-80.71898,-6.30547],[-80.72069,-6.30547],[-80.7228,-6.30637],[-80.72638,-6.30613],[-80.72996,-6.30442],[-80.73215,-6.3019],[-80.73435,-6.30125],[-80.7398,-6.29893],[-80.74508,-6.29609],[-80.74866,-6.29536],[-80.75394,-6.29569],[-80.7563,-6.29544],[-80.75809,-6.29487],[-80.75825,-6.29333],[-80.75703,-6.29121],[-80.75452,-6.28983],[-80.74907,-6.28991],[-80.74785,-6.2895],[-80.74736,-6.28885],[-80.74736,-6.28804],[-80.74834,-6.28731],[-80.75021,-6.28584],[-80.75232,-6.28381],[-80.75265,-6.28259],[-80.75241,-6.28178],[-80.75135,-6.28129],[-80.74923,-6.28145],[-80.74688,-6.28283],[-80.74427,-6.2856],[-80.74216,-6.28714],[-80.74135,-6.28706],[-80.74102,-6.28616],[-80.74127,-6.28478],[-80.74371,-6.28136],[-80.74615,-6.28015],[-80.75184,-6.2795],[-80.75745,-6.27934],[-80.76135,-6.28052],[-80.76598,-6.28312],[-80.77118,-6.28557],[-80.77387,-6.28589],[-80.77728,-6.28492],[-80.77972,-6.28248],[-80.78102,-6.28085],[-80.78102,-6.2802],[-80.78061,-6.27988],[-80.77858,-6.27988],[-80.77549,-6.28077],[-80.77452,-6.28061],[-80.77362,-6.27996],[-80.77362,-6.27898],[-80.77509,-6.27768],[-80.77696,-6.27727],[-80.77956,-6.27744],[-80.78135,-6.27646],[-80.78232,-6.27483],[-80.78265,-6.2728],[-80.78281,-6.2706],[-80.78371,-6.26983],[-80.7868,-6.26837],[-80.78997,-6.26666],[-80.7933,-6.26626],[-80.79455,-6.2659],[-80.79558,-6.26561],[-80.79584,-6.26522],[-80.7968,-6.26382],[-80.79704,-6.26113],[-80.79753,-6.25943],[-80.7994,-6.25796],[-80.80217,-6.25735],[-80.80509,-6.25524],[-80.80745,-6.25426],[-80.81005,-6.25272],[-80.81127,-6.2506],[-80.81201,-6.24979],[-80.81493,-6.24955],[-80.81705,-6.24939],[-80.81737,-6.24841],[-80.81688,-6.24784],[-80.81575,-6.24662],[-80.81445,-6.24573],[-80.81445,-6.24483],[-80.81493,-6.24385],[-80.81607,-6.24215],[-80.81851,-6.24003],[-80.82087,-6.23967],[-80.82428,-6.23747],[-80.82599,-6.23682],[-80.82786,-6.23642],[-80.82924,-6.2352],[-80.8316,-6.23365],[-80.83558,-6.23146],[-80.83746,-6.2291],[-80.83754,-6.22772],[-80.83705,-6.22601],[-80.83754,-6.22495],[-80.84063,-6.22109],[-80.84299,-6.2197],[-80.84404,-6.21816],[-80.84486,-6.21613],[-80.84713,-6.21344],[-80.84827,-6.21157],[-80.85047,-6.20832],[-80.85478,-6.20413],[-80.85811,-6.20218],[-80.85917,-6.20063],[-80.86136,-6.19803],[-80.86526,-6.19437],[-80.86843,-6.19144],[-80.86941,-6.19006],[-80.87047,-6.18701],[-80.87144,-6.18612],[-80.87226,-6.18547],[-80.87258,-6.18482],[-80.87201,-6.18335],[-80.87104,-6.18254],[-80.87104,-6.18107],[-80.8712,-6.17985],[-80.8725,-6.17823],[-80.87364,-6.17774],[-80.8747,-6.17798],[-80.87608,-6.17977],[-80.87705,-6.17994],[-80.87795,-6.17937],[-80.87819,-6.17839],[-80.87868,-6.1775],[-80.87917,-6.17619],[-80.87917,-6.17514],[-80.87949,-6.17432],[-80.88047,-6.17428],[-80.88104,-6.17558],[-80.88234,-6.17591],[-80.88347,-6.17534],[-80.88331,-6.17453],[-80.88315,-6.17396],[-80.88339,-6.17371],[-80.88404,-6.17355],[-80.88526,-6.17355],[-80.88591,-6.17274],[-80.88648,-6.17087],[-80.8873,-6.17034],[-80.88778,-6.17091],[-80.8886,-6.17148],[-80.88941,-6.17237],[-80.88949,-6.17449],[-80.88973,-6.17579],[-80.89022,-6.17571],[-80.8903,-6.17408],[-80.8903,-6.17197],[-80.89022,-6.16985],[-80.89022,-6.16733],[-80.89152,-6.16481],[-80.89209,-6.16302],[-80.89209,-6.16082],[-80.89144,-6.15737],[-80.89185,-6.1555],[-80.89266,-6.1546],[-80.89429,-6.15428],[-80.89575,-6.15468],[-80.8999,-6.1498],[-80.90071,-6.14753],[-80.90258,-6.14476],[-80.90543,-6.13898],[-80.9073,-6.13646],[-80.90803,-6.13679],[-80.90835,-6.13988],[-80.90925,-6.14086],[-80.91014,-6.14118],[-80.91046,-6.14078],[-80.91047,-6.14021],[-80.91038,-6.13972],[-80.90998,-6.1389],[-80.90998,-6.1385],[-80.91071,-6.1385],[-80.91209,-6.13817],[-80.91347,-6.13679],[-80.9155,-6.13549],[-80.91908,-6.13378],[-80.92293,-6.1326],[-80.92594,-6.1299],[-80.92753,-6.12768],[-80.92753,-6.12556],[-80.92753,-6.12543],[-80.92753,-6.12482],[-80.9275,-6.12469],[-80.92709,-6.12291],[-80.92695,-6.12307],[-80.92662,-6.12323],[-80.92618,-6.12296],[-80.92582,-6.12224],[-80.92515,-6.12196],[-80.922,-6.12185],[-80.92071,-6.1218],[-80.91709,-6.12222],[-80.91658,-6.12228],[-80.91455,-6.12305],[-80.91325,-6.12355],[-80.89849,-6.12858],[-80.89845,-6.12863],[-80.89829,-6.12881],[-80.89807,-6.12894],[-80.89753,-6.12894],[-80.89756,-6.12889],[-80.89742,-6.12894],[-80.88948,-6.13165],[-80.88832,-6.13204],[-80.87816,-6.13331],[-80.87148,-6.13533],[-80.86929,-6.13599],[-80.86816,-6.13633],[-80.86591,-6.13814],[-80.8636,-6.14],[-80.86133,-6.14182],[-80.86086,-6.1422],[-80.85408,-6.14939],[-80.85292,-6.15062],[-80.85186,-6.15121],[-80.84972,-6.15241],[-80.84872,-6.15297],[-80.8469,-6.15399],[-80.84228,-6.15658],[-80.8409,-6.15728],[-80.83653,-6.15951],[-80.82995,-6.16286],[-80.82788,-6.16391],[-80.82555,-6.16509],[-80.82482,-6.16547],[-80.81918,-6.1674],[-80.81452,-6.169],[-80.79996,-6.17399],[-80.79962,-6.1744],[-80.79941,-6.17559],[-80.79814,-6.17672],[-80.79743,-6.17728],[-80.7968,-6.17778],[-80.79548,-6.17821],[-80.79532,-6.17827],[-80.79426,-6.17859],[-80.79423,-6.17833],[-80.79419,-6.17796],[-80.79416,-6.17783],[-80.79402,-6.17793],[-80.79338,-6.17888],[-80.79321,-6.17913],[-80.79038,-6.18339],[-80.78989,-6.18412],[-80.78984,-6.18423],[-80.78892,-6.18613],[-80.78544,-6.19334],[-80.77409,-6.20808],[-80.774,-6.20819],[-80.77163,-6.21125],[-80.77086,-6.21224],[-80.76982,-6.2136],[-80.76893,-6.21474],[-80.76749,-6.2166],[-80.76504,-6.21871],[-80.76004,-6.22303],[-80.75939,-6.22359],[-80.75364,-6.22853],[-80.75034,-6.23137],[-80.74494,-6.23335],[-80.73779,-6.23589],[-80.73617,-6.23714],[-80.73017,-6.24177],[-80.7292,-6.2446],[-80.72826,-6.24733],[-80.72775,-6.24819],[-80.72607,-6.25102],[-80.72572,-6.25162],[-80.72559,-6.25172],[-80.72399,-6.25299],[-80.72032,-6.2559],[-80.70984,-6.2578],[-80.70966,-6.25781],[-80.70775,-6.25793],[-80.7028,-6.25823],[-80.70079,-6.25835],[-80.68698,-6.25628],[-80.67777,-6.25119],[-80.67651,-6.24971],[-80.67638,-6.24957],[-80.67254,-6.24507],[-80.67224,-6.2435],[-80.67164,-6.24032],[-80.67158,-6.23998],[-80.67143,-6.23919],[-80.67145,-6.23877],[-80.67155,-6.2363],[-80.67159,-6.23522],[-80.67238,-6.23488],[-80.6727,-6.23474],[-80.67313,-6.23504],[-80.67522,-6.23651],[-80.67528,-6.23655],[-80.67587,-6.23697],[-80.67717,-6.23827],[-80.68,-6.2411],[-80.68396,-6.24243],[-80.68476,-6.2427],[-80.686,-6.24234],[-80.68698,-6.24206],[-80.68733,-6.2412],[-80.68776,-6.24012],[-80.68857,-6.23809],[-80.68953,-6.23285],[-80.68964,-6.23252],[-80.69033,-6.23051],[-80.69048,-6.23008],[-80.69124,-6.22786],[-80.69144,-6.22729],[-80.69151,-6.22724],[-80.69203,-6.22686],[-80.69254,-6.22648],[-80.69286,-6.22625],[-80.6935,-6.22578],[-80.69668,-6.2261],[-80.69747,-6.22584],[-80.69954,-6.22515],[-80.70114,-6.22224],[-80.70129,-6.22197],[-80.70159,-6.21951],[-80.70176,-6.21816],[-80.70161,-6.21758],[-80.70123,-6.21618],[-80.70105,-6.2155],[-80.70002,-6.2117],[-80.69961,-6.21016],[-80.69939,-6.20934],[-80.69871,-6.206],[-80.69828,-6.2039],[-80.69794,-6.20222],[-80.69759,-6.20048],[-80.69713,-6.1982],[-80.69674,-6.19631],[-80.69649,-6.19504],[-80.6959,-6.19218],[-80.69587,-6.19169],[-80.69546,-6.18656],[-80.69545,-6.18651],[-80.69515,-6.18277],[-80.6951,-6.18213],[-80.69502,-6.18107],[-80.6948,-6.17836],[-80.69487,-6.17781],[-80.69512,-6.17589],[-80.69461,-6.17498],[-80.69447,-6.17474],[-80.69411,-6.17255],[-80.6938,-6.17061],[-80.69374,-6.17022],[-80.69327,-6.16915],[-80.69327,-6.16627],[-80.69309,-6.16564],[-80.69301,-6.16536],[-80.69207,-6.16196],[-80.69189,-6.16132],[-80.69095,-6.15968],[-80.69094,-6.15963],[-80.69084,-6.15923],[-80.69071,-6.15898],[-80.69062,-6.15863],[-80.69056,-6.15841],[-80.69038,-6.15867],[-80.68951,-6.15715],[-80.68762,-6.15284],[-80.68756,-6.15271],[-80.68796,-6.15274],[-80.68846,-6.15278],[-80.689,-6.15337],[-80.68894,-6.15457],[-80.68949,-6.15426],[-80.68948,-6.15419],[-80.68945,-6.1539],[-80.68945,-6.15364],[-80.68946,-6.15332],[-80.68942,-6.15284],[-80.68939,-6.15263],[-80.68936,-6.15264],[-80.68924,-6.15249],[-80.68909,-6.15117],[-80.68901,-6.151],[-80.68888,-6.15075],[-80.68882,-6.15062],[-80.68874,-6.15047],[-80.68859,-6.1502],[-80.68844,-6.14986],[-80.68829,-6.14942],[-80.68818,-6.14914],[-80.6881,-6.14888],[-80.68797,-6.1486],[-80.68781,-6.14837],[-80.68761,-6.14809],[-80.68746,-6.1479],[-80.68725,-6.14763],[-80.6872,-6.14757],[-80.6871,-6.14743],[-80.68694,-6.14716],[-80.68675,-6.14684],[-80.6865,-6.14639],[-80.68628,-6.14602],[-80.68606,-6.14558],[-80.68595,-6.14533],[-80.68586,-6.14514],[-80.68576,-6.14477],[-80.68561,-6.14437],[-80.6855,-6.14406],[-80.68532,-6.14383],[-80.68511,-6.14401],[-80.68504,-6.14414],[-80.68448,-6.14357],[-80.68419,-6.14351],[-80.6842,-6.1433],[-80.68338,-6.14247],[-80.68334,-6.14241],[-80.68309,-6.14195],[-80.68268,-6.14118],[-80.68219,-6.14029],[-80.6821,-6.13893],[-80.68199,-6.13732],[-80.68155,-6.13609],[-80.68126,-6.1353],[-80.6812,-6.13513],[-80.68113,-6.1351],[-80.67883,-6.13394],[-80.67849,-6.12968],[-80.67843,-6.12899],[-80.6774,-6.12712],[-80.67614,-6.12766],[-80.67597,-6.1272],[-80.677,-6.12641],[-80.67595,-6.12451],[-80.67552,-6.12373],[-80.67546,-6.12363],[-80.67445,-6.12143],[-80.67365,-6.11968],[-80.67309,-6.11847],[-80.67209,-6.11537],[-80.67192,-6.11482],[-80.67111,-6.11232],[-80.67032,-6.11113],[-80.66993,-6.11055],[-80.66715,-6.10637],[-80.66597,-6.1028],[-80.66498,-6.09923],[-80.66442,-6.09806],[-80.66367,-6.09649],[-80.66287,-6.0948],[-80.6628,-6.09467],[-80.66102,-6.09289],[-80.66019,-6.09188],[-80.66022,-6.09137],[-80.66036,-6.09117],[-80.66166,-6.08926],[-80.66167,-6.08925],[-80.66167,-6.08829],[-80.6612,-6.08684],[-80.66116,-6.08549],[-80.66107,-6.08469],[-80.66079,-6.08385],[-80.66051,-6.08334],[-80.66004,-6.08236],[-80.65986,-6.08086],[-80.66032,-6.08012],[-80.66069,-6.08007],[-80.66069,-6.07965],[-80.66069,-6.07911],[-80.661,-6.07735],[-80.66104,-6.07718],[-80.66107,-6.0769],[-80.6611,-6.07663],[-80.66138,-6.0741],[-80.66139,-6.0739],[-80.66149,-6.0717],[-80.66153,-6.07155],[-80.66184,-6.07022],[-80.66184,-6.06828],[-80.66207,-6.06532],[-80.66196,-6.06224],[-80.66199,-6.06199],[-80.6623,-6.05984],[-80.66276,-6.05882],[-80.66333,-6.05676],[-80.6639,-6.05391],[-80.66387,-6.0534],[-80.66379,-6.05163],[-80.66344,-6.04981],[-80.66345,-6.04798],[-80.66348,-6.04785],[-80.66365,-6.04725],[-80.66373,-6.04696],[-80.66328,-6.04388],[-80.663,-6.04364],[-80.66288,-6.04353],[-80.66272,-6.04421],[-80.66154,-6.04446],[-80.66154,-6.04427],[-80.66155,-6.04395],[-80.66156,-6.04372],[-80.66157,-6.04335],[-80.66158,-6.04305],[-80.66161,-6.04275],[-80.66163,-6.0426],[-80.66077,-6.04205],[-80.66113,-6.04124],[-80.66123,-6.04103],[-80.66029,-6.03935],[-80.65996,-6.03945],[-80.65979,-6.03917],[-80.65997,-6.03819],[-80.65986,-6.03772],[-80.6596,-6.03673],[-80.65941,-6.03601],[-80.65936,-6.03531],[-80.65923,-6.03548],[-80.65917,-6.03633],[-80.65927,-6.03686],[-80.65928,-6.03695],[-80.65934,-6.03803],[-80.65917,-6.03843],[-80.65889,-6.03803],[-80.65879,-6.03719],[-80.65877,-6.03707],[-80.65872,-6.03616],[-80.65883,-6.03588],[-80.65889,-6.03542],[-80.65894,-6.0348],[-80.65883,-6.03451],[-80.65879,-6.03449],[-80.65889,-6.03424],[-80.65903,-6.03402],[-80.65919,-6.03383],[-80.65923,-6.03411],[-80.65932,-6.03428],[-80.65941,-6.03344],[-80.65945,-6.03311],[-80.65953,-6.03236],[-80.65941,-6.03167],[-80.65928,-6.03165],[-80.65918,-6.03246],[-80.65896,-6.03233],[-80.65868,-6.03225],[-80.65843,-6.0322],[-80.65832,-6.03218],[-80.65832,-6.03152],[-80.65782,-6.03206],[-80.65713,-6.03281],[-80.65699,-6.03302],[-80.65633,-6.03395],[-80.65542,-6.03555],[-80.65527,-6.03578],[-80.65497,-6.03623],[-80.65378,-6.03613],[-80.6536,-6.03612],[-80.65319,-6.03499],[-80.65314,-6.03486],[-80.65314,-6.03481],[-80.65315,-6.03327],[-80.65314,-6.03323],[-80.65303,-6.03224],[-80.65246,-6.03224],[-80.65183,-6.03322],[-80.65181,-6.03325],[-80.65144,-6.03384],[-80.65075,-6.03475],[-80.64904,-6.03497],[-80.64864,-6.03441],[-80.64847,-6.03418],[-80.64791,-6.03281],[-80.6481,-6.03225],[-80.64856,-6.03096],[-80.64859,-6.03087],[-80.64893,-6.02987],[-80.6489,-6.02981],[-80.64779,-6.02882],[-80.6462,-6.02893],[-80.64609,-6.02891],[-80.64594,-6.02887],[-80.64517,-6.0287],[-80.64394,-6.02791],[-80.64389,-6.02793],[-80.64357,-6.02759],[-80.64313,-6.02722],[-80.64256,-6.02813],[-80.64199,-6.02904],[-80.64073,-6.0301],[-80.6405,-6.03029],[-80.64047,-6.03038],[-80.64053,-6.0309],[-80.64055,-6.03109],[-80.64033,-6.03169],[-80.64004,-6.03137],[-80.63999,-6.0315],[-80.64024,-6.03181],[-80.64074,-6.03239],[-80.64097,-6.03267],[-80.64176,-6.03359],[-80.64221,-6.03453],[-80.64334,-6.0369],[-80.64358,-6.04057],[-80.64248,-6.04711],[-80.64149,-6.05837],[-80.64161,-6.06283],[-80.64039,-6.06577],[-80.64039,-6.06695],[-80.64039,-6.06931],[-80.64002,-6.07213],[-80.63904,-6.07359],[-80.63862,-6.07757],[-80.63851,-6.07858],[-80.63843,-6.07941],[-80.63854,-6.08668],[-80.63842,-6.08803],[-80.63839,-6.08834],[-80.63876,-6.08834],[-80.63913,-6.08816],[-80.64047,-6.08754],[-80.64091,-6.08714],[-80.64183,-6.08629],[-80.6424,-6.08503],[-80.64218,-6.08332],[-80.64218,-6.08104],[-80.64252,-6.08036],[-80.6432,-6.08093],[-80.64343,-6.08184],[-80.64389,-6.08309],[-80.64491,-6.08287],[-80.64503,-6.08116],[-80.64571,-6.0791],[-80.64537,-6.07568],[-80.6456,-6.07409],[-80.64446,-6.07146],[-80.64435,-6.07032],[-80.64481,-6.0685],[-80.64583,-6.0685],[-80.64777,-6.06736],[-80.64787,-6.06519],[-80.64789,-6.06485],[-80.64777,-6.0612],[-80.64743,-6.05732],[-80.64652,-6.0555],[-80.64732,-6.05333],[-80.64778,-6.05174],[-80.64848,-6.05168],[-80.64915,-6.05162],[-80.64994,-6.05345],[-80.65132,-6.05512],[-80.65154,-6.05539],[-80.65233,-6.0579],[-80.65224,-6.05973],[-80.65222,-6.06006],[-80.65176,-6.06234],[-80.65096,-6.06451],[-80.6505,-6.06645],[-80.64993,-6.06839],[-80.65016,-6.06998],[-80.65107,-6.07113],[-80.6515,-6.07234],[-80.65164,-6.07272],[-80.65209,-6.07443],[-80.65209,-6.07504],[-80.65209,-6.07592],[-80.65209,-6.07751],[-80.65232,-6.07956],[-80.65289,-6.08048],[-80.65357,-6.08196],[-80.65357,-6.08264],[-80.65402,-6.08515],[-80.65425,-6.08652],[-80.65482,-6.08812],[-80.6555,-6.09051],[-80.65664,-6.09234],[-80.65744,-6.09337],[-80.65721,-6.09496],[-80.65607,-6.0961],[-80.65487,-6.09781],[-80.65396,-6.09861],[-80.65407,-6.10009],[-80.65339,-6.1018],[-80.65327,-6.10363],[-80.65156,-6.10442],[-80.64962,-6.10705],[-80.64941,-6.1082],[-80.6494,-6.1083],[-80.64825,-6.11012],[-80.64782,-6.11129],[-80.64746,-6.11229],[-80.64707,-6.11381],[-80.647,-6.11411],[-80.64686,-6.11505],[-80.64719,-6.11527],[-80.64757,-6.11804],[-80.64528,-6.11826],[-80.64515,-6.11813],[-80.64507,-6.11805],[-80.64506,-6.11805],[-80.64489,-6.11819],[-80.64472,-6.11833],[-80.64447,-6.11848],[-80.64396,-6.11973],[-80.64335,-6.12118],[-80.64232,-6.12358],[-80.64205,-6.12485],[-80.64198,-6.12517],[-80.64221,-6.12643],[-80.643,-6.127],[-80.6446,-6.12814],[-80.64501,-6.12937],[-80.64505,-6.12951],[-80.64515,-6.13106],[-80.64524,-6.13125],[-80.64608,-6.13156],[-80.64653,-6.13099],[-80.64744,-6.13236],[-80.64721,-6.13544],[-80.64746,-6.13571],[-80.64847,-6.13681],[-80.64949,-6.13795],[-80.64983,-6.1392],[-80.64924,-6.14029],[-80.64903,-6.14068],[-80.64884,-6.14074],[-80.64889,-6.14079],[-80.64926,-6.14094],[-80.6491,-6.14232],[-80.64755,-6.14253],[-80.64743,-6.14255],[-80.64724,-6.14216],[-80.64721,-6.14228],[-80.6475,-6.14362],[-80.64766,-6.14433],[-80.64794,-6.14475],[-80.64833,-6.14534],[-80.64835,-6.14536],[-80.64841,-6.14552],[-80.6488,-6.1465],[-80.64948,-6.14684],[-80.65028,-6.14536],[-80.65074,-6.14445],[-80.65222,-6.14308],[-80.65304,-6.14155],[-80.65302,-6.14149],[-80.65268,-6.13955],[-80.65302,-6.13886],[-80.6537,-6.13898],[-80.65378,-6.13915],[-80.65405,-6.13978],[-80.65501,-6.14016],[-80.65518,-6.14023],[-80.65598,-6.14103],[-80.65644,-6.14183],[-80.65735,-6.14217],[-80.65737,-6.14222],[-80.65803,-6.14397],[-80.6578,-6.14639],[-80.6578,-6.14787],[-80.65848,-6.1489],[-80.6586,-6.14959],[-80.65917,-6.1497],[-80.65974,-6.14993],[-80.66053,-6.14913],[-80.66156,-6.14913],[-80.66178,-6.14913],[-80.66258,-6.15056],[-80.66307,-6.15484],[-80.6627,-6.15546],[-80.66086,-6.15851],[-80.6594,-6.15918],[-80.65905,-6.16042],[-80.65711,-6.16247],[-80.65494,-6.16293],[-80.65404,-6.16283],[-80.65388,-6.16282],[-80.65266,-6.1627],[-80.65091,-6.1628],[-80.65084,-6.16281],[-80.64925,-6.16269],[-80.64918,-6.16273],[-80.64776,-6.16349],[-80.64605,-6.16372],[-80.64366,-6.1636],[-80.6415,-6.16394],[-80.6391,-6.16531],[-80.63546,-6.16599],[-80.63477,-6.16451],[-80.63375,-6.16428],[-80.63227,-6.16314],[-80.6325,-6.16166],[-80.63284,-6.16097],[-80.63308,-6.15984],[-80.63318,-6.15938],[-80.6333,-6.15778],[-80.63364,-6.15732],[-80.63427,-6.15696],[-80.63603,-6.15596],[-80.63702,-6.15568],[-80.63763,-6.1555],[-80.63938,-6.15528],[-80.64036,-6.15516],[-80.64128,-6.15482],[-80.64207,-6.15357],[-80.64173,-6.15186],[-80.641,-6.15136],[-80.639,-6.15003],[-80.63794,-6.14897],[-80.63729,-6.14832],[-80.63629,-6.14812],[-80.6342,-6.14566],[-80.63398,-6.1454],[-80.62991,-6.14345],[-80.62787,-6.14246],[-80.62078,-6.13848],[-80.61763,-6.13323],[-80.61689,-6.13199],[-80.6156,-6.12984],[-80.61554,-6.12846],[-80.61629,-6.12746],[-80.61657,-6.12709],[-80.6168,-6.12595],[-80.616,-6.12436],[-80.61714,-6.12299],[-80.61851,-6.12196],[-80.61855,-6.1219],[-80.61908,-6.12099],[-80.61931,-6.12059],[-80.61865,-6.12004],[-80.61865,-6.12004],[-80.61863,-6.12002],[-80.61863,-6.12],[-80.61864,-6.11994],[-80.61874,-6.119],[-80.61843,-6.11886],[-80.61787,-6.1186],[-80.61749,-6.11843],[-80.61521,-6.119],[-80.61361,-6.11899],[-80.61282,-6.11945],[-80.61278,-6.11975],[-80.61272,-6.12034],[-80.61268,-6.12065],[-80.61259,-6.1215],[-80.61133,-6.12207],[-80.61112,-6.12204],[-80.60955,-6.11902],[-80.6039,-6.11151],[-80.60382,-6.1085],[-80.60421,-6.10768],[-80.60474,-6.10656],[-80.60406,-6.10325],[-80.60258,-6.10245],[-80.60167,-6.10187],[-80.60158,-6.10181],[-80.60098,-6.10142],[-80.60026,-6.10138],[-80.59893,-6.10131],[-80.59608,-6.10096],[-80.59358,-6.09925],[-80.59335,-6.09743],[-80.59313,-6.09549],[-80.59301,-6.09138],[-80.5929,-6.09096],[-80.59256,-6.08967],[-80.59347,-6.08865],[-80.59438,-6.08785],[-80.59529,-6.08853],[-80.59598,-6.08831],[-80.59621,-6.08739],[-80.59666,-6.08751],[-80.59735,-6.08876],[-80.59791,-6.08968],[-80.59848,-6.09013],[-80.59882,-6.09059],[-80.59985,-6.09059],[-80.60076,-6.09116],[-80.60179,-6.0915],[-80.60247,-6.09048],[-80.60213,-6.08877],[-80.60133,-6.08751],[-80.60168,-6.08706],[-80.60259,-6.08671],[-80.60407,-6.08751],[-80.60441,-6.08843],[-80.60475,-6.09025],[-80.60475,-6.09185],[-80.6052,-6.09322],[-80.60475,-6.09436],[-80.60452,-6.09572],[-80.60474,-6.09675],[-80.60588,-6.09721],[-80.60655,-6.09758],[-80.60691,-6.09778],[-80.60907,-6.09687],[-80.60939,-6.09593],[-80.60942,-6.09584],[-80.60919,-6.09413],[-80.60896,-6.09299],[-80.60885,-6.09208],[-80.6101,-6.09083],[-80.6101,-6.09037],[-80.60988,-6.0898],[-80.60885,-6.08854],[-80.60875,-6.08766],[-80.60874,-6.08752],[-80.60906,-6.08715],[-80.61022,-6.08581],[-80.61182,-6.08455],[-80.61216,-6.08353],[-80.61226,-6.0832],[-80.61202,-6.08221],[-80.61245,-6.08108],[-80.61245,-6.08107],[-80.61283,-6.08112],[-80.61257,-6.07937],[-80.61239,-6.07817],[-80.6108,-6.07612],[-80.61042,-6.0751],[-80.60811,-6.07408],[-80.60726,-6.0729],[-80.60678,-6.06813],[-80.60715,-6.06342],[-80.60935,-6.05706],[-80.61221,-6.05231],[-80.61302,-6.05094],[-80.61442,-6.04741],[-80.6142,-6.04664],[-80.61479,-6.04649],[-80.61486,-6.0463],[-80.61511,-6.0413],[-80.6142,-6.04024],[-80.61444,-6.03912],[-80.61485,-6.0392],[-80.6145,-6.03643],[-80.61389,-6.03155],[-80.61384,-6.03133],[-80.61158,-6.02189],[-80.60926,-6.01797],[-80.60896,-6.01764],[-80.60909,-6.01729],[-80.60908,-6.01729],[-80.60876,-6.01713],[-80.60841,-6.01702],[-80.60621,-6.01454],[-80.60303,-6.01258],[-80.59863,-6.01056],[-80.59118,-6.00811],[-80.58966,-6.00721],[-80.58948,-6.00822],[-80.58856,-6.00838],[-80.58838,-6.00814],[-80.5871,-6.00766],[-80.58652,-6.00687],[-80.58658,-6.00683],[-80.58687,-6.00672],[-80.58712,-6.00673],[-80.58744,-6.00673],[-80.58767,-6.00679],[-80.58796,-6.00691],[-80.58819,-6.00694],[-80.58849,-6.00708],[-80.58883,-6.00716],[-80.58918,-6.00721],[-80.58943,-6.00722],[-80.5896,-6.00717],[-80.58688,-6.00556],[-80.58642,-6.00529],[-80.58214,-6.00358],[-80.57628,-6.00418],[-80.57077,-6.00687],[-80.56662,-6.01103],[-80.56513,-6.01276],[-80.56521,-6.01262],[-80.56438,-6.00733],[-80.56459,-6.00587],[-80.56376,-6.00151],[-80.56294,-5.99798],[-80.56273,-5.99342],[-80.56273,-5.99113],[-80.56274,-5.98953],[-80.56245,-5.98962],[-80.56318,-5.98836],[-80.56283,-5.98685],[-80.56292,-5.98419],[-80.56389,-5.98233],[-80.56478,-5.98153],[-80.56593,-5.98002],[-80.56682,-5.97851],[-80.56613,-5.97796],[-80.56471,-5.97892],[-80.56298,-5.97932],[-80.56118,-5.98057],[-80.56007,-5.98168],[-80.55897,-5.98262],[-80.55873,-5.98459]]]}},{"type":"Feature","properties":{"Name":"Zonas aptas para cultivos en limpio con calidad Agrol\u00f3gica media, asociadas a zonas aptas para pastos","description":"<div style='font-family:sans-serif;'><h4>ZEE PIURA - Zonas aptas para cultivos en limpio con calidad Agrol\u00f3gica media, asociadas a zonas aptas para pastos</h4><table border='1' cellpadding='4' style='border-collapse:collapse;font-size:12px;'><tr><td><b>OBJECTID:</b></td><td>34</td></tr><tr><td><b>ZEECODE:</b></td><td>17</td></tr><tr><td><b>ZEE:</b></td><td>Zonas aptas para cultivos en limpio con calidad Agrol\u00f3gica media, asociadas a zonas aptas para pastos</td></tr><tr><td><b>ZEE_ZONAS:</b></td><td>Zonas aptas para cultivos en limpio con calidad Agrol\u00f3gica media, asociadas a zonas aptas para pastos</td></tr><tr><td><b>ZEE_GRANDE:</b></td><td>Zonas Productivas</td></tr><tr><td><b>AREA:</b></td><td>49235938.563</td></tr><tr><td><b>PERIMETER:</b></td><td>276805.948</td></tr><tr><td><b>HECTARES:</b></td><td>4923.594</td></tr></table></div>"},"geometry":{"type":"Polygon","coordinates":[[[-80.74796,-5.52473],[-80.74965,-5.52473],[-80.74929,-5.52423],[-80.74929,-5.52343],[-80.74842,-5.52264],[-80.74821,-5.52194],[-80.74818,-5.52161],[-80.74828,-5.5209],[-80.74748,-5.51999],[-80.74731,-5.51988],[-80.74711,-5.51975],[-80.74687,-5.51959],[-80.74613,-5.51819],[-80.74711,-5.52204],[-80.74796,-5.52473]]]}},{"type":"Feature","properties":{"Name":"Zonas aptas para cultivos en limpio con calidad Agrol\u00f3gica baja, asociadas a tierras de protecci\u00f3n","description":"<div style='font-family:sans-serif;'><h4>ZEE PIURA - Zonas aptas para cultivos en limpio con calidad Agrol\u00f3gica baja, asociadas a tierras de protecci\u00f3n</h4><table border='1' cellpadding='4' style='border-collapse:collapse;font-size:12px;'><tr><td><b>OBJECTID:</b></td><td>35</td></tr><tr><td><b>ZEECODE:</b></td><td>7</td></tr><tr><td><b>ZEE:</b></td><td>Zonas aptas para cultivos en limpio con calidad Agrol\u00f3gica baja, asociadas a tierras de protecci\u00f3n</td></tr><tr><td><b>ZEE_ZONAS:</b></td><td>Zonas aptas para cultivos en limpio con calidad Agrol\u00f3gica baja, asociadas a tierras de protecci\u00f3n</td></tr><tr><td><b>ZEE_GRANDE:</b></td><td>Zonas Productivas</td></tr><tr><td><b>AREA:</b></td><td>253698029.081</td></tr><tr><td><b>PERIMETER:</b></td><td>1278366.807</td></tr><tr><td><b>HECTARES:</b></td><td>25369.803</td></tr></table></div>"},"geometry":{"type":"Polygon","coordinates":[[[-79.55934,-5.64553],[-79.55942,-5.64571],[-79.55948,-5.64487],[-79.55939,-5.64496],[-79.55928,-5.64518],[-79.55934,-5.64553]]]}},{"type":"Feature","properties":{"Name":"Zonas aptas para cultivos en limpio con calidad Agrol\u00f3gica alta","description":"<div style='font-family:sans-serif;'><h4>ZEE PIURA - Zonas aptas para cultivos en limpio con calidad Agrol\u00f3gica alta</h4><table border='1' cellpadding='4' style='border-collapse:collapse;font-size:12px;'><tr><td><b>OBJECTID:</b></td><td>36</td></tr><tr><td><b>ZEECODE:</b></td><td>1</td></tr><tr><td><b>ZEE:</b></td><td>Zonas aptas para cultivos en limpio con calidad Agrol\u00f3gica alta</td></tr><tr><td><b>ZEE_ZONAS:</b></td><td>Zonas aptas para cultivos en limpio con calidad Agrol\u00f3gica alta</td></tr><tr><td><b>ZEE_GRANDE:</b></td><td>Zonas Productivas</td></tr><tr><td><b>AREA:</b></td><td>655371396.716</td></tr><tr><td><b>PERIMETER:</b></td><td>1037885.973</td></tr><tr><td><b>HECTARES:</b></td><td>65537.14</td></tr></table></div>"},"geometry":{"type":"Polygon","coordinates":[[[-80.75783,-5.53403],[-80.75798,-5.53408],[-80.75793,-5.53396],[-80.75747,-5.53339],[-80.75783,-5.53403]]]}},{"type":"Feature","properties":{"Name":"Zonas aptas para cultivos en limpio con calidad Agrol\u00f3gica alta, asociadas a potencial de energ\u00edas renovables no convencionales","description":"<div style='font-family:sans-serif;'><h4>ZEE PIURA - Zonas aptas para cultivos en limpio con calidad Agrol\u00f3gica alta, asociadas a potencial de energ\u00edas renovables no convencionales</h4><table border='1' cellpadding='4' style='border-collapse:collapse;font-size:12px;'><tr><td><b>OBJECTID:</b></td><td>37</td></tr><tr><td><b>ZEECODE:</b></td><td>2</td></tr><tr><td><b>ZEE:</b></td><td>Zonas aptas para cultivos en limpio con calidad Agrol\u00f3gica alta, asociadas a potencial de energ\u00edas renovables no convencionales</td></tr><tr><td><b>ZEE_ZONAS:</b></td><td>Zonas aptas para cultivos en limpio con calidad Agrol\u00f3gica alta, asociadas a potencial de energ\u00edas renovables no convencionales</td></tr><tr><td><b>ZEE_GRANDE:</b></td><td>Zonas Productivas</td></tr><tr><td><b>AREA:</b></td><td>323542.493</td></tr><tr><td><b>PERIMETER:</b></td><td>3767.792</td></tr><tr><td><b>HECTARES:</b></td><td>32.354</td></tr></table></div>"},"geometry":{"type":"Polygon","coordinates":[[[-80.82633,-5.55011],[-80.82541,-5.55098],[-80.82573,-5.55096],[-80.82633,-5.55011]]]}},{"type":"Feature","properties":{"Name":"Zonas aptas para cultivos en limpio con calidad Agrol\u00f3gica baja","description":"<div style='font-family:sans-serif;'><h4>ZEE PIURA - Zonas aptas para cultivos en limpio con calidad Agrol\u00f3gica baja</h4><table border='1' cellpadding='4' style='border-collapse:collapse;font-size:12px;'><tr><td><b>OBJECTID:</b></td><td>38</td></tr><tr><td><b>ZEECODE:</b></td><td>3</td></tr><tr><td><b>ZEE:</b></td><td>Zonas aptas para cultivos en limpio con calidad Agrol\u00f3gica baja</td></tr><tr><td><b>ZEE_ZONAS:</b></td><td>Zonas aptas para cultivos en limpio con calidad Agrol\u00f3gica baja</td></tr><tr><td><b>ZEE_GRANDE:</b></td><td>Zonas Productivas</td></tr><tr><td><b>AREA:</b></td><td>1453955272.444</td></tr><tr><td><b>PERIMETER:</b></td><td>2935174.683</td></tr><tr><td><b>HECTARES:</b></td><td>145395.527</td></tr></table></div>"},"geometry":{"type":"Polygon","coordinates":[[[-80.56776,-6.20538],[-80.56786,-6.20803],[-80.56663,-6.21211],[-80.56622,-6.21568],[-80.56785,-6.21853],[-80.56978,-6.22067],[-80.57036,-6.22127],[-80.57294,-6.22394],[-80.57398,-6.22519],[-80.57498,-6.22639],[-80.57627,-6.22883],[-80.57681,-6.22986],[-80.57762,-6.23292],[-80.57731,-6.23526],[-80.57721,-6.2374],[-80.57782,-6.23944],[-80.57863,-6.24148],[-80.57863,-6.24223],[-80.57862,-6.2446],[-80.58001,-6.24876],[-80.58313,-6.24738],[-80.58416,-6.24641],[-80.5877,-6.2431],[-80.5875,-6.24312],[-80.58738,-6.24297],[-80.58664,-6.24242],[-80.58692,-6.24036],[-80.58601,-6.23968],[-80.58648,-6.23924],[-80.58758,-6.24003],[-80.58864,-6.24032],[-80.58895,-6.24137],[-80.58911,-6.24179],[-80.59003,-6.24093],[-80.59388,-6.23733],[-80.59398,-6.2373],[-80.596,-6.23675],[-80.59586,-6.23655],[-80.59537,-6.23617],[-80.59501,-6.23573],[-80.59514,-6.23461],[-80.59639,-6.234],[-80.59672,-6.23642],[-80.59685,-6.23652],[-80.59769,-6.23629],[-80.60003,-6.23654],[-80.59999,-6.23638],[-80.60167,-6.23502],[-80.60319,-6.23577],[-80.60307,-6.23685],[-80.60774,-6.23734],[-80.60777,-6.23734],[-80.60912,-6.23724],[-80.61225,-6.237],[-80.61536,-6.23873],[-80.61398,-6.24324],[-80.6128,-6.24637],[-80.61037,-6.25283],[-80.60981,-6.25434],[-80.6098,-6.25989],[-80.6098,-6.26695],[-80.6098,-6.26786],[-80.61222,-6.27376],[-80.61222,-6.27619],[-80.61032,-6.27754],[-80.60979,-6.27792],[-80.60563,-6.27653],[-80.60252,-6.27445],[-80.59993,-6.27468],[-80.59926,-6.27556],[-80.59756,-6.2757],[-80.59745,-6.27554],[-80.59646,-6.27499],[-80.59615,-6.27502],[-80.58726,-6.27582],[-80.58414,-6.27582],[-80.58414,-6.27665],[-80.58521,-6.27815],[-80.58705,-6.27825],[-80.58981,-6.27779],[-80.59404,-6.27936],[-80.59836,-6.28046],[-80.60038,-6.28368],[-80.60095,-6.28366],[-80.60295,-6.28359],[-80.60497,-6.28462],[-80.60748,-6.28591],[-80.60865,-6.28535],[-80.61174,-6.28421],[-80.61215,-6.28406],[-80.61472,-6.28204],[-80.61615,-6.2813],[-80.61702,-6.28084],[-80.62006,-6.2802],[-80.62195,-6.28078],[-80.62309,-6.28113],[-80.62484,-6.28205],[-80.62505,-6.28243],[-80.62519,-6.28239],[-80.62844,-6.28142],[-80.63197,-6.28036],[-80.63172,-6.27635],[-80.63163,-6.27481],[-80.63163,-6.2696],[-80.63167,-6.26941],[-80.63169,-6.26934],[-80.63187,-6.26857],[-80.63404,-6.26542],[-80.63545,-6.26337],[-80.63683,-6.26062],[-80.63684,-6.2606],[-80.63682,-6.26058],[-80.63402,-6.25777],[-80.63372,-6.25747],[-80.63237,-6.25629],[-80.62818,-6.25262],[-80.62402,-6.24568],[-80.62334,-6.23874],[-80.62361,-6.23459],[-80.62364,-6.23429],[-80.62389,-6.23056],[-80.62404,-6.22834],[-80.61677,-6.21897],[-80.61295,-6.21758],[-80.61152,-6.21877],[-80.61087,-6.21931],[-80.61052,-6.22486],[-80.60958,-6.22694],[-80.60956,-6.22697],[-80.60896,-6.22829],[-80.60879,-6.22867],[-80.60468,-6.22883],[-80.60013,-6.229],[-80.59978,-6.22901],[-80.59858,-6.22744],[-80.59683,-6.22515],[-80.59528,-6.22311],[-80.59439,-6.22045],[-80.59224,-6.21396],[-80.59202,-6.21331],[-80.59147,-6.21167],[-80.59147,-6.21146],[-80.59147,-6.21054],[-80.59053,-6.21075],[-80.58874,-6.20915],[-80.58773,-6.20905],[-80.58773,-6.209],[-80.58766,-6.20873],[-80.58762,-6.20849],[-80.58754,-6.20815],[-80.58747,-6.20798],[-80.58741,-6.20784],[-80.58728,-6.20756],[-80.58713,-6.20731],[-80.58697,-6.20704],[-80.58681,-6.20684],[-80.58661,-6.20653],[-80.5865,-6.20637],[-80.58643,-6.20627],[-80.58622,-6.20605],[-80.58571,-6.20605],[-80.58556,-6.20607],[-80.58556,-6.20839],[-80.58297,-6.20716],[-80.58131,-6.20677],[-80.58038,-6.20656],[-80.58033,-6.20652],[-80.57983,-6.20612],[-80.57974,-6.20605],[-80.57933,-6.20585],[-80.57824,-6.20633],[-80.5756,-6.20552],[-80.57328,-6.20482],[-80.57027,-6.20093],[-80.56976,-6.19968],[-80.56827,-6.20018],[-80.56775,-6.20122],[-80.56725,-6.20222],[-80.56776,-6.20538]]]}},{"type":"Feature","properties":{"Name":"Zonas aptas para cultivos en limpio con calidad Agrol\u00f3gica baja, asociadas a potencial turistico","description":"<div style='font-family:sans-serif;'><h4>ZEE PIURA - Zonas aptas para cultivos en limpio con calidad Agrol\u00f3gica baja, asociadas a potencial turistico</h4><table border='1' cellpadding='4' style='border-collapse:collapse;font-size:12px;'><tr><td><b>OBJECTID:</b></td><td>39</td></tr><tr><td><b>ZEECODE:</b></td><td>5</td></tr><tr><td><b>ZEE:</b></td><td>Zonas aptas para cultivos en limpio con calidad Agrol\u00f3gica baja, asociadas a potencial turistico</td></tr><tr><td><b>ZEE_ZONAS:</b></td><td>Zonas aptas para cultivos en limpio con calidad Agrol\u00f3gica baja, asociadas a potencial turistico</td></tr><tr><td><b>ZEE_GRANDE:</b></td><td>Zonas Productivas</td></tr><tr><td><b>AREA:</b></td><td>23125033.715</td></tr><tr><td><b>PERIMETER:</b></td><td>86521.12</td></tr><tr><td><b>HECTARES:</b></td><td>2312.503</td></tr></table></div>"},"geometry":{"type":"Polygon","coordinates":[[[-79.78501,-5.42342],[-79.7851,-5.42375],[-79.78513,-5.42365],[-79.78515,-5.42352],[-79.78522,-5.42338],[-79.78526,-5.42322],[-79.78536,-5.42295],[-79.78538,-5.42288],[-79.78511,-5.42312],[-79.78501,-5.42342]]]}},{"type":"Feature","properties":{"Name":"Zonas aptas para cultivos en limpio con calidad Agrol\u00f3gica baja, asociadas a potencial de energ\u00edas renovables no convencionales","description":"<div style='font-family:sans-serif;'><h4>ZEE PIURA - Zonas aptas para cultivos en limpio con calidad Agrol\u00f3gica baja, asociadas a potencial de energ\u00edas renovables no convencionales</h4><table border='1' cellpadding='4' style='border-collapse:collapse;font-size:12px;'><tr><td><b>OBJECTID:</b></td><td>40</td></tr><tr><td><b>ZEECODE:</b></td><td>4</td></tr><tr><td><b>ZEE:</b></td><td>Zonas aptas para cultivos en limpio con calidad Agrol\u00f3gica baja, asociadas a potencial de energ\u00edas renovables no convencionales</td></tr><tr><td><b>ZEE_ZONAS:</b></td><td>Zonas aptas para cultivos en limpio con calidad Agrol\u00f3gica baja, asociadas a potencial de energ\u00edas renovables no convencionales</td></tr><tr><td><b>ZEE_GRANDE:</b></td><td>Zonas Productivas</td></tr><tr><td><b>AREA:</b></td><td>25017722.946</td></tr><tr><td><b>PERIMETER:</b></td><td>62823.643</td></tr><tr><td><b>HECTARES:</b></td><td>2501.772</td></tr></table></div>"},"geometry":{"type":"Polygon","coordinates":[[[-81.08245,-5.20276],[-81.08203,-5.20318],[-81.08034,-5.20309],[-81.07906,-5.20302],[-81.07697,-5.20291],[-81.07627,-5.20288],[-81.07472,-5.20178],[-81.07364,-5.20101],[-81.06997,-5.19841],[-81.06936,-5.19797],[-81.06927,-5.19831],[-81.06909,-5.19904],[-81.06892,-5.19974],[-81.06876,-5.20042],[-81.06867,-5.20083],[-81.06903,-5.2011],[-81.06955,-5.20176],[-81.06995,-5.20228],[-81.07003,-5.20396],[-81.06953,-5.20538],[-81.06836,-5.20706],[-81.06819,-5.20849],[-81.06819,-5.20975],[-81.06708,-5.21073],[-81.06707,-5.21086],[-81.06706,-5.21108],[-81.06706,-5.21131],[-81.06705,-5.21153],[-81.06705,-5.21174],[-81.06705,-5.21195],[-81.06705,-5.21219],[-81.06705,-5.21241],[-81.06706,-5.21264],[-81.06707,-5.21286],[-81.06708,-5.21308],[-81.06709,-5.21329],[-81.06711,-5.2135],[-81.06713,-5.21371],[-81.06715,-5.21391],[-81.06717,-5.21411],[-81.0672,-5.21431],[-81.06722,-5.21451],[-81.06726,-5.2147],[-81.06729,-5.21488],[-81.06732,-5.21507],[-81.06736,-5.21525],[-81.0674,-5.21542],[-81.06743,-5.21554],[-81.06745,-5.2156],[-81.06749,-5.21577],[-81.06754,-5.21593],[-81.06759,-5.2161],[-81.06764,-5.21626],[-81.0677,-5.21642],[-81.06776,-5.21657],[-81.06782,-5.21672],[-81.06788,-5.21687],[-81.06795,-5.21701],[-81.06802,-5.21716],[-81.06809,-5.21729],[-81.06816,-5.21743],[-81.06824,-5.21756],[-81.06832,-5.21769],[-81.0684,-5.21781],[-81.06848,-5.21794],[-81.06857,-5.21806],[-81.06865,-5.21817],[-81.06875,-5.21828],[-81.06884,-5.21839],[-81.06894,-5.2185],[-81.06904,-5.2186],[-81.06914,-5.2187],[-81.06924,-5.2188],[-81.06935,-5.2189],[-81.06946,-5.21899],[-81.06957,-5.21907],[-81.06966,-5.21914],[-81.06968,-5.21916],[-81.0698,-5.21924],[-81.06992,-5.21932],[-81.07004,-5.21939],[-81.07017,-5.21947],[-81.07029,-5.21954],[-81.07042,-5.2196],[-81.07056,-5.21966],[-81.07057,-5.21967],[-81.07069,-5.21972],[-81.07083,-5.21978],[-81.07097,-5.21983],[-81.07111,-5.21988],[-81.07126,-5.21993],[-81.07133,-5.21995],[-81.07141,-5.21998],[-81.07156,-5.22002],[-81.07162,-5.22003],[-81.07171,-5.22006],[-81.07187,-5.22009],[-81.07203,-5.22012],[-81.07219,-5.22015],[-81.07229,-5.22017],[-81.07238,-5.22018],[-81.07258,-5.2202],[-81.0728,-5.22022],[-81.07302,-5.22023],[-81.07304,-5.22023],[-81.07325,-5.22023],[-81.07347,-5.22023],[-81.0735,-5.22023],[-81.07376,-5.22023],[-81.07404,-5.22021],[-81.07428,-5.2202],[-81.07453,-5.22018],[-81.0748,-5.22016],[-81.0749,-5.22015],[-81.0751,-5.22013],[-81.07524,-5.22012],[-81.07565,-5.22007],[-81.07666,-5.21996],[-81.07705,-5.21992],[-81.07744,-5.21988],[-81.07755,-5.21987],[-81.07779,-5.21985],[-81.07817,-5.21982],[-81.07852,-5.2198],[-81.07868,-5.21979],[-81.07884,-5.21979],[-81.07899,-5.21979],[-81.07914,-5.21979],[-81.0792,-5.21979],[-81.07931,-5.21979],[-81.07947,-5.21979],[-81.07963,-5.2198],[-81.07978,-5.21981],[-81.07993,-5.21982],[-81.08007,-5.21984],[-81.0802,-5.21985],[-81.08033,-5.21987],[-81.08046,-5.2199],[-81.08058,-5.21993],[-81.0807,-5.21996],[-81.08081,-5.21999],[-81.08092,-5.22002],[-81.08102,-5.22006],[-81.08112,-5.22011],[-81.08113,-5.22011],[-81.08122,-5.22015],[-81.08128,-5.22019],[-81.08135,-5.22022],[-81.08142,-5.22026],[-81.08148,-5.2203],[-81.08155,-5.22035],[-81.08161,-5.22039],[-81.08167,-5.22044],[-81.08173,-5.22049],[-81.08179,-5.22054],[-81.08185,-5.22059],[-81.08191,-5.22065],[-81.08196,-5.22071],[-81.08202,-5.22077],[-81.08207,-5.22083],[-81.08213,-5.22089],[-81.08218,-5.22096],[-81.08223,-5.22102],[-81.08228,-5.22109],[-81.08233,-5.22116],[-81.08238,-5.22124],[-81.08243,-5.22131],[-81.08247,-5.22139],[-81.08252,-5.22147],[-81.08256,-5.22155],[-81.08261,-5.22163],[-81.08265,-5.22172],[-81.08273,-5.22189],[-81.08281,-5.22208],[-81.08288,-5.22227],[-81.08295,-5.22247],[-81.08301,-5.22268],[-81.08307,-5.22289],[-81.08313,-5.22311],[-81.08318,-5.22334],[-81.08322,-5.22358],[-81.08324,-5.22367],[-81.08355,-5.22374],[-81.08366,-5.22385],[-81.0838,-5.22397],[-81.08394,-5.22418],[-81.08403,-5.22432],[-81.08408,-5.22448],[-81.08407,-5.22469],[-81.08407,-5.22483],[-81.08407,-5.22499],[-81.08407,-5.22517],[-81.08391,-5.22511],[-81.08368,-5.22527],[-81.08349,-5.22562],[-81.08349,-5.22573],[-81.08397,-5.22592],[-81.08398,-5.22592],[-81.08498,-5.22592],[-81.08528,-5.22592],[-81.08597,-5.22638],[-81.0864,-5.22667],[-81.08672,-5.22688],[-81.08707,-5.22712],[-81.08714,-5.22698],[-81.08772,-5.22583],[-81.08791,-5.22544],[-81.08813,-5.22435],[-81.08815,-5.22425],[-81.09113,-5.22502],[-81.09119,-5.22509],[-81.0915,-5.2253],[-81.09191,-5.22557],[-81.09195,-5.22539],[-81.09212,-5.22571],[-81.09221,-5.22587],[-81.09344,-5.22423],[-81.09417,-5.22325],[-81.09433,-5.22077],[-81.09447,-5.21869],[-81.09809,-5.21416],[-81.09848,-5.21455],[-81.099,-5.21474],[-81.09895,-5.21424],[-81.0989,-5.21368],[-81.09887,-5.21337],[-81.09884,-5.21312],[-81.09878,-5.21254],[-81.09871,-5.21194],[-81.09863,-5.21132],[-81.09855,-5.21068],[-81.09847,-5.21002],[-81.09838,-5.20934],[-81.09828,-5.20865],[-81.09818,-5.20793],[-81.09807,-5.20719],[-81.09795,-5.20642],[-81.09786,-5.2058],[-81.09784,-5.20568],[-81.09772,-5.20492],[-81.09759,-5.20411],[-81.09745,-5.20325],[-81.09717,-5.20154],[-81.09662,-5.19821],[-81.09639,-5.19685],[-81.09629,-5.19622],[-81.09616,-5.19542],[-81.09612,-5.19516],[-81.09596,-5.19415],[-81.09584,-5.19341],[-81.09576,-5.19289],[-81.09573,-5.1927],[-81.09563,-5.19202],[-81.09553,-5.19136],[-81.09544,-5.19072],[-81.09535,-5.19009],[-81.09527,-5.18949],[-81.09521,-5.18905],[-81.09123,-5.18964],[-81.09022,-5.1898],[-81.09007,-5.18994],[-81.08989,-5.19013],[-81.08939,-5.19063],[-81.08925,-5.19077],[-81.08719,-5.19284],[-81.08686,-5.19456],[-81.08618,-5.19816],[-81.08597,-5.19922],[-81.08532,-5.19988],[-81.08467,-5.20053],[-81.08463,-5.20057],[-81.08348,-5.20173],[-81.08245,-5.20276]]]}},{"type":"Feature","properties":{"Name":"Zonas aptas para cultivos en limpio con calidad Agrol\u00f3gica baja, asociadas a potencial turistico y potencial de recursos naturales no renovables","description":"<div style='font-family:sans-serif;'><h4>ZEE PIURA - Zonas aptas para cultivos en limpio con calidad Agrol\u00f3gica baja, asociadas a potencial turistico y potencial de recursos naturales no renovables</h4><table border='1' cellpadding='4' style='border-collapse:collapse;font-size:12px;'><tr><td><b>OBJECTID:</b></td><td>41</td></tr><tr><td><b>ZEECODE:</b></td><td>6</td></tr><tr><td><b>ZEE:</b></td><td>Zonas aptas para cultivos en limpio con calidad Agrol\u00f3gica baja, asociadas a potencial turistico y potencial de recursos naturales no renovables</td></tr><tr><td><b>ZEE_ZONAS:</b></td><td>Zonas aptas para cultivos en limpio con calidad Agrol\u00f3gica baja, asociadas a potencial turistico y potencial de recursos naturales no renovables</td></tr><tr><td><b>ZEE_GRANDE:</b></td><td>Zonas Productivas</td></tr><tr><td><b>AREA:</b></td><td>99452250.02</td></tr><tr><td><b>PERIMETER:</b></td><td>142418.961</td></tr><tr><td><b>HECTARES:</b></td><td>9945.225</td></tr></table></div>"},"geometry":{"type":"Polygon","coordinates":[[[-80.77886,-5.86049],[-80.77868,-5.86075],[-80.77846,-5.86107],[-80.77793,-5.86181],[-80.77763,-5.86214],[-80.77708,-5.86308],[-80.77703,-5.86305],[-80.77667,-5.86329],[-80.77567,-5.86377],[-80.77538,-5.86393],[-80.77459,-5.86436],[-80.77431,-5.86515],[-80.77423,-5.86537],[-80.77416,-5.86563],[-80.77387,-5.86567],[-80.77337,-5.86567],[-80.77312,-5.86596],[-80.77396,-5.86636],[-80.77379,-5.86697],[-80.77338,-5.8686],[-80.77337,-5.8686],[-80.77263,-5.86868],[-80.77251,-5.86893],[-80.77259,-5.86926],[-80.77263,-5.86955],[-80.77238,-5.86976],[-80.77189,-5.86988],[-80.77127,-5.86984],[-80.77082,-5.87025],[-80.77061,-5.87046],[-80.77085,-5.87078],[-80.77047,-5.8708],[-80.77045,-5.8708],[-80.76933,-5.87044],[-80.76832,-5.86991],[-80.7674,-5.86947],[-80.76648,-5.86915],[-80.76572,-5.86932],[-80.76492,-5.86963],[-80.76428,-5.87027],[-80.76392,-5.87087],[-80.76376,-5.87196],[-80.76339,-5.87333],[-80.76336,-5.87344],[-80.76307,-5.87406],[-80.76301,-5.87418],[-80.76287,-5.8745],[-80.7626,-5.87508],[-80.76255,-5.87518],[-80.76204,-5.87629],[-80.7614,-5.87733],[-80.76126,-5.87772],[-80.76104,-5.87833],[-80.76091,-5.87957],[-80.76091,-5.8805],[-80.76091,-5.88112],[-80.76103,-5.8813],[-80.76118,-5.88151],[-80.76136,-5.88174],[-80.76154,-5.88188],[-80.76088,-5.88235],[-80.76072,-5.88319],[-80.76082,-5.88348],[-80.76133,-5.88384],[-80.76144,-5.88453],[-80.76201,-5.88438],[-80.76217,-5.8844],[-80.76243,-5.88355],[-80.76207,-5.88296],[-80.76229,-5.88267],[-80.76239,-5.88267],[-80.76244,-5.88272],[-80.76259,-5.8829],[-80.76282,-5.88317],[-80.76298,-5.88345],[-80.76312,-5.8837],[-80.76325,-5.88393],[-80.76334,-5.88416],[-80.76348,-5.88441],[-80.76357,-5.88465],[-80.76357,-5.88465],[-80.76439,-5.88479],[-80.76692,-5.88466],[-80.76717,-5.88459],[-80.76726,-5.88411],[-80.76728,-5.88398],[-80.76732,-5.88378],[-80.76748,-5.88352],[-80.7678,-5.88299],[-80.76848,-5.88218],[-80.76936,-5.88162],[-80.7704,-5.88114],[-80.77164,-5.88058],[-80.77224,-5.88044],[-80.77296,-5.88026],[-80.77347,-5.88014],[-80.77385,-5.88006],[-80.77461,-5.87953],[-80.77489,-5.87933],[-80.77607,-5.87836],[-80.77663,-5.87792],[-80.777,-5.87779],[-80.77711,-5.87775],[-80.77759,-5.87768],[-80.77787,-5.87764],[-80.77835,-5.87772],[-80.77939,-5.87783],[-80.77946,-5.87782],[-80.77937,-5.87761],[-80.77929,-5.87732],[-80.77999,-5.87716],[-80.78032,-5.87745],[-80.7806,-5.87753],[-80.78122,-5.87744],[-80.78176,-5.87736],[-80.78205,-5.87703],[-80.78209,-5.87679],[-80.78201,-5.87642],[-80.78221,-5.87629],[-80.78365,-5.87625],[-80.78373,-5.8763],[-80.78474,-5.87567],[-80.78452,-5.87555],[-80.78423,-5.87468],[-80.78407,-5.8739],[-80.78403,-5.87349],[-80.78403,-5.87316],[-80.78411,-5.87295],[-80.78448,-5.87299],[-80.78506,-5.87324],[-80.78497,-5.8734],[-80.78473,-5.87357],[-80.78456,-5.87382],[-80.78526,-5.87435],[-80.78567,-5.87439],[-80.78584,-5.87415],[-80.78572,-5.87394],[-80.78584,-5.87369],[-80.78621,-5.87398],[-80.78658,-5.8743],[-80.78704,-5.87395],[-80.78764,-5.87343],[-80.78788,-5.87319],[-80.78853,-5.87254],[-80.78856,-5.87251],[-80.78862,-5.87246],[-80.78896,-5.87218],[-80.789,-5.87217],[-80.78964,-5.87184],[-80.78964,-5.87183],[-80.79048,-5.87151],[-80.79128,-5.87143],[-80.79136,-5.87143],[-80.79156,-5.87143],[-80.79178,-5.87149],[-80.79199,-5.87155],[-80.79217,-5.8716],[-80.79238,-5.87144],[-80.793,-5.87155],[-80.79304,-5.87155],[-80.79388,-5.87171],[-80.79453,-5.87183],[-80.79617,-5.87219],[-80.79693,-5.87215],[-80.79745,-5.87207],[-80.79805,-5.87159],[-80.7981,-5.87154],[-80.79814,-5.87134],[-80.79824,-5.8714],[-80.79853,-5.87111],[-80.79933,-5.87047],[-80.7995,-5.87033],[-80.79993,-5.86999],[-80.80037,-5.86947],[-80.80073,-5.86882],[-80.80097,-5.8685],[-80.80129,-5.86806],[-80.80149,-5.86765],[-80.80151,-5.8676],[-80.80155,-5.86701],[-80.80155,-5.86672],[-80.80151,-5.86644],[-80.80155,-5.86645],[-80.80155,-5.86561],[-80.80173,-5.86549],[-80.80207,-5.86458],[-80.80194,-5.86328],[-80.80172,-5.86202],[-80.80168,-5.86184],[-80.80164,-5.86173],[-80.8016,-5.86175],[-80.80158,-5.86176],[-80.80157,-5.86176],[-80.80156,-5.86176],[-80.80125,-5.86186],[-80.80093,-5.86195],[-80.80078,-5.86201],[-80.80056,-5.8621],[-80.80026,-5.86224],[-80.80001,-5.86233],[-80.79965,-5.86246],[-80.79933,-5.86255],[-80.79912,-5.86266],[-80.79887,-5.86271],[-80.79859,-5.86279],[-80.79829,-5.86283],[-80.79822,-5.86283],[-80.79791,-5.86298],[-80.79717,-5.86345],[-80.7948,-5.86257],[-80.7948,-5.8623],[-80.79445,-5.86217],[-80.79295,-5.86161],[-80.79275,-5.86154],[-80.79221,-5.86147],[-80.79164,-5.8614],[-80.79087,-5.86176],[-80.79005,-5.86176],[-80.78946,-5.86163],[-80.78941,-5.86162],[-80.78912,-5.86156],[-80.78829,-5.86203],[-80.78674,-5.86177],[-80.78667,-5.86176],[-80.78626,-5.86162],[-80.78614,-5.86147],[-80.78611,-5.86143],[-80.78556,-5.86148],[-80.78493,-5.86155],[-80.78437,-5.86164],[-80.78411,-5.86169],[-80.78396,-5.86171],[-80.78364,-5.86196],[-80.78355,-5.86203],[-80.78342,-5.8622],[-80.78338,-5.86225],[-80.78287,-5.86216],[-80.78277,-5.86213],[-80.78247,-5.86203],[-80.78211,-5.86184],[-80.78201,-5.86166],[-80.78192,-5.86148],[-80.78165,-5.86134],[-80.78067,-5.86086],[-80.78057,-5.8608],[-80.78039,-5.86071],[-80.78016,-5.86067],[-80.78007,-5.86068],[-80.7798,-5.86071],[-80.77894,-5.86053],[-80.77886,-5.86049]]]}},{"type":"Feature","properties":{"Name":"Zonas aptas para cultivos en limpio con calidad Agrol\u00f3gica media","description":"<div style='font-family:sans-serif;'><h4>ZEE PIURA - Zonas aptas para cultivos en limpio con calidad Agrol\u00f3gica media</h4><table border='1' cellpadding='4' style='border-collapse:collapse;font-size:12px;'><tr><td><b>OBJECTID:</b></td><td>42</td></tr><tr><td><b>ZEECODE:</b></td><td>10</td></tr><tr><td><b>ZEE:</b></td><td>Zonas aptas para cultivos en limpio con calidad Agrol\u00f3gica media</td></tr><tr><td><b>ZEE_ZONAS:</b></td><td>Zonas aptas para cultivos en limpio con calidad Agrol\u00f3gica media</td></tr><tr><td><b>ZEE_GRANDE:</b></td><td>Zonas Productivas</td></tr><tr><td><b>AREA:</b></td><td>1959461939.888</td></tr><tr><td><b>PERIMETER:</b></td><td>5719785.159</td></tr><tr><td><b>HECTARES:</b></td><td>195946.194</td></tr></table></div>"},"geometry":{"type":"Polygon","coordinates":[[[-79.34415,-5.90316],[-79.3446,-5.90351],[-79.34463,-5.90324],[-79.34485,-5.90362],[-79.3452,-5.90358],[-79.34521,-5.90358],[-79.34538,-5.90345],[-79.34539,-5.90344],[-79.3456,-5.90317],[-79.34577,-5.90295],[-79.346,-5.90268],[-79.34612,-5.90238],[-79.34617,-5.90212],[-79.34615,-5.90139],[-79.34595,-5.90084],[-79.34607,-5.90047],[-79.34579,-5.90024],[-79.34534,-5.90012],[-79.34528,-5.90011],[-79.34508,-5.89993],[-79.345,-5.89987],[-79.34447,-5.89944],[-79.34417,-5.89919],[-79.34381,-5.89891],[-79.34351,-5.89867],[-79.34326,-5.89848],[-79.34299,-5.8983],[-79.34251,-5.89792],[-79.34226,-5.89774],[-79.34181,-5.89736],[-79.34154,-5.89713],[-79.34099,-5.89661],[-79.34077,-5.89645],[-79.34047,-5.89617],[-79.34025,-5.896],[-79.33991,-5.89575],[-79.33983,-5.89569],[-79.33968,-5.89556],[-79.33941,-5.89535],[-79.33909,-5.89511],[-79.33884,-5.89492],[-79.33863,-5.89474],[-79.33856,-5.89469],[-79.33849,-5.89464],[-79.33836,-5.89455],[-79.33809,-5.89439],[-79.33766,-5.89406],[-79.33709,-5.89371],[-79.33645,-5.89335],[-79.33644,-5.89335],[-79.33592,-5.89307],[-79.33529,-5.89328],[-79.33407,-5.89363],[-79.33357,-5.89415],[-79.3347,-5.89445],[-79.33478,-5.89447],[-79.33489,-5.89454],[-79.33527,-5.89478],[-79.33602,-5.89581],[-79.33647,-5.89622],[-79.33714,-5.89664],[-79.33791,-5.89728],[-79.33846,-5.89821],[-79.33891,-5.89856],[-79.33913,-5.89866],[-79.33958,-5.89888],[-79.33958,-5.89888],[-79.34024,-5.89919],[-79.34083,-5.8996],[-79.34091,-5.89969],[-79.34184,-5.90068],[-79.34311,-5.90233],[-79.34384,-5.90291],[-79.34415,-5.90316]]]}},{"type":"Feature","properties":{"Name":"Zonas aptas para cultivos en limpio con calidad Agrol\u00f3gica media, asociadas a tierras de protecci\u00f3n","description":"<div style='font-family:sans-serif;'><h4>ZEE PIURA - Zonas aptas para cultivos en limpio con calidad Agrol\u00f3gica media, asociadas a tierras de protecci\u00f3n</h4><table border='1' cellpadding='4' style='border-collapse:collapse;font-size:12px;'><tr><td><b>OBJECTID:</b></td><td>43</td></tr><tr><td><b>ZEECODE:</b></td><td>14</td></tr><tr><td><b>ZEE:</b></td><td>Zonas aptas para cultivos en limpio con calidad Agrol\u00f3gica media, asociadas a tierras de protecci\u00f3n</td></tr><tr><td><b>ZEE_ZONAS:</b></td><td>Zonas aptas para cultivos en limpio con calidad Agrol\u00f3gica media, asociadas a tierras de protecci\u00f3n</td></tr><tr><td><b>ZEE_GRANDE:</b></td><td>Zonas Productivas</td></tr><tr><td><b>AREA:</b></td><td>4880825.12</td></tr><tr><td><b>PERIMETER:</b></td><td>11554.472</td></tr><tr><td><b>HECTARES:</b></td><td>488.083</td></tr></table></div>"},"geometry":{"type":"Polygon","coordinates":[[[-79.42189,-5.65722],[-79.41979,-5.65772],[-79.41916,-5.65841],[-79.4175,-5.6602],[-79.41667,-5.66046],[-79.41669,-5.66078],[-79.4161,-5.66103],[-79.41563,-5.66094],[-79.4155,-5.66083],[-79.41488,-5.66103],[-79.41174,-5.66319],[-79.41161,-5.66333],[-79.40909,-5.66605],[-79.40652,-5.66685],[-79.40637,-5.66607],[-79.40608,-5.66457],[-79.40515,-5.65967],[-79.40415,-5.65967],[-79.40409,-5.65977],[-79.40408,-5.66334],[-79.40407,-5.66534],[-79.40365,-5.66604],[-79.40342,-5.66642],[-79.40168,-5.66798],[-79.40127,-5.66835],[-79.4005,-5.66911],[-79.4005,-5.66912],[-79.40019,-5.66943],[-79.40018,-5.66943],[-79.39979,-5.67007],[-79.39958,-5.67041],[-79.39886,-5.67158],[-79.39846,-5.67223],[-79.39747,-5.67335],[-79.39732,-5.67353],[-79.39695,-5.67395],[-79.39565,-5.67459],[-79.39581,-5.67524],[-79.39587,-5.67545],[-79.39598,-5.6755],[-79.3966,-5.67577],[-79.39722,-5.67604],[-79.39733,-5.67608],[-79.39737,-5.6761],[-79.39753,-5.67682],[-79.3978,-5.67804],[-79.39809,-5.6793],[-79.39856,-5.68136],[-79.39865,-5.68171],[-79.39876,-5.68187],[-79.40058,-5.6843],[-79.40171,-5.68482],[-79.40294,-5.68539],[-79.40309,-5.68538],[-79.40475,-5.6853],[-79.40606,-5.68524],[-79.40664,-5.68521],[-79.40724,-5.68519],[-79.40754,-5.68452],[-79.40811,-5.68325],[-79.40889,-5.6827],[-79.41021,-5.68178],[-79.41027,-5.68174],[-79.41034,-5.68177],[-79.41061,-5.68186],[-79.4122,-5.6824],[-79.41334,-5.68256],[-79.41348,-5.68258],[-79.41371,-5.68262],[-79.41405,-5.68202],[-79.41457,-5.68111],[-79.41459,-5.68102],[-79.4151,-5.67817],[-79.41523,-5.67745],[-79.4153,-5.67715],[-79.41548,-5.67639],[-79.41571,-5.67634],[-79.41677,-5.67376],[-79.41717,-5.67336],[-79.41761,-5.67293],[-79.41798,-5.67263],[-79.41828,-5.67237],[-79.41869,-5.67204],[-79.41919,-5.67163],[-79.41949,-5.67139],[-79.41998,-5.67099],[-79.4198,-5.66951],[-79.41977,-5.66927],[-79.4197,-5.66828],[-79.41969,-5.66807],[-79.41957,-5.66632],[-79.41956,-5.66625],[-79.41975,-5.66549],[-79.42019,-5.66377],[-79.42022,-5.66366],[-79.42035,-5.66362],[-79.42256,-5.66295],[-79.42321,-5.6616],[-79.42378,-5.6616],[-79.42399,-5.66153],[-79.42357,-5.66123],[-79.42351,-5.66087],[-79.42328,-5.65955],[-79.42307,-5.65833],[-79.42286,-5.6574],[-79.42233,-5.65768],[-79.42203,-5.65746],[-79.422,-5.6574],[-79.42189,-5.65722]]]}},{"type":"Feature","properties":{"Name":"Zonas aptas para cultivos en limpio con calidad Agrol\u00f3gica media, asociadas a potencial de energ\u00edas renovables no convencionales","description":"<div style='font-family:sans-serif;'><h4>ZEE PIURA - Zonas aptas para cultivos en limpio con calidad Agrol\u00f3gica media, asociadas a potencial de energ\u00edas renovables no convencionales</h4><table border='1' cellpadding='4' style='border-collapse:collapse;font-size:12px;'><tr><td><b>OBJECTID:</b></td><td>44</td></tr><tr><td><b>ZEECODE:</b></td><td>11</td></tr><tr><td><b>ZEE:</b></td><td>Zonas aptas para cultivos en limpio con calidad Agrol\u00f3gica media, asociadas a potencial de energ\u00edas renovables no convencionales</td></tr><tr><td><b>ZEE_ZONAS:</b></td><td>Zonas aptas para cultivos en limpio con calidad Agrol\u00f3gica media, asociadas a potencial de energ\u00edas renovables no convencionales</td></tr><tr><td><b>ZEE_GRANDE:</b></td><td>Zonas Productivas</td></tr><tr><td><b>AREA:</b></td><td>40585536.07</td></tr><tr><td><b>PERIMETER:</b></td><td>151092.536</td></tr><tr><td><b>HECTARES:</b></td><td>4058.554</td></tr></table></div>"},"geometry":{"type":"Polygon","coordinates":[[[-80.75288,-5.53277],[-80.75348,-5.53336],[-80.75355,-5.53303],[-80.7533,-5.53245],[-80.75309,-5.53233],[-80.75282,-5.5327],[-80.75288,-5.53277]]]}},{"type":"Feature","properties":{"Name":"Zonas aptas para cultivos en limpio con calidad Agrol\u00f3gica media, asociadas a potencial turistico","description":"<div style='font-family:sans-serif;'><h4>ZEE PIURA - Zonas aptas para cultivos en limpio con calidad Agrol\u00f3gica media, asociadas a potencial turistico</h4><table border='1' cellpadding='4' style='border-collapse:collapse;font-size:12px;'><tr><td><b>OBJECTID:</b></td><td>45</td></tr><tr><td><b>ZEECODE:</b></td><td>13</td></tr><tr><td><b>ZEE:</b></td><td>Zonas aptas para cultivos en limpio con calidad Agrol\u00f3gica media, asociadas a potencial turistico</td></tr><tr><td><b>ZEE_ZONAS:</b></td><td>Zonas aptas para cultivos en limpio con calidad Agrol\u00f3gica media, asociadas a potencial turistico</td></tr><tr><td><b>ZEE_GRANDE:</b></td><td>Zonas Productivas</td></tr><tr><td><b>AREA:</b></td><td>76363154.489</td></tr><tr><td><b>PERIMETER:</b></td><td>398825.701</td></tr><tr><td><b>HECTARES:</b></td><td>7636.315</td></tr></table></div>"},"geometry":{"type":"Polygon","coordinates":[[[-79.68196,-5.80474],[-79.6813,-5.80493],[-79.68071,-5.80458],[-79.67994,-5.80427],[-79.67923,-5.80398],[-79.67836,-5.80401],[-79.67815,-5.80402],[-79.67781,-5.80403],[-79.67686,-5.80397],[-79.67597,-5.80421],[-79.67586,-5.80435],[-79.67578,-5.80446],[-79.67562,-5.80468],[-79.67581,-5.80478],[-79.67633,-5.80504],[-79.67789,-5.80482],[-79.67799,-5.80481],[-79.67838,-5.80472],[-79.67929,-5.80451],[-79.6797,-5.80505],[-79.68041,-5.8057],[-79.68112,-5.80594],[-79.6812,-5.80595],[-79.68148,-5.80596],[-79.68177,-5.80598],[-79.68231,-5.806],[-79.68236,-5.80597],[-79.68344,-5.80533],[-79.68349,-5.80529],[-79.68432,-5.80482],[-79.68464,-5.80485],[-79.68498,-5.80488],[-79.68562,-5.80492],[-79.68604,-5.80494],[-79.68678,-5.8056],[-79.68705,-5.80584],[-79.68727,-5.80577],[-79.68783,-5.80467],[-79.68705,-5.80453],[-79.68581,-5.80447],[-79.68492,-5.80375],[-79.6847,-5.80383],[-79.68372,-5.80415],[-79.68367,-5.80417],[-79.68342,-5.80425],[-79.68231,-5.80464],[-79.68196,-5.80474]]]}},{"type":"Feature","properties":{"Name":"Zonas aptas para cultivos en limpio con calidad Agrol\u00f3gica media, asociadas a potencial de recursos naturales no renovables","description":"<div style='font-family:sans-serif;'><h4>ZEE PIURA - Zonas aptas para cultivos en limpio con calidad Agrol\u00f3gica media, asociadas a potencial de recursos naturales no renovables</h4><table border='1' cellpadding='4' style='border-collapse:collapse;font-size:12px;'><tr><td><b>OBJECTID:</b></td><td>46</td></tr><tr><td><b>ZEECODE:</b></td><td>12</td></tr><tr><td><b>ZEE:</b></td><td>Zonas aptas para cultivos en limpio con calidad Agrol\u00f3gica media, asociadas a potencial de recursos naturales no renovables</td></tr><tr><td><b>ZEE_ZONAS:</b></td><td>Zonas aptas para cultivos en limpio con calidad Agrol\u00f3gica media, asociadas a potencial de recursos naturales no renovables</td></tr><tr><td><b>ZEE_GRANDE:</b></td><td>Zonas Productivas</td></tr><tr><td><b>AREA:</b></td><td>126938487.468</td></tr><tr><td><b>PERIMETER:</b></td><td>133904.896</td></tr><tr><td><b>HECTARES:</b></td><td>12693.849</td></tr></table></div>"},"geometry":{"type":"Polygon","coordinates":[[[-80.63709,-5.89433],[-80.63772,-5.89455],[-80.63788,-5.8941],[-80.63785,-5.89333],[-80.63832,-5.8926],[-80.63895,-5.89193],[-80.63878,-5.89156],[-80.63825,-5.89044],[-80.6381,-5.88959],[-80.63803,-5.88921],[-80.63798,-5.88897],[-80.63799,-5.88789],[-80.63765,-5.88821],[-80.63737,-5.88874],[-80.63735,-5.88876],[-80.63693,-5.89317],[-80.63694,-5.89323],[-80.63709,-5.89433]]]}},{"type":"Feature","properties":{"Name":"Zonas aptas para pastos con calidad Agrol\u00f3gica baja","description":"<div style='font-family:sans-serif;'><h4>ZEE PIURA - Zonas aptas para pastos con calidad Agrol\u00f3gica baja</h4><table border='1' cellpadding='4' style='border-collapse:collapse;font-size:12px;'><tr><td><b>OBJECTID:</b></td><td>47</td></tr><tr><td><b>ZEECODE:</b></td><td>37</td></tr><tr><td><b>ZEE:</b></td><td>Zonas aptas para pastos con calidad Agrol\u00f3gica baja</td></tr><tr><td><b>ZEE_ZONAS:</b></td><td>Zonas aptas para pastos con calidad Agrol\u00f3gica baja</td></tr><tr><td><b>ZEE_GRANDE:</b></td><td>Zonas Productivas</td></tr><tr><td><b>AREA:</b></td><td>2236081073.312</td></tr><tr><td><b>PERIMETER:</b></td><td>5040051.711</td></tr><tr><td><b>HECTARES:</b></td><td>223608.107</td></tr></table></div>"},"geometry":{"type":"Polygon","coordinates":[[[-80.5352,-6.23896],[-80.54583,-6.25473],[-80.54875,-6.25881],[-80.55562,-6.26841],[-80.55854,-6.27249],[-80.56091,-6.27597],[-80.56543,-6.2758],[-80.56932,-6.27581],[-80.57048,-6.27708],[-80.57163,-6.27824],[-80.57537,-6.27853],[-80.57553,-6.27933],[-80.57566,-6.27997],[-80.57631,-6.2807],[-80.57796,-6.28257],[-80.57883,-6.28372],[-80.57921,-6.2843],[-80.57982,-6.28521],[-80.58027,-6.28588],[-80.58257,-6.28632],[-80.58413,-6.28654],[-80.58459,-6.28661],[-80.58574,-6.28733],[-80.58775,-6.2892],[-80.58891,-6.28991],[-80.59035,-6.28929],[-80.59191,-6.28809],[-80.59458,-6.28736],[-80.59743,-6.28764],[-80.59884,-6.28831],[-80.59955,-6.28865],[-80.60111,-6.28921],[-80.6024,-6.28967],[-80.6046,-6.2882],[-80.60654,-6.28636],[-80.60748,-6.28591],[-80.60497,-6.28462],[-80.60295,-6.28359],[-80.60095,-6.28366],[-80.60038,-6.28368],[-80.59836,-6.28046],[-80.59404,-6.27936],[-80.58981,-6.27779],[-80.58705,-6.27825],[-80.58521,-6.27815],[-80.58414,-6.27665],[-80.58414,-6.27582],[-80.58355,-6.27582],[-80.58337,-6.27557],[-80.58359,-6.27296],[-80.58365,-6.27217],[-80.58335,-6.27178],[-80.58145,-6.26932],[-80.58044,-6.26702],[-80.57736,-6.2671],[-80.5769,-6.26922],[-80.5768,-6.27244],[-80.57625,-6.27428],[-80.57441,-6.27354],[-80.57469,-6.27143],[-80.57515,-6.26922],[-80.57423,-6.26609],[-80.57368,-6.26397],[-80.57396,-6.26149],[-80.57341,-6.25845],[-80.57295,-6.25716],[-80.57148,-6.25514],[-80.5702,-6.25311],[-80.56965,-6.251],[-80.56825,-6.24852],[-80.56809,-6.24824],[-80.56643,-6.24621],[-80.56469,-6.24409],[-80.56331,-6.24262],[-80.5628,-6.24222],[-80.56156,-6.24124],[-80.55954,-6.24059],[-80.55811,-6.24197],[-80.55798,-6.24221],[-80.55655,-6.24482],[-80.55572,-6.24694],[-80.55434,-6.24602],[-80.55425,-6.24537],[-80.55333,-6.24362],[-80.55251,-6.24243],[-80.55076,-6.24242],[-80.55025,-6.24221],[-80.54837,-6.24141],[-80.54801,-6.24134],[-80.54561,-6.24086],[-80.5446,-6.24178],[-80.54451,-6.24362],[-80.54322,-6.24398],[-80.54202,-6.2426],[-80.5412,-6.24094],[-80.53862,-6.23901],[-80.53807,-6.23818],[-80.53541,-6.23799],[-80.53451,-6.23794],[-80.5352,-6.23896]]]}},{"type":"Feature","properties":{"Name":"Zonas aptas para pastos con calidad Agrol\u00f3gica baja, asociadas a zonas aptas para cultivos permanentes y potencial turistico","description":"<div style='font-family:sans-serif;'><h4>ZEE PIURA - Zonas aptas para pastos con calidad Agrol\u00f3gica baja, asociadas a zonas aptas para cultivos permanentes y potencial turistico</h4><table border='1' cellpadding='4' style='border-collapse:collapse;font-size:12px;'><tr><td><b>OBJECTID:</b></td><td>48</td></tr><tr><td><b>ZEECODE:</b></td><td>56</td></tr><tr><td><b>ZEE:</b></td><td>Zonas aptas para pastos con calidad Agrol\u00f3gica baja, asociadas a zonas aptas para cultivos permanentes y potencial turistico</td></tr><tr><td><b>ZEE_ZONAS:</b></td><td>Zonas aptas para pastos con calidad Agrol\u00f3gica baja, asociadas a zonas aptas para cultivos permanentes y potencial turistico</td></tr><tr><td><b>ZEE_GRANDE:</b></td><td>Zonas Productivas</td></tr><tr><td><b>AREA:</b></td><td>19206266.89</td></tr><tr><td><b>PERIMETER:</b></td><td>59552.824</td></tr><tr><td><b>HECTARES:</b></td><td>1920.627</td></tr></table></div>"},"geometry":{"type":"Polygon","coordinates":[[[-79.65038,-5.64158],[-79.65121,-5.64311],[-79.65185,-5.64418],[-79.65187,-5.64421],[-79.65225,-5.64484],[-79.65287,-5.64516],[-79.65372,-5.64538],[-79.65487,-5.64556],[-79.6566,-5.64588],[-79.65744,-5.64592],[-79.65859,-5.64655],[-79.65948,-5.64753],[-79.6596,-5.648],[-79.66017,-5.64811],[-79.66114,-5.64838],[-79.66185,-5.64838],[-79.6623,-5.64798],[-79.66252,-5.64714],[-79.66255,-5.64509],[-79.66228,-5.64349],[-79.66202,-5.64247],[-79.66195,-5.6424],[-79.66131,-5.64175],[-79.6612,-5.64171],[-79.65997,-5.64216],[-79.65974,-5.64216],[-79.65922,-5.64242],[-79.65891,-5.64228],[-79.65888,-5.64216],[-79.65878,-5.64179],[-79.65887,-5.64144],[-79.65896,-5.64108],[-79.65941,-5.63997],[-79.65964,-5.63934],[-79.65981,-5.6389],[-79.65981,-5.63775],[-79.65953,-5.63579],[-79.65926,-5.63486],[-79.65931,-5.63384],[-79.65944,-5.63366],[-79.65891,-5.63356],[-79.65847,-5.63348],[-79.65797,-5.63336],[-79.65656,-5.63303],[-79.65543,-5.63223],[-79.65537,-5.63218],[-79.65477,-5.63154],[-79.6547,-5.63147],[-79.65417,-5.62982],[-79.65414,-5.62915],[-79.65413,-5.6288],[-79.65378,-5.62782],[-79.6534,-5.62751],[-79.65338,-5.62749],[-79.65308,-5.62725],[-79.65302,-5.6272],[-79.65209,-5.62657],[-79.65143,-5.62568],[-79.65137,-5.62524],[-79.65126,-5.62449],[-79.65121,-5.62417],[-79.65113,-5.62349],[-79.65104,-5.62275],[-79.65103,-5.62274],[-79.65033,-5.6215],[-79.64896,-5.62088],[-79.64865,-5.62092],[-79.6482,-5.62098],[-79.64767,-5.62105],[-79.64678,-5.62167],[-79.64656,-5.62216],[-79.64607,-5.62291],[-79.64599,-5.62298],[-79.64567,-5.62327],[-79.64518,-5.62398],[-79.64502,-5.62444],[-79.64495,-5.62465],[-79.64504,-5.62533],[-79.64504,-5.62536],[-79.64511,-5.62544],[-79.64548,-5.62585],[-79.64551,-5.62588],[-79.64562,-5.62602],[-79.64602,-5.62651],[-79.64612,-5.62674],[-79.64659,-5.62772],[-79.64659,-5.62905],[-79.64659,-5.62909],[-79.64659,-5.62914],[-79.64658,-5.62989],[-79.64648,-5.63086],[-79.64645,-5.63109],[-79.64637,-5.6316],[-79.64642,-5.63174],[-79.64699,-5.63322],[-79.6471,-5.63398],[-79.64737,-5.63439],[-79.6479,-5.63497],[-79.64803,-5.63599],[-79.64781,-5.63683],[-79.64773,-5.63763],[-79.64772,-5.63768],[-79.64825,-5.63874],[-79.64918,-5.63964],[-79.6502,-5.64124],[-79.65038,-5.64158]]]}},{"type":"Feature","properties":{"Name":"Zonas aptas para pastos con calidad Agrol\u00f3gica baja, asociadas a potencial de energ\u00edas renovables no convencionales en tierras de protecci\u00f3n","description":"<div style='font-family:sans-serif;'><h4>ZEE PIURA - Zonas aptas para pastos con calidad Agrol\u00f3gica baja, asociadas a potencial de energ\u00edas renovables no convencionales en tierras de protecci\u00f3n</h4><table border='1' cellpadding='4' style='border-collapse:collapse;font-size:12px;'><tr><td><b>OBJECTID:</b></td><td>49</td></tr><tr><td><b>ZEECODE:</b></td><td>39</td></tr><tr><td><b>ZEE:</b></td><td>Zonas aptas para pastos con calidad Agrol\u00f3gica baja, asociadas a potencial de energ\u00edas renovables no convencionales en tierras de protecci\u00f3n</td></tr><tr><td><b>ZEE_ZONAS:</b></td><td>Zonas aptas para pastos con calidad Agrol\u00f3gica baja, asociadas a potencial de energ\u00edas renovables no convencionales en tierras de protecci\u00f3n</td></tr><tr><td><b>ZEE_GRANDE:</b></td><td>Zonas Productivas</td></tr><tr><td><b>AREA:</b></td><td>69684629.483</td></tr><tr><td><b>PERIMETER:</b></td><td>337028.425</td></tr><tr><td><b>HECTARES:</b></td><td>6968.463</td></tr></table></div>"},"geometry":{"type":"Polygon","coordinates":[[[-80.98152,-5.37997],[-80.97987,-5.38137],[-80.97801,-5.38292],[-80.97789,-5.38299],[-80.97682,-5.3836],[-80.97538,-5.3837],[-80.97269,-5.38406],[-80.9714,-5.38463],[-80.97042,-5.38556],[-80.96944,-5.38665],[-80.96864,-5.38854],[-80.96792,-5.39025],[-80.96683,-5.39133],[-80.96472,-5.39185],[-80.96311,-5.39159],[-80.96084,-5.39169],[-80.95904,-5.39283],[-80.95769,-5.39418],[-80.95671,-5.39491],[-80.95658,-5.39547],[-80.9564,-5.3962],[-80.95671,-5.39863],[-80.95697,-5.40039],[-80.95705,-5.40331],[-80.95679,-5.4043],[-80.95607,-5.40517],[-80.95472,-5.40533],[-80.95359,-5.40544],[-80.95204,-5.40553],[-80.95013,-5.40507],[-80.94837,-5.4045],[-80.94672,-5.40378],[-80.94409,-5.40378],[-80.94109,-5.40388],[-80.93846,-5.4046],[-80.93598,-5.40606],[-80.93379,-5.40773],[-80.93238,-5.40945],[-80.93086,-5.41228],[-80.92996,-5.4137],[-80.92975,-5.41501],[-80.92895,-5.41824],[-80.92814,-5.41966],[-80.92713,-5.42088],[-80.92576,-5.42217],[-80.92542,-5.42249],[-80.92289,-5.42441],[-80.92118,-5.42502],[-80.91896,-5.42613],[-80.91654,-5.42754],[-80.91432,-5.42936],[-80.9124,-5.43088],[-80.91008,-5.43199],[-80.90973,-5.43205],[-80.90837,-5.43229],[-80.90565,-5.43179],[-80.90532,-5.43164],[-80.90454,-5.43128],[-80.90424,-5.42957],[-80.90424,-5.42822],[-80.90424,-5.42714],[-80.90474,-5.42451],[-80.90476,-5.42443],[-80.90514,-5.42279],[-80.90486,-5.42211],[-80.90434,-5.42087],[-80.90293,-5.42006],[-80.90171,-5.42138],[-80.90091,-5.42269],[-80.9006,-5.42451],[-80.9005,-5.42593],[-80.9004,-5.42754],[-80.9002,-5.42926],[-80.8996,-5.43078],[-80.89838,-5.4325],[-80.89707,-5.43391],[-80.89686,-5.43447],[-80.89637,-5.43573],[-80.89604,-5.43634],[-80.89556,-5.43724],[-80.8948,-5.43821],[-80.89457,-5.4385],[-80.89445,-5.43866],[-80.89328,-5.43954],[-80.89284,-5.43987],[-80.89167,-5.4411],[-80.89167,-5.4411],[-80.89122,-5.44159],[-80.88951,-5.4434],[-80.88931,-5.44386],[-80.88875,-5.44518],[-80.88849,-5.44631],[-80.88825,-5.4474],[-80.88824,-5.44745],[-80.88803,-5.44872],[-80.88784,-5.44993],[-80.88748,-5.45154],[-80.88734,-5.45215],[-80.88714,-5.45243],[-80.88633,-5.45356],[-80.88575,-5.45465],[-80.88552,-5.45508],[-80.88521,-5.45535],[-80.88521,-5.45535],[-80.88411,-5.45631],[-80.88401,-5.45639],[-80.8831,-5.4567],[-80.88209,-5.45842],[-80.88118,-5.46044],[-80.88048,-5.46216],[-80.87906,-5.46387],[-80.87775,-5.46468],[-80.87513,-5.46579],[-80.87382,-5.46711],[-80.87281,-5.46913],[-80.8719,-5.47054],[-80.87109,-5.47176],[-80.86978,-5.47327],[-80.86857,-5.47509],[-80.86776,-5.47712],[-80.86716,-5.47833],[-80.86615,-5.47954],[-80.86464,-5.48105],[-80.8635,-5.48249],[-80.86307,-5.48302],[-80.86226,-5.48556],[-80.86176,-5.48677],[-80.86095,-5.48808],[-80.85949,-5.48931],[-80.85906,-5.48968],[-80.85904,-5.4897],[-80.85692,-5.4904],[-80.85555,-5.49093],[-80.8551,-5.49111],[-80.85389,-5.49202],[-80.85278,-5.49353],[-80.85197,-5.49454],[-80.84986,-5.49586],[-80.84824,-5.49728],[-80.84693,-5.49788],[-80.84652,-5.49795],[-80.84572,-5.49808],[-80.84461,-5.49879],[-80.8433,-5.4999],[-80.84289,-5.50183],[-80.84289,-5.50273],[-80.84319,-5.50328],[-80.8435,-5.50384],[-80.84441,-5.50455],[-80.84469,-5.50465],[-80.84531,-5.50486],[-80.84652,-5.5048],[-80.84753,-5.50476],[-80.84955,-5.50425],[-80.85137,-5.50344],[-80.85308,-5.50223],[-80.85437,-5.50137],[-80.8552,-5.50081],[-80.85555,-5.50065],[-80.85671,-5.50011],[-80.85813,-5.4997],[-80.85954,-5.49869],[-80.86065,-5.49738],[-80.86277,-5.49596],[-80.86367,-5.49546],[-80.86458,-5.49535],[-80.86549,-5.49586],[-80.86599,-5.49627],[-80.86638,-5.49627],[-80.8666,-5.49627],[-80.86731,-5.49586],[-80.86748,-5.49565],[-80.86781,-5.49525],[-80.86801,-5.49404],[-80.86821,-5.49232],[-80.86872,-5.49111],[-80.86922,-5.4901],[-80.87023,-5.48919],[-80.87154,-5.48849],[-80.87243,-5.48849],[-80.87265,-5.48849],[-80.873,-5.48919],[-80.87326,-5.4897],[-80.87336,-5.49142],[-80.87336,-5.49235],[-80.87336,-5.49401],[-80.87336,-5.49425],[-80.87333,-5.49486],[-80.87335,-5.49484],[-80.87344,-5.49465],[-80.87349,-5.49389],[-80.87349,-5.49375],[-80.87401,-5.49322],[-80.87438,-5.49275],[-80.87444,-5.49239],[-80.87444,-5.49199],[-80.87437,-5.49178],[-80.88059,-5.48829],[-80.88264,-5.48535],[-80.88486,-5.48263],[-80.88497,-5.48249],[-80.88708,-5.4798],[-80.8895,-5.47687],[-80.89117,-5.47464],[-80.89167,-5.47397],[-80.89253,-5.47282],[-80.89626,-5.46827],[-80.89898,-5.46494],[-80.90352,-5.4611],[-80.90645,-5.45847],[-80.90968,-5.45645],[-80.9122,-5.45423],[-80.91442,-5.4519],[-80.9176,-5.4468],[-80.92163,-5.44145],[-80.92397,-5.43923],[-80.92605,-5.43727],[-80.92698,-5.43639],[-80.92973,-5.43359],[-80.93404,-5.42922],[-80.93747,-5.42568],[-80.94372,-5.42133],[-80.94675,-5.4191],[-80.94779,-5.41823],[-80.94902,-5.41582],[-80.95129,-5.41324],[-80.9529,-5.41173],[-80.95487,-5.40992],[-80.95487,-5.40992],[-80.95542,-5.40941],[-80.95704,-5.40839],[-80.95805,-5.4082],[-80.95915,-5.40748],[-80.96188,-5.40526],[-80.96531,-5.40334],[-80.96874,-5.40111],[-80.97116,-5.3989],[-80.97358,-5.39687],[-80.97539,-5.39566],[-80.97781,-5.39333],[-80.97967,-5.3908],[-80.98025,-5.39028],[-80.98065,-5.39],[-80.98181,-5.38904],[-80.98312,-5.38785],[-80.98392,-5.38713],[-80.98472,-5.38653],[-80.98529,-5.38563],[-80.9859,-5.38485],[-80.98622,-5.38445],[-80.98714,-5.3838],[-80.988,-5.38284],[-80.98821,-5.38266],[-80.98871,-5.38241],[-80.99032,-5.38151],[-80.99039,-5.38143],[-80.99081,-5.38092],[-80.99075,-5.3808],[-80.99062,-5.38074],[-80.99009,-5.38085],[-80.98908,-5.37885],[-80.98776,-5.37603],[-80.98761,-5.37571],[-80.98748,-5.37443],[-80.98715,-5.37371],[-80.98678,-5.37316],[-80.98613,-5.37219],[-80.98612,-5.37247],[-80.98569,-5.37338],[-80.98592,-5.37425],[-80.98633,-5.37579],[-80.98373,-5.37678],[-80.98359,-5.37708],[-80.98276,-5.37879],[-80.98195,-5.37957],[-80.98152,-5.37997]]]}},{"type":"Feature","properties":{"Name":"Zonas aptas para pastos con calidad Agrol\u00f3gica baja, asociadas a potencial turistico en tierras de protecci\u00f3n","description":"<div style='font-family:sans-serif;'><h4>ZEE PIURA - Zonas aptas para pastos con calidad Agrol\u00f3gica baja, asociadas a potencial turistico en tierras de protecci\u00f3n</h4><table border='1' cellpadding='4' style='border-collapse:collapse;font-size:12px;'><tr><td><b>OBJECTID:</b></td><td>50</td></tr><tr><td><b>ZEECODE:</b></td><td>47</td></tr><tr><td><b>ZEE:</b></td><td>Zonas aptas para pastos con calidad Agrol\u00f3gica baja, asociadas a potencial turistico en tierras de protecci\u00f3n</td></tr><tr><td><b>ZEE_ZONAS:</b></td><td>Zonas aptas para pastos con calidad Agrol\u00f3gica baja, asociadas a potencial turistico en tierras de protecci\u00f3n</td></tr><tr><td><b>ZEE_GRANDE:</b></td><td>Zonas Productivas</td></tr><tr><td><b>AREA:</b></td><td>188335939.259</td></tr><tr><td><b>PERIMETER:</b></td><td>442073.946</td></tr><tr><td><b>HECTARES:</b></td><td>18833.594</td></tr></table></div>"},"geometry":{"type":"Polygon","coordinates":[[[-79.6134,-5.81519],[-79.61269,-5.81622],[-79.61267,-5.81622],[-79.60973,-5.81596],[-79.60955,-5.81595],[-79.60786,-5.81403],[-79.60537,-5.81122],[-79.60346,-5.81015],[-79.60346,-5.81082],[-79.60269,-5.81062],[-79.60196,-5.8103],[-79.60093,-5.81069],[-79.59925,-5.81361],[-79.59921,-5.81368],[-79.59921,-5.8138],[-79.5991,-5.81388],[-79.59883,-5.81435],[-79.59812,-5.81461],[-79.59673,-5.81513],[-79.5939,-5.81393],[-79.59176,-5.81302],[-79.58967,-5.81302],[-79.58874,-5.81422],[-79.59207,-5.816],[-79.59332,-5.81676],[-79.59309,-5.81788],[-79.59205,-5.81702],[-79.5914,-5.81672],[-79.58986,-5.81536],[-79.58888,-5.81491],[-79.58855,-5.81461],[-79.58848,-5.81454],[-79.58783,-5.81537],[-79.58835,-5.81701],[-79.58916,-5.81957],[-79.58965,-5.82114],[-79.58886,-5.82323],[-79.58638,-5.82173],[-79.58629,-5.82168],[-79.58625,-5.82166],[-79.58561,-5.82173],[-79.58507,-5.8218],[-79.58416,-5.82191],[-79.58389,-5.82427],[-79.5836,-5.82502],[-79.58265,-5.82747],[-79.58257,-5.82767],[-79.58112,-5.82767],[-79.57917,-5.82766],[-79.57784,-5.82671],[-79.57734,-5.82635],[-79.5764,-5.8266],[-79.57446,-5.82713],[-79.57277,-5.82825],[-79.5721,-5.82869],[-79.56896,-5.83026],[-79.56824,-5.82874],[-79.56828,-5.83367],[-79.56833,-5.8398],[-79.56835,-5.84183],[-79.56703,-5.84479],[-79.56058,-5.85932],[-79.56051,-5.85958],[-79.56077,-5.86168],[-79.5612,-5.86164],[-79.56174,-5.86158],[-79.56184,-5.86157],[-79.56386,-5.86058],[-79.56536,-5.85984],[-79.56706,-5.85893],[-79.56765,-5.85853],[-79.56915,-5.85751],[-79.5703,-5.85719],[-79.57216,-5.85668],[-79.57386,-5.85621],[-79.57621,-5.85884],[-79.57672,-5.86382],[-79.57776,-5.86618],[-79.57858,-5.86662],[-79.58168,-5.86828],[-79.58179,-5.86883],[-79.58213,-5.87053],[-79.58235,-5.87166],[-79.58246,-5.87222],[-79.58663,-5.87668],[-79.59009,-5.87835],[-79.59197,-5.87926],[-79.59317,-5.87984],[-79.59597,-5.88201],[-79.59714,-5.88292],[-79.59996,-5.8851],[-79.60126,-5.88725],[-79.60361,-5.89113],[-79.6036,-5.89265],[-79.6036,-5.89454],[-79.60071,-5.89663],[-79.59974,-5.89628],[-79.59965,-5.89624],[-79.59495,-5.89453],[-79.59222,-5.89354],[-79.5913,-5.8932],[-79.58794,-5.89508],[-79.58711,-5.89555],[-79.58642,-5.89669],[-79.5862,-5.89684],[-79.58545,-5.89733],[-79.58369,-5.90002],[-79.58361,-5.90009],[-79.58294,-5.90074],[-79.57969,-5.90386],[-79.57927,-5.90472],[-79.57894,-5.90479],[-79.57837,-5.90492],[-79.57659,-5.90531],[-79.57581,-5.90548],[-79.57555,-5.90554],[-79.57413,-5.90585],[-79.57348,-5.90599],[-79.5723,-5.90744],[-79.57068,-5.90942],[-79.57053,-5.9096],[-79.57035,-5.90982],[-79.57006,-5.91018],[-79.56929,-5.91017],[-79.56763,-5.91017],[-79.56689,-5.91017],[-79.56678,-5.91047],[-79.56619,-5.91017],[-79.56588,-5.91016],[-79.56586,-5.91017],[-79.56449,-5.91029],[-79.56059,-5.91063],[-79.56059,-5.91063],[-79.56012,-5.91067],[-79.55958,-5.91111],[-79.55603,-5.91399],[-79.55592,-5.91407],[-79.55571,-5.91407],[-79.55305,-5.91414],[-79.54773,-5.91428],[-79.54676,-5.91431],[-79.54604,-5.913],[-79.54562,-5.91523],[-79.55069,-5.92138],[-79.55238,-5.92342],[-79.55271,-5.92377],[-79.55274,-5.92386],[-79.55568,-5.92742],[-79.55579,-5.92756],[-79.55705,-5.92909],[-79.55982,-5.93244],[-79.56063,-5.93342],[-79.56068,-5.93348],[-79.56186,-5.93491],[-79.56187,-5.93491],[-79.56201,-5.93482],[-79.56201,-5.93482],[-79.56207,-5.93477],[-79.56217,-5.93471],[-79.5622,-5.93468],[-79.56232,-5.9346],[-79.56241,-5.93454],[-79.56259,-5.93441],[-79.5627,-5.93434],[-79.56305,-5.9341],[-79.56315,-5.93407],[-79.56344,-5.93398],[-79.56361,-5.93393],[-79.56369,-5.93391],[-79.56382,-5.93387],[-79.56415,-5.93395],[-79.5642,-5.93396],[-79.56468,-5.93407],[-79.565,-5.93415],[-79.56526,-5.93421],[-79.56584,-5.93459],[-79.56594,-5.93467],[-79.56604,-5.93476],[-79.56644,-5.9351],[-79.56658,-5.93522],[-79.56675,-5.93537],[-79.56678,-5.93539],[-79.56684,-5.93542],[-79.56706,-5.93551],[-79.56719,-5.93557],[-79.56725,-5.93559],[-79.56765,-5.93576],[-79.56765,-5.93576],[-79.56809,-5.93595],[-79.56813,-5.93597],[-79.56819,-5.93601],[-79.56846,-5.93617],[-79.56921,-5.93663],[-79.56926,-5.93666],[-79.56995,-5.93714],[-79.57016,-5.93729],[-79.57029,-5.93738],[-79.57038,-5.93744],[-79.5705,-5.93753],[-79.57085,-5.93762],[-79.57148,-5.93777],[-79.57154,-5.93779],[-79.57172,-5.93778],[-79.57189,-5.93777],[-79.57233,-5.93764],[-79.57307,-5.9372],[-79.57316,-5.93714],[-79.5733,-5.93709],[-79.57422,-5.93675],[-79.57428,-5.93673],[-79.57436,-5.93672],[-79.57489,-5.93667],[-79.57491,-5.93667],[-79.57499,-5.93664],[-79.5753,-5.93656],[-79.57579,-5.93642],[-79.576,-5.93637],[-79.57621,-5.93631],[-79.57662,-5.93612],[-79.57678,-5.93594],[-79.57691,-5.93569],[-79.577,-5.93551],[-79.57701,-5.93536],[-79.57702,-5.93515],[-79.57702,-5.93505],[-79.57706,-5.93427],[-79.57727,-5.934],[-79.57738,-5.93394],[-79.5775,-5.93388],[-79.57751,-5.93388],[-79.57778,-5.93394],[-79.57786,-5.93395],[-79.57829,-5.93436],[-79.57869,-5.93473],[-79.57883,-5.93495],[-79.57904,-5.93526],[-79.57906,-5.93528],[-79.5792,-5.93541],[-79.5796,-5.93546],[-79.57978,-5.93549],[-79.57992,-5.93547],[-79.58026,-5.93541],[-79.5804,-5.93538],[-79.58061,-5.93535],[-79.581,-5.93528],[-79.58119,-5.93525],[-79.58119,-5.93525],[-79.58141,-5.93529],[-79.58157,-5.93531],[-79.58162,-5.93532],[-79.58167,-5.93537],[-79.58173,-5.93542],[-79.58177,-5.93553],[-79.58181,-5.93563],[-79.58182,-5.93565],[-79.58186,-5.93576],[-79.58286,-5.93684],[-79.58299,-5.93698],[-79.58356,-5.93735],[-79.58411,-5.93755],[-79.58492,-5.93773],[-79.58546,-5.93774],[-79.5859,-5.93775],[-79.58598,-5.93775],[-79.58653,-5.938],[-79.58657,-5.93804],[-79.58664,-5.93811],[-79.5869,-5.93836],[-79.58696,-5.93842],[-79.58699,-5.93843],[-79.58709,-5.93847],[-79.58754,-5.93841],[-79.58818,-5.93801],[-79.58821,-5.93799],[-79.58822,-5.93798],[-79.58834,-5.93786],[-79.58875,-5.93743],[-79.58875,-5.93743],[-79.58875,-5.93743],[-79.58897,-5.93714],[-79.58905,-5.93703],[-79.58956,-5.93635],[-79.5896,-5.9363],[-79.59006,-5.9359],[-79.59051,-5.9357],[-79.59053,-5.93569],[-79.59053,-5.93569],[-79.59079,-5.93557],[-79.59204,-5.93486],[-79.59292,-5.93448],[-79.59297,-5.93446],[-79.593,-5.93443],[-79.59319,-5.93421],[-79.59323,-5.93418],[-79.59375,-5.93381],[-79.59443,-5.93362],[-79.59502,-5.93362],[-79.59508,-5.93363],[-79.59583,-5.93362],[-79.59596,-5.93368],[-79.59645,-5.93391],[-79.59738,-5.93425],[-79.59759,-5.93444],[-79.59781,-5.93503],[-79.59818,-5.93546],[-79.5983,-5.93568],[-79.59899,-5.93689],[-79.59912,-5.93711],[-79.59943,-5.93787],[-79.59968,-5.93849],[-79.59985,-5.9389],[-79.60045,-5.93957],[-79.60077,-5.93969],[-79.60098,-5.93967],[-79.60105,-5.93964],[-79.60132,-5.93954],[-79.6013,-5.93946],[-79.60124,-5.93926],[-79.60112,-5.93882],[-79.60102,-5.93846],[-79.60106,-5.9383],[-79.60119,-5.93771],[-79.60128,-5.93745],[-79.60141,-5.93709],[-79.60143,-5.93703],[-79.60148,-5.93689],[-79.60174,-5.9365],[-79.60188,-5.9363],[-79.60206,-5.93603],[-79.60206,-5.93602],[-79.60237,-5.93574],[-79.60293,-5.93523],[-79.60322,-5.93495],[-79.60339,-5.93479],[-79.60454,-5.93362],[-79.605,-5.93295],[-79.605,-5.93294],[-79.60555,-5.93214],[-79.60614,-5.93088],[-79.60625,-5.93064],[-79.6064,-5.93034],[-79.60658,-5.93002],[-79.60711,-5.92913],[-79.60773,-5.92807],[-79.60787,-5.92784],[-79.60807,-5.92766],[-79.60894,-5.92684],[-79.60932,-5.92639],[-79.61046,-5.92474],[-79.61111,-5.92346],[-79.61096,-5.92163],[-79.61094,-5.9213],[-79.61092,-5.92112],[-79.61083,-5.92061],[-79.61082,-5.92053],[-79.61076,-5.92021],[-79.61074,-5.92011],[-79.6105,-5.91977],[-79.61049,-5.91976],[-79.61023,-5.91939],[-79.61001,-5.9191],[-79.60972,-5.91869],[-79.60972,-5.91869],[-79.60949,-5.91837],[-79.60943,-5.9182],[-79.6094,-5.9181],[-79.60931,-5.91783],[-79.60986,-5.91681],[-79.60986,-5.9168],[-79.60986,-5.9168],[-79.61005,-5.91669],[-79.6103,-5.91654],[-79.61068,-5.91632],[-79.61095,-5.91603],[-79.61126,-5.91569],[-79.61169,-5.9143],[-79.61209,-5.91332],[-79.61243,-5.9125],[-79.6124,-5.9115],[-79.61238,-5.91114],[-79.61268,-5.91069],[-79.61339,-5.91014],[-79.61353,-5.90929],[-79.61365,-5.90853],[-79.61359,-5.90826],[-79.61349,-5.90773],[-79.61325,-5.90652],[-79.61326,-5.90607],[-79.61331,-5.9043],[-79.61289,-5.90385],[-79.61289,-5.90384],[-79.61274,-5.90368],[-79.61263,-5.90356],[-79.61245,-5.90337],[-79.61185,-5.90272],[-79.61176,-5.90262],[-79.61176,-5.90262],[-79.61181,-5.90227],[-79.61186,-5.90199],[-79.61205,-5.90075],[-79.61215,-5.89939],[-79.61236,-5.89791],[-79.61266,-5.89718],[-79.61274,-5.89699],[-79.61276,-5.89693],[-79.61324,-5.89554],[-79.61348,-5.89507],[-79.61392,-5.89464],[-79.614,-5.89457],[-79.61436,-5.89422],[-79.61533,-5.89304],[-79.61566,-5.89273],[-79.61607,-5.89248],[-79.61664,-5.89199],[-79.61666,-5.89197],[-79.61701,-5.89167],[-79.61725,-5.89146],[-79.61768,-5.89118],[-79.61818,-5.89094],[-79.61947,-5.89048],[-79.61964,-5.89042],[-79.62084,-5.89029],[-79.62115,-5.89021],[-79.62146,-5.89014],[-79.62181,-5.89005],[-79.6226,-5.88985],[-79.62255,-5.88969],[-79.62272,-5.88673],[-79.6222,-5.88411],[-79.61907,-5.88148],[-79.61436,-5.88042],[-79.61399,-5.87875],[-79.61384,-5.87806],[-79.61464,-5.87361],[-79.61412,-5.87177],[-79.61322,-5.87147],[-79.60978,-5.87031],[-79.60941,-5.87019],[-79.60804,-5.87009],[-79.60767,-5.87007],[-79.6067,-5.87],[-79.60599,-5.86995],[-79.60458,-5.86985],[-79.60157,-5.86964],[-79.6,-5.8678],[-79.59964,-5.86753],[-79.59687,-5.86544],[-79.59577,-5.86507],[-79.59295,-5.86412],[-79.59178,-5.86392],[-79.58981,-5.86359],[-79.5898,-5.86355],[-79.58974,-5.86334],[-79.58903,-5.8607],[-79.58982,-5.85808],[-79.59036,-5.85765],[-79.59036,-5.85765],[-79.5916,-5.85665],[-79.59364,-5.855],[-79.59477,-5.85409],[-79.59255,-5.85378],[-79.58995,-5.85168],[-79.58938,-5.8516],[-79.58934,-5.85119],[-79.58879,-5.85075],[-79.58709,-5.8501],[-79.58682,-5.85044],[-79.58659,-5.85072],[-79.58688,-5.8512],[-79.58697,-5.85198],[-79.58707,-5.85362],[-79.58619,-5.85554],[-79.58538,-5.85543],[-79.58647,-5.8501],[-79.58628,-5.84992],[-79.58609,-5.84972],[-79.58542,-5.84947],[-79.58461,-5.84916],[-79.58427,-5.8482],[-79.58401,-5.84745],[-79.58349,-5.846],[-79.5834,-5.84575],[-79.58331,-5.84549],[-79.5841,-5.84392],[-79.58625,-5.84213],[-79.58725,-5.84131],[-79.58807,-5.84109],[-79.58834,-5.84101],[-79.58977,-5.84063],[-79.59013,-5.84053],[-79.59031,-5.8405],[-79.59153,-5.8403],[-79.59193,-5.84023],[-79.59327,-5.84001],[-79.5951,-5.83871],[-79.5953,-5.83811],[-79.59556,-5.83734],[-79.59585,-5.83649],[-79.59682,-5.8336],[-79.59673,-5.8334],[-79.597,-5.83305],[-79.59721,-5.83243],[-79.5977,-5.83199],[-79.59931,-5.8306],[-79.59969,-5.83077],[-79.60218,-5.83191],[-79.60279,-5.83243],[-79.60368,-5.83316],[-79.60452,-5.83387],[-79.60513,-5.83438],[-79.60604,-5.83515],[-79.60688,-5.83586],[-79.60735,-5.83601],[-79.60781,-5.83617],[-79.60865,-5.83645],[-79.60917,-5.83663],[-79.61149,-5.83741],[-79.61237,-5.8377],[-79.61268,-5.83772],[-79.61461,-5.83783],[-79.61708,-5.83798],[-79.62023,-5.8351],[-79.62155,-5.83039],[-79.62217,-5.82828],[-79.62245,-5.82734],[-79.62249,-5.8272],[-79.62282,-5.8261],[-79.62287,-5.82594],[-79.62491,-5.82423],[-79.62479,-5.82408],[-79.62468,-5.82401],[-79.62468,-5.82401],[-79.62398,-5.82354],[-79.62383,-5.82327],[-79.62381,-5.82323],[-79.62383,-5.82283],[-79.62377,-5.82251],[-79.62349,-5.82203],[-79.62336,-5.8218],[-79.62321,-5.8214],[-79.62312,-5.82087],[-79.62316,-5.82062],[-79.62316,-5.82062],[-79.62323,-5.8202],[-79.62302,-5.81979],[-79.62301,-5.81978],[-79.62298,-5.81971],[-79.6229,-5.81956],[-79.62286,-5.8193],[-79.62288,-5.81919],[-79.6229,-5.81911],[-79.6229,-5.8191],[-79.62297,-5.8188],[-79.6232,-5.81833],[-79.62326,-5.81821],[-79.62306,-5.8178],[-79.6227,-5.81704],[-79.62267,-5.81672],[-79.62261,-5.81615],[-79.62257,-5.81579],[-79.62257,-5.81578],[-79.62253,-5.81571],[-79.6225,-5.81566],[-79.62239,-5.81546],[-79.62196,-5.8147],[-79.62196,-5.8147],[-79.62196,-5.8147],[-79.62192,-5.81465],[-79.62185,-5.81458],[-79.62185,-5.81458],[-79.62151,-5.81421],[-79.62144,-5.81414],[-79.62132,-5.81401],[-79.62119,-5.81387],[-79.62116,-5.81374],[-79.62099,-5.81302],[-79.62096,-5.81288],[-79.62099,-5.8123],[-79.62099,-5.81213],[-79.62081,-5.81096],[-79.62028,-5.81067],[-79.61898,-5.80995],[-79.61794,-5.80994],[-79.61631,-5.81139],[-79.61558,-5.81203],[-79.61553,-5.81209],[-79.61512,-5.81269],[-79.61421,-5.81402],[-79.6134,-5.81519]]]}},{"type":"Feature","properties":{"Name":"Zonas aptas para pastos con calidad Agrol\u00f3gica baja, asociadas a potencial de energ\u00edas renovables no convencionales y potencial de recursos naturales no renovables en tierras de protecci\u00f3n","description":"<div style='font-family:sans-serif;'><h4>ZEE PIURA - Zonas aptas para pastos con calidad Agrol\u00f3gica baja, asociadas a potencial de energ\u00edas renovables no convencionales y potencial de recursos naturales no renovables en tierras de protecci\u00f3n</h4><table border='1' cellpadding='4' style='border-collapse:collapse;font-size:12px;'><tr><td><b>OBJECTID:</b></td><td>51</td></tr><tr><td><b>ZEECODE:</b></td><td>41</td></tr><tr><td><b>ZEE:</b></td><td>Zonas aptas para pastos con calidad Agrol\u00f3gica baja, asociadas a potencial de energ\u00edas renovables no convencionales y potencial de recursos naturales no renovables en tierras de protecci\u00f3n</td></tr><tr><td><b>ZEE_ZONAS:</b></td><td>Zonas aptas para pastos con calidad Agrol\u00f3gica baja, asociadas a potencial de energ\u00edas renovables no convencionales y potencial de recursos naturales</td></tr><tr><td><b>ZEE_GRANDE:</b></td><td>Zonas Productivas</td></tr><tr><td><b>AREA:</b></td><td>1966414.335</td></tr><tr><td><b>PERIMETER:</b></td><td>21656.375</td></tr><tr><td><b>HECTARES:</b></td><td>196.641</td></tr></table></div>"},"geometry":{"type":"Polygon","coordinates":[[[-81.23016,-4.79402],[-81.23073,-4.79402],[-81.23121,-4.79351],[-81.23185,-4.79282],[-81.23365,-4.7906],[-81.23588,-4.78828],[-81.23643,-4.7878],[-81.23768,-4.78622],[-81.23917,-4.7846],[-81.2401,-4.78374],[-81.24212,-4.78159],[-81.24289,-4.78063],[-81.244,-4.77943],[-81.24449,-4.7788],[-81.24747,-4.77555],[-81.2481,-4.77467],[-81.24868,-4.77409],[-81.25024,-4.77237],[-81.25145,-4.77085],[-81.25292,-4.76918],[-81.25298,-4.7691],[-81.25482,-4.76669],[-81.25651,-4.76499],[-81.25726,-4.76416],[-81.25913,-4.76152],[-81.26006,-4.76046],[-81.26117,-4.75936],[-81.26234,-4.75797],[-81.26286,-4.75711],[-81.2644,-4.75557],[-81.26486,-4.75499],[-81.26566,-4.75422],[-81.26723,-4.75237],[-81.26851,-4.75075],[-81.27043,-4.74868],[-81.27425,-4.74424],[-81.27514,-4.74311],[-81.27873,-4.739],[-81.27984,-4.73792],[-81.28035,-4.73726],[-81.28108,-4.73645],[-81.28165,-4.73568],[-81.28518,-4.73165],[-81.2874,-4.72947],[-81.28838,-4.72859],[-81.28892,-4.72794],[-81.2886,-4.72767],[-81.2885,-4.72759],[-81.28829,-4.7274],[-81.28817,-4.7273],[-81.28798,-4.72713],[-81.28785,-4.72701],[-81.28767,-4.72685],[-81.28754,-4.72673],[-81.28741,-4.72661],[-81.28741,-4.72661],[-81.28723,-4.72677],[-81.28699,-4.72697],[-81.28673,-4.72722],[-81.28662,-4.72733],[-81.28645,-4.72749],[-81.28633,-4.72762],[-81.28612,-4.72783],[-81.28591,-4.72805],[-81.28581,-4.72817],[-81.28567,-4.72832],[-81.28553,-4.72848],[-81.28539,-4.72864],[-81.28524,-4.72882],[-81.28508,-4.72897],[-81.28494,-4.72915],[-81.28479,-4.72929],[-81.28468,-4.72941],[-81.28453,-4.72956],[-81.28428,-4.7298],[-81.28412,-4.72998],[-81.28402,-4.73012],[-81.28388,-4.7303],[-81.28371,-4.73051],[-81.28354,-4.73069],[-81.28345,-4.73083],[-81.28335,-4.73098],[-81.28326,-4.7311],[-81.28316,-4.73125],[-81.28309,-4.73139],[-81.28295,-4.73157],[-81.28278,-4.73179],[-81.28266,-4.732],[-81.28257,-4.73211],[-81.28244,-4.73229],[-81.28235,-4.73243],[-81.28221,-4.73268],[-81.28211,-4.73282],[-81.28199,-4.73302],[-81.28187,-4.7332],[-81.28177,-4.73333],[-81.28166,-4.73347],[-81.28149,-4.73369],[-81.2814,-4.73381],[-81.2813,-4.73395],[-81.28121,-4.73406],[-81.28106,-4.73424],[-81.28095,-4.7344],[-81.2808,-4.73455],[-81.28069,-4.73469],[-81.28052,-4.73489],[-81.28035,-4.7351],[-81.28016,-4.7353],[-81.27997,-4.73552],[-81.27988,-4.73564],[-81.27971,-4.73587],[-81.27962,-4.73602],[-81.2794,-4.73636],[-81.27924,-4.73659],[-81.27914,-4.73677],[-81.27904,-4.73688],[-81.27895,-4.73706],[-81.27881,-4.73722],[-81.27871,-4.73733],[-81.27859,-4.73747],[-81.2785,-4.73759],[-81.27833,-4.73771],[-81.27824,-4.73783],[-81.278,-4.73806],[-81.27787,-4.73819],[-81.27772,-4.7383],[-81.27756,-4.73844],[-81.27746,-4.73855],[-81.2772,-4.73879],[-81.27704,-4.73895],[-81.27692,-4.73909],[-81.27671,-4.73933],[-81.27662,-4.73945],[-81.27645,-4.73965],[-81.27633,-4.7398],[-81.27623,-4.73994],[-81.27609,-4.74012],[-81.27593,-4.7403],[-81.27581,-4.74042],[-81.2756,-4.74062],[-81.27536,-4.74082],[-81.27522,-4.74093],[-81.27504,-4.74111],[-81.27491,-4.74124],[-81.27475,-4.74142],[-81.27456,-4.74163],[-81.27437,-4.7418],[-81.27414,-4.74198],[-81.27395,-4.74218],[-81.27376,-4.74235],[-81.27362,-4.7425],[-81.27346,-4.74265],[-81.27324,-4.74291],[-81.27305,-4.74313],[-81.27289,-4.74331],[-81.27279,-4.74342],[-81.27266,-4.7436],[-81.27239,-4.74392],[-81.27232,-4.74406],[-81.27215,-4.74426],[-81.27204,-4.74439],[-81.27189,-4.74457],[-81.27172,-4.74475],[-81.27156,-4.74493],[-81.2714,-4.74516],[-81.27121,-4.74537],[-81.27102,-4.74561],[-81.2708,-4.74586],[-81.27061,-4.74608],[-81.2704,-4.74636],[-81.27031,-4.74649],[-81.27012,-4.7467],[-81.26999,-4.7469],[-81.26988,-4.74702],[-81.26976,-4.74717],[-81.26966,-4.74729],[-81.26957,-4.7474],[-81.26943,-4.74758],[-81.26931,-4.74771],[-81.26915,-4.74791],[-81.26898,-4.74814],[-81.26879,-4.74835],[-81.2686,-4.74855],[-81.26841,-4.74874],[-81.26822,-4.74895],[-81.26806,-4.74915],[-81.26786,-4.74933],[-81.26768,-4.74951],[-81.26751,-4.74969],[-81.26728,-4.74989],[-81.26716,-4.75003],[-81.2669,-4.75032],[-81.26667,-4.75064],[-81.26645,-4.75089],[-81.26624,-4.75106],[-81.26567,-4.75168],[-81.26553,-4.7518],[-81.26539,-4.75194],[-81.26527,-4.75206],[-81.26516,-4.75219],[-81.26503,-4.7523],[-81.2649,-4.75241],[-81.2648,-4.75253],[-81.26461,-4.75268],[-81.2644,-4.75286],[-81.26429,-4.75297],[-81.26407,-4.75322],[-81.26388,-4.75342],[-81.26379,-4.75356],[-81.26355,-4.75389],[-81.26339,-4.75412],[-81.26326,-4.75428],[-81.26312,-4.75451],[-81.26297,-4.75471],[-81.26284,-4.75493],[-81.26271,-4.7551],[-81.2626,-4.75523],[-81.26243,-4.75543],[-81.26229,-4.75561],[-81.26205,-4.75591],[-81.26188,-4.75611],[-81.26172,-4.75629],[-81.26151,-4.75649],[-81.2613,-4.7567],[-81.26108,-4.7569],[-81.26088,-4.75708],[-81.26068,-4.75723],[-81.26036,-4.7575],[-81.2602,-4.75763],[-81.26007,-4.75777],[-81.25996,-4.75786],[-81.25986,-4.75797],[-81.25977,-4.75811],[-81.25967,-4.75822],[-81.25956,-4.7584],[-81.25941,-4.75863],[-81.25933,-4.75876],[-81.2592,-4.75902],[-81.25907,-4.7592],[-81.25895,-4.75933],[-81.25886,-4.75949],[-81.25872,-4.75969],[-81.25853,-4.75994],[-81.25837,-4.76012],[-81.25827,-4.76026],[-81.25814,-4.76042],[-81.25793,-4.76073],[-81.25782,-4.76093],[-81.25774,-4.76107],[-81.25759,-4.76135],[-81.25753,-4.7615],[-81.25743,-4.76167],[-81.25733,-4.76187],[-81.25718,-4.76209],[-81.25709,-4.76221],[-81.25695,-4.76241],[-81.25678,-4.76262],[-81.25664,-4.7628],[-81.25647,-4.76302],[-81.25624,-4.76331],[-81.25614,-4.76343],[-81.25605,-4.76361],[-81.2559,-4.76379],[-81.25574,-4.76395],[-81.25555,-4.76415],[-81.25536,-4.76431],[-81.25524,-4.7644],[-81.25508,-4.76451],[-81.25492,-4.76462],[-81.25463,-4.7648],[-81.25447,-4.76491],[-81.25431,-4.76502],[-81.25421,-4.76513],[-81.25408,-4.76521],[-81.25389,-4.7654],[-81.2537,-4.76558],[-81.25358,-4.76571],[-81.25344,-4.76589],[-81.25335,-4.76603],[-81.2532,-4.76621],[-81.25308,-4.76636],[-81.25296,-4.76654],[-81.25286,-4.76668],[-81.25275,-4.76689],[-81.25258,-4.76713],[-81.25246,-4.7673],[-81.25225,-4.76764],[-81.2521,-4.76784],[-81.25193,-4.76804],[-81.25177,-4.76829],[-81.25158,-4.76856],[-81.25137,-4.76881],[-81.25118,-4.76903],[-81.25096,-4.76924],[-81.25075,-4.76949],[-81.25056,-4.76967],[-81.25045,-4.7698],[-81.25028,-4.76996],[-81.25002,-4.77025],[-81.24983,-4.77045],[-81.24971,-4.77059],[-81.24948,-4.77088],[-81.24929,-4.77109],[-81.24919,-4.77122],[-81.24903,-4.7714],[-81.24893,-4.77154],[-81.24877,-4.77174],[-81.2486,-4.77194],[-81.24832,-4.77235],[-81.24817,-4.7726],[-81.248,-4.77282],[-81.24784,-4.77302],[-81.24767,-4.77323],[-81.24748,-4.77346],[-81.24732,-4.77364],[-81.24713,-4.77384],[-81.24694,-4.77402],[-81.24675,-4.7742],[-81.24659,-4.77434],[-81.24635,-4.77454],[-81.24626,-4.77464],[-81.24607,-4.77482],[-81.24595,-4.77492],[-81.24578,-4.77505],[-81.2456,-4.77518],[-81.24542,-4.7753],[-81.24527,-4.77538],[-81.24507,-4.77551],[-81.24492,-4.77558],[-81.24467,-4.77576],[-81.24446,-4.77587],[-81.24434,-4.77596],[-81.24418,-4.77606],[-81.24404,-4.77617],[-81.24392,-4.77626],[-81.24378,-4.77643],[-81.24369,-4.77654],[-81.24356,-4.7767],[-81.24333,-4.77701],[-81.24323,-4.7772],[-81.24311,-4.77739],[-81.24301,-4.77762],[-81.24292,-4.77781],[-81.24279,-4.77801],[-81.2427,-4.77819],[-81.2426,-4.77835],[-81.24249,-4.77849],[-81.24241,-4.77863],[-81.24227,-4.77878],[-81.2422,-4.77892],[-81.24198,-4.77912],[-81.24187,-4.77925],[-81.24168,-4.77941],[-81.24152,-4.77955],[-81.24137,-4.77966],[-81.24121,-4.77979],[-81.24102,-4.7799],[-81.24089,-4.77999],[-81.24063,-4.78016],[-81.24049,-4.78028],[-81.24025,-4.78045],[-81.24009,-4.78054],[-81.23981,-4.78074],[-81.2396,-4.7809],[-81.23946,-4.78101],[-81.23922,-4.78123],[-81.23909,-4.78137],[-81.23899,-4.78149],[-81.23876,-4.78168],[-81.23861,-4.78179],[-81.2385,-4.78188],[-81.23822,-4.78208],[-81.23791,-4.78228],[-81.23766,-4.78248],[-81.23747,-4.78262],[-81.23733,-4.78273],[-81.23719,-4.78286],[-81.23707,-4.78295],[-81.23695,-4.78307],[-81.23681,-4.7832],[-81.23662,-4.78342],[-81.23648,-4.78359],[-81.23636,-4.78372],[-81.23622,-4.78387],[-81.23608,-4.78406],[-81.23598,-4.78416],[-81.23589,-4.78433],[-81.23574,-4.78451],[-81.2356,-4.78472],[-81.23543,-4.78493],[-81.23534,-4.78508],[-81.23524,-4.7852],[-81.23508,-4.78546],[-81.23496,-4.78564],[-81.23486,-4.78577],[-81.23472,-4.78598],[-81.23458,-4.78618],[-81.23439,-4.78648],[-81.23422,-4.78668],[-81.23407,-4.78689],[-81.23396,-4.78704],[-81.23386,-4.78718],[-81.23374,-4.78731],[-81.23351,-4.7876],[-81.23327,-4.78792],[-81.2331,-4.78813],[-81.233,-4.78824],[-81.23289,-4.78842],[-81.23279,-4.78853],[-81.23263,-4.78873],[-81.23251,-4.78887],[-81.23236,-4.78903],[-81.23225,-4.78917],[-81.2321,-4.78932],[-81.23199,-4.78943],[-81.23185,-4.78957],[-81.23171,-4.7897],[-81.23159,-4.78981],[-81.23143,-4.78997],[-81.23123,-4.79026],[-81.23107,-4.79052],[-81.23099,-4.79065],[-81.23085,-4.79095],[-81.23078,-4.79113],[-81.23068,-4.79129],[-81.23059,-4.79142],[-81.23049,-4.79156],[-81.23035,-4.79172],[-81.23023,-4.79186],[-81.23004,-4.79204],[-81.22988,-4.79216],[-81.22976,-4.79228],[-81.22959,-4.79242],[-81.22945,-4.7926],[-81.22931,-4.79271],[-81.2293,-4.79272],[-81.22942,-4.79403],[-81.23016,-4.79402]]]}},{"type":"Feature","properties":{"Name":"Zonas aptas para pastos con calidad Agrol\u00f3gica baja, asociadas a potencial de energ\u00edas renovables no convencionales y potencial turistico en tierras de protecci\u00f3n","description":"<div style='font-family:sans-serif;'><h4>ZEE PIURA - Zonas aptas para pastos con calidad Agrol\u00f3gica baja, asociadas a potencial de energ\u00edas renovables no convencionales y potencial turistico en tierras de protecci\u00f3n</h4><table border='1' cellpadding='4' style='border-collapse:collapse;font-size:12px;'><tr><td><b>OBJECTID:</b></td><td>52</td></tr><tr><td><b>ZEECODE:</b></td><td>43</td></tr><tr><td><b>ZEE:</b></td><td>Zonas aptas para pastos con calidad Agrol\u00f3gica baja, asociadas a potencial de energ\u00edas renovables no convencionales y potencial turistico en tierras de protecci\u00f3n</td></tr><tr><td><b>ZEE_ZONAS:</b></td><td>Zonas aptas para pastos con calidad Agrol\u00f3gica baja, asociadas a potencial de energ\u00edas renovables no convencionales y potencial turistico en tierras d</td></tr><tr><td><b>ZEE_GRANDE:</b></td><td>Zonas Productivas</td></tr><tr><td><b>AREA:</b></td><td>104645685.273</td></tr><tr><td><b>PERIMETER:</b></td><td>352262.412</td></tr><tr><td><b>HECTARES:</b></td><td>10464.569</td></tr></table></div>"},"geometry":{"type":"Polygon","coordinates":[[[-79.74439,-5.41909],[-79.74475,-5.41931],[-79.74503,-5.41894],[-79.74525,-5.41824],[-79.7455,-5.41767],[-79.74558,-5.4171],[-79.74558,-5.41683],[-79.74558,-5.41671],[-79.74435,-5.4164],[-79.74307,-5.41554],[-79.74248,-5.41528],[-79.74158,-5.4149],[-79.74041,-5.41415],[-79.73913,-5.41393],[-79.73786,-5.4135],[-79.73773,-5.41331],[-79.73757,-5.41331],[-79.73745,-5.41331],[-79.73768,-5.41373],[-79.73866,-5.41457],[-79.73925,-5.41532],[-79.73956,-5.41595],[-79.7397,-5.41623],[-79.74025,-5.41682],[-79.74111,-5.41728],[-79.74195,-5.41754],[-79.74278,-5.41772],[-79.74334,-5.41794],[-79.74392,-5.41856],[-79.74439,-5.41909]]]}},{"type":"Feature","properties":{"Name":"Zonas aptas para pastos con calidad Agrol\u00f3gica baja, asociadas a potencial de energ\u00edas renovables no convencionales, potencial turistico y potencial de recursos naturales no renovables en tierras de protecci\u00f3n","description":"<div style='font-family:sans-serif;'><h4>ZEE PIURA - Zonas aptas para pastos con calidad Agrol\u00f3gica baja, asociadas a potencial de energ\u00edas renovables no convencionales, potencial turistico y potencial de recursos naturales no renovables en tierras de protecci\u00f3n</h4><table border='1' cellpadding='4' style='border-collapse:collapse;font-size:12px;'><tr><td><b>OBJECTID:</b></td><td>53</td></tr><tr><td><b>ZEECODE:</b></td><td>45</td></tr><tr><td><b>ZEE:</b></td><td>Zonas aptas para pastos con calidad Agrol\u00f3gica baja, asociadas a potencial de energ\u00edas renovables no convencionales, potencial turistico y potencial de recursos naturales no renovables en tierras de protecci\u00f3n</td></tr><tr><td><b>ZEE_ZONAS:</b></td><td>Zonas aptas para pastos con calidad Agrol\u00f3gica baja, asociadas a potencial de energ\u00edas renovables no convencionales, potencial turistico y potencial d</td></tr><tr><td><b>ZEE_GRANDE:</b></td><td>Zonas Productivas</td></tr><tr><td><b>AREA:</b></td><td>1014728.149</td></tr><tr><td><b>PERIMETER:</b></td><td>12509.544</td></tr><tr><td><b>HECTARES:</b></td><td>101.473</td></tr></table></div>"},"geometry":{"type":"Polygon","coordinates":[[[-81.2886,-4.72767],[-81.28892,-4.72794],[-81.28967,-4.72704],[-81.29158,-4.72515],[-81.29161,-4.72512],[-81.29167,-4.72503],[-81.29285,-4.72355],[-81.29492,-4.72148],[-81.29547,-4.72103],[-81.29667,-4.71965],[-81.29716,-4.71918],[-81.29794,-4.71811],[-81.29827,-4.71766],[-81.2988,-4.71702],[-81.29998,-4.71564],[-81.30119,-4.71444],[-81.30248,-4.71298],[-81.30433,-4.71116],[-81.30509,-4.71018],[-81.30613,-4.70898],[-81.30678,-4.70822],[-81.30837,-4.70619],[-81.30987,-4.70453],[-81.31059,-4.7036],[-81.31224,-4.7017],[-81.31371,-4.70025],[-81.31415,-4.69981],[-81.31507,-4.69881],[-81.31522,-4.69861],[-81.31652,-4.69689],[-81.31794,-4.69524],[-81.31889,-4.69387],[-81.32355,-4.68794],[-81.32415,-4.68731],[-81.3242,-4.68726],[-81.32398,-4.68706],[-81.3239,-4.68698],[-81.32389,-4.68698],[-81.32389,-4.68697],[-81.3238,-4.68689],[-81.3236,-4.68672],[-81.32359,-4.68671],[-81.32357,-4.68669],[-81.32348,-4.68661],[-81.32329,-4.68645],[-81.32328,-4.68644],[-81.32318,-4.68636],[-81.32316,-4.68634],[-81.32298,-4.68619],[-81.32298,-4.68619],[-81.32285,-4.68608],[-81.32285,-4.68608],[-81.32267,-4.68594],[-81.32267,-4.68593],[-81.32264,-4.68591],[-81.32264,-4.68591],[-81.32257,-4.68599],[-81.32245,-4.68617],[-81.32231,-4.68635],[-81.32216,-4.68658],[-81.32207,-4.68672],[-81.32193,-4.68699],[-81.32185,-4.68714],[-81.32175,-4.68739],[-81.32161,-4.68767],[-81.32152,-4.68783],[-81.32137,-4.6881],[-81.32118,-4.68835],[-81.32108,-4.68851],[-81.32097,-4.68869],[-81.32087,-4.68881],[-81.32072,-4.68898],[-81.32063,-4.68911],[-81.32051,-4.68928],[-81.32042,-4.68939],[-81.32027,-4.68957],[-81.32013,-4.68973],[-81.31994,-4.68996],[-81.31984,-4.69006],[-81.31966,-4.69026],[-81.31954,-4.69038],[-81.31935,-4.69061],[-81.31917,-4.69083],[-81.31902,-4.69099],[-81.31891,-4.69112],[-81.31881,-4.69126],[-81.31859,-4.69153],[-81.31845,-4.69174],[-81.31836,-4.69189],[-81.31826,-4.69206],[-81.31817,-4.69219],[-81.31804,-4.69235],[-81.3179,-4.69255],[-81.31781,-4.69271],[-81.31771,-4.69287],[-81.31759,-4.69302],[-81.31752,-4.69316],[-81.31737,-4.69337],[-81.31724,-4.69357],[-81.31707,-4.69377],[-81.31695,-4.69391],[-81.31681,-4.69411],[-81.31657,-4.69443],[-81.3164,-4.69461],[-81.3163,-4.69473],[-81.31609,-4.69501],[-81.31595,-4.69524],[-81.31585,-4.69536],[-81.31574,-4.69551],[-81.31562,-4.69565],[-81.31543,-4.69589],[-81.31531,-4.69606],[-81.31514,-4.69624],[-81.31505,-4.69635],[-81.31491,-4.69653],[-81.31474,-4.69675],[-81.31462,-4.69689],[-81.3145,-4.697],[-81.31441,-4.69711],[-81.31424,-4.69727],[-81.31413,-4.69739],[-81.31387,-4.69763],[-81.31377,-4.69774],[-81.31361,-4.69787],[-81.31344,-4.69801],[-81.31328,-4.69816],[-81.31309,-4.69835],[-81.31292,-4.69851],[-81.31276,-4.69866],[-81.31257,-4.69882],[-81.31241,-4.699],[-81.31229,-4.69913],[-81.31212,-4.69931],[-81.31199,-4.69947],[-81.31182,-4.69965],[-81.31168,-4.69983],[-81.31154,-4.69999],[-81.31135,-4.70024],[-81.31125,-4.70037],[-81.31115,-4.70055],[-81.31106,-4.70073],[-81.31099,-4.7009],[-81.31091,-4.70105],[-81.31079,-4.70133],[-81.31077,-4.70149],[-81.31064,-4.70178],[-81.31057,-4.70195],[-81.31044,-4.70213],[-81.31035,-4.70226],[-81.31012,-4.70258],[-81.30993,-4.70282],[-81.30983,-4.70299],[-81.30969,-4.70314],[-81.30957,-4.70328],[-81.3094,-4.70343],[-81.30919,-4.70364],[-81.309,-4.70382],[-81.30881,-4.70402],[-81.30864,-4.70425],[-81.30855,-4.70438],[-81.30836,-4.70463],[-81.30826,-4.70479],[-81.30815,-4.70501],[-81.30812,-4.70506],[-81.30793,-4.7052],[-81.30777,-4.70538],[-81.30761,-4.70556],[-81.30739,-4.70576],[-81.30725,-4.70587],[-81.30697,-4.70609],[-81.30681,-4.70627],[-81.30661,-4.70643],[-81.30633,-4.70667],[-81.30622,-4.70679],[-81.30605,-4.70692],[-81.30594,-4.70703],[-81.30575,-4.70721],[-81.30558,-4.7074],[-81.30535,-4.70761],[-81.30525,-4.70775],[-81.30504,-4.708],[-81.3049,-4.70818],[-81.3048,-4.70832],[-81.30471,-4.70845],[-81.30447,-4.70877],[-81.30435,-4.70895],[-81.30426,-4.70906],[-81.30414,-4.70922],[-81.30394,-4.70949],[-81.30375,-4.70974],[-81.30373,-4.70977],[-81.30356,-4.70994],[-81.30347,-4.7101],[-81.30323,-4.71037],[-81.30314,-4.71048],[-81.303,-4.71069],[-81.3029,-4.71082],[-81.30271,-4.71102],[-81.30259,-4.71116],[-81.30238,-4.71141],[-81.30224,-4.71159],[-81.30214,-4.71172],[-81.30202,-4.71188],[-81.30185,-4.71208],[-81.30174,-4.71225],[-81.30155,-4.71244],[-81.30141,-4.71258],[-81.30131,-4.7127],[-81.30115,-4.71285],[-81.30098,-4.71301],[-81.30085,-4.71312],[-81.30056,-4.71334],[-81.3004,-4.71345],[-81.30024,-4.71359],[-81.30012,-4.71368],[-81.3,-4.71377],[-81.29986,-4.71387],[-81.29969,-4.71401],[-81.29947,-4.71416],[-81.29925,-4.71432],[-81.29912,-4.71444],[-81.29883,-4.71465],[-81.29864,-4.71483],[-81.29845,-4.71499],[-81.2982,-4.71521],[-81.29799,-4.71541],[-81.29784,-4.71558],[-81.29768,-4.71571],[-81.29756,-4.71582],[-81.29738,-4.71597],[-81.29718,-4.71616],[-81.29699,-4.71634],[-81.29681,-4.71654],[-81.29662,-4.71672],[-81.29638,-4.71697],[-81.29627,-4.71708],[-81.29612,-4.71723],[-81.29601,-4.71735],[-81.29586,-4.71749],[-81.29575,-4.71762],[-81.29556,-4.71778],[-81.29545,-4.71788],[-81.29528,-4.71809],[-81.29518,-4.7182],[-81.29509,-4.71834],[-81.29494,-4.71855],[-81.29485,-4.71865],[-81.29471,-4.71891],[-81.29456,-4.71913],[-81.29451,-4.71927],[-81.29439,-4.71945],[-81.29432,-4.71959],[-81.2942,-4.71978],[-81.2941,-4.71995],[-81.29398,-4.72016],[-81.29389,-4.72031],[-81.29377,-4.72047],[-81.2937,-4.72063],[-81.29355,-4.72083],[-81.29343,-4.72097],[-81.29329,-4.72108],[-81.2931,-4.72128],[-81.29297,-4.72144],[-81.29282,-4.72159],[-81.29268,-4.72176],[-81.29252,-4.72194],[-81.29239,-4.72207],[-81.29216,-4.72234],[-81.29202,-4.7225],[-81.29192,-4.72261],[-81.29178,-4.72277],[-81.29166,-4.72292],[-81.29152,-4.72306],[-81.2914,-4.7232],[-81.29122,-4.72338],[-81.29112,-4.72351],[-81.29098,-4.7236],[-81.29086,-4.72371],[-81.2907,-4.72385],[-81.29042,-4.72409],[-81.29023,-4.72425],[-81.28999,-4.72445],[-81.28985,-4.72454],[-81.28974,-4.72463],[-81.28957,-4.72476],[-81.28943,-4.72487],[-81.28927,-4.72502],[-81.28915,-4.72512],[-81.28885,-4.72534],[-81.28863,-4.72552],[-81.28852,-4.7256],[-81.28833,-4.72574],[-81.28824,-4.72586],[-81.28802,-4.72603],[-81.28791,-4.72615],[-81.28762,-4.72639],[-81.28746,-4.72657],[-81.28741,-4.72661],[-81.28754,-4.72673],[-81.28767,-4.72685],[-81.28785,-4.72701],[-81.28798,-4.72713],[-81.28817,-4.7273],[-81.28829,-4.7274],[-81.2885,-4.72759],[-81.2886,-4.72767]]]}},{"type":"Feature","properties":{"Name":"Zonas aptas para pastos con calidad Agrol\u00f3gica baja, asociadas a tierras de protecci\u00f3n","description":"<div style='font-family:sans-serif;'><h4>ZEE PIURA - Zonas aptas para pastos con calidad Agrol\u00f3gica baja, asociadas a tierras de protecci\u00f3n</h4><table border='1' cellpadding='4' style='border-collapse:collapse;font-size:12px;'><tr><td><b>OBJECTID:</b></td><td>54</td></tr><tr><td><b>ZEECODE:</b></td><td>50</td></tr><tr><td><b>ZEE:</b></td><td>Zonas aptas para pastos con calidad Agrol\u00f3gica baja, asociadas a tierras de protecci\u00f3n</td></tr><tr><td><b>ZEE_ZONAS:</b></td><td>Zonas aptas para pastos con calidad Agrol\u00f3gica baja, asociadas a tierras de protecci\u00f3n</td></tr><tr><td><b>ZEE_GRANDE:</b></td><td>Zonas Productivas</td></tr><tr><td><b>AREA:</b></td><td>1177830752.251</td></tr><tr><td><b>PERIMETER:</b></td><td>2635214.35</td></tr><tr><td><b>HECTARES:</b></td><td>117783.075</td></tr></table></div>"},"geometry":{"type":"Polygon","coordinates":[[[-80.6145,-6.03643],[-80.61485,-6.0392],[-80.61444,-6.03912],[-80.6142,-6.04024],[-80.61511,-6.0413],[-80.61486,-6.0463],[-80.61479,-6.04649],[-80.6142,-6.04664],[-80.61442,-6.04741],[-80.61302,-6.05094],[-80.61221,-6.05231],[-80.60935,-6.05706],[-80.60715,-6.06342],[-80.60678,-6.06813],[-80.60726,-6.0729],[-80.60811,-6.07408],[-80.61042,-6.0751],[-80.6108,-6.07612],[-80.61239,-6.07817],[-80.61257,-6.07937],[-80.61283,-6.08112],[-80.61245,-6.08107],[-80.61245,-6.08108],[-80.61202,-6.08221],[-80.61226,-6.0832],[-80.61216,-6.08353],[-80.61182,-6.08455],[-80.61022,-6.08581],[-80.60906,-6.08715],[-80.60874,-6.08752],[-80.60875,-6.08766],[-80.60885,-6.08854],[-80.60988,-6.0898],[-80.6101,-6.09037],[-80.6101,-6.09083],[-80.60885,-6.09208],[-80.60896,-6.09299],[-80.60919,-6.09413],[-80.60942,-6.09584],[-80.60939,-6.09593],[-80.60907,-6.09687],[-80.60691,-6.09778],[-80.60655,-6.09758],[-80.60588,-6.09721],[-80.60474,-6.09675],[-80.60452,-6.09572],[-80.60475,-6.09436],[-80.6052,-6.09322],[-80.60475,-6.09185],[-80.60475,-6.09025],[-80.60441,-6.08843],[-80.60407,-6.08751],[-80.60259,-6.08671],[-80.60168,-6.08706],[-80.60133,-6.08751],[-80.60213,-6.08877],[-80.60247,-6.09048],[-80.60179,-6.0915],[-80.60076,-6.09116],[-80.59985,-6.09059],[-80.59882,-6.09059],[-80.59848,-6.09013],[-80.59791,-6.08968],[-80.59735,-6.08876],[-80.59666,-6.08751],[-80.59621,-6.08739],[-80.59598,-6.08831],[-80.59529,-6.08853],[-80.59438,-6.08785],[-80.59347,-6.08865],[-80.59256,-6.08967],[-80.5929,-6.09096],[-80.59301,-6.09138],[-80.59313,-6.09549],[-80.59335,-6.09743],[-80.59358,-6.09925],[-80.59608,-6.10096],[-80.59893,-6.10131],[-80.60026,-6.10138],[-80.60098,-6.10142],[-80.60158,-6.10181],[-80.60167,-6.10187],[-80.60258,-6.10245],[-80.60406,-6.10325],[-80.60474,-6.10656],[-80.60421,-6.10768],[-80.60382,-6.1085],[-80.6039,-6.11151],[-80.60955,-6.11902],[-80.61112,-6.12204],[-80.61133,-6.12207],[-80.61259,-6.1215],[-80.61268,-6.12065],[-80.61272,-6.12034],[-80.61278,-6.11975],[-80.61282,-6.11945],[-80.61361,-6.11899],[-80.61521,-6.119],[-80.61749,-6.11843],[-80.61787,-6.1186],[-80.61843,-6.11886],[-80.61874,-6.119],[-80.61864,-6.11994],[-80.61863,-6.12],[-80.61863,-6.12002],[-80.61865,-6.12004],[-80.61865,-6.12004],[-80.61931,-6.12059],[-80.61908,-6.12099],[-80.61855,-6.1219],[-80.61851,-6.12196],[-80.61714,-6.12299],[-80.616,-6.12436],[-80.6168,-6.12595],[-80.61657,-6.12709],[-80.61629,-6.12746],[-80.61554,-6.12846],[-80.6156,-6.12984],[-80.61689,-6.13199],[-80.61763,-6.13323],[-80.62078,-6.13848],[-80.62787,-6.14246],[-80.62991,-6.14345],[-80.63398,-6.1454],[-80.6342,-6.14566],[-80.63629,-6.14812],[-80.63729,-6.14832],[-80.63794,-6.14897],[-80.639,-6.15003],[-80.641,-6.15136],[-80.64173,-6.15186],[-80.64207,-6.15357],[-80.64128,-6.15482],[-80.64036,-6.15516],[-80.63938,-6.15528],[-80.63763,-6.1555],[-80.63702,-6.15568],[-80.63603,-6.15596],[-80.63427,-6.15696],[-80.63364,-6.15732],[-80.6333,-6.15778],[-80.63318,-6.15938],[-80.63308,-6.15984],[-80.63284,-6.16097],[-80.6325,-6.16166],[-80.63227,-6.16314],[-80.63375,-6.16428],[-80.63477,-6.16451],[-80.63546,-6.16599],[-80.6391,-6.16531],[-80.6415,-6.16394],[-80.64366,-6.1636],[-80.64605,-6.16372],[-80.64776,-6.16349],[-80.64918,-6.16273],[-80.64925,-6.16269],[-80.65084,-6.16281],[-80.65091,-6.1628],[-80.65266,-6.1627],[-80.65388,-6.16282],[-80.65404,-6.16283],[-80.65494,-6.16293],[-80.65711,-6.16247],[-80.65905,-6.16042],[-80.6594,-6.15918],[-80.66086,-6.15851],[-80.6627,-6.15546],[-80.66307,-6.15484],[-80.66258,-6.15056],[-80.66178,-6.14913],[-80.66156,-6.14913],[-80.66053,-6.14913],[-80.65974,-6.14993],[-80.65917,-6.1497],[-80.6586,-6.14959],[-80.65848,-6.1489],[-80.6578,-6.14787],[-80.6578,-6.14639],[-80.65803,-6.14397],[-80.65737,-6.14222],[-80.65735,-6.14217],[-80.65644,-6.14183],[-80.65598,-6.14103],[-80.65518,-6.14023],[-80.65501,-6.14016],[-80.65405,-6.13978],[-80.65378,-6.13915],[-80.6537,-6.13898],[-80.65302,-6.13886],[-80.65268,-6.13955],[-80.65302,-6.14149],[-80.65304,-6.14155],[-80.65222,-6.14308],[-80.65074,-6.14445],[-80.65028,-6.14536],[-80.64948,-6.14684],[-80.6488,-6.1465],[-80.64841,-6.14552],[-80.64835,-6.14536],[-80.64833,-6.14534],[-80.64794,-6.14475],[-80.64766,-6.14433],[-80.6475,-6.14362],[-80.64721,-6.14228],[-80.64724,-6.14216],[-80.64743,-6.14255],[-80.64755,-6.14253],[-80.6491,-6.14232],[-80.64926,-6.14094],[-80.64889,-6.14079],[-80.64884,-6.14074],[-80.64903,-6.14068],[-80.64924,-6.14029],[-80.64983,-6.1392],[-80.64949,-6.13795],[-80.64847,-6.13681],[-80.64746,-6.13571],[-80.64721,-6.13544],[-80.64744,-6.13236],[-80.64653,-6.13099],[-80.64608,-6.13156],[-80.64524,-6.13125],[-80.64515,-6.13106],[-80.64505,-6.12951],[-80.64501,-6.12937],[-80.6446,-6.12814],[-80.643,-6.127],[-80.64221,-6.12643],[-80.64198,-6.12517],[-80.64205,-6.12485],[-80.64232,-6.12358],[-80.64335,-6.12118],[-80.64396,-6.11973],[-80.64447,-6.11848],[-80.64472,-6.11833],[-80.64489,-6.11819],[-80.64506,-6.11805],[-80.64507,-6.11805],[-80.64515,-6.11813],[-80.64528,-6.11826],[-80.64757,-6.11804],[-80.64719,-6.11527],[-80.64686,-6.11505],[-80.647,-6.11411],[-80.64707,-6.11381],[-80.64746,-6.11229],[-80.64782,-6.11129],[-80.64825,-6.11012],[-80.6494,-6.1083],[-80.64941,-6.1082],[-80.64962,-6.10705],[-80.65156,-6.10442],[-80.65327,-6.10363],[-80.65339,-6.1018],[-80.65407,-6.10009],[-80.65396,-6.09861],[-80.65487,-6.09781],[-80.65607,-6.0961],[-80.65721,-6.09496],[-80.65744,-6.09337],[-80.65664,-6.09234],[-80.6555,-6.09051],[-80.65482,-6.08812],[-80.65425,-6.08652],[-80.65402,-6.08515],[-80.65357,-6.08264],[-80.65357,-6.08196],[-80.65289,-6.08048],[-80.65232,-6.07956],[-80.65209,-6.07751],[-80.65209,-6.07592],[-80.65209,-6.07504],[-80.65209,-6.07443],[-80.65164,-6.07272],[-80.6515,-6.07234],[-80.65107,-6.07113],[-80.65016,-6.06998],[-80.64993,-6.06839],[-80.6505,-6.06645],[-80.65096,-6.06451],[-80.65176,-6.06234],[-80.65222,-6.06006],[-80.65224,-6.05973],[-80.65233,-6.0579],[-80.65154,-6.05539],[-80.65132,-6.05512],[-80.64994,-6.05345],[-80.64915,-6.05162],[-80.64848,-6.05168],[-80.64778,-6.05174],[-80.64732,-6.05333],[-80.64652,-6.0555],[-80.64743,-6.05732],[-80.64777,-6.0612],[-80.64789,-6.06485],[-80.64787,-6.06519],[-80.64777,-6.06736],[-80.64583,-6.0685],[-80.64481,-6.0685],[-80.64435,-6.07032],[-80.64446,-6.07146],[-80.6456,-6.07409],[-80.64537,-6.07568],[-80.64571,-6.0791],[-80.64503,-6.08116],[-80.64491,-6.08287],[-80.64389,-6.08309],[-80.64343,-6.08184],[-80.6432,-6.08093],[-80.64252,-6.08036],[-80.64218,-6.08104],[-80.64218,-6.08332],[-80.6424,-6.08503],[-80.64183,-6.08629],[-80.64091,-6.08714],[-80.64047,-6.08754],[-80.63913,-6.08816],[-80.63876,-6.08834],[-80.63839,-6.08834],[-80.63842,-6.08803],[-80.6371,-6.08879],[-80.63425,-6.0889],[-80.63414,-6.0889],[-80.63357,-6.08845],[-80.63243,-6.08833],[-80.63198,-6.08799],[-80.63141,-6.08816],[-80.63084,-6.08833],[-80.63016,-6.08685],[-80.62799,-6.08707],[-80.62662,-6.08707],[-80.62563,-6.08695],[-80.62557,-6.0863],[-80.62551,-6.08559],[-80.62498,-6.07934],[-80.62612,-6.07517],[-80.62612,-6.07516],[-80.62645,-6.07396],[-80.62682,-6.07261],[-80.62646,-6.06503],[-80.62622,-6.06001],[-80.62697,-6.05408],[-80.6272,-6.05486],[-80.62763,-6.05552],[-80.62768,-6.05551],[-80.62768,-6.05546],[-80.62769,-6.05516],[-80.6277,-6.05484],[-80.62771,-6.05452],[-80.62776,-6.05417],[-80.62781,-6.05374],[-80.62787,-6.05351],[-80.62794,-6.05326],[-80.62795,-6.05325],[-80.62781,-6.05314],[-80.62719,-6.05238],[-80.62757,-6.04936],[-80.62684,-6.04306],[-80.6233,-6.03694],[-80.61976,-6.03388],[-80.61573,-6.03143],[-80.61384,-6.03133],[-80.61389,-6.03155],[-80.6145,-6.03643]]]}},{"type":"Feature","properties":{"Name":"Zonas aptas para pastos con calidad Agrol\u00f3gica baja, asociadas a zonas aptas para cultivos en limpio","description":"<div style='font-family:sans-serif;'><h4>ZEE PIURA - Zonas aptas para pastos con calidad Agrol\u00f3gica baja, asociadas a zonas aptas para cultivos en limpio</h4><table border='1' cellpadding='4' style='border-collapse:collapse;font-size:12px;'><tr><td><b>OBJECTID:</b></td><td>55</td></tr><tr><td><b>ZEECODE:</b></td><td>51</td></tr><tr><td><b>ZEE:</b></td><td>Zonas aptas para pastos con calidad Agrol\u00f3gica baja, asociadas a zonas aptas para cultivos en limpio</td></tr><tr><td><b>ZEE_ZONAS:</b></td><td>Zonas aptas para pastos con calidad Agrol\u00f3gica baja, asociadas a zonas aptas para cultivos en limpio</td></tr><tr><td><b>ZEE_GRANDE:</b></td><td>Zonas Productivas</td></tr><tr><td><b>AREA:</b></td><td>125903955.719</td></tr><tr><td><b>PERIMETER:</b></td><td>269880.385</td></tr><tr><td><b>HECTARES:</b></td><td>12590.396</td></tr></table></div>"},"geometry":{"type":"Polygon","coordinates":[[[-80.848,-6.11573],[-80.84797,-6.11582],[-80.84853,-6.11579],[-80.84852,-6.11578],[-80.8483,-6.11573],[-80.84802,-6.11573],[-80.848,-6.11573]]]}},{"type":"Feature","properties":{"Name":"Zonas aptas para pastos con calidad Agrol\u00f3gica baja, asociadas a zonas aptas para cultivos en limpio, potencial de energ\u00edas renovables no convencionalesy potencial de recursos naturales no renovables","description":"<div style='font-family:sans-serif;'><h4>ZEE PIURA - Zonas aptas para pastos con calidad Agrol\u00f3gica baja, asociadas a zonas aptas para cultivos en limpio, potencial de energ\u00edas renovables no convencionalesy potencial de recursos naturales no renovables</h4><table border='1' cellpadding='4' style='border-collapse:collapse;font-size:12px;'><tr><td><b>OBJECTID:</b></td><td>56</td></tr><tr><td><b>ZEECODE:</b></td><td>53</td></tr><tr><td><b>ZEE:</b></td><td>Zonas aptas para pastos con calidad Agrol\u00f3gica baja, asociadas a zonas aptas para cultivos en limpio, potencial de energ\u00edas renovables no convencionalesy potencial de recursos naturales no renovables</td></tr><tr><td><b>ZEE_ZONAS:</b></td><td>Zonas aptas para pastos con calidad Agrol\u00f3gica baja, asociadas a zonas aptas para cultivos en limpio, potencial de energ\u00edas renovables no convencional</td></tr><tr><td><b>ZEE_GRANDE:</b></td><td>Zonas Productivas</td></tr><tr><td><b>AREA:</b></td><td>13418496.786</td></tr><tr><td><b>PERIMETER:</b></td><td>44832.702</td></tr><tr><td><b>HECTARES:</b></td><td>1341.85</td></tr></table></div>"},"geometry":{"type":"Polygon","coordinates":[[[-80.67837,-5.72274],[-80.67757,-5.7229],[-80.67675,-5.72272],[-80.67597,-5.72268],[-80.67581,-5.72268],[-80.67521,-5.72268],[-80.67438,-5.72244],[-80.67369,-5.72168],[-80.67328,-5.72155],[-80.67222,-5.72158],[-80.6709,-5.72095],[-80.67022,-5.72056],[-80.66949,-5.72014],[-80.66944,-5.72008],[-80.66671,-5.72208],[-80.66461,-5.72362],[-80.66525,-5.72454],[-80.66653,-5.72639],[-80.66732,-5.72753],[-80.67168,-5.7338],[-80.67245,-5.73491],[-80.67369,-5.73669],[-80.67392,-5.73702],[-80.67503,-5.73862],[-80.67636,-5.7397],[-80.67642,-5.73959],[-80.67676,-5.73918],[-80.67712,-5.73874],[-80.67773,-5.73803],[-80.67851,-5.73699],[-80.67881,-5.73657],[-80.67903,-5.7359],[-80.67929,-5.73512],[-80.67929,-5.7342],[-80.67885,-5.73287],[-80.67869,-5.73037],[-80.67889,-5.72885],[-80.67937,-5.72775],[-80.68074,-5.72677],[-80.68301,-5.72572],[-80.68391,-5.72504],[-80.68411,-5.72469],[-80.68478,-5.72348],[-80.68539,-5.72232],[-80.68635,-5.72102],[-80.68738,-5.72019],[-80.68756,-5.72004],[-80.68893,-5.71937],[-80.69205,-5.71829],[-80.69238,-5.71814],[-80.69336,-5.71768],[-80.69426,-5.71686],[-80.69504,-5.71567],[-80.6953,-5.71475],[-80.69493,-5.71241],[-80.69487,-5.71052],[-80.6949,-5.70881],[-80.69488,-5.70772],[-80.69488,-5.7074],[-80.69434,-5.70577],[-80.69358,-5.70416],[-80.69278,-5.7038],[-80.692,-5.70403],[-80.69132,-5.70436],[-80.69037,-5.70486],[-80.68976,-5.70618],[-80.68911,-5.7079],[-80.68859,-5.7094],[-80.68794,-5.71053],[-80.68726,-5.71142],[-80.68676,-5.71255],[-80.68646,-5.71401],[-80.68594,-5.71517],[-80.68526,-5.71631],[-80.68472,-5.71735],[-80.68402,-5.71848],[-80.68354,-5.71929],[-80.68295,-5.71986],[-80.68202,-5.72045],[-80.68122,-5.72105],[-80.68033,-5.72183],[-80.67944,-5.7224],[-80.67837,-5.72274]]]}},{"type":"Feature","properties":{"Name":"Zonas aptas para pastos con calidad Agrol\u00f3gica baja, asociadas a zonas aptas para cultivos en limpio y potencial turistico","description":"<div style='font-family:sans-serif;'><h4>ZEE PIURA - Zonas aptas para pastos con calidad Agrol\u00f3gica baja, asociadas a zonas aptas para cultivos en limpio y potencial turistico</h4><table border='1' cellpadding='4' style='border-collapse:collapse;font-size:12px;'><tr><td><b>OBJECTID:</b></td><td>57</td></tr><tr><td><b>ZEECODE:</b></td><td>52</td></tr><tr><td><b>ZEE:</b></td><td>Zonas aptas para pastos con calidad Agrol\u00f3gica baja, asociadas a zonas aptas para cultivos en limpio y potencial turistico</td></tr><tr><td><b>ZEE_ZONAS:</b></td><td>Zonas aptas para pastos con calidad Agrol\u00f3gica baja, asociadas a zonas aptas para cultivos en limpio y potencial turistico</td></tr><tr><td><b>ZEE_GRANDE:</b></td><td>Zonas Productivas</td></tr><tr><td><b>AREA:</b></td><td>1628126.703</td></tr><tr><td><b>PERIMETER:</b></td><td>10541.528</td></tr><tr><td><b>HECTARES:</b></td><td>162.813</td></tr></table></div>"},"geometry":{"type":"Polygon","coordinates":[[[-80.00247,-4.63069],[-80.00261,-4.63077],[-80.01343,-4.62673],[-80.01288,-4.6266],[-80.01277,-4.62658],[-80.01187,-4.62641],[-80.00969,-4.62626],[-80.00768,-4.62612],[-80.00627,-4.62606],[-80.00511,-4.62606],[-80.00425,-4.62612],[-80.00368,-4.62616],[-80.00239,-4.62645],[-80.00106,-4.6267],[-79.99956,-4.62711],[-79.99875,-4.62748],[-79.99931,-4.62866],[-79.99978,-4.62933],[-80.00023,-4.62978],[-80.00071,-4.63007],[-80.00155,-4.63032],[-80.00247,-4.63069]]]}},{"type":"Feature","properties":{"Name":"Zonas aptas para pastos con calidad Agrol\u00f3gica baja, asociadas a zonas aptas para cultivos permanentes","description":"<div style='font-family:sans-serif;'><h4>ZEE PIURA - Zonas aptas para pastos con calidad Agrol\u00f3gica baja, asociadas a zonas aptas para cultivos permanentes</h4><table border='1' cellpadding='4' style='border-collapse:collapse;font-size:12px;'><tr><td><b>OBJECTID:</b></td><td>58</td></tr><tr><td><b>ZEECODE:</b></td><td>54</td></tr><tr><td><b>ZEE:</b></td><td>Zonas aptas para pastos con calidad Agrol\u00f3gica baja, asociadas a zonas aptas para cultivos permanentes</td></tr><tr><td><b>ZEE_ZONAS:</b></td><td>Zonas aptas para pastos con calidad Agrol\u00f3gica baja, asociadas a zonas aptas para cultivos permanentes</td></tr><tr><td><b>ZEE_GRANDE:</b></td><td>Zonas Productivas</td></tr><tr><td><b>AREA:</b></td><td>265286905.175</td></tr><tr><td><b>PERIMETER:</b></td><td>465141.526</td></tr><tr><td><b>HECTARES:</b></td><td>26528.691</td></tr></table></div>"},"geometry":{"type":"Polygon","coordinates":[[[-80.61387,-6.34692],[-80.61234,-6.34785],[-80.61129,-6.34777],[-80.61124,-6.34776],[-80.6112,-6.34776],[-80.6112,-6.34886],[-80.61126,-6.34894],[-80.61661,-6.35666],[-80.61748,-6.35792],[-80.61822,-6.35899],[-80.61993,-6.36146],[-80.61993,-6.36146],[-80.62165,-6.36133],[-80.62375,-6.36161],[-80.62419,-6.36167],[-80.62606,-6.36065],[-80.62716,-6.35989],[-80.62792,-6.35989],[-80.6297,-6.35955],[-80.63097,-6.3593],[-80.63249,-6.35896],[-80.63359,-6.35896],[-80.6347,-6.35812],[-80.63537,-6.3571],[-80.63656,-6.35524],[-80.63775,-6.35439],[-80.6391,-6.35321],[-80.63809,-6.3521],[-80.638,-6.35209],[-80.6376,-6.35203],[-80.63699,-6.35193],[-80.6347,-6.35202],[-80.63403,-6.35173],[-80.63292,-6.35125],[-80.63216,-6.35007],[-80.63064,-6.34989],[-80.62953,-6.35074],[-80.62852,-6.35201],[-80.62632,-6.3526],[-80.6253,-6.35345],[-80.62199,-6.35429],[-80.62055,-6.35455],[-80.61928,-6.35353],[-80.61886,-6.35277],[-80.61793,-6.35277],[-80.61734,-6.35226],[-80.61759,-6.3515],[-80.61776,-6.35099],[-80.61768,-6.35014],[-80.61666,-6.35039],[-80.61556,-6.3498],[-80.61573,-6.3487],[-80.61582,-6.34802],[-80.61573,-6.34683],[-80.61551,-6.34666],[-80.61506,-6.34632],[-80.61387,-6.34692]]]}},{"type":"Feature","properties":{"Name":"Zonas aptas para pastos con calidad Agrol\u00f3gica baja, asociadas a zonas aptas para cultivos permanentes y potencial de energ\u00edas renovables no convencionales","description":"<div style='font-family:sans-serif;'><h4>ZEE PIURA - Zonas aptas para pastos con calidad Agrol\u00f3gica baja, asociadas a zonas aptas para cultivos permanentes y potencial de energ\u00edas renovables no convencionales</h4><table border='1' cellpadding='4' style='border-collapse:collapse;font-size:12px;'><tr><td><b>OBJECTID:</b></td><td>59</td></tr><tr><td><b>ZEECODE:</b></td><td>55</td></tr><tr><td><b>ZEE:</b></td><td>Zonas aptas para pastos con calidad Agrol\u00f3gica baja, asociadas a zonas aptas para cultivos permanentes y potencial de energ\u00edas renovables no convencionales</td></tr><tr><td><b>ZEE_ZONAS:</b></td><td>Zonas aptas para pastos con calidad Agrol\u00f3gica baja, asociadas a zonas aptas para cultivos permanentes y potencial de energ\u00edas renovables no convencio</td></tr><tr><td><b>ZEE_GRANDE:</b></td><td>Zonas Productivas</td></tr><tr><td><b>AREA:</b></td><td>2820110.665</td></tr><tr><td><b>PERIMETER:</b></td><td>15494.057</td></tr><tr><td><b>HECTARES:</b></td><td>282.011</td></tr></table></div>"},"geometry":{"type":"Polygon","coordinates":[[[-79.50808,-5.34843],[-79.5085,-5.35034],[-79.50926,-5.35198],[-79.5098,-5.35091],[-79.50975,-5.35084],[-79.50955,-5.35003],[-79.50965,-5.34933],[-79.50972,-5.34917],[-79.50934,-5.34872],[-79.50892,-5.34859],[-79.50853,-5.34868],[-79.50808,-5.34843]]]}},{"type":"Feature","properties":{"Name":"Zonas aptas para pastos con calidad Agrol\u00f3gica baja, asociadas a zonas aptas para cultivos permanentes, potencial de energ\u00edas renovables no convencionales y potencial de recursos naturales no renovables","description":"<div style='font-family:sans-serif;'><h4>ZEE PIURA - Zonas aptas para pastos con calidad Agrol\u00f3gica baja, asociadas a zonas aptas para cultivos permanentes, potencial de energ\u00edas renovables no convencionales y potencial de recursos naturales no renovables</h4><table border='1' cellpadding='4' style='border-collapse:collapse;font-size:12px;'><tr><td><b>OBJECTID:</b></td><td>60</td></tr><tr><td><b>ZEECODE:</b></td><td>57</td></tr><tr><td><b>ZEE:</b></td><td>Zonas aptas para pastos con calidad Agrol\u00f3gica baja, asociadas a zonas aptas para cultivos permanentes, potencial de energ\u00edas renovables no convencionales y potencial de recursos naturales no renovables</td></tr><tr><td><b>ZEE_ZONAS:</b></td><td>Zonas aptas para pastos con calidad Agrol\u00f3gica baja, asociadas a zonas aptas para cultivos permanentes, potencial de energ\u00edas renovables no convencion</td></tr><tr><td><b>ZEE_GRANDE:</b></td><td>Zonas Productivas</td></tr><tr><td><b>AREA:</b></td><td>1184407.383</td></tr><tr><td><b>PERIMETER:</b></td><td>4612.504</td></tr><tr><td><b>HECTARES:</b></td><td>118.441</td></tr></table></div>"},"geometry":{"type":"Polygon","coordinates":[[[-81.11763,-5.12905],[-81.11776,-5.12939],[-81.1178,-5.12941],[-81.11784,-5.12939],[-81.11785,-5.12942],[-81.11796,-5.12946],[-81.11796,-5.12946],[-81.11865,-5.13043],[-81.11868,-5.13079],[-81.1184,-5.13115],[-81.11843,-5.13125],[-81.12022,-5.13221],[-81.12226,-5.13227],[-81.12259,-5.13215],[-81.12236,-5.13173],[-81.12273,-5.13149],[-81.12288,-5.13114],[-81.12283,-5.1305],[-81.12291,-5.13013],[-81.12343,-5.13042],[-81.12368,-5.13098],[-81.12388,-5.13164],[-81.12456,-5.13138],[-81.12632,-5.13043],[-81.12632,-5.13001],[-81.12632,-5.12953],[-81.12632,-5.12747],[-81.12632,-5.12239],[-81.12632,-5.12189],[-81.12632,-5.12063],[-81.12465,-5.12063],[-81.1236,-5.12063],[-81.12069,-5.12063],[-81.11729,-5.12063],[-81.11729,-5.12525],[-81.11729,-5.12854],[-81.11734,-5.12858],[-81.11763,-5.12905]]]}},{"type":"Feature","properties":{"Name":"Zonas aptas para pastos con calidad Agrol\u00f3gica baja, asociadas a zonas aptas para cultivos permanentes, potencial de energ\u00edas renovables no convencionales y potencial turistico","description":"<div style='font-family:sans-serif;'><h4>ZEE PIURA - Zonas aptas para pastos con calidad Agrol\u00f3gica baja, asociadas a zonas aptas para cultivos permanentes, potencial de energ\u00edas renovables no convencionales y potencial turistico</h4><table border='1' cellpadding='4' style='border-collapse:collapse;font-size:12px;'><tr><td><b>OBJECTID:</b></td><td>61</td></tr><tr><td><b>ZEECODE:</b></td><td>58</td></tr><tr><td><b>ZEE:</b></td><td>Zonas aptas para pastos con calidad Agrol\u00f3gica baja, asociadas a zonas aptas para cultivos permanentes, potencial de energ\u00edas renovables no convencionales y potencial turistico</td></tr><tr><td><b>ZEE_ZONAS:</b></td><td>Zonas aptas para pastos con calidad Agrol\u00f3gica baja, asociadas a zonas aptas para cultivos permanentes, potencial de energ\u00edas renovables no convencion</td></tr><tr><td><b>ZEE_GRANDE:</b></td><td>Zonas Productivas</td></tr><tr><td><b>AREA:</b></td><td>13840873.131</td></tr><tr><td><b>PERIMETER:</b></td><td>33631.154</td></tr><tr><td><b>HECTARES:</b></td><td>1384.087</td></tr></table></div>"},"geometry":{"type":"Polygon","coordinates":[[[-81.2918,-4.68405],[-81.29173,-4.68409],[-81.29173,-4.68409],[-81.29165,-4.68414],[-81.29153,-4.68421],[-81.29144,-4.68427],[-81.29137,-4.68432],[-81.29129,-4.68437],[-81.2912,-4.68443],[-81.2911,-4.68449],[-81.291,-4.68456],[-81.29092,-4.68461],[-81.29084,-4.68467],[-81.29074,-4.68473],[-81.29064,-4.6848],[-81.29057,-4.68486],[-81.29049,-4.68491],[-81.29039,-4.68498],[-81.29029,-4.68505],[-81.29021,-4.68511],[-81.29013,-4.68516],[-81.29003,-4.68524],[-81.28993,-4.68531],[-81.28986,-4.68536],[-81.28979,-4.68542],[-81.28969,-4.6855],[-81.28959,-4.68557],[-81.28952,-4.68563],[-81.28944,-4.68568],[-81.28934,-4.68576],[-81.28924,-4.68584],[-81.28917,-4.68589],[-81.2891,-4.68595],[-81.289,-4.68603],[-81.2889,-4.68611],[-81.28884,-4.68617],[-81.28877,-4.68622],[-81.28867,-4.68631],[-81.28857,-4.68639],[-81.2885,-4.68645],[-81.28844,-4.6865],[-81.28834,-4.68659],[-81.28824,-4.68667],[-81.28818,-4.68673],[-81.28811,-4.68679],[-81.28801,-4.68688],[-81.28791,-4.68696],[-81.28785,-4.68702],[-81.28779,-4.68708],[-81.28769,-4.68717],[-81.28759,-4.68725],[-81.28753,-4.68731],[-81.28747,-4.68737],[-81.28737,-4.68746],[-81.28728,-4.68755],[-81.28722,-4.68761],[-81.28716,-4.68767],[-81.28706,-4.68777],[-81.28697,-4.68786],[-81.28691,-4.68792],[-81.28685,-4.68798],[-81.28675,-4.68807],[-81.28666,-4.68817],[-81.2866,-4.68823],[-81.28655,-4.68829],[-81.28645,-4.68839],[-81.28636,-4.68848],[-81.28631,-4.68854],[-81.28625,-4.6886],[-81.28616,-4.6887],[-81.28606,-4.6888],[-81.28601,-4.68886],[-81.28596,-4.68892],[-81.28586,-4.68902],[-81.28577,-4.68913],[-81.28572,-4.68918],[-81.28567,-4.68924],[-81.28558,-4.68935],[-81.28549,-4.68945],[-81.28544,-4.68951],[-81.28539,-4.68957],[-81.2853,-4.68968],[-81.28521,-4.68979],[-81.28516,-4.68985],[-81.28511,-4.6899],[-81.28502,-4.69002],[-81.28493,-4.69012],[-81.28489,-4.69018],[-81.28484,-4.69024],[-81.28475,-4.69036],[-81.28466,-4.69047],[-81.28462,-4.69052],[-81.28457,-4.69058],[-81.28449,-4.6907],[-81.2844,-4.69081],[-81.28436,-4.69087],[-81.28431,-4.69093],[-81.28423,-4.69105],[-81.28414,-4.69116],[-81.2841,-4.69122],[-81.28406,-4.69128],[-81.28397,-4.6914],[-81.28389,-4.69152],[-81.28385,-4.69157],[-81.28381,-4.69163],[-81.28373,-4.69176],[-81.28364,-4.69188],[-81.28361,-4.69193],[-81.28357,-4.69199],[-81.28348,-4.69212],[-81.2834,-4.69224],[-81.28337,-4.69229],[-81.28333,-4.69235],[-81.28325,-4.69248],[-81.28317,-4.69261],[-81.28313,-4.69266],[-81.2831,-4.69271],[-81.28302,-4.69285],[-81.28294,-4.69298],[-81.28291,-4.69303],[-81.28287,-4.69308],[-81.28279,-4.69322],[-81.28271,-4.69335],[-81.28268,-4.6934],[-81.28265,-4.69345],[-81.28257,-4.69359],[-81.2825,-4.69373],[-81.28247,-4.69378],[-81.28244,-4.69383],[-81.28236,-4.69397],[-81.28229,-4.69411],[-81.28226,-4.69416],[-81.28223,-4.69421],[-81.28215,-4.69436],[-81.28208,-4.69449],[-81.28206,-4.69454],[-81.28203,-4.69459],[-81.28195,-4.69474],[-81.28188,-4.69488],[-81.28186,-4.69493],[-81.28183,-4.69498],[-81.28176,-4.69513],[-81.28169,-4.69527],[-81.28167,-4.69532],[-81.28165,-4.69537],[-81.28157,-4.69552],[-81.2815,-4.69567],[-81.28148,-4.69571],[-81.28146,-4.69576],[-81.28139,-4.69591],[-81.28132,-4.69606],[-81.28131,-4.69611],[-81.28129,-4.69615],[-81.28129,-4.69615],[-81.28122,-4.69631],[-81.28113,-4.69651],[-81.28105,-4.69671],[-81.28098,-4.69687],[-81.28405,-4.69849],[-81.28426,-4.6987],[-81.2866,-4.70105],[-81.28822,-4.70267],[-81.29327,-4.70465],[-81.29634,-4.70201],[-81.29706,-4.69975],[-81.2974,-4.69866],[-81.29744,-4.69854],[-81.29761,-4.69801],[-81.29787,-4.69716],[-81.29842,-4.69518],[-81.29823,-4.69472],[-81.29757,-4.69353],[-81.29752,-4.69099],[-81.29714,-4.68922],[-81.29637,-4.68938],[-81.29602,-4.68945],[-81.2959,-4.68876],[-81.29573,-4.68828],[-81.29535,-4.68752],[-81.29528,-4.68735],[-81.29519,-4.68714],[-81.29509,-4.68691],[-81.29497,-4.6867],[-81.29493,-4.68651],[-81.29489,-4.68636],[-81.29487,-4.6863],[-81.29487,-4.68617],[-81.29483,-4.68596],[-81.29483,-4.6858],[-81.29484,-4.68556],[-81.29481,-4.6854],[-81.29458,-4.68515],[-81.29407,-4.6846],[-81.2938,-4.68292],[-81.2937,-4.68298],[-81.29352,-4.68307],[-81.29335,-4.68316],[-81.29317,-4.68325],[-81.293,-4.68335],[-81.29283,-4.68344],[-81.29265,-4.68354],[-81.29248,-4.68364],[-81.29231,-4.68374],[-81.29214,-4.68384],[-81.29197,-4.68394],[-81.2918,-4.68405]]]}},{"type":"Feature","properties":{"Name":"Zonas aptas para pastos con calidad Agrol\u00f3gica baja, asociadas a zonas aptas para cultivos permanentes, potencial de energ\u00edas renovables no convencionales, potencial turistico y potencial de recursos naturales no renovables","description":"<div style='font-family:sans-serif;'><h4>ZEE PIURA - Zonas aptas para pastos con calidad Agrol\u00f3gica baja, asociadas a zonas aptas para cultivos permanentes, potencial de energ\u00edas renovables no convencionales, potencial turistico y potencial de recursos naturales no renovables</h4><table border='1' cellpadding='4' style='border-collapse:collapse;font-size:12px;'><tr><td><b>OBJECTID:</b></td><td>62</td></tr><tr><td><b>ZEECODE:</b></td><td>59</td></tr><tr><td><b>ZEE:</b></td><td>Zonas aptas para pastos con calidad Agrol\u00f3gica baja, asociadas a zonas aptas para cultivos permanentes, potencial de energ\u00edas renovables no convencionales, potencial turistico y potencial de recursos naturales no renovables</td></tr><tr><td><b>ZEE_ZONAS:</b></td><td>Zonas aptas para pastos con calidad Agrol\u00f3gica baja, asociadas a zonas aptas para cultivos permanentes, potencial de energ\u00edas renovables no convencion</td></tr><tr><td><b>ZEE_GRANDE:</b></td><td>Zonas Productivas</td></tr><tr><td><b>AREA:</b></td><td>1542671.871</td></tr><tr><td><b>PERIMETER:</b></td><td>15411.861</td></tr><tr><td><b>HECTARES:</b></td><td>154.267</td></tr></table></div>"},"geometry":{"type":"Polygon","coordinates":[[[-80.87265,-5.7973],[-80.87261,-5.79734],[-80.87252,-5.7967],[-80.87241,-5.7964],[-80.87238,-5.79649],[-80.87235,-5.79675],[-80.87228,-5.79704],[-80.87223,-5.79739],[-80.87218,-5.79771],[-80.87213,-5.79799],[-80.87208,-5.7983],[-80.87205,-5.79846],[-80.87254,-5.79827],[-80.87249,-5.79849],[-80.87227,-5.79909],[-80.87219,-5.7993],[-80.87131,-5.80167],[-80.87129,-5.8017],[-80.87126,-5.80179],[-80.87118,-5.80207],[-80.87109,-5.80229],[-80.87109,-5.80229],[-80.87095,-5.80253],[-80.87083,-5.80275],[-80.87071,-5.80296],[-80.87055,-5.80321],[-80.87038,-5.80339],[-80.87038,-5.80339],[-80.87033,-5.80377],[-80.87039,-5.80423],[-80.87043,-5.80457],[-80.87034,-5.80488],[-80.87023,-5.80527],[-80.86971,-5.80568],[-80.86945,-5.80686],[-80.86986,-5.80793],[-80.86986,-5.80794],[-80.86987,-5.80797],[-80.86974,-5.80904],[-80.87002,-5.80977],[-80.87015,-5.8101],[-80.86982,-5.81029],[-80.86961,-5.81027],[-80.86924,-5.81031],[-80.86914,-5.8105],[-80.86933,-5.81152],[-80.86927,-5.8121],[-80.86895,-5.81268],[-80.86869,-5.81306],[-80.8684,-5.81356],[-80.86834,-5.81367],[-80.86818,-5.81396],[-80.8676,-5.81499],[-80.86734,-5.81608],[-80.86677,-5.81679],[-80.86664,-5.81703],[-80.86638,-5.81756],[-80.86612,-5.81858],[-80.86561,-5.81929],[-80.86559,-5.81955],[-80.86555,-5.82019],[-80.86516,-5.82102],[-80.86491,-5.82189],[-80.86484,-5.82211],[-80.86482,-5.82235],[-80.86472,-5.82354],[-80.86427,-5.82391],[-80.86419,-5.82398],[-80.86358,-5.82565],[-80.86275,-5.82861],[-80.86283,-5.82881],[-80.86288,-5.82918],[-80.86287,-5.82931],[-80.86284,-5.82937],[-80.86264,-5.82983],[-80.86264,-5.82983],[-80.86229,-5.83003],[-80.86176,-5.83125],[-80.86157,-5.83209],[-80.8608,-5.83292],[-80.85979,-5.83434],[-80.85957,-5.83464],[-80.85835,-5.83654],[-80.85822,-5.83681],[-80.85813,-5.83733],[-80.85744,-5.83782],[-80.85719,-5.83774],[-80.85708,-5.8377],[-80.85635,-5.83774],[-80.85605,-5.83776],[-80.85569,-5.83794],[-80.85561,-5.83803],[-80.85524,-5.83844],[-80.85509,-5.83826],[-80.85478,-5.83786],[-80.85478,-5.83754],[-80.8544,-5.83716],[-80.85439,-5.83716],[-80.85331,-5.83786],[-80.85279,-5.8385],[-80.85209,-5.83914],[-80.85125,-5.83953],[-80.85125,-5.83953],[-80.85114,-5.83982],[-80.85089,-5.84053],[-80.85075,-5.84073],[-80.85061,-5.84101],[-80.85058,-5.84107],[-80.85299,-5.84148],[-80.85327,-5.84134],[-80.85355,-5.84123],[-80.8538,-5.84117],[-80.85405,-5.84108],[-80.85431,-5.84108],[-80.85436,-5.84108],[-80.85434,-5.8414],[-80.85445,-5.84173],[-80.85524,-5.84187],[-80.85535,-5.84163],[-80.85571,-5.84183],[-80.85569,-5.84188],[-80.85575,-5.84183],[-80.85581,-5.84131],[-80.85548,-5.84097],[-80.85565,-5.84093],[-80.85595,-5.8409],[-80.8563,-5.84078],[-80.85659,-5.84061],[-80.85679,-5.8404],[-80.85695,-5.84017],[-80.85699,-5.8401],[-80.85711,-5.84007],[-80.85731,-5.83968],[-80.85763,-5.83936],[-80.8586,-5.83877],[-80.85899,-5.83851],[-80.85886,-5.83806],[-80.8599,-5.83786],[-80.86042,-5.83786],[-80.86062,-5.83702],[-80.86093,-5.83691],[-80.86101,-5.83624],[-80.86146,-5.83499],[-80.86147,-5.83485],[-80.86152,-5.8348],[-80.86178,-5.83407],[-80.8629,-5.83148],[-80.86294,-5.83125],[-80.86329,-5.8293],[-80.86346,-5.82888],[-80.8638,-5.82792],[-80.86385,-5.82764],[-80.86405,-5.82712],[-80.86478,-5.82563],[-80.86492,-5.82533],[-80.86522,-5.82475],[-80.86548,-5.82405],[-80.86555,-5.82387],[-80.86579,-5.82352],[-80.86588,-5.82334],[-80.86597,-5.82316],[-80.86628,-5.82256],[-80.86654,-5.82189],[-80.86655,-5.82186],[-80.86667,-5.82167],[-80.86691,-5.82113],[-80.86717,-5.82066],[-80.86778,-5.81975],[-80.86798,-5.81947],[-80.8683,-5.81903],[-80.86837,-5.81894],[-80.86837,-5.81895],[-80.86817,-5.81967],[-80.86789,-5.82016],[-80.86784,-5.82045],[-80.86775,-5.82128],[-80.8678,-5.82162],[-80.86833,-5.82148],[-80.86848,-5.82099],[-80.86882,-5.8207],[-80.86938,-5.82055],[-80.8695,-5.82031],[-80.86963,-5.82007],[-80.86973,-5.81983],[-80.86989,-5.81949],[-80.87001,-5.81924],[-80.87004,-5.81919],[-80.87015,-5.81892],[-80.87027,-5.81867],[-80.87037,-5.81844],[-80.87053,-5.81814],[-80.87067,-5.81793],[-80.87077,-5.81769],[-80.87098,-5.81741],[-80.87115,-5.81719],[-80.87117,-5.81716],[-80.8713,-5.81696],[-80.87152,-5.81666],[-80.87157,-5.8166],[-80.871,-5.81643],[-80.87003,-5.8156],[-80.87015,-5.81532],[-80.8704,-5.81476],[-80.87067,-5.81363],[-80.87084,-5.81329],[-80.87089,-5.81301],[-80.871,-5.81239],[-80.8711,-5.81166],[-80.87111,-5.81114],[-80.87113,-5.81037],[-80.87118,-5.80972],[-80.87123,-5.80947],[-80.87132,-5.80914],[-80.87163,-5.80827],[-80.8718,-5.80788],[-80.87232,-5.80651],[-80.8725,-5.80604],[-80.8728,-5.80547],[-80.87315,-5.80416],[-80.87323,-5.8038],[-80.87333,-5.80329],[-80.87368,-5.80242],[-80.8738,-5.80197],[-80.87395,-5.80161],[-80.87409,-5.80136],[-80.87428,-5.80096],[-80.8745,-5.80055],[-80.87459,-5.79998],[-80.87461,-5.79979],[-80.87536,-5.79818],[-80.87539,-5.798],[-80.87547,-5.79771],[-80.87554,-5.79738],[-80.87562,-5.79711],[-80.87568,-5.79674],[-80.87574,-5.79647],[-80.87578,-5.79623],[-80.87588,-5.79584],[-80.87593,-5.79554],[-80.87603,-5.79525],[-80.8761,-5.7949],[-80.87617,-5.79465],[-80.87624,-5.79433],[-80.87634,-5.79403],[-80.87641,-5.79378],[-80.87646,-5.79349],[-80.87646,-5.79345],[-80.87653,-5.79317],[-80.87658,-5.79291],[-80.87665,-5.79269],[-80.87661,-5.79191],[-80.87613,-5.79149],[-80.87586,-5.79129],[-80.8755,-5.79106],[-80.87526,-5.7909],[-80.87538,-5.79059],[-80.87535,-5.79029],[-80.87478,-5.79214],[-80.87465,-5.79254],[-80.87446,-5.79318],[-80.87419,-5.79362],[-80.87371,-5.79522],[-80.87345,-5.79563],[-80.87292,-5.79705],[-80.87265,-5.7973]]]}},{"type":"Feature","properties":{"Name":"Zonas aptas para pastos con calidad Agrol\u00f3gica baja, asociadas a zonas aptas para cultivos permanentes, potencial turistico y potencial de recursos naturales no renovables","description":"<div style='font-family:sans-serif;'><h4>ZEE PIURA - Zonas aptas para pastos con calidad Agrol\u00f3gica baja, asociadas a zonas aptas para cultivos permanentes, potencial turistico y potencial de recursos naturales no renovables</h4><table border='1' cellpadding='4' style='border-collapse:collapse;font-size:12px;'><tr><td><b>OBJECTID:</b></td><td>63</td></tr><tr><td><b>ZEECODE:</b></td><td>60</td></tr><tr><td><b>ZEE:</b></td><td>Zonas aptas para pastos con calidad Agrol\u00f3gica baja, asociadas a zonas aptas para cultivos permanentes, potencial turistico y potencial de recursos naturales no renovables</td></tr><tr><td><b>ZEE_ZONAS:</b></td><td>Zonas aptas para pastos con calidad Agrol\u00f3gica baja, asociadas a zonas aptas para cultivos permanentes, potencial turistico y potencial de recursos na</td></tr><tr><td><b>ZEE_GRANDE:</b></td><td>Zonas Productivas</td></tr><tr><td><b>AREA:</b></td><td>63629286.277</td></tr><tr><td><b>PERIMETER:</b></td><td>89648.082</td></tr><tr><td><b>HECTARES:</b></td><td>6362.929</td></tr></table></div>"},"geometry":{"type":"Polygon","coordinates":[[[-80.86062,-5.83702],[-80.86042,-5.83786],[-80.8599,-5.83786],[-80.85886,-5.83806],[-80.85899,-5.83851],[-80.8586,-5.83877],[-80.85763,-5.83936],[-80.85731,-5.83968],[-80.85711,-5.84007],[-80.85699,-5.8401],[-80.85695,-5.84017],[-80.85679,-5.8404],[-80.85659,-5.84061],[-80.8563,-5.84078],[-80.85595,-5.8409],[-80.85565,-5.84093],[-80.85548,-5.84097],[-80.85581,-5.84131],[-80.85575,-5.84183],[-80.85569,-5.84188],[-80.85571,-5.84183],[-80.85535,-5.84163],[-80.85524,-5.84187],[-80.85445,-5.84173],[-80.85434,-5.8414],[-80.85436,-5.84108],[-80.85431,-5.84108],[-80.85405,-5.84108],[-80.8538,-5.84117],[-80.85355,-5.84123],[-80.85327,-5.84134],[-80.85299,-5.84148],[-80.85058,-5.84107],[-80.85047,-5.84128],[-80.85035,-5.84154],[-80.85023,-5.8418],[-80.85021,-5.84184],[-80.85011,-5.84211],[-80.85004,-5.84233],[-80.84994,-5.84259],[-80.84991,-5.84275],[-80.8499,-5.84284],[-80.84982,-5.84317],[-80.84977,-5.84348],[-80.8497,-5.84381],[-80.84967,-5.84415],[-80.8496,-5.84438],[-80.84955,-5.84472],[-80.8495,-5.84498],[-80.84945,-5.84526],[-80.84938,-5.84548],[-80.84933,-5.84583],[-80.84928,-5.8461],[-80.84927,-5.8459],[-80.84937,-5.84459],[-80.84938,-5.84451],[-80.84992,-5.84251],[-80.84995,-5.84224],[-80.84959,-5.84235],[-80.84888,-5.84394],[-80.8484,-5.84502],[-80.84851,-5.84555],[-80.84728,-5.84717],[-80.84693,-5.8472],[-80.84674,-5.84704],[-80.8468,-5.84624],[-80.84589,-5.8467],[-80.84541,-5.84732],[-80.84495,-5.84885],[-80.84457,-5.85052],[-80.84395,-5.8522],[-80.84383,-5.8529],[-80.84367,-5.85374],[-80.84364,-5.85411],[-80.84366,-5.85435],[-80.84355,-5.85474],[-80.84335,-5.85547],[-80.84323,-5.8559],[-80.84317,-5.85603],[-80.84277,-5.85689],[-80.84246,-5.85744],[-80.84201,-5.85802],[-80.84165,-5.85812],[-80.84135,-5.8582],[-80.84115,-5.85869],[-80.84079,-5.85963],[-80.84026,-5.86053],[-80.83962,-5.86039],[-80.83897,-5.86136],[-80.83876,-5.86224],[-80.83864,-5.86294],[-80.83856,-5.86327],[-80.83802,-5.86408],[-80.83784,-5.86428],[-80.83697,-5.86467],[-80.83665,-5.86482],[-80.83436,-5.86499],[-80.83434,-5.865],[-80.83418,-5.86509],[-80.83353,-5.86547],[-80.83315,-5.86569],[-80.83314,-5.8657],[-80.83314,-5.8657],[-80.83304,-5.8657],[-80.83281,-5.8657],[-80.83206,-5.86571],[-80.83173,-5.86598],[-80.83164,-5.86606],[-80.83132,-5.86632],[-80.83043,-5.86681],[-80.83025,-5.86692],[-80.82921,-5.86706],[-80.82787,-5.8676],[-80.82807,-5.86783],[-80.82804,-5.86785],[-80.82669,-5.86779],[-80.82622,-5.86762],[-80.8261,-5.86767],[-80.82581,-5.86777],[-80.82578,-5.86779],[-80.82502,-5.86806],[-80.82499,-5.86807],[-80.82495,-5.86799],[-80.82486,-5.86776],[-80.82475,-5.86753],[-80.82461,-5.86728],[-80.82448,-5.86707],[-80.8244,-5.86697],[-80.82408,-5.86686],[-80.824,-5.86683],[-80.82393,-5.86665],[-80.82393,-5.86647],[-80.82388,-5.86643],[-80.82386,-5.86641],[-80.82363,-5.86623],[-80.82343,-5.86606],[-80.82325,-5.8659],[-80.82309,-5.86571],[-80.82293,-5.86553],[-80.82287,-5.86538],[-80.8228,-5.86534],[-80.82194,-5.86457],[-80.82192,-5.86455],[-80.82168,-5.86524],[-80.82153,-5.86566],[-80.82153,-5.86576],[-80.82123,-5.8663],[-80.82119,-5.86635],[-80.82145,-5.86642],[-80.82233,-5.86703],[-80.82244,-5.86758],[-80.82257,-5.86827],[-80.8222,-5.86888],[-80.82224,-5.86912],[-80.82228,-5.86917],[-80.8226,-5.86917],[-80.82293,-5.86906],[-80.82343,-5.86901],[-80.82376,-5.86989],[-80.82365,-5.87038],[-80.8236,-5.8706],[-80.82384,-5.87087],[-80.82415,-5.87117],[-80.82411,-5.87124],[-80.82413,-5.87125],[-80.82486,-5.87203],[-80.82525,-5.87251],[-80.82502,-5.87275],[-80.8248,-5.87303],[-80.82469,-5.87336],[-80.82463,-5.8738],[-80.82485,-5.87396],[-80.82518,-5.87352],[-80.8254,-5.87314],[-80.82564,-5.87304],[-80.82591,-5.8735],[-80.82605,-5.87383],[-80.82644,-5.87431],[-80.82698,-5.87475],[-80.82671,-5.87558],[-80.82689,-5.87573],[-80.82696,-5.87565],[-80.82717,-5.87555],[-80.82741,-5.87555],[-80.82766,-5.87555],[-80.82775,-5.87578],[-80.82782,-5.87603],[-80.82788,-5.87629],[-80.82788,-5.87654],[-80.82788,-5.87679],[-80.82781,-5.87712],[-80.82781,-5.87739],[-80.82778,-5.87769],[-80.82778,-5.87803],[-80.82822,-5.87867],[-80.82859,-5.87923],[-80.82855,-5.8794],[-80.82864,-5.87944],[-80.8288,-5.87929],[-80.82898,-5.87906],[-80.82917,-5.87884],[-80.8294,-5.87875],[-80.82959,-5.87891],[-80.82975,-5.87912],[-80.82988,-5.87931],[-80.83001,-5.87954],[-80.83003,-5.87956],[-80.83029,-5.8795],[-80.83082,-5.87891],[-80.83084,-5.87893],[-80.83108,-5.87923],[-80.83142,-5.87965],[-80.83195,-5.88062],[-80.83221,-5.88136],[-80.83225,-5.88148],[-80.83253,-5.88267],[-80.83261,-5.88332],[-80.83264,-5.884],[-80.83264,-5.88501],[-80.83255,-5.88609],[-80.8323,-5.88679],[-80.83269,-5.88695],[-80.8331,-5.88804],[-80.83315,-5.88818],[-80.83363,-5.88945],[-80.83531,-5.89255],[-80.83769,-5.89479],[-80.83783,-5.895],[-80.8384,-5.89586],[-80.83851,-5.89603],[-80.83918,-5.89545],[-80.83927,-5.89537],[-80.83949,-5.89503],[-80.84042,-5.89356],[-80.84213,-5.89222],[-80.84403,-5.8927],[-80.8468,-5.89547],[-80.85032,-5.89842],[-80.85039,-5.89849],[-80.8547,-5.90228],[-80.85495,-5.90182],[-80.85528,-5.90132],[-80.85572,-5.90082],[-80.8565,-5.90038],[-80.85659,-5.90041],[-80.85667,-5.90048],[-80.85688,-5.90069],[-80.85706,-5.90086],[-80.85724,-5.90102],[-80.85761,-5.90132],[-80.85779,-5.90146],[-80.85808,-5.90172],[-80.85832,-5.90193],[-80.85837,-5.90204],[-80.85864,-5.90314],[-80.85886,-5.90336],[-80.85936,-5.90386],[-80.8596,-5.90434],[-80.8607,-5.90434],[-80.86107,-5.90405],[-80.86203,-5.90329],[-80.86303,-5.90166],[-80.86308,-5.90157],[-80.86613,-5.90052],[-80.86688,-5.89941],[-80.86794,-5.89785],[-80.86822,-5.89652],[-80.86866,-5.89447],[-80.86908,-5.89251],[-80.86899,-5.89013],[-80.86851,-5.88832],[-80.86765,-5.88627],[-80.86594,-5.88222],[-80.86489,-5.8785],[-80.86545,-5.87518],[-80.86566,-5.87392],[-80.86864,-5.87164],[-80.86928,-5.87115],[-80.86946,-5.87022],[-80.86848,-5.8699],[-80.86809,-5.86957],[-80.8687,-5.8696],[-80.86884,-5.86947],[-80.8686,-5.86915],[-80.8685,-5.86909],[-80.86828,-5.86894],[-80.86802,-5.86887],[-80.86772,-5.86886],[-80.86747,-5.86886],[-80.86702,-5.86767],[-80.86674,-5.86619],[-80.86674,-5.86501],[-80.86611,-5.86389],[-80.86527,-5.86304],[-80.8645,-5.86164],[-80.86408,-5.86066],[-80.86366,-5.85947],[-80.86343,-5.85884],[-80.86297,-5.85759],[-80.86234,-5.85598],[-80.86178,-5.8552],[-80.86101,-5.85373],[-80.86024,-5.85289],[-80.85898,-5.85199],[-80.85786,-5.85051],[-80.85701,-5.84958],[-80.8564,-5.8489],[-80.85586,-5.84789],[-80.85569,-5.84757],[-80.85556,-5.84733],[-80.85504,-5.84728],[-80.85457,-5.84652],[-80.85462,-5.84633],[-80.85472,-5.84606],[-80.85477,-5.84581],[-80.85477,-5.84557],[-80.85485,-5.8453],[-80.85489,-5.84507],[-80.85495,-5.84472],[-80.85499,-5.84453],[-80.85509,-5.84443],[-80.85502,-5.84431],[-80.85505,-5.84415],[-80.8551,-5.8439],[-80.8552,-5.84363],[-80.85529,-5.84339],[-80.85541,-5.84308],[-80.85551,-5.84282],[-80.85565,-5.8426],[-80.85584,-5.84244],[-80.85602,-5.84228],[-80.85624,-5.84215],[-80.85634,-5.84206],[-80.85647,-5.84197],[-80.85677,-5.84175],[-80.85701,-5.84159],[-80.85729,-5.84139],[-80.85747,-5.84125],[-80.85782,-5.84102],[-80.85803,-5.84087],[-80.85829,-5.84074],[-80.85852,-5.8406],[-80.85885,-5.8404],[-80.85906,-5.84025],[-80.85931,-5.84008],[-80.85955,-5.83989],[-80.85968,-5.8397],[-80.85987,-5.83945],[-80.86004,-5.83921],[-80.86018,-5.83895],[-80.86032,-5.8387],[-80.86046,-5.83847],[-80.86058,-5.83825],[-80.86065,-5.83799],[-80.86078,-5.83772],[-80.86085,-5.83754],[-80.86093,-5.83691],[-80.86062,-5.83702]]]}},{"type":"Feature","properties":{"Name":"Zonas aptas para pastos con calidad Agrol\u00f3gica baja, asociadas a zonas aptas para produccion forestal maderable","description":"<div style='font-family:sans-serif;'><h4>ZEE PIURA - Zonas aptas para pastos con calidad Agrol\u00f3gica baja, asociadas a zonas aptas para produccion forestal maderable</h4><table border='1' cellpadding='4' style='border-collapse:collapse;font-size:12px;'><tr><td><b>OBJECTID:</b></td><td>64</td></tr><tr><td><b>ZEECODE:</b></td><td>61</td></tr><tr><td><b>ZEE:</b></td><td>Zonas aptas para pastos con calidad Agrol\u00f3gica baja, asociadas a zonas aptas para produccion forestal maderable</td></tr><tr><td><b>ZEE_ZONAS:</b></td><td>Zonas aptas para pastos con calidad Agrol\u00f3gica baja, asociadas a zonas aptas para produccion forestal maderable</td></tr><tr><td><b>ZEE_GRANDE:</b></td><td>Zonas Productivas</td></tr><tr><td><b>AREA:</b></td><td>92041590.842</td></tr><tr><td><b>PERIMETER:</b></td><td>433328.666</td></tr><tr><td><b>HECTARES:</b></td><td>9204.159</td></tr></table></div>"},"geometry":{"type":"Polygon","coordinates":[[[-79.67046,-5.42766],[-79.67052,-5.42774],[-79.67061,-5.42767],[-79.67084,-5.42754],[-79.67106,-5.42744],[-79.67139,-5.42733],[-79.67153,-5.42724],[-79.67164,-5.42708],[-79.67164,-5.4269],[-79.67164,-5.42671],[-79.67164,-5.42644],[-79.67162,-5.42627],[-79.67157,-5.42605],[-79.67124,-5.42619],[-79.67058,-5.42625],[-79.67055,-5.42627],[-79.67013,-5.42667],[-79.6696,-5.42681],[-79.66966,-5.42694],[-79.67046,-5.42766]]]}},{"type":"Feature","properties":{"Name":"Zonas aptas para pastos con calidad Agrol\u00f3gica baja, asociadas a zonas aptas para produccion forestal maderable y potencial turistico","description":"<div style='font-family:sans-serif;'><h4>ZEE PIURA - Zonas aptas para pastos con calidad Agrol\u00f3gica baja, asociadas a zonas aptas para produccion forestal maderable y potencial turistico</h4><table border='1' cellpadding='4' style='border-collapse:collapse;font-size:12px;'><tr><td><b>OBJECTID:</b></td><td>65</td></tr><tr><td><b>ZEECODE:</b></td><td>62</td></tr><tr><td><b>ZEE:</b></td><td>Zonas aptas para pastos con calidad Agrol\u00f3gica baja, asociadas a zonas aptas para produccion forestal maderable y potencial turistico</td></tr><tr><td><b>ZEE_ZONAS:</b></td><td>Zonas aptas para pastos con calidad Agrol\u00f3gica baja, asociadas a zonas aptas para produccion forestal maderable y potencial turistico</td></tr><tr><td><b>ZEE_GRANDE:</b></td><td>Zonas Productivas</td></tr><tr><td><b>AREA:</b></td><td>810395.726</td></tr><tr><td><b>PERIMETER:</b></td><td>7781.831</td></tr><tr><td><b>HECTARES:</b></td><td>81.04</td></tr></table></div>"},"geometry":{"type":"Polygon","coordinates":[[[-79.84386,-5.0505],[-79.84224,-5.05086],[-79.84206,-5.05211],[-79.84194,-5.05222],[-79.84687,-5.05281],[-79.84713,-5.05284],[-79.84893,-5.05305],[-79.84894,-5.05304],[-79.84909,-5.0526],[-79.8491,-5.05193],[-79.84906,-5.05177],[-79.84898,-5.05141],[-79.849,-5.05141],[-79.84886,-5.05106],[-79.84877,-5.05061],[-79.84875,-5.05051],[-79.84905,-5.05051],[-79.84958,-5.04997],[-79.8506,-5.04925],[-79.85084,-5.04908],[-79.85102,-5.048],[-79.84923,-5.04728],[-79.84837,-5.04703],[-79.84721,-5.0472],[-79.8468,-5.048],[-79.84637,-5.04871],[-79.84529,-5.04943],[-79.84386,-5.0505]]]}},{"type":"Feature","properties":{"Name":"Zonas aptas para pastos con calidad Agrol\u00f3gica baja, asociadas a potencial de energ\u00edas renovables no convencionales","description":"<div style='font-family:sans-serif;'><h4>ZEE PIURA - Zonas aptas para pastos con calidad Agrol\u00f3gica baja, asociadas a potencial de energ\u00edas renovables no convencionales</h4><table border='1' cellpadding='4' style='border-collapse:collapse;font-size:12px;'><tr><td><b>OBJECTID:</b></td><td>66</td></tr><tr><td><b>ZEECODE:</b></td><td>38</td></tr><tr><td><b>ZEE:</b></td><td>Zonas aptas para pastos con calidad Agrol\u00f3gica baja, asociadas a potencial de energ\u00edas renovables no convencionales</td></tr><tr><td><b>ZEE_ZONAS:</b></td><td>Zonas aptas para pastos con calidad Agrol\u00f3gica baja, asociadas a potencial de energ\u00edas renovables no convencionales</td></tr><tr><td><b>ZEE_GRANDE:</b></td><td>Zonas Productivas</td></tr><tr><td><b>AREA:</b></td><td>10510828.063</td></tr><tr><td><b>PERIMETER:</b></td><td>28414.288</td></tr><tr><td><b>HECTARES:</b></td><td>1051.083</td></tr></table></div>"},"geometry":{"type":"Polygon","coordinates":[[[-79.52743,-5.04893],[-79.52622,-5.04998],[-79.5257,-5.04995],[-79.52519,-5.05066],[-79.52494,-5.05095],[-79.52501,-5.05104],[-79.52584,-5.05112],[-79.52735,-5.05203],[-79.5278,-5.05256],[-79.52817,-5.05317],[-79.52787,-5.05407],[-79.52787,-5.05476],[-79.52832,-5.05544],[-79.52849,-5.05553],[-79.52897,-5.0551],[-79.52912,-5.05477],[-79.52936,-5.05404],[-79.5294,-5.05399],[-79.52938,-5.0539],[-79.52934,-5.05339],[-79.52915,-5.05268],[-79.52878,-5.05212],[-79.52867,-5.05191],[-79.52845,-5.05146],[-79.52831,-5.051],[-79.5285,-5.05039],[-79.52883,-5.05006],[-79.52981,-5.04969],[-79.53056,-5.04927],[-79.52977,-5.0487],[-79.52894,-5.04817],[-79.52773,-5.04832],[-79.52743,-5.04893]]]}},{"type":"Feature","properties":{"Name":"Zonas aptas para pastos con calidad Agrol\u00f3gica baja, asociadas a potencial turistico","description":"<div style='font-family:sans-serif;'><h4>ZEE PIURA - Zonas aptas para pastos con calidad Agrol\u00f3gica baja, asociadas a potencial turistico</h4><table border='1' cellpadding='4' style='border-collapse:collapse;font-size:12px;'><tr><td><b>OBJECTID:</b></td><td>67</td></tr><tr><td><b>ZEECODE:</b></td><td>46</td></tr><tr><td><b>ZEE:</b></td><td>Zonas aptas para pastos con calidad Agrol\u00f3gica baja, asociadas a potencial turistico</td></tr><tr><td><b>ZEE_ZONAS:</b></td><td>Zonas aptas para pastos con calidad Agrol\u00f3gica baja, asociadas a potencial turistico</td></tr><tr><td><b>ZEE_GRANDE:</b></td><td>Zonas Productivas</td></tr><tr><td><b>AREA:</b></td><td>301778373.799</td></tr><tr><td><b>PERIMETER:</b></td><td>1121179.89</td></tr><tr><td><b>HECTARES:</b></td><td>30177.837</td></tr></table></div>"},"geometry":{"type":"Polygon","coordinates":[[[-79.88404,-5.41062],[-79.8833,-5.41103],[-79.88296,-5.41125],[-79.88234,-5.41134],[-79.88081,-5.41145],[-79.87978,-5.41176],[-79.87915,-5.41178],[-79.87873,-5.41173],[-79.87818,-5.41171],[-79.87749,-5.41179],[-79.87702,-5.41194],[-79.87665,-5.41213],[-79.87606,-5.41256],[-79.87471,-5.41306],[-79.87391,-5.41335],[-79.87302,-5.41356],[-79.87262,-5.41375],[-79.87153,-5.41389],[-79.87083,-5.41401],[-79.87036,-5.41413],[-79.86998,-5.41438],[-79.86959,-5.41461],[-79.86937,-5.41466],[-79.86898,-5.41475],[-79.86886,-5.41481],[-79.86871,-5.41489],[-79.86828,-5.41541],[-79.86781,-5.4162],[-79.86756,-5.41658],[-79.86733,-5.41694],[-79.86706,-5.41741],[-79.86679,-5.41771],[-79.86664,-5.41794],[-79.86628,-5.41828],[-79.86604,-5.41875],[-79.86621,-5.41891],[-79.86651,-5.41897],[-79.86689,-5.41896],[-79.86721,-5.4189],[-79.86794,-5.41857],[-79.86843,-5.41831],[-79.86917,-5.41783],[-79.86963,-5.41753],[-79.8698,-5.41736],[-79.87003,-5.41713],[-79.87095,-5.41626],[-79.87152,-5.41605],[-79.87187,-5.41598],[-79.87228,-5.41605],[-79.87253,-5.41608],[-79.87296,-5.41632],[-79.8736,-5.41632],[-79.87423,-5.41628],[-79.87503,-5.41605],[-79.87613,-5.41579],[-79.8765,-5.41581],[-79.87707,-5.41569],[-79.87766,-5.41534],[-79.87815,-5.4151],[-79.87864,-5.41497],[-79.87895,-5.41483],[-79.87922,-5.41452],[-79.87952,-5.41447],[-79.87978,-5.41452],[-79.87998,-5.41483],[-79.88002,-5.41523],[-79.87993,-5.41555],[-79.87982,-5.41612],[-79.87966,-5.41687],[-79.87958,-5.41757],[-79.87947,-5.41821],[-79.87941,-5.41844],[-79.87925,-5.41887],[-79.87925,-5.41953],[-79.87916,-5.42009],[-79.87916,-5.42084],[-79.87923,-5.42135],[-79.87934,-5.4216],[-79.87959,-5.42173],[-79.87998,-5.42184],[-79.88027,-5.42183],[-79.88067,-5.42145],[-79.88108,-5.42097],[-79.88132,-5.42046],[-79.88132,-5.42032],[-79.88131,-5.42024],[-79.88132,-5.41974],[-79.88134,-5.41968],[-79.8814,-5.41952],[-79.88164,-5.41889],[-79.88175,-5.41804],[-79.88176,-5.41803],[-79.88199,-5.41616],[-79.88234,-5.41558],[-79.88254,-5.4154],[-79.88336,-5.41466],[-79.88449,-5.41404],[-79.88597,-5.4134],[-79.88685,-5.41281],[-79.88752,-5.41246],[-79.88792,-5.4124],[-79.88873,-5.41247],[-79.88943,-5.41236],[-79.89114,-5.41307],[-79.89132,-5.41308],[-79.8913,-5.41105],[-79.89115,-5.41109],[-79.89073,-5.41127],[-79.89017,-5.41131],[-79.88955,-5.41136],[-79.88907,-5.41133],[-79.88879,-5.41132],[-79.88805,-5.41109],[-79.88778,-5.411],[-79.88722,-5.4109],[-79.88626,-5.41095],[-79.88565,-5.41081],[-79.88544,-5.4107],[-79.88503,-5.4106],[-79.88472,-5.41059],[-79.88404,-5.41062]]]}},{"type":"Feature","properties":{"Name":"Zonas aptas para pastos con calidad Agrol\u00f3gica baja, asociadas a potencial de energ\u00edas renovables no convencionales y potencial turistico","description":"<div style='font-family:sans-serif;'><h4>ZEE PIURA - Zonas aptas para pastos con calidad Agrol\u00f3gica baja, asociadas a potencial de energ\u00edas renovables no convencionales y potencial turistico</h4><table border='1' cellpadding='4' style='border-collapse:collapse;font-size:12px;'><tr><td><b>OBJECTID:</b></td><td>68</td></tr><tr><td><b>ZEECODE:</b></td><td>42</td></tr><tr><td><b>ZEE:</b></td><td>Zonas aptas para pastos con calidad Agrol\u00f3gica baja, asociadas a potencial de energ\u00edas renovables no convencionales y potencial turistico</td></tr><tr><td><b>ZEE_ZONAS:</b></td><td>Zonas aptas para pastos con calidad Agrol\u00f3gica baja, asociadas a potencial de energ\u00edas renovables no convencionales y potencial turistico</td></tr><tr><td><b>ZEE_GRANDE:</b></td><td>Zonas Productivas</td></tr><tr><td><b>AREA:</b></td><td>34183054.075</td></tr><tr><td><b>PERIMETER:</b></td><td>206533.116</td></tr><tr><td><b>HECTARES:</b></td><td>3418.305</td></tr></table></div>"},"geometry":{"type":"Polygon","coordinates":[[[-80.87333,-5.49486],[-80.87326,-5.49627],[-80.87417,-5.49576],[-80.87568,-5.49414],[-80.87911,-5.49041],[-80.88059,-5.48829],[-80.87437,-5.49178],[-80.87444,-5.49199],[-80.87444,-5.49239],[-80.87438,-5.49275],[-80.87401,-5.49322],[-80.87349,-5.49375],[-80.87349,-5.49389],[-80.87344,-5.49465],[-80.87335,-5.49484],[-80.87333,-5.49486]]]}},{"type":"Feature","properties":{"Name":"Zonas aptas para pastos con calidad Agrol\u00f3gica baja, asociadas a potencial de energ\u00edas renovables no convencionales y potencial de recursos naturales no renovables","description":"<div style='font-family:sans-serif;'><h4>ZEE PIURA - Zonas aptas para pastos con calidad Agrol\u00f3gica baja, asociadas a potencial de energ\u00edas renovables no convencionales y potencial de recursos naturales no renovables</h4><table border='1' cellpadding='4' style='border-collapse:collapse;font-size:12px;'><tr><td><b>OBJECTID:</b></td><td>69</td></tr><tr><td><b>ZEECODE:</b></td><td>40</td></tr><tr><td><b>ZEE:</b></td><td>Zonas aptas para pastos con calidad Agrol\u00f3gica baja, asociadas a potencial de energ\u00edas renovables no convencionales y potencial de recursos naturales no renovables</td></tr><tr><td><b>ZEE_ZONAS:</b></td><td>Zonas aptas para pastos con calidad Agrol\u00f3gica baja, asociadas a potencial de energ\u00edas renovables no convencionales y potencial de recursos naturales</td></tr><tr><td><b>ZEE_GRANDE:</b></td><td>Zonas Productivas</td></tr><tr><td><b>AREA:</b></td><td>3394090.75</td></tr><tr><td><b>PERIMETER:</b></td><td>14670.992</td></tr><tr><td><b>HECTARES:</b></td><td>339.409</td></tr></table></div>"},"geometry":{"type":"Polygon","coordinates":[[[-80.91817,-5.83905],[-80.91898,-5.84058],[-80.92405,-5.83907],[-80.92543,-5.83866],[-80.92492,-5.83833],[-80.9249,-5.83832],[-80.9249,-5.83832],[-80.92409,-5.83798],[-80.92196,-5.83686],[-80.92137,-5.83643],[-80.92135,-5.83642],[-80.92122,-5.83632],[-80.9212,-5.8363],[-80.92118,-5.83629],[-80.9209,-5.83609],[-80.92047,-5.83581],[-80.92045,-5.8358],[-80.92043,-5.83579],[-80.91967,-5.83531],[-80.91926,-5.83505],[-80.91793,-5.83422],[-80.91781,-5.83414],[-80.91766,-5.83401],[-80.91722,-5.83363],[-80.91628,-5.83297],[-80.91477,-5.8319],[-80.9142,-5.83144],[-80.91419,-5.83143],[-80.91418,-5.83142],[-80.91414,-5.83139],[-80.91378,-5.83111],[-80.91357,-5.83093],[-80.91299,-5.83047],[-80.91273,-5.83033],[-80.91262,-5.83028],[-80.91235,-5.83014],[-80.91202,-5.82993],[-80.91162,-5.82968],[-80.9116,-5.82967],[-80.91079,-5.82916],[-80.90985,-5.82837],[-80.90981,-5.82834],[-80.90964,-5.82821],[-80.90964,-5.82821],[-80.90821,-5.8269],[-80.90758,-5.82645],[-80.90733,-5.82626],[-80.90709,-5.82608],[-80.90637,-5.82555],[-80.90618,-5.82673],[-80.90566,-5.83003],[-80.90592,-5.83019],[-80.90793,-5.83142],[-80.90871,-5.83265],[-80.90913,-5.83315],[-80.9091,-5.83339],[-80.91212,-5.83444],[-80.91391,-5.83492],[-80.91409,-5.83497],[-80.91436,-5.83629],[-80.91456,-5.83639],[-80.91659,-5.83747],[-80.91817,-5.83905]]]}},{"type":"Feature","properties":{"Name":"Zonas aptas para pastos con calidad Agrol\u00f3gica baja, asociadas a potencial de energ\u00edas renovables no convencionales, potencial turistico y potencial de recursos naturales no renovables","description":"<div style='font-family:sans-serif;'><h4>ZEE PIURA - Zonas aptas para pastos con calidad Agrol\u00f3gica baja, asociadas a potencial de energ\u00edas renovables no convencionales, potencial turistico y potencial de recursos naturales no renovables</h4><table border='1' cellpadding='4' style='border-collapse:collapse;font-size:12px;'><tr><td><b>OBJECTID:</b></td><td>70</td></tr><tr><td><b>ZEECODE:</b></td><td>44</td></tr><tr><td><b>ZEE:</b></td><td>Zonas aptas para pastos con calidad Agrol\u00f3gica baja, asociadas a potencial de energ\u00edas renovables no convencionales, potencial turistico y potencial de recursos naturales no renovables</td></tr><tr><td><b>ZEE_ZONAS:</b></td><td>Zonas aptas para pastos con calidad Agrol\u00f3gica baja, asociadas a potencial de energ\u00edas renovables no convencionales, potencial turistico y potencial d</td></tr><tr><td><b>ZEE_GRANDE:</b></td><td>Zonas Productivas</td></tr><tr><td><b>AREA:</b></td><td>16633760.764</td></tr><tr><td><b>PERIMETER:</b></td><td>44336.198</td></tr><tr><td><b>HECTARES:</b></td><td>1663.376</td></tr></table></div>"},"geometry":{"type":"Polygon","coordinates":[[[-80.90497,-5.84319],[-80.905,-5.84336],[-80.9058,-5.84329],[-80.90543,-5.8431],[-80.90535,-5.84281],[-80.9052,-5.84292],[-80.90497,-5.84319]]]}},{"type":"Feature","properties":{"Name":"Zonas aptas para pastos con calidad Agrol\u00f3gica baja, asociadas a potencial turistico y potencial de recursos naturales no renovables","description":"<div style='font-family:sans-serif;'><h4>ZEE PIURA - Zonas aptas para pastos con calidad Agrol\u00f3gica baja, asociadas a potencial turistico y potencial de recursos naturales no renovables</h4><table border='1' cellpadding='4' style='border-collapse:collapse;font-size:12px;'><tr><td><b>OBJECTID:</b></td><td>71</td></tr><tr><td><b>ZEECODE:</b></td><td>48</td></tr><tr><td><b>ZEE:</b></td><td>Zonas aptas para pastos con calidad Agrol\u00f3gica baja, asociadas a potencial turistico y potencial de recursos naturales no renovables</td></tr><tr><td><b>ZEE_ZONAS:</b></td><td>Zonas aptas para pastos con calidad Agrol\u00f3gica baja, asociadas a potencial turistico y potencial de recursos naturales no renovables</td></tr><tr><td><b>ZEE_GRANDE:</b></td><td>Zonas Productivas</td></tr><tr><td><b>AREA:</b></td><td>45042184.461</td></tr><tr><td><b>PERIMETER:</b></td><td>114791.711</td></tr><tr><td><b>HECTARES:</b></td><td>4504.218</td></tr></table></div>"},"geometry":{"type":"Polygon","coordinates":[[[-80.8133,-5.93278],[-80.8132,-5.93382],[-80.81271,-5.93377],[-80.81271,-5.93419],[-80.81798,-5.93341],[-80.81803,-5.93298],[-80.81923,-5.93323],[-80.82579,-5.93226],[-80.82752,-5.93201],[-80.82937,-5.93155],[-80.82906,-5.93115],[-80.82832,-5.93053],[-80.82701,-5.92957],[-80.82584,-5.92847],[-80.82542,-5.92786],[-80.82516,-5.92698],[-80.82511,-5.92595],[-80.82505,-5.92521],[-80.82505,-5.92516],[-80.82496,-5.92445],[-80.82465,-5.92388],[-80.82435,-5.92355],[-80.824,-5.92342],[-80.82368,-5.92336],[-80.82249,-5.92329],[-80.82198,-5.92336],[-80.82149,-5.92366],[-80.82034,-5.92478],[-80.8199,-5.92532],[-80.8189,-5.92662],[-80.81836,-5.92703],[-80.81797,-5.92742],[-80.81755,-5.92772],[-80.81697,-5.9282],[-80.81651,-5.92865],[-80.81633,-5.92881],[-80.81516,-5.93038],[-80.8141,-5.93173],[-80.81357,-5.93217],[-80.81325,-5.93224],[-80.8133,-5.93278]]]}},{"type":"Feature","properties":{"Name":"Zonas aptas para pastos con calidad Agrol\u00f3gica baja, asociadas a potencial turistico y potencial de recursos naturales no renovables en tierras de protecci\u00f3n","description":"<div style='font-family:sans-serif;'><h4>ZEE PIURA - Zonas aptas para pastos con calidad Agrol\u00f3gica baja, asociadas a potencial turistico y potencial de recursos naturales no renovables en tierras de protecci\u00f3n</h4><table border='1' cellpadding='4' style='border-collapse:collapse;font-size:12px;'><tr><td><b>OBJECTID:</b></td><td>72</td></tr><tr><td><b>ZEECODE:</b></td><td>49</td></tr><tr><td><b>ZEE:</b></td><td>Zonas aptas para pastos con calidad Agrol\u00f3gica baja, asociadas a potencial turistico y potencial de recursos naturales no renovables en tierras de protecci\u00f3n</td></tr><tr><td><b>ZEE_ZONAS:</b></td><td>Zonas aptas para pastos con calidad Agrol\u00f3gica baja, asociadas a potencial turistico y potencial de recursos naturales no renovables en tierras de pro</td></tr><tr><td><b>ZEE_GRANDE:</b></td><td>Zonas Productivas</td></tr><tr><td><b>AREA:</b></td><td>1040328.322</td></tr><tr><td><b>PERIMETER:</b></td><td>4363.02</td></tr><tr><td><b>HECTARES:</b></td><td>104.033</td></tr></table></div>"},"geometry":{"type":"Polygon","coordinates":[[[-80.68238,-5.95899],[-80.68246,-5.95997],[-80.68238,-5.96004],[-80.68246,-5.96087],[-80.68237,-5.96125],[-80.68155,-5.96441],[-80.68119,-5.96597],[-80.68046,-5.96921],[-80.68041,-5.96942],[-80.68049,-5.97042],[-80.68144,-5.97016],[-80.68182,-5.97006],[-80.68415,-5.96942],[-80.68923,-5.96804],[-80.68924,-5.968],[-80.68925,-5.96752],[-80.68925,-5.96718],[-80.68929,-5.96694],[-80.68932,-5.9666],[-80.68932,-5.96637],[-80.68933,-5.96612],[-80.68933,-5.96584],[-80.68938,-5.96561],[-80.68941,-5.96538],[-80.68948,-5.96506],[-80.68955,-5.96473],[-80.68963,-5.96446],[-80.68977,-5.96405],[-80.68989,-5.9637],[-80.69003,-5.96339],[-80.69016,-5.96304],[-80.69024,-5.96279],[-80.69031,-5.9624],[-80.69036,-5.96201],[-80.69039,-5.96162],[-80.69039,-5.96137],[-80.69037,-5.96112],[-80.69035,-5.96088],[-80.69026,-5.96063],[-80.69025,-5.96061],[-80.69012,-5.96035],[-80.69007,-5.96026],[-80.68953,-5.95951],[-80.68948,-5.95933],[-80.6894,-5.95922],[-80.68923,-5.95899],[-80.68922,-5.95898],[-80.68909,-5.9588],[-80.6889,-5.95856],[-80.68782,-5.95848],[-80.68714,-5.95889],[-80.68668,-5.95916],[-80.68497,-5.95973],[-80.6844,-5.95882],[-80.6836,-5.95779],[-80.68308,-5.9581],[-80.68286,-5.95823],[-80.68286,-5.95826],[-80.68286,-5.95845],[-80.68276,-5.95861],[-80.68238,-5.95899]]]}},{"type":"Feature","properties":{"Name":"Zonas aptas para pastos con calidad Agrol\u00f3gica media","description":"<div style='font-family:sans-serif;'><h4>ZEE PIURA - Zonas aptas para pastos con calidad Agrol\u00f3gica media</h4><table border='1' cellpadding='4' style='border-collapse:collapse;font-size:12px;'><tr><td><b>OBJECTID:</b></td><td>73</td></tr><tr><td><b>ZEECODE:</b></td><td>63</td></tr><tr><td><b>ZEE:</b></td><td>Zonas aptas para pastos con calidad Agrol\u00f3gica media</td></tr><tr><td><b>ZEE_ZONAS:</b></td><td>Zonas aptas para pastos con calidad Agrol\u00f3gica media</td></tr><tr><td><b>ZEE_GRANDE:</b></td><td>Zonas Productivas</td></tr><tr><td><b>AREA:</b></td><td>3034812874.371</td></tr><tr><td><b>PERIMETER:</b></td><td>5931607.616</td></tr><tr><td><b>HECTARES:</b></td><td>303481.287</td></tr></table></div>"},"geometry":{"type":"Polygon","coordinates":[[[-80.61527,-5.95515],[-80.61273,-5.95563],[-80.60946,-5.95466],[-80.6076,-5.95513],[-80.60668,-5.95623],[-80.60318,-5.95684],[-80.60273,-5.95686],[-80.60243,-5.95778],[-80.6011,-5.95927],[-80.60094,-5.96045],[-80.60172,-5.96187],[-80.60219,-5.9636],[-80.60164,-5.96486],[-80.60015,-5.96754],[-80.59881,-5.96777],[-80.59417,-5.96714],[-80.59142,-5.96745],[-80.58945,-5.96808],[-80.58768,-5.96829],[-80.58623,-5.96847],[-80.58269,-5.96918],[-80.57899,-5.96988],[-80.57648,-5.9709],[-80.57349,-5.97295],[-80.56955,-5.97523],[-80.56692,-5.97743],[-80.56613,-5.97796],[-80.56682,-5.97851],[-80.56593,-5.98002],[-80.56478,-5.98153],[-80.56389,-5.98233],[-80.56292,-5.98419],[-80.56283,-5.98685],[-80.56318,-5.98836],[-80.56245,-5.98962],[-80.56274,-5.98953],[-80.56273,-5.99113],[-80.56273,-5.99342],[-80.56294,-5.99798],[-80.56376,-6.00151],[-80.56459,-6.00587],[-80.56438,-6.00733],[-80.56521,-6.01262],[-80.56513,-6.01276],[-80.56662,-6.01103],[-80.57077,-6.00687],[-80.57628,-6.00418],[-80.58214,-6.00358],[-80.58642,-6.00529],[-80.58688,-6.00556],[-80.5896,-6.00717],[-80.58943,-6.00722],[-80.58918,-6.00721],[-80.58883,-6.00716],[-80.58849,-6.00708],[-80.58819,-6.00694],[-80.58796,-6.00691],[-80.58767,-6.00679],[-80.58744,-6.00673],[-80.58712,-6.00673],[-80.58687,-6.00672],[-80.58658,-6.00683],[-80.58652,-6.00687],[-80.5871,-6.00766],[-80.58838,-6.00814],[-80.58856,-6.00838],[-80.58948,-6.00822],[-80.58966,-6.00721],[-80.59118,-6.00811],[-80.59863,-6.01056],[-80.60303,-6.01258],[-80.60621,-6.01454],[-80.60841,-6.01702],[-80.60876,-6.01713],[-80.60908,-6.01729],[-80.60909,-6.01729],[-80.60914,-6.01718],[-80.60707,-6.00898],[-80.60707,-6.00603],[-80.60707,-6.0047],[-80.60707,-6.00465],[-80.60716,-6.00352],[-80.60723,-6.00271],[-80.60726,-6.00233],[-80.60729,-6.002],[-80.60756,-5.99858],[-80.60976,-5.99479],[-80.60977,-5.99456],[-80.60979,-5.9942],[-80.60989,-5.99136],[-80.61024,-5.99011],[-80.60966,-5.98937],[-80.60909,-5.98809],[-80.60926,-5.98761],[-80.60991,-5.98606],[-80.60991,-5.98489],[-80.60952,-5.98374],[-80.60888,-5.98283],[-80.60914,-5.98167],[-80.60914,-5.97999],[-80.60875,-5.9787],[-80.60837,-5.97624],[-80.60863,-5.97482],[-80.60927,-5.97289],[-80.60966,-5.9716],[-80.61069,-5.97005],[-80.61159,-5.9698],[-80.61288,-5.97057],[-80.61404,-5.97212],[-80.6152,-5.97238],[-80.61572,-5.97251],[-80.61714,-5.97328],[-80.61765,-5.97482],[-80.61791,-5.97561],[-80.61791,-5.97742],[-80.6179,-5.97961],[-80.61932,-5.98168],[-80.62074,-5.98232],[-80.62216,-5.98155],[-80.62255,-5.98052],[-80.6228,-5.97948],[-80.62306,-5.97794],[-80.62345,-5.97561],[-80.6241,-5.9729],[-80.62464,-5.97108],[-80.62471,-5.97083],[-80.62474,-5.97071],[-80.62474,-5.96997],[-80.62474,-5.96839],[-80.62539,-5.96593],[-80.62591,-5.96374],[-80.62591,-5.96204],[-80.62591,-5.9609],[-80.62643,-5.95948],[-80.6261,-5.95898],[-80.62576,-5.95847],[-80.62565,-5.95832],[-80.62469,-5.95736],[-80.62462,-5.95729],[-80.62385,-5.95638],[-80.62321,-5.95509],[-80.62329,-5.95422],[-80.62083,-5.9531],[-80.61986,-5.95225],[-80.61865,-5.95455],[-80.61527,-5.95515]]]}},{"type":"Feature","properties":{"Name":"Zonas aptas para pastos con calidad Agrol\u00f3gica media, asociadas a zonas aptas para produccion forestal maderable","description":"<div style='font-family:sans-serif;'><h4>ZEE PIURA - Zonas aptas para pastos con calidad Agrol\u00f3gica media, asociadas a zonas aptas para produccion forestal maderable</h4><table border='1' cellpadding='4' style='border-collapse:collapse;font-size:12px;'><tr><td><b>OBJECTID:</b></td><td>74</td></tr><tr><td><b>ZEECODE:</b></td><td>71</td></tr><tr><td><b>ZEE:</b></td><td>Zonas aptas para pastos con calidad Agrol\u00f3gica media, asociadas a zonas aptas para produccion forestal maderable</td></tr><tr><td><b>ZEE_ZONAS:</b></td><td>Zonas aptas para pastos con calidad Agrol\u00f3gica media, asociadas a zonas aptas para produccion forestal maderable</td></tr><tr><td><b>ZEE_GRANDE:</b></td><td>Zonas Productivas</td></tr><tr><td><b>AREA:</b></td><td>83380337.855</td></tr><tr><td><b>PERIMETER:</b></td><td>378787.353</td></tr><tr><td><b>HECTARES:</b></td><td>8338.034</td></tr></table></div>"},"geometry":{"type":"Polygon","coordinates":[[[-79.45451,-5.93635],[-79.45555,-5.93668],[-79.45603,-5.93607],[-79.45473,-5.93617],[-79.45451,-5.93635]]]}},{"type":"Feature","properties":{"Name":"Zonas aptas para pastos con calidad Agrol\u00f3gica media, asociadas a zonas aptas para produccion forestal maderable en tierras de proteccion","description":"<div style='font-family:sans-serif;'><h4>ZEE PIURA - Zonas aptas para pastos con calidad Agrol\u00f3gica media, asociadas a zonas aptas para produccion forestal maderable en tierras de proteccion</h4><table border='1' cellpadding='4' style='border-collapse:collapse;font-size:12px;'><tr><td><b>OBJECTID:</b></td><td>75</td></tr><tr><td><b>ZEECODE:</b></td><td>72</td></tr><tr><td><b>ZEE:</b></td><td>Zonas aptas para pastos con calidad Agrol\u00f3gica media, asociadas a zonas aptas para produccion forestal maderable en tierras de proteccion</td></tr><tr><td><b>ZEE_ZONAS:</b></td><td>Zonas aptas para pastos con calidad Agrol\u00f3gica media, asociadas a zonas aptas para produccion forestal maderable en tierras de proteccion</td></tr><tr><td><b>ZEE_GRANDE:</b></td><td>Zonas Productivas</td></tr><tr><td><b>AREA:</b></td><td>6285433.57</td></tr><tr><td><b>PERIMETER:</b></td><td>46990.852</td></tr><tr><td><b>HECTARES:</b></td><td>628.543</td></tr></table></div>"},"geometry":{"type":"Polygon","coordinates":[[[-79.4339,-5.65407],[-79.43433,-5.65422],[-79.43439,-5.65409],[-79.43434,-5.65392],[-79.43434,-5.65392],[-79.43425,-5.65395],[-79.43402,-5.65403],[-79.4339,-5.65407]]]}},{"type":"Feature","properties":{"Name":"Zonas aptas para pastos con calidad Agrol\u00f3gica media, asociadas a tierras de proteccion","description":"<div style='font-family:sans-serif;'><h4>ZEE PIURA - Zonas aptas para pastos con calidad Agrol\u00f3gica media, asociadas a tierras de proteccion</h4><table border='1' cellpadding='4' style='border-collapse:collapse;font-size:12px;'><tr><td><b>OBJECTID:</b></td><td>76</td></tr><tr><td><b>ZEECODE:</b></td><td>70</td></tr><tr><td><b>ZEE:</b></td><td>Zonas aptas para pastos con calidad Agrol\u00f3gica media, asociadas a tierras de proteccion</td></tr><tr><td><b>ZEE_ZONAS:</b></td><td>Zonas aptas para pastos con calidad Agrol\u00f3gica media, asociadas a tierras de proteccion</td></tr><tr><td><b>ZEE_GRANDE:</b></td><td>Zonas Productivas</td></tr><tr><td><b>AREA:</b></td><td>1823286424.198</td></tr><tr><td><b>PERIMETER:</b></td><td>2785202.661</td></tr><tr><td><b>HECTARES:</b></td><td>182328.642</td></tr></table></div>"},"geometry":{"type":"Polygon","coordinates":[[[-80.93046,-6.02646],[-80.92796,-6.02746],[-80.92586,-6.02746],[-80.92426,-6.02786],[-80.92375,-6.02775],[-80.92376,-6.02776],[-80.92288,-6.0285],[-80.92246,-6.02886],[-80.92115,-6.02936],[-80.92058,-6.03003],[-80.92055,-6.03006],[-80.91935,-6.03106],[-80.9187,-6.03117],[-80.91815,-6.03126],[-80.91765,-6.03111],[-80.91767,-6.03119],[-80.91828,-6.03352],[-80.9189,-6.03589],[-80.9191,-6.03664],[-80.9191,-6.03907],[-80.9191,-6.04046],[-80.91915,-6.04048],[-80.92085,-6.04078],[-80.92185,-6.04088],[-80.92255,-6.04018],[-80.92396,-6.03968],[-80.92546,-6.03958],[-80.92726,-6.03818],[-80.92786,-6.03678],[-80.92861,-6.03678],[-80.92876,-6.03678],[-80.92996,-6.03547],[-80.92976,-6.03477],[-80.93086,-6.03337],[-80.93086,-6.03337],[-80.93146,-6.03237],[-80.93316,-6.03227],[-80.93407,-6.03227],[-80.93453,-6.03253],[-80.93454,-6.03388],[-80.93587,-6.03427],[-80.93617,-6.03455],[-80.93617,-6.03447],[-80.93841,-6.03529],[-80.93845,-6.03522],[-80.93857,-6.03494],[-80.93859,-6.03489],[-80.9386,-6.03419],[-80.93847,-6.03417],[-80.93733,-6.03379],[-80.93707,-6.03287],[-80.93727,-6.03147],[-80.93717,-6.03027],[-80.93747,-6.02856],[-80.93827,-6.02696],[-80.93847,-6.02623],[-80.93856,-6.02589],[-80.93857,-6.02586],[-80.93854,-6.02585],[-80.93837,-6.02581],[-80.93817,-6.02576],[-80.93697,-6.02576],[-80.93637,-6.02485],[-80.93707,-6.02345],[-80.93708,-6.02339],[-80.93726,-6.02202],[-80.93653,-6.02194],[-80.93648,-6.02181],[-80.93642,-6.02154],[-80.93633,-6.0213],[-80.93629,-6.02107],[-80.93626,-6.02085],[-80.93613,-6.02095],[-80.93585,-6.02118],[-80.93562,-6.02137],[-80.93542,-6.02158],[-80.9352,-6.02181],[-80.93501,-6.02196],[-80.93477,-6.02216],[-80.93459,-6.0223],[-80.93442,-6.02245],[-80.93442,-6.02254],[-80.93418,-6.02268],[-80.93407,-6.02275],[-80.93402,-6.02281],[-80.93317,-6.0239],[-80.93297,-6.02416],[-80.93263,-6.02458],[-80.93226,-6.02505],[-80.93145,-6.02569],[-80.93046,-6.02646]]]}},{"type":"Feature","properties":{"Name":"Zonas aptas para pastos con calidad Agrol\u00f3gica media, asociadas a potencial de energ\u00edas renovables no convencionales en tierras de proteccion","description":"<div style='font-family:sans-serif;'><h4>ZEE PIURA - Zonas aptas para pastos con calidad Agrol\u00f3gica media, asociadas a potencial de energ\u00edas renovables no convencionales en tierras de proteccion</h4><table border='1' cellpadding='4' style='border-collapse:collapse;font-size:12px;'><tr><td><b>OBJECTID:</b></td><td>77</td></tr><tr><td><b>ZEECODE:</b></td><td>65</td></tr><tr><td><b>ZEE:</b></td><td>Zonas aptas para pastos con calidad Agrol\u00f3gica media, asociadas a potencial de energ\u00edas renovables no convencionales en tierras de proteccion</td></tr><tr><td><b>ZEE_ZONAS:</b></td><td>Zonas aptas para pastos con calidad Agrol\u00f3gica media, asociadas a potencial de energ\u00edas renovables no convencionales en tierras de proteccion</td></tr><tr><td><b>ZEE_GRANDE:</b></td><td>Zonas Productivas</td></tr><tr><td><b>AREA:</b></td><td>34488323.691</td></tr><tr><td><b>PERIMETER:</b></td><td>180003.19</td></tr><tr><td><b>HECTARES:</b></td><td>3448.832</td></tr></table></div>"},"geometry":{"type":"Polygon","coordinates":[[[-79.46052,-5.50985],[-79.4598,-5.51057],[-79.4595,-5.51057],[-79.45925,-5.51057],[-79.45899,-5.51087],[-79.45899,-5.51121],[-79.45891,-5.51155],[-79.45861,-5.51155],[-79.45827,-5.51138],[-79.45759,-5.51074],[-79.45759,-5.51035],[-79.45776,-5.50997],[-79.45742,-5.5098],[-79.45721,-5.50984],[-79.45708,-5.51018],[-79.45712,-5.51061],[-79.45721,-5.51104],[-79.45755,-5.51125],[-79.45827,-5.51189],[-79.45848,-5.51223],[-79.45847,-5.51226],[-79.45709,-5.5112],[-79.45589,-5.51026],[-79.4557,-5.51048],[-79.45474,-5.51131],[-79.45485,-5.5128],[-79.45513,-5.51303],[-79.45536,-5.51321],[-79.45575,-5.51355],[-79.45581,-5.514],[-79.45569,-5.5144],[-79.45541,-5.51485],[-79.45524,-5.5161],[-79.45535,-5.51644],[-79.45506,-5.51684],[-79.45461,-5.51684],[-79.45443,-5.51672],[-79.45439,-5.51648],[-79.45435,-5.51614],[-79.45396,-5.51584],[-79.4532,-5.51587],[-79.45286,-5.51604],[-79.45263,-5.51655],[-79.45274,-5.51712],[-79.45302,-5.51751],[-79.45302,-5.51803],[-79.45251,-5.51797],[-79.45206,-5.51774],[-79.45093,-5.51745],[-79.4503,-5.51734],[-79.44995,-5.5173],[-79.44864,-5.51812],[-79.44849,-5.51847],[-79.44815,-5.51881],[-79.44901,-5.51955],[-79.44967,-5.51949],[-79.45007,-5.51995],[-79.45142,-5.52211],[-79.4512,-5.52234],[-79.45069,-5.52262],[-79.45006,-5.5229],[-79.44972,-5.52313],[-79.4491,-5.52409],[-79.44926,-5.52455],[-79.44893,-5.52509],[-79.44859,-5.52517],[-79.44825,-5.52521],[-79.44799,-5.52547],[-79.44748,-5.52602],[-79.44735,-5.52653],[-79.44735,-5.52691],[-79.44758,-5.52713],[-79.44788,-5.52707],[-79.44773,-5.52726],[-79.44743,-5.52772],[-79.44734,-5.52802],[-79.44742,-5.52824],[-79.44784,-5.52854],[-79.44811,-5.52875],[-79.44845,-5.52905],[-79.44857,-5.52943],[-79.44803,-5.52982],[-79.44738,-5.53028],[-79.4467,-5.53028],[-79.44662,-5.52985],[-79.44611,-5.52989],[-79.44573,-5.53002],[-79.44577,-5.53049],[-79.44572,-5.53091],[-79.44543,-5.53104],[-79.44517,-5.5307],[-79.44505,-5.53015],[-79.44479,-5.52887],[-79.44509,-5.52831],[-79.44522,-5.52793],[-79.44535,-5.52746],[-79.44501,-5.52729],[-79.44493,-5.52704],[-79.44501,-5.52661],[-79.44506,-5.52572],[-79.44489,-5.52499],[-79.4451,-5.52461],[-79.44634,-5.5238],[-79.44719,-5.52312],[-79.44753,-5.52321],[-79.44766,-5.52342],[-79.4477,-5.52372],[-79.44799,-5.52364],[-79.44838,-5.52321],[-79.44855,-5.52228],[-79.44851,-5.52194],[-79.44796,-5.52087],[-79.44736,-5.5207],[-79.4466,-5.52065],[-79.44634,-5.52087],[-79.4449,-5.5209],[-79.44443,-5.52078],[-79.44431,-5.52043],[-79.44439,-5.52001],[-79.44448,-5.51946],[-79.44388,-5.51958],[-79.44367,-5.51911],[-79.44376,-5.51877],[-79.44389,-5.51767],[-79.4438,-5.51711],[-79.44355,-5.51681],[-79.44334,-5.51715],[-79.44291,-5.51741],[-79.44266,-5.51725],[-79.44264,-5.5173],[-79.44207,-5.51856],[-79.44156,-5.51969],[-79.44156,-5.51973],[-79.44149,-5.52177],[-79.44145,-5.52297],[-79.44145,-5.52303],[-79.4414,-5.52437],[-79.4414,-5.52451],[-79.44138,-5.525],[-79.44136,-5.52555],[-79.44162,-5.52876],[-79.44143,-5.53114],[-79.44214,-5.53307],[-79.44321,-5.53593],[-79.44544,-5.53586],[-79.44681,-5.53582],[-79.44683,-5.53573],[-79.44734,-5.5341],[-79.44766,-5.53386],[-79.44798,-5.53385],[-79.44999,-5.53459],[-79.4505,-5.53478],[-79.4505,-5.53513],[-79.45073,-5.53565],[-79.45076,-5.53569],[-79.45147,-5.53567],[-79.45228,-5.53564],[-79.45232,-5.53559],[-79.45277,-5.53514],[-79.45315,-5.53533],[-79.45514,-5.53136],[-79.45554,-5.53057],[-79.45596,-5.52973],[-79.45674,-5.52819],[-79.45757,-5.52685],[-79.45911,-5.52441],[-79.45914,-5.52436],[-79.45973,-5.52341],[-79.45979,-5.52331],[-79.45993,-5.5231],[-79.46013,-5.52278],[-79.4604,-5.52271],[-79.46033,-5.52254],[-79.46028,-5.52216],[-79.46082,-5.52167],[-79.46069,-5.52124],[-79.46046,-5.52083],[-79.45995,-5.52075],[-79.45897,-5.52045],[-79.45886,-5.52035],[-79.45902,-5.51997],[-79.45906,-5.51989],[-79.45914,-5.51985],[-79.45944,-5.51994],[-79.45986,-5.52003],[-79.46001,-5.52003],[-79.45965,-5.51938],[-79.45944,-5.51943],[-79.45934,-5.51937],[-79.45949,-5.5191],[-79.45937,-5.51888],[-79.45943,-5.51882],[-79.45924,-5.51852],[-79.45936,-5.51819],[-79.45949,-5.51773],[-79.45953,-5.51738],[-79.4603,-5.51713],[-79.46072,-5.51722],[-79.46092,-5.51717],[-79.46152,-5.51703],[-79.4627,-5.51601],[-79.46274,-5.51575],[-79.46229,-5.51536],[-79.46166,-5.51569],[-79.46135,-5.51604],[-79.46115,-5.51599],[-79.46036,-5.51589],[-79.45909,-5.51301],[-79.45937,-5.5127],[-79.45941,-5.51232],[-79.45954,-5.51206],[-79.46018,-5.5113],[-79.46052,-5.51109],[-79.46086,-5.51122],[-79.46087,-5.51122],[-79.46097,-5.51048],[-79.46158,-5.51082],[-79.4615,-5.51051],[-79.46156,-5.51007],[-79.46163,-5.50963],[-79.46171,-5.50906],[-79.46161,-5.50894],[-79.4615,-5.50909],[-79.4607,-5.50926],[-79.4607,-5.5096],[-79.46052,-5.50985]]]}},{"type":"Feature","properties":{"Name":"Zonas aptas para pastos con calidad Agrol\u00f3gica media, asociadas a potencial de energ\u00edas renovables no convencionales y potencial turistico en tierras de proteccion","description":"<div style='font-family:sans-serif;'><h4>ZEE PIURA - Zonas aptas para pastos con calidad Agrol\u00f3gica media, asociadas a potencial de energ\u00edas renovables no convencionales y potencial turistico en tierras de proteccion</h4><table border='1' cellpadding='4' style='border-collapse:collapse;font-size:12px;'><tr><td><b>OBJECTID:</b></td><td>78</td></tr><tr><td><b>ZEECODE:</b></td><td>67</td></tr><tr><td><b>ZEE:</b></td><td>Zonas aptas para pastos con calidad Agrol\u00f3gica media, asociadas a potencial de energ\u00edas renovables no convencionales y potencial turistico en tierras de proteccion</td></tr><tr><td><b>ZEE_ZONAS:</b></td><td>Zonas aptas para pastos con calidad Agrol\u00f3gica media, asociadas a potencial de energ\u00edas renovables no convencionales y potencial turistico en tierras</td></tr><tr><td><b>ZEE_GRANDE:</b></td><td>Zonas Productivas</td></tr><tr><td><b>AREA:</b></td><td>12304481.273</td></tr><tr><td><b>PERIMETER:</b></td><td>93832.935</td></tr><tr><td><b>HECTARES:</b></td><td>1230.448</td></tr></table></div>"},"geometry":{"type":"Polygon","coordinates":[[[-79.47929,-5.15331],[-79.47917,-5.1535],[-79.479,-5.15345],[-79.47849,-5.15294],[-79.478,-5.15311],[-79.47756,-5.15314],[-79.47761,-5.15369],[-79.47759,-5.15391],[-79.47742,-5.15417],[-79.47704,-5.15445],[-79.47563,-5.15551],[-79.47548,-5.15541],[-79.47474,-5.15474],[-79.47403,-5.1543],[-79.47315,-5.15392],[-79.47298,-5.15381],[-79.47298,-5.15324],[-79.47249,-5.1529],[-79.47243,-5.1528],[-79.47214,-5.15281],[-79.47171,-5.15286],[-79.47158,-5.15297],[-79.47157,-5.15298],[-79.47149,-5.15308],[-79.47146,-5.15311],[-79.4713,-5.15329],[-79.47134,-5.15341],[-79.47128,-5.15392],[-79.47062,-5.15425],[-79.4706,-5.15426],[-79.46992,-5.15431],[-79.46963,-5.15556],[-79.4698,-5.15601],[-79.4702,-5.15641],[-79.47121,-5.1566],[-79.47131,-5.15657],[-79.47146,-5.15643],[-79.47151,-5.15629],[-79.47148,-5.15605],[-79.47156,-5.15581],[-79.47168,-5.15562],[-79.47156,-5.1555],[-79.47146,-5.15533],[-79.47146,-5.15521],[-79.47199,-5.15432],[-79.47257,-5.15427],[-79.4728,-5.15425],[-79.47364,-5.15466],[-79.4738,-5.15481],[-79.47419,-5.15519],[-79.4754,-5.15589],[-79.47576,-5.15603],[-79.47619,-5.15613],[-79.47731,-5.15596],[-79.47758,-5.15573],[-79.47782,-5.15551],[-79.47808,-5.15539],[-79.47805,-5.15558],[-79.47762,-5.15628],[-79.47731,-5.1563],[-79.47703,-5.15637],[-79.47674,-5.15651],[-79.47659,-5.15675],[-79.47657,-5.15707],[-79.47678,-5.15798],[-79.47768,-5.15898],[-79.47812,-5.15903],[-79.47826,-5.1587],[-79.4782,-5.15848],[-79.4781,-5.15819],[-79.47826,-5.15774],[-79.47839,-5.15752],[-79.47884,-5.15746],[-79.47906,-5.15768],[-79.47928,-5.15784],[-79.4796,-5.15784],[-79.48002,-5.15746],[-79.48017,-5.1573],[-79.48033,-5.15708],[-79.48046,-5.15695],[-79.48116,-5.15705],[-79.48142,-5.15711],[-79.48151,-5.15737],[-79.48161,-5.15762],[-79.48151,-5.15794],[-79.48161,-5.15829],[-79.48173,-5.15845],[-79.48237,-5.15922],[-79.48304,-5.15929],[-79.48326,-5.15941],[-79.48342,-5.15961],[-79.48364,-5.16066],[-79.48364,-5.16149],[-79.48361,-5.16166],[-79.48362,-5.16166],[-79.48401,-5.16195],[-79.4843,-5.16183],[-79.48463,-5.16161],[-79.48472,-5.16117],[-79.48469,-5.16092],[-79.48466,-5.16063],[-79.48482,-5.16041],[-79.48542,-5.16019],[-79.48593,-5.16003],[-79.48673,-5.1599],[-79.48692,-5.15987],[-79.48727,-5.15958],[-79.48747,-5.15936],[-79.48737,-5.1592],[-79.48724,-5.15907],[-79.48706,-5.15869],[-79.48673,-5.15883],[-79.48626,-5.15892],[-79.48626,-5.15895],[-79.48626,-5.15919],[-79.48607,-5.1595],[-79.48578,-5.15959],[-79.48564,-5.15945],[-79.48571,-5.15923],[-79.48576,-5.15902],[-79.48416,-5.15932],[-79.48293,-5.15774],[-79.48284,-5.15785],[-79.48268,-5.15801],[-79.48227,-5.15809],[-79.48205,-5.15806],[-79.48194,-5.15792],[-79.48189,-5.15758],[-79.48194,-5.15727],[-79.48191,-5.15719],[-79.48184,-5.15696],[-79.48136,-5.15641],[-79.48112,-5.15626],[-79.48062,-5.15602],[-79.48024,-5.15621],[-79.48016,-5.15634],[-79.48002,-5.15659],[-79.4799,-5.15686],[-79.47987,-5.15707],[-79.47944,-5.15731],[-79.47923,-5.15722],[-79.47825,-5.15671],[-79.47813,-5.15657],[-79.47825,-5.15585],[-79.4783,-5.15563],[-79.47849,-5.15535],[-79.47851,-5.15534],[-79.47868,-5.15523],[-79.47873,-5.15499],[-79.47866,-5.15475],[-79.47845,-5.15455],[-79.47807,-5.15455],[-79.47785,-5.15458],[-79.47768,-5.15446],[-79.47776,-5.15424],[-79.4779,-5.15407],[-79.47816,-5.15398],[-79.47838,-5.15403],[-79.47869,-5.15422],[-79.47897,-5.15434],[-79.47926,-5.15434],[-79.47945,-5.15429],[-79.48007,-5.15386],[-79.48029,-5.15317],[-79.48031,-5.15291],[-79.48029,-5.15276],[-79.47995,-5.15246],[-79.47928,-5.15268],[-79.47931,-5.15288],[-79.47929,-5.15331]]]}},{"type":"Feature","properties":{"Name":"Zonas aptas para pastos con calidad Agrol\u00f3gica media, asociadas a potencial de energ\u00edas renovables no convencionales y potencial turistico","description":"<div style='font-family:sans-serif;'><h4>ZEE PIURA - Zonas aptas para pastos con calidad Agrol\u00f3gica media, asociadas a potencial de energ\u00edas renovables no convencionales y potencial turistico</h4><table border='1' cellpadding='4' style='border-collapse:collapse;font-size:12px;'><tr><td><b>OBJECTID:</b></td><td>79</td></tr><tr><td><b>ZEECODE:</b></td><td>66</td></tr><tr><td><b>ZEE:</b></td><td>Zonas aptas para pastos con calidad Agrol\u00f3gica media, asociadas a potencial de energ\u00edas renovables no convencionales y potencial turistico</td></tr><tr><td><b>ZEE_ZONAS:</b></td><td>Zonas aptas para pastos con calidad Agrol\u00f3gica media, asociadas a potencial de energ\u00edas renovables no convencionales y potencial turistico</td></tr><tr><td><b>ZEE_GRANDE:</b></td><td>Zonas Productivas</td></tr><tr><td><b>AREA:</b></td><td>4949401.545</td></tr><tr><td><b>PERIMETER:</b></td><td>19401.271</td></tr><tr><td><b>HECTARES:</b></td><td>494.94</td></tr></table></div>"},"geometry":{"type":"Polygon","coordinates":[[[-79.55081,-5.21743],[-79.55062,-5.21822],[-79.55075,-5.2182],[-79.55083,-5.21873],[-79.55111,-5.21986],[-79.55139,-5.22105],[-79.55167,-5.22229],[-79.55149,-5.22376],[-79.5515,-5.22379],[-79.55155,-5.22455],[-79.55155,-5.22534],[-79.55301,-5.22557],[-79.55346,-5.22591],[-79.55351,-5.22715],[-79.55363,-5.22738],[-79.55432,-5.2277],[-79.55447,-5.22777],[-79.55559,-5.228],[-79.55608,-5.22751],[-79.5561,-5.22749],[-79.55599,-5.22704],[-79.55577,-5.22597],[-79.5556,-5.22473],[-79.55594,-5.22366],[-79.55561,-5.22287],[-79.55482,-5.22185],[-79.55431,-5.221],[-79.55417,-5.22077],[-79.55403,-5.22055],[-79.55382,-5.21933],[-79.55349,-5.21939],[-79.55298,-5.21939],[-79.55274,-5.21891],[-79.55258,-5.21859],[-79.55218,-5.21867],[-79.55198,-5.21903],[-79.55214,-5.22027],[-79.55246,-5.22059],[-79.55317,-5.22119],[-79.55353,-5.22135],[-79.55401,-5.22115],[-79.55433,-5.22123],[-79.55448,-5.22175],[-79.55424,-5.22187],[-79.55401,-5.22179],[-79.55341,-5.22187],[-79.55313,-5.22203],[-79.55321,-5.22239],[-79.55376,-5.22343],[-79.554,-5.22367],[-79.55436,-5.22371],[-79.55472,-5.22339],[-79.55496,-5.22323],[-79.55536,-5.22343],[-79.55551,-5.22427],[-79.55511,-5.22447],[-79.55491,-5.22499],[-79.55459,-5.22586],[-79.55471,-5.22654],[-79.55443,-5.22686],[-79.55423,-5.22658],[-79.55396,-5.22618],[-79.55392,-5.22586],[-79.55384,-5.22518],[-79.5538,-5.22478],[-79.55348,-5.22466],[-79.55304,-5.22474],[-79.55253,-5.22462],[-79.55253,-5.2241],[-79.55269,-5.22366],[-79.55285,-5.2233],[-79.55277,-5.22291],[-79.55249,-5.2227],[-79.55213,-5.22314],[-79.55185,-5.22358],[-79.55161,-5.2237],[-79.55161,-5.22334],[-79.55181,-5.2227],[-79.55205,-5.22238],[-79.55225,-5.22211],[-79.55229,-5.22171],[-79.55206,-5.22119],[-79.55174,-5.22051],[-79.55146,-5.21975],[-79.55138,-5.21951],[-79.55103,-5.21835],[-79.55083,-5.21759],[-79.55081,-5.21743]]]}},{"type":"Feature","properties":{"Name":"Zonas aptas para produccion forestal maderable","description":"<div style='font-family:sans-serif;'><h4>ZEE PIURA - Zonas aptas para produccion forestal maderable</h4><table border='1' cellpadding='4' style='border-collapse:collapse;font-size:12px;'><tr><td><b>OBJECTID:</b></td><td>80</td></tr><tr><td><b>ZEECODE:</b></td><td>73</td></tr><tr><td><b>ZEE:</b></td><td>Zonas aptas para produccion forestal maderable</td></tr><tr><td><b>ZEE_ZONAS:</b></td><td>Zonas aptas para produccion forestal maderable</td></tr><tr><td><b>ZEE_GRANDE:</b></td><td>Zonas Productivas</td></tr><tr><td><b>AREA:</b></td><td>609507714.175</td></tr><tr><td><b>PERIMETER:</b></td><td>1204450.626</td></tr><tr><td><b>HECTARES:</b></td><td>60950.771</td></tr></table></div>"},"geometry":{"type":"Polygon","coordinates":[[[-79.39103,-5.82218],[-79.39153,-5.82233],[-79.39176,-5.82231],[-79.3908,-5.82192],[-79.39103,-5.82218]]]}},{"type":"Feature","properties":{"Name":"Zonas aptas para produccion forestal maderable asociadas a tierras de proteccion","description":"<div style='font-family:sans-serif;'><h4>ZEE PIURA - Zonas aptas para produccion forestal maderable asociadas a tierras de proteccion</h4><table border='1' cellpadding='4' style='border-collapse:collapse;font-size:12px;'><tr><td><b>OBJECTID:</b></td><td>81</td></tr><tr><td><b>ZEECODE:</b></td><td>74</td></tr><tr><td><b>ZEE:</b></td><td>Zonas aptas para produccion forestal maderable asociadas a tierras de proteccion</td></tr><tr><td><b>ZEE_ZONAS:</b></td><td>Zonas aptas para produccion forestal maderable asociadas a tierras de proteccion</td></tr><tr><td><b>ZEE_GRANDE:</b></td><td>Zonas Productivas</td></tr><tr><td><b>AREA:</b></td><td>502325870.243</td></tr><tr><td><b>PERIMETER:</b></td><td>1235156.688</td></tr><tr><td><b>HECTARES:</b></td><td>50232.587</td></tr></table></div>"},"geometry":{"type":"Polygon","coordinates":[[[-79.48489,-5.84682],[-79.48503,-5.84698],[-79.48534,-5.84649],[-79.48498,-5.84655],[-79.48489,-5.84682]]]}},{"type":"Feature","properties":{"Name":"Zonas aptas para produccion forestal maderable con calidad Agrol\u00f3gica baja","description":"<div style='font-family:sans-serif;'><h4>ZEE PIURA - Zonas aptas para produccion forestal maderable con calidad Agrol\u00f3gica baja</h4><table border='1' cellpadding='4' style='border-collapse:collapse;font-size:12px;'><tr><td><b>OBJECTID:</b></td><td>82</td></tr><tr><td><b>ZEECODE:</b></td><td>75</td></tr><tr><td><b>ZEE:</b></td><td>Zonas aptas para produccion forestal maderable con calidad Agrol\u00f3gica baja</td></tr><tr><td><b>ZEE_ZONAS:</b></td><td>Zonas aptas para produccion forestal maderable con calidad Agrol\u00f3gica baja</td></tr><tr><td><b>ZEE_GRANDE:</b></td><td>Zonas Productivas</td></tr><tr><td><b>AREA:</b></td><td>13337219.872</td></tr><tr><td><b>PERIMETER:</b></td><td>42852.687</td></tr><tr><td><b>HECTARES:</b></td><td>1333.722</td></tr></table></div>"},"geometry":{"type":"Polygon","coordinates":[[[-80.81523,-6.00572],[-80.81483,-6.00663],[-80.81519,-6.00688],[-80.8156,-6.00791],[-80.81609,-6.00814],[-80.81573,-6.00825],[-80.81574,-6.00827],[-80.81422,-6.00924],[-80.81325,-6.00799],[-80.8122,-6.00787],[-80.8112,-6.00775],[-80.80965,-6.00757],[-80.8073,-6.0066],[-80.80619,-6.0066],[-80.80489,-6.00725],[-80.80511,-6.00813],[-80.80716,-6.01036],[-80.80753,-6.01076],[-80.80915,-6.01318],[-80.81036,-6.01622],[-80.81036,-6.01783],[-80.81448,-6.02128],[-80.81505,-6.02015],[-80.81626,-6.01941],[-80.81666,-6.01926],[-80.81673,-6.01911],[-80.81683,-6.01886],[-80.81693,-6.01859],[-80.81705,-6.01831],[-80.81715,-6.01801],[-80.81732,-6.01777],[-80.81755,-6.01763],[-80.81771,-6.01784],[-80.81786,-6.0181],[-80.81801,-6.01834],[-80.81822,-6.01862],[-80.81844,-6.01878],[-80.81867,-6.01876],[-80.81883,-6.01869],[-80.81895,-6.01863],[-80.81914,-6.01845],[-80.81937,-6.01848],[-80.8195,-6.01876],[-80.81956,-6.019],[-80.81963,-6.01925],[-80.81974,-6.0195],[-80.81981,-6.01981],[-80.81988,-6.02006],[-80.81994,-6.02032],[-80.82,-6.02047],[-80.82021,-6.02033],[-80.82054,-6.02019],[-80.82069,-6.0202],[-80.82077,-6.0202],[-80.82111,-6.02025],[-80.82134,-6.02033],[-80.82142,-6.02058],[-80.82135,-6.02081],[-80.82135,-6.02082],[-80.82135,-6.02104],[-80.82127,-6.02132],[-80.82122,-6.02162],[-80.82103,-6.02182],[-80.82082,-6.02203],[-80.82077,-6.02227],[-80.82067,-6.02251],[-80.82055,-6.02287],[-80.82049,-6.02321],[-80.82048,-6.02354],[-80.82048,-6.02377],[-80.82052,-6.02404],[-80.82053,-6.02428],[-80.82055,-6.02455],[-80.82057,-6.02481],[-80.82058,-6.02507],[-80.82067,-6.02537],[-80.8208,-6.0256],[-80.82109,-6.02582],[-80.82138,-6.02601],[-80.82166,-6.02611],[-80.82191,-6.02611],[-80.82215,-6.02609],[-80.82242,-6.0261],[-80.82265,-6.02595],[-80.82275,-6.02565],[-80.82287,-6.02539],[-80.82297,-6.02509],[-80.82303,-6.02484],[-80.82312,-6.02445],[-80.82327,-6.02414],[-80.8233,-6.02404],[-80.82335,-6.02391],[-80.82351,-6.02373],[-80.82374,-6.02364],[-80.82393,-6.0238],[-80.82401,-6.02404],[-80.82404,-6.02435],[-80.82405,-6.02439],[-80.82404,-6.02464],[-80.82404,-6.02487],[-80.82399,-6.02512],[-80.82398,-6.0254],[-80.82395,-6.02576],[-80.8239,-6.02611],[-80.82386,-6.02636],[-80.82386,-6.0266],[-80.82383,-6.02682],[-80.82383,-6.02708],[-80.82382,-6.02736],[-80.82383,-6.02758],[-80.82385,-6.02786],[-80.82398,-6.02814],[-80.82406,-6.0284],[-80.82418,-6.02863],[-80.82433,-6.02887],[-80.82456,-6.02908],[-80.82476,-6.02929],[-80.82496,-6.02944],[-80.82518,-6.02963],[-80.82539,-6.02979],[-80.82564,-6.02998],[-80.82591,-6.0302],[-80.82618,-6.03042],[-80.82643,-6.03061],[-80.82659,-6.0308],[-80.82674,-6.031],[-80.82685,-6.03126],[-80.82695,-6.03158],[-80.827,-6.03184],[-80.82697,-6.03209],[-80.82687,-6.03234],[-80.82677,-6.03267],[-80.82665,-6.03298],[-80.8265,-6.03326],[-80.82634,-6.03348],[-80.82617,-6.03369],[-80.82593,-6.03401],[-80.82576,-6.03421],[-80.8256,-6.03439],[-80.82541,-6.03457],[-80.82518,-6.03475],[-80.82499,-6.0349],[-80.82478,-6.03506],[-80.82459,-6.03522],[-80.82428,-6.03544],[-80.8241,-6.0356],[-80.82386,-6.03582],[-80.82374,-6.03603],[-80.82362,-6.03626],[-80.82357,-6.03653],[-80.82357,-6.03681],[-80.82363,-6.03705],[-80.82369,-6.03727],[-80.82375,-6.03752],[-80.82386,-6.03785],[-80.82397,-6.03809],[-80.82408,-6.03832],[-80.82421,-6.03853],[-80.82435,-6.03885],[-80.82448,-6.03916],[-80.82458,-6.03937],[-80.82467,-6.03965],[-80.8247,-6.0399],[-80.82477,-6.04014],[-80.82481,-6.04041],[-80.8248,-6.04067],[-80.8248,-6.04094],[-80.82476,-6.04118],[-80.82472,-6.04141],[-80.82467,-6.04163],[-80.82457,-6.04187],[-80.82433,-6.04207],[-80.82405,-6.04229],[-80.82382,-6.04246],[-80.82361,-6.04272],[-80.82335,-6.04299],[-80.82309,-6.04326],[-80.82285,-6.04349],[-80.8227,-6.04367],[-80.82249,-6.04391],[-80.82225,-6.04411],[-80.82212,-6.04436],[-80.8219,-6.04466],[-80.82174,-6.04493],[-80.82164,-6.0452],[-80.82161,-6.04546],[-80.82164,-6.04571],[-80.82173,-6.04597],[-80.82191,-6.04614],[-80.82223,-6.04622],[-80.82251,-6.04622],[-80.82274,-6.04627],[-80.82299,-6.04633],[-80.82322,-6.04643],[-80.82345,-6.04654],[-80.82367,-6.04669],[-80.82393,-6.04662],[-80.82409,-6.04644],[-80.82425,-6.04622],[-80.82447,-6.04596],[-80.82466,-6.04578],[-80.82484,-6.04563],[-80.82508,-6.04564],[-80.82523,-6.04585],[-80.82531,-6.04608],[-80.82531,-6.04634],[-80.82531,-6.04656],[-80.82528,-6.0468],[-80.82527,-6.04702],[-80.82524,-6.04739],[-80.82516,-6.04774],[-80.82515,-6.04796],[-80.82512,-6.04822],[-80.82512,-6.04845],[-80.82512,-6.04875],[-80.82509,-6.04909],[-80.82507,-6.04947],[-80.82502,-6.04978],[-80.82501,-6.05014],[-80.82491,-6.05045],[-80.8249,-6.05071],[-80.82483,-6.05112],[-80.82477,-6.05139],[-80.82476,-6.05167],[-80.82471,-6.0519],[-80.82471,-6.0522],[-80.82466,-6.05245],[-80.82465,-6.0528],[-80.82459,-6.05324],[-80.82458,-6.05365],[-80.82454,-6.05407],[-80.82454,-6.05432],[-80.82454,-6.05455],[-80.82453,-6.0548],[-80.82452,-6.05504],[-80.82451,-6.0554],[-80.82451,-6.05575],[-80.82443,-6.05602],[-80.82442,-6.05628],[-80.8244,-6.05656],[-80.8243,-6.05683],[-80.82413,-6.05701],[-80.82396,-6.05719],[-80.82376,-6.05734],[-80.82359,-6.05755],[-80.82345,-6.05775],[-80.8233,-6.05798],[-80.82319,-6.05819],[-80.82302,-6.05839],[-80.8229,-6.05862],[-80.82299,-6.05876],[-80.82309,-6.05899],[-80.82327,-6.05921],[-80.82348,-6.0594],[-80.8237,-6.05963],[-80.8239,-6.05977],[-80.82411,-6.0599],[-80.82441,-6.05995],[-80.82464,-6.05989],[-80.82489,-6.05984],[-80.82512,-6.05973],[-80.82541,-6.05955],[-80.82561,-6.0594],[-80.82585,-6.0592],[-80.82609,-6.05904],[-80.82637,-6.05884],[-80.82657,-6.05868],[-80.82679,-6.0585],[-80.82702,-6.05841],[-80.82728,-6.05833],[-80.82757,-6.05827],[-80.82785,-6.05825],[-80.82818,-6.05826],[-80.82843,-6.05827],[-80.82866,-6.05827],[-80.82891,-6.05837],[-80.82911,-6.05849],[-80.82936,-6.05861],[-80.82954,-6.05876],[-80.82975,-6.05892],[-80.82997,-6.05914],[-80.83024,-6.05935],[-80.83033,-6.05937],[-80.83033,-6.05935],[-80.83092,-6.05921],[-80.83093,-6.0592],[-80.8311,-6.059],[-80.83127,-6.05879],[-80.83146,-6.0586],[-80.83165,-6.05839],[-80.83183,-6.05823],[-80.83202,-6.0581],[-80.83225,-6.05794],[-80.83243,-6.05792],[-80.83248,-6.05789],[-80.83255,-6.05781],[-80.83298,-6.05732],[-80.83312,-6.05717],[-80.83451,-6.05684],[-80.83492,-6.05674],[-80.83532,-6.05556],[-80.83532,-6.05555],[-80.83532,-6.05511],[-80.83529,-6.05488],[-80.83529,-6.05446],[-80.83531,-6.05409],[-80.83532,-6.05375],[-80.83532,-6.0534],[-80.83533,-6.05306],[-80.83534,-6.05275],[-80.83535,-6.05253],[-80.83536,-6.05241],[-80.83535,-6.05217],[-80.83482,-6.05005],[-80.83546,-6.04728],[-80.83588,-6.04505],[-80.83525,-6.04218],[-80.83495,-6.04115],[-80.8344,-6.0392],[-80.83493,-6.03739],[-80.83599,-6.0359],[-80.83661,-6.03562],[-80.83623,-6.03433],[-80.83515,-6.03491],[-80.83496,-6.03501],[-80.83427,-6.03639],[-80.83358,-6.03598],[-80.83275,-6.03487],[-80.83317,-6.03334],[-80.83178,-6.03168],[-80.83095,-6.0303],[-80.83013,-6.02915],[-80.82957,-6.02836],[-80.82929,-6.02808],[-80.82736,-6.02656],[-80.82748,-6.02459],[-80.8275,-6.02434],[-80.82611,-6.0224],[-80.82445,-6.02046],[-80.82427,-6.01973],[-80.82349,-6.01658],[-80.82347,-6.01613],[-80.82342,-6.01602],[-80.82327,-6.01571],[-80.82321,-6.01546],[-80.82315,-6.01516],[-80.82313,-6.01493],[-80.82309,-6.01465],[-80.82309,-6.01439],[-80.82312,-6.01414],[-80.82313,-6.01389],[-80.82328,-6.01366],[-80.82336,-6.01365],[-80.82335,-6.01339],[-80.8232,-6.01309],[-80.82279,-6.01229],[-80.82086,-6.01132],[-80.82,-6.01015],[-80.81934,-6.00924],[-80.81902,-6.00871],[-80.81841,-6.00773],[-80.81823,-6.00744],[-80.81804,-6.00705],[-80.81768,-6.00633],[-80.81734,-6.00624],[-80.81729,-6.00626],[-80.8173,-6.00623],[-80.81657,-6.00605],[-80.81519,-6.00536],[-80.81489,-6.00562],[-80.81523,-6.00572]]]}},{"type":"Feature","properties":{"Name":"Zonas aptas para produccion forestal maderable con calidad Agrol\u00f3gica baja, asociadas a tierras de proteccion","description":"<div style='font-family:sans-serif;'><h4>ZEE PIURA - Zonas aptas para produccion forestal maderable con calidad Agrol\u00f3gica baja, asociadas a tierras de proteccion</h4><table border='1' cellpadding='4' style='border-collapse:collapse;font-size:12px;'><tr><td><b>OBJECTID:</b></td><td>83</td></tr><tr><td><b>ZEECODE:</b></td><td>76</td></tr><tr><td><b>ZEE:</b></td><td>Zonas aptas para produccion forestal maderable con calidad Agrol\u00f3gica baja, asociadas a tierras de proteccion</td></tr><tr><td><b>ZEE_ZONAS:</b></td><td>Zonas aptas para produccion forestal maderable con calidad Agrol\u00f3gica baja, asociadas a tierras de proteccion</td></tr><tr><td><b>ZEE_GRANDE:</b></td><td>Zonas Productivas</td></tr><tr><td><b>AREA:</b></td><td>15249846.506</td></tr><tr><td><b>PERIMETER:</b></td><td>127511.129</td></tr><tr><td><b>HECTARES:</b></td><td>1524.985</td></tr></table></div>"},"geometry":{"type":"Polygon","coordinates":[[[-79.53558,-5.76243],[-79.53469,-5.7667],[-79.53476,-5.76842],[-79.53403,-5.7698],[-79.53432,-5.77007],[-79.53381,-5.77063],[-79.53355,-5.7707],[-79.53302,-5.7717],[-79.53543,-5.77522],[-79.53306,-5.77742],[-79.53386,-5.77837],[-79.53424,-5.77873],[-79.53532,-5.77859],[-79.53538,-5.77898],[-79.53555,-5.77944],[-79.5364,-5.77916],[-79.53668,-5.77853],[-79.53731,-5.77791],[-79.53793,-5.7778],[-79.5385,-5.77769],[-79.53884,-5.77757],[-79.53941,-5.77729],[-79.54003,-5.77712],[-79.54071,-5.77701],[-79.54139,-5.77781],[-79.54014,-5.77877],[-79.53952,-5.77865],[-79.53884,-5.77842],[-79.53838,-5.77854],[-79.5377,-5.77893],[-79.53759,-5.77961],[-79.53832,-5.77984],[-79.53878,-5.78035],[-79.53832,-5.78064],[-79.53758,-5.78058],[-79.5369,-5.78035],[-79.53639,-5.78069],[-79.53651,-5.7812],[-79.53719,-5.78126],[-79.53707,-5.78166],[-79.5365,-5.78194],[-79.53599,-5.78205],[-79.53543,-5.78188],[-79.5353,-5.78186],[-79.53509,-5.78182],[-79.53518,-5.7823],[-79.5352,-5.78239],[-79.53559,-5.78296],[-79.53639,-5.78353],[-79.5361,-5.785],[-79.53583,-5.7853],[-79.53641,-5.78593],[-79.53646,-5.78593],[-79.53678,-5.7854],[-79.53729,-5.78461],[-79.53786,-5.78438],[-79.53837,-5.78473],[-79.53928,-5.78427],[-79.53911,-5.78354],[-79.53979,-5.78274],[-79.5407,-5.78252],[-79.54143,-5.78235],[-79.54194,-5.78252],[-79.54262,-5.78292],[-79.54331,-5.7823],[-79.54319,-5.78167],[-79.5432,-5.78105],[-79.54393,-5.78077],[-79.54439,-5.78009],[-79.54484,-5.77992],[-79.54535,-5.78009],[-79.5455,-5.78019],[-79.54523,-5.78172],[-79.54495,-5.78185],[-79.54461,-5.7823],[-79.54449,-5.78304],[-79.54483,-5.78349],[-79.54492,-5.78349],[-79.54557,-5.7835],[-79.54625,-5.78316],[-79.5475,-5.78322],[-79.54841,-5.78333],[-79.5492,-5.78396],[-79.54937,-5.78487],[-79.54956,-5.78597],[-79.55033,-5.78598],[-79.55071,-5.78537],[-79.55109,-5.78484],[-79.55177,-5.78401],[-79.55192,-5.78325],[-79.55253,-5.78212],[-79.55246,-5.78053],[-79.55241,-5.77978],[-79.54681,-5.77573],[-79.54703,-5.77605],[-79.5471,-5.7762],[-79.54627,-5.77673],[-79.5461,-5.77671],[-79.54536,-5.77665],[-79.54484,-5.77604],[-79.54423,-5.77634],[-79.54378,-5.77642],[-79.54279,-5.77634],[-79.54257,-5.77558],[-79.54242,-5.77498],[-79.54174,-5.7746],[-79.54152,-5.77422],[-79.54144,-5.77346],[-79.54167,-5.77316],[-79.54227,-5.77293],[-79.5425,-5.7724],[-79.54167,-5.7718],[-79.54115,-5.77066],[-79.54092,-5.76998],[-79.54122,-5.7696],[-79.54133,-5.7696],[-79.53876,-5.76545],[-79.53869,-5.76556],[-79.53846,-5.76641],[-79.53804,-5.76653],[-79.53744,-5.76504],[-79.53765,-5.76356],[-79.53776,-5.76357],[-79.5365,-5.7599],[-79.53552,-5.76081],[-79.53558,-5.76243]]]}},{"type":"Feature","properties":{"Name":"Zonas aptas para produccion forestal maderable con calidad Agrol\u00f3gica baja, asociadas a zonas aptas para pastos","description":"<div style='font-family:sans-serif;'><h4>ZEE PIURA - Zonas aptas para produccion forestal maderable con calidad Agrol\u00f3gica baja, asociadas a zonas aptas para pastos</h4><table border='1' cellpadding='4' style='border-collapse:collapse;font-size:12px;'><tr><td><b>OBJECTID:</b></td><td>84</td></tr><tr><td><b>ZEECODE:</b></td><td>77</td></tr><tr><td><b>ZEE:</b></td><td>Zonas aptas para produccion forestal maderable con calidad Agrol\u00f3gica baja, asociadas a zonas aptas para pastos</td></tr><tr><td><b>ZEE_ZONAS:</b></td><td>Zonas aptas para produccion forestal maderable con calidad Agrol\u00f3gica baja, asociadas a zonas aptas para pastos</td></tr><tr><td><b>ZEE_GRANDE:</b></td><td>Zonas Productivas</td></tr><tr><td><b>AREA:</b></td><td>8220731.125</td></tr><tr><td><b>PERIMETER:</b></td><td>84593.525</td></tr><tr><td><b>HECTARES:</b></td><td>822.073</td></tr></table></div>"},"geometry":{"type":"Polygon","coordinates":[[[-79.34243,-5.07304],[-79.34246,-5.07312],[-79.34271,-5.07291],[-79.34246,-5.07193],[-79.34242,-5.07182],[-79.34236,-5.07215],[-79.34243,-5.07304]]]}},{"type":"Feature","properties":{"Name":"Zonas aptas para produccion forestal maderable con calidad agrol\u00f3gica media, asociadas a zonas aptas para cultivos permanentes","description":"<div style='font-family:sans-serif;'><h4>ZEE PIURA - Zonas aptas para produccion forestal maderable con calidad agrol\u00f3gica media, asociadas a zonas aptas para cultivos permanentes</h4><table border='1' cellpadding='4' style='border-collapse:collapse;font-size:12px;'><tr><td><b>OBJECTID:</b></td><td>85</td></tr><tr><td><b>ZEECODE:</b></td><td>78</td></tr><tr><td><b>ZEE:</b></td><td>Zonas aptas para produccion forestal maderable con calidad agrol\u00f3gica media, asociadas a zonas aptas para cultivos permanentes</td></tr><tr><td><b>ZEE_ZONAS:</b></td><td>Zonas aptas para produccion forestal maderable con calidad agrol\u00f3gica media, asociadas a zonas aptas para cultivos permanentes</td></tr><tr><td><b>ZEE_GRANDE:</b></td><td>Zonas Productivas</td></tr><tr><td><b>AREA:</b></td><td>4551866.676</td></tr><tr><td><b>PERIMETER:</b></td><td>53071.193</td></tr><tr><td><b>HECTARES:</b></td><td>455.187</td></tr></table></div>"},"geometry":{"type":"Polygon","coordinates":[[[-79.35837,-5.10122],[-79.35883,-5.10143],[-79.35954,-5.10139],[-79.36009,-5.10111],[-79.36033,-5.10083],[-79.36058,-5.10054],[-79.36088,-5.10045],[-79.36013,-5.10022],[-79.35943,-5.10006],[-79.35892,-5.10006],[-79.35902,-5.10041],[-79.35902,-5.10073],[-79.35809,-5.10083],[-79.35769,-5.10084],[-79.35788,-5.10096],[-79.35837,-5.10122]]]}},{"type":"Feature","properties":{"Name":"Zonas aptas para produccion forestal maderable, asociadas a potencial turistico en tierras de proteccion","description":"<div style='font-family:sans-serif;'><h4>ZEE PIURA - Zonas aptas para produccion forestal maderable, asociadas a potencial turistico en tierras de proteccion</h4><table border='1' cellpadding='4' style='border-collapse:collapse;font-size:12px;'><tr><td><b>OBJECTID:</b></td><td>86</td></tr><tr><td><b>ZEECODE:</b></td><td>79</td></tr><tr><td><b>ZEE:</b></td><td>Zonas aptas para produccion forestal maderable, asociadas a potencial turistico en tierras de proteccion</td></tr><tr><td><b>ZEE_ZONAS:</b></td><td>Zonas aptas para produccion forestal maderable, asociadas a potencial turistico en tierras de proteccion</td></tr><tr><td><b>ZEE_GRANDE:</b></td><td>Zonas Productivas</td></tr><tr><td><b>AREA:</b></td><td>16473323.427</td></tr><tr><td><b>PERIMETER:</b></td><td>91801.061</td></tr><tr><td><b>HECTARES:</b></td><td>1647.332</td></tr></table></div>"},"geometry":{"type":"Polygon","coordinates":[[[-79.61796,-5.79763],[-79.61739,-5.79829],[-79.61692,-5.79786],[-79.61663,-5.79747],[-79.61547,-5.79757],[-79.61499,-5.79805],[-79.61393,-5.79814],[-79.61325,-5.79851],[-79.61287,-5.79872],[-79.61248,-5.7993],[-79.61154,-5.79995],[-79.61151,-5.79997],[-79.61103,-5.80074],[-79.61093,-5.80161],[-79.61132,-5.80229],[-79.60977,-5.80248],[-79.6092,-5.8019],[-79.60823,-5.80286],[-79.60833,-5.80363],[-79.60726,-5.8045],[-79.60765,-5.80517],[-79.60665,-5.80667],[-79.60568,-5.80715],[-79.60539,-5.80773],[-79.60549,-5.80841],[-79.60558,-5.80899],[-79.60462,-5.80927],[-79.60375,-5.80947],[-79.60346,-5.81014],[-79.60346,-5.81015],[-79.60537,-5.81122],[-79.60786,-5.81403],[-79.60955,-5.81595],[-79.60973,-5.81596],[-79.61267,-5.81622],[-79.61269,-5.81622],[-79.6134,-5.81519],[-79.61421,-5.81402],[-79.61512,-5.81269],[-79.61553,-5.81209],[-79.61558,-5.81203],[-79.61631,-5.81139],[-79.61794,-5.80994],[-79.61898,-5.80995],[-79.62028,-5.81067],[-79.62081,-5.81096],[-79.62081,-5.81095],[-79.62076,-5.81069],[-79.62075,-5.81062],[-79.62065,-5.81009],[-79.62057,-5.80971],[-79.62056,-5.80899],[-79.62069,-5.80847],[-79.62069,-5.80847],[-79.62077,-5.80814],[-79.62079,-5.80804],[-79.62084,-5.80761],[-79.62089,-5.8071],[-79.62089,-5.8071],[-79.62085,-5.80618],[-79.62084,-5.806],[-79.62084,-5.806],[-79.62083,-5.80549],[-79.62082,-5.80483],[-79.62088,-5.80456],[-79.62091,-5.80442],[-79.62097,-5.80415],[-79.62109,-5.80363],[-79.62111,-5.80294],[-79.62113,-5.80242],[-79.62113,-5.80241],[-79.62114,-5.80224],[-79.62114,-5.80213],[-79.62117,-5.80163],[-79.62117,-5.80163],[-79.62007,-5.80111],[-79.6194,-5.80092],[-79.61901,-5.8015],[-79.61814,-5.8014],[-79.61795,-5.80053],[-79.61892,-5.80015],[-79.61872,-5.79966],[-79.61911,-5.79851],[-79.6194,-5.79706],[-79.61883,-5.79658],[-79.6185,-5.79671],[-79.61835,-5.79677],[-79.61796,-5.79763]]]}},{"type":"Feature","properties":{"Name":"Zonas aptas para pastos con calidad Agrol\u00f3gica media, asociadas a potencial turistico","description":"<div style='font-family:sans-serif;'><h4>ZEE PIURA - Zonas aptas para pastos con calidad Agrol\u00f3gica media, asociadas a potencial turistico</h4><table border='1' cellpadding='4' style='border-collapse:collapse;font-size:12px;'><tr><td><b>OBJECTID:</b></td><td>87</td></tr><tr><td><b>ZEECODE:</b></td><td>68</td></tr><tr><td><b>ZEE:</b></td><td>Zonas aptas para pastos con calidad Agrol\u00f3gica media, asociadas a potencial turistico</td></tr><tr><td><b>ZEE_ZONAS:</b></td><td>Zonas aptas para pastos con calidad Agrol\u00f3gica media, asociadas a potencial turistico</td></tr><tr><td><b>ZEE_GRANDE:</b></td><td>Zonas Productivas</td></tr><tr><td><b>AREA:</b></td><td>112709.305</td></tr><tr><td><b>PERIMETER:</b></td><td>2898.121</td></tr><tr><td><b>HECTARES:</b></td><td>11.271</td></tr></table></div>"},"geometry":{"type":"Polygon","coordinates":[[[-79.47317,-5.1038],[-79.47303,-5.1033],[-79.4731,-5.1029],[-79.47304,-5.10296],[-79.47304,-5.10276],[-79.47301,-5.10259],[-79.47208,-5.10259],[-79.47168,-5.10264],[-79.47123,-5.10321],[-79.47117,-5.10367],[-79.47179,-5.10412],[-79.47236,-5.10407],[-79.47315,-5.10378],[-79.47317,-5.1038]]]}},{"type":"Feature","properties":{"Name":"Zonas aptas para pastos con calidad Agrol\u00f3gica media, asociadas a potencial turistico en tierras de proteccion","description":"<div style='font-family:sans-serif;'><h4>ZEE PIURA - Zonas aptas para pastos con calidad Agrol\u00f3gica media, asociadas a potencial turistico en tierras de proteccion</h4><table border='1' cellpadding='4' style='border-collapse:collapse;font-size:12px;'><tr><td><b>OBJECTID:</b></td><td>88</td></tr><tr><td><b>ZEECODE:</b></td><td>69</td></tr><tr><td><b>ZEE:</b></td><td>Zonas aptas para pastos con calidad Agrol\u00f3gica media, asociadas a potencial turistico en tierras de proteccion</td></tr><tr><td><b>ZEE_ZONAS:</b></td><td>Zonas aptas para pastos con calidad Agrol\u00f3gica media, asociadas a potencial turistico en tierras de proteccion</td></tr><tr><td><b>ZEE_GRANDE:</b></td><td>Zonas Productivas</td></tr><tr><td><b>AREA:</b></td><td>855723.488</td></tr><tr><td><b>PERIMETER:</b></td><td>14135.189</td></tr><tr><td><b>HECTARES:</b></td><td>85.572</td></tr></table></div>"},"geometry":{"type":"Polygon","coordinates":[[[-79.4652,-5.11356],[-79.46594,-5.11379],[-79.46622,-5.11441],[-79.46565,-5.1147],[-79.46492,-5.11441],[-79.46458,-5.1139],[-79.46407,-5.11344],[-79.46367,-5.11361],[-79.46328,-5.11446],[-79.46356,-5.11492],[-79.46463,-5.11549],[-79.4661,-5.11572],[-79.46695,-5.11572],[-79.46718,-5.11601],[-79.46684,-5.11635],[-79.46639,-5.11646],[-79.46559,-5.11702],[-79.4657,-5.11731],[-79.46638,-5.11714],[-79.46689,-5.11714],[-79.4674,-5.11777],[-79.46723,-5.11822],[-79.46666,-5.11839],[-79.4661,-5.11822],[-79.46502,-5.11895],[-79.46468,-5.11935],[-79.46468,-5.11969],[-79.46508,-5.11975],[-79.46559,-5.11958],[-79.46627,-5.11924],[-79.46678,-5.11913],[-79.46819,-5.1197],[-79.46785,-5.1201],[-79.46757,-5.12049],[-79.46796,-5.12078],[-79.46768,-5.1218],[-79.46705,-5.12191],[-79.46665,-5.12225],[-79.46637,-5.12293],[-79.46637,-5.12322],[-79.46688,-5.12378],[-79.46688,-5.12435],[-79.46676,-5.12469],[-79.46707,-5.1249],[-79.46957,-5.11941],[-79.46948,-5.11932],[-79.4685,-5.11843],[-79.4685,-5.11608],[-79.4689,-5.115],[-79.4696,-5.11478],[-79.46871,-5.11453],[-79.46849,-5.11408],[-79.46803,-5.11351],[-79.46736,-5.11328],[-79.4669,-5.11368],[-79.46617,-5.11339],[-79.46571,-5.11305],[-79.46509,-5.11305],[-79.4652,-5.11356]]]}},{"type":"Feature","properties":{"Name":"Zonas con aptitud urbano industrial","description":"<div style='font-family:sans-serif;'><h4>ZEE PIURA - Zonas con aptitud urbano industrial</h4><table border='1' cellpadding='4' style='border-collapse:collapse;font-size:12px;'><tr><td><b>OBJECTID:</b></td><td>89</td></tr><tr><td><b>ZEECODE:</b></td><td>104</td></tr><tr><td><b>ZEE:</b></td><td>Zonas con aptitud urbano industrial</td></tr><tr><td><b>ZEE_ZONAS:</b></td><td>Zonas con aptitud urbano industrial</td></tr><tr><td><b>ZEE_GRANDE:</b></td><td>Zonas de Aptitud Urbano Industrial</td></tr><tr><td><b>AREA:</b></td><td>475271406.82</td></tr><tr><td><b>PERIMETER:</b></td><td>677647.732</td></tr><tr><td><b>HECTARES:</b></td><td>47527.141</td></tr></table></div>"},"geometry":{"type":"Polygon","coordinates":[[[-80.8991,-5.85511],[-80.89907,-5.85641],[-80.89903,-5.85829],[-80.89889,-5.86109],[-80.89915,-5.862],[-80.89831,-5.86381],[-80.89966,-5.86483],[-80.90041,-5.86539],[-80.90265,-5.86724],[-80.9033,-5.87079],[-80.90199,-5.87422],[-80.89718,-5.87751],[-80.89699,-5.87764],[-80.89428,-5.88118],[-80.89396,-5.88159],[-80.89208,-5.88387],[-80.89146,-5.88462],[-80.88844,-5.88619],[-80.88592,-5.88749],[-80.88546,-5.88773],[-80.88489,-5.88803],[-80.88436,-5.8883],[-80.88249,-5.88871],[-80.88252,-5.88876],[-80.88265,-5.88874],[-80.8828,-5.88941],[-80.8828,-5.88941],[-80.8832,-5.89004],[-80.88383,-5.89103],[-80.88541,-5.89293],[-80.88593,-5.89326],[-80.88695,-5.89363],[-80.88898,-5.8943],[-80.88984,-5.89436],[-80.89045,-5.89439],[-80.89194,-5.89447],[-80.89265,-5.8947],[-80.89364,-5.89506],[-80.8949,-5.89566],[-80.89572,-5.89613],[-80.8958,-5.89616],[-80.89693,-5.89659],[-80.89743,-5.8966],[-80.89801,-5.89661],[-80.89917,-5.89642],[-80.89994,-5.89614],[-80.9004,-5.89602],[-80.90071,-5.89598],[-80.90086,-5.89596],[-80.90115,-5.89596],[-80.90142,-5.89603],[-80.9018,-5.89607],[-80.90197,-5.89607],[-80.9025,-5.8961],[-80.90294,-5.89607],[-80.9033,-5.89605],[-80.90414,-5.89597],[-80.90431,-5.89596],[-80.9045,-5.89593],[-80.90472,-5.89589],[-80.90518,-5.89582],[-80.90628,-5.89542],[-80.90631,-5.89541],[-80.90665,-5.89531],[-80.90677,-5.89528],[-80.90732,-5.89517],[-80.90775,-5.89522],[-80.9078,-5.89523],[-80.90806,-5.89534],[-80.90909,-5.89277],[-80.90976,-5.89143],[-80.9107,-5.89056],[-80.91153,-5.89002],[-80.91193,-5.88981],[-80.91239,-5.88987],[-80.91271,-5.89004],[-80.91278,-5.89008],[-80.91366,-5.89057],[-80.91397,-5.89084],[-80.91428,-5.89112],[-80.91438,-5.89123],[-80.91454,-5.89141],[-80.91533,-5.89204],[-80.91612,-5.89246],[-80.91646,-5.89265],[-80.91694,-5.89289],[-80.91706,-5.89308],[-80.91716,-5.89322],[-80.91788,-5.89427],[-80.91809,-5.89477],[-80.91827,-5.89555],[-80.91837,-5.89627],[-80.91843,-5.89673],[-80.91838,-5.89723],[-80.91824,-5.89864],[-80.91821,-5.89907],[-80.91807,-5.89954],[-80.91789,-5.90007],[-80.91783,-5.90024],[-80.91759,-5.90093],[-80.91723,-5.90158],[-80.91692,-5.90243],[-80.91687,-5.90272],[-80.91696,-5.90272],[-80.91701,-5.90271],[-80.91745,-5.9027],[-80.91774,-5.90269],[-80.91795,-5.90249],[-80.91999,-5.9006],[-80.92251,-5.89991],[-80.92283,-5.89968],[-80.92332,-5.89901],[-80.92375,-5.89842],[-80.92402,-5.89766],[-80.92417,-5.89663],[-80.92404,-5.89583],[-80.92375,-5.89521],[-80.92314,-5.89413],[-80.92283,-5.8936],[-80.92255,-5.89261],[-80.92234,-5.89188],[-80.92219,-5.89097],[-80.9222,-5.8906],[-80.92222,-5.88973],[-80.92223,-5.88911],[-80.92259,-5.88828],[-80.92322,-5.88757],[-80.92355,-5.88703],[-80.92404,-5.88632],[-80.92469,-5.88538],[-80.925,-5.88498],[-80.9256,-5.88465],[-80.92587,-5.8846],[-80.92626,-5.88468],[-80.92715,-5.88554],[-80.92725,-5.8857],[-80.92754,-5.88622],[-80.92773,-5.88655],[-80.92813,-5.88723],[-80.92852,-5.88748],[-80.92921,-5.88765],[-80.92992,-5.8876],[-80.93058,-5.88758],[-80.93152,-5.88758],[-80.93155,-5.88758],[-80.93208,-5.88757],[-80.93281,-5.88783],[-80.93297,-5.88795],[-80.93359,-5.88842],[-80.93397,-5.88889],[-80.93404,-5.88897],[-80.93439,-5.88945],[-80.93443,-5.88949],[-80.93483,-5.88994],[-80.93501,-5.89035],[-80.93505,-5.89055],[-80.93508,-5.89067],[-80.93529,-5.89215],[-80.93521,-5.89298],[-80.93512,-5.89349],[-80.93498,-5.89429],[-80.93479,-5.89549],[-80.93466,-5.89639],[-80.93463,-5.89655],[-80.93561,-5.89626],[-80.9359,-5.89599],[-80.93839,-5.89365],[-80.93995,-5.89],[-80.94377,-5.88236],[-80.9462,-5.8808],[-80.94638,-5.88074],[-80.94634,-5.88068],[-80.94624,-5.88055],[-80.94535,-5.87932],[-80.94406,-5.8767],[-80.94421,-5.87667],[-80.94376,-5.87574],[-80.94328,-5.87488],[-80.94297,-5.87301],[-80.94295,-5.87258],[-80.94187,-5.87068],[-80.94098,-5.86777],[-80.93942,-5.86598],[-80.93909,-5.86575],[-80.93891,-5.86574],[-80.93769,-5.86557],[-80.93699,-5.86544],[-80.93607,-5.86512],[-80.93547,-5.8649],[-80.93445,-5.86452],[-80.93319,-5.86374],[-80.93271,-5.86337],[-80.93196,-5.8628],[-80.93099,-5.86245],[-80.93077,-5.86211],[-80.93027,-5.86131],[-80.92843,-5.86026],[-80.92414,-5.85817],[-80.9233,-5.85776],[-80.92211,-5.85631],[-80.91988,-5.85644],[-80.91856,-5.85565],[-80.91843,-5.85576],[-80.91738,-5.85407],[-80.91467,-5.85294],[-80.91422,-5.85275],[-80.91248,-5.85201],[-80.9108,-5.8513],[-80.90594,-5.84959],[-80.90279,-5.84814],[-80.90278,-5.84814],[-80.90247,-5.84778],[-80.90156,-5.84819],[-80.90056,-5.84864],[-80.89977,-5.85122],[-80.8991,-5.85257],[-80.8991,-5.85269],[-80.8991,-5.85494],[-80.8991,-5.85511]]]}},{"type":"Feature","properties":{"Name":"Yacimiento no metalicos del Proyecto Bayovar","description":"<div style='font-family:sans-serif;'><h4>ZEE PIURA - Yacimiento no metalicos del Proyecto Bayovar</h4><table border='1' cellpadding='4' style='border-collapse:collapse;font-size:12px;'><tr><td><b>OBJECTID:</b></td><td>90</td></tr><tr><td><b>ZEECODE:</b></td><td>84</td></tr><tr><td><b>ZEE:</b></td><td>Yacimiento no metalicos del Proyecto Bayovar</td></tr><tr><td><b>ZEE_ZONAS:</b></td><td>Yacimiento no metalicos del Proyecto Bayovar</td></tr><tr><td><b>ZEE_GRANDE:</b></td><td>Zonas Productivas</td></tr><tr><td><b>AREA:</b></td><td>248266602.205</td></tr><tr><td><b>PERIMETER:</b></td><td>467846.244</td></tr><tr><td><b>HECTARES:</b></td><td>24826.66</td></tr></table></div>"},"geometry":{"type":"Polygon","coordinates":[[[-80.73864,-6.18291],[-80.73886,-6.18294],[-80.73911,-6.18288],[-80.73937,-6.18286],[-80.73953,-6.18268],[-80.73974,-6.18257],[-80.73995,-6.18244],[-80.74025,-6.18224],[-80.74056,-6.18201],[-80.74079,-6.18184],[-80.741,-6.18166],[-80.74121,-6.1815],[-80.7414,-6.18134],[-80.74169,-6.18114],[-80.74194,-6.18094],[-80.74215,-6.18078],[-80.74237,-6.18063],[-80.74259,-6.18047],[-80.74283,-6.18032],[-80.74304,-6.18018],[-80.74327,-6.17998],[-80.74356,-6.17971],[-80.74372,-6.17953],[-80.74395,-6.17931],[-80.74412,-6.17905],[-80.74431,-6.17878],[-80.74433,-6.17875],[-80.74399,-6.17849],[-80.74399,-6.17811],[-80.74406,-6.17773],[-80.74457,-6.17722],[-80.74508,-6.17671],[-80.74482,-6.1762],[-80.74463,-6.17576],[-80.7452,-6.17518],[-80.74507,-6.17486],[-80.745,-6.17495],[-80.74474,-6.17526],[-80.74446,-6.17565],[-80.74433,-6.17585],[-80.74414,-6.1762],[-80.74402,-6.1764],[-80.74388,-6.17665],[-80.74376,-6.17686],[-80.74362,-6.17708],[-80.74353,-6.17731],[-80.74338,-6.17753],[-80.74319,-6.17774],[-80.74303,-6.17792],[-80.74286,-6.17815],[-80.74267,-6.17839],[-80.7425,-6.17857],[-80.74232,-6.17876],[-80.74208,-6.17896],[-80.74187,-6.17914],[-80.74159,-6.17939],[-80.74135,-6.17961],[-80.74102,-6.1799],[-80.74072,-6.18019],[-80.74048,-6.18045],[-80.7402,-6.18067],[-80.74001,-6.18085],[-80.73973,-6.18107],[-80.73954,-6.18128],[-80.73935,-6.18143],[-80.73914,-6.18166],[-80.73888,-6.18193],[-80.73873,-6.1822],[-80.73857,-6.18243],[-80.73857,-6.18266],[-80.73858,-6.18289],[-80.73864,-6.18291]]]}},{"type":"Feature","properties":{"Name":"Zonas con potencial de energ\u00edas renovables no convencionales asociadas a potencial turistico y potencial hidrico","description":"<div style='font-family:sans-serif;'><h4>ZEE PIURA - Zonas con potencial de energ\u00edas renovables no convencionales asociadas a potencial turistico y potencial hidrico</h4><table border='1' cellpadding='4' style='border-collapse:collapse;font-size:12px;'><tr><td><b>OBJECTID:</b></td><td>91</td></tr><tr><td><b>ZEECODE:</b></td><td>82</td></tr><tr><td><b>ZEE:</b></td><td>Zonas con potencial de energ\u00edas renovables no convencionales asociadas a potencial turistico y potencial hidrico</td></tr><tr><td><b>ZEE_ZONAS:</b></td><td>Zonas con potencial de energ\u00edas renovables no convencionales asociadas a potencial turistico y potencial hidrico</td></tr><tr><td><b>ZEE_GRANDE:</b></td><td>Zonas Productivas</td></tr><tr><td><b>AREA:</b></td><td>162393953.649</td></tr><tr><td><b>PERIMETER:</b></td><td>341733.357</td></tr><tr><td><b>HECTARES:</b></td><td>16239.395</td></tr></table></div>"},"geometry":{"type":"Polygon","coordinates":[[[-80.70824,-5.89595],[-80.70835,-5.89595],[-80.70838,-5.89592],[-80.70833,-5.89535],[-80.70812,-5.89509],[-80.7079,-5.89502],[-80.70793,-5.89504],[-80.70814,-5.89519],[-80.70793,-5.89539],[-80.70783,-5.89562],[-80.70802,-5.89585],[-80.70824,-5.89595]]]}},{"type":"Feature","properties":{"Name":"Zonas con potencial de energ\u00edas renovables no convencionales asociadas a potencial turistico","description":"<div style='font-family:sans-serif;'><h4>ZEE PIURA - Zonas con potencial de energ\u00edas renovables no convencionales asociadas a potencial turistico</h4><table border='1' cellpadding='4' style='border-collapse:collapse;font-size:12px;'><tr><td><b>OBJECTID:</b></td><td>92</td></tr><tr><td><b>ZEECODE:</b></td><td>80</td></tr><tr><td><b>ZEE:</b></td><td>Zonas con potencial de energ\u00edas renovables no convencionales asociadas a potencial turistico</td></tr><tr><td><b>ZEE_ZONAS:</b></td><td>Zonas con potencial de energ\u00edas renovables no convencionales asociadas a potencial turistico</td></tr><tr><td><b>ZEE_GRANDE:</b></td><td>Zonas Productivas</td></tr><tr><td><b>AREA:</b></td><td>72277931.498</td></tr><tr><td><b>PERIMETER:</b></td><td>133384.946</td></tr><tr><td><b>HECTARES:</b></td><td>7227.793</td></tr></table></div>"},"geometry":{"type":"Polygon","coordinates":[[[-80.88502,-5.53142],[-80.88412,-5.53183],[-80.88398,-5.5318],[-80.88397,-5.5317],[-80.88382,-5.53154],[-80.88349,-5.53154],[-80.88332,-5.53154],[-80.88325,-5.53155],[-80.88241,-5.5319],[-80.88191,-5.53228],[-80.88179,-5.53259],[-80.88186,-5.533],[-80.88181,-5.53341],[-80.88091,-5.5348],[-80.88074,-5.53494],[-80.88045,-5.53508],[-80.88021,-5.53515],[-80.87966,-5.53563],[-80.87942,-5.53595],[-80.8793,-5.53611],[-80.87902,-5.53635],[-80.8782,-5.53693],[-80.87777,-5.53702],[-80.87744,-5.53707],[-80.87715,-5.5371],[-80.87677,-5.53714],[-80.87624,-5.53743],[-80.87605,-5.53767],[-80.87593,-5.53791],[-80.87593,-5.53817],[-80.87567,-5.5386],[-80.8744,-5.53913],[-80.87411,-5.5392],[-80.87306,-5.53942],[-80.87287,-5.53942],[-80.87234,-5.5393],[-80.87215,-5.5392],[-80.87209,-5.53919],[-80.87231,-5.53967],[-80.87318,-5.54047],[-80.87343,-5.54065],[-80.87364,-5.54078],[-80.87387,-5.5409],[-80.87414,-5.54107],[-80.87439,-5.54119],[-80.87465,-5.54131],[-80.87487,-5.5414],[-80.87522,-5.54157],[-80.87547,-5.54169],[-80.87577,-5.54182],[-80.876,-5.5419],[-80.87629,-5.542],[-80.87659,-5.54209],[-80.87689,-5.54221],[-80.87714,-5.54223],[-80.8774,-5.54226],[-80.87763,-5.54231],[-80.87773,-5.54231],[-80.87788,-5.54231],[-80.87817,-5.54232],[-80.87962,-5.542],[-80.88045,-5.54123],[-80.87992,-5.54112],[-80.87974,-5.54108],[-80.87811,-5.54062],[-80.8778,-5.54033],[-80.8778,-5.54016],[-80.87797,-5.54001],[-80.87796,-5.53999],[-80.87805,-5.53972],[-80.87833,-5.53954],[-80.87856,-5.53945],[-80.87879,-5.5394],[-80.87902,-5.53945],[-80.87925,-5.53953],[-80.87953,-5.53957],[-80.87978,-5.53963],[-80.88001,-5.53967],[-80.88028,-5.53967],[-80.88058,-5.53964],[-80.88084,-5.5395],[-80.88106,-5.53941],[-80.88128,-5.53927],[-80.8814,-5.53921],[-80.88148,-5.53917],[-80.88166,-5.53903],[-80.88188,-5.53885],[-80.88199,-5.53874],[-80.88263,-5.5376],[-80.8827,-5.53736],[-80.88277,-5.5371],[-80.88287,-5.53686],[-80.88298,-5.53666],[-80.88308,-5.5364],[-80.88312,-5.53629],[-80.88317,-5.53613],[-80.88332,-5.53585],[-80.88343,-5.53562],[-80.88353,-5.53537],[-80.88363,-5.53515],[-80.88364,-5.53512],[-80.88386,-5.53443],[-80.88387,-5.5344],[-80.88392,-5.53423],[-80.88418,-5.53365],[-80.88442,-5.53334],[-80.88472,-5.5329],[-80.88478,-5.5328],[-80.88492,-5.53259],[-80.88493,-5.53257],[-80.88502,-5.53142]]]}},{"type":"Feature","properties":{"Name":"Zonas con potencial de energ\u00edas renovables no convencionales asociadas a potencial turistico y potencial de recursos naturales no renovables","description":"<div style='font-family:sans-serif;'><h4>ZEE PIURA - Zonas con potencial de energ\u00edas renovables no convencionales asociadas a potencial turistico y potencial de recursos naturales no renovables</h4><table border='1' cellpadding='4' style='border-collapse:collapse;font-size:12px;'><tr><td><b>OBJECTID:</b></td><td>93</td></tr><tr><td><b>ZEECODE:</b></td><td>81</td></tr><tr><td><b>ZEE:</b></td><td>Zonas con potencial de energ\u00edas renovables no convencionales asociadas a potencial turistico y potencial de recursos naturales no renovables</td></tr><tr><td><b>ZEE_ZONAS:</b></td><td>Zonas con potencial de energ\u00edas renovables no convencionales asociadas a potencial turistico y potencial de recursos naturales no renovables</td></tr><tr><td><b>ZEE_GRANDE:</b></td><td>Zonas Productivas</td></tr><tr><td><b>AREA:</b></td><td>35220425.121</td></tr><tr><td><b>PERIMETER:</b></td><td>81584.068</td></tr><tr><td><b>HECTARES:</b></td><td>3522.043</td></tr></table></div>"},"geometry":{"type":"Polygon","coordinates":[[[-80.86372,-5.76702],[-80.86387,-5.76776],[-80.86387,-5.76775],[-80.86388,-5.76753],[-80.86384,-5.76725],[-80.86372,-5.76702]]]}},{"type":"Feature","properties":{"Name":"Zonas con potencial de recursos naturales no renovables - Hidrocarburos","description":"<div style='font-family:sans-serif;'><h4>ZEE PIURA - Zonas con potencial de recursos naturales no renovables - Hidrocarburos</h4><table border='1' cellpadding='4' style='border-collapse:collapse;font-size:12px;'><tr><td><b>OBJECTID:</b></td><td>94</td></tr><tr><td><b>ZEECODE:</b></td><td>86</td></tr><tr><td><b>ZEE:</b></td><td>Zonas con potencial de recursos naturales no renovables - Hidrocarburos</td></tr><tr><td><b>ZEE_ZONAS:</b></td><td>Zonas con potencial de recursos naturales no renovables - Hidrocarburos</td></tr><tr><td><b>ZEE_GRANDE:</b></td><td>Zonas Productivas no Continentales-Hidrocarburos</td></tr><tr><td><b>AREA:</b></td><td>26422721884.848</td></tr><tr><td><b>PERIMETER:</b></td><td>2427908.561</td></tr><tr><td><b>HECTARES:</b></td><td>2642272.188</td></tr></table></div>"},"geometry":{"type":"Polygon","coordinates":[[[-81.00129,-6.1364],[-81.00129,-6.13642],[-81.0013,-6.13642],[-81.00129,-6.1364]]]}},{"type":"Feature","properties":{"Name":"Zonas con potencial hidrico","description":"<div style='font-family:sans-serif;'><h4>ZEE PIURA - Zonas con potencial hidrico</h4><table border='1' cellpadding='4' style='border-collapse:collapse;font-size:12px;'><tr><td><b>OBJECTID:</b></td><td>95</td></tr><tr><td><b>ZEECODE:</b></td><td>83</td></tr><tr><td><b>ZEE:</b></td><td>Zonas con potencial hidrico</td></tr><tr><td><b>ZEE_ZONAS:</b></td><td>Zonas con potencial hidrico</td></tr><tr><td><b>ZEE_GRANDE:</b></td><td>Zonas Productivas</td></tr><tr><td><b>AREA:</b></td><td>110573610.339</td></tr><tr><td><b>PERIMETER:</b></td><td>670504.289</td></tr><tr><td><b>HECTARES:</b></td><td>11057.361</td></tr></table></div>"},"geometry":{"type":"Polygon","coordinates":[[[-80.62516,-5.49631],[-80.62523,-5.49645],[-80.62541,-5.49722],[-80.62542,-5.49723],[-80.62548,-5.49745],[-80.62578,-5.49852],[-80.62578,-5.49855],[-80.62639,-5.50018],[-80.62641,-5.50023],[-80.62698,-5.5013],[-80.62798,-5.50341],[-80.62836,-5.50431],[-80.62885,-5.50569],[-80.62887,-5.50572],[-80.62928,-5.50658],[-80.6294,-5.50684],[-80.62959,-5.50726],[-80.62963,-5.50751],[-80.62963,-5.50752],[-80.62966,-5.50772],[-80.62967,-5.50803],[-80.62961,-5.50844],[-80.62945,-5.50889],[-80.62942,-5.50897],[-80.62915,-5.50953],[-80.62894,-5.50979],[-80.6286,-5.51022],[-80.62858,-5.51025],[-80.62821,-5.51081],[-80.62815,-5.51091],[-80.62813,-5.51094],[-80.62812,-5.51097],[-80.62811,-5.511],[-80.62795,-5.51158],[-80.62792,-5.51168],[-80.62791,-5.51172],[-80.6279,-5.51176],[-80.6279,-5.51179],[-80.62791,-5.51183],[-80.62797,-5.51228],[-80.62799,-5.51237],[-80.62799,-5.5124],[-80.628,-5.51244],[-80.62802,-5.51247],[-80.62824,-5.51293],[-80.62826,-5.51296],[-80.62828,-5.513],[-80.62831,-5.51303],[-80.62848,-5.51319],[-80.62861,-5.51331],[-80.62861,-5.51332],[-80.62907,-5.51374],[-80.62953,-5.51419],[-80.62984,-5.51464],[-80.62991,-5.51498],[-80.63,-5.51569],[-80.63003,-5.51655],[-80.62996,-5.51711],[-80.62979,-5.51761],[-80.62944,-5.51823],[-80.62906,-5.51866],[-80.6286,-5.519],[-80.62789,-5.5192],[-80.62749,-5.5192],[-80.62747,-5.5192],[-80.6269,-5.5192],[-80.62637,-5.51913],[-80.62632,-5.51913],[-80.62589,-5.51913],[-80.62508,-5.51905],[-80.62505,-5.51905],[-80.62444,-5.51905],[-80.6244,-5.51906],[-80.62278,-5.51925],[-80.62275,-5.51926],[-80.6217,-5.51947],[-80.62168,-5.51947],[-80.62094,-5.51965],[-80.62028,-5.51978],[-80.62024,-5.51979],[-80.62019,-5.51981],[-80.62015,-5.51983],[-80.62011,-5.51987],[-80.6201,-5.51988],[-80.6201,-5.51929],[-80.62094,-5.51867],[-80.62133,-5.51811],[-80.62145,-5.51794],[-80.62182,-5.5172],[-80.62184,-5.51716],[-80.62184,-5.51716],[-80.62162,-5.51642],[-80.62088,-5.51631],[-80.62088,-5.5163],[-80.62083,-5.51636],[-80.62073,-5.51627],[-80.62063,-5.51627],[-80.62038,-5.51627],[-80.62003,-5.51627],[-80.61991,-5.51639],[-80.61988,-5.51642],[-80.61967,-5.51662],[-80.6192,-5.51662],[-80.61914,-5.51632],[-80.61913,-5.51624],[-80.61909,-5.51604],[-80.61903,-5.51574],[-80.61891,-5.51546],[-80.61879,-5.51521],[-80.61838,-5.51498],[-80.61768,-5.5148],[-80.61697,-5.51468],[-80.61679,-5.51456],[-80.61679,-5.51414],[-80.61609,-5.51385],[-80.61599,-5.51371],[-80.61585,-5.5135],[-80.61503,-5.51338],[-80.61403,-5.51315],[-80.6135,-5.51332],[-80.61309,-5.51373],[-80.61233,-5.51379],[-80.61191,-5.51373],[-80.61139,-5.51367],[-80.61086,-5.51385],[-80.61064,-5.51406],[-80.61062,-5.51408],[-80.61022,-5.51417],[-80.61009,-5.5142],[-80.61015,-5.51491],[-80.61015,-5.51491],[-80.61017,-5.51498],[-80.61033,-5.51544],[-80.61031,-5.5155],[-80.61027,-5.51573],[-80.61003,-5.51585],[-80.60993,-5.5158],[-80.6098,-5.51573],[-80.60939,-5.51538],[-80.60936,-5.51526],[-80.60935,-5.51524],[-80.60933,-5.51514],[-80.60909,-5.51502],[-80.60893,-5.51502],[-80.6088,-5.51502],[-80.60856,-5.51502],[-80.60845,-5.51538],[-80.60856,-5.51603],[-80.60856,-5.51655],[-80.6086,-5.51671],[-80.60874,-5.51727],[-80.60893,-5.51779],[-80.60897,-5.51791],[-80.60921,-5.5185],[-80.60932,-5.51903],[-80.60944,-5.51962],[-80.60991,-5.52009],[-80.60985,-5.52062],[-80.61015,-5.52127],[-80.61062,-5.52157],[-80.61062,-5.52163],[-80.61073,-5.52274],[-80.61103,-5.52328],[-80.61107,-5.52327],[-80.61161,-5.52321],[-80.61164,-5.52319],[-80.61167,-5.52315],[-80.61192,-5.52286],[-80.61197,-5.52281],[-80.61203,-5.52257],[-80.61193,-5.5223],[-80.61179,-5.52192],[-80.61209,-5.52175],[-80.61244,-5.52198],[-80.61262,-5.52194],[-80.61337,-5.52175],[-80.61338,-5.52175],[-80.61385,-5.52169],[-80.61426,-5.52175],[-80.61459,-5.52202],[-80.61507,-5.52208],[-80.61531,-5.52234],[-80.61529,-5.523],[-80.6156,-5.523],[-80.61582,-5.52249],[-80.61614,-5.52208],[-80.6165,-5.52181],[-80.61684,-5.52105],[-80.61706,-5.5211],[-80.61731,-5.5212],[-80.61758,-5.52157],[-80.61756,-5.52158],[-80.61753,-5.52162],[-80.61728,-5.52196],[-80.61726,-5.522],[-80.61724,-5.52204],[-80.61704,-5.52251],[-80.61683,-5.52277],[-80.61666,-5.5229],[-80.61623,-5.52308],[-80.61578,-5.52321],[-80.61576,-5.52322],[-80.6157,-5.52325],[-80.61501,-5.52366],[-80.61498,-5.52369],[-80.61496,-5.52371],[-80.61495,-5.52371],[-80.61492,-5.52374],[-80.6149,-5.52377],[-80.61475,-5.524],[-80.61463,-5.52419],[-80.61461,-5.52422],[-80.6146,-5.52426],[-80.61458,-5.52429],[-80.61433,-5.52526],[-80.61433,-5.52526],[-80.61432,-5.52532],[-80.61427,-5.52581],[-80.61417,-5.52608],[-80.61388,-5.52647],[-80.61356,-5.52673],[-80.61352,-5.52676],[-80.61349,-5.52679],[-80.61347,-5.52683],[-80.61324,-5.52724],[-80.61322,-5.52726],[-80.61299,-5.52775],[-80.61297,-5.52779],[-80.61296,-5.52784],[-80.61296,-5.52788],[-80.61296,-5.52793],[-80.613,-5.52852],[-80.61301,-5.52869],[-80.61301,-5.52905],[-80.61301,-5.52934],[-80.61301,-5.5294],[-80.61302,-5.52942],[-80.61311,-5.52997],[-80.61312,-5.53001],[-80.61313,-5.53044],[-80.61313,-5.53045],[-80.61307,-5.53116],[-80.61301,-5.53129],[-80.61262,-5.5314],[-80.61253,-5.53143],[-80.61246,-5.53109],[-80.61255,-5.53065],[-80.61253,-5.53031],[-80.61207,-5.53038],[-80.6117,-5.53065],[-80.61114,-5.53057],[-80.61068,-5.53045],[-80.61039,-5.53043],[-80.61033,-5.5304],[-80.61032,-5.5304],[-80.6101,-5.5308],[-80.6099,-5.53116],[-80.61008,-5.53223],[-80.61032,-5.53276],[-80.61014,-5.53329],[-80.60961,-5.5337],[-80.60959,-5.5337],[-80.60902,-5.5337],[-80.60865,-5.5337],[-80.60861,-5.5337],[-80.60837,-5.5337],[-80.60822,-5.53379],[-80.60779,-5.53406],[-80.60696,-5.53535],[-80.60684,-5.53647],[-80.60702,-5.53706],[-80.60767,-5.53782],[-80.6077,-5.53787],[-80.60814,-5.53853],[-80.60843,-5.53864],[-80.60853,-5.53868],[-80.60861,-5.53871],[-80.60947,-5.53865],[-80.60949,-5.53864],[-80.60966,-5.53844],[-80.60978,-5.53829],[-80.60995,-5.53818],[-80.61049,-5.53782],[-80.6105,-5.53782],[-80.61069,-5.53776],[-80.61137,-5.53753],[-80.61214,-5.53712],[-80.61219,-5.53648],[-80.61219,-5.53595],[-80.61219,-5.53564],[-80.61208,-5.53544],[-80.61207,-5.53542],[-80.6125,-5.53515],[-80.61258,-5.53509],[-80.61258,-5.53512],[-80.61259,-5.53516],[-80.61261,-5.53521],[-80.61263,-5.53525],[-80.61279,-5.53551],[-80.61284,-5.53559],[-80.61287,-5.53563],[-80.6129,-5.53566],[-80.6129,-5.53566],[-80.61293,-5.53569],[-80.61297,-5.53571],[-80.61297,-5.53571],[-80.61301,-5.53573],[-80.61301,-5.53573],[-80.61305,-5.53575],[-80.61335,-5.53584],[-80.6134,-5.53585],[-80.61344,-5.53585],[-80.61349,-5.53585],[-80.61354,-5.53584],[-80.61399,-5.53573],[-80.61403,-5.53572],[-80.61407,-5.5357],[-80.61411,-5.53567],[-80.61415,-5.53564],[-80.61418,-5.53561],[-80.61421,-5.53557],[-80.61423,-5.53553],[-80.61424,-5.5355],[-80.61438,-5.53544],[-80.61467,-5.53551],[-80.61468,-5.53551],[-80.61499,-5.53561],[-80.61506,-5.53568],[-80.61517,-5.53578],[-80.61534,-5.53597],[-80.6154,-5.53602],[-80.61543,-5.53605],[-80.61546,-5.53608],[-80.6155,-5.5361],[-80.61554,-5.53612],[-80.61595,-5.53626],[-80.61601,-5.53628],[-80.61609,-5.53629],[-80.61615,-5.5363],[-80.61618,-5.53636],[-80.61619,-5.53639],[-80.61621,-5.53644],[-80.61623,-5.53647],[-80.61626,-5.53651],[-80.61647,-5.53678],[-80.6165,-5.53681],[-80.61653,-5.53684],[-80.61657,-5.53686],[-80.61683,-5.53702],[-80.61697,-5.53717],[-80.61701,-5.53721],[-80.61704,-5.53724],[-80.61709,-5.53726],[-80.61713,-5.53728],[-80.61718,-5.53729],[-80.61723,-5.53729],[-80.61728,-5.53729],[-80.61731,-5.53728],[-80.61732,-5.53728],[-80.61737,-5.53727],[-80.61741,-5.53725],[-80.61745,-5.53722],[-80.61749,-5.53719],[-80.61756,-5.53712],[-80.6176,-5.53708],[-80.61763,-5.53705],[-80.61765,-5.53701],[-80.61767,-5.53697],[-80.61769,-5.53693],[-80.6177,-5.53688],[-80.6177,-5.53688],[-80.61772,-5.53678],[-80.61772,-5.53673],[-80.61772,-5.53672],[-80.61772,-5.53669],[-80.61771,-5.53664],[-80.6177,-5.5366],[-80.61768,-5.53656],[-80.61758,-5.53635],[-80.61816,-5.53668],[-80.61827,-5.5364],[-80.61816,-5.53637],[-80.61793,-5.53592],[-80.61772,-5.53511],[-80.61772,-5.5347],[-80.61799,-5.5347],[-80.61813,-5.5347],[-80.6184,-5.53443],[-80.61857,-5.53375],[-80.6184,-5.53334],[-80.61799,-5.53334],[-80.61786,-5.53416],[-80.61803,-5.53423],[-80.61778,-5.53441],[-80.61738,-5.53453],[-80.61709,-5.53409],[-80.61731,-5.53376],[-80.61699,-5.53286],[-80.61681,-5.53257],[-80.61687,-5.5323],[-80.6151,-5.53379],[-80.61443,-5.53429],[-80.61394,-5.53434],[-80.61359,-5.53434],[-80.61359,-5.53434],[-80.61351,-5.53432],[-80.6135,-5.5343],[-80.6135,-5.53429],[-80.6135,-5.53421],[-80.61351,-5.53406],[-80.61352,-5.53385],[-80.61364,-5.53333],[-80.6138,-5.53312],[-80.61381,-5.5331],[-80.61383,-5.53308],[-80.61405,-5.53274],[-80.61407,-5.5327],[-80.61408,-5.53266],[-80.61409,-5.53262],[-80.6141,-5.53258],[-80.61415,-5.53206],[-80.61416,-5.53204],[-80.61416,-5.53187],[-80.61417,-5.5316],[-80.61418,-5.53151],[-80.61419,-5.53115],[-80.61419,-5.53112],[-80.6142,-5.53101],[-80.6142,-5.53098],[-80.61424,-5.53033],[-80.61425,-5.53023],[-80.61425,-5.53021],[-80.61425,-5.5302],[-80.61424,-5.53017],[-80.61423,-5.53006],[-80.61417,-5.52956],[-80.61417,-5.52955],[-80.61409,-5.52894],[-80.61409,-5.5288],[-80.61409,-5.52852],[-80.61408,-5.52849],[-80.61406,-5.52809],[-80.61415,-5.52786],[-80.61428,-5.52768],[-80.61435,-5.5276],[-80.61484,-5.52718],[-80.61488,-5.52713],[-80.61491,-5.52709],[-80.61524,-5.52655],[-80.61525,-5.52652],[-80.61527,-5.52648],[-80.61528,-5.52645],[-80.61546,-5.52569],[-80.61546,-5.52567],[-80.61547,-5.52562],[-80.61548,-5.52507],[-80.61572,-5.52461],[-80.61609,-5.52434],[-80.61639,-5.5243],[-80.61639,-5.5243],[-80.61655,-5.5243],[-80.61659,-5.5243],[-80.6168,-5.5243],[-80.61684,-5.5243],[-80.61688,-5.52429],[-80.61692,-5.52428],[-80.61696,-5.52426],[-80.61699,-5.52424],[-80.61751,-5.5239],[-80.61755,-5.52387],[-80.61758,-5.52385],[-80.61759,-5.52383],[-80.6176,-5.52382],[-80.6176,-5.52382],[-80.61762,-5.52379],[-80.61764,-5.52375],[-80.61788,-5.52324],[-80.61816,-5.52262],[-80.61834,-5.52243],[-80.61845,-5.52232],[-80.61854,-5.5223],[-80.61862,-5.52228],[-80.61885,-5.52225],[-80.61888,-5.52224],[-80.61903,-5.52222],[-80.61944,-5.52216],[-80.61978,-5.5221],[-80.61982,-5.52209],[-80.61986,-5.52208],[-80.6202,-5.52194],[-80.62024,-5.52192],[-80.62028,-5.52189],[-80.62031,-5.52186],[-80.62034,-5.52183],[-80.62037,-5.52179],[-80.62039,-5.52175],[-80.62041,-5.52171],[-80.62042,-5.52166],[-80.62046,-5.52141],[-80.6207,-5.52103],[-80.62102,-5.52097],[-80.62246,-5.5207],[-80.62255,-5.52068],[-80.62436,-5.52034],[-80.62513,-5.5204],[-80.62558,-5.52043],[-80.62644,-5.52068],[-80.62648,-5.52068],[-80.62654,-5.52069],[-80.62671,-5.52069],[-80.62794,-5.52069],[-80.628,-5.52068],[-80.62807,-5.52067],[-80.62887,-5.52035],[-80.62892,-5.52032],[-80.62895,-5.5203],[-80.62981,-5.51966],[-80.62986,-5.51962],[-80.63062,-5.51882],[-80.63065,-5.51879],[-80.63067,-5.51875],[-80.63069,-5.51871],[-80.63071,-5.51867],[-80.63096,-5.51778],[-80.63097,-5.51774],[-80.63098,-5.51771],[-80.63111,-5.51611],[-80.63111,-5.51608],[-80.6311,-5.51604],[-80.63099,-5.51518],[-80.63095,-5.51476],[-80.63095,-5.51475],[-80.63091,-5.51448],[-80.63091,-5.51446],[-80.63089,-5.51442],[-80.6308,-5.51412],[-80.63078,-5.51408],[-80.63076,-5.51404],[-80.63074,-5.51401],[-80.63038,-5.51356],[-80.63035,-5.51353],[-80.63,-5.51319],[-80.62958,-5.51274],[-80.62958,-5.51273],[-80.62921,-5.51236],[-80.62914,-5.51175],[-80.62924,-5.51159],[-80.62971,-5.51079],[-80.63065,-5.50956],[-80.63068,-5.50953],[-80.6307,-5.50949],[-80.63071,-5.50945],[-80.63072,-5.50941],[-80.63082,-5.50895],[-80.63098,-5.50817],[-80.63098,-5.50813],[-80.63098,-5.50808],[-80.63098,-5.50804],[-80.63085,-5.50718],[-80.63085,-5.50714],[-80.63084,-5.50711],[-80.63082,-5.50708],[-80.63036,-5.50612],[-80.62986,-5.50509],[-80.62985,-5.50506],[-80.62964,-5.50421],[-80.62963,-5.50418],[-80.62941,-5.50353],[-80.62931,-5.50322],[-80.6293,-5.50319],[-80.62876,-5.50191],[-80.62874,-5.50188],[-80.62815,-5.50079],[-80.62801,-5.50054],[-80.6273,-5.49914],[-80.62696,-5.49806],[-80.62664,-5.49688],[-80.62664,-5.49687],[-80.62647,-5.49628],[-80.62633,-5.4963],[-80.62615,-5.4963],[-80.62594,-5.49624],[-80.6258,-5.49621],[-80.62558,-5.49615],[-80.62544,-5.49612],[-80.62526,-5.49605],[-80.62505,-5.49604],[-80.62514,-5.49625],[-80.62516,-5.49631]]]}},{"type":"Feature","properties":{"Name":"Zonas de Recuperacion (Pecuario intensivo en Tierras de protecci\u00f3n)","description":"<div style='font-family:sans-serif;'><h4>ZEE PIURA - Zonas de Recuperacion (Pecuario intensivo en Tierras de protecci\u00f3n)</h4><table border='1' cellpadding='4' style='border-collapse:collapse;font-size:12px;'><tr><td><b>OBJECTID:</b></td><td>96</td></tr><tr><td><b>ZEECODE:</b></td><td>100</td></tr><tr><td><b>ZEE:</b></td><td>Zonas de Recuperacion (Pecuario intensivo en Tierras de protecci\u00f3n)</td></tr><tr><td><b>ZEE_ZONAS:</b></td><td>Zonas de Recuperacion (Pecuario intensivo en Tierras de protecci\u00f3n)</td></tr><tr><td><b>ZEE_GRANDE:</b></td><td>Zonas de Recuperacion</td></tr><tr><td><b>AREA:</b></td><td>37849488.962</td></tr><tr><td><b>PERIMETER:</b></td><td>127594.084</td></tr><tr><td><b>HECTARES:</b></td><td>3784.949</td></tr></table></div>"},"geometry":{"type":"Polygon","coordinates":[[[-80.04192,-5.59405],[-80.04132,-5.59455],[-80.04072,-5.59384],[-80.04011,-5.59394],[-80.04081,-5.59566],[-80.04121,-5.59657],[-80.04152,-5.59748],[-80.04081,-5.59839],[-80.0397,-5.59859],[-80.03909,-5.59909],[-80.0394,-5.6],[-80.03909,-5.60081],[-80.03778,-5.6006],[-80.03678,-5.59999],[-80.03587,-5.59949],[-80.03466,-5.59908],[-80.03385,-5.59878],[-80.03335,-5.59807],[-80.03174,-5.59726],[-80.03093,-5.59706],[-80.03043,-5.59786],[-80.03134,-5.59887],[-80.03184,-5.59958],[-80.03123,-5.60049],[-80.03163,-5.6019],[-80.03254,-5.60221],[-80.03365,-5.60231],[-80.03466,-5.60221],[-80.03566,-5.60383],[-80.03616,-5.60514],[-80.03556,-5.60585],[-80.03475,-5.60595],[-80.03415,-5.60443],[-80.03334,-5.60413],[-80.03274,-5.60413],[-80.03233,-5.60463],[-80.03263,-5.60534],[-80.03334,-5.60625],[-80.03414,-5.60665],[-80.03424,-5.60706],[-80.03414,-5.60827],[-80.03464,-5.60938],[-80.03646,-5.61009],[-80.03736,-5.61151],[-80.03786,-5.61252],[-80.03716,-5.61251],[-80.03615,-5.61201],[-80.03404,-5.6115],[-80.03373,-5.61251],[-80.03454,-5.61362],[-80.03423,-5.61483],[-80.03403,-5.61614],[-80.03443,-5.61675],[-80.03413,-5.61746],[-80.03473,-5.61806],[-80.03523,-5.61867],[-80.03463,-5.61917],[-80.03382,-5.61948],[-80.03382,-5.62049],[-80.03423,-5.62182],[-80.04074,-5.61665],[-80.04103,-5.61642],[-80.04093,-5.61502],[-80.04612,-5.61021],[-80.05213,-5.60487],[-80.05212,-5.60486],[-80.052,-5.60467],[-80.05162,-5.60346],[-80.05102,-5.60331],[-80.05049,-5.60369],[-80.04935,-5.60331],[-80.04867,-5.603],[-80.04815,-5.60247],[-80.04815,-5.60186],[-80.04815,-5.60156],[-80.04762,-5.60088],[-80.04709,-5.60073],[-80.04671,-5.59951],[-80.04694,-5.59876],[-80.0477,-5.59777],[-80.04755,-5.59731],[-80.0471,-5.59678],[-80.04725,-5.59572],[-80.04687,-5.59534],[-80.04612,-5.59504],[-80.04544,-5.59473],[-80.04544,-5.59436],[-80.04521,-5.59413],[-80.0443,-5.59375],[-80.04362,-5.59405],[-80.04309,-5.5942],[-80.04264,-5.59367],[-80.04259,-5.5935],[-80.04257,-5.59346],[-80.04192,-5.59405]]]}},{"type":"Feature","properties":{"Name":"Zonas de produccion hidrobiologica","description":"<div style='font-family:sans-serif;'><h4>ZEE PIURA - Zonas de produccion hidrobiologica</h4><table border='1' cellpadding='4' style='border-collapse:collapse;font-size:12px;'><tr><td><b>OBJECTID:</b></td><td>97</td></tr><tr><td><b>ZEECODE:</b></td><td>85</td></tr><tr><td><b>ZEE:</b></td><td>Zonas de produccion hidrobiologica</td></tr><tr><td><b>ZEE_ZONAS:</b></td><td>Zonas de produccion hidrobiologica</td></tr><tr><td><b>ZEE_GRANDE:</b></td><td>Zonas Productivas no Continentales-Hidrobiologicas</td></tr><tr><td><b>AREA:</b></td><td>1720968417.05</td></tr><tr><td><b>PERIMETER:</b></td><td>580004.833</td></tr><tr><td><b>HECTARES:</b></td><td>172096.842</td></tr></table></div>"},"geometry":{"type":"Polygon","coordinates":[[[-81.04221,-6.19232],[-81.02828,-6.20185],[-81.02275,-6.20191],[-81.0133,-6.20202],[-81.00213,-6.20777],[-80.98911,-6.21541],[-80.97797,-6.22397],[-80.96126,-6.23634],[-80.95272,-6.24747],[-80.9511,-6.24958],[-80.94279,-6.25998],[-80.93919,-6.2722],[-80.93839,-6.28439],[-80.93668,-6.29847],[-80.94802,-6.30771],[-80.96031,-6.31787],[-80.97071,-6.32619],[-80.98944,-6.32597],[-81.00991,-6.31449],[-81.02375,-6.30876],[-81.02855,-6.30678],[-81.05085,-6.29247],[-81.06574,-6.2848],[-81.07782,-6.27623],[-81.08896,-6.2686],[-81.10198,-6.26096],[-81.10652,-6.24872],[-81.11199,-6.24479],[-81.1158,-6.24206],[-81.12129,-6.23075],[-81.12301,-6.21762],[-81.13034,-6.20442],[-81.14064,-6.2043],[-81.15179,-6.19761],[-81.16564,-6.18153],[-81.16546,-6.16561],[-81.16275,-6.15527],[-81.16252,-6.1544],[-81.15777,-6.1479],[-81.15018,-6.13956],[-81.13345,-6.14912],[-81.11666,-6.15399],[-81.11549,-6.15528],[-81.10464,-6.16725],[-81.09156,-6.16927],[-81.07198,-6.17605],[-81.05983,-6.17806],[-81.04221,-6.19232]]]}},{"type":"Feature","properties":{"Name":"Zonas de recuperacion (Agricultura intensiva en Tierras de protecci\u00f3n)","description":"<div style='font-family:sans-serif;'><h4>ZEE PIURA - Zonas de recuperacion (Agricultura intensiva en Tierras de protecci\u00f3n)</h4><table border='1' cellpadding='4' style='border-collapse:collapse;font-size:12px;'><tr><td><b>OBJECTID:</b></td><td>98</td></tr><tr><td><b>ZEECODE:</b></td><td>98</td></tr><tr><td><b>ZEE:</b></td><td>Zonas de recuperacion (Agricultura intensiva en Tierras de protecci\u00f3n)</td></tr><tr><td><b>ZEE_ZONAS:</b></td><td>Zonas de recuperacion (Agricultura intensiva en Tierras de protecci\u00f3n)</td></tr><tr><td><b>ZEE_GRANDE:</b></td><td>Zonas de Recuperacion</td></tr><tr><td><b>AREA:</b></td><td>3930920.222</td></tr><tr><td><b>PERIMETER:</b></td><td>11374.293</td></tr><tr><td><b>HECTARES:</b></td><td>393.092</td></tr></table></div>"},"geometry":{"type":"Polygon","coordinates":[[[-80.3523,-4.90986],[-80.35255,-4.91139],[-80.35267,-4.91243],[-80.3523,-4.9131],[-80.35102,-4.91358],[-80.35011,-4.91365],[-80.34975,-4.91343],[-80.34964,-4.91322],[-80.34925,-4.91262],[-80.34886,-4.91225],[-80.34847,-4.91199],[-80.348,-4.91173],[-80.34758,-4.91175],[-80.34727,-4.91184],[-80.34714,-4.91194],[-80.34693,-4.91249],[-80.34662,-4.91343],[-80.34655,-4.91371],[-80.34634,-4.91433],[-80.34654,-4.91456],[-80.34654,-4.91468],[-80.34651,-4.91548],[-80.34647,-4.91624],[-80.34646,-4.91637],[-80.3464,-4.9167],[-80.34638,-4.91685],[-80.34547,-4.91719],[-80.3448,-4.91779],[-80.34413,-4.91823],[-80.34386,-4.91826],[-80.34567,-4.9209],[-80.34574,-4.9213],[-80.34636,-4.92445],[-80.34692,-4.9273],[-80.34763,-4.927],[-80.34915,-4.92636],[-80.34947,-4.92622],[-80.34955,-4.92636],[-80.35127,-4.92918],[-80.35138,-4.92937],[-80.35153,-4.9296],[-80.35142,-4.92966],[-80.35034,-4.9303],[-80.34973,-4.93066],[-80.34944,-4.93084],[-80.34778,-4.93182],[-80.34695,-4.93342],[-80.34669,-4.93391],[-80.34784,-4.93377],[-80.34833,-4.93373],[-80.34929,-4.93276],[-80.35027,-4.93227],[-80.35156,-4.93157],[-80.35173,-4.93175],[-80.35332,-4.93151],[-80.35507,-4.92938],[-80.3546,-4.9285],[-80.35575,-4.92822],[-80.35618,-4.92808],[-80.35633,-4.92839],[-80.35628,-4.92874],[-80.35649,-4.92871],[-80.35676,-4.92929],[-80.35704,-4.92985],[-80.35825,-4.93082],[-80.3588,-4.93101],[-80.36057,-4.93162],[-80.36185,-4.93174],[-80.36368,-4.93132],[-80.36453,-4.93126],[-80.36575,-4.93071],[-80.3663,-4.9301],[-80.36642,-4.93004],[-80.36648,-4.92915],[-80.36648,-4.92912],[-80.36618,-4.92821],[-80.36538,-4.9271],[-80.36463,-4.92618],[-80.36435,-4.92533],[-80.36411,-4.92325],[-80.36419,-4.92283],[-80.36441,-4.92167],[-80.36429,-4.92131],[-80.36405,-4.92063],[-80.36314,-4.91958],[-80.36241,-4.91879],[-80.36113,-4.91763],[-80.36003,-4.91659],[-80.35991,-4.91567],[-80.35983,-4.91543],[-80.35961,-4.91481],[-80.35943,-4.91443],[-80.35912,-4.91377],[-80.35886,-4.91348],[-80.35845,-4.91304],[-80.35717,-4.91201],[-80.35635,-4.9114],[-80.35726,-4.9113],[-80.3584,-4.90925],[-80.35801,-4.90861],[-80.35708,-4.90915],[-80.35555,-4.90951],[-80.35571,-4.91089],[-80.35556,-4.91073],[-80.35537,-4.91051],[-80.35554,-4.91014],[-80.35554,-4.90993],[-80.35526,-4.90945],[-80.35498,-4.90929],[-80.35468,-4.90894],[-80.35446,-4.90869],[-80.35427,-4.90857],[-80.35413,-4.90877],[-80.35273,-4.90882],[-80.35232,-4.90982],[-80.3523,-4.90986]]]}},{"type":"Feature","properties":{"Name":"Zonas de Recuperacion (Pecuario Extensivo en Tierras de proteccion)","description":"<div style='font-family:sans-serif;'><h4>ZEE PIURA - Zonas de Recuperacion (Pecuario Extensivo en Tierras de proteccion)</h4><table border='1' cellpadding='4' style='border-collapse:collapse;font-size:12px;'><tr><td><b>OBJECTID:</b></td><td>99</td></tr><tr><td><b>ZEECODE:</b></td><td>99</td></tr><tr><td><b>ZEE:</b></td><td>Zonas de Recuperacion (Pecuario Extensivo en Tierras de proteccion)</td></tr><tr><td><b>ZEE_ZONAS:</b></td><td>Zonas de Recuperacion (Pecuario Extensivo en Tierras de proteccion)</td></tr><tr><td><b>ZEE_GRANDE:</b></td><td>Zonas de Recuperacion</td></tr><tr><td><b>AREA:</b></td><td>4984225214.25</td></tr><tr><td><b>PERIMETER:</b></td><td>11428222.743</td></tr><tr><td><b>HECTARES:</b></td><td>498422.521</td></tr></table></div>"},"geometry":{"type":"Polygon","coordinates":[[[-80.3741,-5.96079],[-80.37433,-5.96079],[-80.37413,-5.96076],[-80.3741,-5.96079]]]}},{"type":"Feature","properties":{"Name":"Zonas para proteccion y conservacion ecologica","description":"<div style='font-family:sans-serif;'><h4>ZEE PIURA - Zonas para proteccion y conservacion ecologica</h4><table border='1' cellpadding='4' style='border-collapse:collapse;font-size:12px;'><tr><td><b>OBJECTID:</b></td><td>100</td></tr><tr><td><b>ZEECODE:</b></td><td>93</td></tr><tr><td><b>ZEE:</b></td><td>Zonas para proteccion y conservacion ecologica</td></tr><tr><td><b>ZEE_ZONAS:</b></td><td>Zonas para proteccion y conservacion ecologica</td></tr><tr><td><b>ZEE_GRANDE:</b></td><td>Areas de Conservacion y Proteccion Ecologica</td></tr><tr><td><b>AREA:</b></td><td>4637783440.909</td></tr><tr><td><b>PERIMETER:</b></td><td>9907675.574</td></tr><tr><td><b>HECTARES:</b></td><td>463778.344</td></tr></table></div>"},"geometry":{"type":"Polygon","coordinates":[[[-80.58412,-6.2996],[-80.58889,-6.30006],[-80.58976,-6.29871],[-80.58962,-6.29583],[-80.59092,-6.29266],[-80.59034,-6.29079],[-80.58891,-6.28991],[-80.58775,-6.2892],[-80.58574,-6.28733],[-80.58459,-6.28661],[-80.58413,-6.28654],[-80.58257,-6.28632],[-80.58027,-6.28588],[-80.57982,-6.28521],[-80.57921,-6.2843],[-80.57883,-6.28372],[-80.57796,-6.28257],[-80.57631,-6.2807],[-80.57566,-6.27997],[-80.57553,-6.27933],[-80.57537,-6.27853],[-80.57163,-6.27824],[-80.57048,-6.27708],[-80.56932,-6.27581],[-80.56543,-6.2758],[-80.56091,-6.27597],[-80.56713,-6.28515],[-80.57203,-6.29237],[-80.57336,-6.29429],[-80.5743,-6.29562],[-80.57587,-6.29788],[-80.57587,-6.29788],[-80.58205,-6.2994],[-80.58412,-6.2996]]]}},{"type":"Feature","properties":{"Name":"Zonas para proteccion y conservacion ecologica asociadas a potencial de energ\u00edas renovables no convencionales","description":"<div style='font-family:sans-serif;'><h4>ZEE PIURA - Zonas para proteccion y conservacion ecologica asociadas a potencial de energ\u00edas renovables no convencionales</h4><table border='1' cellpadding='4' style='border-collapse:collapse;font-size:12px;'><tr><td><b>OBJECTID:</b></td><td>101</td></tr><tr><td><b>ZEECODE:</b></td><td>94</td></tr><tr><td><b>ZEE:</b></td><td>Zonas para proteccion y conservacion ecologica asociadas a potencial de energ\u00edas renovables no convencionales</td></tr><tr><td><b>ZEE_ZONAS:</b></td><td>Zonas para proteccion y conservacion ecologica asociadas a potencial de energ\u00edas renovables no convencionales</td></tr><tr><td><b>ZEE_GRANDE:</b></td><td>Areas de Conservacion y Proteccion Ecologica</td></tr><tr><td><b>AREA:</b></td><td>99681061.948</td></tr><tr><td><b>PERIMETER:</b></td><td>397191.576</td></tr><tr><td><b>HECTARES:</b></td><td>9968.106</td></tr></table></div>"},"geometry":{"type":"Polygon","coordinates":[[[-79.43597,-5.92361],[-79.43569,-5.92366],[-79.43547,-5.92366],[-79.43544,-5.92364],[-79.43541,-5.92392],[-79.43607,-5.92421],[-79.43631,-5.9244],[-79.4363,-5.92471],[-79.43635,-5.92481],[-79.43647,-5.92483],[-79.43664,-5.92469],[-79.43666,-5.92459],[-79.43678,-5.92399],[-79.43636,-5.92335],[-79.43624,-5.92335],[-79.43602,-5.92344],[-79.43597,-5.92361]]]}},{"type":"Feature","properties":{"Name":"Zonas para proteccion y conservacion ecologica asociadas a potencial de energ\u00edas renovables no convencionales y potencial turistico","description":"<div style='font-family:sans-serif;'><h4>ZEE PIURA - Zonas para proteccion y conservacion ecologica asociadas a potencial de energ\u00edas renovables no convencionales y potencial turistico</h4><table border='1' cellpadding='4' style='border-collapse:collapse;font-size:12px;'><tr><td><b>OBJECTID:</b></td><td>102</td></tr><tr><td><b>ZEECODE:</b></td><td>95</td></tr><tr><td><b>ZEE:</b></td><td>Zonas para proteccion y conservacion ecologica asociadas a potencial de energ\u00edas renovables no convencionales y potencial turistico</td></tr><tr><td><b>ZEE_ZONAS:</b></td><td>Zonas para proteccion y conservacion ecologica asociadas a potencial de energ\u00edas renovables no convencionales y potencial turistico</td></tr><tr><td><b>ZEE_GRANDE:</b></td><td>Areas de Conservacion y Proteccion Ecologica</td></tr><tr><td><b>AREA:</b></td><td>1911669.714</td></tr><tr><td><b>PERIMETER:</b></td><td>31738.786</td></tr><tr><td><b>HECTARES:</b></td><td>191.167</td></tr></table></div>"},"geometry":{"type":"Polygon","coordinates":[[[-79.56376,-5.22918],[-79.56353,-5.2296],[-79.56241,-5.2296],[-79.56212,-5.2292],[-79.56206,-5.22925],[-79.56203,-5.22942],[-79.56203,-5.22971],[-79.56208,-5.22997],[-79.56225,-5.23007],[-79.56244,-5.23019],[-79.56258,-5.23043],[-79.56284,-5.23127],[-79.56255,-5.23203],[-79.56239,-5.23223],[-79.56217,-5.23215],[-79.5621,-5.23201],[-79.56181,-5.23184],[-79.56134,-5.23201],[-79.56124,-5.23225],[-79.56124,-5.23249],[-79.56021,-5.23284],[-79.5601,-5.23286],[-79.55999,-5.23346],[-79.56019,-5.23344],[-79.5604,-5.23356],[-79.56076,-5.23435],[-79.56061,-5.23459],[-79.56061,-5.23493],[-79.56064,-5.23496],[-79.5608,-5.23522],[-79.56097,-5.23543],[-79.56123,-5.23539],[-79.56123,-5.23538],[-79.56121,-5.23503],[-79.56102,-5.23488],[-79.56102,-5.23457],[-79.56124,-5.23414],[-79.5615,-5.23414],[-79.56207,-5.23452],[-79.56224,-5.23469],[-79.56226,-5.23498],[-79.56209,-5.23517],[-79.56209,-5.23548],[-79.56223,-5.23635],[-79.56224,-5.2364],[-79.5624,-5.23718],[-79.5629,-5.23836],[-79.56301,-5.23848],[-79.56317,-5.23648],[-79.56324,-5.23562],[-79.56327,-5.23531],[-79.56376,-5.22918]]]}},{"type":"Feature","properties":{"Name":"Zonas para proteccion y conservacion ecologica asociadas a potencial turistico","description":"<div style='font-family:sans-serif;'><h4>ZEE PIURA - Zonas para proteccion y conservacion ecologica asociadas a potencial turistico</h4><table border='1' cellpadding='4' style='border-collapse:collapse;font-size:12px;'><tr><td><b>OBJECTID:</b></td><td>103</td></tr><tr><td><b>ZEECODE:</b></td><td>97</td></tr><tr><td><b>ZEE:</b></td><td>Zonas para proteccion y conservacion ecologica asociadas a potencial turistico</td></tr><tr><td><b>ZEE_ZONAS:</b></td><td>Zonas para proteccion y conservacion ecologica asociadas a potencial turistico</td></tr><tr><td><b>ZEE_GRANDE:</b></td><td>Areas de Conservacion y Proteccion Ecologica</td></tr><tr><td><b>AREA:</b></td><td>547880817.875</td></tr><tr><td><b>PERIMETER:</b></td><td>1378716.909</td></tr><tr><td><b>HECTARES:</b></td><td>54788.082</td></tr></table></div>"},"geometry":{"type":"Polygon","coordinates":[[[-80.81225,-5.83604],[-80.81229,-5.83612],[-80.81237,-5.83606],[-80.81245,-5.83604],[-80.81225,-5.83604]]]}},{"type":"Feature","properties":{"Name":"Zonas para proteccion y conservacion ecologica asociadas a potencial de energ\u00edas renovables no convencionales, potencial turistico y potencial hidrico","description":"<div style='font-family:sans-serif;'><h4>ZEE PIURA - Zonas para proteccion y conservacion ecologica asociadas a potencial de energ\u00edas renovables no convencionales, potencial turistico y potencial hidrico</h4><table border='1' cellpadding='4' style='border-collapse:collapse;font-size:12px;'><tr><td><b>OBJECTID:</b></td><td>104</td></tr><tr><td><b>ZEECODE:</b></td><td>96</td></tr><tr><td><b>ZEE:</b></td><td>Zonas para proteccion y conservacion ecologica asociadas a potencial de energ\u00edas renovables no convencionales, potencial turistico y potencial hidrico</td></tr><tr><td><b>ZEE_ZONAS:</b></td><td>Zonas para proteccion y conservacion ecologica asociadas a potencial de energ\u00edas renovables no convencionales, potencial turistico y potencial hidrico</td></tr><tr><td><b>ZEE_GRANDE:</b></td><td>Areas de Conservacion y Proteccion Ecologica</td></tr><tr><td><b>AREA:</b></td><td>2600053.413</td></tr><tr><td><b>PERIMETER:</b></td><td>17960.846</td></tr><tr><td><b>HECTARES:</b></td><td>260.005</td></tr></table></div>"},"geometry":{"type":"Polygon","coordinates":[[[-80.86381,-5.79701],[-80.86381,-5.79791],[-80.86369,-5.799],[-80.86343,-5.79958],[-80.86349,-5.80041],[-80.86388,-5.80272],[-80.86407,-5.80368],[-80.86452,-5.80452],[-80.86554,-5.80548],[-80.86605,-5.80593],[-80.8665,-5.80554],[-80.86695,-5.80477],[-80.86689,-5.80394],[-80.86727,-5.80336],[-80.86772,-5.80304],[-80.8683,-5.80266],[-80.86855,-5.80202],[-80.8699,-5.80041],[-80.87054,-5.79983],[-80.87133,-5.79874],[-80.87137,-5.79868],[-80.8715,-5.79778],[-80.8715,-5.79701],[-80.8715,-5.79592],[-80.87112,-5.79528],[-80.8708,-5.79489],[-80.87006,-5.79526],[-80.87003,-5.79528],[-80.86932,-5.79579],[-80.86894,-5.79553],[-80.86856,-5.79521],[-80.86759,-5.79547],[-80.86676,-5.79547],[-80.86631,-5.79515],[-80.86574,-5.79528],[-80.86522,-5.79611],[-80.86516,-5.79688],[-80.86497,-5.79714],[-80.86465,-5.79688],[-80.86439,-5.79637],[-80.86503,-5.79489],[-80.86516,-5.79425],[-80.86567,-5.79393],[-80.86535,-5.7931],[-80.8649,-5.79265],[-80.86433,-5.79277],[-80.86407,-5.79322],[-80.86413,-5.79425],[-80.86381,-5.7965],[-80.86381,-5.79701]]]}},{"type":"Feature","properties":{"Name":"Zonas aptas para pastos con calidad Agrol\u00f3gica media, asociadas a potencial de energ\u00edas renovables no convencionales","description":"<div style='font-family:sans-serif;'><h4>ZEE PIURA - Zonas aptas para pastos con calidad Agrol\u00f3gica media, asociadas a potencial de energ\u00edas renovables no convencionales</h4><table border='1' cellpadding='4' style='border-collapse:collapse;font-size:12px;'><tr><td><b>OBJECTID:</b></td><td>105</td></tr><tr><td><b>ZEECODE:</b></td><td>64</td></tr><tr><td><b>ZEE:</b></td><td>Zonas aptas para pastos con calidad Agrol\u00f3gica media, asociadas a potencial de energ\u00edas renovables no convencionales</td></tr><tr><td><b>ZEE_ZONAS:</b></td><td>Zonas aptas para pastos con calidad Agrol\u00f3gica media, asociadas a potencial de energ\u00edas renovables no convencionales</td></tr><tr><td><b>ZEE_GRANDE:</b></td><td>Zonas Productivas</td></tr><tr><td><b>AREA:</b></td><td>18516343.585</td></tr><tr><td><b>PERIMETER:</b></td><td>114303.327</td></tr><tr><td><b>HECTARES:</b></td><td>1851.634</td></tr></table></div>"},"geometry":{"type":"Polygon","coordinates":[[[-79.48564,-5.84773],[-79.48581,-5.84798],[-79.48584,-5.84776],[-79.48564,-5.84773]]]}}]}