{"type":"FeatureCollection","features":[{"type":"Feature","properties":{"Name":"LABOR MINERA","description":"","OBJECTID":"17","PROVINCIA":"CONDORCANQUI","DISTRITO":"EL CENEPA","CUENCA":"CENEPA","ZONA":"17","EXUNIDAD":"CAMPANA","TIPO":"LABOR MINERA","SUBTIPO":"NO DETERMINADO","REGION":"AMAZONAS","ESTE":"770266","NORTE":"9553129","CODIGODM":"010211695; 010056393;\n010056293; 010056193;\n010056493; 010064993;\n010064793","NOMBREDM":"APU; CAMPANA 1; CAMPANA 2;\nCOMAINA 1; COMAINA 2;\nCOMAINA 3; HITO","TITULARDM":"BEDOYA TORRICO;  JORGE ARTURO; COMPA\u00d1IA MINERA AFRODITA S.A.; COMPA\u00d1IA MINERA HITO S.A.C.; DORATO PERU S.A.C.; METALES Y FINANZAS S.A.","RESPONSABLE":"COMPA\u00d1IA MINERA AFRODITA S.A.C.","GENERADOR":"NO IDENTIFICADO","ESTUDIOAMB":"PCPAM AFRODITA","N":"17"},"geometry":{"type":"Point","coordinates":[-78.56591,-4.03925]}},{"type":"Feature","properties":{"Name":"LABOR MINERA","description":"","OBJECTID":"18","PROVINCIA":"CONDORCANQUI","DISTRITO":"EL CENEPA","CUENCA":"CENEPA","ZONA":"17","EXUNIDAD":"CAMPANA","TIPO":"LABOR MINERA","SUBTIPO":"NO DETERMINADO","REGION":"AMAZONAS","ESTE":"770262","NORTE":"9553124","CODIGODM":"010211695; 010056393;\n010056293; 010056193;\n010056493; 010064993;\n010064793","NOMBREDM":"APU; CAMPANA 1; CAMPANA 2;\nCOMAINA 1; COMAINA 2;\nCOMAINA 3; HITO","TITULARDM":"BEDOYA TORRICO;  JORGE ARTURO; COMPA\u00d1IA MINERA AFRODITA S.A.; COMPA\u00d1IA MINERA HITO S.A.C.; DORATO PERU S.A.C.; METALES Y FINANZAS S.A.","RESPONSABLE":"COMPA\u00d1IA MINERA AFRODITA S.A.C.","GENERADOR":"NO IDENTIFICADO","ESTUDIOAMB":"PCPAM AFRODITA","N":"18"},"geometry":{"type":"Point","coordinates":[-78.56595,-4.0393]}},{"type":"Feature","properties":{"Name":"LABOR MINERA","description":"","OBJECTID":"19","PROVINCIA":"CONDORCANQUI","DISTRITO":"EL CENEPA","CUENCA":"CENEPA","ZONA":"17","EXUNIDAD":"CAMPANA","TIPO":"LABOR MINERA","SUBTIPO":"NO DETERMINADO","REGION":"AMAZONAS","ESTE":"770266","NORTE":"9553136","CODIGODM":"010211695; 010056393;\n010056293; 010056193;\n010056493; 010064993;\n010064793","NOMBREDM":"APU; CAMPANA 1; CAMPANA 2;\nCOMAINA 1; COMAINA 2;\nCOMAINA 3; HITO","TITULARDM":"BEDOYA TORRICO;  JORGE ARTURO; COMPA\u00d1IA MINERA AFRODITA S.A.; COMPA\u00d1IA MINERA HITO S.A.C.; DORATO PERU S.A.C.; METALES Y FINANZAS S.A.","RESPONSABLE":"COMPA\u00d1IA MINERA AFRODITA S.A.C.","GENERADOR":"NO IDENTIFICADO","ESTUDIOAMB":"PCPAM AFRODITA","N":"19"},"geometry":{"type":"Point","coordinates":[-78.56591,-4.03919]}},{"type":"Feature","properties":{"Name":"LABOR MINERA","description":"","OBJECTID":"20","PROVINCIA":"CONDORCANQUI","DISTRITO":"EL CENEPA","CUENCA":"CENEPA","ZONA":"17","EXUNIDAD":"CAMPANA","TIPO":"LABOR MINERA","SUBTIPO":"NO DETERMINADO","REGION":"AMAZONAS","ESTE":"770261","NORTE":"9553153","CODIGODM":"010211695; 010056393;\n010056293; 010056193;\n010056493; 010064993;\n010064793","NOMBREDM":"APU; CAMPANA 1; CAMPANA 2;\nCOMAINA 1; COMAINA 2;\nCOMAINA 3; HITO","TITULARDM":"BEDOYA TORRICO;  JORGE ARTURO; COMPA\u00d1IA MINERA AFRODITA S.A.; COMPA\u00d1IA MINERA HITO S.A.C.; DORATO PERU S.A.C.; METALES Y FINANZAS S.A.","RESPONSABLE":"COMPA\u00d1IA MINERA AFRODITA S.A.C.","GENERADOR":"NO IDENTIFICADO","ESTUDIOAMB":"PCPAM AFRODITA","N":"20"},"geometry":{"type":"Point","coordinates":[-78.56596,-4.03904]}},{"type":"Feature","properties":{"Name":"LABOR MINERA","description":"","OBJECTID":"21","PROVINCIA":"CONDORCANQUI","DISTRITO":"EL CENEPA","CUENCA":"CENEPA","ZONA":"17","EXUNIDAD":"CAMPANA","TIPO":"LABOR MINERA","SUBTIPO":"NO DETERMINADO","REGION":"AMAZONAS","ESTE":"770267","NORTE":"9553153","CODIGODM":"010211695; 010056393;\n010056293; 010056193;\n010056493; 010064993;\n010064793","NOMBREDM":"APU; CAMPANA 1; CAMPANA 2;\nCOMAINA 1; COMAINA 2;\nCOMAINA 3; HITO","TITULARDM":"BEDOYA TORRICO;  JORGE ARTURO; COMPA\u00d1IA MINERA AFRODITA S.A.; COMPA\u00d1IA MINERA HITO S.A.C.; DORATO PERU S.A.C.; METALES Y FINANZAS S.A.","RESPONSABLE":"COMPA\u00d1IA MINERA AFRODITA S.A.C.","GENERADOR":"NO IDENTIFICADO","ESTUDIOAMB":"PCPAM AFRODITA","N":"21"},"geometry":{"type":"Point","coordinates":[-78.5659,-4.03904]}},{"type":"Feature","properties":{"Name":"LABOR MINERA","description":"","OBJECTID":"22","PROVINCIA":"CONDORCANQUI","DISTRITO":"EL CENEPA","CUENCA":"CENEPA","ZONA":"17","EXUNIDAD":"CAMPANA","TIPO":"LABOR MINERA","SUBTIPO":"NO DETERMINADO","REGION":"AMAZONAS","ESTE":"770257","NORTE":"9553167","CODIGODM":"010211695; 010056393;\n010056293; 010056193;\n010056493; 010064993;\n010064793","NOMBREDM":"APU; CAMPANA 1; CAMPANA 2;\nCOMAINA 1; COMAINA 2;\nCOMAINA 3; HITO","TITULARDM":"BEDOYA TORRICO;  JORGE ARTURO; COMPA\u00d1IA MINERA AFRODITA S.A.; COMPA\u00d1IA MINERA HITO S.A.C.; DORATO PERU S.A.C.; METALES Y FINANZAS S.A.","RESPONSABLE":"COMPA\u00d1IA MINERA AFRODITA S.A.C.","GENERADOR":"NO IDENTIFICADO","ESTUDIOAMB":"PCPAM AFRODITA","N":"22"},"geometry":{"type":"Point","coordinates":[-78.56599,-4.03891]}},{"type":"Feature","properties":{"Name":"LABOR MINERA","description":"","OBJECTID":"23","PROVINCIA":"CONDORCANQUI","DISTRITO":"EL CENEPA","CUENCA":"CENEPA","ZONA":"17","EXUNIDAD":"CAMPANA","TIPO":"LABOR MINERA","SUBTIPO":"NO DETERMINADO","REGION":"AMAZONAS","ESTE":"770267","NORTE":"9553182","CODIGODM":"010211695; 010056393;\n010056293; 010056193;\n010056493; 010064993;\n010064793","NOMBREDM":"APU; CAMPANA 1; CAMPANA 2;\nCOMAINA 1; COMAINA 2;\nCOMAINA 3; HITO","TITULARDM":"BEDOYA TORRICO;  JORGE ARTURO; COMPA\u00d1IA MINERA AFRODITA S.A.; COMPA\u00d1IA MINERA HITO S.A.C.; DORATO PERU S.A.C.; METALES Y FINANZAS S.A.","RESPONSABLE":"COMPA\u00d1IA MINERA AFRODITA S.A.C.","GENERADOR":"NO IDENTIFICADO","ESTUDIOAMB":"PCPAM AFRODITA","N":"23"},"geometry":{"type":"Point","coordinates":[-78.5659,-4.03878]}},{"type":"Feature","properties":{"Name":"LABOR MINERA","description":"","OBJECTID":"24","PROVINCIA":"CONDORCANQUI","DISTRITO":"EL CENEPA","CUENCA":"CENEPA","ZONA":"17","EXUNIDAD":"CAMPANA","TIPO":"LABOR MINERA","SUBTIPO":"NO DETERMINADO","REGION":"AMAZONAS","ESTE":"770224","NORTE":"9553160","CODIGODM":"010211695; 010056393;\n010056293; 010056193;\n010056493; 010064993;\n010064793","NOMBREDM":"APU; CAMPANA 1; CAMPANA 2;\nCOMAINA 1; COMAINA 2;\nCOMAINA 3; HITO","TITULARDM":"BEDOYA TORRICO;  JORGE ARTURO; COMPA\u00d1IA MINERA AFRODITA S.A.; COMPA\u00d1IA MINERA HITO S.A.C.; DORATO PERU S.A.C.; METALES Y FINANZAS S.A.","RESPONSABLE":"COMPA\u00d1IA MINERA AFRODITA S.A.C.","GENERADOR":"NO IDENTIFICADO","ESTUDIOAMB":"PCPAM AFRODITA","N":"24"},"geometry":{"type":"Point","coordinates":[-78.56629,-4.03898]}},{"type":"Feature","properties":{"Name":"LABOR MINERA","description":"","OBJECTID":"25","PROVINCIA":"CONDORCANQUI","DISTRITO":"EL CENEPA","CUENCA":"CENEPA","ZONA":"17","EXUNIDAD":"CAMPANA","TIPO":"LABOR MINERA","SUBTIPO":"NO DETERMINADO","REGION":"AMAZONAS","ESTE":"770225","NORTE":"9553138","CODIGODM":"010211695; 010056393;\n010056293; 010056193;\n010056493; 010064993;\n010064793","NOMBREDM":"APU; CAMPANA 1; CAMPANA 2;\nCOMAINA 1; COMAINA 2;\nCOMAINA 3; HITO","TITULARDM":"BEDOYA TORRICO;  JORGE ARTURO; COMPA\u00d1IA MINERA AFRODITA S.A.; COMPA\u00d1IA MINERA HITO S.A.C.; DORATO PERU S.A.C.; METALES Y FINANZAS S.A.","RESPONSABLE":"COMPA\u00d1IA MINERA AFRODITA S.A.C.","GENERADOR":"NO IDENTIFICADO","ESTUDIOAMB":"PCPAM AFRODITA","N":"25"},"geometry":{"type":"Point","coordinates":[-78.56628,-4.03917]}},{"type":"Feature","properties":{"Name":"LABOR MINERA","description":"","OBJECTID":"26","PROVINCIA":"CONDORCANQUI","DISTRITO":"EL CENEPA","CUENCA":"CENEPA","ZONA":"17","EXUNIDAD":"CAMPANA","TIPO":"LABOR MINERA","SUBTIPO":"NO DETERMINADO","REGION":"AMAZONAS","ESTE":"770195","NORTE":"9553119","CODIGODM":"010211695; 010056393;\n010056293; 010056193;\n010056493; 010064993;\n010064793","NOMBREDM":"APU; CAMPANA 1; CAMPANA 2;\nCOMAINA 1; COMAINA 2;\nCOMAINA 3; HITO","TITULARDM":"BEDOYA TORRICO;  JORGE ARTURO; COMPA\u00d1IA MINERA AFRODITA S.A.; COMPA\u00d1IA MINERA HITO S.A.C.; DORATO PERU S.A.C.; METALES Y FINANZAS S.A.","RESPONSABLE":"COMPA\u00d1IA MINERA AFRODITA S.A.C.","GENERADOR":"NO IDENTIFICADO","ESTUDIOAMB":"PCPAM AFRODITA","N":"26"},"geometry":{"type":"Point","coordinates":[-78.56655,-4.03935]}},{"type":"Feature","properties":{"Name":"LABOR MINERA","description":"","OBJECTID":"27","PROVINCIA":"CONDORCANQUI","DISTRITO":"EL CENEPA","CUENCA":"CENEPA","ZONA":"17","EXUNIDAD":"CAMPANA","TIPO":"LABOR MINERA","SUBTIPO":"NO DETERMINADO","REGION":"AMAZONAS","ESTE":"770184","NORTE":"9553092","CODIGODM":"010211695; 010056393;\n010056293; 010056193;\n010056493; 010064993;\n010064793","NOMBREDM":"APU; CAMPANA 1; CAMPANA 2;\nCOMAINA 1; COMAINA 2;\nCOMAINA 3; HITO","TITULARDM":"BEDOYA TORRICO;  JORGE ARTURO; COMPA\u00d1IA MINERA AFRODITA S.A.; COMPA\u00d1IA MINERA HITO S.A.C.; DORATO PERU S.A.C.; METALES Y FINANZAS S.A.","RESPONSABLE":"COMPA\u00d1IA MINERA AFRODITA S.A.C.","GENERADOR":"NO IDENTIFICADO","ESTUDIOAMB":"PCPAM AFRODITA","N":"27"},"geometry":{"type":"Point","coordinates":[-78.56665,-4.03959]}},{"type":"Feature","properties":{"Name":"LABOR MINERA","description":"","OBJECTID":"28","PROVINCIA":"CONDORCANQUI","DISTRITO":"EL CENEPA","CUENCA":"CENEPA","ZONA":"17","EXUNIDAD":"CAMPANA","TIPO":"LABOR MINERA","SUBTIPO":"NO DETERMINADO","REGION":"AMAZONAS","ESTE":"770146","NORTE":"9553103","CODIGODM":"010211695; 010056393;\n010056293; 010056193;\n010056493; 010064993;\n010064793","NOMBREDM":"APU; CAMPANA 1; CAMPANA 2;\nCOMAINA 1; COMAINA 2;\nCOMAINA 3; HITO","TITULARDM":"BEDOYA TORRICO;  JORGE ARTURO; COMPA\u00d1IA MINERA AFRODITA S.A.; COMPA\u00d1IA MINERA HITO S.A.C.; DORATO PERU S.A.C.; METALES Y FINANZAS S.A.","RESPONSABLE":"COMPA\u00d1IA MINERA AFRODITA S.A.C.","GENERADOR":"NO IDENTIFICADO","ESTUDIOAMB":"PCPAM AFRODITA","N":"28"},"geometry":{"type":"Point","coordinates":[-78.56699,-4.03949]}},{"type":"Feature","properties":{"Name":"LABOR MINERA","description":"","OBJECTID":"29","PROVINCIA":"CONDORCANQUI","DISTRITO":"EL CENEPA","CUENCA":"CENEPA","ZONA":"17","EXUNIDAD":"CAMPANA","TIPO":"LABOR MINERA","SUBTIPO":"NO DETERMINADO","REGION":"AMAZONAS","ESTE":"770134","NORTE":"9553107","CODIGODM":"010211695; 010056393;\n010056293; 010056193;\n010056493; 010064993;\n010064793","NOMBREDM":"APU; CAMPANA 1; CAMPANA 2;\nCOMAINA 1; COMAINA 2;\nCOMAINA 3; HITO","TITULARDM":"BEDOYA TORRICO;  JORGE ARTURO; COMPA\u00d1IA MINERA AFRODITA S.A.; COMPA\u00d1IA MINERA HITO S.A.C.; DORATO PERU S.A.C.; METALES Y FINANZAS S.A.","RESPONSABLE":"COMPA\u00d1IA MINERA AFRODITA S.A.C.","GENERADOR":"NO IDENTIFICADO","ESTUDIOAMB":"PCPAM AFRODITA","N":"29"},"geometry":{"type":"Point","coordinates":[-78.5671,-4.03946]}},{"type":"Feature","properties":{"Name":"LABOR MINERA","description":"","OBJECTID":"30","PROVINCIA":"CONDORCANQUI","DISTRITO":"EL CENEPA","CUENCA":"CENEPA","ZONA":"17","EXUNIDAD":"CAMPANA","TIPO":"LABOR MINERA","SUBTIPO":"NO DETERMINADO","REGION":"AMAZONAS","ESTE":"770063","NORTE":"9553121","CODIGODM":"010211695; 010056393;\n010056293; 010056193;\n010056493; 010064993;\n010064793","NOMBREDM":"APU; CAMPANA 1; CAMPANA 2;\nCOMAINA 1; COMAINA 2;\nCOMAINA 3; HITO","TITULARDM":"BEDOYA TORRICO;  JORGE ARTURO; COMPA\u00d1IA MINERA AFRODITA S.A.; COMPA\u00d1IA MINERA HITO S.A.C.; DORATO PERU S.A.C.; METALES Y FINANZAS S.A.","RESPONSABLE":"COMPA\u00d1IA MINERA AFRODITA S.A.C.","GENERADOR":"NO IDENTIFICADO","ESTUDIOAMB":"PCPAM AFRODITA","N":"30"},"geometry":{"type":"Point","coordinates":[-78.56774,-4.03933]}},{"type":"Feature","properties":{"Name":"LABOR MINERA","description":"","OBJECTID":"31","PROVINCIA":"CONDORCANQUI","DISTRITO":"EL CENEPA","CUENCA":"CENEPA","ZONA":"17","EXUNIDAD":"CAMPANA","TIPO":"LABOR MINERA","SUBTIPO":"NO DETERMINADO","REGION":"AMAZONAS","ESTE":"770155","NORTE":"9553111","CODIGODM":"010211695; 010056393;\n010056293; 010056193;\n010056493; 010064993;\n010064793","NOMBREDM":"APU; CAMPANA 1; CAMPANA 2;\nCOMAINA 1; COMAINA 2;\nCOMAINA 3; HITO","TITULARDM":"BEDOYA TORRICO;  JORGE ARTURO; COMPA\u00d1IA MINERA AFRODITA S.A.; COMPA\u00d1IA MINERA HITO S.A.C.; DORATO PERU S.A.C.; METALES Y FINANZAS S.A.","RESPONSABLE":"COMPA\u00d1IA MINERA AFRODITA S.A.C.","GENERADOR":"NO IDENTIFICADO","ESTUDIOAMB":"PCPAM AFRODITA","N":"31"},"geometry":{"type":"Point","coordinates":[-78.56691,-4.03942]}},{"type":"Feature","properties":{"Name":"LABOR MINERA","description":"","OBJECTID":"32","PROVINCIA":"CONDORCANQUI","DISTRITO":"EL CENEPA","CUENCA":"CENEPA","ZONA":"17","EXUNIDAD":"CAMPANA","TIPO":"LABOR MINERA","SUBTIPO":"NO DETERMINADO","REGION":"AMAZONAS","ESTE":"770115","NORTE":"9553125","CODIGODM":"010211695; 010056393;\n010056293; 010056193;\n010056493; 010064993;\n010064793","NOMBREDM":"APU; CAMPANA 1; CAMPANA 2;\nCOMAINA 1; COMAINA 2;\nCOMAINA 3; HITO","TITULARDM":"BEDOYA TORRICO;  JORGE ARTURO; COMPA\u00d1IA MINERA AFRODITA S.A.; COMPA\u00d1IA MINERA HITO S.A.C.; DORATO PERU S.A.C.; METALES Y FINANZAS S.A.","RESPONSABLE":"COMPA\u00d1IA MINERA AFRODITA S.A.C.","GENERADOR":"NO IDENTIFICADO","ESTUDIOAMB":"PCPAM AFRODITA","N":"32"},"geometry":{"type":"Point","coordinates":[-78.56727,-4.03929]}},{"type":"Feature","properties":{"Name":"LABOR MINERA","description":"","OBJECTID":"33","PROVINCIA":"CONDORCANQUI","DISTRITO":"EL CENEPA","CUENCA":"CENEPA","ZONA":"17","EXUNIDAD":"CAMPANA","TIPO":"LABOR MINERA","SUBTIPO":"NO DETERMINADO","REGION":"AMAZONAS","ESTE":"770184","NORTE":"9553114","CODIGODM":"010211695; 010056393;\n010056293; 010056193;\n010056493; 010064993;\n010064793","NOMBREDM":"APU; CAMPANA 1; CAMPANA 2;\nCOMAINA 1; COMAINA 2;\nCOMAINA 3; HITO","TITULARDM":"BEDOYA TORRICO;  JORGE ARTURO; COMPA\u00d1IA MINERA AFRODITA S.A.; COMPA\u00d1IA MINERA HITO S.A.C.; DORATO PERU S.A.C.; METALES Y FINANZAS S.A.","RESPONSABLE":"COMPA\u00d1IA MINERA AFRODITA S.A.C.","GENERADOR":"NO IDENTIFICADO","ESTUDIOAMB":"PCPAM AFRODITA","N":"33"},"geometry":{"type":"Point","coordinates":[-78.56665,-4.03939]}},{"type":"Feature","properties":{"Name":"LABOR MINERA","description":"","OBJECTID":"34","PROVINCIA":"CONDORCANQUI","DISTRITO":"EL CENEPA","CUENCA":"CENEPA","ZONA":"17","EXUNIDAD":"CAMPANA","TIPO":"LABOR MINERA","SUBTIPO":"NO DETERMINADO","REGION":"AMAZONAS","ESTE":"770187","NORTE":"9553121","CODIGODM":"010211695; 010056393;\n010056293; 010056193;\n010056493; 010064993;\n010064793","NOMBREDM":"APU; CAMPANA 1; CAMPANA 2;\nCOMAINA 1; COMAINA 2;\nCOMAINA 3; HITO","TITULARDM":"BEDOYA TORRICO;  JORGE ARTURO; COMPA\u00d1IA MINERA AFRODITA S.A.; COMPA\u00d1IA MINERA HITO S.A.C.; DORATO PERU S.A.C.; METALES Y FINANZAS S.A.","RESPONSABLE":"COMPA\u00d1IA MINERA AFRODITA S.A.C.","GENERADOR":"NO IDENTIFICADO","ESTUDIOAMB":"PCPAM AFRODITA","N":"34"},"geometry":{"type":"Point","coordinates":[-78.56662,-4.03933]}},{"type":"Feature","properties":{"Name":"LABOR MINERA","description":"","OBJECTID":"35","PROVINCIA":"CONDORCANQUI","DISTRITO":"EL CENEPA","CUENCA":"CENEPA","ZONA":"17","EXUNIDAD":"CAMPANA","TIPO":"LABOR MINERA","SUBTIPO":"NO DETERMINADO","REGION":"AMAZONAS","ESTE":"770163","NORTE":"9553127","CODIGODM":"010211695; 010056393;\n010056293; 010056193;\n010056493; 010064993;\n010064793","NOMBREDM":"APU; CAMPANA 1; CAMPANA 2;\nCOMAINA 1; COMAINA 2;\nCOMAINA 3; HITO","TITULARDM":"BEDOYA TORRICO;  JORGE ARTURO; COMPA\u00d1IA MINERA AFRODITA S.A.; COMPA\u00d1IA MINERA HITO S.A.C.; DORATO PERU S.A.C.; METALES Y FINANZAS S.A.","RESPONSABLE":"COMPA\u00d1IA MINERA AFRODITA S.A.C.","GENERADOR":"NO IDENTIFICADO","ESTUDIOAMB":"PCPAM AFRODITA","N":"35"},"geometry":{"type":"Point","coordinates":[-78.56684,-4.03928]}},{"type":"Feature","properties":{"Name":"LABOR MINERA","description":"","OBJECTID":"36","PROVINCIA":"CONDORCANQUI","DISTRITO":"EL CENEPA","CUENCA":"CENEPA","ZONA":"17","EXUNIDAD":"CAMPANA","TIPO":"LABOR MINERA","SUBTIPO":"NO DETERMINADO","REGION":"AMAZONAS","ESTE":"770169","NORTE":"9553137","CODIGODM":"010211695; 010056393;\n010056293; 010056193;\n010056493; 010064993;\n010064793","NOMBREDM":"APU; CAMPANA 1; CAMPANA 2;\nCOMAINA 1; COMAINA 2;\nCOMAINA 3; HITO","TITULARDM":"BEDOYA TORRICO;  JORGE ARTURO; COMPA\u00d1IA MINERA AFRODITA S.A.; COMPA\u00d1IA MINERA HITO S.A.C.; DORATO PERU S.A.C.; METALES Y FINANZAS S.A.","RESPONSABLE":"COMPA\u00d1IA MINERA AFRODITA S.A.C.","GENERADOR":"NO IDENTIFICADO","ESTUDIOAMB":"PCPAM AFRODITA","N":"36"},"geometry":{"type":"Point","coordinates":[-78.56678,-4.03919]}},{"type":"Feature","properties":{"Name":"LABOR MINERA","description":"","OBJECTID":"37","PROVINCIA":"CONDORCANQUI","DISTRITO":"EL CENEPA","CUENCA":"CENEPA","ZONA":"17","EXUNIDAD":"CAMPANA","TIPO":"LABOR MINERA","SUBTIPO":"NO DETERMINADO","REGION":"AMAZONAS","ESTE":"770190","NORTE":"9553139","CODIGODM":"010211695; 010056393;\n010056293; 010056193;\n010056493; 010064993;\n010064793","NOMBREDM":"APU; CAMPANA 1; CAMPANA 2;\nCOMAINA 1; COMAINA 2;\nCOMAINA 3; HITO","TITULARDM":"BEDOYA TORRICO;  JORGE ARTURO; COMPA\u00d1IA MINERA AFRODITA S.A.; COMPA\u00d1IA MINERA HITO S.A.C.; DORATO PERU S.A.C.; METALES Y FINANZAS S.A.","RESPONSABLE":"COMPA\u00d1IA MINERA AFRODITA S.A.C.","GENERADOR":"NO IDENTIFICADO","ESTUDIOAMB":"PCPAM AFRODITA","N":"37"},"geometry":{"type":"Point","coordinates":[-78.56659,-4.03917]}},{"type":"Feature","properties":{"Name":"LABOR MINERA","description":"","OBJECTID":"38","PROVINCIA":"CONDORCANQUI","DISTRITO":"EL CENEPA","CUENCA":"CENEPA","ZONA":"17","EXUNIDAD":"CAMPANA","TIPO":"LABOR MINERA","SUBTIPO":"NO DETERMINADO","REGION":"AMAZONAS","ESTE":"770056","NORTE":"9553176","CODIGODM":"010211695; 010056393;\n010056293; 010056193;\n010056493; 010064993;\n010064793","NOMBREDM":"APU; CAMPANA 1; CAMPANA 2;\nCOMAINA 1; COMAINA 2;\nCOMAINA 3; HITO","TITULARDM":"BEDOYA TORRICO;  JORGE ARTURO; COMPA\u00d1IA MINERA AFRODITA S.A.; COMPA\u00d1IA MINERA HITO S.A.C.; DORATO PERU S.A.C.; METALES Y FINANZAS S.A.","RESPONSABLE":"COMPA\u00d1IA MINERA AFRODITA S.A.C.","GENERADOR":"NO IDENTIFICADO","ESTUDIOAMB":"PCPAM AFRODITA","N":"38"},"geometry":{"type":"Point","coordinates":[-78.5678,-4.03884]}},{"type":"Feature","properties":{"Name":"LABOR MINERA","description":"","OBJECTID":"39","PROVINCIA":"CONDORCANQUI","DISTRITO":"EL CENEPA","CUENCA":"CENEPA","ZONA":"17","EXUNIDAD":"CAMPANA","TIPO":"LABOR MINERA","SUBTIPO":"NO DETERMINADO","REGION":"AMAZONAS","ESTE":"769966","NORTE":"9553261","CODIGODM":"010211695; 010056393;\n010056293; 010056193;\n010056493; 010064993;\n010064793","NOMBREDM":"APU; CAMPANA 1; CAMPANA 2;\nCOMAINA 1; COMAINA 2;\nCOMAINA 3; HITO","TITULARDM":"BEDOYA TORRICO;  JORGE ARTURO; COMPA\u00d1IA MINERA AFRODITA S.A.; COMPA\u00d1IA MINERA HITO S.A.C.; DORATO PERU S.A.C.; METALES Y FINANZAS S.A.","RESPONSABLE":"COMPA\u00d1IA MINERA AFRODITA S.A.C.","GENERADOR":"NO IDENTIFICADO","ESTUDIOAMB":"PCPAM AFRODITA","N":"39"},"geometry":{"type":"Point","coordinates":[-78.56861,-4.03807]}},{"type":"Feature","properties":{"Name":"LABOR MINERA","description":"","OBJECTID":"40","PROVINCIA":"CONDORCANQUI","DISTRITO":"EL CENEPA","CUENCA":"CENEPA","ZONA":"17","EXUNIDAD":"CAMPANA","TIPO":"LABOR MINERA","SUBTIPO":"NO DETERMINADO","REGION":"AMAZONAS","ESTE":"769961","NORTE":"9553248","CODIGODM":"010211695; 010056393;\n010056293; 010056193;\n010056493; 010064993;\n010064793","NOMBREDM":"APU; CAMPANA 1; CAMPANA 2;\nCOMAINA 1; COMAINA 2;\nCOMAINA 3; HITO","TITULARDM":"BEDOYA TORRICO;  JORGE ARTURO; COMPA\u00d1IA MINERA AFRODITA S.A.; COMPA\u00d1IA MINERA HITO S.A.C.; DORATO PERU S.A.C.; METALES Y FINANZAS S.A.","RESPONSABLE":"COMPA\u00d1IA MINERA AFRODITA S.A.C.","GENERADOR":"NO IDENTIFICADO","ESTUDIOAMB":"PCPAM AFRODITA","N":"40"},"geometry":{"type":"Point","coordinates":[-78.56866,-4.03819]}},{"type":"Feature","properties":{"Name":"LABOR MINERA","description":"","OBJECTID":"1","PROVINCIA":"CONDORCANQUI","DISTRITO":"EL CENEPA","CUENCA":"CENEPA","ZONA":"17","EXUNIDAD":"CAMPANA","TIPO":"LABOR MINERA","SUBTIPO":"NO DETERMINADO","REGION":"AMAZONAS","ESTE":"770019","NORTE":"9553393","CODIGODM":"010211695; 010056393;\n010056293; 010056193;\n010056493; 010064993;\n010064793","NOMBREDM":"APU; CAMPANA 1; CAMPANA 2;\nCOMAINA 1; COMAINA 2;\nCOMAINA 3; HITO","TITULARDM":"BEDOYA TORRICO;  JORGE ARTURO; COMPA\u00d1IA MINERA AFRODITA S.A.; COMPA\u00d1IA MINERA HITO S.A.C.; DORATO PERU S.A.C.; METALES Y FINANZAS S.A.","RESPONSABLE":"COMPA\u00d1IA MINERA AFRODITA S.A.C.","GENERADOR":"NO IDENTIFICADO","ESTUDIOAMB":"PCPAM AFRODITA","N":"1"},"geometry":{"type":"Point","coordinates":[-78.56814,-4.03688]}},{"type":"Feature","properties":{"Name":"LABOR MINERA","description":"","OBJECTID":"2","PROVINCIA":"CONDORCANQUI","DISTRITO":"EL CENEPA","CUENCA":"CENEPA","ZONA":"17","EXUNIDAD":"CAMPANA","TIPO":"LABOR MINERA","SUBTIPO":"NO DETERMINADO","REGION":"AMAZONAS","ESTE":"770146","NORTE":"9553303","CODIGODM":"010211695; 010056393;\n010056293; 010056193;\n010056493; 010064993;\n010064793","NOMBREDM":"APU; CAMPANA 1; CAMPANA 2;\nCOMAINA 1; COMAINA 2;\nCOMAINA 3; HITO","TITULARDM":"BEDOYA TORRICO;  JORGE ARTURO; COMPA\u00d1IA MINERA AFRODITA S.A.; COMPA\u00d1IA MINERA HITO S.A.C.; DORATO PERU S.A.C.; METALES Y FINANZAS S.A.","RESPONSABLE":"COMPA\u00d1IA MINERA AFRODITA S.A.C.","GENERADOR":"NO IDENTIFICADO","ESTUDIOAMB":"PCPAM AFRODITA","N":"2"},"geometry":{"type":"Point","coordinates":[-78.56699,-4.03769]}},{"type":"Feature","properties":{"Name":"LABOR MINERA","description":"","OBJECTID":"3","PROVINCIA":"CONDORCANQUI","DISTRITO":"EL CENEPA","CUENCA":"CENEPA","ZONA":"17","EXUNIDAD":"CAMPANA","TIPO":"LABOR MINERA","SUBTIPO":"NO DETERMINADO","REGION":"AMAZONAS","ESTE":"770142","NORTE":"9553296","CODIGODM":"010211695; 010056393;\n010056293; 010056193;\n010056493; 010064993;\n010064793","NOMBREDM":"APU; CAMPANA 1; CAMPANA 2;\nCOMAINA 1; COMAINA 2;\nCOMAINA 3; HITO","TITULARDM":"BEDOYA TORRICO;  JORGE ARTURO; COMPA\u00d1IA MINERA AFRODITA S.A.; COMPA\u00d1IA MINERA HITO S.A.C.; DORATO PERU S.A.C.; METALES Y FINANZAS S.A.","RESPONSABLE":"COMPA\u00d1IA MINERA AFRODITA S.A.C.","GENERADOR":"NO IDENTIFICADO","ESTUDIOAMB":"PCPAM AFRODITA","N":"3"},"geometry":{"type":"Point","coordinates":[-78.56703,-4.03775]}},{"type":"Feature","properties":{"Name":"LABOR MINERA","description":"","OBJECTID":"4","PROVINCIA":"CONDORCANQUI","DISTRITO":"EL CENEPA","CUENCA":"CENEPA","ZONA":"17","EXUNIDAD":"CAMPANA","TIPO":"LABOR MINERA","SUBTIPO":"NO DETERMINADO","REGION":"AMAZONAS","ESTE":"770449","NORTE":"9553238","CODIGODM":"010211695; 010056393;\n010056293; 010056193;\n010056493; 010064993;\n010064793","NOMBREDM":"APU; CAMPANA 1; CAMPANA 2;\nCOMAINA 1; COMAINA 2;\nCOMAINA 3; HITO","TITULARDM":"BEDOYA TORRICO;  JORGE ARTURO; COMPA\u00d1IA MINERA AFRODITA S.A.; COMPA\u00d1IA MINERA HITO S.A.C.; DORATO PERU S.A.C.; METALES Y FINANZAS S.A.","RESPONSABLE":"COMPA\u00d1IA MINERA AFRODITA S.A.C.","GENERADOR":"NO IDENTIFICADO","ESTUDIOAMB":"PCPAM AFRODITA","N":"4"},"geometry":{"type":"Point","coordinates":[-78.56427,-4.03826]}},{"type":"Feature","properties":{"Name":"LABOR MINERA","description":"","OBJECTID":"5","PROVINCIA":"CONDORCANQUI","DISTRITO":"EL CENEPA","CUENCA":"CENEPA","ZONA":"17","EXUNIDAD":"CAMPANA","TIPO":"LABOR MINERA","SUBTIPO":"NO DETERMINADO","REGION":"AMAZONAS","ESTE":"770453","NORTE":"9553222","CODIGODM":"010211695; 010056393;\n010056293; 010056193;\n010056493; 010064993;\n010064793","NOMBREDM":"APU; CAMPANA 1; CAMPANA 2;\nCOMAINA 1; COMAINA 2;\nCOMAINA 3; HITO","TITULARDM":"BEDOYA TORRICO;  JORGE ARTURO; COMPA\u00d1IA MINERA AFRODITA S.A.; COMPA\u00d1IA MINERA HITO S.A.C.; DORATO PERU S.A.C.; METALES Y FINANZAS S.A.","RESPONSABLE":"COMPA\u00d1IA MINERA AFRODITA S.A.C.","GENERADOR":"NO IDENTIFICADO","ESTUDIOAMB":"PCPAM AFRODITA","N":"5"},"geometry":{"type":"Point","coordinates":[-78.56423,-4.03841]}},{"type":"Feature","properties":{"Name":"LABOR MINERA","description":"","OBJECTID":"6","PROVINCIA":"CONDORCANQUI","DISTRITO":"EL CENEPA","CUENCA":"CENEPA","ZONA":"17","EXUNIDAD":"CAMPANA","TIPO":"LABOR MINERA","SUBTIPO":"NO DETERMINADO","REGION":"AMAZONAS","ESTE":"770446","NORTE":"9553222","CODIGODM":"010211695; 010056393;\n010056293; 010056193;\n010056493; 010064993;\n010064793","NOMBREDM":"APU; CAMPANA 1; CAMPANA 2;\nCOMAINA 1; COMAINA 2;\nCOMAINA 3; HITO","TITULARDM":"BEDOYA TORRICO;  JORGE ARTURO; COMPA\u00d1IA MINERA AFRODITA S.A.; COMPA\u00d1IA MINERA HITO S.A.C.; DORATO PERU S.A.C.; METALES Y FINANZAS S.A.","RESPONSABLE":"COMPA\u00d1IA MINERA AFRODITA S.A.C.","GENERADOR":"NO IDENTIFICADO","ESTUDIOAMB":"PCPAM AFRODITA","N":"6"},"geometry":{"type":"Point","coordinates":[-78.56429,-4.03841]}},{"type":"Feature","properties":{"Name":"LABOR MINERA","description":"","OBJECTID":"7","PROVINCIA":"CONDORCANQUI","DISTRITO":"EL CENEPA","CUENCA":"CENEPA","ZONA":"17","EXUNIDAD":"CAMPANA","TIPO":"LABOR MINERA","SUBTIPO":"NO DETERMINADO","REGION":"AMAZONAS","ESTE":"770431","NORTE":"9553215","CODIGODM":"010211695; 010056393;\n010056293; 010056193;\n010056493; 010064993;\n010064793","NOMBREDM":"APU; CAMPANA 1; CAMPANA 2;\nCOMAINA 1; COMAINA 2;\nCOMAINA 3; HITO","TITULARDM":"BEDOYA TORRICO;  JORGE ARTURO; COMPA\u00d1IA MINERA AFRODITA S.A.; COMPA\u00d1IA MINERA HITO S.A.C.; DORATO PERU S.A.C.; METALES Y FINANZAS S.A.","RESPONSABLE":"COMPA\u00d1IA MINERA AFRODITA S.A.C.","GENERADOR":"NO IDENTIFICADO","ESTUDIOAMB":"PCPAM AFRODITA","N":"7"},"geometry":{"type":"Point","coordinates":[-78.56443,-4.03847]}},{"type":"Feature","properties":{"Name":"LABOR MINERA","description":"","OBJECTID":"8","PROVINCIA":"CONDORCANQUI","DISTRITO":"EL CENEPA","CUENCA":"CENEPA","ZONA":"17","EXUNIDAD":"CAMPANA","TIPO":"LABOR MINERA","SUBTIPO":"NO DETERMINADO","REGION":"AMAZONAS","ESTE":"770420","NORTE":"9553213","CODIGODM":"010211695; 010056393;\n010056293; 010056193;\n010056493; 010064993;\n010064793","NOMBREDM":"APU; CAMPANA 1; CAMPANA 2;\nCOMAINA 1; COMAINA 2;\nCOMAINA 3; HITO","TITULARDM":"BEDOYA TORRICO;  JORGE ARTURO; COMPA\u00d1IA MINERA AFRODITA S.A.; COMPA\u00d1IA MINERA HITO S.A.C.; DORATO PERU S.A.C.; METALES Y FINANZAS S.A.","RESPONSABLE":"COMPA\u00d1IA MINERA AFRODITA S.A.C.","GENERADOR":"NO IDENTIFICADO","ESTUDIOAMB":"PCPAM AFRODITA","N":"8"},"geometry":{"type":"Point","coordinates":[-78.56453,-4.03849]}},{"type":"Feature","properties":{"Name":"LABOR MINERA","description":"","OBJECTID":"9","PROVINCIA":"CONDORCANQUI","DISTRITO":"EL CENEPA","CUENCA":"CENEPA","ZONA":"17","EXUNIDAD":"CAMPANA","TIPO":"LABOR MINERA","SUBTIPO":"NO DETERMINADO","REGION":"AMAZONAS","ESTE":"770401","NORTE":"9553180","CODIGODM":"010211695; 010056393;\n010056293; 010056193;\n010056493; 010064993;\n010064793","NOMBREDM":"APU; CAMPANA 1; CAMPANA 2;\nCOMAINA 1; COMAINA 2;\nCOMAINA 3; HITO","TITULARDM":"BEDOYA TORRICO;  JORGE ARTURO; COMPA\u00d1IA MINERA AFRODITA S.A.; COMPA\u00d1IA MINERA HITO S.A.C.; DORATO PERU S.A.C.; METALES Y FINANZAS S.A.","RESPONSABLE":"COMPA\u00d1IA MINERA AFRODITA S.A.C.","GENERADOR":"NO IDENTIFICADO","ESTUDIOAMB":"PCPAM AFRODITA","N":"9"},"geometry":{"type":"Point","coordinates":[-78.5647,-4.03879]}},{"type":"Feature","properties":{"Name":"LABOR MINERA","description":"","OBJECTID":"10","PROVINCIA":"CONDORCANQUI","DISTRITO":"EL CENEPA","CUENCA":"CENEPA","ZONA":"17","EXUNIDAD":"CAMPANA","TIPO":"LABOR MINERA","SUBTIPO":"NO DETERMINADO","REGION":"AMAZONAS","ESTE":"770408","NORTE":"9553178","CODIGODM":"010211695; 010056393;\n010056293; 010056193;\n010056493; 010064993;\n010064793","NOMBREDM":"APU; CAMPANA 1; CAMPANA 2;\nCOMAINA 1; COMAINA 2;\nCOMAINA 3; HITO","TITULARDM":"BEDOYA TORRICO;  JORGE ARTURO; COMPA\u00d1IA MINERA AFRODITA S.A.; COMPA\u00d1IA MINERA HITO S.A.C.; DORATO PERU S.A.C.; METALES Y FINANZAS S.A.","RESPONSABLE":"COMPA\u00d1IA MINERA AFRODITA S.A.C.","GENERADOR":"NO IDENTIFICADO","ESTUDIOAMB":"PCPAM AFRODITA","N":"10"},"geometry":{"type":"Point","coordinates":[-78.56463,-4.03881]}},{"type":"Feature","properties":{"Name":"LABOR MINERA","description":"","OBJECTID":"11","PROVINCIA":"CONDORCANQUI","DISTRITO":"EL CENEPA","CUENCA":"CENEPA","ZONA":"17","EXUNIDAD":"CAMPANA","TIPO":"LABOR MINERA","SUBTIPO":"NO DETERMINADO","REGION":"AMAZONAS","ESTE":"770297","NORTE":"9553232","CODIGODM":"010211695; 010056393;\n010056293; 010056193;\n010056493; 010064993;\n010064793","NOMBREDM":"APU; CAMPANA 1; CAMPANA 2;\nCOMAINA 1; COMAINA 2;\nCOMAINA 3; HITO","TITULARDM":"BEDOYA TORRICO;  JORGE ARTURO; COMPA\u00d1IA MINERA AFRODITA S.A.; COMPA\u00d1IA MINERA HITO S.A.C.; DORATO PERU S.A.C.; METALES Y FINANZAS S.A.","RESPONSABLE":"COMPA\u00d1IA MINERA AFRODITA S.A.C.","GENERADOR":"NO IDENTIFICADO","ESTUDIOAMB":"PCPAM AFRODITA","N":"11"},"geometry":{"type":"Point","coordinates":[-78.56563,-4.03832]}},{"type":"Feature","properties":{"Name":"LABOR MINERA","description":"","OBJECTID":"12","PROVINCIA":"CONDORCANQUI","DISTRITO":"EL CENEPA","CUENCA":"CENEPA","ZONA":"17","EXUNIDAD":"CAMPANA","TIPO":"LABOR MINERA","SUBTIPO":"NO DETERMINADO","REGION":"AMAZONAS","ESTE":"770281","NORTE":"9553242","CODIGODM":"010211695; 010056393;\n010056293; 010056193;\n010056493; 010064993;\n010064793","NOMBREDM":"APU; CAMPANA 1; CAMPANA 2;\nCOMAINA 1; COMAINA 2;\nCOMAINA 3; HITO","TITULARDM":"BEDOYA TORRICO;  JORGE ARTURO; COMPA\u00d1IA MINERA AFRODITA S.A.; COMPA\u00d1IA MINERA HITO S.A.C.; DORATO PERU S.A.C.; METALES Y FINANZAS S.A.","RESPONSABLE":"COMPA\u00d1IA MINERA AFRODITA S.A.C.","GENERADOR":"NO IDENTIFICADO","ESTUDIOAMB":"PCPAM AFRODITA","N":"12"},"geometry":{"type":"Point","coordinates":[-78.56578,-4.03823]}},{"type":"Feature","properties":{"Name":"LABOR MINERA","description":"","OBJECTID":"13","PROVINCIA":"CONDORCANQUI","DISTRITO":"EL CENEPA","CUENCA":"CENEPA","ZONA":"17","EXUNIDAD":"CAMPANA","TIPO":"LABOR MINERA","SUBTIPO":"NO DETERMINADO","REGION":"AMAZONAS","ESTE":"770349","NORTE":"9553140","CODIGODM":"010211695; 010056393;\n010056293; 010056193;\n010056493; 010064993;\n010064793","NOMBREDM":"APU; CAMPANA 1; CAMPANA 2;\nCOMAINA 1; COMAINA 2;\nCOMAINA 3; HITO","TITULARDM":"BEDOYA TORRICO;  JORGE ARTURO; COMPA\u00d1IA MINERA AFRODITA S.A.; COMPA\u00d1IA MINERA HITO S.A.C.; DORATO PERU S.A.C.; METALES Y FINANZAS S.A.","RESPONSABLE":"COMPA\u00d1IA MINERA AFRODITA S.A.C.","GENERADOR":"NO IDENTIFICADO","ESTUDIOAMB":"PCPAM AFRODITA","N":"13"},"geometry":{"type":"Point","coordinates":[-78.56516,-4.03915]}},{"type":"Feature","properties":{"Name":"LABOR MINERA","description":"","OBJECTID":"14","PROVINCIA":"CONDORCANQUI","DISTRITO":"EL CENEPA","CUENCA":"CENEPA","ZONA":"17","EXUNIDAD":"CAMPANA","TIPO":"LABOR MINERA","SUBTIPO":"NO DETERMINADO","REGION":"AMAZONAS","ESTE":"770346","NORTE":"9553115","CODIGODM":"010211695; 010056393;\n010056293; 010056193;\n010056493; 010064993;\n010064793","NOMBREDM":"APU; CAMPANA 1; CAMPANA 2;\nCOMAINA 1; COMAINA 2;\nCOMAINA 3; HITO","TITULARDM":"BEDOYA TORRICO;  JORGE ARTURO; COMPA\u00d1IA MINERA AFRODITA S.A.; COMPA\u00d1IA MINERA HITO S.A.C.; DORATO PERU S.A.C.; METALES Y FINANZAS S.A.","RESPONSABLE":"COMPA\u00d1IA MINERA AFRODITA S.A.C.","GENERADOR":"NO IDENTIFICADO","ESTUDIOAMB":"PCPAM AFRODITA","N":"14"},"geometry":{"type":"Point","coordinates":[-78.56519,-4.03938]}},{"type":"Feature","properties":{"Name":"LABOR MINERA","description":"","OBJECTID":"15","PROVINCIA":"CONDORCANQUI","DISTRITO":"EL CENEPA","CUENCA":"CENEPA","ZONA":"17","EXUNIDAD":"CAMPANA","TIPO":"LABOR MINERA","SUBTIPO":"NO DETERMINADO","REGION":"AMAZONAS","ESTE":"770341","NORTE":"9553148","CODIGODM":"010211695; 010056393;\n010056293; 010056193;\n010056493; 010064993;\n010064793","NOMBREDM":"APU; CAMPANA 1; CAMPANA 2;\nCOMAINA 1; COMAINA 2;\nCOMAINA 3; HITO","TITULARDM":"BEDOYA TORRICO;  JORGE ARTURO; COMPA\u00d1IA MINERA AFRODITA S.A.; COMPA\u00d1IA MINERA HITO S.A.C.; DORATO PERU S.A.C.; METALES Y FINANZAS S.A.","RESPONSABLE":"COMPA\u00d1IA MINERA AFRODITA S.A.C.","GENERADOR":"NO IDENTIFICADO","ESTUDIOAMB":"PCPAM AFRODITA","N":"15"},"geometry":{"type":"Point","coordinates":[-78.56524,-4.03908]}},{"type":"Feature","properties":{"Name":"LABOR MINERA","description":"","OBJECTID":"16","PROVINCIA":"CONDORCANQUI","DISTRITO":"EL CENEPA","CUENCA":"CENEPA","ZONA":"17","EXUNIDAD":"CAMPANA","TIPO":"LABOR MINERA","SUBTIPO":"NO DETERMINADO","REGION":"AMAZONAS","ESTE":"770352","NORTE":"9553155","CODIGODM":"010211695; 010056393;\n010056293; 010056193;\n010056493; 010064993;\n010064793","NOMBREDM":"APU; CAMPANA 1; CAMPANA 2;\nCOMAINA 1; COMAINA 2;\nCOMAINA 3; HITO","TITULARDM":"BEDOYA TORRICO;  JORGE ARTURO; COMPA\u00d1IA MINERA AFRODITA S.A.; COMPA\u00d1IA MINERA HITO S.A.C.; DORATO PERU S.A.C.; METALES Y FINANZAS S.A.","RESPONSABLE":"COMPA\u00d1IA MINERA AFRODITA S.A.C.","GENERADOR":"NO IDENTIFICADO","ESTUDIOAMB":"PCPAM AFRODITA","N":"16"},"geometry":{"type":"Point","coordinates":[-78.56514,-4.03902]}},{"type":"Feature","properties":{"Name":"LABOR MINERA","description":"","OBJECTID":"49","PROVINCIA":"CONDORCANQUI","DISTRITO":"EL CENEPA","CUENCA":"CENEPA","ZONA":"17","EXUNIDAD":"CAMPANA","TIPO":"LABOR MINERA","SUBTIPO":"NO DETERMINADO","REGION":"AMAZONAS","ESTE":"769918","NORTE":"9553180","CODIGODM":"010211695; 010056393;\n010056293; 010056193;\n010056493; 010064993;\n010064793","NOMBREDM":"APU; CAMPANA 1; CAMPANA 2;\nCOMAINA 1; COMAINA 2;\nCOMAINA 3; HITO","TITULARDM":"BEDOYA TORRICO;  JORGE ARTURO; COMPA\u00d1IA MINERA AFRODITA S.A.; COMPA\u00d1IA MINERA HITO S.A.C.; DORATO PERU S.A.C.; METALES Y FINANZAS S.A.","RESPONSABLE":"COMPA\u00d1IA MINERA AFRODITA S.A.C.","GENERADOR":"NO IDENTIFICADO","ESTUDIOAMB":"PCPAM AFRODITA","N":"49"},"geometry":{"type":"Point","coordinates":[-78.56904,-4.0388]}},{"type":"Feature","properties":{"Name":"LABOR MINERA","description":"","OBJECTID":"50","PROVINCIA":"CONDORCANQUI","DISTRITO":"EL CENEPA","CUENCA":"CENEPA","ZONA":"17","EXUNIDAD":"CAMPANA","TIPO":"LABOR MINERA","SUBTIPO":"NO DETERMINADO","REGION":"AMAZONAS","ESTE":"769977","NORTE":"9553137","CODIGODM":"010211695; 010056393;\n010056293; 010056193;\n010056493; 010064993;\n010064793","NOMBREDM":"APU; CAMPANA 1; CAMPANA 2;\nCOMAINA 1; COMAINA 2;\nCOMAINA 3; HITO","TITULARDM":"BEDOYA TORRICO;  JORGE ARTURO; COMPA\u00d1IA MINERA AFRODITA S.A.; COMPA\u00d1IA MINERA HITO S.A.C.; DORATO PERU S.A.C.; METALES Y FINANZAS S.A.","RESPONSABLE":"COMPA\u00d1IA MINERA AFRODITA S.A.C.","GENERADOR":"NO IDENTIFICADO","ESTUDIOAMB":"PCPAM AFRODITA","N":"50"},"geometry":{"type":"Point","coordinates":[-78.56851,-4.03919]}},{"type":"Feature","properties":{"Name":"LABOR MINERA","description":"","OBJECTID":"51","PROVINCIA":"CONDORCANQUI","DISTRITO":"EL CENEPA","CUENCA":"CENEPA","ZONA":"17","EXUNIDAD":"CAMPANA","TIPO":"LABOR MINERA","SUBTIPO":"NO DETERMINADO","REGION":"AMAZONAS","ESTE":"769967","NORTE":"9553097","CODIGODM":"010211695; 010056393;\n010056293; 010056193;\n010056493; 010064993;\n010064793","NOMBREDM":"APU; CAMPANA 1; CAMPANA 2;\nCOMAINA 1; COMAINA 2;\nCOMAINA 3; HITO","TITULARDM":"BEDOYA TORRICO;  JORGE ARTURO; COMPA\u00d1IA MINERA AFRODITA S.A.; COMPA\u00d1IA MINERA HITO S.A.C.; DORATO PERU S.A.C.; METALES Y FINANZAS S.A.","RESPONSABLE":"COMPA\u00d1IA MINERA AFRODITA S.A.C.","GENERADOR":"NO IDENTIFICADO","ESTUDIOAMB":"PCPAM AFRODITA","N":"51"},"geometry":{"type":"Point","coordinates":[-78.5686,-4.03955]}},{"type":"Feature","properties":{"Name":"LABOR MINERA","description":"","OBJECTID":"52","PROVINCIA":"CONDORCANQUI","DISTRITO":"EL CENEPA","CUENCA":"CENEPA","ZONA":"17","EXUNIDAD":"CAMPANA","TIPO":"LABOR MINERA","SUBTIPO":"NO DETERMINADO","REGION":"AMAZONAS","ESTE":"769959","NORTE":"9553088","CODIGODM":"010211695; 010056393;\n010056293; 010056193;\n010056493; 010064993;\n010064793","NOMBREDM":"APU; CAMPANA 1; CAMPANA 2;\nCOMAINA 1; COMAINA 2;\nCOMAINA 3; HITO","TITULARDM":"BEDOYA TORRICO;  JORGE ARTURO; COMPA\u00d1IA MINERA AFRODITA S.A.; COMPA\u00d1IA MINERA HITO S.A.C.; DORATO PERU S.A.C.; METALES Y FINANZAS S.A.","RESPONSABLE":"COMPA\u00d1IA MINERA AFRODITA S.A.C.","GENERADOR":"NO IDENTIFICADO","ESTUDIOAMB":"PCPAM AFRODITA","N":"52"},"geometry":{"type":"Point","coordinates":[-78.56867,-4.03963]}},{"type":"Feature","properties":{"Name":"LABOR MINERA","description":"","OBJECTID":"53","PROVINCIA":"CONDORCANQUI","DISTRITO":"EL CENEPA","CUENCA":"CENEPA","ZONA":"17","EXUNIDAD":"CAMPANA","TIPO":"LABOR MINERA","SUBTIPO":"NO DETERMINADO","REGION":"AMAZONAS","ESTE":"769966","NORTE":"9553104","CODIGODM":"010211695; 010056393;\n010056293; 010056193;\n010056493; 010064993;\n010064793","NOMBREDM":"APU; CAMPANA 1; CAMPANA 2;\nCOMAINA 1; COMAINA 2;\nCOMAINA 3; HITO","TITULARDM":"BEDOYA TORRICO;  JORGE ARTURO; COMPA\u00d1IA MINERA AFRODITA S.A.; COMPA\u00d1IA MINERA HITO S.A.C.; DORATO PERU S.A.C.; METALES Y FINANZAS S.A.","RESPONSABLE":"COMPA\u00d1IA MINERA AFRODITA S.A.C.","GENERADOR":"NO IDENTIFICADO","ESTUDIOAMB":"PCPAM AFRODITA","N":"53"},"geometry":{"type":"Point","coordinates":[-78.56861,-4.03949]}},{"type":"Feature","properties":{"Name":"LABOR MINERA","description":"","OBJECTID":"54","PROVINCIA":"CONDORCANQUI","DISTRITO":"EL CENEPA","CUENCA":"CENEPA","ZONA":"17","EXUNIDAD":"CAMPANA","TIPO":"LABOR MINERA","SUBTIPO":"NO DETERMINADO","REGION":"AMAZONAS","ESTE":"770004","NORTE":"9553087","CODIGODM":"010211695; 010056393;\n010056293; 010056193;\n010056493; 010064993;\n010064793","NOMBREDM":"APU; CAMPANA 1; CAMPANA 2;\nCOMAINA 1; COMAINA 2;\nCOMAINA 3; HITO","TITULARDM":"BEDOYA TORRICO;  JORGE ARTURO; COMPA\u00d1IA MINERA AFRODITA S.A.; COMPA\u00d1IA MINERA HITO S.A.C.; DORATO PERU S.A.C.; METALES Y FINANZAS S.A.","RESPONSABLE":"COMPA\u00d1IA MINERA AFRODITA S.A.C.","GENERADOR":"NO IDENTIFICADO","ESTUDIOAMB":"PCPAM AFRODITA","N":"54"},"geometry":{"type":"Point","coordinates":[-78.56827,-4.03964]}},{"type":"Feature","properties":{"Name":"LABOR MINERA","description":"","OBJECTID":"55","PROVINCIA":"CONDORCANQUI","DISTRITO":"EL CENEPA","CUENCA":"CENEPA","ZONA":"17","EXUNIDAD":"CAMPANA","TIPO":"LABOR MINERA","SUBTIPO":"NO DETERMINADO","REGION":"AMAZONAS","ESTE":"770001","NORTE":"9553082","CODIGODM":"010211695; 010056393;\n010056293; 010056193;\n010056493; 010064993;\n010064793","NOMBREDM":"APU; CAMPANA 1; CAMPANA 2;\nCOMAINA 1; COMAINA 2;\nCOMAINA 3; HITO","TITULARDM":"BEDOYA TORRICO;  JORGE ARTURO; COMPA\u00d1IA MINERA AFRODITA S.A.; COMPA\u00d1IA MINERA HITO S.A.C.; DORATO PERU S.A.C.; METALES Y FINANZAS S.A.","RESPONSABLE":"COMPA\u00d1IA MINERA AFRODITA S.A.C.","GENERADOR":"NO IDENTIFICADO","ESTUDIOAMB":"PCPAM AFRODITA","N":"55"},"geometry":{"type":"Point","coordinates":[-78.56829,-4.03969]}},{"type":"Feature","properties":{"Name":"LABOR MINERA","description":"","OBJECTID":"56","PROVINCIA":"CONDORCANQUI","DISTRITO":"EL CENEPA","CUENCA":"CENEPA","ZONA":"17","EXUNIDAD":"CAMPANA","TIPO":"LABOR MINERA","SUBTIPO":"NO DETERMINADO","REGION":"AMAZONAS","ESTE":"770062","NORTE":"9553095","CODIGODM":"010211695; 010056393;\n010056293; 010056193;\n010056493; 010064993;\n010064793","NOMBREDM":"APU; CAMPANA 1; CAMPANA 2;\nCOMAINA 1; COMAINA 2;\nCOMAINA 3; HITO","TITULARDM":"BEDOYA TORRICO;  JORGE ARTURO; COMPA\u00d1IA MINERA AFRODITA S.A.; COMPA\u00d1IA MINERA HITO S.A.C.; DORATO PERU S.A.C.; METALES Y FINANZAS S.A.","RESPONSABLE":"COMPA\u00d1IA MINERA AFRODITA S.A.C.","GENERADOR":"NO IDENTIFICADO","ESTUDIOAMB":"PCPAM AFRODITA","N":"56"},"geometry":{"type":"Point","coordinates":[-78.56775,-4.03957]}},{"type":"Feature","properties":{"Name":"LABOR MINERA","description":"","OBJECTID":"97","PROVINCIA":"CONDORCANQUI","DISTRITO":"EL CENEPA","CUENCA":"CENEPA","ZONA":"17","EXUNIDAD":"CAMPANA","TIPO":"LABOR MINERA","SUBTIPO":"NO DETERMINADO","REGION":"AMAZONAS","ESTE":"769940","NORTE":"9553214","CODIGODM":"010211695; 010056393;\n010056293; 010056193;\n010056493; 010064993;\n010064793","NOMBREDM":"APU; CAMPANA 1; CAMPANA 2;\nCOMAINA 1; COMAINA 2;\nCOMAINA 3; HITO","TITULARDM":"BEDOYA TORRICO;  JORGE ARTURO; COMPA\u00d1IA MINERA AFRODITA S.A.; COMPA\u00d1IA MINERA HITO S.A.C.; DORATO PERU S.A.C.; METALES Y FINANZAS S.A.","RESPONSABLE":"COMPA\u00d1IA MINERA AFRODITA S.A.C.","GENERADOR":"NO IDENTIFICADO","ESTUDIOAMB":"PCPAM AFRODITA","N":"97"},"geometry":{"type":"Point","coordinates":[-78.56885,-4.0385]}},{"type":"Feature","properties":{"Name":"LABOR MINERA","description":"","OBJECTID":"98","PROVINCIA":"CONDORCANQUI","DISTRITO":"EL CENEPA","CUENCA":"CENEPA","ZONA":"17","EXUNIDAD":"CAMPANA","TIPO":"LABOR MINERA","SUBTIPO":"NO DETERMINADO","REGION":"AMAZONAS","ESTE":"770061","NORTE":"9553112","CODIGODM":"010211695; 010056393;\n010056293; 010056193;\n010056493; 010064993;\n010064793","NOMBREDM":"APU; CAMPANA 1; CAMPANA 2;\nCOMAINA 1; COMAINA 2;\nCOMAINA 3; HITO","TITULARDM":"BEDOYA TORRICO;  JORGE ARTURO; COMPA\u00d1IA MINERA AFRODITA S.A.; COMPA\u00d1IA MINERA HITO S.A.C.; DORATO PERU S.A.C.; METALES Y FINANZAS S.A.","RESPONSABLE":"COMPA\u00d1IA MINERA AFRODITA S.A.C.","GENERADOR":"NO IDENTIFICADO","ESTUDIOAMB":"PCPAM AFRODITA","N":"98"},"geometry":{"type":"Point","coordinates":[-78.56775,-4.03941]}},{"type":"Feature","properties":{"Name":"LABOR MINERA","description":"","OBJECTID":"99","PROVINCIA":"CONDORCANQUI","DISTRITO":"EL CENEPA","CUENCA":"CENEPA","ZONA":"17","EXUNIDAD":"CAMPANA","TIPO":"LABOR MINERA","SUBTIPO":"NO DETERMINADO","REGION":"AMAZONAS","ESTE":"770140","NORTE":"9553097","CODIGODM":"010211695; 010056393;\n010056293; 010056193;\n010056493; 010064993;\n010064793","NOMBREDM":"APU; CAMPANA 1; CAMPANA 2;\nCOMAINA 1; COMAINA 2;\nCOMAINA 3; HITO","TITULARDM":"BEDOYA TORRICO;  JORGE ARTURO; COMPA\u00d1IA MINERA AFRODITA S.A.; COMPA\u00d1IA MINERA HITO S.A.C.; DORATO PERU S.A.C.; METALES Y FINANZAS S.A.","RESPONSABLE":"COMPA\u00d1IA MINERA AFRODITA S.A.C.","GENERADOR":"NO IDENTIFICADO","ESTUDIOAMB":"PCPAM AFRODITA","N":"99"},"geometry":{"type":"Point","coordinates":[-78.56704,-4.03955]}},{"type":"Feature","properties":{"Name":"LABOR MINERA","description":"","OBJECTID":"100","PROVINCIA":"CONDORCANQUI","DISTRITO":"EL CENEPA","CUENCA":"CENEPA","ZONA":"17","EXUNIDAD":"CAMPANA","TIPO":"LABOR MINERA","SUBTIPO":"NO DETERMINADO","REGION":"AMAZONAS","ESTE":"770150","NORTE":"9553096","CODIGODM":"010211695; 010056393;\n010056293; 010056193;\n010056493; 010064993;\n010064793","NOMBREDM":"APU; CAMPANA 1; CAMPANA 2;\nCOMAINA 1; COMAINA 2;\nCOMAINA 3; HITO","TITULARDM":"BEDOYA TORRICO;  JORGE ARTURO; COMPA\u00d1IA MINERA AFRODITA S.A.; COMPA\u00d1IA MINERA HITO S.A.C.; DORATO PERU S.A.C.; METALES Y FINANZAS S.A.","RESPONSABLE":"COMPA\u00d1IA MINERA AFRODITA S.A.C.","GENERADOR":"NO IDENTIFICADO","ESTUDIOAMB":"PCPAM AFRODITA","N":"100"},"geometry":{"type":"Point","coordinates":[-78.56695,-4.03956]}},{"type":"Feature","properties":{"Name":"LABOR MINERA","description":"","OBJECTID":"101","PROVINCIA":"CONDORCANQUI","DISTRITO":"EL CENEPA","CUENCA":"CENEPA","ZONA":"17","EXUNIDAD":"CAMPANA","TIPO":"LABOR MINERA","SUBTIPO":"NO DETERMINADO","REGION":"AMAZONAS","ESTE":"770223","NORTE":"9553081","CODIGODM":"010211695; 010056393;\n010056293; 010056193;\n010056493; 010064993;\n010064793","NOMBREDM":"APU; CAMPANA 1; CAMPANA 2;\nCOMAINA 1; COMAINA 2;\nCOMAINA 3; HITO","TITULARDM":"BEDOYA TORRICO;  JORGE ARTURO; COMPA\u00d1IA MINERA AFRODITA S.A.; COMPA\u00d1IA MINERA HITO S.A.C.; DORATO PERU S.A.C.; METALES Y FINANZAS S.A.","RESPONSABLE":"COMPA\u00d1IA MINERA AFRODITA S.A.C.","GENERADOR":"NO IDENTIFICADO","ESTUDIOAMB":"PCPAM AFRODITA","N":"101"},"geometry":{"type":"Point","coordinates":[-78.5663,-4.03969]}},{"type":"Feature","properties":{"Name":"LABOR MINERA","description":"","OBJECTID":"102","PROVINCIA":"CONDORCANQUI","DISTRITO":"EL CENEPA","CUENCA":"CENEPA","ZONA":"17","EXUNIDAD":"CAMPANA","TIPO":"LABOR MINERA","SUBTIPO":"NO DETERMINADO","REGION":"AMAZONAS","ESTE":"770400","NORTE":"9553045","CODIGODM":"010211695; 010056393;\n010056293; 010056193;\n010056493; 010064993;\n010064793","NOMBREDM":"APU; CAMPANA 1; CAMPANA 2;\nCOMAINA 1; COMAINA 2;\nCOMAINA 3; HITO","TITULARDM":"BEDOYA TORRICO;  JORGE ARTURO; COMPA\u00d1IA MINERA AFRODITA S.A.; COMPA\u00d1IA MINERA HITO S.A.C.; DORATO PERU S.A.C.; METALES Y FINANZAS S.A.","RESPONSABLE":"COMPA\u00d1IA MINERA AFRODITA S.A.C.","GENERADOR":"NO IDENTIFICADO","ESTUDIOAMB":"PCPAM AFRODITA","N":"102"},"geometry":{"type":"Point","coordinates":[-78.5647,-4.04001]}},{"type":"Feature","properties":{"Name":"LABOR MINERA","description":"","OBJECTID":"103","PROVINCIA":"CONDORCANQUI","DISTRITO":"EL CENEPA","CUENCA":"CENEPA","ZONA":"17","EXUNIDAD":"CAMPANA","TIPO":"LABOR MINERA","SUBTIPO":"NO DETERMINADO","REGION":"AMAZONAS","ESTE":"770413","NORTE":"9553047","CODIGODM":"010211695; 010056393;\n010056293; 010056193;\n010056493; 010064993;\n010064793","NOMBREDM":"APU; CAMPANA 1; CAMPANA 2;\nCOMAINA 1; COMAINA 2;\nCOMAINA 3; HITO","TITULARDM":"BEDOYA TORRICO;  JORGE ARTURO; COMPA\u00d1IA MINERA AFRODITA S.A.; COMPA\u00d1IA MINERA HITO S.A.C.; DORATO PERU S.A.C.; METALES Y FINANZAS S.A.","RESPONSABLE":"COMPA\u00d1IA MINERA AFRODITA S.A.C.","GENERADOR":"NO IDENTIFICADO","ESTUDIOAMB":"PCPAM AFRODITA","N":"103"},"geometry":{"type":"Point","coordinates":[-78.56458,-4.03999]}},{"type":"Feature","properties":{"Name":"LABOR MINERA","description":"","OBJECTID":"104","PROVINCIA":"CONDORCANQUI","DISTRITO":"EL CENEPA","CUENCA":"CENEPA","ZONA":"17","EXUNIDAD":"CAMPANA","TIPO":"LABOR MINERA","SUBTIPO":"NO DETERMINADO","REGION":"AMAZONAS","ESTE":"770425","NORTE":"9553055","CODIGODM":"010211695; 010056393;\n010056293; 010056193;\n010056493; 010064993;\n010064793","NOMBREDM":"APU; CAMPANA 1; CAMPANA 2;\nCOMAINA 1; COMAINA 2;\nCOMAINA 3; HITO","TITULARDM":"BEDOYA TORRICO;  JORGE ARTURO; COMPA\u00d1IA MINERA AFRODITA S.A.; COMPA\u00d1IA MINERA HITO S.A.C.; DORATO PERU S.A.C.; METALES Y FINANZAS S.A.","RESPONSABLE":"COMPA\u00d1IA MINERA AFRODITA S.A.C.","GENERADOR":"NO IDENTIFICADO","ESTUDIOAMB":"PCPAM AFRODITA","N":"104"},"geometry":{"type":"Point","coordinates":[-78.56448,-4.03992]}},{"type":"Feature","properties":{"Name":"LABOR MINERA","description":"","OBJECTID":"57","PROVINCIA":"CONDORCANQUI","DISTRITO":"EL CENEPA","CUENCA":"CENEPA","ZONA":"17","EXUNIDAD":"CAMPANA","TIPO":"LABOR MINERA","SUBTIPO":"NO DETERMINADO","REGION":"AMAZONAS","ESTE":"770074","NORTE":"9553106","CODIGODM":"010211695; 010056393;\n010056293; 010056193;\n010056493; 010064993;\n010064793","NOMBREDM":"APU; CAMPANA 1; CAMPANA 2;\nCOMAINA 1; COMAINA 2;\nCOMAINA 3; HITO","TITULARDM":"BEDOYA TORRICO;  JORGE ARTURO; COMPA\u00d1IA MINERA AFRODITA S.A.; COMPA\u00d1IA MINERA HITO S.A.C.; DORATO PERU S.A.C.; METALES Y FINANZAS S.A.","RESPONSABLE":"COMPA\u00d1IA MINERA AFRODITA S.A.C.","GENERADOR":"NO IDENTIFICADO","ESTUDIOAMB":"PCPAM AFRODITA","N":"57"},"geometry":{"type":"Point","coordinates":[-78.56764,-4.03947]}},{"type":"Feature","properties":{"Name":"LABOR MINERA","description":"","OBJECTID":"58","PROVINCIA":"CONDORCANQUI","DISTRITO":"EL CENEPA","CUENCA":"CENEPA","ZONA":"17","EXUNIDAD":"CAMPANA","TIPO":"LABOR MINERA","SUBTIPO":"NO DETERMINADO","REGION":"AMAZONAS","ESTE":"770111","NORTE":"9553099","CODIGODM":"010211695; 010056393;\n010056293; 010056193;\n010056493; 010064993;\n010064793","NOMBREDM":"APU; CAMPANA 1; CAMPANA 2;\nCOMAINA 1; COMAINA 2;\nCOMAINA 3; HITO","TITULARDM":"BEDOYA TORRICO;  JORGE ARTURO; COMPA\u00d1IA MINERA AFRODITA S.A.; COMPA\u00d1IA MINERA HITO S.A.C.; DORATO PERU S.A.C.; METALES Y FINANZAS S.A.","RESPONSABLE":"COMPA\u00d1IA MINERA AFRODITA S.A.C.","GENERADOR":"NO IDENTIFICADO","ESTUDIOAMB":"PCPAM AFRODITA","N":"58"},"geometry":{"type":"Point","coordinates":[-78.5673,-4.03953]}},{"type":"Feature","properties":{"Name":"LABOR MINERA","description":"","OBJECTID":"59","PROVINCIA":"CONDORCANQUI","DISTRITO":"EL CENEPA","CUENCA":"CENEPA","ZONA":"17","EXUNIDAD":"CAMPANA","TIPO":"LABOR MINERA","SUBTIPO":"NO DETERMINADO","REGION":"AMAZONAS","ESTE":"770121","NORTE":"9553093","CODIGODM":"010211695; 010056393;\n010056293; 010056193;\n010056493; 010064993;\n010064793","NOMBREDM":"APU; CAMPANA 1; CAMPANA 2;\nCOMAINA 1; COMAINA 2;\nCOMAINA 3; HITO","TITULARDM":"BEDOYA TORRICO;  JORGE ARTURO; COMPA\u00d1IA MINERA AFRODITA S.A.; COMPA\u00d1IA MINERA HITO S.A.C.; DORATO PERU S.A.C.; METALES Y FINANZAS S.A.","RESPONSABLE":"COMPA\u00d1IA MINERA AFRODITA S.A.C.","GENERADOR":"NO IDENTIFICADO","ESTUDIOAMB":"PCPAM AFRODITA","N":"59"},"geometry":{"type":"Point","coordinates":[-78.56721,-4.03958]}},{"type":"Feature","properties":{"Name":"LABOR MINERA","description":"","OBJECTID":"60","PROVINCIA":"CONDORCANQUI","DISTRITO":"EL CENEPA","CUENCA":"CENEPA","ZONA":"17","EXUNIDAD":"CAMPANA","TIPO":"LABOR MINERA","SUBTIPO":"NO DETERMINADO","REGION":"AMAZONAS","ESTE":"770110","NORTE":"9553088","CODIGODM":"010211695; 010056393;\n010056293; 010056193;\n010056493; 010064993;\n010064793","NOMBREDM":"APU; CAMPANA 1; CAMPANA 2;\nCOMAINA 1; COMAINA 2;\nCOMAINA 3; HITO","TITULARDM":"BEDOYA TORRICO;  JORGE ARTURO; COMPA\u00d1IA MINERA AFRODITA S.A.; COMPA\u00d1IA MINERA HITO S.A.C.; DORATO PERU S.A.C.; METALES Y FINANZAS S.A.","RESPONSABLE":"COMPA\u00d1IA MINERA AFRODITA S.A.C.","GENERADOR":"NO IDENTIFICADO","ESTUDIOAMB":"PCPAM AFRODITA","N":"60"},"geometry":{"type":"Point","coordinates":[-78.56731,-4.03963]}},{"type":"Feature","properties":{"Name":"LABOR MINERA","description":"","OBJECTID":"61","PROVINCIA":"CONDORCANQUI","DISTRITO":"EL CENEPA","CUENCA":"CENEPA","ZONA":"17","EXUNIDAD":"CAMPANA","TIPO":"LABOR MINERA","SUBTIPO":"NO DETERMINADO","REGION":"AMAZONAS","ESTE":"770107","NORTE":"9553089","CODIGODM":"010211695; 010056393;\n010056293; 010056193;\n010056493; 010064993;\n010064793","NOMBREDM":"APU; CAMPANA 1; CAMPANA 2;\nCOMAINA 1; COMAINA 2;\nCOMAINA 3; HITO","TITULARDM":"BEDOYA TORRICO;  JORGE ARTURO; COMPA\u00d1IA MINERA AFRODITA S.A.; COMPA\u00d1IA MINERA HITO S.A.C.; DORATO PERU S.A.C.; METALES Y FINANZAS S.A.","RESPONSABLE":"COMPA\u00d1IA MINERA AFRODITA S.A.C.","GENERADOR":"NO IDENTIFICADO","ESTUDIOAMB":"PCPAM AFRODITA","N":"61"},"geometry":{"type":"Point","coordinates":[-78.56734,-4.03962]}},{"type":"Feature","properties":{"Name":"LABOR MINERA","description":"","OBJECTID":"62","PROVINCIA":"CONDORCANQUI","DISTRITO":"EL CENEPA","CUENCA":"CENEPA","ZONA":"17","EXUNIDAD":"CAMPANA","TIPO":"LABOR MINERA","SUBTIPO":"NO DETERMINADO","REGION":"AMAZONAS","ESTE":"770125","NORTE":"9553088","CODIGODM":"010211695; 010056393;\n010056293; 010056193;\n010056493; 010064993;\n010064793","NOMBREDM":"APU; CAMPANA 1; CAMPANA 2;\nCOMAINA 1; COMAINA 2;\nCOMAINA 3; HITO","TITULARDM":"BEDOYA TORRICO;  JORGE ARTURO; COMPA\u00d1IA MINERA AFRODITA S.A.; COMPA\u00d1IA MINERA HITO S.A.C.; DORATO PERU S.A.C.; METALES Y FINANZAS S.A.","RESPONSABLE":"COMPA\u00d1IA MINERA AFRODITA S.A.C.","GENERADOR":"NO IDENTIFICADO","ESTUDIOAMB":"PCPAM AFRODITA","N":"62"},"geometry":{"type":"Point","coordinates":[-78.56718,-4.03963]}},{"type":"Feature","properties":{"Name":"LABOR MINERA","description":"","OBJECTID":"63","PROVINCIA":"CONDORCANQUI","DISTRITO":"EL CENEPA","CUENCA":"CENEPA","ZONA":"17","EXUNIDAD":"CAMPANA","TIPO":"LABOR MINERA","SUBTIPO":"NO DETERMINADO","REGION":"AMAZONAS","ESTE":"770133","NORTE":"9553087","CODIGODM":"010211695; 010056393;\n010056293; 010056193;\n010056493; 010064993;\n010064793","NOMBREDM":"APU; CAMPANA 1; CAMPANA 2;\nCOMAINA 1; COMAINA 2;\nCOMAINA 3; HITO","TITULARDM":"BEDOYA TORRICO;  JORGE ARTURO; COMPA\u00d1IA MINERA AFRODITA S.A.; COMPA\u00d1IA MINERA HITO S.A.C.; DORATO PERU S.A.C.; METALES Y FINANZAS S.A.","RESPONSABLE":"COMPA\u00d1IA MINERA AFRODITA S.A.C.","GENERADOR":"NO IDENTIFICADO","ESTUDIOAMB":"PCPAM AFRODITA","N":"63"},"geometry":{"type":"Point","coordinates":[-78.56711,-4.03964]}},{"type":"Feature","properties":{"Name":"LABOR MINERA","description":"","OBJECTID":"64","PROVINCIA":"CONDORCANQUI","DISTRITO":"EL CENEPA","CUENCA":"CENEPA","ZONA":"17","EXUNIDAD":"CAMPANA","TIPO":"LABOR MINERA","SUBTIPO":"NO DETERMINADO","REGION":"AMAZONAS","ESTE":"770146","NORTE":"9553091","CODIGODM":"010211695; 010056393;\n010056293; 010056193;\n010056493; 010064993;\n010064793","NOMBREDM":"APU; CAMPANA 1; CAMPANA 2;\nCOMAINA 1; COMAINA 2;\nCOMAINA 3; HITO","TITULARDM":"BEDOYA TORRICO;  JORGE ARTURO; COMPA\u00d1IA MINERA AFRODITA S.A.; COMPA\u00d1IA MINERA HITO S.A.C.; DORATO PERU S.A.C.; METALES Y FINANZAS S.A.","RESPONSABLE":"COMPA\u00d1IA MINERA AFRODITA S.A.C.","GENERADOR":"NO IDENTIFICADO","ESTUDIOAMB":"PCPAM AFRODITA","N":"64"},"geometry":{"type":"Point","coordinates":[-78.56699,-4.0396]}},{"type":"Feature","properties":{"Name":"LABOR MINERA","description":"","OBJECTID":"65","PROVINCIA":"CONDORCANQUI","DISTRITO":"EL CENEPA","CUENCA":"CENEPA","ZONA":"17","EXUNIDAD":"CAMPANA","TIPO":"LABOR MINERA","SUBTIPO":"NO DETERMINADO","REGION":"AMAZONAS","ESTE":"770157","NORTE":"9553091","CODIGODM":"010211695; 010056393;\n010056293; 010056193;\n010056493; 010064993;\n010064793","NOMBREDM":"APU; CAMPANA 1; CAMPANA 2;\nCOMAINA 1; COMAINA 2;\nCOMAINA 3; HITO","TITULARDM":"BEDOYA TORRICO;  JORGE ARTURO; COMPA\u00d1IA MINERA AFRODITA S.A.; COMPA\u00d1IA MINERA HITO S.A.C.; DORATO PERU S.A.C.; METALES Y FINANZAS S.A.","RESPONSABLE":"COMPA\u00d1IA MINERA AFRODITA S.A.C.","GENERADOR":"NO IDENTIFICADO","ESTUDIOAMB":"PCPAM AFRODITA","N":"65"},"geometry":{"type":"Point","coordinates":[-78.56689,-4.0396]}},{"type":"Feature","properties":{"Name":"LABOR MINERA","description":"","OBJECTID":"66","PROVINCIA":"CONDORCANQUI","DISTRITO":"EL CENEPA","CUENCA":"CENEPA","ZONA":"17","EXUNIDAD":"CAMPANA","TIPO":"LABOR MINERA","SUBTIPO":"NO DETERMINADO","REGION":"AMAZONAS","ESTE":"770171","NORTE":"9553092","CODIGODM":"010211695; 010056393;\n010056293; 010056193;\n010056493; 010064993;\n010064793","NOMBREDM":"APU; CAMPANA 1; CAMPANA 2;\nCOMAINA 1; COMAINA 2;\nCOMAINA 3; HITO","TITULARDM":"BEDOYA TORRICO;  JORGE ARTURO; COMPA\u00d1IA MINERA AFRODITA S.A.; COMPA\u00d1IA MINERA HITO S.A.C.; DORATO PERU S.A.C.; METALES Y FINANZAS S.A.","RESPONSABLE":"COMPA\u00d1IA MINERA AFRODITA S.A.C.","GENERADOR":"NO IDENTIFICADO","ESTUDIOAMB":"PCPAM AFRODITA","N":"66"},"geometry":{"type":"Point","coordinates":[-78.56676,-4.03959]}},{"type":"Feature","properties":{"Name":"LABOR MINERA","description":"","OBJECTID":"67","PROVINCIA":"CONDORCANQUI","DISTRITO":"EL CENEPA","CUENCA":"CENEPA","ZONA":"17","EXUNIDAD":"CAMPANA","TIPO":"LABOR MINERA","SUBTIPO":"NO DETERMINADO","REGION":"AMAZONAS","ESTE":"770188","NORTE":"9553089","CODIGODM":"010211695; 010056393;\n010056293; 010056193;\n010056493; 010064993;\n010064793","NOMBREDM":"APU; CAMPANA 1; CAMPANA 2;\nCOMAINA 1; COMAINA 2;\nCOMAINA 3; HITO","TITULARDM":"BEDOYA TORRICO;  JORGE ARTURO; COMPA\u00d1IA MINERA AFRODITA S.A.; COMPA\u00d1IA MINERA HITO S.A.C.; DORATO PERU S.A.C.; METALES Y FINANZAS S.A.","RESPONSABLE":"COMPA\u00d1IA MINERA AFRODITA S.A.C.","GENERADOR":"NO IDENTIFICADO","ESTUDIOAMB":"PCPAM AFRODITA","N":"67"},"geometry":{"type":"Point","coordinates":[-78.56661,-4.03962]}},{"type":"Feature","properties":{"Name":"LABOR MINERA","description":"","OBJECTID":"68","PROVINCIA":"CONDORCANQUI","DISTRITO":"EL CENEPA","CUENCA":"CENEPA","ZONA":"17","EXUNIDAD":"CAMPANA","TIPO":"LABOR MINERA","SUBTIPO":"NO DETERMINADO","REGION":"AMAZONAS","ESTE":"770197","NORTE":"9553096","CODIGODM":"010211695; 010056393;\n010056293; 010056193;\n010056493; 010064993;\n010064793","NOMBREDM":"APU; CAMPANA 1; CAMPANA 2;\nCOMAINA 1; COMAINA 2;\nCOMAINA 3; HITO","TITULARDM":"BEDOYA TORRICO;  JORGE ARTURO; COMPA\u00d1IA MINERA AFRODITA S.A.; COMPA\u00d1IA MINERA HITO S.A.C.; DORATO PERU S.A.C.; METALES Y FINANZAS S.A.","RESPONSABLE":"COMPA\u00d1IA MINERA AFRODITA S.A.C.","GENERADOR":"NO IDENTIFICADO","ESTUDIOAMB":"PCPAM AFRODITA","N":"68"},"geometry":{"type":"Point","coordinates":[-78.56653,-4.03955]}},{"type":"Feature","properties":{"Name":"LABOR MINERA","description":"","OBJECTID":"69","PROVINCIA":"CONDORCANQUI","DISTRITO":"EL CENEPA","CUENCA":"CENEPA","ZONA":"17","EXUNIDAD":"CAMPANA","TIPO":"LABOR MINERA","SUBTIPO":"NO DETERMINADO","REGION":"AMAZONAS","ESTE":"770206","NORTE":"9553070","CODIGODM":"010211695; 010056393;\n010056293; 010056193;\n010056493; 010064993;\n010064793","NOMBREDM":"APU; CAMPANA 1; CAMPANA 2;\nCOMAINA 1; COMAINA 2;\nCOMAINA 3; HITO","TITULARDM":"BEDOYA TORRICO;  JORGE ARTURO; COMPA\u00d1IA MINERA AFRODITA S.A.; COMPA\u00d1IA MINERA HITO S.A.C.; DORATO PERU S.A.C.; METALES Y FINANZAS S.A.","RESPONSABLE":"COMPA\u00d1IA MINERA AFRODITA S.A.C.","GENERADOR":"NO IDENTIFICADO","ESTUDIOAMB":"PCPAM AFRODITA","N":"69"},"geometry":{"type":"Point","coordinates":[-78.56645,-4.03979]}},{"type":"Feature","properties":{"Name":"LABOR MINERA","description":"","OBJECTID":"70","PROVINCIA":"CONDORCANQUI","DISTRITO":"EL CENEPA","CUENCA":"CENEPA","ZONA":"17","EXUNIDAD":"CAMPANA","TIPO":"LABOR MINERA","SUBTIPO":"NO DETERMINADO","REGION":"AMAZONAS","ESTE":"770211","NORTE":"9553068","CODIGODM":"010211695; 010056393;\n010056293; 010056193;\n010056493; 010064993;\n010064793","NOMBREDM":"APU; CAMPANA 1; CAMPANA 2;\nCOMAINA 1; COMAINA 2;\nCOMAINA 3; HITO","TITULARDM":"BEDOYA TORRICO;  JORGE ARTURO; COMPA\u00d1IA MINERA AFRODITA S.A.; COMPA\u00d1IA MINERA HITO S.A.C.; DORATO PERU S.A.C.; METALES Y FINANZAS S.A.","RESPONSABLE":"COMPA\u00d1IA MINERA AFRODITA S.A.C.","GENERADOR":"NO IDENTIFICADO","ESTUDIOAMB":"PCPAM AFRODITA","N":"70"},"geometry":{"type":"Point","coordinates":[-78.5664,-4.03981]}},{"type":"Feature","properties":{"Name":"LABOR MINERA","description":"","OBJECTID":"71","PROVINCIA":"CONDORCANQUI","DISTRITO":"EL CENEPA","CUENCA":"CENEPA","ZONA":"17","EXUNIDAD":"CAMPANA","TIPO":"LABOR MINERA","SUBTIPO":"NO DETERMINADO","REGION":"AMAZONAS","ESTE":"770200","NORTE":"9553058","CODIGODM":"010211695; 010056393;\n010056293; 010056193;\n010056493; 010064993;\n010064793","NOMBREDM":"APU; CAMPANA 1; CAMPANA 2;\nCOMAINA 1; COMAINA 2;\nCOMAINA 3; HITO","TITULARDM":"BEDOYA TORRICO;  JORGE ARTURO; COMPA\u00d1IA MINERA AFRODITA S.A.; COMPA\u00d1IA MINERA HITO S.A.C.; DORATO PERU S.A.C.; METALES Y FINANZAS S.A.","RESPONSABLE":"COMPA\u00d1IA MINERA AFRODITA S.A.C.","GENERADOR":"NO IDENTIFICADO","ESTUDIOAMB":"PCPAM AFRODITA","N":"71"},"geometry":{"type":"Point","coordinates":[-78.5665,-4.0399]}},{"type":"Feature","properties":{"Name":"LABOR MINERA","description":"","OBJECTID":"72","PROVINCIA":"CONDORCANQUI","DISTRITO":"EL CENEPA","CUENCA":"CENEPA","ZONA":"17","EXUNIDAD":"CAMPANA","TIPO":"LABOR MINERA","SUBTIPO":"NO DETERMINADO","REGION":"AMAZONAS","ESTE":"770131","NORTE":"9553001","CODIGODM":"010211695; 010056393;\n010056293; 010056193;\n010056493; 010064993;\n010064793","NOMBREDM":"APU; CAMPANA 1; CAMPANA 2;\nCOMAINA 1; COMAINA 2;\nCOMAINA 3; HITO","TITULARDM":"BEDOYA TORRICO;  JORGE ARTURO; COMPA\u00d1IA MINERA AFRODITA S.A.; COMPA\u00d1IA MINERA HITO S.A.C.; DORATO PERU S.A.C.; METALES Y FINANZAS S.A.","RESPONSABLE":"COMPA\u00d1IA MINERA AFRODITA S.A.C.","GENERADOR":"NO IDENTIFICADO","ESTUDIOAMB":"PCPAM AFRODITA","N":"72"},"geometry":{"type":"Point","coordinates":[-78.56712,-4.04042]}},{"type":"Feature","properties":{"Name":"LABOR MINERA","description":"","OBJECTID":"73","PROVINCIA":"CONDORCANQUI","DISTRITO":"EL CENEPA","CUENCA":"CENEPA","ZONA":"17","EXUNIDAD":"CAMPANA","TIPO":"LABOR MINERA","SUBTIPO":"NO DETERMINADO","REGION":"AMAZONAS","ESTE":"770120","NORTE":"9552996","CODIGODM":"010211695; 010056393;\n010056293; 010056193;\n010056493; 010064993;\n010064793","NOMBREDM":"APU; CAMPANA 1; CAMPANA 2;\nCOMAINA 1; COMAINA 2;\nCOMAINA 3; HITO","TITULARDM":"BEDOYA TORRICO;  JORGE ARTURO; COMPA\u00d1IA MINERA AFRODITA S.A.; COMPA\u00d1IA MINERA HITO S.A.C.; DORATO PERU S.A.C.; METALES Y FINANZAS S.A.","RESPONSABLE":"COMPA\u00d1IA MINERA AFRODITA S.A.C.","GENERADOR":"NO IDENTIFICADO","ESTUDIOAMB":"PCPAM AFRODITA","N":"73"},"geometry":{"type":"Point","coordinates":[-78.56722,-4.04046]}},{"type":"Feature","properties":{"Name":"LABOR MINERA","description":"","OBJECTID":"74","PROVINCIA":"CONDORCANQUI","DISTRITO":"EL CENEPA","CUENCA":"CENEPA","ZONA":"17","EXUNIDAD":"CAMPANA","TIPO":"LABOR MINERA","SUBTIPO":"NO DETERMINADO","REGION":"AMAZONAS","ESTE":"770133","NORTE":"9552971","CODIGODM":"010211695; 010056393;\n010056293; 010056193;\n010056493; 010064993;\n010064793","NOMBREDM":"APU; CAMPANA 1; CAMPANA 2;\nCOMAINA 1; COMAINA 2;\nCOMAINA 3; HITO","TITULARDM":"BEDOYA TORRICO;  JORGE ARTURO; COMPA\u00d1IA MINERA AFRODITA S.A.; COMPA\u00d1IA MINERA HITO S.A.C.; DORATO PERU S.A.C.; METALES Y FINANZAS S.A.","RESPONSABLE":"COMPA\u00d1IA MINERA AFRODITA S.A.C.","GENERADOR":"NO IDENTIFICADO","ESTUDIOAMB":"PCPAM AFRODITA","N":"74"},"geometry":{"type":"Point","coordinates":[-78.5671,-4.04069]}},{"type":"Feature","properties":{"Name":"LABOR MINERA","description":"","OBJECTID":"75","PROVINCIA":"CONDORCANQUI","DISTRITO":"EL CENEPA","CUENCA":"CENEPA","ZONA":"17","EXUNIDAD":"CAMPANA","TIPO":"LABOR MINERA","SUBTIPO":"NO DETERMINADO","REGION":"AMAZONAS","ESTE":"770252","NORTE":"9553086","CODIGODM":"010211695; 010056393;\n010056293; 010056193;\n010056493; 010064993;\n010064793","NOMBREDM":"APU; CAMPANA 1; CAMPANA 2;\nCOMAINA 1; COMAINA 2;\nCOMAINA 3; HITO","TITULARDM":"BEDOYA TORRICO;  JORGE ARTURO; COMPA\u00d1IA MINERA AFRODITA S.A.; COMPA\u00d1IA MINERA HITO S.A.C.; DORATO PERU S.A.C.; METALES Y FINANZAS S.A.","RESPONSABLE":"COMPA\u00d1IA MINERA AFRODITA S.A.C.","GENERADOR":"NO IDENTIFICADO","ESTUDIOAMB":"PCPAM AFRODITA","N":"75"},"geometry":{"type":"Point","coordinates":[-78.56603,-4.03964]}},{"type":"Feature","properties":{"Name":"LABOR MINERA","description":"","OBJECTID":"76","PROVINCIA":"CONDORCANQUI","DISTRITO":"EL CENEPA","CUENCA":"CENEPA","ZONA":"17","EXUNIDAD":"CAMPANA","TIPO":"LABOR MINERA","SUBTIPO":"NO DETERMINADO","REGION":"AMAZONAS","ESTE":"770195","NORTE":"9552941","CODIGODM":"010211695; 010056393;\n010056293; 010056193;\n010056493; 010064993;\n010064793","NOMBREDM":"APU; CAMPANA 1; CAMPANA 2;\nCOMAINA 1; COMAINA 2;\nCOMAINA 3; HITO","TITULARDM":"BEDOYA TORRICO;  JORGE ARTURO; COMPA\u00d1IA MINERA AFRODITA S.A.; COMPA\u00d1IA MINERA HITO S.A.C.; DORATO PERU S.A.C.; METALES Y FINANZAS S.A.","RESPONSABLE":"COMPA\u00d1IA MINERA AFRODITA S.A.C.","GENERADOR":"NO IDENTIFICADO","ESTUDIOAMB":"PCPAM AFRODITA","N":"76"},"geometry":{"type":"Point","coordinates":[-78.56654,-4.04096]}},{"type":"Feature","properties":{"Name":"LABOR MINERA","description":"","OBJECTID":"77","PROVINCIA":"CONDORCANQUI","DISTRITO":"EL CENEPA","CUENCA":"CENEPA","ZONA":"17","EXUNIDAD":"CAMPANA","TIPO":"LABOR MINERA","SUBTIPO":"NO DETERMINADO","REGION":"AMAZONAS","ESTE":"770187","NORTE":"9552970","CODIGODM":"010211695; 010056393;\n010056293; 010056193;\n010056493; 010064993;\n010064793","NOMBREDM":"APU; CAMPANA 1; CAMPANA 2;\nCOMAINA 1; COMAINA 2;\nCOMAINA 3; HITO","TITULARDM":"BEDOYA TORRICO;  JORGE ARTURO; COMPA\u00d1IA MINERA AFRODITA S.A.; COMPA\u00d1IA MINERA HITO S.A.C.; DORATO PERU S.A.C.; METALES Y FINANZAS S.A.","RESPONSABLE":"COMPA\u00d1IA MINERA AFRODITA S.A.C.","GENERADOR":"NO IDENTIFICADO","ESTUDIOAMB":"PCPAM AFRODITA","N":"77"},"geometry":{"type":"Point","coordinates":[-78.56662,-4.04069]}},{"type":"Feature","properties":{"Name":"LABOR MINERA","description":"","OBJECTID":"78","PROVINCIA":"CONDORCANQUI","DISTRITO":"EL CENEPA","CUENCA":"CENEPA","ZONA":"17","EXUNIDAD":"CAMPANA","TIPO":"LABOR MINERA","SUBTIPO":"NO DETERMINADO","REGION":"AMAZONAS","ESTE":"770183","NORTE":"9552913","CODIGODM":"010211695; 010056393;\n010056293; 010056193;\n010056493; 010064993;\n010064793","NOMBREDM":"APU; CAMPANA 1; CAMPANA 2;\nCOMAINA 1; COMAINA 2;\nCOMAINA 3; HITO","TITULARDM":"BEDOYA TORRICO;  JORGE ARTURO; COMPA\u00d1IA MINERA AFRODITA S.A.; COMPA\u00d1IA MINERA HITO S.A.C.; DORATO PERU S.A.C.; METALES Y FINANZAS S.A.","RESPONSABLE":"COMPA\u00d1IA MINERA AFRODITA S.A.C.","GENERADOR":"NO IDENTIFICADO","ESTUDIOAMB":"PCPAM AFRODITA","N":"78"},"geometry":{"type":"Point","coordinates":[-78.56665,-4.04121]}},{"type":"Feature","properties":{"Name":"LABOR MINERA","description":"","OBJECTID":"79","PROVINCIA":"CONDORCANQUI","DISTRITO":"EL CENEPA","CUENCA":"CENEPA","ZONA":"17","EXUNIDAD":"CAMPANA","TIPO":"LABOR MINERA","SUBTIPO":"NO DETERMINADO","REGION":"AMAZONAS","ESTE":"770201","NORTE":"9552957","CODIGODM":"010211695; 010056393;\n010056293; 010056193;\n010056493; 010064993;\n010064793","NOMBREDM":"APU; CAMPANA 1; CAMPANA 2;\nCOMAINA 1; COMAINA 2;\nCOMAINA 3; HITO","TITULARDM":"BEDOYA TORRICO;  JORGE ARTURO; COMPA\u00d1IA MINERA AFRODITA S.A.; COMPA\u00d1IA MINERA HITO S.A.C.; DORATO PERU S.A.C.; METALES Y FINANZAS S.A.","RESPONSABLE":"COMPA\u00d1IA MINERA AFRODITA S.A.C.","GENERADOR":"NO IDENTIFICADO","ESTUDIOAMB":"PCPAM AFRODITA","N":"79"},"geometry":{"type":"Point","coordinates":[-78.56649,-4.04081]}},{"type":"Feature","properties":{"Name":"LABOR MINERA","description":"","OBJECTID":"80","PROVINCIA":"CONDORCANQUI","DISTRITO":"EL CENEPA","CUENCA":"CENEPA","ZONA":"17","EXUNIDAD":"CAMPANA","TIPO":"LABOR MINERA","SUBTIPO":"NO DETERMINADO","REGION":"AMAZONAS","ESTE":"770201","NORTE":"9553073","CODIGODM":"010211695; 010056393;\n010056293; 010056193;\n010056493; 010064993;\n010064793","NOMBREDM":"APU; CAMPANA 1; CAMPANA 2;\nCOMAINA 1; COMAINA 2;\nCOMAINA 3; HITO","TITULARDM":"BEDOYA TORRICO;  JORGE ARTURO; COMPA\u00d1IA MINERA AFRODITA S.A.; COMPA\u00d1IA MINERA HITO S.A.C.; DORATO PERU S.A.C.; METALES Y FINANZAS S.A.","RESPONSABLE":"COMPA\u00d1IA MINERA AFRODITA S.A.C.","GENERADOR":"NO IDENTIFICADO","ESTUDIOAMB":"PCPAM AFRODITA","N":"80"},"geometry":{"type":"Point","coordinates":[-78.56649,-4.03976]}},{"type":"Feature","properties":{"Name":"LABOR MINERA","description":"","OBJECTID":"81","PROVINCIA":"CONDORCANQUI","DISTRITO":"EL CENEPA","CUENCA":"CENEPA","ZONA":"17","EXUNIDAD":"CAMPANA","TIPO":"LABOR MINERA","SUBTIPO":"NO DETERMINADO","REGION":"AMAZONAS","ESTE":"770283","NORTE":"9553086","CODIGODM":"010211695; 010056393;\n010056293; 010056193;\n010056493; 010064993;\n010064793","NOMBREDM":"APU; CAMPANA 1; CAMPANA 2;\nCOMAINA 1; COMAINA 2;\nCOMAINA 3; HITO","TITULARDM":"BEDOYA TORRICO;  JORGE ARTURO; COMPA\u00d1IA MINERA AFRODITA S.A.; COMPA\u00d1IA MINERA HITO S.A.C.; DORATO PERU S.A.C.; METALES Y FINANZAS S.A.","RESPONSABLE":"COMPA\u00d1IA MINERA AFRODITA S.A.C.","GENERADOR":"NO IDENTIFICADO","ESTUDIOAMB":"PCPAM AFRODITA","N":"81"},"geometry":{"type":"Point","coordinates":[-78.56576,-4.03964]}},{"type":"Feature","properties":{"Name":"LABOR MINERA","description":"","OBJECTID":"82","PROVINCIA":"CONDORCANQUI","DISTRITO":"EL CENEPA","CUENCA":"CENEPA","ZONA":"17","EXUNIDAD":"CAMPANA","TIPO":"LABOR MINERA","SUBTIPO":"NO DETERMINADO","REGION":"AMAZONAS","ESTE":"770288","NORTE":"9553075","CODIGODM":"010211695; 010056393;\n010056293; 010056193;\n010056493; 010064993;\n010064793","NOMBREDM":"APU; CAMPANA 1; CAMPANA 2;\nCOMAINA 1; COMAINA 2;\nCOMAINA 3; HITO","TITULARDM":"BEDOYA TORRICO;  JORGE ARTURO; COMPA\u00d1IA MINERA AFRODITA S.A.; COMPA\u00d1IA MINERA HITO S.A.C.; DORATO PERU S.A.C.; METALES Y FINANZAS S.A.","RESPONSABLE":"COMPA\u00d1IA MINERA AFRODITA S.A.C.","GENERADOR":"NO IDENTIFICADO","ESTUDIOAMB":"PCPAM AFRODITA","N":"82"},"geometry":{"type":"Point","coordinates":[-78.56571,-4.03974]}},{"type":"Feature","properties":{"Name":"LABOR MINERA","description":"","OBJECTID":"83","PROVINCIA":"CONDORCANQUI","DISTRITO":"EL CENEPA","CUENCA":"CENEPA","ZONA":"17","EXUNIDAD":"CAMPANA","TIPO":"LABOR MINERA","SUBTIPO":"NO DETERMINADO","REGION":"AMAZONAS","ESTE":"770307","NORTE":"9553074","CODIGODM":"010211695; 010056393;\n010056293; 010056193;\n010056493; 010064993;\n010064793","NOMBREDM":"APU; CAMPANA 1; CAMPANA 2;\nCOMAINA 1; COMAINA 2;\nCOMAINA 3; HITO","TITULARDM":"BEDOYA TORRICO;  JORGE ARTURO; COMPA\u00d1IA MINERA AFRODITA S.A.; COMPA\u00d1IA MINERA HITO S.A.C.; DORATO PERU S.A.C.; METALES Y FINANZAS S.A.","RESPONSABLE":"COMPA\u00d1IA MINERA AFRODITA S.A.C.","GENERADOR":"NO IDENTIFICADO","ESTUDIOAMB":"PCPAM AFRODITA","N":"83"},"geometry":{"type":"Point","coordinates":[-78.56554,-4.03975]}},{"type":"Feature","properties":{"Name":"LABOR MINERA","description":"","OBJECTID":"84","PROVINCIA":"CONDORCANQUI","DISTRITO":"EL CENEPA","CUENCA":"CENEPA","ZONA":"17","EXUNIDAD":"CAMPANA","TIPO":"LABOR MINERA","SUBTIPO":"NO DETERMINADO","REGION":"AMAZONAS","ESTE":"770314","NORTE":"9553076","CODIGODM":"010211695; 010056393;\n010056293; 010056193;\n010056493; 010064993;\n010064793","NOMBREDM":"APU; CAMPANA 1; CAMPANA 2;\nCOMAINA 1; COMAINA 2;\nCOMAINA 3; HITO","TITULARDM":"BEDOYA TORRICO;  JORGE ARTURO; COMPA\u00d1IA MINERA AFRODITA S.A.; COMPA\u00d1IA MINERA HITO S.A.C.; DORATO PERU S.A.C.; METALES Y FINANZAS S.A.","RESPONSABLE":"COMPA\u00d1IA MINERA AFRODITA S.A.C.","GENERADOR":"NO IDENTIFICADO","ESTUDIOAMB":"PCPAM AFRODITA","N":"84"},"geometry":{"type":"Point","coordinates":[-78.56548,-4.03973]}},{"type":"Feature","properties":{"Name":"LABOR MINERA","description":"","OBJECTID":"85","PROVINCIA":"CONDORCANQUI","DISTRITO":"EL CENEPA","CUENCA":"CENEPA","ZONA":"17","EXUNIDAD":"CAMPANA","TIPO":"LABOR MINERA","SUBTIPO":"NO DETERMINADO","REGION":"AMAZONAS","ESTE":"770324","NORTE":"9553091","CODIGODM":"010211695; 010056393;\n010056293; 010056193;\n010056493; 010064993;\n010064793","NOMBREDM":"APU; CAMPANA 1; CAMPANA 2;\nCOMAINA 1; COMAINA 2;\nCOMAINA 3; HITO","TITULARDM":"BEDOYA TORRICO;  JORGE ARTURO; COMPA\u00d1IA MINERA AFRODITA S.A.; COMPA\u00d1IA MINERA HITO S.A.C.; DORATO PERU S.A.C.; METALES Y FINANZAS S.A.","RESPONSABLE":"COMPA\u00d1IA MINERA AFRODITA S.A.C.","GENERADOR":"NO IDENTIFICADO","ESTUDIOAMB":"PCPAM AFRODITA","N":"85"},"geometry":{"type":"Point","coordinates":[-78.56539,-4.0396]}},{"type":"Feature","properties":{"Name":"LABOR MINERA","description":"","OBJECTID":"86","PROVINCIA":"CONDORCANQUI","DISTRITO":"EL CENEPA","CUENCA":"CENEPA","ZONA":"17","EXUNIDAD":"CAMPANA","TIPO":"LABOR MINERA","SUBTIPO":"NO DETERMINADO","REGION":"AMAZONAS","ESTE":"770351","NORTE":"9553064","CODIGODM":"010211695; 010056393;\n010056293; 010056193;\n010056493; 010064993;\n010064793","NOMBREDM":"APU; CAMPANA 1; CAMPANA 2;\nCOMAINA 1; COMAINA 2;\nCOMAINA 3; HITO","TITULARDM":"BEDOYA TORRICO;  JORGE ARTURO; COMPA\u00d1IA MINERA AFRODITA S.A.; COMPA\u00d1IA MINERA HITO S.A.C.; DORATO PERU S.A.C.; METALES Y FINANZAS S.A.","RESPONSABLE":"COMPA\u00d1IA MINERA AFRODITA S.A.C.","GENERADOR":"NO IDENTIFICADO","ESTUDIOAMB":"PCPAM AFRODITA","N":"86"},"geometry":{"type":"Point","coordinates":[-78.56514,-4.03984]}},{"type":"Feature","properties":{"Name":"LABOR MINERA","description":"","OBJECTID":"87","PROVINCIA":"CONDORCANQUI","DISTRITO":"EL CENEPA","CUENCA":"CENEPA","ZONA":"17","EXUNIDAD":"CAMPANA","TIPO":"LABOR MINERA","SUBTIPO":"NO DETERMINADO","REGION":"AMAZONAS","ESTE":"770374","NORTE":"9553155","CODIGODM":"010211695; 010056393;\n010056293; 010056193;\n010056493; 010064993;\n010064793","NOMBREDM":"APU; CAMPANA 1; CAMPANA 2;\nCOMAINA 1; COMAINA 2;\nCOMAINA 3; HITO","TITULARDM":"BEDOYA TORRICO;  JORGE ARTURO; COMPA\u00d1IA MINERA AFRODITA S.A.; COMPA\u00d1IA MINERA HITO S.A.C.; DORATO PERU S.A.C.; METALES Y FINANZAS S.A.","RESPONSABLE":"COMPA\u00d1IA MINERA AFRODITA S.A.C.","GENERADOR":"NO IDENTIFICADO","ESTUDIOAMB":"PCPAM AFRODITA","N":"87"},"geometry":{"type":"Point","coordinates":[-78.56494,-4.03902]}},{"type":"Feature","properties":{"Name":"LABOR MINERA","description":"","OBJECTID":"88","PROVINCIA":"CONDORCANQUI","DISTRITO":"EL CENEPA","CUENCA":"CENEPA","ZONA":"17","EXUNIDAD":"CAMPANA","TIPO":"LABOR MINERA","SUBTIPO":"NO DETERMINADO","REGION":"AMAZONAS","ESTE":"770369","NORTE":"9553063","CODIGODM":"010211695; 010056393;\n010056293; 010056193;\n010056493; 010064993;\n010064793","NOMBREDM":"APU; CAMPANA 1; CAMPANA 2;\nCOMAINA 1; COMAINA 2;\nCOMAINA 3; HITO","TITULARDM":"BEDOYA TORRICO;  JORGE ARTURO; COMPA\u00d1IA MINERA AFRODITA S.A.; COMPA\u00d1IA MINERA HITO S.A.C.; DORATO PERU S.A.C.; METALES Y FINANZAS S.A.","RESPONSABLE":"COMPA\u00d1IA MINERA AFRODITA S.A.C.","GENERADOR":"NO IDENTIFICADO","ESTUDIOAMB":"PCPAM AFRODITA","N":"88"},"geometry":{"type":"Point","coordinates":[-78.56498,-4.03985]}},{"type":"Feature","properties":{"Name":"LABOR MINERA","description":"","OBJECTID":"89","PROVINCIA":"CONDORCANQUI","DISTRITO":"EL CENEPA","CUENCA":"CENEPA","ZONA":"17","EXUNIDAD":"CAMPANA","TIPO":"LABOR MINERA","SUBTIPO":"NO DETERMINADO","REGION":"AMAZONAS","ESTE":"770365","NORTE":"9553064","CODIGODM":"010211695; 010056393;\n010056293; 010056193;\n010056493; 010064993;\n010064793","NOMBREDM":"APU; CAMPANA 1; CAMPANA 2;\nCOMAINA 1; COMAINA 2;\nCOMAINA 3; HITO","TITULARDM":"BEDOYA TORRICO;  JORGE ARTURO; COMPA\u00d1IA MINERA AFRODITA S.A.; COMPA\u00d1IA MINERA HITO S.A.C.; DORATO PERU S.A.C.; METALES Y FINANZAS S.A.","RESPONSABLE":"COMPA\u00d1IA MINERA AFRODITA S.A.C.","GENERADOR":"NO IDENTIFICADO","ESTUDIOAMB":"PCPAM AFRODITA","N":"89"},"geometry":{"type":"Point","coordinates":[-78.56502,-4.03984]}},{"type":"Feature","properties":{"Name":"LABOR MINERA","description":"","OBJECTID":"90","PROVINCIA":"CONDORCANQUI","DISTRITO":"EL CENEPA","CUENCA":"CENEPA","ZONA":"17","EXUNIDAD":"CAMPANA","TIPO":"LABOR MINERA","SUBTIPO":"NO DETERMINADO","REGION":"AMAZONAS","ESTE":"770397","NORTE":"9553105","CODIGODM":"010211695; 010056393;\n010056293; 010056193;\n010056493; 010064993;\n010064793","NOMBREDM":"APU; CAMPANA 1; CAMPANA 2;\nCOMAINA 1; COMAINA 2;\nCOMAINA 3; HITO","TITULARDM":"BEDOYA TORRICO;  JORGE ARTURO; COMPA\u00d1IA MINERA AFRODITA S.A.; COMPA\u00d1IA MINERA HITO S.A.C.; DORATO PERU S.A.C.; METALES Y FINANZAS S.A.","RESPONSABLE":"COMPA\u00d1IA MINERA AFRODITA S.A.C.","GENERADOR":"NO IDENTIFICADO","ESTUDIOAMB":"PCPAM AFRODITA","N":"90"},"geometry":{"type":"Point","coordinates":[-78.56473,-4.03947]}},{"type":"Feature","properties":{"Name":"LABOR MINERA","description":"","OBJECTID":"91","PROVINCIA":"CONDORCANQUI","DISTRITO":"EL CENEPA","CUENCA":"CENEPA","ZONA":"17","EXUNIDAD":"CAMPANA","TIPO":"LABOR MINERA","SUBTIPO":"NO DETERMINADO","REGION":"AMAZONAS","ESTE":"770384","NORTE":"9553095","CODIGODM":"010211695; 010056393;\n010056293; 010056193;\n010056493; 010064993;\n010064793","NOMBREDM":"APU; CAMPANA 1; CAMPANA 2;\nCOMAINA 1; COMAINA 2;\nCOMAINA 3; HITO","TITULARDM":"BEDOYA TORRICO;  JORGE ARTURO; COMPA\u00d1IA MINERA AFRODITA S.A.; COMPA\u00d1IA MINERA HITO S.A.C.; DORATO PERU S.A.C.; METALES Y FINANZAS S.A.","RESPONSABLE":"COMPA\u00d1IA MINERA AFRODITA S.A.C.","GENERADOR":"NO IDENTIFICADO","ESTUDIOAMB":"PCPAM AFRODITA","N":"91"},"geometry":{"type":"Point","coordinates":[-78.56485,-4.03956]}},{"type":"Feature","properties":{"Name":"LABOR MINERA","description":"","OBJECTID":"92","PROVINCIA":"CONDORCANQUI","DISTRITO":"EL CENEPA","CUENCA":"CENEPA","ZONA":"17","EXUNIDAD":"CAMPANA","TIPO":"LABOR MINERA","SUBTIPO":"NO DETERMINADO","REGION":"AMAZONAS","ESTE":"770380","NORTE":"9553116","CODIGODM":"010211695; 010056393;\n010056293; 010056193;\n010056493; 010064993;\n010064793","NOMBREDM":"APU; CAMPANA 1; CAMPANA 2;\nCOMAINA 1; COMAINA 2;\nCOMAINA 3; HITO","TITULARDM":"BEDOYA TORRICO;  JORGE ARTURO; COMPA\u00d1IA MINERA AFRODITA S.A.; COMPA\u00d1IA MINERA HITO S.A.C.; DORATO PERU S.A.C.; METALES Y FINANZAS S.A.","RESPONSABLE":"COMPA\u00d1IA MINERA AFRODITA S.A.C.","GENERADOR":"NO IDENTIFICADO","ESTUDIOAMB":"PCPAM AFRODITA","N":"92"},"geometry":{"type":"Point","coordinates":[-78.56488,-4.03937]}},{"type":"Feature","properties":{"Name":"LABOR MINERA","description":"","OBJECTID":"93","PROVINCIA":"CONDORCANQUI","DISTRITO":"EL CENEPA","CUENCA":"CENEPA","ZONA":"17","EXUNIDAD":"CAMPANA","TIPO":"LABOR MINERA","SUBTIPO":"NO DETERMINADO","REGION":"AMAZONAS","ESTE":"770372","NORTE":"9553128","CODIGODM":"010211695; 010056393;\n010056293; 010056193;\n010056493; 010064993;\n010064793","NOMBREDM":"APU; CAMPANA 1; CAMPANA 2;\nCOMAINA 1; COMAINA 2;\nCOMAINA 3; HITO","TITULARDM":"BEDOYA TORRICO;  JORGE ARTURO; COMPA\u00d1IA MINERA AFRODITA S.A.; COMPA\u00d1IA MINERA HITO S.A.C.; DORATO PERU S.A.C.; METALES Y FINANZAS S.A.","RESPONSABLE":"COMPA\u00d1IA MINERA AFRODITA S.A.C.","GENERADOR":"NO IDENTIFICADO","ESTUDIOAMB":"PCPAM AFRODITA","N":"93"},"geometry":{"type":"Point","coordinates":[-78.56496,-4.03926]}},{"type":"Feature","properties":{"Name":"LABOR MINERA","description":"","OBJECTID":"94","PROVINCIA":"CONDORCANQUI","DISTRITO":"EL CENEPA","CUENCA":"CENEPA","ZONA":"17","EXUNIDAD":"CAMPANA","TIPO":"LABOR MINERA","SUBTIPO":"NO DETERMINADO","REGION":"AMAZONAS","ESTE":"770378","NORTE":"9553115","CODIGODM":"010211695; 010056393;\n010056293; 010056193;\n010056493; 010064993;\n010064793","NOMBREDM":"APU; CAMPANA 1; CAMPANA 2;\nCOMAINA 1; COMAINA 2;\nCOMAINA 3; HITO","TITULARDM":"BEDOYA TORRICO;  JORGE ARTURO; COMPA\u00d1IA MINERA AFRODITA S.A.; COMPA\u00d1IA MINERA HITO S.A.C.; DORATO PERU S.A.C.; METALES Y FINANZAS S.A.","RESPONSABLE":"COMPA\u00d1IA MINERA AFRODITA S.A.C.","GENERADOR":"NO IDENTIFICADO","ESTUDIOAMB":"PCPAM AFRODITA","N":"94"},"geometry":{"type":"Point","coordinates":[-78.5649,-4.03938]}},{"type":"Feature","properties":{"Name":"LABOR MINERA","description":"","OBJECTID":"95","PROVINCIA":"CONDORCANQUI","DISTRITO":"EL CENEPA","CUENCA":"CENEPA","ZONA":"17","EXUNIDAD":"CAMPANA","TIPO":"LABOR MINERA","SUBTIPO":"NO DETERMINADO","REGION":"AMAZONAS","ESTE":"769948","NORTE":"9553215","CODIGODM":"010211695; 010056393;\n010056293; 010056193;\n010056493; 010064993;\n010064793","NOMBREDM":"APU; CAMPANA 1; CAMPANA 2;\nCOMAINA 1; COMAINA 2;\nCOMAINA 3; HITO","TITULARDM":"BEDOYA TORRICO;  JORGE ARTURO; COMPA\u00d1IA MINERA AFRODITA S.A.; COMPA\u00d1IA MINERA HITO S.A.C.; DORATO PERU S.A.C.; METALES Y FINANZAS S.A.","RESPONSABLE":"COMPA\u00d1IA MINERA AFRODITA S.A.C.","GENERADOR":"NO IDENTIFICADO","ESTUDIOAMB":"PCPAM AFRODITA","N":"95"},"geometry":{"type":"Point","coordinates":[-78.56877,-4.03849]}},{"type":"Feature","properties":{"Name":"LABOR MINERA","description":"","OBJECTID":"96","PROVINCIA":"CONDORCANQUI","DISTRITO":"EL CENEPA","CUENCA":"CENEPA","ZONA":"17","EXUNIDAD":"CAMPANA","TIPO":"LABOR MINERA","SUBTIPO":"NO DETERMINADO","REGION":"AMAZONAS","ESTE":"769943","NORTE":"9553215","CODIGODM":"010211695; 010056393;\n010056293; 010056193;\n010056493; 010064993;\n010064793","NOMBREDM":"APU; CAMPANA 1; CAMPANA 2;\nCOMAINA 1; COMAINA 2;\nCOMAINA 3; HITO","TITULARDM":"BEDOYA TORRICO;  JORGE ARTURO; COMPA\u00d1IA MINERA AFRODITA S.A.; COMPA\u00d1IA MINERA HITO S.A.C.; DORATO PERU S.A.C.; METALES Y FINANZAS S.A.","RESPONSABLE":"COMPA\u00d1IA MINERA AFRODITA S.A.C.","GENERADOR":"NO IDENTIFICADO","ESTUDIOAMB":"PCPAM AFRODITA","N":"96"},"geometry":{"type":"Point","coordinates":[-78.56882,-4.03849]}},{"type":"Feature","properties":{"Name":"LABOR MINERA","description":"","OBJECTID":"41","PROVINCIA":"CONDORCANQUI","DISTRITO":"EL CENEPA","CUENCA":"CENEPA","ZONA":"17","EXUNIDAD":"CAMPANA","TIPO":"LABOR MINERA","SUBTIPO":"NO DETERMINADO","REGION":"AMAZONAS","ESTE":"769965","NORTE":"9553234","CODIGODM":"010211695; 010056393;\n010056293; 010056193;\n010056493; 010064993;\n010064793","NOMBREDM":"APU; CAMPANA 1; CAMPANA 2;\nCOMAINA 1; COMAINA 2;\nCOMAINA 3; HITO","TITULARDM":"BEDOYA TORRICO;  JORGE ARTURO; COMPA\u00d1IA MINERA AFRODITA S.A.; COMPA\u00d1IA MINERA HITO S.A.C.; DORATO PERU S.A.C.; METALES Y FINANZAS S.A.","RESPONSABLE":"COMPA\u00d1IA MINERA AFRODITA S.A.C.","GENERADOR":"NO IDENTIFICADO","ESTUDIOAMB":"PCPAM AFRODITA","N":"41"},"geometry":{"type":"Point","coordinates":[-78.56862,-4.03831]}},{"type":"Feature","properties":{"Name":"LABOR MINERA","description":"","OBJECTID":"42","PROVINCIA":"CONDORCANQUI","DISTRITO":"EL CENEPA","CUENCA":"CENEPA","ZONA":"17","EXUNIDAD":"CAMPANA","TIPO":"LABOR MINERA","SUBTIPO":"NO DETERMINADO","REGION":"AMAZONAS","ESTE":"769959","NORTE":"9553235","CODIGODM":"010211695; 010056393;\n010056293; 010056193;\n010056493; 010064993;\n010064793","NOMBREDM":"APU; CAMPANA 1; CAMPANA 2;\nCOMAINA 1; COMAINA 2;\nCOMAINA 3; HITO","TITULARDM":"BEDOYA TORRICO;  JORGE ARTURO; COMPA\u00d1IA MINERA AFRODITA S.A.; COMPA\u00d1IA MINERA HITO S.A.C.; DORATO PERU S.A.C.; METALES Y FINANZAS S.A.","RESPONSABLE":"COMPA\u00d1IA MINERA AFRODITA S.A.C.","GENERADOR":"NO IDENTIFICADO","ESTUDIOAMB":"PCPAM AFRODITA","N":"42"},"geometry":{"type":"Point","coordinates":[-78.56868,-4.0383]}},{"type":"Feature","properties":{"Name":"LABOR MINERA","description":"","OBJECTID":"43","PROVINCIA":"CONDORCANQUI","DISTRITO":"EL CENEPA","CUENCA":"CENEPA","ZONA":"17","EXUNIDAD":"CAMPANA","TIPO":"LABOR MINERA","SUBTIPO":"NO DETERMINADO","REGION":"AMAZONAS","ESTE":"769952","NORTE":"9553222","CODIGODM":"010211695; 010056393;\n010056293; 010056193;\n010056493; 010064993;\n010064793","NOMBREDM":"APU; CAMPANA 1; CAMPANA 2;\nCOMAINA 1; COMAINA 2;\nCOMAINA 3; HITO","TITULARDM":"BEDOYA TORRICO;  JORGE ARTURO; COMPA\u00d1IA MINERA AFRODITA S.A.; COMPA\u00d1IA MINERA HITO S.A.C.; DORATO PERU S.A.C.; METALES Y FINANZAS S.A.","RESPONSABLE":"COMPA\u00d1IA MINERA AFRODITA S.A.C.","GENERADOR":"NO IDENTIFICADO","ESTUDIOAMB":"PCPAM AFRODITA","N":"43"},"geometry":{"type":"Point","coordinates":[-78.56874,-4.03842]}},{"type":"Feature","properties":{"Name":"LABOR MINERA","description":"","OBJECTID":"44","PROVINCIA":"CONDORCANQUI","DISTRITO":"EL CENEPA","CUENCA":"CENEPA","ZONA":"17","EXUNIDAD":"CAMPANA","TIPO":"LABOR MINERA","SUBTIPO":"NO DETERMINADO","REGION":"AMAZONAS","ESTE":"769955","NORTE":"9553155","CODIGODM":"010211695; 010056393;\n010056293; 010056193;\n010056493; 010064993;\n010064793","NOMBREDM":"APU; CAMPANA 1; CAMPANA 2;\nCOMAINA 1; COMAINA 2;\nCOMAINA 3; HITO","TITULARDM":"BEDOYA TORRICO;  JORGE ARTURO; COMPA\u00d1IA MINERA AFRODITA S.A.; COMPA\u00d1IA MINERA HITO S.A.C.; DORATO PERU S.A.C.; METALES Y FINANZAS S.A.","RESPONSABLE":"COMPA\u00d1IA MINERA AFRODITA S.A.C.","GENERADOR":"NO IDENTIFICADO","ESTUDIOAMB":"PCPAM AFRODITA","N":"44"},"geometry":{"type":"Point","coordinates":[-78.56871,-4.03903]}},{"type":"Feature","properties":{"Name":"LABOR MINERA","description":"","OBJECTID":"45","PROVINCIA":"CONDORCANQUI","DISTRITO":"EL CENEPA","CUENCA":"CENEPA","ZONA":"17","EXUNIDAD":"CAMPANA","TIPO":"LABOR MINERA","SUBTIPO":"NO DETERMINADO","REGION":"AMAZONAS","ESTE":"769949","NORTE":"9553217","CODIGODM":"010211695; 010056393;\n010056293; 010056193;\n010056493; 010064993;\n010064793","NOMBREDM":"APU; CAMPANA 1; CAMPANA 2;\nCOMAINA 1; COMAINA 2;\nCOMAINA 3; HITO","TITULARDM":"BEDOYA TORRICO;  JORGE ARTURO; COMPA\u00d1IA MINERA AFRODITA S.A.; COMPA\u00d1IA MINERA HITO S.A.C.; DORATO PERU S.A.C.; METALES Y FINANZAS S.A.","RESPONSABLE":"COMPA\u00d1IA MINERA AFRODITA S.A.C.","GENERADOR":"NO IDENTIFICADO","ESTUDIOAMB":"PCPAM AFRODITA","N":"45"},"geometry":{"type":"Point","coordinates":[-78.56877,-4.03847]}},{"type":"Feature","properties":{"Name":"LABOR MINERA","description":"","OBJECTID":"46","PROVINCIA":"CONDORCANQUI","DISTRITO":"EL CENEPA","CUENCA":"CENEPA","ZONA":"17","EXUNIDAD":"CAMPANA","TIPO":"LABOR MINERA","SUBTIPO":"NO DETERMINADO","REGION":"AMAZONAS","ESTE":"769820","NORTE":"9553304","CODIGODM":"010211695; 010056393;\n010056293; 010056193;\n010056493; 010064993;\n010064793","NOMBREDM":"APU; CAMPANA 1; CAMPANA 2;\nCOMAINA 1; COMAINA 2;\nCOMAINA 3; HITO","TITULARDM":"BEDOYA TORRICO;  JORGE ARTURO; COMPA\u00d1IA MINERA AFRODITA S.A.; COMPA\u00d1IA MINERA HITO S.A.C.; DORATO PERU S.A.C.; METALES Y FINANZAS S.A.","RESPONSABLE":"COMPA\u00d1IA MINERA AFRODITA S.A.C.","GENERADOR":"NO IDENTIFICADO","ESTUDIOAMB":"PCPAM AFRODITA","N":"46"},"geometry":{"type":"Point","coordinates":[-78.56993,-4.03769]}},{"type":"Feature","properties":{"Name":"LABOR MINERA","description":"","OBJECTID":"47","PROVINCIA":"CONDORCANQUI","DISTRITO":"EL CENEPA","CUENCA":"CENEPA","ZONA":"17","EXUNIDAD":"CAMPANA","TIPO":"LABOR MINERA","SUBTIPO":"NO DETERMINADO","REGION":"AMAZONAS","ESTE":"769934","NORTE":"9553204","CODIGODM":"010211695; 010056393;\n010056293; 010056193;\n010056493; 010064993;\n010064793","NOMBREDM":"APU; CAMPANA 1; CAMPANA 2;\nCOMAINA 1; COMAINA 2;\nCOMAINA 3; HITO","TITULARDM":"BEDOYA TORRICO;  JORGE ARTURO; COMPA\u00d1IA MINERA AFRODITA S.A.; COMPA\u00d1IA MINERA HITO S.A.C.; DORATO PERU S.A.C.; METALES Y FINANZAS S.A.","RESPONSABLE":"COMPA\u00d1IA MINERA AFRODITA S.A.C.","GENERADOR":"NO IDENTIFICADO","ESTUDIOAMB":"PCPAM AFRODITA","N":"47"},"geometry":{"type":"Point","coordinates":[-78.5689,-4.03859]}},{"type":"Feature","properties":{"Name":"LABOR MINERA","description":"","OBJECTID":"48","PROVINCIA":"CONDORCANQUI","DISTRITO":"EL CENEPA","CUENCA":"CENEPA","ZONA":"17","EXUNIDAD":"CAMPANA","TIPO":"LABOR MINERA","SUBTIPO":"NO DETERMINADO","REGION":"AMAZONAS","ESTE":"769930","NORTE":"9553199","CODIGODM":"010211695; 010056393;\n010056293; 010056193;\n010056493; 010064993;\n010064793","NOMBREDM":"APU; CAMPANA 1; CAMPANA 2;\nCOMAINA 1; COMAINA 2;\nCOMAINA 3; HITO","TITULARDM":"BEDOYA TORRICO;  JORGE ARTURO; COMPA\u00d1IA MINERA AFRODITA S.A.; COMPA\u00d1IA MINERA HITO S.A.C.; DORATO PERU S.A.C.; METALES Y FINANZAS S.A.","RESPONSABLE":"COMPA\u00d1IA MINERA AFRODITA S.A.C.","GENERADOR":"NO IDENTIFICADO","ESTUDIOAMB":"PCPAM AFRODITA","N":"48"},"geometry":{"type":"Point","coordinates":[-78.56894,-4.03863]}},{"type":"Feature","properties":{"Name":"RESIDUO MINERO","description":"","OBJECTID":"156","PROVINCIA":"CAJABAMBA","DISTRITO":"CACHACHI","CUENCA":"CRISNEJAS","ZONA":"17","EXUNIDAD":"ALGAMARCA","TIPO":"RESIDUO MINERO","SUBTIPO":"DESMONTE DE MINA","REGION":"CAJAMARCA","ESTE":"802561","NORTE":"9157882","CODIGODM":"010000411L; 010002892;\n010165604;  15008634X01","NOMBREDM":"ACUMULACION SHAHUINDO; MALVAS 92; MARIA ANGOLA 37;\nALGAMARCA N\u00ba 1","TITULARDM":"MINERA SULLIDEN SHAHUINDO S.A.C.;  MINERA SULLIDEN SHAHUINDO S.A.C.; SOCIEDAD MINERA CAMBIOR PERU S.A.C.;  MINERA SULLIDEN SHAHUINDO S.A.C.","RESPONSABLE":"---","GENERADOR":"NO IDENTIFICADO","ESTUDIOAMB":"---","N":"1585"},"geometry":{"type":"Point","coordinates":[-78.25798,-7.60978]}},{"type":"Feature","properties":{"Name":"RESIDUO MINERO","description":"","OBJECTID":"157","PROVINCIA":"CAJABAMBA","DISTRITO":"CACHACHI","CUENCA":"CRISNEJAS","ZONA":"17","EXUNIDAD":"ALGAMARCA","TIPO":"RESIDUO MINERO","SUBTIPO":"RELAVES","REGION":"CAJAMARCA","ESTE":"802235","NORTE":"9157920","CODIGODM":"010000411L; 010002892;\n010165604","NOMBREDM":"ACUMULACION SHAHUINDO; MALVAS 92;  MARIA ANGOLA 37","TITULARDM":"MINERA SULLIDEN SHAHUINDO S.A.C.;  MINERA SULLIDEN SHAHUINDO S.A.C.; SOCIEDAD MINERA CAMBIOR PERU S.A.C.","RESPONSABLE":"---","GENERADOR":"NO IDENTIFICADO","ESTUDIOAMB":"---","N":"1586"},"geometry":{"type":"Point","coordinates":[-78.26093,-7.60945]}},{"type":"Feature","properties":{"Name":"RESIDUO MINERO","description":"","OBJECTID":"158","PROVINCIA":"CAJABAMBA","DISTRITO":"CACHACHI","CUENCA":"CRISNEJAS","ZONA":"17","EXUNIDAD":"ALGAMARCA","TIPO":"RESIDUO MINERO","SUBTIPO":"RELAVES","REGION":"CAJAMARCA","ESTE":"802198","NORTE":"9157842","CODIGODM":"010000411L;  010002892;\n010165604","NOMBREDM":"ACUMULACION SHAHUINDO; MALVAS 92;  MARIA ANGOLA 37","TITULARDM":"MINERA SULLIDEN SHAHUINDO S.A.C.;  MINERA SULLIDEN SHAHUINDO S.A.C.; SOCIEDAD MINERA CAMBIOR PERU S.A.C.","RESPONSABLE":"---","GENERADOR":"NO IDENTIFICADO","ESTUDIOAMB":"---","N":"1587"},"geometry":{"type":"Point","coordinates":[-78.26126,-7.61016]}},{"type":"Feature","properties":{"Name":"RESIDUO MINERO","description":"","OBJECTID":"159","PROVINCIA":"HUALGAYOC","DISTRITO":"HUALGAYOC","CUENCA":"LLAUCANO","ZONA":"17","EXUNIDAD":"ATAHUALPA (LLAUCANO)","TIPO":"RESIDUO MINERO","SUBTIPO":"DESMONTE DE MINA","REGION":"CAJAMARCA","ESTE":"766443","NORTE":"9251875","CODIGODM":"010000978U; 03000460X01;\n010778195","NOMBREDM":"COLORADA; LA VIZCACHA; SAN JOSE N\u00ba 1-A","TITULARDM":"BANCO MINERO DEL PERU EN LIQUIDACION; COMPA\u00d1IA MINERA COLQUIRRUMI S.A.; COMPA\u00d1IA MINERA SAN NICOLAS S.A.; CONSOLIDADA DE HUALGAYOC S.A.; GOLD FIELDS LA CIMA S.A.A.; VIDALON PAREJA;  JAIME DAVID","RESPONSABLE":"ACTIVOS MINEROS S.A.C.","GENERADOR":"NO IDENTIFICADO","ESTUDIOAMB":"PLAN DE CIERRE DE 64 PASIVOS AMBIENTALES EL DORADO","N":"1588"},"geometry":{"type":"Point","coordinates":[-78.58958,-6.76223]}},{"type":"Feature","properties":{"Name":"RESIDUO MINERO","description":"","OBJECTID":"160","PROVINCIA":"HUALGAYOC","DISTRITO":"HUALGAYOC","CUENCA":"LLAUCANO","ZONA":"17","EXUNIDAD":"ATAHUALPA (LLAUCANO)","TIPO":"RESIDUO MINERO","SUBTIPO":"DESMONTE DE MINA","REGION":"CAJAMARCA","ESTE":"766495","NORTE":"9251893","CODIGODM":"03000460X01; 010009372U;\n010778195","NOMBREDM":"LA VIZCACHA; SAN AGUSTIN N\u00ba1; SAN JOSE N\u00ba 1-A","TITULARDM":"BANCO MINERO DEL PERU EN LIQUIDACION; COMPA\u00d1IA MINERA COLQUIRRUMI S.A.; CONSOLIDADA DE HUALGAYOC S.A.; GOLD FIELDS LA CIMA S.A.A.; VIDALON\nPAREJA;  JAIME DAVID","RESPONSABLE":"ACTIVOS MINEROS S.A.C.","GENERADOR":"NO IDENTIFICADO","ESTUDIOAMB":"PLAN DE CIERRE DE 64 PASIVOS AMBIENTALES EL\nDORADO","N":"1589"},"geometry":{"type":"Point","coordinates":[-78.58911,-6.76207]}},{"type":"Feature","properties":{"Name":"LABOR MINERA","description":"","OBJECTID":"161","PROVINCIA":"HUALGAYOC","DISTRITO":"HUALGAYOC","CUENCA":"LLAUCANO","ZONA":"17","EXUNIDAD":"ATAHUALPA (LLAUCANO)","TIPO":"LABOR MINERA","SUBTIPO":"TAJEO COMUNICADO","REGION":"CAJAMARCA","ESTE":"766436","NORTE":"9251868","CODIGODM":"010000978U; 03000460X01;\n010009372U; 010778195","NOMBREDM":"COLORADA; LA VIZCACHA; SAN AGUSTIN N\u00ba1; SAN JOSE N\u00ba 1-A","TITULARDM":"BANCO MINERO DEL PERU EN LIQUIDACION; COMPA\u00d1IA MINERA COLQUIRRUMI S.A.; COMPA\u00d1IA MINERA SAN NICOLAS S.A.; CONSOLIDADA DE HUALGAYOC S.A.; GOLD FIELDS LA CIMA S.A.A.; VIDALON PAREJA;  JAIME DAVID","RESPONSABLE":"ACTIVOS MINEROS S.A.C.","GENERADOR":"NO IDENTIFICADO","ESTUDIOAMB":"PLAN DE CIERRE DE 64 PASIVOS AMBIENTALES EL DORADO","N":"1590"},"geometry":{"type":"Point","coordinates":[-78.58964,-6.7623]}},{"type":"Feature","properties":{"Name":"LABOR MINERA","description":"","OBJECTID":"162","PROVINCIA":"HUALGAYOC","DISTRITO":"HUALGAYOC","CUENCA":"LLAUCANO","ZONA":"17","EXUNIDAD":"ATAHUALPA (LLAUCANO)","TIPO":"LABOR MINERA","SUBTIPO":"BOCAMINA","REGION":"CAJAMARCA","ESTE":"766491","NORTE":"9251891","CODIGODM":"03000460X01; 010009372U;\n010778195","NOMBREDM":"LA VIZCACHA; SAN AGUSTIN N\u00ba1; SAN JOSE N\u00ba 1-A","TITULARDM":"BANCO MINERO DEL PERU EN LIQUIDACION; COMPA\u00d1IA MINERA COLQUIRRUMI S.A.; CONSOLIDADA DE HUALGAYOC S.A.; GOLD FIELDS LA CIMA S.A.A.; VIDALON\nPAREJA;  JAIME DAVID","RESPONSABLE":"ACTIVOS MINEROS S.A.C.","GENERADOR":"NO IDENTIFICADO","ESTUDIOAMB":"PLAN DE CIERRE DE 64 PASIVOS AMBIENTALES EL\nDORADO","N":"1591"},"geometry":{"type":"Point","coordinates":[-78.58914,-6.76209]}},{"type":"Feature","properties":{"Name":"RESIDUO MINERO","description":"","OBJECTID":"163","PROVINCIA":"HUALGAYOC","DISTRITO":"HUALGAYOC","CUENCA":"LLAUCANO","ZONA":"17","EXUNIDAD":"ATAHUALPA (LLAUCANO)","TIPO":"RESIDUO MINERO","SUBTIPO":"DESMONTE DE MINA","REGION":"CAJAMARCA","ESTE":"766589","NORTE":"9252003","CODIGODM":"03000460X01; 010014272U;\n010778195","NOMBREDM":"LA VIZCACHA; MOROCHA PACCHA E IMPERIAL; SAN JOSE N\u00ba 1-A","TITULARDM":"BANCO MINERO DEL PERU EN LIQUIDACION; COMPA\u00d1IA MINERA COLQUIRRUMI S.A.; CONSOLIDADA DE HUALGAYOC S.A.; GOLD FIELDS LA CIMA S.A.A.; S.M.R.L. MOROCHA DE CAJAMARCA; VIDALON PAREJA;  JAIME DAVID","RESPONSABLE":"ACTIVOS MINEROS S.A.C.","GENERADOR":"NO IDENTIFICADO","ESTUDIOAMB":"PLAN DE CIERRE DE 64 PASIVOS AMBIENTALES EL DORADO","N":"1592"},"geometry":{"type":"Point","coordinates":[-78.58826,-6.76107]}},{"type":"Feature","properties":{"Name":"LABOR MINERA","description":"","OBJECTID":"105","PROVINCIA":"CONDORCANQUI","DISTRITO":"EL CENEPA","CUENCA":"CENEPA","ZONA":"17","EXUNIDAD":"CAMPANA","TIPO":"LABOR MINERA","SUBTIPO":"NO DETERMINADO","REGION":"AMAZONAS","ESTE":"770419","NORTE":"9553075","CODIGODM":"010211695; 010056393;\n010056293; 010056193;\n010056493; 010064993;\n010064793","NOMBREDM":"APU; CAMPANA 1; CAMPANA 2;\nCOMAINA 1; COMAINA 2;\nCOMAINA 3; HITO","TITULARDM":"BEDOYA TORRICO;  JORGE ARTURO; COMPA\u00d1IA MINERA AFRODITA S.A.; COMPA\u00d1IA MINERA HITO S.A.C.; DORATO PERU S.A.C.; METALES Y FINANZAS S.A.","RESPONSABLE":"COMPA\u00d1IA MINERA AFRODITA S.A.C.","GENERADOR":"NO IDENTIFICADO","ESTUDIOAMB":"PCPAM AFRODITA","N":"105"},"geometry":{"type":"Point","coordinates":[-78.56453,-4.03974]}},{"type":"Feature","properties":{"Name":"LABOR MINERA","description":"","OBJECTID":"106","PROVINCIA":"CONDORCANQUI","DISTRITO":"EL CENEPA","CUENCA":"CENEPA","ZONA":"17","EXUNIDAD":"CAMPANA","TIPO":"LABOR MINERA","SUBTIPO":"NO DETERMINADO","REGION":"AMAZONAS","ESTE":"770454","NORTE":"9553044","CODIGODM":"010211695; 010056393;\n010056293; 010056193;\n010056493; 010064993;\n010064793","NOMBREDM":"APU; CAMPANA 1; CAMPANA 2;\nCOMAINA 1; COMAINA 2;\nCOMAINA 3; HITO","TITULARDM":"BEDOYA TORRICO;  JORGE ARTURO; COMPA\u00d1IA MINERA AFRODITA S.A.; COMPA\u00d1IA MINERA HITO S.A.C.; DORATO PERU S.A.C.; METALES Y FINANZAS S.A.","RESPONSABLE":"COMPA\u00d1IA MINERA AFRODITA S.A.C.","GENERADOR":"NO IDENTIFICADO","ESTUDIOAMB":"PCPAM AFRODITA","N":"106"},"geometry":{"type":"Point","coordinates":[-78.56422,-4.04002]}},{"type":"Feature","properties":{"Name":"LABOR MINERA","description":"","OBJECTID":"107","PROVINCIA":"CONDORCANQUI","DISTRITO":"EL CENEPA","CUENCA":"CENEPA","ZONA":"17","EXUNIDAD":"CAMPANA","TIPO":"LABOR MINERA","SUBTIPO":"NO DETERMINADO","REGION":"AMAZONAS","ESTE":"770433","NORTE":"9553068","CODIGODM":"010211695; 010056393;\n010056293; 010056193;\n010056493; 010064993;\n010064793","NOMBREDM":"APU; CAMPANA 1; CAMPANA 2;\nCOMAINA 1; COMAINA 2;\nCOMAINA 3; HITO","TITULARDM":"BEDOYA TORRICO;  JORGE ARTURO; COMPA\u00d1IA MINERA AFRODITA S.A.; COMPA\u00d1IA MINERA HITO S.A.C.; DORATO PERU S.A.C.; METALES Y FINANZAS S.A.","RESPONSABLE":"COMPA\u00d1IA MINERA AFRODITA S.A.C.","GENERADOR":"NO IDENTIFICADO","ESTUDIOAMB":"PCPAM AFRODITA","N":"107"},"geometry":{"type":"Point","coordinates":[-78.56441,-4.0398]}},{"type":"Feature","properties":{"Name":"LABOR MINERA","description":"","OBJECTID":"108","PROVINCIA":"CONDORCANQUI","DISTRITO":"EL CENEPA","CUENCA":"CENEPA","ZONA":"17","EXUNIDAD":"CAMPANA","TIPO":"LABOR MINERA","SUBTIPO":"NO DETERMINADO","REGION":"AMAZONAS","ESTE":"770505","NORTE":"9553096","CODIGODM":"010211695; 010056393;\n010056293; 010056193;\n010056493; 010064993;\n010064793","NOMBREDM":"APU; CAMPANA 1; CAMPANA 2;\nCOMAINA 1; COMAINA 2;\nCOMAINA 3; HITO","TITULARDM":"BEDOYA TORRICO;  JORGE ARTURO; COMPA\u00d1IA MINERA AFRODITA S.A.; COMPA\u00d1IA MINERA HITO S.A.C.; DORATO PERU S.A.C.; METALES Y FINANZAS S.A.","RESPONSABLE":"COMPA\u00d1IA MINERA AFRODITA S.A.C.","GENERADOR":"NO IDENTIFICADO","ESTUDIOAMB":"PCPAM AFRODITA","N":"108"},"geometry":{"type":"Point","coordinates":[-78.56376,-4.03955]}},{"type":"Feature","properties":{"Name":"LABOR MINERA","description":"","OBJECTID":"109","PROVINCIA":"CONDORCANQUI","DISTRITO":"EL CENEPA","CUENCA":"CENEPA","ZONA":"17","EXUNIDAD":"CAMPANA","TIPO":"LABOR MINERA","SUBTIPO":"NO DETERMINADO","REGION":"AMAZONAS","ESTE":"770503","NORTE":"9553089","CODIGODM":"010211695; 010056393;\n010056293; 010056193;\n010056493; 010064993;\n010064793","NOMBREDM":"APU; CAMPANA 1; CAMPANA 2;\nCOMAINA 1; COMAINA 2;\nCOMAINA 3; HITO","TITULARDM":"BEDOYA TORRICO;  JORGE ARTURO; COMPA\u00d1IA MINERA AFRODITA S.A.; COMPA\u00d1IA MINERA HITO S.A.C.; DORATO PERU S.A.C.; METALES Y FINANZAS S.A.","RESPONSABLE":"COMPA\u00d1IA MINERA AFRODITA S.A.C.","GENERADOR":"NO IDENTIFICADO","ESTUDIOAMB":"PCPAM AFRODITA","N":"109"},"geometry":{"type":"Point","coordinates":[-78.56378,-4.03961]}},{"type":"Feature","properties":{"Name":"LABOR MINERA","description":"","OBJECTID":"110","PROVINCIA":"CONDORCANQUI","DISTRITO":"EL CENEPA","CUENCA":"CENEPA","ZONA":"17","EXUNIDAD":"CAMPANA","TIPO":"LABOR MINERA","SUBTIPO":"NO DETERMINADO","REGION":"AMAZONAS","ESTE":"770501","NORTE":"9553081","CODIGODM":"010211695; 010056393;\n010056293; 010056193;\n010056493; 010064993;\n010064793","NOMBREDM":"APU; CAMPANA 1; CAMPANA 2;\nCOMAINA 1; COMAINA 2;\nCOMAINA 3; HITO","TITULARDM":"BEDOYA TORRICO;  JORGE ARTURO; COMPA\u00d1IA MINERA AFRODITA S.A.; COMPA\u00d1IA MINERA HITO S.A.C.; DORATO PERU S.A.C.; METALES Y FINANZAS S.A.","RESPONSABLE":"COMPA\u00d1IA MINERA AFRODITA S.A.C.","GENERADOR":"NO IDENTIFICADO","ESTUDIOAMB":"PCPAM AFRODITA","N":"110"},"geometry":{"type":"Point","coordinates":[-78.56379,-4.03968]}},{"type":"Feature","properties":{"Name":"LABOR MINERA","description":"","OBJECTID":"111","PROVINCIA":"CONDORCANQUI","DISTRITO":"EL CENEPA","CUENCA":"CENEPA","ZONA":"17","EXUNIDAD":"CAMPANA","TIPO":"LABOR MINERA","SUBTIPO":"NO DETERMINADO","REGION":"AMAZONAS","ESTE":"769959","NORTE":"9553261","CODIGODM":"010211695; 010056393;\n010056293; 010056193;\n010056493; 010064993;\n010064793","NOMBREDM":"APU; CAMPANA 1; CAMPANA 2;\nCOMAINA 1; COMAINA 2;\nCOMAINA 3; HITO","TITULARDM":"BEDOYA TORRICO;  JORGE ARTURO; COMPA\u00d1IA MINERA AFRODITA S.A.; COMPA\u00d1IA MINERA HITO S.A.C.; DORATO PERU S.A.C.; METALES Y FINANZAS S.A.","RESPONSABLE":"COMPA\u00d1IA MINERA AFRODITA S.A.C.","GENERADOR":"NO IDENTIFICADO","ESTUDIOAMB":"PCPAM AFRODITA","N":"111"},"geometry":{"type":"Point","coordinates":[-78.56868,-4.03807]}},{"type":"Feature","properties":{"Name":"LABOR MINERA","description":"","OBJECTID":"112","PROVINCIA":"CONDORCANQUI","DISTRITO":"EL CENEPA","CUENCA":"CENEPA","ZONA":"17","EXUNIDAD":"CAMPANA","TIPO":"LABOR MINERA","SUBTIPO":"NO DETERMINADO","REGION":"AMAZONAS","ESTE":"770067","NORTE":"9553115","CODIGODM":"010211695; 010056393;\n010056293; 010056193;\n010056493; 010064993;\n010064793","NOMBREDM":"APU; CAMPANA 1; CAMPANA 2;\nCOMAINA 1; COMAINA 2;\nCOMAINA 3; HITO","TITULARDM":"BEDOYA TORRICO;  JORGE ARTURO; COMPA\u00d1IA MINERA AFRODITA S.A.; COMPA\u00d1IA MINERA HITO S.A.C.; DORATO PERU S.A.C.; METALES Y FINANZAS S.A.","RESPONSABLE":"COMPA\u00d1IA MINERA AFRODITA S.A.C.","GENERADOR":"NO IDENTIFICADO","ESTUDIOAMB":"PCPAM AFRODITA","N":"112"},"geometry":{"type":"Point","coordinates":[-78.5677,-4.03939]}},{"type":"Feature","properties":{"Name":"LABOR MINERA","description":"","OBJECTID":"113","PROVINCIA":"CONDORCANQUI","DISTRITO":"EL CENEPA","CUENCA":"CENEPA","ZONA":"17","EXUNIDAD":"CAMPANA","TIPO":"LABOR MINERA","SUBTIPO":"NO DETERMINADO","REGION":"AMAZONAS","ESTE":"770118","NORTE":"9553100","CODIGODM":"010211695; 010056393;\n010056293; 010056193;\n010056493; 010064993;\n010064793","NOMBREDM":"APU; CAMPANA 1; CAMPANA 2;\nCOMAINA 1; COMAINA 2;\nCOMAINA 3; HITO","TITULARDM":"BEDOYA TORRICO;  JORGE ARTURO; COMPA\u00d1IA MINERA AFRODITA S.A.; COMPA\u00d1IA MINERA HITO S.A.C.; DORATO PERU S.A.C.; METALES Y FINANZAS S.A.","RESPONSABLE":"COMPA\u00d1IA MINERA AFRODITA S.A.C.","GENERADOR":"NO IDENTIFICADO","ESTUDIOAMB":"PCPAM AFRODITA","N":"113"},"geometry":{"type":"Point","coordinates":[-78.56724,-4.03952]}},{"type":"Feature","properties":{"Name":"LABOR MINERA","description":"","OBJECTID":"114","PROVINCIA":"CONDORCANQUI","DISTRITO":"EL CENEPA","CUENCA":"CENEPA","ZONA":"17","EXUNIDAD":"CAMPANA","TIPO":"LABOR MINERA","SUBTIPO":"NO DETERMINADO","REGION":"AMAZONAS","ESTE":"770407","NORTE":"9553035","CODIGODM":"010211695; 010056393;\n010056293; 010056193;\n010056493; 010064993;\n010064793","NOMBREDM":"APU; CAMPANA 1; CAMPANA 2;\nCOMAINA 1; COMAINA 2;\nCOMAINA 3; HITO","TITULARDM":"BEDOYA TORRICO;  JORGE ARTURO; COMPA\u00d1IA MINERA AFRODITA S.A.; COMPA\u00d1IA MINERA HITO S.A.C.; DORATO PERU S.A.C.; METALES Y FINANZAS S.A.","RESPONSABLE":"COMPA\u00d1IA MINERA AFRODITA S.A.C.","GENERADOR":"NO IDENTIFICADO","ESTUDIOAMB":"PCPAM AFRODITA","N":"114"},"geometry":{"type":"Point","coordinates":[-78.56464,-4.0401]}},{"type":"Feature","properties":{"Name":"LABOR MINERA","description":"","OBJECTID":"115","PROVINCIA":"CONDORCANQUI","DISTRITO":"EL CENEPA","CUENCA":"CENEPA","ZONA":"17","EXUNIDAD":"CAMPANA","TIPO":"LABOR MINERA","SUBTIPO":"NO DETERMINADO","REGION":"AMAZONAS","ESTE":"770157","NORTE":"9553088","CODIGODM":"010211695; 010056393;\n010056293; 010056193;\n010056493; 010064993;\n010064793","NOMBREDM":"APU; CAMPANA 1; CAMPANA 2;\nCOMAINA 1; COMAINA 2;\nCOMAINA 3; HITO","TITULARDM":"BEDOYA TORRICO;  JORGE ARTURO; COMPA\u00d1IA MINERA AFRODITA S.A.; COMPA\u00d1IA MINERA HITO S.A.C.; DORATO PERU S.A.C.; METALES Y FINANZAS S.A.","RESPONSABLE":"COMPA\u00d1IA MINERA AFRODITA S.A.C.","GENERADOR":"NO IDENTIFICADO","ESTUDIOAMB":"PCPAM AFRODITA","N":"115"},"geometry":{"type":"Point","coordinates":[-78.56689,-4.03963]}},{"type":"Feature","properties":{"Name":"LABOR MINERA","description":"","OBJECTID":"116","PROVINCIA":"CONDORCANQUI","DISTRITO":"EL CENEPA","CUENCA":"CENEPA","ZONA":"17","EXUNIDAD":"CAMPANA","TIPO":"LABOR MINERA","SUBTIPO":"NO DETERMINADO","REGION":"AMAZONAS","ESTE":"770167","NORTE":"9553085","CODIGODM":"010211695; 010056393;\n010056293; 010056193;\n010056493; 010064993;\n010064793","NOMBREDM":"APU; CAMPANA 1; CAMPANA 2;\nCOMAINA 1; COMAINA 2;\nCOMAINA 3; HITO","TITULARDM":"BEDOYA TORRICO;  JORGE ARTURO; COMPA\u00d1IA MINERA AFRODITA S.A.; COMPA\u00d1IA MINERA HITO S.A.C.; DORATO PERU S.A.C.; METALES Y FINANZAS S.A.","RESPONSABLE":"COMPA\u00d1IA MINERA AFRODITA S.A.C.","GENERADOR":"NO IDENTIFICADO","ESTUDIOAMB":"PCPAM AFRODITA","N":"116"},"geometry":{"type":"Point","coordinates":[-78.5668,-4.03966]}},{"type":"Feature","properties":{"Name":"LABOR MINERA","description":"","OBJECTID":"117","PROVINCIA":"CONDORCANQUI","DISTRITO":"EL CENEPA","CUENCA":"CENEPA","ZONA":"17","EXUNIDAD":"CAMPANA","TIPO":"LABOR MINERA","SUBTIPO":"NO DETERMINADO","REGION":"AMAZONAS","ESTE":"770166","NORTE":"9553093","CODIGODM":"010211695; 010056393;\n010056293; 010056193;\n010056493; 010064993;\n010064793","NOMBREDM":"APU; CAMPANA 1; CAMPANA 2;\nCOMAINA 1; COMAINA 2;\nCOMAINA 3; HITO","TITULARDM":"BEDOYA TORRICO;  JORGE ARTURO; COMPA\u00d1IA MINERA AFRODITA S.A.; COMPA\u00d1IA MINERA HITO S.A.C.; DORATO PERU S.A.C.; METALES Y FINANZAS S.A.","RESPONSABLE":"COMPA\u00d1IA MINERA AFRODITA S.A.C.","GENERADOR":"NO IDENTIFICADO","ESTUDIOAMB":"PCPAM AFRODITA","N":"117"},"geometry":{"type":"Point","coordinates":[-78.56681,-4.03958]}},{"type":"Feature","properties":{"Name":"LABOR MINERA","description":"","OBJECTID":"118","PROVINCIA":"CONDORCANQUI","DISTRITO":"EL CENEPA","CUENCA":"CENEPA","ZONA":"17","EXUNIDAD":"CAMPANA","TIPO":"LABOR MINERA","SUBTIPO":"NO DETERMINADO","REGION":"AMAZONAS","ESTE":"770169","NORTE":"9553114","CODIGODM":"010211695; 010056393;\n010056293; 010056193;\n010056493; 010064993;\n010064793","NOMBREDM":"APU; CAMPANA 1; CAMPANA 2;\nCOMAINA 1; COMAINA 2;\nCOMAINA 3; HITO","TITULARDM":"BEDOYA TORRICO;  JORGE ARTURO; COMPA\u00d1IA MINERA AFRODITA S.A.; COMPA\u00d1IA MINERA HITO S.A.C.; DORATO PERU S.A.C.; METALES Y FINANZAS S.A.","RESPONSABLE":"COMPA\u00d1IA MINERA AFRODITA S.A.C.","GENERADOR":"NO IDENTIFICADO","ESTUDIOAMB":"PCPAM AFRODITA","N":"118"},"geometry":{"type":"Point","coordinates":[-78.56678,-4.03939]}},{"type":"Feature","properties":{"Name":"LABOR MINERA","description":"","OBJECTID":"119","PROVINCIA":"CONDORCANQUI","DISTRITO":"EL CENEPA","CUENCA":"CENEPA","ZONA":"17","EXUNIDAD":"CAMPANA","TIPO":"LABOR MINERA","SUBTIPO":"NO DETERMINADO","REGION":"AMAZONAS","ESTE":"770079","NORTE":"9553098","CODIGODM":"010211695; 010056393;\n010056293; 010056193;\n010056493; 010064993;\n010064793","NOMBREDM":"APU; CAMPANA 1; CAMPANA 2;\nCOMAINA 1; COMAINA 2;\nCOMAINA 3; HITO","TITULARDM":"BEDOYA TORRICO;  JORGE ARTURO; COMPA\u00d1IA MINERA AFRODITA S.A.; COMPA\u00d1IA MINERA HITO S.A.C.; DORATO PERU S.A.C.; METALES Y FINANZAS S.A.","RESPONSABLE":"COMPA\u00d1IA MINERA AFRODITA S.A.C.","GENERADOR":"NO IDENTIFICADO","ESTUDIOAMB":"PCPAM AFRODITA","N":"119"},"geometry":{"type":"Point","coordinates":[-78.56759,-4.03954]}},{"type":"Feature","properties":{"Name":"LABOR MINERA","description":"","OBJECTID":"120","PROVINCIA":"CONDORCANQUI","DISTRITO":"EL CENEPA","CUENCA":"CENEPA","ZONA":"17","EXUNIDAD":"CAMPANA","TIPO":"LABOR MINERA","SUBTIPO":"NO DETERMINADO","REGION":"AMAZONAS","ESTE":"769959","NORTE":"9553230","CODIGODM":"010211695; 010056393;\n010056293; 010056193;\n010056493; 010064993;\n010064793","NOMBREDM":"APU; CAMPANA 1; CAMPANA 2;\nCOMAINA 1; COMAINA 2;\nCOMAINA 3; HITO","TITULARDM":"BEDOYA TORRICO;  JORGE ARTURO; COMPA\u00d1IA MINERA AFRODITA S.A.; COMPA\u00d1IA MINERA HITO S.A.C.; DORATO PERU S.A.C.; METALES Y FINANZAS S.A.","RESPONSABLE":"COMPA\u00d1IA MINERA AFRODITA S.A.C.","GENERADOR":"NO IDENTIFICADO","ESTUDIOAMB":"PCPAM AFRODITA","N":"120"},"geometry":{"type":"Point","coordinates":[-78.56868,-4.03835]}},{"type":"Feature","properties":{"Name":"LABOR MINERA","description":"","OBJECTID":"121","PROVINCIA":"CONDORCANQUI","DISTRITO":"EL CENEPA","CUENCA":"CENEPA","ZONA":"17","EXUNIDAD":"CAMPANA","TIPO":"LABOR MINERA","SUBTIPO":"NO DETERMINADO","REGION":"AMAZONAS","ESTE":"770129","NORTE":"9553288","CODIGODM":"010211695; 010056393;\n010056293; 010056193;\n010056493; 010064993;\n010064793","NOMBREDM":"APU; CAMPANA 1; CAMPANA 2;\nCOMAINA 1; COMAINA 2;\nCOMAINA 3; HITO","TITULARDM":"BEDOYA TORRICO;  JORGE ARTURO; COMPA\u00d1IA MINERA AFRODITA S.A.; COMPA\u00d1IA MINERA HITO S.A.C.; DORATO PERU S.A.C.; METALES Y FINANZAS S.A.","RESPONSABLE":"COMPA\u00d1IA MINERA AFRODITA S.A.C.","GENERADOR":"NO IDENTIFICADO","ESTUDIOAMB":"PCPAM AFRODITA","N":"121"},"geometry":{"type":"Point","coordinates":[-78.56715,-4.03782]}},{"type":"Feature","properties":{"Name":"LABOR MINERA","description":"","OBJECTID":"122","PROVINCIA":"CONDORCANQUI","DISTRITO":"EL CENEPA","CUENCA":"CENEPA","ZONA":"17","EXUNIDAD":"CAMPANA","TIPO":"LABOR MINERA","SUBTIPO":"NO DETERMINADO","REGION":"AMAZONAS","ESTE":"770122","NORTE":"9553285","CODIGODM":"010211695; 010056393;\n010056293; 010056193;\n010056493; 010064993;\n010064793","NOMBREDM":"APU; CAMPANA 1; CAMPANA 2;\nCOMAINA 1; COMAINA 2;\nCOMAINA 3; HITO","TITULARDM":"BEDOYA TORRICO;  JORGE ARTURO; COMPA\u00d1IA MINERA AFRODITA S.A.; COMPA\u00d1IA MINERA HITO S.A.C.; DORATO PERU S.A.C.; METALES Y FINANZAS S.A.","RESPONSABLE":"COMPA\u00d1IA MINERA AFRODITA S.A.C.","GENERADOR":"NO IDENTIFICADO","ESTUDIOAMB":"PCPAM AFRODITA","N":"122"},"geometry":{"type":"Point","coordinates":[-78.56721,-4.03785]}},{"type":"Feature","properties":{"Name":"LABOR MINERA","description":"","OBJECTID":"123","PROVINCIA":"CONDORCANQUI","DISTRITO":"EL CENEPA","CUENCA":"CENEPA","ZONA":"17","EXUNIDAD":"CAMPANA","TIPO":"LABOR MINERA","SUBTIPO":"NO DETERMINADO","REGION":"AMAZONAS","ESTE":"770115","NORTE":"9553278","CODIGODM":"010211695; 010056393;\n010056293; 010056193;\n010056493; 010064993;\n010064793","NOMBREDM":"APU; CAMPANA 1; CAMPANA 2;\nCOMAINA 1; COMAINA 2;\nCOMAINA 3; HITO","TITULARDM":"BEDOYA TORRICO;  JORGE ARTURO; COMPA\u00d1IA MINERA AFRODITA S.A.; COMPA\u00d1IA MINERA HITO S.A.C.; DORATO PERU S.A.C.; METALES Y FINANZAS S.A.","RESPONSABLE":"COMPA\u00d1IA MINERA AFRODITA S.A.C.","GENERADOR":"NO IDENTIFICADO","ESTUDIOAMB":"PCPAM AFRODITA","N":"123"},"geometry":{"type":"Point","coordinates":[-78.56727,-4.03791]}},{"type":"Feature","properties":{"Name":"LABOR MINERA","description":"","OBJECTID":"124","PROVINCIA":"CONDORCANQUI","DISTRITO":"EL CENEPA","CUENCA":"CENEPA","ZONA":"17","EXUNIDAD":"CAMPANA","TIPO":"LABOR MINERA","SUBTIPO":"NO DETERMINADO","REGION":"AMAZONAS","ESTE":"770095","NORTE":"9553258","CODIGODM":"010211695; 010056393;\n010056293; 010056193;\n010056493; 010064993;\n010064793","NOMBREDM":"APU; CAMPANA 1; CAMPANA 2;\nCOMAINA 1; COMAINA 2;\nCOMAINA 3; HITO","TITULARDM":"BEDOYA TORRICO;  JORGE ARTURO; COMPA\u00d1IA MINERA AFRODITA S.A.; COMPA\u00d1IA MINERA HITO S.A.C.; DORATO PERU S.A.C.; METALES Y FINANZAS S.A.","RESPONSABLE":"COMPA\u00d1IA MINERA AFRODITA S.A.C.","GENERADOR":"NO IDENTIFICADO","ESTUDIOAMB":"PCPAM AFRODITA","N":"124"},"geometry":{"type":"Point","coordinates":[-78.56745,-4.03809]}},{"type":"Feature","properties":{"Name":"LABOR MINERA","description":"","OBJECTID":"125","PROVINCIA":"CONDORCANQUI","DISTRITO":"EL CENEPA","CUENCA":"CENEPA","ZONA":"17","EXUNIDAD":"CAMPANA","TIPO":"LABOR MINERA","SUBTIPO":"NO DETERMINADO","REGION":"AMAZONAS","ESTE":"770081","NORTE":"9553247","CODIGODM":"010211695; 010056393;\n010056293; 010056193;\n010056493; 010064993;\n010064793","NOMBREDM":"APU; CAMPANA 1; CAMPANA 2;\nCOMAINA 1; COMAINA 2;\nCOMAINA 3; HITO","TITULARDM":"BEDOYA TORRICO;  JORGE ARTURO; COMPA\u00d1IA MINERA AFRODITA S.A.; COMPA\u00d1IA MINERA HITO S.A.C.; DORATO PERU S.A.C.; METALES Y FINANZAS S.A.","RESPONSABLE":"COMPA\u00d1IA MINERA AFRODITA S.A.C.","GENERADOR":"NO IDENTIFICADO","ESTUDIOAMB":"PCPAM AFRODITA","N":"125"},"geometry":{"type":"Point","coordinates":[-78.56758,-4.03819]}},{"type":"Feature","properties":{"Name":"LABOR MINERA","description":"","OBJECTID":"126","PROVINCIA":"CONDORCANQUI","DISTRITO":"EL CENEPA","CUENCA":"CENEPA","ZONA":"17","EXUNIDAD":"CAMPANA","TIPO":"LABOR MINERA","SUBTIPO":"NO DETERMINADO","REGION":"AMAZONAS","ESTE":"770081","NORTE":"9553241","CODIGODM":"010211695; 010056393;\n010056293; 010056193;\n010056493; 010064993;\n010064793","NOMBREDM":"APU; CAMPANA 1; CAMPANA 2;\nCOMAINA 1; COMAINA 2;\nCOMAINA 3; HITO","TITULARDM":"BEDOYA TORRICO;  JORGE ARTURO; COMPA\u00d1IA MINERA AFRODITA S.A.; COMPA\u00d1IA MINERA HITO S.A.C.; DORATO PERU S.A.C.; METALES Y FINANZAS S.A.","RESPONSABLE":"COMPA\u00d1IA MINERA AFRODITA S.A.C.","GENERADOR":"NO IDENTIFICADO","ESTUDIOAMB":"PCPAM AFRODITA","N":"126"},"geometry":{"type":"Point","coordinates":[-78.56758,-4.03825]}},{"type":"Feature","properties":{"Name":"LABOR MINERA","description":"","OBJECTID":"127","PROVINCIA":"CONDORCANQUI","DISTRITO":"EL CENEPA","CUENCA":"CENEPA","ZONA":"17","EXUNIDAD":"CAMPANA","TIPO":"LABOR MINERA","SUBTIPO":"NO DETERMINADO","REGION":"AMAZONAS","ESTE":"770075","NORTE":"9553238","CODIGODM":"010211695; 010056393;\n010056293; 010056193;\n010056493; 010064993;\n010064793","NOMBREDM":"APU; CAMPANA 1; CAMPANA 2;\nCOMAINA 1; COMAINA 2;\nCOMAINA 3; HITO","TITULARDM":"BEDOYA TORRICO;  JORGE ARTURO; COMPA\u00d1IA MINERA AFRODITA S.A.; COMPA\u00d1IA MINERA HITO S.A.C.; DORATO PERU S.A.C.; METALES Y FINANZAS S.A.","RESPONSABLE":"COMPA\u00d1IA MINERA AFRODITA S.A.C.","GENERADOR":"NO IDENTIFICADO","ESTUDIOAMB":"PCPAM AFRODITA","N":"127"},"geometry":{"type":"Point","coordinates":[-78.56763,-4.03827]}},{"type":"Feature","properties":{"Name":"LABOR MINERA","description":"","OBJECTID":"128","PROVINCIA":"CONDORCANQUI","DISTRITO":"EL CENEPA","CUENCA":"CENEPA","ZONA":"17","EXUNIDAD":"CAMPANA","TIPO":"LABOR MINERA","SUBTIPO":"NO DETERMINADO","REGION":"AMAZONAS","ESTE":"770075","NORTE":"9553233","CODIGODM":"010211695; 010056393;\n010056293; 010056193;\n010056493; 010064993;\n010064793","NOMBREDM":"APU; CAMPANA 1; CAMPANA 2;\nCOMAINA 1; COMAINA 2;\nCOMAINA 3; HITO","TITULARDM":"BEDOYA TORRICO;  JORGE ARTURO; COMPA\u00d1IA MINERA AFRODITA S.A.; COMPA\u00d1IA MINERA HITO S.A.C.; DORATO PERU S.A.C.; METALES Y FINANZAS S.A.","RESPONSABLE":"COMPA\u00d1IA MINERA AFRODITA S.A.C.","GENERADOR":"NO IDENTIFICADO","ESTUDIOAMB":"PCPAM AFRODITA","N":"128"},"geometry":{"type":"Point","coordinates":[-78.56763,-4.03832]}},{"type":"Feature","properties":{"Name":"LABOR MINERA","description":"","OBJECTID":"129","PROVINCIA":"CONDORCANQUI","DISTRITO":"EL CENEPA","CUENCA":"CENEPA","ZONA":"17","EXUNIDAD":"CAMPANA","TIPO":"LABOR MINERA","SUBTIPO":"NO DETERMINADO","REGION":"AMAZONAS","ESTE":"770189","NORTE":"9553017","CODIGODM":"010211695; 010056393;\n010056293; 010056193;\n010056493; 010064993;\n010064793","NOMBREDM":"APU; CAMPANA 1; CAMPANA 2;\nCOMAINA 1; COMAINA 2;\nCOMAINA 3; HITO","TITULARDM":"BEDOYA TORRICO;  JORGE ARTURO; COMPA\u00d1IA MINERA AFRODITA S.A.; COMPA\u00d1IA MINERA HITO S.A.C.; DORATO PERU S.A.C.; METALES Y FINANZAS S.A.","RESPONSABLE":"COMPA\u00d1IA MINERA AFRODITA S.A.C.","GENERADOR":"NO IDENTIFICADO","ESTUDIOAMB":"PCPAM AFRODITA","N":"129"},"geometry":{"type":"Point","coordinates":[-78.5666,-4.04027]}},{"type":"Feature","properties":{"Name":"LABOR MINERA","description":"","OBJECTID":"130","PROVINCIA":"CONDORCANQUI","DISTRITO":"EL CENEPA","CUENCA":"CENEPA","ZONA":"17","EXUNIDAD":"CAMPANA","TIPO":"LABOR MINERA","SUBTIPO":"NO DETERMINADO","REGION":"AMAZONAS","ESTE":"770390","NORTE":"9553103","CODIGODM":"010211695; 010056393;\n010056293; 010056193;\n010056493; 010064993;\n010064793","NOMBREDM":"APU; CAMPANA 1; CAMPANA 2;\nCOMAINA 1; COMAINA 2;\nCOMAINA 3; HITO","TITULARDM":"BEDOYA TORRICO;  JORGE ARTURO; COMPA\u00d1IA MINERA AFRODITA S.A.; COMPA\u00d1IA MINERA HITO S.A.C.; DORATO PERU S.A.C.; METALES Y FINANZAS S.A.","RESPONSABLE":"COMPA\u00d1IA MINERA AFRODITA S.A.C.","GENERADOR":"NO IDENTIFICADO","ESTUDIOAMB":"PCPAM AFRODITA","N":"130"},"geometry":{"type":"Point","coordinates":[-78.56479,-4.03949]}},{"type":"Feature","properties":{"Name":"LABOR MINERA","description":"","OBJECTID":"131","PROVINCIA":"CONDORCANQUI","DISTRITO":"EL CENEPA","CUENCA":"CENEPA","ZONA":"17","EXUNIDAD":"CAMPANA","TIPO":"LABOR MINERA","SUBTIPO":"NO DETERMINADO","REGION":"AMAZONAS","ESTE":"770141","NORTE":"9553292","CODIGODM":"010211695; 010056393;\n010056293; 010056193;\n010056493; 010064993;\n010064793","NOMBREDM":"APU; CAMPANA 1; CAMPANA 2;\nCOMAINA 1; COMAINA 2;\nCOMAINA 3; HITO","TITULARDM":"BEDOYA TORRICO;  JORGE ARTURO; COMPA\u00d1IA MINERA AFRODITA S.A.; COMPA\u00d1IA MINERA HITO S.A.C.; DORATO PERU S.A.C.; METALES Y FINANZAS S.A.","RESPONSABLE":"COMPA\u00d1IA MINERA AFRODITA S.A.C.","GENERADOR":"NO IDENTIFICADO","ESTUDIOAMB":"PCPAM AFRODITA","N":"131"},"geometry":{"type":"Point","coordinates":[-78.56704,-4.03778]}},{"type":"Feature","properties":{"Name":"LABOR MINERA","description":"","OBJECTID":"132","PROVINCIA":"CONDORCANQUI","DISTRITO":"EL CENEPA","CUENCA":"CENEPA","ZONA":"17","EXUNIDAD":"CAMPANA","TIPO":"LABOR MINERA","SUBTIPO":"NO DETERMINADO","REGION":"AMAZONAS","ESTE":"770172","NORTE":"9552907","CODIGODM":"010211695; 010056393;\n010056293; 010056193;\n010056493; 010064993;\n010064793","NOMBREDM":"APU; CAMPANA 1; CAMPANA 2;\nCOMAINA 1; COMAINA 2;\nCOMAINA 3; HITO","TITULARDM":"BEDOYA TORRICO;  JORGE ARTURO; COMPA\u00d1IA MINERA AFRODITA S.A.; COMPA\u00d1IA MINERA HITO S.A.C.; DORATO PERU S.A.C.; METALES Y FINANZAS S.A.","RESPONSABLE":"COMPA\u00d1IA MINERA AFRODITA S.A.C.","GENERADOR":"NO IDENTIFICADO","ESTUDIOAMB":"PCPAM AFRODITA","N":"132"},"geometry":{"type":"Point","coordinates":[-78.56675,-4.04126]}},{"type":"Feature","properties":{"Name":"LABOR MINERA","description":"","OBJECTID":"133","PROVINCIA":"CONDORCANQUI","DISTRITO":"EL CENEPA","CUENCA":"CENEPA","ZONA":"17","EXUNIDAD":"CAMPANA","TIPO":"LABOR MINERA","SUBTIPO":"NO DETERMINADO","REGION":"AMAZONAS","ESTE":"770174","NORTE":"9552892","CODIGODM":"010211695; 010056393;\n010056293; 010056193;\n010056493; 010064993;\n010064793","NOMBREDM":"APU; CAMPANA 1; CAMPANA 2;\nCOMAINA 1; COMAINA 2;\nCOMAINA 3; HITO","TITULARDM":"BEDOYA TORRICO;  JORGE ARTURO; COMPA\u00d1IA MINERA AFRODITA S.A.; COMPA\u00d1IA MINERA HITO S.A.C.; DORATO PERU S.A.C.; METALES Y FINANZAS S.A.","RESPONSABLE":"COMPA\u00d1IA MINERA AFRODITA S.A.C.","GENERADOR":"NO IDENTIFICADO","ESTUDIOAMB":"PCPAM AFRODITA","N":"133"},"geometry":{"type":"Point","coordinates":[-78.56673,-4.0414]}},{"type":"Feature","properties":{"Name":"LABOR MINERA","description":"","OBJECTID":"134","PROVINCIA":"CONDORCANQUI","DISTRITO":"EL CENEPA","CUENCA":"CENEPA","ZONA":"17","EXUNIDAD":"CAMPANA","TIPO":"LABOR MINERA","SUBTIPO":"NO DETERMINADO","REGION":"AMAZONAS","ESTE":"770174","NORTE":"9552885","CODIGODM":"010211695; 010056393;\n010056293; 010056193;\n010056493; 010064993;\n010064793","NOMBREDM":"APU; CAMPANA 1; CAMPANA 2;\nCOMAINA 1; COMAINA 2;\nCOMAINA 3; HITO","TITULARDM":"BEDOYA TORRICO;  JORGE ARTURO; COMPA\u00d1IA MINERA AFRODITA S.A.; COMPA\u00d1IA MINERA HITO S.A.C.; DORATO PERU S.A.C.; METALES Y FINANZAS S.A.","RESPONSABLE":"COMPA\u00d1IA MINERA AFRODITA S.A.C.","GENERADOR":"NO IDENTIFICADO","ESTUDIOAMB":"PCPAM AFRODITA","N":"134"},"geometry":{"type":"Point","coordinates":[-78.56673,-4.04146]}},{"type":"Feature","properties":{"Name":"LABOR MINERA","description":"","OBJECTID":"135","PROVINCIA":"CONDORCANQUI","DISTRITO":"EL CENEPA","CUENCA":"CENEPA","ZONA":"17","EXUNIDAD":"CAMPANA","TIPO":"LABOR MINERA","SUBTIPO":"NO DETERMINADO","REGION":"AMAZONAS","ESTE":"770100","NORTE":"9553262","CODIGODM":"010211695; 010056393;\n010056293; 010056193;\n010056493; 010064993;\n010064793","NOMBREDM":"APU; CAMPANA 1; CAMPANA 2;\nCOMAINA 1; COMAINA 2;\nCOMAINA 3; HITO","TITULARDM":"BEDOYA TORRICO;  JORGE ARTURO; COMPA\u00d1IA MINERA AFRODITA S.A.; COMPA\u00d1IA MINERA HITO S.A.C.; DORATO PERU S.A.C.; METALES Y FINANZAS S.A.","RESPONSABLE":"COMPA\u00d1IA MINERA AFRODITA S.A.C.","GENERADOR":"NO IDENTIFICADO","ESTUDIOAMB":"PCPAM AFRODITA","N":"135"},"geometry":{"type":"Point","coordinates":[-78.56741,-4.03806]}},{"type":"Feature","properties":{"Name":"LABOR MINERA","description":"","OBJECTID":"136","PROVINCIA":"CONDORCANQUI","DISTRITO":"EL CENEPA","CUENCA":"CENEPA","ZONA":"17","EXUNIDAD":"CAMPANA","TIPO":"LABOR MINERA","SUBTIPO":"NO DETERMINADO","REGION":"AMAZONAS","ESTE":"770108","NORTE":"9553271","CODIGODM":"010211695; 010056393;\n010056293; 010056193;\n010056493; 010064993;\n010064793","NOMBREDM":"APU; CAMPANA 1; CAMPANA 2;\nCOMAINA 1; COMAINA 2;\nCOMAINA 3; HITO","TITULARDM":"BEDOYA TORRICO;  JORGE ARTURO; COMPA\u00d1IA MINERA AFRODITA S.A.; COMPA\u00d1IA MINERA HITO S.A.C.; DORATO PERU S.A.C.; METALES Y FINANZAS S.A.","RESPONSABLE":"COMPA\u00d1IA MINERA AFRODITA S.A.C.","GENERADOR":"NO IDENTIFICADO","ESTUDIOAMB":"PCPAM AFRODITA","N":"136"},"geometry":{"type":"Point","coordinates":[-78.56734,-4.03798]}},{"type":"Feature","properties":{"Name":"LABOR MINERA","description":"","OBJECTID":"137","PROVINCIA":"CONDORCANQUI","DISTRITO":"EL CENEPA","CUENCA":"CENEPA","ZONA":"17","EXUNIDAD":"CAMPANA","TIPO":"LABOR MINERA","SUBTIPO":"NO DETERMINADO","REGION":"AMAZONAS","ESTE":"770107","NORTE":"9553269","CODIGODM":"010211695; 010056393;\n010056293; 010056193;\n010056493; 010064993;\n010064793","NOMBREDM":"APU; CAMPANA 1; CAMPANA 2;\nCOMAINA 1; COMAINA 2;\nCOMAINA 3; HITO","TITULARDM":"BEDOYA TORRICO;  JORGE ARTURO; COMPA\u00d1IA MINERA AFRODITA S.A.; COMPA\u00d1IA MINERA HITO S.A.C.; DORATO PERU S.A.C.; METALES Y FINANZAS S.A.","RESPONSABLE":"COMPA\u00d1IA MINERA AFRODITA S.A.C.","GENERADOR":"NO IDENTIFICADO","ESTUDIOAMB":"PCPAM AFRODITA","N":"137"},"geometry":{"type":"Point","coordinates":[-78.56735,-4.03799]}},{"type":"Feature","properties":{"Name":"LABOR MINERA","description":"","OBJECTID":"138","PROVINCIA":"CONDORCANQUI","DISTRITO":"EL CENEPA","CUENCA":"CENEPA","ZONA":"17","EXUNIDAD":"CAMPANA","TIPO":"LABOR MINERA","SUBTIPO":"NO DETERMINADO","REGION":"AMAZONAS","ESTE":"770055","NORTE":"9553208","CODIGODM":"010211695; 010056393;\n010056293; 010056193;\n010056493; 010064993;\n010064793","NOMBREDM":"APU; CAMPANA 1; CAMPANA 2;\nCOMAINA 1; COMAINA 2;\nCOMAINA 3; HITO","TITULARDM":"BEDOYA TORRICO;  JORGE ARTURO; COMPA\u00d1IA MINERA AFRODITA S.A.; COMPA\u00d1IA MINERA HITO S.A.C.; DORATO PERU S.A.C.; METALES Y FINANZAS S.A.","RESPONSABLE":"COMPA\u00d1IA MINERA AFRODITA S.A.C.","GENERADOR":"NO IDENTIFICADO","ESTUDIOAMB":"PCPAM AFRODITA","N":"138"},"geometry":{"type":"Point","coordinates":[-78.56781,-4.03855]}},{"type":"Feature","properties":{"Name":"LABOR MINERA","description":"","OBJECTID":"139","PROVINCIA":"CONDORCANQUI","DISTRITO":"EL CENEPA","CUENCA":"CENEPA","ZONA":"17","EXUNIDAD":"CAMPANA","TIPO":"LABOR MINERA","SUBTIPO":"NO DETERMINADO","REGION":"AMAZONAS","ESTE":"770133","NORTE":"9552988","CODIGODM":"010211695; 010056393;\n010056293; 010056193;\n010056493; 010064993;\n010064793","NOMBREDM":"APU; CAMPANA 1; CAMPANA 2;\nCOMAINA 1; COMAINA 2;\nCOMAINA 3; HITO","TITULARDM":"BEDOYA TORRICO;  JORGE ARTURO; COMPA\u00d1IA MINERA AFRODITA S.A.; COMPA\u00d1IA MINERA HITO S.A.C.; DORATO PERU S.A.C.; METALES Y FINANZAS S.A.","RESPONSABLE":"COMPA\u00d1IA MINERA AFRODITA S.A.C.","GENERADOR":"NO IDENTIFICADO","ESTUDIOAMB":"PCPAM AFRODITA","N":"139"},"geometry":{"type":"Point","coordinates":[-78.5671,-4.04053]}},{"type":"Feature","properties":{"Name":"LABOR MINERA","description":"","OBJECTID":"140","PROVINCIA":"PALLASCA","DISTRITO":"BOLOGNESI","CUENCA":"SANTA","ZONA":"17","EXUNIDAD":"CUCHUPAYCO","TIPO":"LABOR MINERA","SUBTIPO":"BOCAMINA","REGION":"ANCASH","ESTE":"829883","NORTE":"9076041","CODIGODM":"030009199; 010214393;\n030009997","NOMBREDM":"CAMPANARIO DE ORO; MONTDOR MILAGROSA; SHONITA N\u00ba 4","TITULARDM":"ARANA QUEZADA;  GLORIA MARIA; CASABONNE RASSELET;  NUMA ALFREDO; MINERA EL INGENIO S.A.C.; NORMA MINES PERU S.A.; SARE LLAPO;  SANTOS CLAUDIO; S.M.R.L. CAMPANARIO DE ORO; TRUJILLO LOPEZ;  ALICIA GABRIELA;\nTRUJILLO LOPEZ;  EDUARDO FELIPE","RESPONSABLE":"---","GENERADOR":"NO IDENTIFICADO","ESTUDIOAMB":"---","N":"249"},"geometry":{"type":"Point","coordinates":[-78.00521,-8.34742]}},{"type":"Feature","properties":{"Name":"LABOR MINERA","description":"","OBJECTID":"141","PROVINCIA":"PALLASCA","DISTRITO":"BOLOGNESI","CUENCA":"SANTA","ZONA":"17","EXUNIDAD":"CUCHUPAYCO","TIPO":"LABOR MINERA","SUBTIPO":"BOCAMINA","REGION":"ANCASH","ESTE":"829707","NORTE":"9076028","CODIGODM":"010214393; 030009797","NOMBREDM":"MONTDOR MILAGROSA; SHONITA\nN\u00ba 3","TITULARDM":"ARANA QUEZADA;  GLORIA MARIA; BEAR CREEK MINING COMPANY SUCURSAL DEL PER\u00da; CASABONNE RASSELET;  NUMA ALFREDO; NORMA MINES PERU S.A.;\nTRUJILLO LOPEZ;  JACQUELINE MARGOT","RESPONSABLE":"---","GENERADOR":"NO IDENTIFICADO","ESTUDIOAMB":"---","N":"250"},"geometry":{"type":"Point","coordinates":[-78.0068,-8.34755]}},{"type":"Feature","properties":{"Name":"RESIDUO MINERO","description":"","OBJECTID":"142","PROVINCIA":"PALLASCA","DISTRITO":"TAUCA","CUENCA":"SANTA","ZONA":"17","EXUNIDAD":"LA GALGADA","TIPO":"RESIDUO MINERO","SUBTIPO":"DESMONTE DE MINA","REGION":"ANCASH","ESTE":"813417","NORTE":"9063252","CODIGODM":"520000811; 010453107;\n010304005; 09009634X01;\n0914844FX01; 09010061X01","NOMBREDM":"EL CHAI DE LA GALGADA; EL CHAI TAUCA; MOCHICA 6NB; MOCHICA- 2; REMATE; VIRGEN DEL CAMINO\nXVIII","TITULARDM":"COMPA\u00d1IA MINERA TRIPSA S.A.; MINERA CHIMU S.A.; MINERIA Y METALURGIA S.A.; PALPINA COMPA\u00d1IA MINERA S.A.C.; S.M.R.L. UN MUNDO NUEVO; SUCESION REMIGIO GONZALES GUTIERREZ","RESPONSABLE":"---","GENERADOR":"NO IDENTIFICADO","ESTUDIOAMB":"---","N":"443"},"geometry":{"type":"Point","coordinates":[-78.15372,-8.46406]}},{"type":"Feature","properties":{"Name":"INFRAESTRUCTURA","description":"","OBJECTID":"143","PROVINCIA":"PALLASCA","DISTRITO":"TAUCA","CUENCA":"SANTA","ZONA":"17","EXUNIDAD":"LA GALGADA","TIPO":"INFRAESTRUCTURA","SUBTIPO":"PLANTAS DE PROCESAMIENTO","REGION":"ANCASH","ESTE":"813324","NORTE":"9063351","CODIGODM":"520000811; 010453107;\n010304005; 09009634X01;\n09010061X01","NOMBREDM":"EL CHAI DE LA GALGADA; EL CHAI TAUCA; MOCHICA 6NB; MOCHICA- 2; VIRGEN DEL CAMINO XVIII","TITULARDM":"MINERA CHIMU S.A.; MINERIA Y METALURGIA S.A.; PALPINA COMPA\u00d1IA MINERA S.A.C.; S.M.R.L. UN MUNDO NUEVO; SUCESION REMIGIO GONZALES GUTIERREZ","RESPONSABLE":"---","GENERADOR":"NO IDENTIFICADO","ESTUDIOAMB":"---","N":"444"},"geometry":{"type":"Point","coordinates":[-78.15457,-8.46318]}},{"type":"Feature","properties":{"Name":"RESIDUO MINERO","description":"","OBJECTID":"144","PROVINCIA":"SANTA","DISTRITO":"MACATE","CUENCA":"SANTA","ZONA":"17","EXUNIDAD":"PLANTA DE FUNDICION CASA BLANCA","TIPO":"RESIDUO MINERO","SUBTIPO":"DESMONTE DE MINA","REGION":"ANCASH","ESTE":"819360","NORTE":"9041391","CODIGODM":"010105401","NOMBREDM":"GATITO 14","TITULARDM":"COMPA\u00d1IA MINERA AURIFERA DEL SUR S.A.","RESPONSABLE":"---","GENERADOR":"NO IDENTIFICADO","ESTUDIOAMB":"---","N":"834"},"geometry":{"type":"Point","coordinates":[-78.0983,-8.66115]}},{"type":"Feature","properties":{"Name":"RESIDUO MINERO","description":"","OBJECTID":"145","PROVINCIA":"SANTA","DISTRITO":"MACATE","CUENCA":"SANTA","ZONA":"17","EXUNIDAD":"PLANTA DE FUNDICION CASA BLANCA","TIPO":"RESIDUO MINERO","SUBTIPO":"ESCORIAS","REGION":"ANCASH","ESTE":"819430","NORTE":"9041356","CODIGODM":"010105401","NOMBREDM":"GATITO 14","TITULARDM":"COMPA\u00d1IA MINERA AURIFERA DEL SUR S.A.","RESPONSABLE":"---","GENERADOR":"NO IDENTIFICADO","ESTUDIOAMB":"---","N":"835"},"geometry":{"type":"Point","coordinates":[-78.09766,-8.66146]}},{"type":"Feature","properties":{"Name":"INFRAESTRUCTURA","description":"","OBJECTID":"146","PROVINCIA":"SANTA","DISTRITO":"MACATE","CUENCA":"SANTA","ZONA":"17","EXUNIDAD":"PLANTA DE FUNDICION CASA BLANCA","TIPO":"INFRAESTRUCTURA","SUBTIPO":"PLANTAS DE PROCESAMIENTO","REGION":"ANCASH","ESTE":"819390","NORTE":"9041375","CODIGODM":"010105401","NOMBREDM":"GATITO 14","TITULARDM":"COMPA\u00d1IA MINERA AURIFERA DEL SUR S.A.","RESPONSABLE":"---","GENERADOR":"NO IDENTIFICADO","ESTUDIOAMB":"---","N":"836"},"geometry":{"type":"Point","coordinates":[-78.09803,-8.66129]}},{"type":"Feature","properties":{"Name":"INFRAESTRUCTURA","description":"","OBJECTID":"147","PROVINCIA":"CAJABAMBA","DISTRITO":"CACHACHI","CUENCA":"CRISNEJAS","ZONA":"17","EXUNIDAD":"ALGAMARCA","TIPO":"INFRAESTRUCTURA","SUBTIPO":"CAMPAMENTOS, OFICINAS, TALLERES","REGION":"CAJAMARCA","ESTE":"803927","NORTE":"9157530","CODIGODM":"010002275U; 15008634X01","NOMBREDM":"ALGAMARCA; ALGAMARCA N\u00ba 1","TITULARDM":"ASARCO PERUVIAN EXPLORATION COMPANY;  SUCURSAL PERUANA; COMPA\u00d1IA MINERA ALGAMARCA S.A.; MINERA SULLIDEN SHAHUINDO S.A.C.; SOUTHERN\nPERU LIMITED;  SUCURSAL DEL PERU","RESPONSABLE":"---","GENERADOR":"NO IDENTIFICADO","ESTUDIOAMB":"---","N":"1576"},"geometry":{"type":"Point","coordinates":[-78.24559,-7.61288]}},{"type":"Feature","properties":{"Name":"INFRAESTRUCTURA","description":"","OBJECTID":"148","PROVINCIA":"CAJABAMBA","DISTRITO":"CACHACHI","CUENCA":"CRISNEJAS","ZONA":"17","EXUNIDAD":"ALGAMARCA","TIPO":"INFRAESTRUCTURA","SUBTIPO":"CAMPAMENTOS, OFICINAS, TALLERES","REGION":"CAJAMARCA","ESTE":"803803","NORTE":"9157531","CODIGODM":"15008634X01","NOMBREDM":"ALGAMARCA N\u00ba 1","TITULARDM":"ASARCO PERUVIAN EXPLORATION COMPANY;  SUCURSAL PERUANA; COMPA\u00d1IA MINERA ALGAMARCA S.A.; MINERA SULLIDEN SHAHUINDO S.A.C.; SOUTHERN\nPERU LIMITED;  SUCURSAL DEL PERU","RESPONSABLE":"---","GENERADOR":"NO IDENTIFICADO","ESTUDIOAMB":"---","N":"1577"},"geometry":{"type":"Point","coordinates":[-78.24671,-7.61288]}},{"type":"Feature","properties":{"Name":"INFRAESTRUCTURA","description":"","OBJECTID":"149","PROVINCIA":"CAJABAMBA","DISTRITO":"CACHACHI","CUENCA":"CRISNEJAS","ZONA":"17","EXUNIDAD":"ALGAMARCA","TIPO":"INFRAESTRUCTURA","SUBTIPO":"PLANTAS DE PROCESAMIENTO","REGION":"CAJAMARCA","ESTE":"803771","NORTE":"9157469","CODIGODM":"010000411L; 15008634X01","NOMBREDM":"ACUMULACION SHAHUINDO; ALGAMARCA N\u00ba 1","TITULARDM":"ASARCO PERUVIAN EXPLORATION COMPANY;  SUCURSAL PERUANA; COMPA\u00d1IA MINERA ALGAMARCA S.A.; MINERA SULLIDEN SHAHUINDO S.A.C.; SOUTHERN\nPERU LIMITED;  SUCURSAL DEL PERU","RESPONSABLE":"---","GENERADOR":"NO IDENTIFICADO","ESTUDIOAMB":"---","N":"1578"},"geometry":{"type":"Point","coordinates":[-78.247,-7.61344]}},{"type":"Feature","properties":{"Name":"RESIDUO MINERO","description":"","OBJECTID":"150","PROVINCIA":"CAJABAMBA","DISTRITO":"CACHACHI","CUENCA":"CRISNEJAS","ZONA":"17","EXUNIDAD":"ALGAMARCA","TIPO":"RESIDUO MINERO","SUBTIPO":"RELAVES","REGION":"CAJAMARCA","ESTE":"803682","NORTE":"9157441","CODIGODM":"010000411L; 15008634X01;\n010057997; 010017503","NOMBREDM":"ACUMULACION SHAHUINDO; ALGAMARCA N\u00ba 1; MICHE 24; SAN SIMON V","TITULARDM":"ASARCO PERUVIAN EXPLORATION COMPANY;  SUCURSAL PERUANA; COMPA\u00d1IA MINERA ALGAMARCA S.A.; COMPA\u00d1IA MINERA SAN SIMON S.A.; MINERA SULLIDEN SHAHUINDO S.A.C.; SOCIEDAD MINERA CAMBIOR PERU S.A.; SOUTHERN\nPERU LIMITED;  SUCURSAL DEL PERU","RESPONSABLE":"---","GENERADOR":"NO IDENTIFICADO","ESTUDIOAMB":"---","N":"1579"},"geometry":{"type":"Point","coordinates":[-78.2478,-7.6137]}},{"type":"Feature","properties":{"Name":"RESIDUO MINERO","description":"","OBJECTID":"151","PROVINCIA":"CAJABAMBA","DISTRITO":"CACHACHI","CUENCA":"CRISNEJAS","ZONA":"17","EXUNIDAD":"ALGAMARCA","TIPO":"RESIDUO MINERO","SUBTIPO":"RELAVES","REGION":"CAJAMARCA","ESTE":"803792","NORTE":"9157287","CODIGODM":"010000411L; 15008634X01","NOMBREDM":"ACUMULACION SHAHUINDO; ALGAMARCA N\u00ba 1","TITULARDM":"ASARCO PERUVIAN EXPLORATION COMPANY;  SUCURSAL PERUANA; COMPA\u00d1IA MINERA ALGAMARCA S.A.; MINERA SULLIDEN SHAHUINDO S.A.C.; SOUTHERN\nPERU LIMITED;  SUCURSAL DEL PERU","RESPONSABLE":"---","GENERADOR":"NO IDENTIFICADO","ESTUDIOAMB":"---","N":"1580"},"geometry":{"type":"Point","coordinates":[-78.2468,-7.61508]}},{"type":"Feature","properties":{"Name":"RESIDUO MINERO","description":"","OBJECTID":"152","PROVINCIA":"CAJABAMBA","DISTRITO":"CACHACHI","CUENCA":"CRISNEJAS","ZONA":"17","EXUNIDAD":"ALGAMARCA","TIPO":"RESIDUO MINERO","SUBTIPO":"RELAVES","REGION":"CAJAMARCA","ESTE":"803862","NORTE":"9157350","CODIGODM":"010000411L; 15008634X01","NOMBREDM":"ACUMULACION SHAHUINDO; ALGAMARCA N\u00ba 1","TITULARDM":"ASARCO PERUVIAN EXPLORATION COMPANY;  SUCURSAL PERUANA; COMPA\u00d1IA MINERA ALGAMARCA S.A.; MINERA SULLIDEN SHAHUINDO S.A.C.; SOUTHERN\nPERU LIMITED;  SUCURSAL DEL PERU","RESPONSABLE":"---","GENERADOR":"NO IDENTIFICADO","ESTUDIOAMB":"---","N":"1581"},"geometry":{"type":"Point","coordinates":[-78.24617,-7.61451]}},{"type":"Feature","properties":{"Name":"RESIDUO MINERO","description":"","OBJECTID":"153","PROVINCIA":"CAJABAMBA","DISTRITO":"CACHACHI","CUENCA":"CRISNEJAS","ZONA":"17","EXUNIDAD":"ALGAMARCA","TIPO":"RESIDUO MINERO","SUBTIPO":"RELAVES","REGION":"CAJAMARCA","ESTE":"802503","NORTE":"9157823","CODIGODM":"010002275U; 15008634X01;\n010002892; 010165604","NOMBREDM":"ALGAMARCA; ALGAMARCA N\u00ba 1; MALVAS 92; MARIA ANGOLA 37","TITULARDM":"ALTA TECNOLOGIA E INVERSION MINERA Y METALURGICA S.A.; ASARCO PERUVIAN EXPLORATION COMPANY;  SUCURSAL PERUANA; COMPA\u00d1IA DE EXPLORACIONES ALGAMARCA S.A.; COMPA\u00d1IA MINERA ALGAMARCA S.A.; MINERA SULLIDEN SHAHUINDO S.A.C.; SOCIEDAD MINERA CAMBIOR PERU S.A.","RESPONSABLE":"---","GENERADOR":"NO IDENTIFICADO","ESTUDIOAMB":"---","N":"1582"},"geometry":{"type":"Point","coordinates":[-78.2585,-7.61032]}},{"type":"Feature","properties":{"Name":"RESIDUO MINERO","description":"","OBJECTID":"154","PROVINCIA":"CAJABAMBA","DISTRITO":"CACHACHI","CUENCA":"CRISNEJAS","ZONA":"17","EXUNIDAD":"ALGAMARCA","TIPO":"RESIDUO MINERO","SUBTIPO":"RELAVES","REGION":"CAJAMARCA","ESTE":"802669","NORTE":"9157841","CODIGODM":"010002275U; 15008634X01;\n010002892; 010165604","NOMBREDM":"ALGAMARCA; ALGAMARCA N\u00ba 1; MALVAS 92; MARIA ANGOLA 37","TITULARDM":"ALTA TECNOLOGIA E INVERSION MINERA Y METALURGICA S.A.; ASARCO PERUVIAN EXPLORATION COMPANY;  SUCURSAL PERUANA; COMPA\u00d1IA DE EXPLORACIONES ALGAMARCA S.A.; COMPA\u00d1IA MINERA ALGAMARCA S.A.; MINERA SULLIDEN SHAHUINDO S.A.C.; SOCIEDAD MINERA CAMBIOR PERU S.A.","RESPONSABLE":"---","GENERADOR":"NO IDENTIFICADO","ESTUDIOAMB":"---","N":"1583"},"geometry":{"type":"Point","coordinates":[-78.257,-7.61014]}},{"type":"Feature","properties":{"Name":"INFRAESTRUCTURA","description":"","OBJECTID":"155","PROVINCIA":"CAJABAMBA","DISTRITO":"CACHACHI","CUENCA":"CRISNEJAS","ZONA":"17","EXUNIDAD":"ALGAMARCA","TIPO":"INFRAESTRUCTURA","SUBTIPO":"CAMPAMENTOS, OFICINAS, TALLERES","REGION":"CAJAMARCA","ESTE":"803887","NORTE":"9157574","CODIGODM":"010002275U; 15008634X01","NOMBREDM":"ALGAMARCA; ALGAMARCA N\u00ba 1","TITULARDM":"ASARCO PERUVIAN EXPLORATION COMPANY;  SUCURSAL PERUANA; COMPA\u00d1IA MINERA ALGAMARCA S.A.; MINERA SULLIDEN SHAHUINDO S.A.C.; SOUTHERN\nPERU LIMITED;  SUCURSAL DEL PERU","RESPONSABLE":"---","GENERADOR":"NO IDENTIFICADO","ESTUDIOAMB":"---","N":"1584"},"geometry":{"type":"Point","coordinates":[-78.24595,-7.61249]}},{"type":"Feature","properties":{"Name":"RESIDUO MINERO","description":"","OBJECTID":"172","PROVINCIA":"HUALGAYOC","DISTRITO":"HUALGAYOC","CUENCA":"LLAUCANO","ZONA":"17","EXUNIDAD":"BARRAGAN (LLAUCANO)","TIPO":"RESIDUO MINERO","SUBTIPO":"DESMONTE DE MINA","REGION":"CAJAMARCA","ESTE":"764587","NORTE":"9252502","CODIGODM":"010035401; 010236794","NOMBREDM":"LA TRANCA A; SAN JOSE N\u00ba 1","TITULARDM":"COMPA\u00d1IA DE MINAS BUENAVENTURA S.A.A.; COMPA\u00d1IA MINERA COLQUIRRUMI S.A.; GOLD FIELDS LA CIMA S.A.A.; VIDALON PAREJA;  JAIME DAVID","RESPONSABLE":"COMPA\u00d1IA MINERA COLQUIRRUMI\nS.A.","GENERADOR":"NO IDENTIFICADO","ESTUDIOAMB":"PCPAM DE LA UNIDAD MINERA COLQUIRRUMI -\"HUALGAYOC\"","N":"1601"},"geometry":{"type":"Point","coordinates":[-78.60639,-6.75665]}},{"type":"Feature","properties":{"Name":"RESIDUO MINERO","description":"","OBJECTID":"173","PROVINCIA":"HUALGAYOC","DISTRITO":"HUALGAYOC","CUENCA":"LLAUCANO","ZONA":"17","EXUNIDAD":"BARRAGAN (LLAUCANO)","TIPO":"RESIDUO MINERO","SUBTIPO":"DESMONTE DE MINA","REGION":"CAJAMARCA","ESTE":"764619","NORTE":"9252512","CODIGODM":"010035401; 010236794","NOMBREDM":"LA TRANCA A; SAN JOSE N\u00ba 1","TITULARDM":"COMPA\u00d1IA DE MINAS BUENAVENTURA S.A.A.; COMPA\u00d1IA MINERA COLQUIRRUMI S.A.; GOLD FIELDS LA CIMA S.A.A.; VIDALON PAREJA;  JAIME DAVID","RESPONSABLE":"COMPA\u00d1IA MINERA COLQUIRRUMI\nS.A.","GENERADOR":"NO IDENTIFICADO","ESTUDIOAMB":"PCPAM DE LA UNIDAD MINERA COLQUIRRUMI -\"HUALGAYOC\"","N":"1602"},"geometry":{"type":"Point","coordinates":[-78.6061,-6.75656]}},{"type":"Feature","properties":{"Name":"RESIDUO MINERO","description":"","OBJECTID":"174","PROVINCIA":"HUALGAYOC","DISTRITO":"HUALGAYOC","CUENCA":"LLAUCANO","ZONA":"17","EXUNIDAD":"BARRAGAN (LLAUCANO)","TIPO":"RESIDUO MINERO","SUBTIPO":"DESMONTE DE MINA","REGION":"CAJAMARCA","ESTE":"764663","NORTE":"9251848","CODIGODM":"0302212BX01; 010236794","NOMBREDM":"LAGO AL-2 (FRACCIONADO); SAN JOSE N\u00ba 1","TITULARDM":"COMPA\u00d1IA MINERA LOS MANTOS S.A.; GOLD FIELDS LA CIMA S.A.A.; VIDALON PAREJA;  JAIME DAVID","RESPONSABLE":"COMPA\u00d1IA MINERA COLQUIRRUMI\nS.A.","GENERADOR":"NO IDENTIFICADO","ESTUDIOAMB":"PCPAM DE LA UNIDAD MINERA COLQUIRRUMI -\"HUALGAYOC\"","N":"1603"},"geometry":{"type":"Point","coordinates":[-78.60567,-6.76256]}},{"type":"Feature","properties":{"Name":"LABOR MINERA","description":"","OBJECTID":"175","PROVINCIA":"HUALGAYOC","DISTRITO":"HUALGAYOC","CUENCA":"LLAUCANO","ZONA":"17","EXUNIDAD":"BARRAGAN (LLAUCANO)","TIPO":"LABOR MINERA","SUBTIPO":"BOCAMINA","REGION":"CAJAMARCA","ESTE":"764480","NORTE":"9251984","CODIGODM":"03002123X01; 010236794","NOMBREDM":"GUADALUPE N\u00ba 1; SAN JOSE N\u00ba 1","TITULARDM":"COMPA\u00d1IA MINERA COLQUIRRUMI S.A.; GOLD FIELDS LA CIMA S.A.A.; S.M.R.L. BENAVIDES N\u00ba1 DE CAJAMARCA; VIDALON PAREJA;  JAIME DAVID","RESPONSABLE":"COMPA\u00d1IA MINERA COLQUIRRUMI\nS.A.","GENERADOR":"NO IDENTIFICADO","ESTUDIOAMB":"PCPAM DE LA UNIDAD MINERA COLQUIRRUMI -\"HUALGAYOC\"","N":"1604"},"geometry":{"type":"Point","coordinates":[-78.60733,-6.76134]}},{"type":"Feature","properties":{"Name":"LABOR MINERA","description":"","OBJECTID":"176","PROVINCIA":"HUALGAYOC","DISTRITO":"HUALGAYOC","CUENCA":"LLAUCANO","ZONA":"17","EXUNIDAD":"BARRAGAN (LLAUCANO)","TIPO":"LABOR MINERA","SUBTIPO":"BOCAMINA","REGION":"CAJAMARCA","ESTE":"764570","NORTE":"9251894","CODIGODM":"03000333Y01; 010009372U;\n010236794","NOMBREDM":"ROMA; SAN AGUSTIN N\u00ba1; SAN JOSE N\u00ba 1","TITULARDM":"COMPA\u00d1IA MINERA COLQUIRRUMI S.A.; COMPA\u00d1IA MINERA NUEVA ITALIA S.A.; GOLD FIELDS LA CIMA S.A.A.; VIDALON PAREJA;  JAIME DAVID","RESPONSABLE":"COMPA\u00d1IA MINERA COLQUIRRUMI\nS.A.","GENERADOR":"NO IDENTIFICADO","ESTUDIOAMB":"PCPAM DE LA UNIDAD MINERA COLQUIRRUMI -\"HUALGAYOC\"","N":"1605"},"geometry":{"type":"Point","coordinates":[-78.60651,-6.76215]}},{"type":"Feature","properties":{"Name":"LABOR MINERA","description":"","OBJECTID":"177","PROVINCIA":"HUALGAYOC","DISTRITO":"HUALGAYOC","CUENCA":"LLAUCANO","ZONA":"17","EXUNIDAD":"BARRAGAN (LLAUCANO)","TIPO":"LABOR MINERA","SUBTIPO":"BOCAMINA","REGION":"CAJAMARCA","ESTE":"764581","NORTE":"9251902","CODIGODM":"03000333Y01; 010009372U;\n010236794","NOMBREDM":"ROMA; SAN AGUSTIN N\u00ba1; SAN JOSE N\u00ba 1","TITULARDM":"COMPA\u00d1IA MINERA COLQUIRRUMI S.A.; COMPA\u00d1IA MINERA NUEVA ITALIA S.A.; GOLD FIELDS LA CIMA S.A.A.; VIDALON PAREJA;  JAIME DAVID","RESPONSABLE":"COMPA\u00d1IA MINERA COLQUIRRUMI\nS.A.","GENERADOR":"NO IDENTIFICADO","ESTUDIOAMB":"PCPAM DE LA UNIDAD MINERA COLQUIRRUMI -\"HUALGAYOC\"","N":"1606"},"geometry":{"type":"Point","coordinates":[-78.60641,-6.76207]}},{"type":"Feature","properties":{"Name":"LABOR MINERA","description":"","OBJECTID":"178","PROVINCIA":"HUALGAYOC","DISTRITO":"HUALGAYOC","CUENCA":"LLAUCANO","ZONA":"17","EXUNIDAD":"BARRAGAN (LLAUCANO)","TIPO":"LABOR MINERA","SUBTIPO":"BOCAMINA","REGION":"CAJAMARCA","ESTE":"764713","NORTE":"9252142","CODIGODM":"010236794; 03000175Y01;\n010035801","NOMBREDM":"SAN JOSE N\u00ba 1; SANTA TERESA; SANTA TERESA A","TITULARDM":"COMPA\u00d1IA DE MINAS BUENAVENTURA S.A.A.; COMPA\u00d1IA MINERA COLQUIRRUMI S.A.; DEL CARMEN OMONTES;  JOSE; GOLD FIELDS LA CIMA S.A.A.; SANTOLALLA IGLESIAS;  ELOY; VIDALON PAREJA;  JAIME DAVID","RESPONSABLE":"COMPA\u00d1IA MINERA COLQUIRRUMI\nS.A.","GENERADOR":"NO IDENTIFICADO","ESTUDIOAMB":"PCPAM DE LA UNIDAD MINERA COLQUIRRUMI -\"HUALGAYOC\"","N":"1607"},"geometry":{"type":"Point","coordinates":[-78.60523,-6.7599]}},{"type":"Feature","properties":{"Name":"LABOR MINERA","description":"","OBJECTID":"179","PROVINCIA":"HUALGAYOC","DISTRITO":"HUALGAYOC","CUENCA":"LLAUCANO","ZONA":"17","EXUNIDAD":"BARRAGAN (LLAUCANO)","TIPO":"LABOR MINERA","SUBTIPO":"BOCAMINA","REGION":"CAJAMARCA","ESTE":"764743","NORTE":"9252148","CODIGODM":"010236794; 03000175Y01;\n010035801","NOMBREDM":"SAN JOSE N\u00ba 1; SANTA TERESA; SANTA TERESA A","TITULARDM":"COMPA\u00d1IA DE MINAS BUENAVENTURA S.A.A.; COMPA\u00d1IA MINERA COLQUIRRUMI S.A.; DEL CARMEN OMONTES;  JOSE; GOLD FIELDS LA CIMA S.A.A.; SANTOLALLA IGLESIAS;  ELOY; VIDALON PAREJA;  JAIME DAVID","RESPONSABLE":"COMPA\u00d1IA MINERA COLQUIRRUMI\nS.A.","GENERADOR":"NO IDENTIFICADO","ESTUDIOAMB":"PCPAM DE LA UNIDAD MINERA COLQUIRRUMI -\"HUALGAYOC\"","N":"1608"},"geometry":{"type":"Point","coordinates":[-78.60496,-6.75984]}},{"type":"Feature","properties":{"Name":"LABOR MINERA","description":"","OBJECTID":"223","PROVINCIA":"HUALGAYOC","DISTRITO":"HUALGAYOC","CUENCA":"LLAUCANO","ZONA":"17","EXUNIDAD":"BARRAGAN (LLAUCANO)","TIPO":"LABOR MINERA","SUBTIPO":"CHIMENEA","REGION":"CAJAMARCA","ESTE":"764764","NORTE":"9252193","CODIGODM":"03000560X01; 010236794;\n03000175Y01","NOMBREDM":"EL ESLABON; SAN JOSE N\u00ba 1; SANTA TERESA","TITULARDM":"COMPA\u00d1IA MINERA COLQUIRRUMI S.A.; CONSOLIDADA DE HUALGAYOC S.A.; DEL CARMEN OMONTES;  JOSE; GOLD FIELDS LA CIMA S.A.A.; SANTOLALLA IGLESIAS; ELOY; VIDALON PAREJA;  JAIME DAVID","RESPONSABLE":"COMPA\u00d1IA MINERA COLQUIRRUMI\nS.A.","GENERADOR":"NO IDENTIFICADO","ESTUDIOAMB":"PCPAM DE LA UNIDAD MINERA COLQUIRRUMI -\"HUALGAYOC\"","N":"1652"},"geometry":{"type":"Point","coordinates":[-78.60477,-6.75943]}},{"type":"Feature","properties":{"Name":"LABOR MINERA","description":"","OBJECTID":"224","PROVINCIA":"HUALGAYOC","DISTRITO":"HUALGAYOC","CUENCA":"LLAUCANO","ZONA":"17","EXUNIDAD":"BARRAGAN (LLAUCANO)","TIPO":"LABOR MINERA","SUBTIPO":"BOCAMINA","REGION":"CAJAMARCA","ESTE":"764949","NORTE":"9252397","CODIGODM":"03001045X01; 010009372U;\n010236794","NOMBREDM":"CAJAMARCA; SAN AGUSTIN N\u00ba1; SAN JOSE N\u00ba 1","TITULARDM":"COMPA\u00d1IA MINERA COLQUIRRUMI S.A.; CONSOLIDADA DE HUALGAYOC S.A.; GOLD FIELDS LA CIMA S.A.A.; VIDALON PAREJA;  JAIME DAVID","RESPONSABLE":"COMPA\u00d1IA MINERA COLQUIRRUMI\nS.A.","GENERADOR":"NO IDENTIFICADO","ESTUDIOAMB":"PCPAM DE LA UNIDAD MINERA COLQUIRRUMI -\"HUALGAYOC\"","N":"1653"},"geometry":{"type":"Point","coordinates":[-78.60311,-6.75758]}},{"type":"Feature","properties":{"Name":"RESIDUO MINERO","description":"","OBJECTID":"225","PROVINCIA":"HUALGAYOC","DISTRITO":"HUALGAYOC","CUENCA":"LLAUCANO","ZONA":"17","EXUNIDAD":"BARRAGAN (LLAUCANO)","TIPO":"RESIDUO MINERO","SUBTIPO":"DESMONTE DE MINA","REGION":"CAJAMARCA","ESTE":"764949","NORTE":"9252397","CODIGODM":"03001045X01; 010009372U;\n010236794","NOMBREDM":"CAJAMARCA; SAN AGUSTIN N\u00ba1; SAN JOSE N\u00ba 1","TITULARDM":"COMPA\u00d1IA MINERA COLQUIRRUMI S.A.; CONSOLIDADA DE HUALGAYOC S.A.; GOLD FIELDS LA CIMA S.A.A.; VIDALON PAREJA;  JAIME DAVID","RESPONSABLE":"COMPA\u00d1IA MINERA COLQUIRRUMI\nS.A.","GENERADOR":"NO IDENTIFICADO","ESTUDIOAMB":"PCPAM DE LA UNIDAD MINERA COLQUIRRUMI -\"HUALGAYOC\"","N":"1654"},"geometry":{"type":"Point","coordinates":[-78.60311,-6.75758]}},{"type":"Feature","properties":{"Name":"RESIDUO MINERO","description":"","OBJECTID":"226","PROVINCIA":"HUALGAYOC","DISTRITO":"HUALGAYOC","CUENCA":"LLAUCANO","ZONA":"17","EXUNIDAD":"BARRAGAN (LLAUCANO)","TIPO":"RESIDUO MINERO","SUBTIPO":"DESMONTE DE MINA","REGION":"CAJAMARCA","ESTE":"764506","NORTE":"9251997","CODIGODM":"03002123X01; 010236794","NOMBREDM":"GUADALUPE N\u00ba 1; SAN JOSE N\u00ba 1","TITULARDM":"COMPA\u00d1IA MINERA COLQUIRRUMI S.A.; GOLD FIELDS LA CIMA S.A.A.; S.M.R.L. BENAVIDES N\u00ba1 DE CAJAMARCA; VIDALON PAREJA;  JAIME DAVID","RESPONSABLE":"COMPA\u00d1IA MINERA COLQUIRRUMI\nS.A.","GENERADOR":"NO IDENTIFICADO","ESTUDIOAMB":"PCPAM DE LA UNIDAD MINERA COLQUIRRUMI -\"HUALGAYOC\"","N":"1655"},"geometry":{"type":"Point","coordinates":[-78.6071,-6.76122]}},{"type":"Feature","properties":{"Name":"RESIDUO MINERO","description":"","OBJECTID":"227","PROVINCIA":"HUALGAYOC","DISTRITO":"HUALGAYOC","CUENCA":"LLAUCANO","ZONA":"17","EXUNIDAD":"BARRAGAN (LLAUCANO)","TIPO":"RESIDUO MINERO","SUBTIPO":"DESMONTE DE MINA","REGION":"CAJAMARCA","ESTE":"764502","NORTE":"9251980","CODIGODM":"0302212BX01; 010236794","NOMBREDM":"LAGO AL-2 (FRACCIONADO); SAN JOSE N\u00ba 1","TITULARDM":"COMPA\u00d1IA MINERA LOS MANTOS S.A.; GOLD FIELDS LA CIMA S.A.A.; VIDALON PAREJA;  JAIME DAVID","RESPONSABLE":"COMPA\u00d1IA MINERA COLQUIRRUMI\nS.A.","GENERADOR":"NO IDENTIFICADO","ESTUDIOAMB":"PCPAM DE LA UNIDAD MINERA COLQUIRRUMI -\"HUALGAYOC\"","N":"1656"},"geometry":{"type":"Point","coordinates":[-78.60713,-6.76137]}},{"type":"Feature","properties":{"Name":"RESIDUO MINERO","description":"","OBJECTID":"228","PROVINCIA":"HUALGAYOC","DISTRITO":"HUALGAYOC","CUENCA":"LLAUCANO","ZONA":"17","EXUNIDAD":"BARRAGAN (LLAUCANO)","TIPO":"RESIDUO MINERO","SUBTIPO":"DESMONTE DE MINA","REGION":"CAJAMARCA","ESTE":"764473","NORTE":"9251970","CODIGODM":"03002123X01; 010236794","NOMBREDM":"GUADALUPE N\u00ba 1; SAN JOSE N\u00ba 1","TITULARDM":"COMPA\u00d1IA MINERA COLQUIRRUMI S.A.; GOLD FIELDS LA CIMA S.A.A.; S.M.R.L. BENAVIDES N\u00ba1 DE CAJAMARCA; VIDALON PAREJA;  JAIME DAVID","RESPONSABLE":"COMPA\u00d1IA MINERA COLQUIRRUMI\nS.A.","GENERADOR":"NO IDENTIFICADO","ESTUDIOAMB":"PCPAM DE LA UNIDAD MINERA COLQUIRRUMI -\"HUALGAYOC\"","N":"1657"},"geometry":{"type":"Point","coordinates":[-78.60739,-6.76146]}},{"type":"Feature","properties":{"Name":"LABOR MINERA","description":"","OBJECTID":"229","PROVINCIA":"HUALGAYOC","DISTRITO":"HUALGAYOC","CUENCA":"LLAUCANO","ZONA":"17","EXUNIDAD":"BARRAGAN (LLAUCANO)","TIPO":"LABOR MINERA","SUBTIPO":"BOCAMINA","REGION":"CAJAMARCA","ESTE":"764765","NORTE":"9252568","CODIGODM":"10236794;","NOMBREDM":"SAN JOSE N\u00ba 1;","TITULARDM":"GOLD FIELDS LA CIMA S.A.;","RESPONSABLE":"---","GENERADOR":"NO IDENTIFICADO","ESTUDIOAMB":"---","N":"1658"},"geometry":{"type":"Point","coordinates":[-78.60478,-6.75605]}},{"type":"Feature","properties":{"Name":"RESIDUO MINERO","description":"","OBJECTID":"230","PROVINCIA":"HUALGAYOC","DISTRITO":"HUALGAYOC","CUENCA":"LLAUCANO","ZONA":"17","EXUNIDAD":"BELLA UNION","TIPO":"RESIDUO MINERO","SUBTIPO":"DESMONTE DE MINA","REGION":"CAJAMARCA","ESTE":"758982","NORTE":"9254775","CODIGODM":"010000184U; 03000834X01;\n010048298","NOMBREDM":"CAROLINA N\u00ba1; TRES MOSQUETEROS; VALLE SINCHAO 3","TITULARDM":"CORPORACION MINERA SINCHAO S.A.C.; EL MISTI GOLD S.A.; EL MISTI GOLD  S.A.C.; GOLD FIELDS LA CIMA S.A.; KORI ANTA S.A.C.; S.M.R.L. TRES MOSQUETEROS DE CAJAMARCA; SOCIEDAD MINERA CORONA S.A.; SOCIEDAD MINERA LA CIMA\nS.A.; SOUTHERN LEGACY PERU S.A.C.","RESPONSABLE":"SOCIEDAD MINERA CORONA S.A.","GENERADOR":"NO IDENTIFICADO","ESTUDIOAMB":"PCM DE LA EX UNIDAD DE PRODUCCI\u00d3N CAROLINA N\u00b01","N":"1659"},"geometry":{"type":"Point","coordinates":[-78.65716,-6.73635]}},{"type":"Feature","properties":{"Name":"LABOR MINERA","description":"","OBJECTID":"180","PROVINCIA":"HUALGAYOC","DISTRITO":"HUALGAYOC","CUENCA":"LLAUCANO","ZONA":"17","EXUNIDAD":"BARRAGAN (LLAUCANO)","TIPO":"LABOR MINERA","SUBTIPO":"BOCAMINA","REGION":"CAJAMARCA","ESTE":"764811","NORTE":"9252152","CODIGODM":"03000384Y01; 010009372U;\n010236794","NOMBREDM":"EL OSO; SAN AGUSTIN N\u00ba1; SAN JOSE N\u00ba 1","TITULARDM":"COMPA\u00d1IA MINERA COLQUIRRUMI S.A.; CONSOLIDADA DE HUALGAYOC S.A.; GOLD FIELDS LA CIMA S.A.A.; VIDALON PAREJA;  JAIME DAVID","RESPONSABLE":"COMPA\u00d1IA MINERA COLQUIRRUMI\nS.A.","GENERADOR":"NO IDENTIFICADO","ESTUDIOAMB":"PCPAM DE LA UNIDAD MINERA COLQUIRRUMI -\"HUALGAYOC\"","N":"1609"},"geometry":{"type":"Point","coordinates":[-78.60435,-6.7598]}},{"type":"Feature","properties":{"Name":"LABOR MINERA","description":"","OBJECTID":"181","PROVINCIA":"HUALGAYOC","DISTRITO":"HUALGAYOC","CUENCA":"LLAUCANO","ZONA":"17","EXUNIDAD":"BARRAGAN (LLAUCANO)","TIPO":"LABOR MINERA","SUBTIPO":"BOCAMINA","REGION":"CAJAMARCA","ESTE":"764807","NORTE":"9252069","CODIGODM":"010236794; 03000175Y01;\n010035801","NOMBREDM":"SAN JOSE N\u00ba 1; SANTA TERESA; SANTA TERESA A","TITULARDM":"COMPA\u00d1IA DE MINAS BUENAVENTURA S.A.A.; COMPA\u00d1IA MINERA COLQUIRRUMI S.A.; DEL CARMEN OMONTES;  JOSE; GOLD FIELDS LA CIMA S.A.A.; SANTOLALLA IGLESIAS;  ELOY; VIDALON PAREJA;  JAIME DAVID","RESPONSABLE":"COMPA\u00d1IA MINERA COLQUIRRUMI\nS.A.","GENERADOR":"NO IDENTIFICADO","ESTUDIOAMB":"PCPAM DE LA UNIDAD MINERA COLQUIRRUMI -\"HUALGAYOC\"","N":"1610"},"geometry":{"type":"Point","coordinates":[-78.60438,-6.76055]}},{"type":"Feature","properties":{"Name":"LABOR MINERA","description":"","OBJECTID":"182","PROVINCIA":"HUALGAYOC","DISTRITO":"HUALGAYOC","CUENCA":"LLAUCANO","ZONA":"17","EXUNIDAD":"BARRAGAN (LLAUCANO)","TIPO":"LABOR MINERA","SUBTIPO":"CHIMENEA","REGION":"CAJAMARCA","ESTE":"764828","NORTE":"9252147","CODIGODM":"03000384Y01; 010009372U;\n010236794","NOMBREDM":"EL OSO; SAN AGUSTIN N\u00ba1; SAN JOSE N\u00ba 1","TITULARDM":"COMPA\u00d1IA MINERA COLQUIRRUMI S.A.; CONSOLIDADA DE HUALGAYOC S.A.; GOLD FIELDS LA CIMA S.A.A.; VIDALON PAREJA;  JAIME DAVID","RESPONSABLE":"COMPA\u00d1IA MINERA COLQUIRRUMI\nS.A.","GENERADOR":"NO IDENTIFICADO","ESTUDIOAMB":"PCPAM DE LA UNIDAD MINERA COLQUIRRUMI -\"HUALGAYOC\"","N":"1611"},"geometry":{"type":"Point","coordinates":[-78.60419,-6.75985]}},{"type":"Feature","properties":{"Name":"LABOR MINERA","description":"","OBJECTID":"183","PROVINCIA":"HUALGAYOC","DISTRITO":"HUALGAYOC","CUENCA":"LLAUCANO","ZONA":"17","EXUNIDAD":"BARRAGAN (LLAUCANO)","TIPO":"LABOR MINERA","SUBTIPO":"BOCAMINA","REGION":"CAJAMARCA","ESTE":"764755","NORTE":"9252135","CODIGODM":"010236794; 03000175Y01;\n010035801","NOMBREDM":"SAN JOSE N\u00ba 1; SANTA TERESA; SANTA TERESA A","TITULARDM":"COMPA\u00d1IA DE MINAS BUENAVENTURA S.A.A.; COMPA\u00d1IA MINERA COLQUIRRUMI S.A.; DEL CARMEN OMONTES;  JOSE; GOLD FIELDS LA CIMA S.A.A.; SANTOLALLA IGLESIAS;  ELOY; VIDALON PAREJA;  JAIME DAVID","RESPONSABLE":"COMPA\u00d1IA MINERA COLQUIRRUMI\nS.A.","GENERADOR":"NO IDENTIFICADO","ESTUDIOAMB":"PCPAM DE LA UNIDAD MINERA COLQUIRRUMI -\"HUALGAYOC\"","N":"1612"},"geometry":{"type":"Point","coordinates":[-78.60485,-6.75996]}},{"type":"Feature","properties":{"Name":"LABOR MINERA","description":"","OBJECTID":"184","PROVINCIA":"HUALGAYOC","DISTRITO":"HUALGAYOC","CUENCA":"LLAUCANO","ZONA":"17","EXUNIDAD":"BARRAGAN (LLAUCANO)","TIPO":"LABOR MINERA","SUBTIPO":"BOCAMINA","REGION":"CAJAMARCA","ESTE":"764968","NORTE":"9252420","CODIGODM":"03001045X01; 010009372U;\n010236794","NOMBREDM":"CAJAMARCA; SAN AGUSTIN N\u00ba1; SAN JOSE N\u00ba 1","TITULARDM":"COMPA\u00d1IA MINERA COLQUIRRUMI S.A.; CONSOLIDADA DE HUALGAYOC S.A.; GOLD FIELDS LA CIMA S.A.A.; VIDALON PAREJA;  JAIME DAVID","RESPONSABLE":"COMPA\u00d1IA MINERA COLQUIRRUMI\nS.A.","GENERADOR":"NO IDENTIFICADO","ESTUDIOAMB":"PCPAM DE LA UNIDAD MINERA COLQUIRRUMI -\"HUALGAYOC\"","N":"1613"},"geometry":{"type":"Point","coordinates":[-78.60294,-6.75737]}},{"type":"Feature","properties":{"Name":"LABOR MINERA","description":"","OBJECTID":"185","PROVINCIA":"HUALGAYOC","DISTRITO":"HUALGAYOC","CUENCA":"LLAUCANO","ZONA":"17","EXUNIDAD":"BARRAGAN (LLAUCANO)","TIPO":"LABOR MINERA","SUBTIPO":"BOCAMINA","REGION":"CAJAMARCA","ESTE":"764502","NORTE":"9251980","CODIGODM":"03002123X01; 010236794","NOMBREDM":"GUADALUPE N\u00ba 1; SAN JOSE N\u00ba 1","TITULARDM":"COMPA\u00d1IA MINERA COLQUIRRUMI S.A.; GOLD FIELDS LA CIMA S.A.A.; S.M.R.L. BENAVIDES N\u00ba1 DE CAJAMARCA; VIDALON PAREJA;  JAIME DAVID","RESPONSABLE":"COMPA\u00d1IA MINERA COLQUIRRUMI\nS.A.","GENERADOR":"NO IDENTIFICADO","ESTUDIOAMB":"PCPAM DE LA UNIDAD MINERA COLQUIRRUMI -\"HUALGAYOC\"","N":"1614"},"geometry":{"type":"Point","coordinates":[-78.60713,-6.76137]}},{"type":"Feature","properties":{"Name":"LABOR MINERA","description":"","OBJECTID":"186","PROVINCIA":"HUALGAYOC","DISTRITO":"HUALGAYOC","CUENCA":"LLAUCANO","ZONA":"17","EXUNIDAD":"BARRAGAN (LLAUCANO)","TIPO":"LABOR MINERA","SUBTIPO":"BOCAMINA","REGION":"CAJAMARCA","ESTE":"764509","NORTE":"9252006","CODIGODM":"03002123X01; 010236794","NOMBREDM":"GUADALUPE N\u00ba 1; SAN JOSE N\u00ba 1","TITULARDM":"COMPA\u00d1IA MINERA COLQUIRRUMI S.A.; GOLD FIELDS LA CIMA S.A.A.; S.M.R.L. BENAVIDES N\u00ba1 DE CAJAMARCA; VIDALON PAREJA;  JAIME DAVID","RESPONSABLE":"COMPA\u00d1IA MINERA COLQUIRRUMI\nS.A.","GENERADOR":"NO IDENTIFICADO","ESTUDIOAMB":"PCPAM DE LA UNIDAD MINERA COLQUIRRUMI -\"HUALGAYOC\"","N":"1615"},"geometry":{"type":"Point","coordinates":[-78.60707,-6.76114]}},{"type":"Feature","properties":{"Name":"LABOR MINERA","description":"","OBJECTID":"187","PROVINCIA":"HUALGAYOC","DISTRITO":"HUALGAYOC","CUENCA":"LLAUCANO","ZONA":"17","EXUNIDAD":"BARRAGAN (LLAUCANO)","TIPO":"LABOR MINERA","SUBTIPO":"BOCAMINA","REGION":"CAJAMARCA","ESTE":"764573","NORTE":"9252525","CODIGODM":"010035401; 010236794","NOMBREDM":"LA TRANCA A; SAN JOSE N\u00ba 1","TITULARDM":"COMPA\u00d1IA DE MINAS BUENAVENTURA S.A.A.; COMPA\u00d1IA MINERA COLQUIRRUMI S.A.; GOLD FIELDS LA CIMA S.A.A.; VIDALON PAREJA;  JAIME DAVID","RESPONSABLE":"COMPA\u00d1IA MINERA COLQUIRRUMI\nS.A.","GENERADOR":"NO IDENTIFICADO","ESTUDIOAMB":"PCPAM DE LA UNIDAD MINERA COLQUIRRUMI -\"HUALGAYOC\"","N":"1616"},"geometry":{"type":"Point","coordinates":[-78.60651,-6.75644]}},{"type":"Feature","properties":{"Name":"LABOR MINERA","description":"","OBJECTID":"188","PROVINCIA":"HUALGAYOC","DISTRITO":"HUALGAYOC","CUENCA":"LLAUCANO","ZONA":"17","EXUNIDAD":"BARRAGAN (LLAUCANO)","TIPO":"LABOR MINERA","SUBTIPO":"BOCAMINA","REGION":"CAJAMARCA","ESTE":"764952","NORTE":"9252529","CODIGODM":"03001045X01; 010009372U;\n010236794","NOMBREDM":"CAJAMARCA; SAN AGUSTIN N\u00ba1; SAN JOSE N\u00ba 1","TITULARDM":"COMPA\u00d1IA MINERA COLQUIRRUMI S.A.; CONSOLIDADA DE HUALGAYOC S.A.; GOLD FIELDS LA CIMA S.A.A.; VIDALON PAREJA;  JAIME DAVID","RESPONSABLE":"COMPA\u00d1IA MINERA COLQUIRRUMI\nS.A.","GENERADOR":"NO IDENTIFICADO","ESTUDIOAMB":"PCPAM DE LA UNIDAD MINERA COLQUIRRUMI -\"HUALGAYOC\"","N":"1617"},"geometry":{"type":"Point","coordinates":[-78.60309,-6.75639]}},{"type":"Feature","properties":{"Name":"RESIDUO MINERO","description":"","OBJECTID":"189","PROVINCIA":"HUALGAYOC","DISTRITO":"HUALGAYOC","CUENCA":"LLAUCANO","ZONA":"17","EXUNIDAD":"BARRAGAN (LLAUCANO)","TIPO":"RESIDUO MINERO","SUBTIPO":"DESMONTE DE MINA","REGION":"CAJAMARCA","ESTE":"764952","NORTE":"9252529","CODIGODM":"03001045X01; 010009372U;\n010236794","NOMBREDM":"CAJAMARCA; SAN AGUSTIN N\u00ba1; SAN JOSE N\u00ba 1","TITULARDM":"COMPA\u00d1IA MINERA COLQUIRRUMI S.A.; CONSOLIDADA DE HUALGAYOC S.A.; GOLD FIELDS LA CIMA S.A.A.; VIDALON PAREJA;  JAIME DAVID","RESPONSABLE":"COMPA\u00d1IA MINERA COLQUIRRUMI\nS.A.","GENERADOR":"NO IDENTIFICADO","ESTUDIOAMB":"PCPAM DE LA UNIDAD MINERA COLQUIRRUMI -\"HUALGAYOC\"","N":"1618"},"geometry":{"type":"Point","coordinates":[-78.60309,-6.75639]}},{"type":"Feature","properties":{"Name":"RESIDUO MINERO","description":"","OBJECTID":"190","PROVINCIA":"HUALGAYOC","DISTRITO":"HUALGAYOC","CUENCA":"LLAUCANO","ZONA":"17","EXUNIDAD":"BARRAGAN (LLAUCANO)","TIPO":"RESIDUO MINERO","SUBTIPO":"DESMONTE DE MINA","REGION":"CAJAMARCA","ESTE":"764825","NORTE":"9252531","CODIGODM":"010002579U; 03000999X02;\n010236794","NOMBREDM":"AURORA - MUSSOLINI;\nMUSSOLINI; SAN JOSE N\u00ba 1","TITULARDM":"GOLD FIELDS LA CIMA S.A.A.; S.M.R.L. MUSSOLINI DE CAJAMARCA; VIDALON\nPAREJA;  JAIME DAVID","RESPONSABLE":"---","GENERADOR":"NO IDENTIFICADO","ESTUDIOAMB":"---","N":"1619"},"geometry":{"type":"Point","coordinates":[-78.60424,-6.75638]}},{"type":"Feature","properties":{"Name":"RESIDUO MINERO","description":"","OBJECTID":"191","PROVINCIA":"HUALGAYOC","DISTRITO":"HUALGAYOC","CUENCA":"LLAUCANO","ZONA":"17","EXUNIDAD":"BARRAGAN (LLAUCANO)","TIPO":"RESIDUO MINERO","SUBTIPO":"DESMONTE DE MINA","REGION":"CAJAMARCA","ESTE":"764572","NORTE":"9252536","CODIGODM":"010035401; 010236794","NOMBREDM":"LA TRANCA A; SAN JOSE N\u00ba 1","TITULARDM":"COMPA\u00d1IA DE MINAS BUENAVENTURA S.A.A.; COMPA\u00d1IA MINERA COLQUIRRUMI S.A.; GOLD FIELDS LA CIMA S.A.A.; VIDALON PAREJA;  JAIME DAVID","RESPONSABLE":"COMPA\u00d1IA MINERA COLQUIRRUMI\nS.A.","GENERADOR":"NO IDENTIFICADO","ESTUDIOAMB":"PCPAM DE LA UNIDAD MINERA COLQUIRRUMI -\"HUALGAYOC\"","N":"1620"},"geometry":{"type":"Point","coordinates":[-78.60652,-6.75634]}},{"type":"Feature","properties":{"Name":"RESIDUO MINERO","description":"","OBJECTID":"192","PROVINCIA":"HUALGAYOC","DISTRITO":"HUALGAYOC","CUENCA":"LLAUCANO","ZONA":"17","EXUNIDAD":"BARRAGAN (LLAUCANO)","TIPO":"RESIDUO MINERO","SUBTIPO":"DESMONTE DE MINA","REGION":"CAJAMARCA","ESTE":"764975","NORTE":"9252395","CODIGODM":"03000280Y01; 010009372U;\n010236794","NOMBREDM":"OLORTEGUI; SAN AGUSTIN N\u00ba1; SAN JOSE N\u00ba 1","TITULARDM":"COMPA\u00d1IA MINERA COLQUIRRUMI S.A.; CONSOLIDADA DE HUALGAYOC S.A.; GOLD FIELDS LA CIMA S.A.A.; VIDALON PAREJA;  JAIME DAVID","RESPONSABLE":"COMPA\u00d1IA MINERA COLQUIRRUMI\nS.A.","GENERADOR":"NO IDENTIFICADO","ESTUDIOAMB":"PCPAM DE LA UNIDAD MINERA COLQUIRRUMI -\"HUALGAYOC\"","N":"1621"},"geometry":{"type":"Point","coordinates":[-78.60287,-6.7576]}},{"type":"Feature","properties":{"Name":"RESIDUO MINERO","description":"","OBJECTID":"193","PROVINCIA":"HUALGAYOC","DISTRITO":"HUALGAYOC","CUENCA":"LLAUCANO","ZONA":"17","EXUNIDAD":"BARRAGAN (LLAUCANO)","TIPO":"RESIDUO MINERO","SUBTIPO":"DESMONTE DE MINA","REGION":"CAJAMARCA","ESTE":"764468","NORTE":"9252277","CODIGODM":"03000316X01; 010009372U;\n010236794","NOMBREDM":"ALTICIDORA; SAN AGUSTIN N\u00ba1; SAN JOSE N\u00ba 1","TITULARDM":"COMPA\u00d1IA MINERA COLQUIRRUMI S.A.; COMPA\u00d1IA MINERA NUEVA ITALIA S.A.; GOLD FIELDS LA CIMA S.A.A.; VIDALON PAREJA;  JAIME DAVID","RESPONSABLE":"COMPA\u00d1IA MINERA COLQUIRRUMI\nS.A.","GENERADOR":"NO IDENTIFICADO","ESTUDIOAMB":"PCPAM DE LA UNIDAD MINERA COLQUIRRUMI -\"HUALGAYOC\"","N":"1622"},"geometry":{"type":"Point","coordinates":[-78.60745,-6.75869]}},{"type":"Feature","properties":{"Name":"LABOR MINERA","description":"","OBJECTID":"194","PROVINCIA":"HUALGAYOC","DISTRITO":"HUALGAYOC","CUENCA":"LLAUCANO","ZONA":"17","EXUNIDAD":"BARRAGAN (LLAUCANO)","TIPO":"LABOR MINERA","SUBTIPO":"BOCAMINA","REGION":"CAJAMARCA","ESTE":"764587","NORTE":"9252502","CODIGODM":"010035401; 010236794","NOMBREDM":"LA TRANCA A; SAN JOSE N\u00ba 1","TITULARDM":"COMPA\u00d1IA DE MINAS BUENAVENTURA S.A.A.; COMPA\u00d1IA MINERA COLQUIRRUMI S.A.; GOLD FIELDS LA CIMA S.A.A.; VIDALON PAREJA;  JAIME DAVID","RESPONSABLE":"COMPA\u00d1IA MINERA COLQUIRRUMI\nS.A.","GENERADOR":"NO IDENTIFICADO","ESTUDIOAMB":"PCPAM DE LA UNIDAD MINERA COLQUIRRUMI -\"HUALGAYOC\"","N":"1623"},"geometry":{"type":"Point","coordinates":[-78.60639,-6.75665]}},{"type":"Feature","properties":{"Name":"LABOR MINERA","description":"","OBJECTID":"195","PROVINCIA":"HUALGAYOC","DISTRITO":"HUALGAYOC","CUENCA":"LLAUCANO","ZONA":"17","EXUNIDAD":"BARRAGAN (LLAUCANO)","TIPO":"LABOR MINERA","SUBTIPO":"BOCAMINA","REGION":"CAJAMARCA","ESTE":"764589","NORTE":"9252562","CODIGODM":"010035401; 010236794","NOMBREDM":"LA TRANCA A; SAN JOSE N\u00ba 1","TITULARDM":"COMPA\u00d1IA DE MINAS BUENAVENTURA S.A.A.; COMPA\u00d1IA MINERA COLQUIRRUMI S.A.; GOLD FIELDS LA CIMA S.A.A.; VIDALON PAREJA;  JAIME DAVID","RESPONSABLE":"COMPA\u00d1IA MINERA COLQUIRRUMI\nS.A.","GENERADOR":"NO IDENTIFICADO","ESTUDIOAMB":"PCPAM DE LA UNIDAD MINERA COLQUIRRUMI -\"HUALGAYOC\"","N":"1624"},"geometry":{"type":"Point","coordinates":[-78.60637,-6.75611]}},{"type":"Feature","properties":{"Name":"LABOR MINERA","description":"","OBJECTID":"196","PROVINCIA":"HUALGAYOC","DISTRITO":"HUALGAYOC","CUENCA":"LLAUCANO","ZONA":"17","EXUNIDAD":"BARRAGAN (LLAUCANO)","TIPO":"LABOR MINERA","SUBTIPO":"BOCAMINA","REGION":"CAJAMARCA","ESTE":"764544","NORTE":"9252481","CODIGODM":"010035401; 010236794","NOMBREDM":"LA TRANCA A; SAN JOSE N\u00ba 1","TITULARDM":"COMPA\u00d1IA DE MINAS BUENAVENTURA S.A.A.; COMPA\u00d1IA MINERA COLQUIRRUMI S.A.; GOLD FIELDS LA CIMA S.A.A.; VIDALON PAREJA;  JAIME DAVID","RESPONSABLE":"---","GENERADOR":"NO IDENTIFICADO","ESTUDIOAMB":"---","N":"1625"},"geometry":{"type":"Point","coordinates":[-78.60677,-6.75684]}},{"type":"Feature","properties":{"Name":"RESIDUO MINERO","description":"","OBJECTID":"197","PROVINCIA":"HUALGAYOC","DISTRITO":"HUALGAYOC","CUENCA":"LLAUCANO","ZONA":"17","EXUNIDAD":"BARRAGAN (LLAUCANO)","TIPO":"RESIDUO MINERO","SUBTIPO":"DESMONTE DE MINA","REGION":"CAJAMARCA","ESTE":"764589","NORTE":"9252562","CODIGODM":"010035401; 010236794","NOMBREDM":"LA TRANCA A; SAN JOSE N\u00ba 1","TITULARDM":"COMPA\u00d1IA DE MINAS BUENAVENTURA S.A.A.; COMPA\u00d1IA MINERA COLQUIRRUMI S.A.; GOLD FIELDS LA CIMA S.A.A.; VIDALON PAREJA;  JAIME DAVID","RESPONSABLE":"COMPA\u00d1IA MINERA COLQUIRRUMI\nS.A.","GENERADOR":"NO IDENTIFICADO","ESTUDIOAMB":"PCPAM DE LA UNIDAD MINERA COLQUIRRUMI -\"HUALGAYOC\"","N":"1626"},"geometry":{"type":"Point","coordinates":[-78.60637,-6.75611]}},{"type":"Feature","properties":{"Name":"RESIDUO MINERO","description":"","OBJECTID":"198","PROVINCIA":"HUALGAYOC","DISTRITO":"HUALGAYOC","CUENCA":"LLAUCANO","ZONA":"17","EXUNIDAD":"BARRAGAN (LLAUCANO)","TIPO":"RESIDUO MINERO","SUBTIPO":"DESMONTE DE MINA","REGION":"CAJAMARCA","ESTE":"764534","NORTE":"9252393","CODIGODM":"0302212DX01; 010236794","NOMBREDM":"LAGO AL-4 (FRACCIONADO); SAN\nJOSE N\u00ba 1","TITULARDM":"COMPA\u00d1IA MINERA LOS MANTOS S.A.; GOLD FIELDS LA CIMA S.A.A.; VIDALON\nPAREJA;  JAIME DAVID","RESPONSABLE":"---","GENERADOR":"NO IDENTIFICADO","ESTUDIOAMB":"---","N":"1627"},"geometry":{"type":"Point","coordinates":[-78.60686,-6.75764]}},{"type":"Feature","properties":{"Name":"LABOR MINERA","description":"","OBJECTID":"199","PROVINCIA":"HUALGAYOC","DISTRITO":"HUALGAYOC","CUENCA":"LLAUCANO","ZONA":"17","EXUNIDAD":"BARRAGAN (LLAUCANO)","TIPO":"LABOR MINERA","SUBTIPO":"BOCAMINA","REGION":"CAJAMARCA","ESTE":"764531","NORTE":"9252389","CODIGODM":"0302212DX01; 010236794","NOMBREDM":"LAGO AL-4 (FRACCIONADO); SAN\nJOSE N\u00ba 1","TITULARDM":"COMPA\u00d1IA MINERA LOS MANTOS S.A.; GOLD FIELDS LA CIMA S.A.A.; VIDALON\nPAREJA;  JAIME DAVID","RESPONSABLE":"---","GENERADOR":"NO IDENTIFICADO","ESTUDIOAMB":"---","N":"1628"},"geometry":{"type":"Point","coordinates":[-78.60689,-6.75767]}},{"type":"Feature","properties":{"Name":"LABOR MINERA","description":"","OBJECTID":"200","PROVINCIA":"HUALGAYOC","DISTRITO":"HUALGAYOC","CUENCA":"LLAUCANO","ZONA":"17","EXUNIDAD":"BARRAGAN (LLAUCANO)","TIPO":"LABOR MINERA","SUBTIPO":"CHIMENEA","REGION":"CAJAMARCA","ESTE":"764535","NORTE":"9252392","CODIGODM":"0302212DX01; 010236794","NOMBREDM":"LAGO AL-4 (FRACCIONADO); SAN\nJOSE N\u00ba 1","TITULARDM":"COMPA\u00d1IA MINERA LOS MANTOS S.A.; GOLD FIELDS LA CIMA S.A.A.; VIDALON\nPAREJA;  JAIME DAVID","RESPONSABLE":"---","GENERADOR":"NO IDENTIFICADO","ESTUDIOAMB":"---","N":"1629"},"geometry":{"type":"Point","coordinates":[-78.60685,-6.75765]}},{"type":"Feature","properties":{"Name":"LABOR MINERA","description":"","OBJECTID":"201","PROVINCIA":"HUALGAYOC","DISTRITO":"HUALGAYOC","CUENCA":"LLAUCANO","ZONA":"17","EXUNIDAD":"BARRAGAN (LLAUCANO)","TIPO":"LABOR MINERA","SUBTIPO":"CHIMENEA","REGION":"CAJAMARCA","ESTE":"764681","NORTE":"9252106","CODIGODM":"010236794; 03000175Y01;\n010035801","NOMBREDM":"SAN JOSE N\u00ba 1; SANTA TERESA; SANTA TERESA A","TITULARDM":"COMPA\u00d1IA DE MINAS BUENAVENTURA S.A.A.; COMPA\u00d1IA MINERA COLQUIRRUMI S.A.; DEL CARMEN OMONTES;  JOSE; GOLD FIELDS LA CIMA S.A.A.; SANTOLALLA IGLESIAS;  ELOY; VIDALON PAREJA;  JAIME DAVID","RESPONSABLE":"COMPA\u00d1IA MINERA COLQUIRRUMI\nS.A.","GENERADOR":"NO IDENTIFICADO","ESTUDIOAMB":"PCPAM DE LA UNIDAD MINERA COLQUIRRUMI -\"HUALGAYOC\"","N":"1630"},"geometry":{"type":"Point","coordinates":[-78.60552,-6.76022]}},{"type":"Feature","properties":{"Name":"LABOR MINERA","description":"","OBJECTID":"202","PROVINCIA":"HUALGAYOC","DISTRITO":"HUALGAYOC","CUENCA":"LLAUCANO","ZONA":"17","EXUNIDAD":"BARRAGAN (LLAUCANO)","TIPO":"LABOR MINERA","SUBTIPO":"BOCAMINA","REGION":"CAJAMARCA","ESTE":"764691","NORTE":"9252018","CODIGODM":"010236794; 03000175Y01;\n010035801","NOMBREDM":"SAN JOSE N\u00ba 1; SANTA TERESA; SANTA TERESA A","TITULARDM":"COMPA\u00d1IA DE MINAS BUENAVENTURA S.A.A.; COMPA\u00d1IA MINERA COLQUIRRUMI S.A.; DEL CARMEN OMONTES;  JOSE; GOLD FIELDS LA CIMA S.A.A.; SANTOLALLA IGLESIAS;  ELOY; VIDALON PAREJA;  JAIME DAVID","RESPONSABLE":"COMPA\u00d1IA MINERA COLQUIRRUMI\nS.A.","GENERADOR":"NO IDENTIFICADO","ESTUDIOAMB":"PCPAM DE LA UNIDAD MINERA COLQUIRRUMI -\"HUALGAYOC\"","N":"1631"},"geometry":{"type":"Point","coordinates":[-78.60542,-6.76102]}},{"type":"Feature","properties":{"Name":"LABOR MINERA","description":"","OBJECTID":"203","PROVINCIA":"HUALGAYOC","DISTRITO":"HUALGAYOC","CUENCA":"LLAUCANO","ZONA":"17","EXUNIDAD":"BARRAGAN (LLAUCANO)","TIPO":"LABOR MINERA","SUBTIPO":"BOCAMINA","REGION":"CAJAMARCA","ESTE":"764693","NORTE":"9252022","CODIGODM":"010236794; 03000175Y01;\n010035801","NOMBREDM":"SAN JOSE N\u00ba 1; SANTA TERESA; SANTA TERESA A","TITULARDM":"COMPA\u00d1IA DE MINAS BUENAVENTURA S.A.A.; COMPA\u00d1IA MINERA COLQUIRRUMI S.A.; DEL CARMEN OMONTES;  JOSE; GOLD FIELDS LA CIMA S.A.A.; SANTOLALLA IGLESIAS;  ELOY; VIDALON PAREJA;  JAIME DAVID","RESPONSABLE":"COMPA\u00d1IA MINERA COLQUIRRUMI\nS.A.","GENERADOR":"NO IDENTIFICADO","ESTUDIOAMB":"PCPAM DE LA UNIDAD MINERA COLQUIRRUMI -\"HUALGAYOC\"","N":"1632"},"geometry":{"type":"Point","coordinates":[-78.60541,-6.76098]}},{"type":"Feature","properties":{"Name":"LABOR MINERA","description":"","OBJECTID":"204","PROVINCIA":"HUALGAYOC","DISTRITO":"HUALGAYOC","CUENCA":"LLAUCANO","ZONA":"17","EXUNIDAD":"BARRAGAN (LLAUCANO)","TIPO":"LABOR MINERA","SUBTIPO":"BOCAMINA","REGION":"CAJAMARCA","ESTE":"764642","NORTE":"9252072","CODIGODM":"010236794; 03000175Y01;\n010035801","NOMBREDM":"SAN JOSE N\u00ba 1; SANTA TERESA; SANTA TERESA A","TITULARDM":"COMPA\u00d1IA DE MINAS BUENAVENTURA S.A.A.; COMPA\u00d1IA MINERA COLQUIRRUMI S.A.; DEL CARMEN OMONTES;  JOSE; GOLD FIELDS LA CIMA S.A.A.; SANTOLALLA IGLESIAS;  ELOY; VIDALON PAREJA;  JAIME DAVID","RESPONSABLE":"COMPA\u00d1IA MINERA COLQUIRRUMI\nS.A.","GENERADOR":"NO IDENTIFICADO","ESTUDIOAMB":"PCPAM DE LA UNIDAD MINERA COLQUIRRUMI -\"HUALGAYOC\"","N":"1633"},"geometry":{"type":"Point","coordinates":[-78.60587,-6.76053]}},{"type":"Feature","properties":{"Name":"LABOR MINERA","description":"","OBJECTID":"205","PROVINCIA":"HUALGAYOC","DISTRITO":"HUALGAYOC","CUENCA":"LLAUCANO","ZONA":"17","EXUNIDAD":"BARRAGAN (LLAUCANO)","TIPO":"LABOR MINERA","SUBTIPO":"BOCAMINA","REGION":"CAJAMARCA","ESTE":"764591","NORTE":"9252058","CODIGODM":"03002123X01; 010236794","NOMBREDM":"GUADALUPE N\u00ba 1; SAN JOSE N\u00ba 1","TITULARDM":"COMPA\u00d1IA MINERA COLQUIRRUMI S.A.; GOLD FIELDS LA CIMA S.A.A.; S.M.R.L.\nBENAVIDES N\u00ba1 DE CAJAMARCA; VIDALON PAREJA;  JAIME DAVID","RESPONSABLE":"---","GENERADOR":"NO IDENTIFICADO","ESTUDIOAMB":"---","N":"1634"},"geometry":{"type":"Point","coordinates":[-78.60633,-6.76066]}},{"type":"Feature","properties":{"Name":"LABOR MINERA","description":"","OBJECTID":"206","PROVINCIA":"HUALGAYOC","DISTRITO":"HUALGAYOC","CUENCA":"LLAUCANO","ZONA":"17","EXUNIDAD":"BARRAGAN (LLAUCANO)","TIPO":"LABOR MINERA","SUBTIPO":"BOCAMINA","REGION":"CAJAMARCA","ESTE":"764627","NORTE":"9252035","CODIGODM":"03002123X01; 010236794","NOMBREDM":"GUADALUPE N\u00ba 1; SAN JOSE N\u00ba 1","TITULARDM":"COMPA\u00d1IA MINERA COLQUIRRUMI S.A.; GOLD FIELDS LA CIMA S.A.A.; S.M.R.L. BENAVIDES N\u00ba1 DE CAJAMARCA; VIDALON PAREJA;  JAIME DAVID","RESPONSABLE":"COMPA\u00d1IA MINERA COLQUIRRUMI\nS.A.","GENERADOR":"NO IDENTIFICADO","ESTUDIOAMB":"PCPAM DE LA UNIDAD MINERA COLQUIRRUMI -\"HUALGAYOC\"","N":"1635"},"geometry":{"type":"Point","coordinates":[-78.606,-6.76087]}},{"type":"Feature","properties":{"Name":"LABOR MINERA","description":"","OBJECTID":"207","PROVINCIA":"HUALGAYOC","DISTRITO":"HUALGAYOC","CUENCA":"LLAUCANO","ZONA":"17","EXUNIDAD":"BARRAGAN (LLAUCANO)","TIPO":"LABOR MINERA","SUBTIPO":"BOCAMINA","REGION":"CAJAMARCA","ESTE":"764686","NORTE":"9252079","CODIGODM":"010236794; 03000175Y01;\n010035801","NOMBREDM":"SAN JOSE N\u00ba 1; SANTA TERESA; SANTA TERESA A","TITULARDM":"COMPA\u00d1IA DE MINAS BUENAVENTURA S.A.A.; COMPA\u00d1IA MINERA COLQUIRRUMI S.A.; DEL CARMEN OMONTES;  JOSE; GOLD FIELDS LA CIMA S.A.A.; SANTOLALLA IGLESIAS;  ELOY; VIDALON PAREJA;  JAIME DAVID","RESPONSABLE":"COMPA\u00d1IA MINERA COLQUIRRUMI\nS.A.","GENERADOR":"NO IDENTIFICADO","ESTUDIOAMB":"PCPAM DE LA UNIDAD MINERA COLQUIRRUMI -\"HUALGAYOC\"","N":"1636"},"geometry":{"type":"Point","coordinates":[-78.60547,-6.76047]}},{"type":"Feature","properties":{"Name":"RESIDUO MINERO","description":"","OBJECTID":"208","PROVINCIA":"HUALGAYOC","DISTRITO":"HUALGAYOC","CUENCA":"LLAUCANO","ZONA":"17","EXUNIDAD":"BARRAGAN (LLAUCANO)","TIPO":"RESIDUO MINERO","SUBTIPO":"DESMONTE DE MINA","REGION":"CAJAMARCA","ESTE":"764691","NORTE":"9252018","CODIGODM":"010236794; 03000175Y01;\n010035801","NOMBREDM":"SAN JOSE N\u00ba 1; SANTA TERESA; SANTA TERESA A","TITULARDM":"COMPA\u00d1IA DE MINAS BUENAVENTURA S.A.A.; COMPA\u00d1IA MINERA COLQUIRRUMI S.A.; DEL CARMEN OMONTES;  JOSE; GOLD FIELDS LA CIMA S.A.A.; SANTOLALLA IGLESIAS;  ELOY; VIDALON PAREJA;  JAIME DAVID","RESPONSABLE":"COMPA\u00d1IA MINERA COLQUIRRUMI\nS.A.","GENERADOR":"NO IDENTIFICADO","ESTUDIOAMB":"PCPAM DE LA UNIDAD MINERA COLQUIRRUMI -\"HUALGAYOC\"","N":"1637"},"geometry":{"type":"Point","coordinates":[-78.60542,-6.76102]}},{"type":"Feature","properties":{"Name":"RESIDUO MINERO","description":"","OBJECTID":"209","PROVINCIA":"HUALGAYOC","DISTRITO":"HUALGAYOC","CUENCA":"LLAUCANO","ZONA":"17","EXUNIDAD":"BARRAGAN (LLAUCANO)","TIPO":"RESIDUO MINERO","SUBTIPO":"DESMONTE DE MINA","REGION":"CAJAMARCA","ESTE":"764693","NORTE":"9252022","CODIGODM":"010236794; 03000175Y01;\n010035801","NOMBREDM":"SAN JOSE N\u00ba 1; SANTA TERESA; SANTA TERESA A","TITULARDM":"COMPA\u00d1IA DE MINAS BUENAVENTURA S.A.A.; COMPA\u00d1IA MINERA COLQUIRRUMI S.A.; DEL CARMEN OMONTES;  JOSE; GOLD FIELDS LA CIMA S.A.A.; SANTOLALLA IGLESIAS;  ELOY; VIDALON PAREJA;  JAIME DAVID","RESPONSABLE":"COMPA\u00d1IA MINERA COLQUIRRUMI\nS.A.","GENERADOR":"NO IDENTIFICADO","ESTUDIOAMB":"PCPAM DE LA UNIDAD MINERA COLQUIRRUMI -\"HUALGAYOC\"","N":"1638"},"geometry":{"type":"Point","coordinates":[-78.60541,-6.76098]}},{"type":"Feature","properties":{"Name":"RESIDUO MINERO","description":"","OBJECTID":"210","PROVINCIA":"HUALGAYOC","DISTRITO":"HUALGAYOC","CUENCA":"LLAUCANO","ZONA":"17","EXUNIDAD":"BARRAGAN (LLAUCANO)","TIPO":"RESIDUO MINERO","SUBTIPO":"DESMONTE DE MINA","REGION":"CAJAMARCA","ESTE":"764642","NORTE":"9252072","CODIGODM":"010236794; 03000175Y01;\n010035801","NOMBREDM":"SAN JOSE N\u00ba 1; SANTA TERESA; SANTA TERESA A","TITULARDM":"COMPA\u00d1IA DE MINAS BUENAVENTURA S.A.A.; COMPA\u00d1IA MINERA COLQUIRRUMI S.A.; DEL CARMEN OMONTES;  JOSE; GOLD FIELDS LA CIMA S.A.A.; SANTOLALLA IGLESIAS;  ELOY; VIDALON PAREJA;  JAIME DAVID","RESPONSABLE":"COMPA\u00d1IA MINERA COLQUIRRUMI\nS.A.","GENERADOR":"NO IDENTIFICADO","ESTUDIOAMB":"PCPAM DE LA UNIDAD MINERA COLQUIRRUMI -\"HUALGAYOC\"","N":"1639"},"geometry":{"type":"Point","coordinates":[-78.60587,-6.76053]}},{"type":"Feature","properties":{"Name":"RESIDUO MINERO","description":"","OBJECTID":"211","PROVINCIA":"HUALGAYOC","DISTRITO":"HUALGAYOC","CUENCA":"LLAUCANO","ZONA":"17","EXUNIDAD":"BARRAGAN (LLAUCANO)","TIPO":"RESIDUO MINERO","SUBTIPO":"DESMONTE DE MINA","REGION":"CAJAMARCA","ESTE":"764628","NORTE":"9252022","CODIGODM":"03002123X01; 010236794","NOMBREDM":"GUADALUPE N\u00ba 1; SAN JOSE N\u00ba 1","TITULARDM":"COMPA\u00d1IA MINERA COLQUIRRUMI S.A.; GOLD FIELDS LA CIMA S.A.A.; S.M.R.L. BENAVIDES N\u00ba1 DE CAJAMARCA; VIDALON PAREJA;  JAIME DAVID","RESPONSABLE":"COMPA\u00d1IA MINERA COLQUIRRUMI\nS.A.","GENERADOR":"NO IDENTIFICADO","ESTUDIOAMB":"PCPAM DE LA UNIDAD MINERA COLQUIRRUMI -\"HUALGAYOC\"","N":"1640"},"geometry":{"type":"Point","coordinates":[-78.60599,-6.76099]}},{"type":"Feature","properties":{"Name":"RESIDUO MINERO","description":"","OBJECTID":"212","PROVINCIA":"HUALGAYOC","DISTRITO":"HUALGAYOC","CUENCA":"LLAUCANO","ZONA":"17","EXUNIDAD":"BARRAGAN (LLAUCANO)","TIPO":"RESIDUO MINERO","SUBTIPO":"DESMONTE DE MINA","REGION":"CAJAMARCA","ESTE":"764680","NORTE":"9252106","CODIGODM":"010236794; 03000175Y01;\n010035801","NOMBREDM":"SAN JOSE N\u00ba 1; SANTA TERESA; SANTA TERESA A","TITULARDM":"COMPA\u00d1IA DE MINAS BUENAVENTURA S.A.A.; COMPA\u00d1IA MINERA COLQUIRRUMI S.A.; DEL CARMEN OMONTES;  JOSE; GOLD FIELDS LA CIMA S.A.A.; SANTOLALLA IGLESIAS;  ELOY; VIDALON PAREJA;  JAIME DAVID","RESPONSABLE":"COMPA\u00d1IA MINERA COLQUIRRUMI\nS.A.","GENERADOR":"NO IDENTIFICADO","ESTUDIOAMB":"PCPAM DE LA UNIDAD MINERA COLQUIRRUMI -\"HUALGAYOC\"","N":"1641"},"geometry":{"type":"Point","coordinates":[-78.60553,-6.76022]}},{"type":"Feature","properties":{"Name":"RESIDUO MINERO","description":"","OBJECTID":"213","PROVINCIA":"HUALGAYOC","DISTRITO":"HUALGAYOC","CUENCA":"LLAUCANO","ZONA":"17","EXUNIDAD":"BARRAGAN (LLAUCANO)","TIPO":"RESIDUO MINERO","SUBTIPO":"DESMONTE DE MINA","REGION":"CAJAMARCA","ESTE":"764581","NORTE":"9251901","CODIGODM":"03000333Y01; 010009372U;\n010236794","NOMBREDM":"ROMA; SAN AGUSTIN N\u00ba1; SAN JOSE N\u00ba 1","TITULARDM":"COMPA\u00d1IA MINERA COLQUIRRUMI S.A.; COMPA\u00d1IA MINERA NUEVA ITALIA S.A.; GOLD FIELDS LA CIMA S.A.A.; VIDALON PAREJA;  JAIME DAVID","RESPONSABLE":"COMPA\u00d1IA MINERA COLQUIRRUMI\nS.A.","GENERADOR":"NO IDENTIFICADO","ESTUDIOAMB":"PCPAM DE LA UNIDAD MINERA COLQUIRRUMI -\"HUALGAYOC\"","N":"1642"},"geometry":{"type":"Point","coordinates":[-78.60641,-6.76208]}},{"type":"Feature","properties":{"Name":"RESIDUO MINERO","description":"","OBJECTID":"214","PROVINCIA":"HUALGAYOC","DISTRITO":"HUALGAYOC","CUENCA":"LLAUCANO","ZONA":"17","EXUNIDAD":"BARRAGAN (LLAUCANO)","TIPO":"RESIDUO MINERO","SUBTIPO":"DESMONTE DE MINA","REGION":"CAJAMARCA","ESTE":"764747","NORTE":"9251956","CODIGODM":"03000333Y01; 010009372U;\n010236794","NOMBREDM":"ROMA; SAN AGUSTIN N\u00ba1; SAN JOSE N\u00ba 1","TITULARDM":"COMPA\u00d1IA MINERA COLQUIRRUMI S.A.; COMPA\u00d1IA MINERA NUEVA ITALIA S.A.; GOLD FIELDS LA CIMA S.A.A.; VIDALON PAREJA;  JAIME DAVID","RESPONSABLE":"COMPA\u00d1IA MINERA COLQUIRRUMI\nS.A.","GENERADOR":"NO IDENTIFICADO","ESTUDIOAMB":"PCPAM DE LA UNIDAD MINERA COLQUIRRUMI -\"HUALGAYOC\"","N":"1643"},"geometry":{"type":"Point","coordinates":[-78.60492,-6.76158]}},{"type":"Feature","properties":{"Name":"LABOR MINERA","description":"","OBJECTID":"215","PROVINCIA":"HUALGAYOC","DISTRITO":"HUALGAYOC","CUENCA":"LLAUCANO","ZONA":"17","EXUNIDAD":"BARRAGAN (LLAUCANO)","TIPO":"LABOR MINERA","SUBTIPO":"CHIMENEA","REGION":"CAJAMARCA","ESTE":"764567","NORTE":"9251883","CODIGODM":"03000333Y01; 010009372U;\n010236794","NOMBREDM":"ROMA; SAN AGUSTIN N\u00ba1; SAN JOSE N\u00ba 1","TITULARDM":"COMPA\u00d1IA MINERA COLQUIRRUMI S.A.; COMPA\u00d1IA MINERA NUEVA ITALIA S.A.; GOLD FIELDS LA CIMA S.A.A.; VIDALON PAREJA;  JAIME DAVID","RESPONSABLE":"COMPA\u00d1IA MINERA COLQUIRRUMI\nS.A.","GENERADOR":"NO IDENTIFICADO","ESTUDIOAMB":"PCPAM DE LA UNIDAD MINERA COLQUIRRUMI -\"HUALGAYOC\"","N":"1644"},"geometry":{"type":"Point","coordinates":[-78.60654,-6.76225]}},{"type":"Feature","properties":{"Name":"LABOR MINERA","description":"","OBJECTID":"216","PROVINCIA":"HUALGAYOC","DISTRITO":"HUALGAYOC","CUENCA":"LLAUCANO","ZONA":"17","EXUNIDAD":"BARRAGAN (LLAUCANO)","TIPO":"LABOR MINERA","SUBTIPO":"BOCAMINA","REGION":"CAJAMARCA","ESTE":"764949","NORTE":"9252499","CODIGODM":"03001045X01; 010009372U;\n010236794","NOMBREDM":"CAJAMARCA; SAN AGUSTIN N\u00ba1; SAN JOSE N\u00ba 1","TITULARDM":"COMPA\u00d1IA MINERA COLQUIRRUMI S.A.; CONSOLIDADA DE HUALGAYOC S.A.; GOLD FIELDS LA CIMA S.A.A.; VIDALON PAREJA;  JAIME DAVID","RESPONSABLE":"COMPA\u00d1IA MINERA COLQUIRRUMI\nS.A.","GENERADOR":"NO IDENTIFICADO","ESTUDIOAMB":"PCPAM DE LA UNIDAD MINERA COLQUIRRUMI -\"HUALGAYOC\"","N":"1645"},"geometry":{"type":"Point","coordinates":[-78.60311,-6.75666]}},{"type":"Feature","properties":{"Name":"LABOR MINERA","description":"","OBJECTID":"217","PROVINCIA":"HUALGAYOC","DISTRITO":"HUALGAYOC","CUENCA":"LLAUCANO","ZONA":"17","EXUNIDAD":"BARRAGAN (LLAUCANO)","TIPO":"LABOR MINERA","SUBTIPO":"BOCAMINA","REGION":"CAJAMARCA","ESTE":"764934","NORTE":"9252494","CODIGODM":"03001045X01; 010009372U;\n010236794","NOMBREDM":"CAJAMARCA; SAN AGUSTIN N\u00ba1; SAN JOSE N\u00ba 1","TITULARDM":"COMPA\u00d1IA MINERA COLQUIRRUMI S.A.; CONSOLIDADA DE HUALGAYOC S.A.; GOLD FIELDS LA CIMA S.A.A.; VIDALON PAREJA;  JAIME DAVID","RESPONSABLE":"COMPA\u00d1IA MINERA COLQUIRRUMI\nS.A.","GENERADOR":"NO IDENTIFICADO","ESTUDIOAMB":"PCPAM DE LA UNIDAD MINERA COLQUIRRUMI -\"HUALGAYOC\"","N":"1646"},"geometry":{"type":"Point","coordinates":[-78.60325,-6.75671]}},{"type":"Feature","properties":{"Name":"LABOR MINERA","description":"","OBJECTID":"218","PROVINCIA":"HUALGAYOC","DISTRITO":"HUALGAYOC","CUENCA":"LLAUCANO","ZONA":"17","EXUNIDAD":"BARRAGAN (LLAUCANO)","TIPO":"LABOR MINERA","SUBTIPO":"BOCAMINA","REGION":"CAJAMARCA","ESTE":"764812","NORTE":"9252540","CODIGODM":"010002579U; 03000999X02;\n010236794","NOMBREDM":"AURORA - MUSSOLINI;\nMUSSOLINI; SAN JOSE N\u00ba 1","TITULARDM":"GOLD FIELDS LA CIMA S.A.A.; S.M.R.L. MUSSOLINI DE CAJAMARCA; VIDALON\nPAREJA;  JAIME DAVID","RESPONSABLE":"---","GENERADOR":"NO IDENTIFICADO","ESTUDIOAMB":"---","N":"1647"},"geometry":{"type":"Point","coordinates":[-78.60435,-6.7563]}},{"type":"Feature","properties":{"Name":"RESIDUO MINERO","description":"","OBJECTID":"219","PROVINCIA":"HUALGAYOC","DISTRITO":"HUALGAYOC","CUENCA":"LLAUCANO","ZONA":"17","EXUNIDAD":"BARRAGAN (LLAUCANO)","TIPO":"RESIDUO MINERO","SUBTIPO":"DESMONTE DE MINA","REGION":"CAJAMARCA","ESTE":"764934","NORTE":"9252494","CODIGODM":"03001045X01; 010009372U;\n010236794","NOMBREDM":"CAJAMARCA; SAN AGUSTIN N\u00ba1; SAN JOSE N\u00ba 1","TITULARDM":"COMPA\u00d1IA MINERA COLQUIRRUMI S.A.; CONSOLIDADA DE HUALGAYOC S.A.; GOLD FIELDS LA CIMA S.A.A.; VIDALON PAREJA;  JAIME DAVID","RESPONSABLE":"COMPA\u00d1IA MINERA COLQUIRRUMI\nS.A.","GENERADOR":"NO IDENTIFICADO","ESTUDIOAMB":"PCPAM DE LA UNIDAD MINERA COLQUIRRUMI -\"HUALGAYOC\"","N":"1648"},"geometry":{"type":"Point","coordinates":[-78.60325,-6.75671]}},{"type":"Feature","properties":{"Name":"LABOR MINERA","description":"","OBJECTID":"220","PROVINCIA":"HUALGAYOC","DISTRITO":"HUALGAYOC","CUENCA":"LLAUCANO","ZONA":"17","EXUNIDAD":"BARRAGAN (LLAUCANO)","TIPO":"LABOR MINERA","SUBTIPO":"BOCAMINA","REGION":"CAJAMARCA","ESTE":"764653","NORTE":"9251854","CODIGODM":"03000333Y01; 010236794","NOMBREDM":"ROMA; SAN JOSE N\u00ba 1","TITULARDM":"COMPA\u00d1IA MINERA COLQUIRRUMI S.A.; COMPA\u00d1IA MINERA NUEVA ITALIA S.A.; GOLD FIELDS LA CIMA S.A.A.; VIDALON PAREJA;  JAIME DAVID","RESPONSABLE":"COMPA\u00d1IA MINERA COLQUIRRUMI\nS.A.","GENERADOR":"NO IDENTIFICADO","ESTUDIOAMB":"PCPAM DE LA UNIDAD MINERA COLQUIRRUMI -\"HUALGAYOC\"","N":"1649"},"geometry":{"type":"Point","coordinates":[-78.60576,-6.7625]}},{"type":"Feature","properties":{"Name":"LABOR MINERA","description":"","OBJECTID":"221","PROVINCIA":"HUALGAYOC","DISTRITO":"HUALGAYOC","CUENCA":"LLAUCANO","ZONA":"17","EXUNIDAD":"BARRAGAN (LLAUCANO)","TIPO":"LABOR MINERA","SUBTIPO":"BOCAMINA","REGION":"CAJAMARCA","ESTE":"764917","NORTE":"9252027","CODIGODM":"03000333Y01; 010009372U;\n010236794","NOMBREDM":"ROMA; SAN AGUSTIN N\u00ba1; SAN JOSE N\u00ba 1","TITULARDM":"COMPA\u00d1IA MINERA COLQUIRRUMI S.A.; COMPA\u00d1IA MINERA NUEVA ITALIA S.A.; GOLD FIELDS LA CIMA S.A.A.; VIDALON PAREJA;  JAIME DAVID","RESPONSABLE":"COMPA\u00d1IA MINERA COLQUIRRUMI\nS.A.","GENERADOR":"NO IDENTIFICADO","ESTUDIOAMB":"PCPAM DE LA UNIDAD MINERA COLQUIRRUMI -\"HUALGAYOC\"","N":"1650"},"geometry":{"type":"Point","coordinates":[-78.60338,-6.76093]}},{"type":"Feature","properties":{"Name":"INFRAESTRUCTURA","description":"","OBJECTID":"222","PROVINCIA":"HUALGAYOC","DISTRITO":"HUALGAYOC","CUENCA":"LLAUCANO","ZONA":"17","EXUNIDAD":"BARRAGAN (LLAUCANO)","TIPO":"INFRAESTRUCTURA","SUBTIPO":"PLANTAS DE PROCESAMIENTO","REGION":"CAJAMARCA","ESTE":"764893","NORTE":"9251919","CODIGODM":"0302212BX01; 010236794","NOMBREDM":"LAGO AL-2 (FRACCIONADO); SAN\nJOSE N\u00ba 1","TITULARDM":"COMPA\u00d1IA MINERA LOS MANTOS S.A.; GOLD FIELDS LA CIMA S.A.A.; VIDALON\nPAREJA;  JAIME DAVID","RESPONSABLE":"ACTIVOS\nMINEROS S.A.C.","GENERADOR":"NO IDENTIFICADO","ESTUDIOAMB":"PCPAM DE LAS EX UNIDADES\nMINERAS DORADO Y","N":"1651"},"geometry":{"type":"Point","coordinates":[-78.60359,-6.76191]}},{"type":"Feature","properties":{"Name":"LABOR MINERA","description":"","OBJECTID":"164","PROVINCIA":"HUALGAYOC","DISTRITO":"HUALGAYOC","CUENCA":"LLAUCANO","ZONA":"17","EXUNIDAD":"ATAHUALPA (LLAUCANO)","TIPO":"LABOR MINERA","SUBTIPO":"BOCAMINA","REGION":"CAJAMARCA","ESTE":"766124","NORTE":"9252038","CODIGODM":"03001014X01; 010778195","NOMBREDM":"DORADO; SAN JOSE N\u00ba 1-A","TITULARDM":"COMPA\u00d1IA MINERA LOS MANTOS S.A.; GOLD FIELDS LA CIMA S.A.A.; SANTOLALLA BERNAL;  ELOY U; S.M.R.L. DORADO; VIDALON PAREJA;  JAIME DAVID","RESPONSABLE":"ACTIVOS MINEROS S.A.C.","GENERADOR":"NO IDENTIFICADO","ESTUDIOAMB":"PLAN DE CIERRE DE 64 PASIVOS AMBIENTALES EL\nDORADO","N":"1593"},"geometry":{"type":"Point","coordinates":[-78.59247,-6.76077]}},{"type":"Feature","properties":{"Name":"LABOR MINERA","description":"","OBJECTID":"165","PROVINCIA":"HUALGAYOC","DISTRITO":"HUALGAYOC","CUENCA":"LLAUCANO","ZONA":"17","EXUNIDAD":"ATAHUALPA (LLAUCANO)","TIPO":"LABOR MINERA","SUBTIPO":"BOCAMINA","REGION":"CAJAMARCA","ESTE":"766576","NORTE":"9251993","CODIGODM":"03000217Y01; 010014272U;\n010778195","NOMBREDM":"MOROCHA; MOROCHA PACCHA E\nIMPERIAL; SAN JOSE N\u00ba 1-A","TITULARDM":"GOLD FIELDS LA CIMA S.A.A.; S.M.R.L. MOROCHA DE CAJAMARCA; VIDALON\nPAREJA;  JAIME DAVID","RESPONSABLE":"ACTIVOS\nMINEROS S.A.C.","GENERADOR":"NO IDENTIFICADO","ESTUDIOAMB":"PLAN DE CIERRE DE 64\nPASIVOS AMBIENTALES EL","N":"1594"},"geometry":{"type":"Point","coordinates":[-78.58838,-6.76116]}},{"type":"Feature","properties":{"Name":"LABOR MINERA","description":"","OBJECTID":"166","PROVINCIA":"HUALGAYOC","DISTRITO":"HUALGAYOC","CUENCA":"LLAUCANO","ZONA":"17","EXUNIDAD":"ATAHUALPA (LLAUCANO)","TIPO":"LABOR MINERA","SUBTIPO":"TAJO","REGION":"CAJAMARCA","ESTE":"766468","NORTE":"9251885","CODIGODM":"010000978U; 03000460X01;\n010009372U; 010778195","NOMBREDM":"COLORADA; LA VIZCACHA; SAN AGUSTIN N\u00ba1; SAN JOSE N\u00ba 1-A","TITULARDM":"BANCO MINERO DEL PERU EN LIQUIDACION; COMPA\u00d1IA MINERA COLQUIRRUMI S.A.; COMPA\u00d1IA MINERA SAN NICOLAS S.A.; CONSOLIDADA DE HUALGAYOC S.A.; GOLD FIELDS LA CIMA S.A.A.; VIDALON PAREJA;  JAIME DAVID","RESPONSABLE":"ACTIVOS MINEROS S.A.C.","GENERADOR":"NO IDENTIFICADO","ESTUDIOAMB":"PLAN DE CIERRE DE 64 PASIVOS AMBIENTALES EL DORADO","N":"1595"},"geometry":{"type":"Point","coordinates":[-78.58935,-6.76214]}},{"type":"Feature","properties":{"Name":"LABOR MINERA","description":"","OBJECTID":"167","PROVINCIA":"HUALGAYOC","DISTRITO":"HUALGAYOC","CUENCA":"LLAUCANO","ZONA":"17","EXUNIDAD":"ATAHUALPA (LLAUCANO)","TIPO":"LABOR MINERA","SUBTIPO":"BOCAMINA","REGION":"CAJAMARCA","ESTE":"766411","NORTE":"9252104","CODIGODM":"03001046X01; 010014272U;\n010778195","NOMBREDM":"CALLAO; MOROCHA PACCHA E IMPERIAL; SAN JOSE N\u00ba 1-A","TITULARDM":"COMPA\u00d1IA MINERA COLQUIRRUMI S.A.; CONSOLIDADA DE HUALGAYOC S.A.; GOLD FIELDS LA CIMA S.A.A.; S.M.R.L. MOROCHA DE CAJAMARCA; VIDALON\nPAREJA;  JAIME DAVID","RESPONSABLE":"ACTIVOS MINEROS S.A.C.","GENERADOR":"NO IDENTIFICADO","ESTUDIOAMB":"PLAN DE CIERRE DE 64 PASIVOS AMBIENTALES EL\nDORADO","N":"1596"},"geometry":{"type":"Point","coordinates":[-78.58988,-6.76017]}},{"type":"Feature","properties":{"Name":"LABOR MINERA","description":"","OBJECTID":"168","PROVINCIA":"HUALGAYOC","DISTRITO":"HUALGAYOC","CUENCA":"LLAUCANO","ZONA":"17","EXUNIDAD":"ATAHUALPA (LLAUCANO)","TIPO":"LABOR MINERA","SUBTIPO":"BOCAMINA","REGION":"CAJAMARCA","ESTE":"766502","NORTE":"9251911","CODIGODM":"03000460X01; 010009372U;\n010778195","NOMBREDM":"LA VIZCACHA; SAN AGUSTIN N\u00ba1; SAN JOSE N\u00ba 1-A","TITULARDM":"BANCO MINERO DEL PERU EN LIQUIDACION; COMPA\u00d1IA MINERA COLQUIRRUMI S.A.; CONSOLIDADA DE HUALGAYOC S.A.; GOLD FIELDS LA CIMA S.A.A.; VIDALON\nPAREJA;  JAIME DAVID","RESPONSABLE":"ACTIVOS MINEROS S.A.C.","GENERADOR":"NO IDENTIFICADO","ESTUDIOAMB":"PLAN DE CIERRE DE 64 PASIVOS AMBIENTALES EL\nDORADO","N":"1597"},"geometry":{"type":"Point","coordinates":[-78.58905,-6.76191]}},{"type":"Feature","properties":{"Name":"RESIDUO MINERO","description":"","OBJECTID":"169","PROVINCIA":"HUALGAYOC","DISTRITO":"HUALGAYOC","CUENCA":"LLAUCANO","ZONA":"17","EXUNIDAD":"ATAHUALPA (LLAUCANO)","TIPO":"RESIDUO MINERO","SUBTIPO":"DESMONTE DE MINA","REGION":"CAJAMARCA","ESTE":"766507","NORTE":"9251922","CODIGODM":"03000460X01; 010009372U;\n010778195","NOMBREDM":"LA VIZCACHA; SAN AGUSTIN N\u00ba1; SAN JOSE N\u00ba 1-A","TITULARDM":"BANCO MINERO DEL PERU EN LIQUIDACION; COMPA\u00d1IA MINERA COLQUIRRUMI S.A.; CONSOLIDADA DE HUALGAYOC S.A.; GOLD FIELDS LA CIMA S.A.A.; VIDALON\nPAREJA;  JAIME DAVID","RESPONSABLE":"ACTIVOS MINEROS S.A.C.","GENERADOR":"NO IDENTIFICADO","ESTUDIOAMB":"PLAN DE CIERRE DE 64 PASIVOS AMBIENTALES EL\nDORADO","N":"1598"},"geometry":{"type":"Point","coordinates":[-78.589,-6.76181]}},{"type":"Feature","properties":{"Name":"RESIDUO MINERO","description":"","OBJECTID":"170","PROVINCIA":"HUALGAYOC","DISTRITO":"HUALGAYOC","CUENCA":"LLAUCANO","ZONA":"17","EXUNIDAD":"ATAHUALPA (LLAUCANO)","TIPO":"RESIDUO MINERO","SUBTIPO":"DESMONTE DE MINA","REGION":"CAJAMARCA","ESTE":"766477","NORTE":"9251886","CODIGODM":"03000460X01; 010009372U;\n010778195","NOMBREDM":"LA VIZCACHA; SAN AGUSTIN N\u00ba1; SAN JOSE N\u00ba 1-A","TITULARDM":"BANCO MINERO DEL PERU EN LIQUIDACION; COMPA\u00d1IA MINERA COLQUIRRUMI S.A.; CONSOLIDADA DE HUALGAYOC S.A.; GOLD FIELDS LA CIMA S.A.A.; VIDALON\nPAREJA;  JAIME DAVID","RESPONSABLE":"ACTIVOS MINEROS S.A.C.","GENERADOR":"NO IDENTIFICADO","ESTUDIOAMB":"PLAN DE CIERRE DE 64 PASIVOS AMBIENTALES EL\nDORADO","N":"1599"},"geometry":{"type":"Point","coordinates":[-78.58927,-6.76213]}},{"type":"Feature","properties":{"Name":"RESIDUO MINERO","description":"","OBJECTID":"171","PROVINCIA":"HUALGAYOC","DISTRITO":"HUALGAYOC","CUENCA":"LLAUCANO","ZONA":"17","EXUNIDAD":"BARRAGAN (LLAUCANO)","TIPO":"RESIDUO MINERO","SUBTIPO":"DESMONTE DE MINA","REGION":"CAJAMARCA","ESTE":"764563","NORTE":"9251892","CODIGODM":"03000333Y01; 010009372U;\n010236794","NOMBREDM":"ROMA; SAN AGUSTIN N\u00ba1; SAN JOSE N\u00ba 1","TITULARDM":"COMPA\u00d1IA MINERA COLQUIRRUMI S.A.; COMPA\u00d1IA MINERA NUEVA ITALIA S.A.; GOLD FIELDS LA CIMA S.A.A.; VIDALON PAREJA;  JAIME DAVID","RESPONSABLE":"COMPA\u00d1IA MINERA COLQUIRRUMI\nS.A.","GENERADOR":"NO IDENTIFICADO","ESTUDIOAMB":"PCPAM DE LA UNIDAD MINERA COLQUIRRUMI -\"HUALGAYOC\"","N":"1600"},"geometry":{"type":"Point","coordinates":[-78.60658,-6.76216]}},{"type":"Feature","properties":{"Name":"RESIDUO MINERO","description":"","OBJECTID":"273","PROVINCIA":"HUALGAYOC","DISTRITO":"HUALGAYOC","CUENCA":"LLAUCANO","ZONA":"17","EXUNIDAD":"CAROLINA (LLAUCANO)","TIPO":"RESIDUO MINERO","SUBTIPO":"DESMONTE DE MINA","REGION":"CAJAMARCA","ESTE":"760396","NORTE":"9254819","CODIGODM":"010000184U; 0302146BX01;\n010320705","NOMBREDM":"CAROLINA N\u00ba1; EL MANJAR N\u00ba 2- A4 (FRACCIONADO); PILANCONES\n2005 A","TITULARDM":"CONSOLIDADA DE HUALGAYOC S.A.; EXPLORACIONES MINERAS COCHORCO S.A; GOLD FIELDS LA CIMA S.A.; HUALGAYOC HOLDING S.A.C.; SOCIEDAD MINERA\nCORONA S.A.; SOCIEDAD MINERA LA CIMA S.A.","RESPONSABLE":"SOCIEDAD MINERA CORONA\nS.A.","GENERADOR":"NO IDENTIFICADO","ESTUDIOAMB":"PCM DE LA EX UNIDAD DE PRODUCCI\u00d3N CAROLINA N\u00b01","N":"1702"},"geometry":{"type":"Point","coordinates":[-78.64438,-6.73589]}},{"type":"Feature","properties":{"Name":"RESIDUO MINERO","description":"","OBJECTID":"274","PROVINCIA":"HUALGAYOC","DISTRITO":"HUALGAYOC","CUENCA":"LLAUCANO","ZONA":"17","EXUNIDAD":"CAROLINA (LLAUCANO)","TIPO":"RESIDUO MINERO","SUBTIPO":"DESMONTE DE MINA","REGION":"CAJAMARCA","ESTE":"761154","NORTE":"9255416","CODIGODM":"010000184U; 0302146EX01;\n010320705","NOMBREDM":"CAROLINA N\u00ba1; EL MANJAR N\u00ba 2- A8 (FRACCIONADO); PILANCONES\n2005 A","TITULARDM":"CONSOLIDADA DE HUALGAYOC S.A.; EXPLORACIONES MINERAS COCHORCO S.A; GOLD FIELDS LA CIMA S.A.; HUALGAYOC HOLDING S.A.C.; SOCIEDAD MINERA\nCORONA S.A.; SOCIEDAD MINERA LA CIMA S.A.","RESPONSABLE":"---","GENERADOR":"NO IDENTIFICADO","ESTUDIOAMB":"---","N":"1703"},"geometry":{"type":"Point","coordinates":[-78.63755,-6.73046]}},{"type":"Feature","properties":{"Name":"LABOR MINERA","description":"","OBJECTID":"275","PROVINCIA":"HUALGAYOC","DISTRITO":"HUALGAYOC","CUENCA":"LLAUCANO","ZONA":"17","EXUNIDAD":"CAROLINA (LLAUCANO)","TIPO":"LABOR MINERA","SUBTIPO":"TRINCHERA","REGION":"CAJAMARCA","ESTE":"759762","NORTE":"9256192","CODIGODM":"010000184U; 0302146FX01;\n010320705","NOMBREDM":"CAROLINA N\u00ba1; EL MANJAR N\u00ba 2- A9 (FRACCIONADO); PILANCONES\n2005 A","TITULARDM":"CONSOLIDADA DE HUALGAYOC S.A.; EXPLORACIONES MINERAS COCHORCO S.A; GOLD FIELDS LA CIMA S.A.; HUALGAYOC HOLDING S.A.C.; SOCIEDAD MINERA\nCORONA S.A.; SOCIEDAD MINERA LA CIMA S.A.","RESPONSABLE":"SOCIEDAD MINERA CORONA\nS.A.","GENERADOR":"NO IDENTIFICADO","ESTUDIOAMB":"PCM DE LA EX UNIDAD DE PRODUCCI\u00d3N CAROLINA N\u00b01","N":"1704"},"geometry":{"type":"Point","coordinates":[-78.65017,-6.72351]}},{"type":"Feature","properties":{"Name":"LABOR MINERA","description":"","OBJECTID":"276","PROVINCIA":"HUALGAYOC","DISTRITO":"HUALGAYOC","CUENCA":"LLAUCANO","ZONA":"17","EXUNIDAD":"CAROLINA (LLAUCANO)","TIPO":"LABOR MINERA","SUBTIPO":"TAJEO COMUNICADO","REGION":"CAJAMARCA","ESTE":"760232","NORTE":"9256251","CODIGODM":"03000370X02; 010320705;\n010009272U","NOMBREDM":"ABASTECEDORA N\u00ba 1; PILANCONES 2005 A; SAN\nAGUSTIN N\u00ba2","TITULARDM":"COMPA\u00d1IA EXPLOTADORA MINA SAN AGUSTIN S.A.; COMPA\u00d1IA MINERA COLQUIRRUMI S.A.; CONSOLIDADA DE HUALGAYOC S.A.; EXPLORACIONES\nMINERAS COCHORCO S.A","RESPONSABLE":"---","GENERADOR":"NO IDENTIFICADO","ESTUDIOAMB":"---","N":"1705"},"geometry":{"type":"Point","coordinates":[-78.64593,-6.72296]}},{"type":"Feature","properties":{"Name":"RESIDUO MINERO","description":"","OBJECTID":"277","PROVINCIA":"HUALGAYOC","DISTRITO":"HUALGAYOC","CUENCA":"LLAUCANO","ZONA":"17","EXUNIDAD":"CAROLINA (LLAUCANO)","TIPO":"RESIDUO MINERO","SUBTIPO":"DESMONTE DE MINA","REGION":"CAJAMARCA","ESTE":"760757","NORTE":"9255393","CODIGODM":"010000184U; 0302146EX01;\n010320705","NOMBREDM":"CAROLINA N\u00ba1; EL MANJAR N\u00ba 2- A8 (FRACCIONADO); PILANCONES\n2005 A","TITULARDM":"CONSOLIDADA DE HUALGAYOC S.A.; EXPLORACIONES MINERAS COCHORCO S.A; GOLD FIELDS LA CIMA S.A.; HUALGAYOC HOLDING S.A.C.; SOCIEDAD MINERA\nCORONA S.A.; SOCIEDAD MINERA LA CIMA S.A.","RESPONSABLE":"SOCIEDAD MINERA CORONA\nS.A.","GENERADOR":"NO IDENTIFICADO","ESTUDIOAMB":"PCM DE LA EX UNIDAD DE PRODUCCI\u00d3N CAROLINA N\u00b01","N":"1706"},"geometry":{"type":"Point","coordinates":[-78.64114,-6.73069]}},{"type":"Feature","properties":{"Name":"RESIDUO MINERO","description":"","OBJECTID":"278","PROVINCIA":"HUALGAYOC","DISTRITO":"HUALGAYOC","CUENCA":"LLAUCANO","ZONA":"17","EXUNIDAD":"CAROLINA (LLAUCANO)","TIPO":"RESIDUO MINERO","SUBTIPO":"DESMONTE DE MINA","REGION":"CAJAMARCA","ESTE":"760686","NORTE":"9255473","CODIGODM":"010000184U; 03000151X01;\n010320705","NOMBREDM":"CAROLINA N\u00ba1; ORLANDO I; PILANCONES 2005 A","TITULARDM":"CONSOLIDADA DE HUALGAYOC S.A.; EXPLORACIONES MINERAS COCHORCO S.A; GOLD FIELDS LA CIMA S.A.; HUALGAYOC HOLDING S.A.C.; SOCIEDAD MINERA\nCORONA S.A.; SOCIEDAD MINERA LA CIMA S.A.","RESPONSABLE":"SOCIEDAD MINERA CORONA\nS.A.","GENERADOR":"NO IDENTIFICADO","ESTUDIOAMB":"PCM DE LA EX UNIDAD DE PRODUCCI\u00d3N CAROLINA N\u00b01","N":"1707"},"geometry":{"type":"Point","coordinates":[-78.64179,-6.72997]}},{"type":"Feature","properties":{"Name":"RESIDUO MINERO","description":"","OBJECTID":"279","PROVINCIA":"HUALGAYOC","DISTRITO":"HUALGAYOC","CUENCA":"LLAUCANO","ZONA":"17","EXUNIDAD":"CAROLINA (LLAUCANO)","TIPO":"RESIDUO MINERO","SUBTIPO":"DESMONTE DE MINA","REGION":"CAJAMARCA","ESTE":"759760","NORTE":"9256174","CODIGODM":"010000184U; 0302146FX01;\n010320705","NOMBREDM":"CAROLINA N\u00ba1; EL MANJAR N\u00ba 2- A9 (FRACCIONADO); PILANCONES\n2005 A","TITULARDM":"CONSOLIDADA DE HUALGAYOC S.A.; EXPLORACIONES MINERAS COCHORCO S.A; GOLD FIELDS LA CIMA S.A.; HUALGAYOC HOLDING S.A.C.; SOCIEDAD MINERA\nCORONA S.A.; SOCIEDAD MINERA LA CIMA S.A.","RESPONSABLE":"SOCIEDAD MINERA CORONA\nS.A.","GENERADOR":"NO IDENTIFICADO","ESTUDIOAMB":"PCM DE LA EX UNIDAD DE PRODUCCI\u00d3N CAROLINA N\u00b01","N":"1708"},"geometry":{"type":"Point","coordinates":[-78.65019,-6.72367]}},{"type":"Feature","properties":{"Name":"RESIDUO MINERO","description":"","OBJECTID":"280","PROVINCIA":"HUALGAYOC","DISTRITO":"HUALGAYOC","CUENCA":"LLAUCANO","ZONA":"17","EXUNIDAD":"CAROLINA (LLAUCANO)","TIPO":"RESIDUO MINERO","SUBTIPO":"DESMONTE DE MINA","REGION":"CAJAMARCA","ESTE":"760809","NORTE":"9255674","CODIGODM":"010000184U; 03000151X01","NOMBREDM":"CAROLINA N\u00ba1; ORLANDO I","TITULARDM":"CONSOLIDADA DE HUALGAYOC S.A.; GOLD FIELDS LA CIMA S.A.; HUALGAYOC HOLDING S.A.C.; SOCIEDAD MINERA CORONA S.A.; SOCIEDAD MINERA LA CIMA\nS.A.","RESPONSABLE":"---","GENERADOR":"NO IDENTIFICADO","ESTUDIOAMB":"---","N":"1709"},"geometry":{"type":"Point","coordinates":[-78.64068,-6.72815]}},{"type":"Feature","properties":{"Name":"LABOR MINERA","description":"","OBJECTID":"231","PROVINCIA":"HUALGAYOC","DISTRITO":"HUALGAYOC","CUENCA":"LLAUCANO","ZONA":"17","EXUNIDAD":"CAROLINA (LLAUCANO)","TIPO":"LABOR MINERA","SUBTIPO":"BOCAMINA","REGION":"CAJAMARCA","ESTE":"761304","NORTE":"9253968","CODIGODM":"010000184U; 03001043X01;\n010336794","NOMBREDM":"CAROLINA N\u00ba1; DON PACO; TANTAHUATAY N\u00ba 24","TITULARDM":"COMPA\u00d1IA DE MINAS BUENAVENTURA S.A.A.; COMPA\u00d1IA MINERA COIMOLACHE S.A.; CONSOLIDADA DE HUALGAYOC S.A.; GOLD FIELDS LA CIMA S.A.; HUALGAYOC HOLDING S.A.C.; SOCIEDAD MINERA CORONA S.A.; SOCIEDAD MINERA LA CIMA\nS.A.","RESPONSABLE":"SOCIEDAD MINERA CORONA S.A.","GENERADOR":"NO IDENTIFICADO","ESTUDIOAMB":"PCM DE LA EX UNIDAD DE PRODUCCI\u00d3N CAROLINA N\u00b01","N":"1660"},"geometry":{"type":"Point","coordinates":[-78.63613,-6.74354]}},{"type":"Feature","properties":{"Name":"LABOR MINERA","description":"","OBJECTID":"232","PROVINCIA":"HUALGAYOC","DISTRITO":"HUALGAYOC","CUENCA":"LLAUCANO","ZONA":"17","EXUNIDAD":"CAROLINA (LLAUCANO)","TIPO":"LABOR MINERA","SUBTIPO":"TAJEO COMUNICADO","REGION":"CAJAMARCA","ESTE":"761307","NORTE":"9253982","CODIGODM":"010000184U; 03001043X01;\n010336794","NOMBREDM":"CAROLINA N\u00ba1; DON PACO; TANTAHUATAY N\u00ba 24","TITULARDM":"COMPA\u00d1IA DE MINAS BUENAVENTURA S.A.A.; COMPA\u00d1IA MINERA COIMOLACHE S.A.; CONSOLIDADA DE HUALGAYOC S.A.; GOLD FIELDS LA CIMA S.A.; HUALGAYOC HOLDING S.A.C.; SOCIEDAD MINERA CORONA S.A.; SOCIEDAD MINERA LA CIMA\nS.A.","RESPONSABLE":"SOCIEDAD MINERA CORONA S.A.","GENERADOR":"NO IDENTIFICADO","ESTUDIOAMB":"PCM DE LA EX UNIDAD DE PRODUCCI\u00d3N CAROLINA N\u00b01","N":"1661"},"geometry":{"type":"Point","coordinates":[-78.63611,-6.74342]}},{"type":"Feature","properties":{"Name":"LABOR MINERA","description":"","OBJECTID":"233","PROVINCIA":"HUALGAYOC","DISTRITO":"HUALGAYOC","CUENCA":"LLAUCANO","ZONA":"17","EXUNIDAD":"CAROLINA (LLAUCANO)","TIPO":"LABOR MINERA","SUBTIPO":"TAJO","REGION":"CAJAMARCA","ESTE":"761288","NORTE":"9254138","CODIGODM":"010000184U; 03000403X01;\n010336794","NOMBREDM":"CAROLINA N\u00ba1; PUNTO VICTORIA SEIS; TANTAHUATAY N\u00ba 24","TITULARDM":"COMPA\u00d1IA DE MINAS BUENAVENTURA S.A.A.; COMPA\u00d1IA MINERA COIMOLACHE S.A.; CONSOLIDADA DE HUALGAYOC S.A.; GOLD FIELDS LA CIMA S.A.; HUALGAYOC HOLDING S.A.C.; SOCIEDAD MINERA CORONA S.A.; SOCIEDAD MINERA LA CIMA\nS.A.","RESPONSABLE":"SOCIEDAD MINERA CORONA S.A.","GENERADOR":"NO IDENTIFICADO","ESTUDIOAMB":"PCM DE LA EX UNIDAD DE PRODUCCI\u00d3N CAROLINA N\u00b01","N":"1662"},"geometry":{"type":"Point","coordinates":[-78.63629,-6.74201]}},{"type":"Feature","properties":{"Name":"LABOR MINERA","description":"","OBJECTID":"234","PROVINCIA":"HUALGAYOC","DISTRITO":"HUALGAYOC","CUENCA":"LLAUCANO","ZONA":"17","EXUNIDAD":"CAROLINA (LLAUCANO)","TIPO":"LABOR MINERA","SUBTIPO":"TRINCHERA","REGION":"CAJAMARCA","ESTE":"761309","NORTE":"9254011","CODIGODM":"010000184U; 03001043X01;\n010336794","NOMBREDM":"CAROLINA N\u00ba1; DON PACO; TANTAHUATAY N\u00ba 24","TITULARDM":"COMPA\u00d1IA DE MINAS BUENAVENTURA S.A.A.; COMPA\u00d1IA MINERA COIMOLACHE S.A.; CONSOLIDADA DE HUALGAYOC S.A.; GOLD FIELDS LA CIMA S.A.; HUALGAYOC HOLDING S.A.C.; SOCIEDAD MINERA CORONA S.A.; SOCIEDAD MINERA LA CIMA\nS.A.","RESPONSABLE":"SOCIEDAD MINERA CORONA S.A.","GENERADOR":"NO IDENTIFICADO","ESTUDIOAMB":"PCM DE LA EX UNIDAD DE PRODUCCI\u00d3N CAROLINA N\u00b01","N":"1663"},"geometry":{"type":"Point","coordinates":[-78.63609,-6.74316]}},{"type":"Feature","properties":{"Name":"LABOR MINERA","description":"","OBJECTID":"235","PROVINCIA":"HUALGAYOC","DISTRITO":"HUALGAYOC","CUENCA":"LLAUCANO","ZONA":"17","EXUNIDAD":"CAROLINA (LLAUCANO)","TIPO":"LABOR MINERA","SUBTIPO":"BOCAMINA","REGION":"CAJAMARCA","ESTE":"761844","NORTE":"9253631","CODIGODM":"010231904; 010000184U;\n03000929X01","NOMBREDM":"AMANECER MINERO GF; CAROLINA N\u00ba1; EL MOLINO","TITULARDM":"CONSOLIDADA DE HUALGAYOC S.A.; GOLD FIELDS LA CIMA S.A.; MINERA INCOGNITA S.A.; SOCIEDAD MINERA CORONA S.A.; SOCIEDAD MINERA LA CIMA\nS.A.","RESPONSABLE":"SOCIEDAD MINERA CORONA\nS.A.","GENERADOR":"NO IDENTIFICADO","ESTUDIOAMB":"PCM DE LA EX UNIDAD DE PRODUCCI\u00d3N CAROLINA N\u00b01","N":"1664"},"geometry":{"type":"Point","coordinates":[-78.63124,-6.74657]}},{"type":"Feature","properties":{"Name":"LABOR MINERA","description":"","OBJECTID":"236","PROVINCIA":"HUALGAYOC","DISTRITO":"HUALGAYOC","CUENCA":"LLAUCANO","ZONA":"17","EXUNIDAD":"CAROLINA (LLAUCANO)","TIPO":"LABOR MINERA","SUBTIPO":"BOCAMINA","REGION":"CAJAMARCA","ESTE":"761242","NORTE":"9254470","CODIGODM":"03000376X01; 010000184U;\n03000158X01; 010336794","NOMBREDM":"BELLA UNION; CAROLINA N\u00ba1; RULITO; TANTAHUATAY N\u00ba 24","TITULARDM":"COMPA\u00d1IA DE MINAS BUENAVENTURA S.A.A.; COMPA\u00d1IA MINERA COIMOLACHE S.A.; CONSOLIDADA DE HUALGAYOC S.A.; GOLD FIELDS LA CIMA S.A.; HUALGAYOC HOLDING S.A.C.; SOCIEDAD MINERA CORONA S.A.; SOCIEDAD MINERA LA CIMA\nS.A.","RESPONSABLE":"SOCIEDAD MINERA CORONA S.A.","GENERADOR":"NO IDENTIFICADO","ESTUDIOAMB":"PCM DE LA EX UNIDAD DE PRODUCCI\u00d3N CAROLINA N\u00b01","N":"1665"},"geometry":{"type":"Point","coordinates":[-78.63672,-6.73901]}},{"type":"Feature","properties":{"Name":"LABOR MINERA","description":"","OBJECTID":"237","PROVINCIA":"HUALGAYOC","DISTRITO":"HUALGAYOC","CUENCA":"LLAUCANO","ZONA":"17","EXUNIDAD":"CAROLINA (LLAUCANO)","TIPO":"LABOR MINERA","SUBTIPO":"BOCAMINA","REGION":"CAJAMARCA","ESTE":"761252","NORTE":"9254454","CODIGODM":"03000376X01; 010000184U;\n03000158X01; 010336794","NOMBREDM":"BELLA UNION; CAROLINA N\u00ba1; RULITO; TANTAHUATAY N\u00ba 24","TITULARDM":"COMPA\u00d1IA DE MINAS BUENAVENTURA S.A.A.; COMPA\u00d1IA MINERA COIMOLACHE S.A.; CONSOLIDADA DE HUALGAYOC S.A.; GOLD FIELDS LA CIMA S.A.; HUALGAYOC HOLDING S.A.C.; SOCIEDAD MINERA CORONA S.A.; SOCIEDAD MINERA LA CIMA\nS.A.","RESPONSABLE":"SOCIEDAD MINERA CORONA S.A.","GENERADOR":"NO IDENTIFICADO","ESTUDIOAMB":"PCM DE LA EX UNIDAD DE PRODUCCI\u00d3N CAROLINA N\u00b01","N":"1666"},"geometry":{"type":"Point","coordinates":[-78.63663,-6.73915]}},{"type":"Feature","properties":{"Name":"LABOR MINERA","description":"","OBJECTID":"238","PROVINCIA":"HUALGAYOC","DISTRITO":"HUALGAYOC","CUENCA":"LLAUCANO","ZONA":"17","EXUNIDAD":"CAROLINA (LLAUCANO)","TIPO":"LABOR MINERA","SUBTIPO":"BOCAMINA","REGION":"CAJAMARCA","ESTE":"761280","NORTE":"9254428","CODIGODM":"03000376X01; 010000184U;\n010336794","NOMBREDM":"BELLA UNION; CAROLINA N\u00ba1; TANTAHUATAY N\u00ba 24","TITULARDM":"COMPA\u00d1IA DE MINAS BUENAVENTURA S.A.A.; COMPA\u00d1IA MINERA COIMOLACHE S.A.; CONSOLIDADA DE HUALGAYOC S.A.; GOLD FIELDS LA CIMA S.A.; HUALGAYOC HOLDING S.A.C.; SOCIEDAD MINERA CORONA S.A.; SOCIEDAD MINERA LA CIMA\nS.A.","RESPONSABLE":"SOCIEDAD MINERA CORONA S.A.","GENERADOR":"NO IDENTIFICADO","ESTUDIOAMB":"PCM DE LA EX UNIDAD DE PRODUCCI\u00d3N CAROLINA N\u00b01","N":"1667"},"geometry":{"type":"Point","coordinates":[-78.63637,-6.73939]}},{"type":"Feature","properties":{"Name":"LABOR MINERA","description":"","OBJECTID":"239","PROVINCIA":"HUALGAYOC","DISTRITO":"HUALGAYOC","CUENCA":"LLAUCANO","ZONA":"17","EXUNIDAD":"CAROLINA (LLAUCANO)","TIPO":"LABOR MINERA","SUBTIPO":"BOCAMINA","REGION":"CAJAMARCA","ESTE":"761202","NORTE":"9254480","CODIGODM":"03000376X01; 010000184U;\n03000158X01; 010336794","NOMBREDM":"BELLA UNION; CAROLINA N\u00ba1; RULITO; TANTAHUATAY N\u00ba 24","TITULARDM":"COMPA\u00d1IA DE MINAS BUENAVENTURA S.A.A.; COMPA\u00d1IA MINERA COIMOLACHE S.A.; CONSOLIDADA DE HUALGAYOC S.A.; GOLD FIELDS LA CIMA S.A.; HUALGAYOC HOLDING S.A.C.; SOCIEDAD MINERA CORONA S.A.; SOCIEDAD MINERA LA CIMA\nS.A.","RESPONSABLE":"SOCIEDAD MINERA CORONA S.A.","GENERADOR":"NO IDENTIFICADO","ESTUDIOAMB":"PCM DE LA EX UNIDAD DE PRODUCCI\u00d3N CAROLINA N\u00b01","N":"1668"},"geometry":{"type":"Point","coordinates":[-78.63708,-6.73892]}},{"type":"Feature","properties":{"Name":"LABOR MINERA","description":"","OBJECTID":"240","PROVINCIA":"HUALGAYOC","DISTRITO":"HUALGAYOC","CUENCA":"LLAUCANO","ZONA":"17","EXUNIDAD":"CAROLINA (LLAUCANO)","TIPO":"LABOR MINERA","SUBTIPO":"BOCAMINA","REGION":"CAJAMARCA","ESTE":"761253","NORTE":"9254495","CODIGODM":"03000376X01; 010000184U;\n03000158X01; 010336794","NOMBREDM":"BELLA UNION; CAROLINA N\u00ba1; RULITO; TANTAHUATAY N\u00ba 24","TITULARDM":"COMPA\u00d1IA DE MINAS BUENAVENTURA S.A.A.; COMPA\u00d1IA MINERA COIMOLACHE S.A.; CONSOLIDADA DE HUALGAYOC S.A.; GOLD FIELDS LA CIMA S.A.; HUALGAYOC HOLDING S.A.C.; SOCIEDAD MINERA CORONA S.A.; SOCIEDAD MINERA LA CIMA\nS.A.","RESPONSABLE":"SOCIEDAD MINERA CORONA S.A.","GENERADOR":"NO IDENTIFICADO","ESTUDIOAMB":"PCM DE LA EX UNIDAD DE PRODUCCI\u00d3N CAROLINA N\u00b01","N":"1669"},"geometry":{"type":"Point","coordinates":[-78.63662,-6.73878]}},{"type":"Feature","properties":{"Name":"LABOR MINERA","description":"","OBJECTID":"241","PROVINCIA":"HUALGAYOC","DISTRITO":"HUALGAYOC","CUENCA":"LLAUCANO","ZONA":"17","EXUNIDAD":"CAROLINA (LLAUCANO)","TIPO":"LABOR MINERA","SUBTIPO":"BOCAMINA","REGION":"CAJAMARCA","ESTE":"761225","NORTE":"9254337","CODIGODM":"03000376X01; 010000184U;\n03000403X01; 010336794","NOMBREDM":"BELLA UNION; CAROLINA N\u00ba1; PUNTO VICTORIA SEIS; TANTAHUATAY N\u00ba 24","TITULARDM":"COMPA\u00d1IA DE MINAS BUENAVENTURA S.A.A.; COMPA\u00d1IA MINERA COIMOLACHE S.A.; CONSOLIDADA DE HUALGAYOC S.A.; GOLD FIELDS LA CIMA S.A.; HUALGAYOC HOLDING S.A.C.; SOCIEDAD MINERA CORONA S.A.; SOCIEDAD MINERA LA CIMA\nS.A.","RESPONSABLE":"SOCIEDAD MINERA CORONA S.A.","GENERADOR":"NO IDENTIFICADO","ESTUDIOAMB":"PCM DE LA EX UNIDAD DE PRODUCCI\u00d3N CAROLINA N\u00b01","N":"1670"},"geometry":{"type":"Point","coordinates":[-78.63686,-6.74021]}},{"type":"Feature","properties":{"Name":"LABOR MINERA","description":"","OBJECTID":"242","PROVINCIA":"HUALGAYOC","DISTRITO":"HUALGAYOC","CUENCA":"LLAUCANO","ZONA":"17","EXUNIDAD":"CAROLINA (LLAUCANO)","TIPO":"LABOR MINERA","SUBTIPO":"BOCAMINA","REGION":"CAJAMARCA","ESTE":"761192","NORTE":"9254347","CODIGODM":"03000376X01; 010000184U;\n010336794","NOMBREDM":"BELLA UNION; CAROLINA N\u00ba1; TANTAHUATAY N\u00ba 24","TITULARDM":"COMPA\u00d1IA DE MINAS BUENAVENTURA S.A.A.; COMPA\u00d1IA MINERA COIMOLACHE S.A.; CONSOLIDADA DE HUALGAYOC S.A.; GOLD FIELDS LA CIMA S.A.; HUALGAYOC HOLDING S.A.C.; SOCIEDAD MINERA CORONA S.A.; SOCIEDAD MINERA LA CIMA\nS.A.","RESPONSABLE":"SOCIEDAD MINERA CORONA S.A.","GENERADOR":"NO IDENTIFICADO","ESTUDIOAMB":"PCM DE LA EX UNIDAD DE PRODUCCI\u00d3N CAROLINA N\u00b01","N":"1671"},"geometry":{"type":"Point","coordinates":[-78.63716,-6.74012]}},{"type":"Feature","properties":{"Name":"LABOR MINERA","description":"","OBJECTID":"243","PROVINCIA":"HUALGAYOC","DISTRITO":"HUALGAYOC","CUENCA":"LLAUCANO","ZONA":"17","EXUNIDAD":"CAROLINA (LLAUCANO)","TIPO":"LABOR MINERA","SUBTIPO":"BOCAMINA","REGION":"CAJAMARCA","ESTE":"761142","NORTE":"9254560","CODIGODM":"010000184U; 03000158X01;\n010336794","NOMBREDM":"CAROLINA N\u00ba1; RULITO; TANTAHUATAY N\u00ba 24","TITULARDM":"COMPA\u00d1IA DE MINAS BUENAVENTURA S.A.A.; COMPA\u00d1IA MINERA COIMOLACHE S.A.; CONSOLIDADA DE HUALGAYOC S.A.; GOLD FIELDS LA CIMA S.A.; HUALGAYOC HOLDING S.A.C.; SOCIEDAD MINERA CORONA S.A.; SOCIEDAD MINERA LA CIMA\nS.A.","RESPONSABLE":"SOCIEDAD MINERA CORONA S.A.","GENERADOR":"NO IDENTIFICADO","ESTUDIOAMB":"PCM DE LA EX UNIDAD DE PRODUCCI\u00d3N CAROLINA N\u00b01","N":"1672"},"geometry":{"type":"Point","coordinates":[-78.63762,-6.7382]}},{"type":"Feature","properties":{"Name":"LABOR MINERA","description":"","OBJECTID":"244","PROVINCIA":"HUALGAYOC","DISTRITO":"HUALGAYOC","CUENCA":"LLAUCANO","ZONA":"17","EXUNIDAD":"CAROLINA (LLAUCANO)","TIPO":"LABOR MINERA","SUBTIPO":"BOCAMINA","REGION":"CAJAMARCA","ESTE":"761103","NORTE":"9254570","CODIGODM":"010000184U; 03000158X01;\n010336794","NOMBREDM":"CAROLINA N\u00ba1; RULITO; TANTAHUATAY N\u00ba 24","TITULARDM":"COMPA\u00d1IA DE MINAS BUENAVENTURA S.A.A.; COMPA\u00d1IA MINERA COIMOLACHE S.A.; CONSOLIDADA DE HUALGAYOC S.A.; GOLD FIELDS LA CIMA S.A.; HUALGAYOC HOLDING S.A.C.; SOCIEDAD MINERA CORONA S.A.; SOCIEDAD MINERA LA CIMA\nS.A.","RESPONSABLE":"SOCIEDAD MINERA CORONA S.A.","GENERADOR":"NO IDENTIFICADO","ESTUDIOAMB":"PCM DE LA EX UNIDAD DE PRODUCCI\u00d3N CAROLINA N\u00b01","N":"1673"},"geometry":{"type":"Point","coordinates":[-78.63798,-6.73811]}},{"type":"Feature","properties":{"Name":"LABOR MINERA","description":"","OBJECTID":"245","PROVINCIA":"HUALGAYOC","DISTRITO":"HUALGAYOC","CUENCA":"LLAUCANO","ZONA":"17","EXUNIDAD":"CAROLINA (LLAUCANO)","TIPO":"LABOR MINERA","SUBTIPO":"BOCAMINA","REGION":"CAJAMARCA","ESTE":"761087","NORTE":"9254510","CODIGODM":"010000184U; 03000158X01;\n010336794","NOMBREDM":"CAROLINA N\u00ba1; RULITO; TANTAHUATAY N\u00ba 24","TITULARDM":"COMPA\u00d1IA DE MINAS BUENAVENTURA S.A.A.; COMPA\u00d1IA MINERA COIMOLACHE S.A.; CONSOLIDADA DE HUALGAYOC S.A.; GOLD FIELDS LA CIMA S.A.; HUALGAYOC HOLDING S.A.C.; SOCIEDAD MINERA CORONA S.A.; SOCIEDAD MINERA LA CIMA\nS.A.","RESPONSABLE":"SOCIEDAD MINERA CORONA S.A.","GENERADOR":"NO IDENTIFICADO","ESTUDIOAMB":"PCM DE LA EX UNIDAD DE PRODUCCI\u00d3N CAROLINA N\u00b01","N":"1674"},"geometry":{"type":"Point","coordinates":[-78.63812,-6.73866]}},{"type":"Feature","properties":{"Name":"LABOR MINERA","description":"","OBJECTID":"246","PROVINCIA":"HUALGAYOC","DISTRITO":"HUALGAYOC","CUENCA":"LLAUCANO","ZONA":"17","EXUNIDAD":"CAROLINA (LLAUCANO)","TIPO":"LABOR MINERA","SUBTIPO":"BOCAMINA","REGION":"CAJAMARCA","ESTE":"761143","NORTE":"9254318","CODIGODM":"03000376X01; 010000184U;\n03000403X01; 010336794","NOMBREDM":"BELLA UNION; CAROLINA N\u00ba1; PUNTO VICTORIA SEIS; TANTAHUATAY N\u00ba 24","TITULARDM":"COMPA\u00d1IA DE MINAS BUENAVENTURA S.A.A.; COMPA\u00d1IA MINERA COIMOLACHE S.A.; CONSOLIDADA DE HUALGAYOC S.A.; GOLD FIELDS LA CIMA S.A.; HUALGAYOC HOLDING S.A.C.; SOCIEDAD MINERA CORONA S.A.; SOCIEDAD MINERA LA CIMA\nS.A.","RESPONSABLE":"SOCIEDAD MINERA CORONA S.A.","GENERADOR":"NO IDENTIFICADO","ESTUDIOAMB":"PCM DE LA EX UNIDAD DE PRODUCCI\u00d3N CAROLINA N\u00b01","N":"1675"},"geometry":{"type":"Point","coordinates":[-78.6376,-6.74039]}},{"type":"Feature","properties":{"Name":"LABOR MINERA","description":"","OBJECTID":"247","PROVINCIA":"HUALGAYOC","DISTRITO":"HUALGAYOC","CUENCA":"LLAUCANO","ZONA":"17","EXUNIDAD":"CAROLINA (LLAUCANO)","TIPO":"LABOR MINERA","SUBTIPO":"TAJEO COMUNICADO","REGION":"CAJAMARCA","ESTE":"761172","NORTE":"9254527","CODIGODM":"03000376X01; 010000184U;\n03000158X01; 010336794","NOMBREDM":"BELLA UNION; CAROLINA N\u00ba1; RULITO; TANTAHUATAY N\u00ba 24","TITULARDM":"COMPA\u00d1IA DE MINAS BUENAVENTURA S.A.A.; COMPA\u00d1IA MINERA COIMOLACHE S.A.; CONSOLIDADA DE HUALGAYOC S.A.; GOLD FIELDS LA CIMA S.A.; HUALGAYOC HOLDING S.A.C.; SOCIEDAD MINERA CORONA S.A.; SOCIEDAD MINERA LA CIMA\nS.A.","RESPONSABLE":"SOCIEDAD MINERA CORONA S.A.","GENERADOR":"NO IDENTIFICADO","ESTUDIOAMB":"PCM DE LA EX UNIDAD DE PRODUCCI\u00d3N CAROLINA N\u00b01","N":"1676"},"geometry":{"type":"Point","coordinates":[-78.63735,-6.7385]}},{"type":"Feature","properties":{"Name":"LABOR MINERA","description":"","OBJECTID":"248","PROVINCIA":"HUALGAYOC","DISTRITO":"HUALGAYOC","CUENCA":"LLAUCANO","ZONA":"17","EXUNIDAD":"CAROLINA (LLAUCANO)","TIPO":"LABOR MINERA","SUBTIPO":"CHIMENEA","REGION":"CAJAMARCA","ESTE":"761265","NORTE":"9254485","CODIGODM":"03000376X01; 010000184U;\n03000158X01; 010336794","NOMBREDM":"BELLA UNION; CAROLINA N\u00ba1; RULITO; TANTAHUATAY N\u00ba 24","TITULARDM":"COMPA\u00d1IA DE MINAS BUENAVENTURA S.A.A.; COMPA\u00d1IA MINERA COIMOLACHE S.A.; CONSOLIDADA DE HUALGAYOC S.A.; GOLD FIELDS LA CIMA S.A.; HUALGAYOC HOLDING S.A.C.; SOCIEDAD MINERA CORONA S.A.; SOCIEDAD MINERA LA CIMA\nS.A.","RESPONSABLE":"SOCIEDAD MINERA CORONA S.A.","GENERADOR":"NO IDENTIFICADO","ESTUDIOAMB":"PCM DE LA EX UNIDAD DE PRODUCCI\u00d3N CAROLINA N\u00b01","N":"1677"},"geometry":{"type":"Point","coordinates":[-78.63651,-6.73887]}},{"type":"Feature","properties":{"Name":"LABOR MINERA","description":"","OBJECTID":"249","PROVINCIA":"HUALGAYOC","DISTRITO":"HUALGAYOC","CUENCA":"LLAUCANO","ZONA":"17","EXUNIDAD":"CAROLINA (LLAUCANO)","TIPO":"LABOR MINERA","SUBTIPO":"CHIMENEA","REGION":"CAJAMARCA","ESTE":"761097","NORTE":"9254380","CODIGODM":"010000184U; 03002146X01;\n010336794","NOMBREDM":"CAROLINA N\u00ba1; EL MANJAR N\u00ba 2; TANTAHUATAY N\u00ba 24","TITULARDM":"COMPA\u00d1IA DE MINAS BUENAVENTURA S.A.A.; COMPA\u00d1IA MINERA COIMOLACHE S.A.; CONSOLIDADA DE HUALGAYOC S.A.; GOLD FIELDS LA CIMA S.A.; HUALGAYOC HOLDING S.A.C.; SOCIEDAD MINERA CORONA S.A.; SOCIEDAD MINERA LA CIMA\nS.A.","RESPONSABLE":"SOCIEDAD MINERA CORONA S.A.","GENERADOR":"NO IDENTIFICADO","ESTUDIOAMB":"PCM DE LA EX UNIDAD DE PRODUCCI\u00d3N CAROLINA N\u00b01","N":"1678"},"geometry":{"type":"Point","coordinates":[-78.63802,-6.73983]}},{"type":"Feature","properties":{"Name":"LABOR MINERA","description":"","OBJECTID":"250","PROVINCIA":"HUALGAYOC","DISTRITO":"HUALGAYOC","CUENCA":"LLAUCANO","ZONA":"17","EXUNIDAD":"CAROLINA (LLAUCANO)","TIPO":"LABOR MINERA","SUBTIPO":"TRINCHERA","REGION":"CAJAMARCA","ESTE":"761312","NORTE":"9254419","CODIGODM":"03000376X01; 010000184U;\n010336794","NOMBREDM":"BELLA UNION; CAROLINA N\u00ba1; TANTAHUATAY N\u00ba 24","TITULARDM":"COMPA\u00d1IA DE MINAS BUENAVENTURA S.A.A.; COMPA\u00d1IA MINERA COIMOLACHE S.A.; CONSOLIDADA DE HUALGAYOC S.A.; GOLD FIELDS LA CIMA S.A.; HUALGAYOC HOLDING S.A.C.; SOCIEDAD MINERA CORONA S.A.; SOCIEDAD MINERA LA CIMA\nS.A.","RESPONSABLE":"SOCIEDAD MINERA CORONA S.A.","GENERADOR":"NO IDENTIFICADO","ESTUDIOAMB":"PCM DE LA EX UNIDAD DE PRODUCCI\u00d3N CAROLINA N\u00b01","N":"1679"},"geometry":{"type":"Point","coordinates":[-78.63608,-6.73947]}},{"type":"Feature","properties":{"Name":"LABOR MINERA","description":"","OBJECTID":"251","PROVINCIA":"HUALGAYOC","DISTRITO":"HUALGAYOC","CUENCA":"LLAUCANO","ZONA":"17","EXUNIDAD":"CAROLINA (LLAUCANO)","TIPO":"LABOR MINERA","SUBTIPO":"TRINCHERA","REGION":"CAJAMARCA","ESTE":"761217","NORTE":"9254508","CODIGODM":"03000376X01; 010000184U;\n03000158X01; 010336794","NOMBREDM":"BELLA UNION; CAROLINA N\u00ba1; RULITO; TANTAHUATAY N\u00ba 24","TITULARDM":"COMPA\u00d1IA DE MINAS BUENAVENTURA S.A.A.; COMPA\u00d1IA MINERA COIMOLACHE S.A.; CONSOLIDADA DE HUALGAYOC S.A.; GOLD FIELDS LA CIMA S.A.; HUALGAYOC HOLDING S.A.C.; SOCIEDAD MINERA CORONA S.A.; SOCIEDAD MINERA LA CIMA\nS.A.","RESPONSABLE":"SOCIEDAD MINERA CORONA S.A.","GENERADOR":"NO IDENTIFICADO","ESTUDIOAMB":"PCM DE LA EX UNIDAD DE PRODUCCI\u00d3N CAROLINA N\u00b01","N":"1680"},"geometry":{"type":"Point","coordinates":[-78.63694,-6.73867]}},{"type":"Feature","properties":{"Name":"LABOR MINERA","description":"","OBJECTID":"252","PROVINCIA":"HUALGAYOC","DISTRITO":"HUALGAYOC","CUENCA":"LLAUCANO","ZONA":"17","EXUNIDAD":"CAROLINA (LLAUCANO)","TIPO":"LABOR MINERA","SUBTIPO":"TRINCHERA","REGION":"CAJAMARCA","ESTE":"761183","NORTE":"9254504","CODIGODM":"03000376X01; 010000184U;\n03000158X01; 010336794","NOMBREDM":"BELLA UNION; CAROLINA N\u00ba1; RULITO; TANTAHUATAY N\u00ba 24","TITULARDM":"COMPA\u00d1IA DE MINAS BUENAVENTURA S.A.A.; COMPA\u00d1IA MINERA COIMOLACHE S.A.; CONSOLIDADA DE HUALGAYOC S.A.; GOLD FIELDS LA CIMA S.A.; HUALGAYOC HOLDING S.A.C.; SOCIEDAD MINERA CORONA S.A.; SOCIEDAD MINERA LA CIMA\nS.A.","RESPONSABLE":"SOCIEDAD MINERA CORONA S.A.","GENERADOR":"NO IDENTIFICADO","ESTUDIOAMB":"PCM DE LA EX UNIDAD DE PRODUCCI\u00d3N CAROLINA N\u00b01","N":"1681"},"geometry":{"type":"Point","coordinates":[-78.63725,-6.73871]}},{"type":"Feature","properties":{"Name":"LABOR MINERA","description":"","OBJECTID":"253","PROVINCIA":"HUALGAYOC","DISTRITO":"HUALGAYOC","CUENCA":"LLAUCANO","ZONA":"17","EXUNIDAD":"CAROLINA (LLAUCANO)","TIPO":"LABOR MINERA","SUBTIPO":"TRINCHERA","REGION":"CAJAMARCA","ESTE":"761059","NORTE":"9254547","CODIGODM":"010000184U; 03000158X01;\n010336794","NOMBREDM":"CAROLINA N\u00ba1; RULITO; TANTAHUATAY N\u00ba 24","TITULARDM":"COMPA\u00d1IA DE MINAS BUENAVENTURA S.A.A.; COMPA\u00d1IA MINERA COIMOLACHE S.A.; CONSOLIDADA DE HUALGAYOC S.A.; GOLD FIELDS LA CIMA S.A.; HUALGAYOC HOLDING S.A.C.; SOCIEDAD MINERA CORONA S.A.; SOCIEDAD MINERA LA CIMA\nS.A.","RESPONSABLE":"SOCIEDAD MINERA CORONA S.A.","GENERADOR":"NO IDENTIFICADO","ESTUDIOAMB":"PCM DE LA EX UNIDAD DE PRODUCCI\u00d3N CAROLINA N\u00b01","N":"1682"},"geometry":{"type":"Point","coordinates":[-78.63837,-6.73832]}},{"type":"Feature","properties":{"Name":"RESIDUO MINERO","description":"","OBJECTID":"254","PROVINCIA":"HUALGAYOC","DISTRITO":"HUALGAYOC","CUENCA":"LLAUCANO","ZONA":"17","EXUNIDAD":"CAROLINA (LLAUCANO)","TIPO":"RESIDUO MINERO","SUBTIPO":"MATERIAL DE DESBROCE","REGION":"CAJAMARCA","ESTE":"761188","NORTE":"9254475","CODIGODM":"03000376X01; 010000184U;\n03000158X01; 010336794","NOMBREDM":"BELLA UNION; CAROLINA N\u00ba1; RULITO; TANTAHUATAY N\u00ba 24","TITULARDM":"COMPA\u00d1IA DE MINAS BUENAVENTURA S.A.A.; COMPA\u00d1IA MINERA COIMOLACHE S.A.; CONSOLIDADA DE HUALGAYOC S.A.; GOLD FIELDS LA CIMA S.A.; HUALGAYOC HOLDING S.A.C.; SOCIEDAD MINERA CORONA S.A.; SOCIEDAD MINERA LA CIMA\nS.A.","RESPONSABLE":"SOCIEDAD MINERA CORONA S.A.","GENERADOR":"NO IDENTIFICADO","ESTUDIOAMB":"PCM DE LA EX UNIDAD DE PRODUCCI\u00d3N CAROLINA N\u00b01","N":"1683"},"geometry":{"type":"Point","coordinates":[-78.6372,-6.73897]}},{"type":"Feature","properties":{"Name":"RESIDUO MINERO","description":"","OBJECTID":"255","PROVINCIA":"HUALGAYOC","DISTRITO":"HUALGAYOC","CUENCA":"LLAUCANO","ZONA":"17","EXUNIDAD":"CAROLINA (LLAUCANO)","TIPO":"RESIDUO MINERO","SUBTIPO":"MATERIAL DE DESBROCE","REGION":"CAJAMARCA","ESTE":"761195","NORTE":"9254491","CODIGODM":"03000376X01; 010000184U;\n03000158X01; 010336794","NOMBREDM":"BELLA UNION; CAROLINA N\u00ba1; RULITO; TANTAHUATAY N\u00ba 24","TITULARDM":"COMPA\u00d1IA DE MINAS BUENAVENTURA S.A.A.; COMPA\u00d1IA MINERA COIMOLACHE S.A.; CONSOLIDADA DE HUALGAYOC S.A.; GOLD FIELDS LA CIMA S.A.; HUALGAYOC HOLDING S.A.C.; SOCIEDAD MINERA CORONA S.A.; SOCIEDAD MINERA LA CIMA\nS.A.","RESPONSABLE":"SOCIEDAD MINERA CORONA S.A.","GENERADOR":"NO IDENTIFICADO","ESTUDIOAMB":"PCM DE LA EX UNIDAD DE PRODUCCI\u00d3N CAROLINA N\u00b01","N":"1684"},"geometry":{"type":"Point","coordinates":[-78.63714,-6.73882]}},{"type":"Feature","properties":{"Name":"RESIDUO MINERO","description":"","OBJECTID":"256","PROVINCIA":"HUALGAYOC","DISTRITO":"HUALGAYOC","CUENCA":"LLAUCANO","ZONA":"17","EXUNIDAD":"CAROLINA (LLAUCANO)","TIPO":"RESIDUO MINERO","SUBTIPO":"DESMONTE DE MINA","REGION":"CAJAMARCA","ESTE":"761240","NORTE":"9254442","CODIGODM":"03000376X01; 010000184U;\n03000158X01; 010336794","NOMBREDM":"BELLA UNION; CAROLINA N\u00ba1; RULITO; TANTAHUATAY N\u00ba 24","TITULARDM":"COMPA\u00d1IA DE MINAS BUENAVENTURA S.A.A.; COMPA\u00d1IA MINERA COIMOLACHE S.A.; CONSOLIDADA DE HUALGAYOC S.A.; GOLD FIELDS LA CIMA S.A.; HUALGAYOC HOLDING S.A.C.; SOCIEDAD MINERA CORONA S.A.; SOCIEDAD MINERA LA CIMA\nS.A.","RESPONSABLE":"SOCIEDAD MINERA CORONA S.A.","GENERADOR":"NO IDENTIFICADO","ESTUDIOAMB":"PCM DE LA EX UNIDAD DE PRODUCCI\u00d3N CAROLINA N\u00b01","N":"1685"},"geometry":{"type":"Point","coordinates":[-78.63673,-6.73926]}},{"type":"Feature","properties":{"Name":"RESIDUO MINERO","description":"","OBJECTID":"257","PROVINCIA":"HUALGAYOC","DISTRITO":"HUALGAYOC","CUENCA":"LLAUCANO","ZONA":"17","EXUNIDAD":"CAROLINA (LLAUCANO)","TIPO":"RESIDUO MINERO","SUBTIPO":"DESMONTE DE MINA","REGION":"CAJAMARCA","ESTE":"761321","NORTE":"9254448","CODIGODM":"03000376X01; 010000184U;\n010336794","NOMBREDM":"BELLA UNION; CAROLINA N\u00ba1; TANTAHUATAY N\u00ba 24","TITULARDM":"COMPA\u00d1IA DE MINAS BUENAVENTURA S.A.A.; COMPA\u00d1IA MINERA COIMOLACHE S.A.; CONSOLIDADA DE HUALGAYOC S.A.; GOLD FIELDS LA CIMA S.A.; HUALGAYOC HOLDING S.A.C.; SOCIEDAD MINERA CORONA S.A.; SOCIEDAD MINERA LA CIMA\nS.A.","RESPONSABLE":"SOCIEDAD MINERA CORONA S.A.","GENERADOR":"NO IDENTIFICADO","ESTUDIOAMB":"PCM DE LA EX UNIDAD DE PRODUCCI\u00d3N CAROLINA N\u00b01","N":"1686"},"geometry":{"type":"Point","coordinates":[-78.636,-6.73921]}},{"type":"Feature","properties":{"Name":"RESIDUO MINERO","description":"","OBJECTID":"258","PROVINCIA":"HUALGAYOC","DISTRITO":"HUALGAYOC","CUENCA":"LLAUCANO","ZONA":"17","EXUNIDAD":"CAROLINA (LLAUCANO)","TIPO":"RESIDUO MINERO","SUBTIPO":"DESMONTE DE MINA","REGION":"CAJAMARCA","ESTE":"761246","NORTE":"9254489","CODIGODM":"03000376X01; 010000184U;\n03000158X01; 010336794","NOMBREDM":"BELLA UNION; CAROLINA N\u00ba1; RULITO; TANTAHUATAY N\u00ba 24","TITULARDM":"COMPA\u00d1IA DE MINAS BUENAVENTURA S.A.A.; COMPA\u00d1IA MINERA COIMOLACHE S.A.; CONSOLIDADA DE HUALGAYOC S.A.; GOLD FIELDS LA CIMA S.A.; HUALGAYOC HOLDING S.A.C.; SOCIEDAD MINERA CORONA S.A.; SOCIEDAD MINERA LA CIMA\nS.A.","RESPONSABLE":"SOCIEDAD MINERA CORONA S.A.","GENERADOR":"NO IDENTIFICADO","ESTUDIOAMB":"PCM DE LA EX UNIDAD DE PRODUCCI\u00d3N CAROLINA N\u00b01","N":"1687"},"geometry":{"type":"Point","coordinates":[-78.63668,-6.73884]}},{"type":"Feature","properties":{"Name":"RESIDUO MINERO","description":"","OBJECTID":"259","PROVINCIA":"HUALGAYOC","DISTRITO":"HUALGAYOC","CUENCA":"LLAUCANO","ZONA":"17","EXUNIDAD":"CAROLINA (LLAUCANO)","TIPO":"RESIDUO MINERO","SUBTIPO":"DESMONTE DE MINA","REGION":"CAJAMARCA","ESTE":"761161","NORTE":"9254340","CODIGODM":"03000376X01; 010000184U;\n010336794","NOMBREDM":"BELLA UNION; CAROLINA N\u00ba1; TANTAHUATAY N\u00ba 24","TITULARDM":"COMPA\u00d1IA DE MINAS BUENAVENTURA S.A.A.; COMPA\u00d1IA MINERA COIMOLACHE S.A.; CONSOLIDADA DE HUALGAYOC S.A.; GOLD FIELDS LA CIMA S.A.; HUALGAYOC HOLDING S.A.C.; SOCIEDAD MINERA CORONA S.A.; SOCIEDAD MINERA LA CIMA\nS.A.","RESPONSABLE":"SOCIEDAD MINERA CORONA S.A.","GENERADOR":"NO IDENTIFICADO","ESTUDIOAMB":"PCM DE LA EX UNIDAD DE PRODUCCI\u00d3N CAROLINA N\u00b01","N":"1688"},"geometry":{"type":"Point","coordinates":[-78.63744,-6.74019]}},{"type":"Feature","properties":{"Name":"RESIDUO MINERO","description":"","OBJECTID":"260","PROVINCIA":"HUALGAYOC","DISTRITO":"HUALGAYOC","CUENCA":"LLAUCANO","ZONA":"17","EXUNIDAD":"CAROLINA (LLAUCANO)","TIPO":"RESIDUO MINERO","SUBTIPO":"DESMONTE DE MINA","REGION":"CAJAMARCA","ESTE":"761199","NORTE":"9254513","CODIGODM":"03000376X01; 010000184U;\n03000158X01; 010336794","NOMBREDM":"BELLA UNION; CAROLINA N\u00ba1; RULITO; TANTAHUATAY N\u00ba 24","TITULARDM":"COMPA\u00d1IA DE MINAS BUENAVENTURA S.A.A.; COMPA\u00d1IA MINERA COIMOLACHE S.A.; CONSOLIDADA DE HUALGAYOC S.A.; GOLD FIELDS LA CIMA S.A.; HUALGAYOC HOLDING S.A.C.; SOCIEDAD MINERA CORONA S.A.; SOCIEDAD MINERA LA CIMA\nS.A.","RESPONSABLE":"SOCIEDAD MINERA CORONA S.A.","GENERADOR":"NO IDENTIFICADO","ESTUDIOAMB":"PCM DE LA EX UNIDAD DE PRODUCCI\u00d3N CAROLINA N\u00b01","N":"1689"},"geometry":{"type":"Point","coordinates":[-78.63711,-6.73862]}},{"type":"Feature","properties":{"Name":"RESIDUO MINERO","description":"","OBJECTID":"261","PROVINCIA":"HUALGAYOC","DISTRITO":"HUALGAYOC","CUENCA":"LLAUCANO","ZONA":"17","EXUNIDAD":"CAROLINA (LLAUCANO)","TIPO":"RESIDUO MINERO","SUBTIPO":"DESMONTE DE MINA","REGION":"CAJAMARCA","ESTE":"761168","NORTE":"9254496","CODIGODM":"03000376X01; 010000184U;\n03000158X01; 010336794","NOMBREDM":"BELLA UNION; CAROLINA N\u00ba1; RULITO; TANTAHUATAY N\u00ba 24","TITULARDM":"COMPA\u00d1IA DE MINAS BUENAVENTURA S.A.A.; COMPA\u00d1IA MINERA COIMOLACHE S.A.; CONSOLIDADA DE HUALGAYOC S.A.; GOLD FIELDS LA CIMA S.A.; HUALGAYOC HOLDING S.A.C.; SOCIEDAD MINERA CORONA S.A.; SOCIEDAD MINERA LA CIMA\nS.A.","RESPONSABLE":"SOCIEDAD MINERA CORONA S.A.","GENERADOR":"NO IDENTIFICADO","ESTUDIOAMB":"PCM DE LA EX UNIDAD DE PRODUCCI\u00d3N CAROLINA N\u00b01","N":"1690"},"geometry":{"type":"Point","coordinates":[-78.63739,-6.73878]}},{"type":"Feature","properties":{"Name":"RESIDUO MINERO","description":"","OBJECTID":"262","PROVINCIA":"HUALGAYOC","DISTRITO":"HUALGAYOC","CUENCA":"LLAUCANO","ZONA":"17","EXUNIDAD":"CAROLINA (LLAUCANO)","TIPO":"RESIDUO MINERO","SUBTIPO":"MATERIAL DE DESBROCE","REGION":"CAJAMARCA","ESTE":"761123","NORTE":"9254493","CODIGODM":"010000184U; 03000158X01;\n010336794","NOMBREDM":"CAROLINA N\u00ba1; RULITO; TANTAHUATAY N\u00ba 24","TITULARDM":"COMPA\u00d1IA DE MINAS BUENAVENTURA S.A.A.; COMPA\u00d1IA MINERA COIMOLACHE S.A.; CONSOLIDADA DE HUALGAYOC S.A.; GOLD FIELDS LA CIMA S.A.; HUALGAYOC HOLDING S.A.C.; SOCIEDAD MINERA CORONA S.A.; SOCIEDAD MINERA LA CIMA\nS.A.","RESPONSABLE":"SOCIEDAD MINERA CORONA S.A.","GENERADOR":"NO IDENTIFICADO","ESTUDIOAMB":"PCM DE LA EX UNIDAD DE PRODUCCI\u00d3N CAROLINA N\u00b01","N":"1691"},"geometry":{"type":"Point","coordinates":[-78.63779,-6.73881]}},{"type":"Feature","properties":{"Name":"RESIDUO MINERO","description":"","OBJECTID":"263","PROVINCIA":"HUALGAYOC","DISTRITO":"HUALGAYOC","CUENCA":"LLAUCANO","ZONA":"17","EXUNIDAD":"CAROLINA (LLAUCANO)","TIPO":"RESIDUO MINERO","SUBTIPO":"DESMONTE DE MINA","REGION":"CAJAMARCA","ESTE":"761111","NORTE":"9254461","CODIGODM":"010000184U; 03000158X01;\n010336794","NOMBREDM":"CAROLINA N\u00ba1; RULITO; TANTAHUATAY N\u00ba 24","TITULARDM":"COMPA\u00d1IA DE MINAS BUENAVENTURA S.A.A.; COMPA\u00d1IA MINERA COIMOLACHE S.A.; CONSOLIDADA DE HUALGAYOC S.A.; GOLD FIELDS LA CIMA S.A.; HUALGAYOC HOLDING S.A.C.; SOCIEDAD MINERA CORONA S.A.; SOCIEDAD MINERA LA CIMA\nS.A.","RESPONSABLE":"SOCIEDAD MINERA CORONA S.A.","GENERADOR":"NO IDENTIFICADO","ESTUDIOAMB":"PCM DE LA EX UNIDAD DE PRODUCCI\u00d3N CAROLINA N\u00b01","N":"1692"},"geometry":{"type":"Point","coordinates":[-78.6379,-6.7391]}},{"type":"Feature","properties":{"Name":"RESIDUO MINERO","description":"","OBJECTID":"264","PROVINCIA":"HUALGAYOC","DISTRITO":"HUALGAYOC","CUENCA":"LLAUCANO","ZONA":"17","EXUNIDAD":"CAROLINA (LLAUCANO)","TIPO":"RESIDUO MINERO","SUBTIPO":"DESMONTE DE MINA","REGION":"CAJAMARCA","ESTE":"761149","NORTE":"9254514","CODIGODM":"010000184U; 03000158X01;\n010336794","NOMBREDM":"CAROLINA N\u00ba1; RULITO; TANTAHUATAY N\u00ba 24","TITULARDM":"COMPA\u00d1IA DE MINAS BUENAVENTURA S.A.A.; COMPA\u00d1IA MINERA COIMOLACHE S.A.; CONSOLIDADA DE HUALGAYOC S.A.; GOLD FIELDS LA CIMA S.A.; HUALGAYOC HOLDING S.A.C.; SOCIEDAD MINERA CORONA S.A.; SOCIEDAD MINERA LA CIMA\nS.A.","RESPONSABLE":"SOCIEDAD MINERA CORONA S.A.","GENERADOR":"NO IDENTIFICADO","ESTUDIOAMB":"PCM DE LA EX UNIDAD DE PRODUCCI\u00d3N CAROLINA N\u00b01","N":"1693"},"geometry":{"type":"Point","coordinates":[-78.63756,-6.73862]}},{"type":"Feature","properties":{"Name":"RESIDUO MINERO","description":"","OBJECTID":"265","PROVINCIA":"HUALGAYOC","DISTRITO":"HUALGAYOC","CUENCA":"LLAUCANO","ZONA":"17","EXUNIDAD":"CAROLINA (LLAUCANO)","TIPO":"RESIDUO MINERO","SUBTIPO":"DESMONTE DE MINA","REGION":"CAJAMARCA","ESTE":"761126","NORTE":"9254562","CODIGODM":"010000184U; 03000158X01;\n010336794","NOMBREDM":"CAROLINA N\u00ba1; RULITO; TANTAHUATAY N\u00ba 24","TITULARDM":"COMPA\u00d1IA DE MINAS BUENAVENTURA S.A.A.; COMPA\u00d1IA MINERA COIMOLACHE S.A.; CONSOLIDADA DE HUALGAYOC S.A.; GOLD FIELDS LA CIMA S.A.; HUALGAYOC HOLDING S.A.C.; SOCIEDAD MINERA CORONA S.A.; SOCIEDAD MINERA LA CIMA\nS.A.","RESPONSABLE":"SOCIEDAD MINERA CORONA S.A.","GENERADOR":"NO IDENTIFICADO","ESTUDIOAMB":"PCM DE LA EX UNIDAD DE PRODUCCI\u00d3N CAROLINA N\u00b01","N":"1694"},"geometry":{"type":"Point","coordinates":[-78.63777,-6.73818]}},{"type":"Feature","properties":{"Name":"RESIDUO MINERO","description":"","OBJECTID":"266","PROVINCIA":"HUALGAYOC","DISTRITO":"HUALGAYOC","CUENCA":"LLAUCANO","ZONA":"17","EXUNIDAD":"CAROLINA (LLAUCANO)","TIPO":"RESIDUO MINERO","SUBTIPO":"DESMONTE DE MINA","REGION":"CAJAMARCA","ESTE":"761056","NORTE":"9254604","CODIGODM":"010000184U; 03000158X01;\n010336794","NOMBREDM":"CAROLINA N\u00ba1; RULITO; TANTAHUATAY N\u00ba 24","TITULARDM":"COMPA\u00d1IA DE MINAS BUENAVENTURA S.A.A.; COMPA\u00d1IA MINERA COIMOLACHE S.A.; CONSOLIDADA DE HUALGAYOC S.A.; GOLD FIELDS LA CIMA S.A.; HUALGAYOC HOLDING S.A.C.; SOCIEDAD MINERA CORONA S.A.; SOCIEDAD MINERA LA CIMA\nS.A.","RESPONSABLE":"SOCIEDAD MINERA CORONA S.A.","GENERADOR":"NO IDENTIFICADO","ESTUDIOAMB":"PCM DE LA EX UNIDAD DE PRODUCCI\u00d3N CAROLINA N\u00b01","N":"1695"},"geometry":{"type":"Point","coordinates":[-78.6384,-6.73781]}},{"type":"Feature","properties":{"Name":"RESIDUO MINERO","description":"","OBJECTID":"267","PROVINCIA":"HUALGAYOC","DISTRITO":"HUALGAYOC","CUENCA":"LLAUCANO","ZONA":"17","EXUNIDAD":"CAROLINA (LLAUCANO)","TIPO":"RESIDUO MINERO","SUBTIPO":"DESMONTE DE MINA","REGION":"CAJAMARCA","ESTE":"761083","NORTE":"9254379","CODIGODM":"010000184U; 03002146X01;\n010336794","NOMBREDM":"CAROLINA N\u00ba1; EL MANJAR N\u00ba 2; TANTAHUATAY N\u00ba 24","TITULARDM":"COMPA\u00d1IA DE MINAS BUENAVENTURA S.A.A.; COMPA\u00d1IA MINERA COIMOLACHE S.A.; CONSOLIDADA DE HUALGAYOC S.A.; GOLD FIELDS LA CIMA S.A.; HUALGAYOC HOLDING S.A.C.; SOCIEDAD MINERA CORONA S.A.; SOCIEDAD MINERA LA CIMA\nS.A.","RESPONSABLE":"SOCIEDAD MINERA CORONA S.A.","GENERADOR":"NO IDENTIFICADO","ESTUDIOAMB":"PCM DE LA EX UNIDAD DE PRODUCCI\u00d3N CAROLINA N\u00b01","N":"1696"},"geometry":{"type":"Point","coordinates":[-78.63815,-6.73984]}},{"type":"Feature","properties":{"Name":"RESIDUO MINERO","description":"","OBJECTID":"268","PROVINCIA":"HUALGAYOC","DISTRITO":"HUALGAYOC","CUENCA":"LLAUCANO","ZONA":"17","EXUNIDAD":"CAROLINA (LLAUCANO)","TIPO":"RESIDUO MINERO","SUBTIPO":"DESMONTE DE MINA","REGION":"CAJAMARCA","ESTE":"761284","NORTE":"9254128","CODIGODM":"010000184U; 03000403X01;\n010336794","NOMBREDM":"CAROLINA N\u00ba1; PUNTO VICTORIA SEIS; TANTAHUATAY N\u00ba 24","TITULARDM":"COMPA\u00d1IA DE MINAS BUENAVENTURA S.A.A.; COMPA\u00d1IA MINERA COIMOLACHE S.A.; CONSOLIDADA DE HUALGAYOC S.A.; GOLD FIELDS LA CIMA S.A.; HUALGAYOC HOLDING S.A.C.; SOCIEDAD MINERA CORONA S.A.; SOCIEDAD MINERA LA CIMA\nS.A.","RESPONSABLE":"SOCIEDAD MINERA CORONA S.A.","GENERADOR":"NO IDENTIFICADO","ESTUDIOAMB":"PCM DE LA EX UNIDAD DE PRODUCCI\u00d3N CAROLINA N\u00b01","N":"1697"},"geometry":{"type":"Point","coordinates":[-78.63632,-6.7421]}},{"type":"Feature","properties":{"Name":"RESIDUO MINERO","description":"","OBJECTID":"269","PROVINCIA":"HUALGAYOC","DISTRITO":"HUALGAYOC","CUENCA":"LLAUCANO","ZONA":"17","EXUNIDAD":"CAROLINA (LLAUCANO)","TIPO":"RESIDUO MINERO","SUBTIPO":"DESMONTE DE MINA","REGION":"CAJAMARCA","ESTE":"761513","NORTE":"9253677","CODIGODM":"03000294Y01; 010117608;\n010102908; 010336794","NOMBREDM":"EL AMARO; EL AMARO JAFL; PILLU 2; TANTAHUATAY N\u00ba 24","TITULARDM":"BUENDIA UGARRIZA;  PEDRO C; COMPA\u00d1IA DE MINAS BUENAVENTURA S.A.A.; COMPA\u00d1IA MINERA COIMOLACHE S.A.; FONG LAU;  JAIME ALEJANDRO; MINERA\nINCOGNITA S.A.","RESPONSABLE":"SOCIEDAD MINERA CORONA\nS.A.","GENERADOR":"NO IDENTIFICADO","ESTUDIOAMB":"PCM DE LA EX UNIDAD DE PRODUCCI\u00d3N CAROLINA N\u00b01","N":"1698"},"geometry":{"type":"Point","coordinates":[-78.63423,-6.74617]}},{"type":"Feature","properties":{"Name":"LABOR MINERA","description":"","OBJECTID":"270","PROVINCIA":"HUALGAYOC","DISTRITO":"HUALGAYOC","CUENCA":"LLAUCANO","ZONA":"17","EXUNIDAD":"CAROLINA (LLAUCANO)","TIPO":"LABOR MINERA","SUBTIPO":"BOCAMINA","REGION":"CAJAMARCA","ESTE":"761716","NORTE":"9254026","CODIGODM":"010000184U; 03000403X01;\n010336794","NOMBREDM":"CAROLINA N\u00ba1; PUNTO VICTORIA SEIS; TANTAHUATAY N\u00ba 24","TITULARDM":"COMPA\u00d1IA DE MINAS BUENAVENTURA S.A.A.; COMPA\u00d1IA MINERA COIMOLACHE S.A.; CONSOLIDADA DE HUALGAYOC S.A.; GOLD FIELDS LA CIMA S.A.; HUALGAYOC HOLDING S.A.C.; SOCIEDAD MINERA CORONA S.A.; SOCIEDAD MINERA LA CIMA\nS.A.","RESPONSABLE":"SOCIEDAD MINERA CORONA S.A.","GENERADOR":"NO IDENTIFICADO","ESTUDIOAMB":"PCM DE LA EX UNIDAD DE PRODUCCI\u00d3N CAROLINA N\u00b01","N":"1699"},"geometry":{"type":"Point","coordinates":[-78.63241,-6.743]}},{"type":"Feature","properties":{"Name":"RESIDUO MINERO","description":"","OBJECTID":"271","PROVINCIA":"HUALGAYOC","DISTRITO":"HUALGAYOC","CUENCA":"LLAUCANO","ZONA":"17","EXUNIDAD":"CAROLINA (LLAUCANO)","TIPO":"RESIDUO MINERO","SUBTIPO":"DESMONTE DE MINA","REGION":"CAJAMARCA","ESTE":"761775","NORTE":"9254026","CODIGODM":"010000184U; 03000403X01","NOMBREDM":"CAROLINA N\u00ba1; PUNTO VICTORIA SEIS","TITULARDM":"CONSOLIDADA DE HUALGAYOC S.A.; GOLD FIELDS LA CIMA S.A.; HUALGAYOC HOLDING S.A.C.; SOCIEDAD MINERA CORONA S.A.; SOCIEDAD MINERA LA CIMA\nS.A.","RESPONSABLE":"SOCIEDAD MINERA CORONA\nS.A.","GENERADOR":"NO IDENTIFICADO","ESTUDIOAMB":"PCM DE LA EX UNIDAD DE PRODUCCI\u00d3N CAROLINA N\u00b01","N":"1700"},"geometry":{"type":"Point","coordinates":[-78.63188,-6.743]}},{"type":"Feature","properties":{"Name":"LABOR MINERA","description":"","OBJECTID":"272","PROVINCIA":"HUALGAYOC","DISTRITO":"HUALGAYOC","CUENCA":"LLAUCANO","ZONA":"17","EXUNIDAD":"CAROLINA (LLAUCANO)","TIPO":"LABOR MINERA","SUBTIPO":"BOCAMINA","REGION":"CAJAMARCA","ESTE":"760706","NORTE":"9255061","CODIGODM":"010000184U; 03000267X01;\n010320705","NOMBREDM":"CAROLINA N\u00ba1; ORLANDITO; PILANCONES 2005 A","TITULARDM":"CONSOLIDADA DE HUALGAYOC S.A.; EXPLORACIONES MINERAS COCHORCO S.A; GOLD FIELDS LA CIMA S.A.; HUALGAYOC HOLDING S.A.C.; SOCIEDAD MINERA\nCORONA S.A.; SOCIEDAD MINERA LA CIMA S.A.","RESPONSABLE":"SOCIEDAD MINERA CORONA\nS.A.","GENERADOR":"NO IDENTIFICADO","ESTUDIOAMB":"PCM DE LA EX UNIDAD DE PRODUCCI\u00d3N CAROLINA N\u00b01","N":"1701"},"geometry":{"type":"Point","coordinates":[-78.64159,-6.73369]}},{"type":"Feature","properties":{"Name":"LABOR MINERA","description":"","OBJECTID":"289","PROVINCIA":"HUALGAYOC","DISTRITO":"HUALGAYOC","CUENCA":"LLAUCANO","ZONA":"17","EXUNIDAD":"CAROLINA (LLAUCANO)","TIPO":"LABOR MINERA","SUBTIPO":"TAJO","REGION":"CAJAMARCA","ESTE":"762363","NORTE":"9253087","CODIGODM":"03000721Y01; 010000184U;\n010070004","NOMBREDM":"ALFA 23-III (ACUMULADO); CAROLINA N\u00ba1; PROYECTO 2004","TITULARDM":"COMPA\u00d1IA MINERA COLQUIRRUMI S.A.; CONSOLIDADA DE HUALGAYOC S.A.; GOLD FIELDS LA CIMA S.A.; GOLD FIELDS LA CIMA S.A.A.; HUALGAYOC HOLDING S.A.C.; SOCIEDAD MINERA CORONA S.A.; SOCIEDAD MINERA LA CIMA S.A.","RESPONSABLE":"SOCIEDAD MINERA CORONA S.A.","GENERADOR":"NO IDENTIFICADO","ESTUDIOAMB":"PCM DE LA EX UNIDAD DE PRODUCCI\u00d3N CAROLINA N\u00b01","N":"1718"},"geometry":{"type":"Point","coordinates":[-78.62652,-6.75146]}},{"type":"Feature","properties":{"Name":"LABOR MINERA","description":"","OBJECTID":"290","PROVINCIA":"HUALGAYOC","DISTRITO":"HUALGAYOC","CUENCA":"LLAUCANO","ZONA":"17","EXUNIDAD":"CAROLINA (LLAUCANO)","TIPO":"LABOR MINERA","SUBTIPO":"TRINCHERA","REGION":"CAJAMARCA","ESTE":"762252","NORTE":"9253027","CODIGODM":"03000721Y01; 010000184U;\n010070004","NOMBREDM":"ALFA 23-III (ACUMULADO); CAROLINA N\u00ba1; PROYECTO 2004","TITULARDM":"COMPA\u00d1IA MINERA COLQUIRRUMI S.A.; CONSOLIDADA DE HUALGAYOC S.A.; GOLD FIELDS LA CIMA S.A.; GOLD FIELDS LA CIMA S.A.A.; HUALGAYOC HOLDING S.A.C.; SOCIEDAD MINERA CORONA S.A.; SOCIEDAD MINERA LA CIMA S.A.","RESPONSABLE":"SOCIEDAD MINERA CORONA S.A.","GENERADOR":"NO IDENTIFICADO","ESTUDIOAMB":"PCM DE LA EX UNIDAD DE PRODUCCI\u00d3N CAROLINA N\u00b01","N":"1719"},"geometry":{"type":"Point","coordinates":[-78.62752,-6.75201]}},{"type":"Feature","properties":{"Name":"LABOR MINERA","description":"","OBJECTID":"291","PROVINCIA":"HUALGAYOC","DISTRITO":"HUALGAYOC","CUENCA":"LLAUCANO","ZONA":"17","EXUNIDAD":"CAROLINA (LLAUCANO)","TIPO":"LABOR MINERA","SUBTIPO":"BOCAMINA","REGION":"CAJAMARCA","ESTE":"761936","NORTE":"9253162","CODIGODM":"03000721Y01; 010000184U;\n010070004","NOMBREDM":"ALFA 23-III (ACUMULADO); CAROLINA N\u00ba1; PROYECTO 2004","TITULARDM":"COMPA\u00d1IA MINERA COLQUIRRUMI S.A.; CONSOLIDADA DE HUALGAYOC S.A.; GOLD FIELDS LA CIMA S.A.; GOLD FIELDS LA CIMA S.A.A.; HUALGAYOC HOLDING S.A.C.; SOCIEDAD MINERA CORONA S.A.; SOCIEDAD MINERA LA CIMA S.A.","RESPONSABLE":"SOCIEDAD MINERA CORONA S.A.","GENERADOR":"NO IDENTIFICADO","ESTUDIOAMB":"PCM DE LA EX UNIDAD DE PRODUCCI\u00d3N CAROLINA N\u00b01","N":"1720"},"geometry":{"type":"Point","coordinates":[-78.63038,-6.7508]}},{"type":"Feature","properties":{"Name":"RESIDUO MINERO","description":"","OBJECTID":"292","PROVINCIA":"HUALGAYOC","DISTRITO":"HUALGAYOC","CUENCA":"LLAUCANO","ZONA":"17","EXUNIDAD":"CAROLINA (LLAUCANO)","TIPO":"RESIDUO MINERO","SUBTIPO":"DESMONTE DE MINA","REGION":"CAJAMARCA","ESTE":"762351","NORTE":"9253118","CODIGODM":"03000721Y01; 010000184U;\n010070004","NOMBREDM":"ALFA 23-III (ACUMULADO); CAROLINA N\u00ba1; PROYECTO 2004","TITULARDM":"COMPA\u00d1IA MINERA COLQUIRRUMI S.A.; CONSOLIDADA DE HUALGAYOC S.A.; GOLD FIELDS LA CIMA S.A.; GOLD FIELDS LA CIMA S.A.A.; HUALGAYOC HOLDING S.A.C.; SOCIEDAD MINERA CORONA S.A.; SOCIEDAD MINERA LA CIMA S.A.","RESPONSABLE":"SOCIEDAD MINERA CORONA S.A.","GENERADOR":"NO IDENTIFICADO","ESTUDIOAMB":"PCM DE LA EX UNIDAD DE PRODUCCI\u00d3N CAROLINA N\u00b01","N":"1721"},"geometry":{"type":"Point","coordinates":[-78.62663,-6.75118]}},{"type":"Feature","properties":{"Name":"RESIDUO MINERO","description":"","OBJECTID":"293","PROVINCIA":"HUALGAYOC","DISTRITO":"HUALGAYOC","CUENCA":"LLAUCANO","ZONA":"17","EXUNIDAD":"CAROLINA (LLAUCANO)","TIPO":"RESIDUO MINERO","SUBTIPO":"DESMONTE DE MINA","REGION":"CAJAMARCA","ESTE":"762406","NORTE":"9253158","CODIGODM":"03000721Y01; 010000184U;\n010070004","NOMBREDM":"ALFA 23-III (ACUMULADO); CAROLINA N\u00ba1; PROYECTO 2004","TITULARDM":"COMPA\u00d1IA MINERA COLQUIRRUMI S.A.; CONSOLIDADA DE HUALGAYOC S.A.; GOLD FIELDS LA CIMA S.A.; GOLD FIELDS LA CIMA S.A.A.; HUALGAYOC HOLDING S.A.C.; SOCIEDAD MINERA CORONA S.A.; SOCIEDAD MINERA LA CIMA S.A.","RESPONSABLE":"SOCIEDAD MINERA CORONA S.A.","GENERADOR":"NO IDENTIFICADO","ESTUDIOAMB":"PCM DE LA EX UNIDAD DE PRODUCCI\u00d3N CAROLINA N\u00b01","N":"1722"},"geometry":{"type":"Point","coordinates":[-78.62613,-6.75082]}},{"type":"Feature","properties":{"Name":"RESIDUO MINERO","description":"","OBJECTID":"294","PROVINCIA":"HUALGAYOC","DISTRITO":"HUALGAYOC","CUENCA":"LLAUCANO","ZONA":"17","EXUNIDAD":"CAROLINA (LLAUCANO)","TIPO":"RESIDUO MINERO","SUBTIPO":"DESMONTE DE MINA","REGION":"CAJAMARCA","ESTE":"761905","NORTE":"9253177","CODIGODM":"03000721Y01; 010000184U;\n010070004","NOMBREDM":"ALFA 23-III (ACUMULADO); CAROLINA N\u00ba1; PROYECTO 2004","TITULARDM":"COMPA\u00d1IA MINERA COLQUIRRUMI S.A.; CONSOLIDADA DE HUALGAYOC S.A.; GOLD FIELDS LA CIMA S.A.; GOLD FIELDS LA CIMA S.A.A.; HUALGAYOC HOLDING S.A.C.; SOCIEDAD MINERA CORONA S.A.; SOCIEDAD MINERA LA CIMA S.A.","RESPONSABLE":"SOCIEDAD MINERA CORONA S.A.","GENERADOR":"NO IDENTIFICADO","ESTUDIOAMB":"PCM DE LA EX UNIDAD DE PRODUCCI\u00d3N CAROLINA N\u00b01","N":"1723"},"geometry":{"type":"Point","coordinates":[-78.63067,-6.75067]}},{"type":"Feature","properties":{"Name":"RESIDUO MINERO","description":"","OBJECTID":"295","PROVINCIA":"HUALGAYOC","DISTRITO":"HUALGAYOC","CUENCA":"LLAUCANO","ZONA":"17","EXUNIDAD":"CAROLINA (LLAUCANO)","TIPO":"RESIDUO MINERO","SUBTIPO":"DESMONTE DE MINA","REGION":"CAJAMARCA","ESTE":"762740","NORTE":"9255350","CODIGODM":"010000184U; 03001926X01;\n03001076X01; 010009272U;\n010202806","NOMBREDM":"CAROLINA N\u00ba1; EL MESIAS; FIRENZE; SAN AGUSTIN N\u00ba2; VALLE SINCHAO 2","TITULARDM":"BANCO MINERO DEL PERU EN LIQUIDACION; COMPA\u00d1IA MINERA COLQUIRRUMI S.A.; CONSOLIDADA DE HUALGAYOC S.A.; CORPORACION MINERA SINCHAO S.A.C.; EL MISTI GOLD S.A.C.; GOLD FIELDS LA CIMA S.A.; HUALGAYOC HOLDING S.A.C.; KORI ANTA S.A.C.; SOCIEDAD MINERA CORONA","RESPONSABLE":"SOCIEDAD MINERA CORONA S.A.","GENERADOR":"NO IDENTIFICADO","ESTUDIOAMB":"PCM DE LA EX UNIDAD DE PRODUCCI\u00d3N CAROLINA N\u00b01","N":"1724"},"geometry":{"type":"Point","coordinates":[-78.62321,-6.73099]}},{"type":"Feature","properties":{"Name":"RESIDUO MINERO","description":"","OBJECTID":"331","PROVINCIA":"HUALGAYOC","DISTRITO":"HUALGAYOC","CUENCA":"LLAUCANO","ZONA":"17","EXUNIDAD":"CAROLINA (LLAUCANO)","TIPO":"RESIDUO MINERO","SUBTIPO":"DESMONTE DE MINA","REGION":"CAJAMARCA","ESTE":"761593","NORTE":"9254428","CODIGODM":"03000376X01; 010000184U;\n010336794","NOMBREDM":"BELLA UNION; CAROLINA N\u00ba1; TANTAHUATAY N\u00ba 24","TITULARDM":"COMPA\u00d1IA DE MINAS BUENAVENTURA S.A.A.; COMPA\u00d1IA MINERA COIMOLACHE S.A.; CONSOLIDADA DE HUALGAYOC S.A.; GOLD FIELDS LA CIMA S.A.; HUALGAYOC HOLDING S.A.C.; SOCIEDAD MINERA CORONA S.A.; SOCIEDAD MINERA LA CIMA\nS.A.","RESPONSABLE":"SOCIEDAD MINERA CORONA S.A.","GENERADOR":"NO IDENTIFICADO","ESTUDIOAMB":"PCM DE LA EX UNIDAD DE PRODUCCI\u00d3N CAROLINA N\u00b01","N":"1760"},"geometry":{"type":"Point","coordinates":[-78.63354,-6.73937]}},{"type":"Feature","properties":{"Name":"RESIDUO MINERO","description":"","OBJECTID":"332","PROVINCIA":"HUALGAYOC","DISTRITO":"HUALGAYOC","CUENCA":"LLAUCANO","ZONA":"17","EXUNIDAD":"CAROLINA (LLAUCANO)","TIPO":"RESIDUO MINERO","SUBTIPO":"DESMONTE DE MINA","REGION":"CAJAMARCA","ESTE":"761589","NORTE":"9254338","CODIGODM":"03000376X01; 010000184U;\n010336794","NOMBREDM":"BELLA UNION; CAROLINA N\u00ba1; TANTAHUATAY N\u00ba 24","TITULARDM":"COMPA\u00d1IA DE MINAS BUENAVENTURA S.A.A.; COMPA\u00d1IA MINERA COIMOLACHE S.A.; CONSOLIDADA DE HUALGAYOC S.A.; GOLD FIELDS LA CIMA S.A.; HUALGAYOC HOLDING S.A.C.; SOCIEDAD MINERA CORONA S.A.; SOCIEDAD MINERA LA CIMA\nS.A.","RESPONSABLE":"SOCIEDAD MINERA CORONA S.A.","GENERADOR":"NO IDENTIFICADO","ESTUDIOAMB":"PCM DE LA EX UNIDAD DE PRODUCCI\u00d3N CAROLINA N\u00b01","N":"1761"},"geometry":{"type":"Point","coordinates":[-78.63357,-6.74019]}},{"type":"Feature","properties":{"Name":"RESIDUO MINERO","description":"","OBJECTID":"333","PROVINCIA":"HUALGAYOC","DISTRITO":"HUALGAYOC","CUENCA":"LLAUCANO","ZONA":"17","EXUNIDAD":"CAROLINA (LLAUCANO)","TIPO":"RESIDUO MINERO","SUBTIPO":"DESMONTE DE MINA","REGION":"CAJAMARCA","ESTE":"761573","NORTE":"9254306","CODIGODM":"03000376X01; 010000184U;\n010336794","NOMBREDM":"BELLA UNION; CAROLINA N\u00ba1; TANTAHUATAY N\u00ba 24","TITULARDM":"COMPA\u00d1IA DE MINAS BUENAVENTURA S.A.A.; COMPA\u00d1IA MINERA COIMOLACHE S.A.; CONSOLIDADA DE HUALGAYOC S.A.; GOLD FIELDS LA CIMA S.A.; HUALGAYOC HOLDING S.A.C.; SOCIEDAD MINERA CORONA S.A.; SOCIEDAD MINERA LA CIMA\nS.A.","RESPONSABLE":"SOCIEDAD MINERA CORONA S.A.","GENERADOR":"NO IDENTIFICADO","ESTUDIOAMB":"PCM DE LA EX UNIDAD DE PRODUCCI\u00d3N CAROLINA N\u00b01","N":"1762"},"geometry":{"type":"Point","coordinates":[-78.63372,-6.74048]}},{"type":"Feature","properties":{"Name":"RESIDUO MINERO","description":"","OBJECTID":"334","PROVINCIA":"HUALGAYOC","DISTRITO":"HUALGAYOC","CUENCA":"LLAUCANO","ZONA":"17","EXUNIDAD":"CAROLINA (LLAUCANO)","TIPO":"RESIDUO MINERO","SUBTIPO":"DESMONTE DE MINA","REGION":"CAJAMARCA","ESTE":"761601","NORTE":"9254266","CODIGODM":"03000376X01; 010000184U;\n03000403X01; 010336794","NOMBREDM":"BELLA UNION; CAROLINA N\u00ba1; PUNTO VICTORIA SEIS; TANTAHUATAY N\u00ba 24","TITULARDM":"COMPA\u00d1IA DE MINAS BUENAVENTURA S.A.A.; COMPA\u00d1IA MINERA COIMOLACHE S.A.; CONSOLIDADA DE HUALGAYOC S.A.; GOLD FIELDS LA CIMA S.A.; HUALGAYOC HOLDING S.A.C.; SOCIEDAD MINERA CORONA S.A.; SOCIEDAD MINERA LA CIMA\nS.A.","RESPONSABLE":"SOCIEDAD MINERA CORONA S.A.","GENERADOR":"NO IDENTIFICADO","ESTUDIOAMB":"PCM DE LA EX UNIDAD DE PRODUCCI\u00d3N CAROLINA N\u00b01","N":"1763"},"geometry":{"type":"Point","coordinates":[-78.63346,-6.74084]}},{"type":"Feature","properties":{"Name":"RESIDUO MINERO","description":"","OBJECTID":"335","PROVINCIA":"HUALGAYOC","DISTRITO":"HUALGAYOC","CUENCA":"LLAUCANO","ZONA":"17","EXUNIDAD":"CAROLINA (LLAUCANO)","TIPO":"RESIDUO MINERO","SUBTIPO":"DESMONTE DE MINA","REGION":"CAJAMARCA","ESTE":"761647","NORTE":"9254280","CODIGODM":"03000376X01; 010000184U;\n03000403X01; 010336794","NOMBREDM":"BELLA UNION; CAROLINA N\u00ba1; PUNTO VICTORIA SEIS; TANTAHUATAY N\u00ba 24","TITULARDM":"COMPA\u00d1IA DE MINAS BUENAVENTURA S.A.A.; COMPA\u00d1IA MINERA COIMOLACHE S.A.; CONSOLIDADA DE HUALGAYOC S.A.; GOLD FIELDS LA CIMA S.A.; HUALGAYOC HOLDING S.A.C.; SOCIEDAD MINERA CORONA S.A.; SOCIEDAD MINERA LA CIMA\nS.A.","RESPONSABLE":"SOCIEDAD MINERA CORONA S.A.","GENERADOR":"NO IDENTIFICADO","ESTUDIOAMB":"PCM DE LA EX UNIDAD DE PRODUCCI\u00d3N CAROLINA N\u00b01","N":"1764"},"geometry":{"type":"Point","coordinates":[-78.63305,-6.74071]}},{"type":"Feature","properties":{"Name":"LABOR MINERA","description":"","OBJECTID":"336","PROVINCIA":"HUALGAYOC","DISTRITO":"HUALGAYOC","CUENCA":"LLAUCANO","ZONA":"17","EXUNIDAD":"CAROLINA (LLAUCANO)","TIPO":"LABOR MINERA","SUBTIPO":"BOCAMINA","REGION":"CAJAMARCA","ESTE":"761372","NORTE":"9254325","CODIGODM":"03000376X01; 010000184U;\n03000403X01; 010336794","NOMBREDM":"BELLA UNION; CAROLINA N\u00ba1; PUNTO VICTORIA SEIS; TANTAHUATAY N\u00ba 24","TITULARDM":"COMPA\u00d1IA DE MINAS BUENAVENTURA S.A.A.; COMPA\u00d1IA MINERA COIMOLACHE S.A.; CONSOLIDADA DE HUALGAYOC S.A.; GOLD FIELDS LA CIMA S.A.; HUALGAYOC HOLDING S.A.C.; SOCIEDAD MINERA CORONA S.A.; SOCIEDAD MINERA LA CIMA\nS.A.","RESPONSABLE":"SOCIEDAD MINERA CORONA S.A.","GENERADOR":"NO IDENTIFICADO","ESTUDIOAMB":"PCM DE LA EX UNIDAD DE PRODUCCI\u00d3N CAROLINA N\u00b01","N":"1765"},"geometry":{"type":"Point","coordinates":[-78.63553,-6.74031]}},{"type":"Feature","properties":{"Name":"LABOR MINERA","description":"","OBJECTID":"337","PROVINCIA":"HUALGAYOC","DISTRITO":"HUALGAYOC","CUENCA":"LLAUCANO","ZONA":"17","EXUNIDAD":"CAROLINA (LLAUCANO)","TIPO":"LABOR MINERA","SUBTIPO":"TRINCHERA","REGION":"CAJAMARCA","ESTE":"761467","NORTE":"9254346","CODIGODM":"03000376X01; 010000184U;\n010336794","NOMBREDM":"BELLA UNION; CAROLINA N\u00ba1; TANTAHUATAY N\u00ba 24","TITULARDM":"COMPA\u00d1IA DE MINAS BUENAVENTURA S.A.A.; COMPA\u00d1IA MINERA COIMOLACHE S.A.; CONSOLIDADA DE HUALGAYOC S.A.; GOLD FIELDS LA CIMA S.A.; HUALGAYOC HOLDING S.A.C.; SOCIEDAD MINERA CORONA S.A.; SOCIEDAD MINERA LA CIMA\nS.A.","RESPONSABLE":"SOCIEDAD MINERA CORONA S.A.","GENERADOR":"NO IDENTIFICADO","ESTUDIOAMB":"PCM DE LA EX UNIDAD DE PRODUCCI\u00d3N CAROLINA N\u00b01","N":"1766"},"geometry":{"type":"Point","coordinates":[-78.63468,-6.74012]}},{"type":"Feature","properties":{"Name":"LABOR MINERA","description":"","OBJECTID":"296","PROVINCIA":"HUALGAYOC","DISTRITO":"HUALGAYOC","CUENCA":"LLAUCANO","ZONA":"17","EXUNIDAD":"CAROLINA (LLAUCANO)","TIPO":"LABOR MINERA","SUBTIPO":"BOCAMINA","REGION":"CAJAMARCA","ESTE":"762751","NORTE":"9255384","CODIGODM":"010000184U; 03001926X01;\n03001076X01; 010009272U;\n010202806","NOMBREDM":"CAROLINA N\u00ba1; EL MESIAS; FIRENZE; SAN AGUSTIN N\u00ba2; VALLE SINCHAO 2","TITULARDM":"BANCO MINERO DEL PERU EN LIQUIDACION; COMPA\u00d1IA MINERA COLQUIRRUMI S.A.; CONSOLIDADA DE HUALGAYOC S.A.; CORPORACION MINERA SINCHAO S.A.C.; EL MISTI GOLD S.A.C.; GOLD FIELDS LA CIMA S.A.; HUALGAYOC HOLDING S.A.C.; KORI ANTA S.A.C.; SOCIEDAD MINERA CORONA","RESPONSABLE":"SOCIEDAD MINERA CORONA S.A.","GENERADOR":"NO IDENTIFICADO","ESTUDIOAMB":"PCM DE LA EX UNIDAD DE PRODUCCI\u00d3N CAROLINA N\u00b01","N":"1725"},"geometry":{"type":"Point","coordinates":[-78.62311,-6.73068]}},{"type":"Feature","properties":{"Name":"LABOR MINERA","description":"","OBJECTID":"297","PROVINCIA":"HUALGAYOC","DISTRITO":"HUALGAYOC","CUENCA":"LLAUCANO","ZONA":"17","EXUNIDAD":"CAROLINA (LLAUCANO)","TIPO":"LABOR MINERA","SUBTIPO":"BOCAMINA","REGION":"CAJAMARCA","ESTE":"761502","NORTE":"9252730","CODIGODM":"010000184U; 03000176X01;\n010336794","NOMBREDM":"CAROLINA N\u00ba1; SAN RAMON; TANTAHUATAY N\u00ba 24","TITULARDM":"COMPA\u00d1IA DE MINAS BUENAVENTURA S.A.A.; COMPA\u00d1IA MINERA COIMOLACHE S.A.; GOLD FIELDS LA CIMA S.A.; GOLD FIELDS LA CIMA S.A.A.; SOCIEDAD MINERA\nCORONA S.A.; SOCIEDAD MINERA LA CIMA S.A.","RESPONSABLE":"SOCIEDAD MINERA CORONA\nS.A.","GENERADOR":"NO IDENTIFICADO","ESTUDIOAMB":"PCM DE LA EX UNIDAD DE PRODUCCI\u00d3N CAROLINA N\u00b01","N":"1726"},"geometry":{"type":"Point","coordinates":[-78.63429,-6.75473]}},{"type":"Feature","properties":{"Name":"LABOR MINERA","description":"","OBJECTID":"298","PROVINCIA":"HUALGAYOC","DISTRITO":"HUALGAYOC","CUENCA":"LLAUCANO","ZONA":"17","EXUNIDAD":"CAROLINA (LLAUCANO)","TIPO":"LABOR MINERA","SUBTIPO":"BOCAMINA","REGION":"CAJAMARCA","ESTE":"761502","NORTE":"9252708","CODIGODM":"010000184U; 03000176X01;\n010336794","NOMBREDM":"CAROLINA N\u00ba1; SAN RAMON; TANTAHUATAY N\u00ba 24","TITULARDM":"COMPA\u00d1IA DE MINAS BUENAVENTURA S.A.A.; COMPA\u00d1IA MINERA COIMOLACHE S.A.; GOLD FIELDS LA CIMA S.A.; GOLD FIELDS LA CIMA S.A.A.; SOCIEDAD MINERA\nCORONA S.A.; SOCIEDAD MINERA LA CIMA S.A.","RESPONSABLE":"SOCIEDAD MINERA CORONA\nS.A.","GENERADOR":"NO IDENTIFICADO","ESTUDIOAMB":"PCM DE LA EX UNIDAD DE PRODUCCI\u00d3N CAROLINA N\u00b01","N":"1727"},"geometry":{"type":"Point","coordinates":[-78.63429,-6.75492]}},{"type":"Feature","properties":{"Name":"LABOR MINERA","description":"","OBJECTID":"299","PROVINCIA":"HUALGAYOC","DISTRITO":"HUALGAYOC","CUENCA":"LLAUCANO","ZONA":"17","EXUNIDAD":"CAROLINA (LLAUCANO)","TIPO":"LABOR MINERA","SUBTIPO":"BOCAMINA","REGION":"CAJAMARCA","ESTE":"761448","NORTE":"9252665","CODIGODM":"010000184U; 03000176X01;\n010336794","NOMBREDM":"CAROLINA N\u00ba1; SAN RAMON; TANTAHUATAY N\u00ba 24","TITULARDM":"COMPA\u00d1IA DE MINAS BUENAVENTURA S.A.A.; COMPA\u00d1IA MINERA COIMOLACHE S.A.; GOLD FIELDS LA CIMA S.A.; GOLD FIELDS LA CIMA S.A.A.; SOCIEDAD MINERA\nCORONA S.A.; SOCIEDAD MINERA LA CIMA S.A.","RESPONSABLE":"SOCIEDAD MINERA CORONA\nS.A.","GENERADOR":"NO IDENTIFICADO","ESTUDIOAMB":"PCM DE LA EX UNIDAD DE PRODUCCI\u00d3N CAROLINA N\u00b01","N":"1728"},"geometry":{"type":"Point","coordinates":[-78.63477,-6.75532]}},{"type":"Feature","properties":{"Name":"LABOR MINERA","description":"","OBJECTID":"300","PROVINCIA":"HUALGAYOC","DISTRITO":"HUALGAYOC","CUENCA":"LLAUCANO","ZONA":"17","EXUNIDAD":"CAROLINA (LLAUCANO)","TIPO":"LABOR MINERA","SUBTIPO":"BOCAMINA","REGION":"CAJAMARCA","ESTE":"761475","NORTE":"9252709","CODIGODM":"010000184U; 03000176X01;\n010336794","NOMBREDM":"CAROLINA N\u00ba1; SAN RAMON; TANTAHUATAY N\u00ba 24","TITULARDM":"COMPA\u00d1IA DE MINAS BUENAVENTURA S.A.A.; COMPA\u00d1IA MINERA COIMOLACHE S.A.; GOLD FIELDS LA CIMA S.A.; GOLD FIELDS LA CIMA S.A.A.; SOCIEDAD MINERA\nCORONA S.A.; SOCIEDAD MINERA LA CIMA S.A.","RESPONSABLE":"SOCIEDAD MINERA CORONA\nS.A.","GENERADOR":"NO IDENTIFICADO","ESTUDIOAMB":"PCM DE LA EX UNIDAD DE PRODUCCI\u00d3N CAROLINA N\u00b01","N":"1729"},"geometry":{"type":"Point","coordinates":[-78.63453,-6.75492]}},{"type":"Feature","properties":{"Name":"RESIDUO MINERO","description":"","OBJECTID":"301","PROVINCIA":"HUALGAYOC","DISTRITO":"HUALGAYOC","CUENCA":"LLAUCANO","ZONA":"17","EXUNIDAD":"CAROLINA (LLAUCANO)","TIPO":"RESIDUO MINERO","SUBTIPO":"DESMONTE DE MINA","REGION":"CAJAMARCA","ESTE":"761445","NORTE":"9252690","CODIGODM":"010000184U; 03000176X01;\n010336794","NOMBREDM":"CAROLINA N\u00ba1; SAN RAMON; TANTAHUATAY N\u00ba 24","TITULARDM":"COMPA\u00d1IA DE MINAS BUENAVENTURA S.A.A.; COMPA\u00d1IA MINERA COIMOLACHE S.A.; GOLD FIELDS LA CIMA S.A.; GOLD FIELDS LA CIMA S.A.A.; SOCIEDAD MINERA\nCORONA S.A.; SOCIEDAD MINERA LA CIMA S.A.","RESPONSABLE":"SOCIEDAD MINERA CORONA\nS.A.","GENERADOR":"NO IDENTIFICADO","ESTUDIOAMB":"PCM DE LA EX UNIDAD DE PRODUCCI\u00d3N CAROLINA N\u00b01","N":"1730"},"geometry":{"type":"Point","coordinates":[-78.6348,-6.75509]}},{"type":"Feature","properties":{"Name":"LABOR MINERA","description":"","OBJECTID":"302","PROVINCIA":"HUALGAYOC","DISTRITO":"HUALGAYOC","CUENCA":"LLAUCANO","ZONA":"17","EXUNIDAD":"CAROLINA (LLAUCANO)","TIPO":"LABOR MINERA","SUBTIPO":"TRINCHERA","REGION":"CAJAMARCA","ESTE":"761320","NORTE":"9254419","CODIGODM":"03000376X01; 010000184U;\n010336794","NOMBREDM":"BELLA UNION; CAROLINA N\u00ba1; TANTAHUATAY N\u00ba 24","TITULARDM":"COMPA\u00d1IA DE MINAS BUENAVENTURA S.A.A.; COMPA\u00d1IA MINERA COIMOLACHE S.A.; CONSOLIDADA DE HUALGAYOC S.A.; GOLD FIELDS LA CIMA S.A.; HUALGAYOC HOLDING S.A.C.; SOCIEDAD MINERA CORONA S.A.; SOCIEDAD MINERA LA CIMA\nS.A.","RESPONSABLE":"SOCIEDAD MINERA CORONA S.A.","GENERADOR":"NO IDENTIFICADO","ESTUDIOAMB":"PCM DE LA EX UNIDAD DE PRODUCCI\u00d3N CAROLINA N\u00b01","N":"1731"},"geometry":{"type":"Point","coordinates":[-78.63601,-6.73947]}},{"type":"Feature","properties":{"Name":"LABOR MINERA","description":"","OBJECTID":"303","PROVINCIA":"HUALGAYOC","DISTRITO":"HUALGAYOC","CUENCA":"LLAUCANO","ZONA":"17","EXUNIDAD":"CAROLINA (LLAUCANO)","TIPO":"LABOR MINERA","SUBTIPO":"BOCAMINA","REGION":"CAJAMARCA","ESTE":"761365","NORTE":"9254386","CODIGODM":"03000376X01; 010000184U;\n010336794","NOMBREDM":"BELLA UNION; CAROLINA N\u00ba1; TANTAHUATAY N\u00ba 24","TITULARDM":"COMPA\u00d1IA DE MINAS BUENAVENTURA S.A.A.; COMPA\u00d1IA MINERA COIMOLACHE S.A.; CONSOLIDADA DE HUALGAYOC S.A.; GOLD FIELDS LA CIMA S.A.; HUALGAYOC HOLDING S.A.C.; SOCIEDAD MINERA CORONA S.A.; SOCIEDAD MINERA LA CIMA\nS.A.","RESPONSABLE":"SOCIEDAD MINERA CORONA S.A.","GENERADOR":"NO IDENTIFICADO","ESTUDIOAMB":"PCM DE LA EX UNIDAD DE PRODUCCI\u00d3N CAROLINA N\u00b01","N":"1732"},"geometry":{"type":"Point","coordinates":[-78.6356,-6.73976]}},{"type":"Feature","properties":{"Name":"LABOR MINERA","description":"","OBJECTID":"304","PROVINCIA":"HUALGAYOC","DISTRITO":"HUALGAYOC","CUENCA":"LLAUCANO","ZONA":"17","EXUNIDAD":"CAROLINA (LLAUCANO)","TIPO":"LABOR MINERA","SUBTIPO":"BOCAMINA","REGION":"CAJAMARCA","ESTE":"761403","NORTE":"9254457","CODIGODM":"03000376X01; 010000184U;\n010336794","NOMBREDM":"BELLA UNION; CAROLINA N\u00ba1; TANTAHUATAY N\u00ba 24","TITULARDM":"COMPA\u00d1IA DE MINAS BUENAVENTURA S.A.A.; COMPA\u00d1IA MINERA COIMOLACHE S.A.; CONSOLIDADA DE HUALGAYOC S.A.; GOLD FIELDS LA CIMA S.A.; HUALGAYOC HOLDING S.A.C.; SOCIEDAD MINERA CORONA S.A.; SOCIEDAD MINERA LA CIMA\nS.A.","RESPONSABLE":"SOCIEDAD MINERA CORONA S.A.","GENERADOR":"NO IDENTIFICADO","ESTUDIOAMB":"PCM DE LA EX UNIDAD DE PRODUCCI\u00d3N CAROLINA N\u00b01","N":"1733"},"geometry":{"type":"Point","coordinates":[-78.63526,-6.73912]}},{"type":"Feature","properties":{"Name":"LABOR MINERA","description":"","OBJECTID":"305","PROVINCIA":"HUALGAYOC","DISTRITO":"HUALGAYOC","CUENCA":"LLAUCANO","ZONA":"17","EXUNIDAD":"CAROLINA (LLAUCANO)","TIPO":"LABOR MINERA","SUBTIPO":"BOCAMINA","REGION":"CAJAMARCA","ESTE":"761400","NORTE":"9254465","CODIGODM":"03000376X01; 010000184U;\n010336794","NOMBREDM":"BELLA UNION; CAROLINA N\u00ba1; TANTAHUATAY N\u00ba 24","TITULARDM":"COMPA\u00d1IA DE MINAS BUENAVENTURA S.A.A.; COMPA\u00d1IA MINERA COIMOLACHE S.A.; CONSOLIDADA DE HUALGAYOC S.A.; GOLD FIELDS LA CIMA S.A.; HUALGAYOC HOLDING S.A.C.; SOCIEDAD MINERA CORONA S.A.; SOCIEDAD MINERA LA CIMA\nS.A.","RESPONSABLE":"SOCIEDAD MINERA CORONA S.A.","GENERADOR":"NO IDENTIFICADO","ESTUDIOAMB":"PCM DE LA EX UNIDAD DE PRODUCCI\u00d3N CAROLINA N\u00b01","N":"1734"},"geometry":{"type":"Point","coordinates":[-78.63529,-6.73905]}},{"type":"Feature","properties":{"Name":"RESIDUO MINERO","description":"","OBJECTID":"306","PROVINCIA":"HUALGAYOC","DISTRITO":"HUALGAYOC","CUENCA":"LLAUCANO","ZONA":"17","EXUNIDAD":"CAROLINA (LLAUCANO)","TIPO":"RESIDUO MINERO","SUBTIPO":"DESMONTE DE MINA","REGION":"CAJAMARCA","ESTE":"761460","NORTE":"9254406","CODIGODM":"03000376X01; 010000184U;\n010336794","NOMBREDM":"BELLA UNION; CAROLINA N\u00ba1; TANTAHUATAY N\u00ba 24","TITULARDM":"COMPA\u00d1IA DE MINAS BUENAVENTURA S.A.A.; COMPA\u00d1IA MINERA COIMOLACHE S.A.; CONSOLIDADA DE HUALGAYOC S.A.; GOLD FIELDS LA CIMA S.A.; HUALGAYOC HOLDING S.A.C.; SOCIEDAD MINERA CORONA S.A.; SOCIEDAD MINERA LA CIMA\nS.A.","RESPONSABLE":"SOCIEDAD MINERA CORONA S.A.","GENERADOR":"NO IDENTIFICADO","ESTUDIOAMB":"PCM DE LA EX UNIDAD DE PRODUCCI\u00d3N CAROLINA N\u00b01","N":"1735"},"geometry":{"type":"Point","coordinates":[-78.63474,-6.73958]}},{"type":"Feature","properties":{"Name":"RESIDUO MINERO","description":"","OBJECTID":"307","PROVINCIA":"HUALGAYOC","DISTRITO":"HUALGAYOC","CUENCA":"LLAUCANO","ZONA":"17","EXUNIDAD":"CAROLINA (LLAUCANO)","TIPO":"RESIDUO MINERO","SUBTIPO":"DESMONTE DE MINA","REGION":"CAJAMARCA","ESTE":"761380","NORTE":"9254370","CODIGODM":"03000376X01; 010000184U;\n010336794","NOMBREDM":"BELLA UNION; CAROLINA N\u00ba1; TANTAHUATAY N\u00ba 24","TITULARDM":"COMPA\u00d1IA DE MINAS BUENAVENTURA S.A.A.; COMPA\u00d1IA MINERA COIMOLACHE S.A.; CONSOLIDADA DE HUALGAYOC S.A.; GOLD FIELDS LA CIMA S.A.; HUALGAYOC HOLDING S.A.C.; SOCIEDAD MINERA CORONA S.A.; SOCIEDAD MINERA LA CIMA\nS.A.","RESPONSABLE":"SOCIEDAD MINERA CORONA S.A.","GENERADOR":"NO IDENTIFICADO","ESTUDIOAMB":"PCM DE LA EX UNIDAD DE PRODUCCI\u00d3N CAROLINA N\u00b01","N":"1736"},"geometry":{"type":"Point","coordinates":[-78.63546,-6.73991]}},{"type":"Feature","properties":{"Name":"RESIDUO MINERO","description":"","OBJECTID":"308","PROVINCIA":"HUALGAYOC","DISTRITO":"HUALGAYOC","CUENCA":"LLAUCANO","ZONA":"17","EXUNIDAD":"CAROLINA (LLAUCANO)","TIPO":"RESIDUO MINERO","SUBTIPO":"DESMONTE DE MINA","REGION":"CAJAMARCA","ESTE":"761424","NORTE":"9254449","CODIGODM":"03000376X01; 010000184U;\n010336794","NOMBREDM":"BELLA UNION; CAROLINA N\u00ba1; TANTAHUATAY N\u00ba 24","TITULARDM":"COMPA\u00d1IA DE MINAS BUENAVENTURA S.A.A.; COMPA\u00d1IA MINERA COIMOLACHE S.A.; CONSOLIDADA DE HUALGAYOC S.A.; GOLD FIELDS LA CIMA S.A.; HUALGAYOC HOLDING S.A.C.; SOCIEDAD MINERA CORONA S.A.; SOCIEDAD MINERA LA CIMA\nS.A.","RESPONSABLE":"SOCIEDAD MINERA CORONA S.A.","GENERADOR":"NO IDENTIFICADO","ESTUDIOAMB":"PCM DE LA EX UNIDAD DE PRODUCCI\u00d3N CAROLINA N\u00b01","N":"1737"},"geometry":{"type":"Point","coordinates":[-78.63507,-6.73919]}},{"type":"Feature","properties":{"Name":"RESIDUO MINERO","description":"","OBJECTID":"309","PROVINCIA":"HUALGAYOC","DISTRITO":"HUALGAYOC","CUENCA":"LLAUCANO","ZONA":"17","EXUNIDAD":"CAROLINA (LLAUCANO)","TIPO":"RESIDUO MINERO","SUBTIPO":"DESMONTE DE MINA","REGION":"CAJAMARCA","ESTE":"761391","NORTE":"9254430","CODIGODM":"03000376X01; 010000184U;\n010336794","NOMBREDM":"BELLA UNION; CAROLINA N\u00ba1; TANTAHUATAY N\u00ba 24","TITULARDM":"COMPA\u00d1IA DE MINAS BUENAVENTURA S.A.A.; COMPA\u00d1IA MINERA COIMOLACHE S.A.; CONSOLIDADA DE HUALGAYOC S.A.; GOLD FIELDS LA CIMA S.A.; HUALGAYOC HOLDING S.A.C.; SOCIEDAD MINERA CORONA S.A.; SOCIEDAD MINERA LA CIMA\nS.A.","RESPONSABLE":"SOCIEDAD MINERA CORONA S.A.","GENERADOR":"NO IDENTIFICADO","ESTUDIOAMB":"PCM DE LA EX UNIDAD DE PRODUCCI\u00d3N CAROLINA N\u00b01","N":"1738"},"geometry":{"type":"Point","coordinates":[-78.63537,-6.73937]}},{"type":"Feature","properties":{"Name":"RESIDUO MINERO","description":"","OBJECTID":"310","PROVINCIA":"HUALGAYOC","DISTRITO":"HUALGAYOC","CUENCA":"LLAUCANO","ZONA":"17","EXUNIDAD":"CAROLINA (LLAUCANO)","TIPO":"RESIDUO MINERO","SUBTIPO":"DESMONTE DE MINA","REGION":"CAJAMARCA","ESTE":"761687","NORTE":"9255409","CODIGODM":"010000184U; 0302146EX01;\n010320705","NOMBREDM":"CAROLINA N\u00ba1; EL MANJAR N\u00ba 2- A8 (FRACCIONADO); PILANCONES\n2005 A","TITULARDM":"CONSOLIDADA DE HUALGAYOC S.A.; EXPLORACIONES MINERAS COCHORCO S.A; GOLD FIELDS LA CIMA S.A.; HUALGAYOC HOLDING S.A.C.; SOCIEDAD MINERA\nCORONA S.A.; SOCIEDAD MINERA LA CIMA S.A.","RESPONSABLE":"SOCIEDAD MINERA CORONA\nS.A.","GENERADOR":"NO IDENTIFICADO","ESTUDIOAMB":"PCM DE LA EX UNIDAD DE PRODUCCI\u00d3N CAROLINA N\u00b01","N":"1739"},"geometry":{"type":"Point","coordinates":[-78.63273,-6.7305]}},{"type":"Feature","properties":{"Name":"RESIDUO MINERO","description":"","OBJECTID":"311","PROVINCIA":"HUALGAYOC","DISTRITO":"HUALGAYOC","CUENCA":"LLAUCANO","ZONA":"17","EXUNIDAD":"CAROLINA (LLAUCANO)","TIPO":"RESIDUO MINERO","SUBTIPO":"DESMONTE DE MINA","REGION":"CAJAMARCA","ESTE":"761631","NORTE":"9255376","CODIGODM":"010000184U; 0302146EX01;\n010320705","NOMBREDM":"CAROLINA N\u00ba1; EL MANJAR N\u00ba 2- A8 (FRACCIONADO); PILANCONES\n2005 A","TITULARDM":"CONSOLIDADA DE HUALGAYOC S.A.; EXPLORACIONES MINERAS COCHORCO S.A; GOLD FIELDS LA CIMA S.A.; HUALGAYOC HOLDING S.A.C.; SOCIEDAD MINERA\nCORONA S.A.; SOCIEDAD MINERA LA CIMA S.A.","RESPONSABLE":"SOCIEDAD MINERA CORONA\nS.A.","GENERADOR":"NO IDENTIFICADO","ESTUDIOAMB":"PCM DE LA EX UNIDAD DE PRODUCCI\u00d3N CAROLINA N\u00b01","N":"1740"},"geometry":{"type":"Point","coordinates":[-78.63324,-6.7308]}},{"type":"Feature","properties":{"Name":"RESIDUO MINERO","description":"","OBJECTID":"312","PROVINCIA":"HUALGAYOC","DISTRITO":"HUALGAYOC","CUENCA":"LLAUCANO","ZONA":"17","EXUNIDAD":"CAROLINA (LLAUCANO)","TIPO":"RESIDUO MINERO","SUBTIPO":"DESMONTE DE MINA","REGION":"CAJAMARCA","ESTE":"761692","NORTE":"9255386","CODIGODM":"010000184U; 0302146EX01;\n010320705","NOMBREDM":"CAROLINA N\u00ba1; EL MANJAR N\u00ba 2- A8 (FRACCIONADO); PILANCONES\n2005 A","TITULARDM":"CONSOLIDADA DE HUALGAYOC S.A.; EXPLORACIONES MINERAS COCHORCO S.A; GOLD FIELDS LA CIMA S.A.; HUALGAYOC HOLDING S.A.C.; SOCIEDAD MINERA\nCORONA S.A.; SOCIEDAD MINERA LA CIMA S.A.","RESPONSABLE":"SOCIEDAD MINERA CORONA\nS.A.","GENERADOR":"NO IDENTIFICADO","ESTUDIOAMB":"PCM DE LA EX UNIDAD DE PRODUCCI\u00d3N CAROLINA N\u00b01","N":"1741"},"geometry":{"type":"Point","coordinates":[-78.63269,-6.73071]}},{"type":"Feature","properties":{"Name":"RESIDUO MINERO","description":"","OBJECTID":"313","PROVINCIA":"HUALGAYOC","DISTRITO":"HUALGAYOC","CUENCA":"LLAUCANO","ZONA":"17","EXUNIDAD":"CAROLINA (LLAUCANO)","TIPO":"RESIDUO MINERO","SUBTIPO":"DESMONTE DE MINA","REGION":"CAJAMARCA","ESTE":"761904","NORTE":"9255779","CODIGODM":"010000184U; 03001926X01","NOMBREDM":"CAROLINA N\u00ba1; EL MESIAS","TITULARDM":"CONSOLIDADA DE HUALGAYOC S.A.; GOLD FIELDS LA CIMA S.A.; HUALGAYOC HOLDING S.A.C.; SOCIEDAD MINERA CORONA S.A.; SOCIEDAD MINERA LA CIMA\nS.A.","RESPONSABLE":"SOCIEDAD MINERA CORONA\nS.A.","GENERADOR":"NO IDENTIFICADO","ESTUDIOAMB":"PCM DE LA EX UNIDAD DE PRODUCCI\u00d3N CAROLINA N\u00b01","N":"1742"},"geometry":{"type":"Point","coordinates":[-78.63079,-6.72715]}},{"type":"Feature","properties":{"Name":"LABOR MINERA","description":"","OBJECTID":"314","PROVINCIA":"HUALGAYOC","DISTRITO":"HUALGAYOC","CUENCA":"LLAUCANO","ZONA":"17","EXUNIDAD":"CAROLINA (LLAUCANO)","TIPO":"LABOR MINERA","SUBTIPO":"BOCAMINA","REGION":"CAJAMARCA","ESTE":"761615","NORTE":"9255392","CODIGODM":"010000184U; 0302146EX01;\n010320705","NOMBREDM":"CAROLINA N\u00ba1; EL MANJAR N\u00ba 2- A8 (FRACCIONADO); PILANCONES\n2005 A","TITULARDM":"CONSOLIDADA DE HUALGAYOC S.A.; EXPLORACIONES MINERAS COCHORCO S.A; GOLD FIELDS LA CIMA S.A.; HUALGAYOC HOLDING S.A.C.; SOCIEDAD MINERA\nCORONA S.A.; SOCIEDAD MINERA LA CIMA S.A.","RESPONSABLE":"SOCIEDAD MINERA CORONA\nS.A.","GENERADOR":"NO IDENTIFICADO","ESTUDIOAMB":"PCM DE LA EX UNIDAD DE PRODUCCI\u00d3N CAROLINA N\u00b01","N":"1743"},"geometry":{"type":"Point","coordinates":[-78.63338,-6.73066]}},{"type":"Feature","properties":{"Name":"LABOR MINERA","description":"","OBJECTID":"315","PROVINCIA":"HUALGAYOC","DISTRITO":"HUALGAYOC","CUENCA":"LLAUCANO","ZONA":"17","EXUNIDAD":"CAROLINA (LLAUCANO)","TIPO":"LABOR MINERA","SUBTIPO":"BOCAMINA","REGION":"CAJAMARCA","ESTE":"761649","NORTE":"9255421","CODIGODM":"010000184U; 0302146EX01;\n010320705","NOMBREDM":"CAROLINA N\u00ba1; EL MANJAR N\u00ba 2- A8 (FRACCIONADO); PILANCONES\n2005 A","TITULARDM":"CONSOLIDADA DE HUALGAYOC S.A.; EXPLORACIONES MINERAS COCHORCO S.A; GOLD FIELDS LA CIMA S.A.; HUALGAYOC HOLDING S.A.C.; SOCIEDAD MINERA\nCORONA S.A.; SOCIEDAD MINERA LA CIMA S.A.","RESPONSABLE":"SOCIEDAD MINERA CORONA\nS.A.","GENERADOR":"NO IDENTIFICADO","ESTUDIOAMB":"PCM DE LA EX UNIDAD DE PRODUCCI\u00d3N CAROLINA N\u00b01","N":"1744"},"geometry":{"type":"Point","coordinates":[-78.63308,-6.7304]}},{"type":"Feature","properties":{"Name":"LABOR MINERA","description":"","OBJECTID":"316","PROVINCIA":"HUALGAYOC","DISTRITO":"HUALGAYOC","CUENCA":"LLAUCANO","ZONA":"17","EXUNIDAD":"CAROLINA (LLAUCANO)","TIPO":"LABOR MINERA","SUBTIPO":"BOCAMINA","REGION":"CAJAMARCA","ESTE":"761675","NORTE":"9255402","CODIGODM":"010000184U; 0302146EX01;\n010320705","NOMBREDM":"CAROLINA N\u00ba1; EL MANJAR N\u00ba 2- A8 (FRACCIONADO); PILANCONES\n2005 A","TITULARDM":"CONSOLIDADA DE HUALGAYOC S.A.; EXPLORACIONES MINERAS COCHORCO S.A; GOLD FIELDS LA CIMA S.A.; HUALGAYOC HOLDING S.A.C.; SOCIEDAD MINERA\nCORONA S.A.; SOCIEDAD MINERA LA CIMA S.A.","RESPONSABLE":"SOCIEDAD MINERA CORONA\nS.A.","GENERADOR":"NO IDENTIFICADO","ESTUDIOAMB":"PCM DE LA EX UNIDAD DE PRODUCCI\u00d3N CAROLINA N\u00b01","N":"1745"},"geometry":{"type":"Point","coordinates":[-78.63284,-6.73057]}},{"type":"Feature","properties":{"Name":"LABOR MINERA","description":"","OBJECTID":"317","PROVINCIA":"HUALGAYOC","DISTRITO":"HUALGAYOC","CUENCA":"LLAUCANO","ZONA":"17","EXUNIDAD":"CAROLINA (LLAUCANO)","TIPO":"LABOR MINERA","SUBTIPO":"BOCAMINA","REGION":"CAJAMARCA","ESTE":"761918","NORTE":"9255792","CODIGODM":"010000184U; 03001926X01","NOMBREDM":"CAROLINA N\u00ba1; EL MESIAS","TITULARDM":"CONSOLIDADA DE HUALGAYOC S.A.; GOLD FIELDS LA CIMA S.A.; HUALGAYOC HOLDING S.A.C.; SOCIEDAD MINERA CORONA S.A.; SOCIEDAD MINERA LA CIMA\nS.A.","RESPONSABLE":"SOCIEDAD MINERA CORONA\nS.A.","GENERADOR":"NO IDENTIFICADO","ESTUDIOAMB":"PCM DE LA EX UNIDAD DE PRODUCCI\u00d3N CAROLINA N\u00b01","N":"1746"},"geometry":{"type":"Point","coordinates":[-78.63066,-6.72703]}},{"type":"Feature","properties":{"Name":"LABOR MINERA","description":"","OBJECTID":"318","PROVINCIA":"HUALGAYOC","DISTRITO":"HUALGAYOC","CUENCA":"LLAUCANO","ZONA":"17","EXUNIDAD":"CAROLINA (LLAUCANO)","TIPO":"LABOR MINERA","SUBTIPO":"BOCAMINA","REGION":"CAJAMARCA","ESTE":"761612","NORTE":"9255393","CODIGODM":"010000184U; 0302146EX01;\n010320705","NOMBREDM":"CAROLINA N\u00ba1; EL MANJAR N\u00ba 2- A8 (FRACCIONADO); PILANCONES\n2005 A","TITULARDM":"CONSOLIDADA DE HUALGAYOC S.A.; EXPLORACIONES MINERAS COCHORCO S.A; GOLD FIELDS LA CIMA S.A.; HUALGAYOC HOLDING S.A.C.; SOCIEDAD MINERA\nCORONA S.A.; SOCIEDAD MINERA LA CIMA S.A.","RESPONSABLE":"SOCIEDAD MINERA CORONA\nS.A.","GENERADOR":"NO IDENTIFICADO","ESTUDIOAMB":"PCM DE LA EX UNIDAD DE PRODUCCI\u00d3N CAROLINA N\u00b01","N":"1747"},"geometry":{"type":"Point","coordinates":[-78.63341,-6.73065]}},{"type":"Feature","properties":{"Name":"LABOR MINERA","description":"","OBJECTID":"319","PROVINCIA":"HUALGAYOC","DISTRITO":"HUALGAYOC","CUENCA":"LLAUCANO","ZONA":"17","EXUNIDAD":"CAROLINA (LLAUCANO)","TIPO":"LABOR MINERA","SUBTIPO":"BOCAMINA","REGION":"CAJAMARCA","ESTE":"761951","NORTE":"9255816","CODIGODM":"010000184U; 03001926X01","NOMBREDM":"CAROLINA N\u00ba1; EL MESIAS","TITULARDM":"CONSOLIDADA DE HUALGAYOC S.A.; GOLD FIELDS LA CIMA S.A.; HUALGAYOC HOLDING S.A.C.; SOCIEDAD MINERA CORONA S.A.; SOCIEDAD MINERA LA CIMA\nS.A.","RESPONSABLE":"SOCIEDAD MINERA CORONA\nS.A.","GENERADOR":"NO IDENTIFICADO","ESTUDIOAMB":"PCM DE LA EX UNIDAD DE PRODUCCI\u00d3N CAROLINA N\u00b01","N":"1748"},"geometry":{"type":"Point","coordinates":[-78.63037,-6.72681]}},{"type":"Feature","properties":{"Name":"LABOR MINERA","description":"","OBJECTID":"320","PROVINCIA":"HUALGAYOC","DISTRITO":"HUALGAYOC","CUENCA":"LLAUCANO","ZONA":"17","EXUNIDAD":"CAROLINA (LLAUCANO)","TIPO":"LABOR MINERA","SUBTIPO":"TRINCHERA","REGION":"CAJAMARCA","ESTE":"761310","NORTE":"9254298","CODIGODM":"03000376X01; 010000184U;\n03000403X01; 010336794","NOMBREDM":"BELLA UNION; CAROLINA N\u00ba1; PUNTO VICTORIA SEIS; TANTAHUATAY N\u00ba 24","TITULARDM":"COMPA\u00d1IA DE MINAS BUENAVENTURA S.A.A.; COMPA\u00d1IA MINERA COIMOLACHE S.A.; CONSOLIDADA DE HUALGAYOC S.A.; GOLD FIELDS LA CIMA S.A.; HUALGAYOC HOLDING S.A.C.; SOCIEDAD MINERA CORONA S.A.; SOCIEDAD MINERA LA CIMA\nS.A.","RESPONSABLE":"SOCIEDAD MINERA CORONA S.A.","GENERADOR":"NO IDENTIFICADO","ESTUDIOAMB":"PCM DE LA EX UNIDAD DE PRODUCCI\u00d3N CAROLINA N\u00b01","N":"1749"},"geometry":{"type":"Point","coordinates":[-78.63609,-6.74056]}},{"type":"Feature","properties":{"Name":"LABOR MINERA","description":"","OBJECTID":"321","PROVINCIA":"HUALGAYOC","DISTRITO":"HUALGAYOC","CUENCA":"LLAUCANO","ZONA":"17","EXUNIDAD":"CAROLINA (LLAUCANO)","TIPO":"LABOR MINERA","SUBTIPO":"TRINCHERA","REGION":"CAJAMARCA","ESTE":"761466","NORTE":"9254272","CODIGODM":"03000376X01; 010000184U;\n03000403X01; 010336794","NOMBREDM":"BELLA UNION; CAROLINA N\u00ba1; PUNTO VICTORIA SEIS; TANTAHUATAY N\u00ba 24","TITULARDM":"COMPA\u00d1IA DE MINAS BUENAVENTURA S.A.A.; COMPA\u00d1IA MINERA COIMOLACHE S.A.; CONSOLIDADA DE HUALGAYOC S.A.; GOLD FIELDS LA CIMA S.A.; HUALGAYOC HOLDING S.A.C.; SOCIEDAD MINERA CORONA S.A.; SOCIEDAD MINERA LA CIMA\nS.A.","RESPONSABLE":"SOCIEDAD MINERA CORONA S.A.","GENERADOR":"NO IDENTIFICADO","ESTUDIOAMB":"PCM DE LA EX UNIDAD DE PRODUCCI\u00d3N CAROLINA N\u00b01","N":"1750"},"geometry":{"type":"Point","coordinates":[-78.63468,-6.74079]}},{"type":"Feature","properties":{"Name":"LABOR MINERA","description":"","OBJECTID":"322","PROVINCIA":"HUALGAYOC","DISTRITO":"HUALGAYOC","CUENCA":"LLAUCANO","ZONA":"17","EXUNIDAD":"CAROLINA (LLAUCANO)","TIPO":"LABOR MINERA","SUBTIPO":"BOCAMINA","REGION":"CAJAMARCA","ESTE":"761554","NORTE":"9254433","CODIGODM":"03000376X01; 010000184U;\n010336794","NOMBREDM":"BELLA UNION; CAROLINA N\u00ba1; TANTAHUATAY N\u00ba 24","TITULARDM":"COMPA\u00d1IA DE MINAS BUENAVENTURA S.A.A.; COMPA\u00d1IA MINERA COIMOLACHE S.A.; CONSOLIDADA DE HUALGAYOC S.A.; GOLD FIELDS LA CIMA S.A.; HUALGAYOC HOLDING S.A.C.; SOCIEDAD MINERA CORONA S.A.; SOCIEDAD MINERA LA CIMA\nS.A.","RESPONSABLE":"SOCIEDAD MINERA CORONA S.A.","GENERADOR":"NO IDENTIFICADO","ESTUDIOAMB":"PCM DE LA EX UNIDAD DE PRODUCCI\u00d3N CAROLINA N\u00b01","N":"1751"},"geometry":{"type":"Point","coordinates":[-78.63389,-6.73933]}},{"type":"Feature","properties":{"Name":"LABOR MINERA","description":"","OBJECTID":"323","PROVINCIA":"HUALGAYOC","DISTRITO":"HUALGAYOC","CUENCA":"LLAUCANO","ZONA":"17","EXUNIDAD":"CAROLINA (LLAUCANO)","TIPO":"LABOR MINERA","SUBTIPO":"BOCAMINA","REGION":"CAJAMARCA","ESTE":"761572","NORTE":"9254340","CODIGODM":"03000376X01; 010000184U;\n010336794","NOMBREDM":"BELLA UNION; CAROLINA N\u00ba1; TANTAHUATAY N\u00ba 24","TITULARDM":"COMPA\u00d1IA DE MINAS BUENAVENTURA S.A.A.; COMPA\u00d1IA MINERA COIMOLACHE S.A.; CONSOLIDADA DE HUALGAYOC S.A.; GOLD FIELDS LA CIMA S.A.; HUALGAYOC HOLDING S.A.C.; SOCIEDAD MINERA CORONA S.A.; SOCIEDAD MINERA LA CIMA\nS.A.","RESPONSABLE":"SOCIEDAD MINERA CORONA S.A.","GENERADOR":"NO IDENTIFICADO","ESTUDIOAMB":"PCM DE LA EX UNIDAD DE PRODUCCI\u00d3N CAROLINA N\u00b01","N":"1752"},"geometry":{"type":"Point","coordinates":[-78.63373,-6.74017]}},{"type":"Feature","properties":{"Name":"LABOR MINERA","description":"","OBJECTID":"324","PROVINCIA":"HUALGAYOC","DISTRITO":"HUALGAYOC","CUENCA":"LLAUCANO","ZONA":"17","EXUNIDAD":"CAROLINA (LLAUCANO)","TIPO":"LABOR MINERA","SUBTIPO":"BOCAMINA","REGION":"CAJAMARCA","ESTE":"761552","NORTE":"9254312","CODIGODM":"03000376X01; 010000184U;\n010336794","NOMBREDM":"BELLA UNION; CAROLINA N\u00ba1; TANTAHUATAY N\u00ba 24","TITULARDM":"COMPA\u00d1IA DE MINAS BUENAVENTURA S.A.A.; COMPA\u00d1IA MINERA COIMOLACHE S.A.; CONSOLIDADA DE HUALGAYOC S.A.; GOLD FIELDS LA CIMA S.A.; HUALGAYOC HOLDING S.A.C.; SOCIEDAD MINERA CORONA S.A.; SOCIEDAD MINERA LA CIMA\nS.A.","RESPONSABLE":"SOCIEDAD MINERA CORONA S.A.","GENERADOR":"NO IDENTIFICADO","ESTUDIOAMB":"PCM DE LA EX UNIDAD DE PRODUCCI\u00d3N CAROLINA N\u00b01","N":"1753"},"geometry":{"type":"Point","coordinates":[-78.63391,-6.74042]}},{"type":"Feature","properties":{"Name":"RESIDUO MINERO","description":"","OBJECTID":"325","PROVINCIA":"HUALGAYOC","DISTRITO":"HUALGAYOC","CUENCA":"LLAUCANO","ZONA":"17","EXUNIDAD":"CAROLINA (LLAUCANO)","TIPO":"RESIDUO MINERO","SUBTIPO":"DESMONTE DE MINA","REGION":"CAJAMARCA","ESTE":"761241","NORTE":"9254305","CODIGODM":"03000376X01; 010000184U;\n03000403X01; 010336794","NOMBREDM":"BELLA UNION; CAROLINA N\u00ba1; PUNTO VICTORIA SEIS; TANTAHUATAY N\u00ba 24","TITULARDM":"COMPA\u00d1IA DE MINAS BUENAVENTURA S.A.A.; COMPA\u00d1IA MINERA COIMOLACHE S.A.; CONSOLIDADA DE HUALGAYOC S.A.; GOLD FIELDS LA CIMA S.A.; HUALGAYOC HOLDING S.A.C.; SOCIEDAD MINERA CORONA S.A.; SOCIEDAD MINERA LA CIMA\nS.A.","RESPONSABLE":"SOCIEDAD MINERA CORONA S.A.","GENERADOR":"NO IDENTIFICADO","ESTUDIOAMB":"PCM DE LA EX UNIDAD DE PRODUCCI\u00d3N CAROLINA N\u00b01","N":"1754"},"geometry":{"type":"Point","coordinates":[-78.63672,-6.7405]}},{"type":"Feature","properties":{"Name":"RESIDUO MINERO","description":"","OBJECTID":"326","PROVINCIA":"HUALGAYOC","DISTRITO":"HUALGAYOC","CUENCA":"LLAUCANO","ZONA":"17","EXUNIDAD":"CAROLINA (LLAUCANO)","TIPO":"RESIDUO MINERO","SUBTIPO":"DESMONTE DE MINA","REGION":"CAJAMARCA","ESTE":"761292","NORTE":"9254285","CODIGODM":"03000376X01; 010000184U;\n03000403X01; 010336794","NOMBREDM":"BELLA UNION; CAROLINA N\u00ba1; PUNTO VICTORIA SEIS; TANTAHUATAY N\u00ba 24","TITULARDM":"COMPA\u00d1IA DE MINAS BUENAVENTURA S.A.A.; COMPA\u00d1IA MINERA COIMOLACHE S.A.; CONSOLIDADA DE HUALGAYOC S.A.; GOLD FIELDS LA CIMA S.A.; HUALGAYOC HOLDING S.A.C.; SOCIEDAD MINERA CORONA S.A.; SOCIEDAD MINERA LA CIMA\nS.A.","RESPONSABLE":"SOCIEDAD MINERA CORONA S.A.","GENERADOR":"NO IDENTIFICADO","ESTUDIOAMB":"PCM DE LA EX UNIDAD DE PRODUCCI\u00d3N CAROLINA N\u00b01","N":"1755"},"geometry":{"type":"Point","coordinates":[-78.63626,-6.74068]}},{"type":"Feature","properties":{"Name":"RESIDUO MINERO","description":"","OBJECTID":"327","PROVINCIA":"HUALGAYOC","DISTRITO":"HUALGAYOC","CUENCA":"LLAUCANO","ZONA":"17","EXUNIDAD":"CAROLINA (LLAUCANO)","TIPO":"RESIDUO MINERO","SUBTIPO":"DESMONTE DE MINA","REGION":"CAJAMARCA","ESTE":"761337","NORTE":"9254280","CODIGODM":"03000376X01; 010000184U;\n03000403X01; 010336794","NOMBREDM":"BELLA UNION; CAROLINA N\u00ba1; PUNTO VICTORIA SEIS; TANTAHUATAY N\u00ba 24","TITULARDM":"COMPA\u00d1IA DE MINAS BUENAVENTURA S.A.A.; COMPA\u00d1IA MINERA COIMOLACHE S.A.; CONSOLIDADA DE HUALGAYOC S.A.; GOLD FIELDS LA CIMA S.A.; HUALGAYOC HOLDING S.A.C.; SOCIEDAD MINERA CORONA S.A.; SOCIEDAD MINERA LA CIMA\nS.A.","RESPONSABLE":"SOCIEDAD MINERA CORONA S.A.","GENERADOR":"NO IDENTIFICADO","ESTUDIOAMB":"PCM DE LA EX UNIDAD DE PRODUCCI\u00d3N CAROLINA N\u00b01","N":"1756"},"geometry":{"type":"Point","coordinates":[-78.63585,-6.74072]}},{"type":"Feature","properties":{"Name":"RESIDUO MINERO","description":"","OBJECTID":"328","PROVINCIA":"HUALGAYOC","DISTRITO":"HUALGAYOC","CUENCA":"LLAUCANO","ZONA":"17","EXUNIDAD":"CAROLINA (LLAUCANO)","TIPO":"RESIDUO MINERO","SUBTIPO":"DESMONTE DE MINA","REGION":"CAJAMARCA","ESTE":"761412","NORTE":"9254280","CODIGODM":"03000376X01; 010000184U;\n03000403X01; 010336794","NOMBREDM":"BELLA UNION; CAROLINA N\u00ba1; PUNTO VICTORIA SEIS; TANTAHUATAY N\u00ba 24","TITULARDM":"COMPA\u00d1IA DE MINAS BUENAVENTURA S.A.A.; COMPA\u00d1IA MINERA COIMOLACHE S.A.; CONSOLIDADA DE HUALGAYOC S.A.; GOLD FIELDS LA CIMA S.A.; HUALGAYOC HOLDING S.A.C.; SOCIEDAD MINERA CORONA S.A.; SOCIEDAD MINERA LA CIMA\nS.A.","RESPONSABLE":"SOCIEDAD MINERA CORONA S.A.","GENERADOR":"NO IDENTIFICADO","ESTUDIOAMB":"PCM DE LA EX UNIDAD DE PRODUCCI\u00d3N CAROLINA N\u00b01","N":"1757"},"geometry":{"type":"Point","coordinates":[-78.63517,-6.74072]}},{"type":"Feature","properties":{"Name":"RESIDUO MINERO","description":"","OBJECTID":"329","PROVINCIA":"HUALGAYOC","DISTRITO":"HUALGAYOC","CUENCA":"LLAUCANO","ZONA":"17","EXUNIDAD":"CAROLINA (LLAUCANO)","TIPO":"RESIDUO MINERO","SUBTIPO":"DESMONTE DE MINA","REGION":"CAJAMARCA","ESTE":"761494","NORTE":"9254325","CODIGODM":"03000376X01; 010000184U;\n010336794","NOMBREDM":"BELLA UNION; CAROLINA N\u00ba1; TANTAHUATAY N\u00ba 24","TITULARDM":"COMPA\u00d1IA DE MINAS BUENAVENTURA S.A.A.; COMPA\u00d1IA MINERA COIMOLACHE S.A.; CONSOLIDADA DE HUALGAYOC S.A.; GOLD FIELDS LA CIMA S.A.; HUALGAYOC HOLDING S.A.C.; SOCIEDAD MINERA CORONA S.A.; SOCIEDAD MINERA LA CIMA\nS.A.","RESPONSABLE":"SOCIEDAD MINERA CORONA S.A.","GENERADOR":"NO IDENTIFICADO","ESTUDIOAMB":"PCM DE LA EX UNIDAD DE PRODUCCI\u00d3N CAROLINA N\u00b01","N":"1758"},"geometry":{"type":"Point","coordinates":[-78.63443,-6.74031]}},{"type":"Feature","properties":{"Name":"RESIDUO MINERO","description":"","OBJECTID":"330","PROVINCIA":"HUALGAYOC","DISTRITO":"HUALGAYOC","CUENCA":"LLAUCANO","ZONA":"17","EXUNIDAD":"CAROLINA (LLAUCANO)","TIPO":"RESIDUO MINERO","SUBTIPO":"DESMONTE DE MINA","REGION":"CAJAMARCA","ESTE":"761505","NORTE":"9254269","CODIGODM":"03000376X01; 010000184U;\n03000403X01; 010336794","NOMBREDM":"BELLA UNION; CAROLINA N\u00ba1; PUNTO VICTORIA SEIS; TANTAHUATAY N\u00ba 24","TITULARDM":"COMPA\u00d1IA DE MINAS BUENAVENTURA S.A.A.; COMPA\u00d1IA MINERA COIMOLACHE S.A.; CONSOLIDADA DE HUALGAYOC S.A.; GOLD FIELDS LA CIMA S.A.; HUALGAYOC HOLDING S.A.C.; SOCIEDAD MINERA CORONA S.A.; SOCIEDAD MINERA LA CIMA\nS.A.","RESPONSABLE":"SOCIEDAD MINERA CORONA S.A.","GENERADOR":"NO IDENTIFICADO","ESTUDIOAMB":"PCM DE LA EX UNIDAD DE PRODUCCI\u00d3N CAROLINA N\u00b01","N":"1759"},"geometry":{"type":"Point","coordinates":[-78.63433,-6.74082]}},{"type":"Feature","properties":{"Name":"LABOR MINERA","description":"","OBJECTID":"281","PROVINCIA":"HUALGAYOC","DISTRITO":"HUALGAYOC","CUENCA":"LLAUCANO","ZONA":"17","EXUNIDAD":"CAROLINA (LLAUCANO)","TIPO":"LABOR MINERA","SUBTIPO":"BOCAMINA","REGION":"CAJAMARCA","ESTE":"760772","NORTE":"9255391","CODIGODM":"010000184U; 0302146EX01;\n010320705","NOMBREDM":"CAROLINA N\u00ba1; EL MANJAR N\u00ba 2- A8 (FRACCIONADO); PILANCONES\n2005 A","TITULARDM":"CONSOLIDADA DE HUALGAYOC S.A.; EXPLORACIONES MINERAS COCHORCO S.A; GOLD FIELDS LA CIMA S.A.; HUALGAYOC HOLDING S.A.C.; SOCIEDAD MINERA\nCORONA S.A.; SOCIEDAD MINERA LA CIMA S.A.","RESPONSABLE":"SOCIEDAD MINERA CORONA\nS.A.","GENERADOR":"NO IDENTIFICADO","ESTUDIOAMB":"PCM DE LA EX UNIDAD DE PRODUCCI\u00d3N CAROLINA N\u00b01","N":"1710"},"geometry":{"type":"Point","coordinates":[-78.64101,-6.73071]}},{"type":"Feature","properties":{"Name":"LABOR MINERA","description":"","OBJECTID":"282","PROVINCIA":"HUALGAYOC","DISTRITO":"HUALGAYOC","CUENCA":"LLAUCANO","ZONA":"17","EXUNIDAD":"CAROLINA (LLAUCANO)","TIPO":"LABOR MINERA","SUBTIPO":"BOCAMINA","REGION":"CAJAMARCA","ESTE":"760702","NORTE":"9255454","CODIGODM":"010000184U; 03000151X01;\n010320705","NOMBREDM":"CAROLINA N\u00ba1; ORLANDO I; PILANCONES 2005 A","TITULARDM":"CONSOLIDADA DE HUALGAYOC S.A.; EXPLORACIONES MINERAS COCHORCO S.A; GOLD FIELDS LA CIMA S.A.; HUALGAYOC HOLDING S.A.C.; SOCIEDAD MINERA\nCORONA S.A.; SOCIEDAD MINERA LA CIMA S.A.","RESPONSABLE":"SOCIEDAD MINERA CORONA\nS.A.","GENERADOR":"NO IDENTIFICADO","ESTUDIOAMB":"PCM DE LA EX UNIDAD DE PRODUCCI\u00d3N CAROLINA N\u00b01","N":"1711"},"geometry":{"type":"Point","coordinates":[-78.64164,-6.73014]}},{"type":"Feature","properties":{"Name":"LABOR MINERA","description":"","OBJECTID":"283","PROVINCIA":"HUALGAYOC","DISTRITO":"HUALGAYOC","CUENCA":"LLAUCANO","ZONA":"17","EXUNIDAD":"CAROLINA (LLAUCANO)","TIPO":"LABOR MINERA","SUBTIPO":"BOCAMINA","REGION":"CAJAMARCA","ESTE":"761152","NORTE":"9255399","CODIGODM":"010000184U; 0302146EX01;\n010320705","NOMBREDM":"CAROLINA N\u00ba1; EL MANJAR N\u00ba 2- A8 (FRACCIONADO); PILANCONES\n2005 A","TITULARDM":"CONSOLIDADA DE HUALGAYOC S.A.; EXPLORACIONES MINERAS COCHORCO S.A; GOLD FIELDS LA CIMA S.A.; HUALGAYOC HOLDING S.A.C.; SOCIEDAD MINERA\nCORONA S.A.; SOCIEDAD MINERA LA CIMA S.A.","RESPONSABLE":"---","GENERADOR":"NO IDENTIFICADO","ESTUDIOAMB":"---","N":"1712"},"geometry":{"type":"Point","coordinates":[-78.63757,-6.73062]}},{"type":"Feature","properties":{"Name":"LABOR MINERA","description":"","OBJECTID":"284","PROVINCIA":"HUALGAYOC","DISTRITO":"HUALGAYOC","CUENCA":"LLAUCANO","ZONA":"17","EXUNIDAD":"CAROLINA (LLAUCANO)","TIPO":"LABOR MINERA","SUBTIPO":"TAJEO COMUNICADO","REGION":"CAJAMARCA","ESTE":"760831","NORTE":"9255489","CODIGODM":"010000184U; 03000151X01;\n010320705","NOMBREDM":"CAROLINA N\u00ba1; ORLANDO I; PILANCONES 2005 A","TITULARDM":"CONSOLIDADA DE HUALGAYOC S.A.; EXPLORACIONES MINERAS COCHORCO S.A; GOLD FIELDS LA CIMA S.A.; HUALGAYOC HOLDING S.A.C.; SOCIEDAD MINERA\nCORONA S.A.; SOCIEDAD MINERA LA CIMA S.A.","RESPONSABLE":"---","GENERADOR":"NO IDENTIFICADO","ESTUDIOAMB":"---","N":"1713"},"geometry":{"type":"Point","coordinates":[-78.64048,-6.72982]}},{"type":"Feature","properties":{"Name":"LABOR MINERA","description":"","OBJECTID":"285","PROVINCIA":"HUALGAYOC","DISTRITO":"HUALGAYOC","CUENCA":"LLAUCANO","ZONA":"17","EXUNIDAD":"CAROLINA (LLAUCANO)","TIPO":"LABOR MINERA","SUBTIPO":"BOCAMINA","REGION":"CAJAMARCA","ESTE":"760808","NORTE":"9255677","CODIGODM":"010000184U; 03000151X01","NOMBREDM":"CAROLINA N\u00ba1; ORLANDO I","TITULARDM":"CONSOLIDADA DE HUALGAYOC S.A.; GOLD FIELDS LA CIMA S.A.; HUALGAYOC HOLDING S.A.C.; SOCIEDAD MINERA CORONA S.A.; SOCIEDAD MINERA LA CIMA\nS.A.","RESPONSABLE":"---","GENERADOR":"NO IDENTIFICADO","ESTUDIOAMB":"---","N":"1714"},"geometry":{"type":"Point","coordinates":[-78.64069,-6.72812]}},{"type":"Feature","properties":{"Name":"RESIDUO MINERO","description":"","OBJECTID":"286","PROVINCIA":"HUALGAYOC","DISTRITO":"HUALGAYOC","CUENCA":"LLAUCANO","ZONA":"17","EXUNIDAD":"CAROLINA (LLAUCANO)","TIPO":"RESIDUO MINERO","SUBTIPO":"DESMONTE DE MINA","REGION":"CAJAMARCA","ESTE":"761937","NORTE":"9255803","CODIGODM":"010000184U; 03001926X01","NOMBREDM":"CAROLINA N\u00ba1; EL MESIAS","TITULARDM":"CONSOLIDADA DE HUALGAYOC S.A.; GOLD FIELDS LA CIMA S.A.; HUALGAYOC HOLDING S.A.C.; SOCIEDAD MINERA CORONA S.A.; SOCIEDAD MINERA LA CIMA\nS.A.","RESPONSABLE":"SOCIEDAD MINERA CORONA\nS.A.","GENERADOR":"NO IDENTIFICADO","ESTUDIOAMB":"PCM DE LA EX UNIDAD DE PRODUCCI\u00d3N CAROLINA N\u00b01","N":"1715"},"geometry":{"type":"Point","coordinates":[-78.63049,-6.72693]}},{"type":"Feature","properties":{"Name":"LABOR MINERA","description":"","OBJECTID":"287","PROVINCIA":"HUALGAYOC","DISTRITO":"HUALGAYOC","CUENCA":"LLAUCANO","ZONA":"17","EXUNIDAD":"CAROLINA (LLAUCANO)","TIPO":"LABOR MINERA","SUBTIPO":"BOCAMINA","REGION":"CAJAMARCA","ESTE":"760357","NORTE":"9254665","CODIGODM":"010000184U; 010320705;\n03000158X01","NOMBREDM":"CAROLINA N\u00ba1; PILANCONES 2005 A; RULITO","TITULARDM":"CONSOLIDADA DE HUALGAYOC S.A.; EXPLORACIONES MINERAS COCHORCO S.A; GOLD FIELDS LA CIMA S.A.; HUALGAYOC HOLDING S.A.C.; SOCIEDAD MINERA\nCORONA S.A.; SOCIEDAD MINERA LA CIMA S.A.","RESPONSABLE":"SOCIEDAD MINERA CORONA\nS.A.","GENERADOR":"NO IDENTIFICADO","ESTUDIOAMB":"PCM DE LA EX UNIDAD DE PRODUCCI\u00d3N CAROLINA N\u00b01","N":"1716"},"geometry":{"type":"Point","coordinates":[-78.64473,-6.73729]}},{"type":"Feature","properties":{"Name":"RESIDUO MINERO","description":"","OBJECTID":"288","PROVINCIA":"HUALGAYOC","DISTRITO":"HUALGAYOC","CUENCA":"LLAUCANO","ZONA":"17","EXUNIDAD":"CAROLINA (LLAUCANO)","TIPO":"RESIDUO MINERO","SUBTIPO":"DESMONTE DE MINA","REGION":"CAJAMARCA","ESTE":"760342","NORTE":"9254666","CODIGODM":"010000184U; 010320705;\n03000158X01","NOMBREDM":"CAROLINA N\u00ba1; PILANCONES 2005 A; RULITO","TITULARDM":"CONSOLIDADA DE HUALGAYOC S.A.; EXPLORACIONES MINERAS COCHORCO S.A; GOLD FIELDS LA CIMA S.A.; HUALGAYOC HOLDING S.A.C.; SOCIEDAD MINERA\nCORONA S.A.; SOCIEDAD MINERA LA CIMA S.A.","RESPONSABLE":"SOCIEDAD MINERA CORONA\nS.A.","GENERADOR":"NO IDENTIFICADO","ESTUDIOAMB":"PCM DE LA EX UNIDAD DE PRODUCCI\u00d3N CAROLINA N\u00b01","N":"1717"},"geometry":{"type":"Point","coordinates":[-78.64486,-6.73728]}},{"type":"Feature","properties":{"Name":"RESIDUO MINERO","description":"","OBJECTID":"383","PROVINCIA":"HUALGAYOC","DISTRITO":"HUALGAYOC","CUENCA":"LLAUCANO","ZONA":"17","EXUNIDAD":"CAROLINA (LLAUCANO)","TIPO":"RESIDUO MINERO","SUBTIPO":"DESMONTE DE MINA","REGION":"CAJAMARCA","ESTE":"761323","NORTE":"9253968","CODIGODM":"010000184U; 03001043X01;\n010336794","NOMBREDM":"CAROLINA N\u00ba1; DON PACO; TANTAHUATAY N\u00ba 24","TITULARDM":"COMPA\u00d1IA DE MINAS BUENAVENTURA S.A.A.; COMPA\u00d1IA MINERA COIMOLACHE S.A.; CONSOLIDADA DE HUALGAYOC S.A.; GOLD FIELDS LA CIMA S.A.; HUALGAYOC HOLDING S.A.C.; SOCIEDAD MINERA CORONA S.A.; SOCIEDAD MINERA LA CIMA\nS.A.","RESPONSABLE":"SOCIEDAD MINERA CORONA S.A.","GENERADOR":"NO IDENTIFICADO","ESTUDIOAMB":"PCM DE LA EX UNIDAD DE PRODUCCI\u00d3N CAROLINA N\u00b01","N":"1812"},"geometry":{"type":"Point","coordinates":[-78.63596,-6.74354]}},{"type":"Feature","properties":{"Name":"RESIDUO MINERO","description":"","OBJECTID":"384","PROVINCIA":"HUALGAYOC","DISTRITO":"HUALGAYOC","CUENCA":"LLAUCANO","ZONA":"17","EXUNIDAD":"CAROLINA (LLAUCANO)","TIPO":"RESIDUO MINERO","SUBTIPO":"DESMONTE DE MINA","REGION":"CAJAMARCA","ESTE":"761289","NORTE":"9254412","CODIGODM":"03000376X01; 010000184U;\n010336794","NOMBREDM":"BELLA UNION; CAROLINA N\u00ba1; TANTAHUATAY N\u00ba 24","TITULARDM":"COMPA\u00d1IA DE MINAS BUENAVENTURA S.A.A.; COMPA\u00d1IA MINERA COIMOLACHE S.A.; CONSOLIDADA DE HUALGAYOC S.A.; GOLD FIELDS LA CIMA S.A.; HUALGAYOC HOLDING S.A.C.; SOCIEDAD MINERA CORONA S.A.; SOCIEDAD MINERA LA CIMA\nS.A.","RESPONSABLE":"SOCIEDAD MINERA CORONA S.A.","GENERADOR":"NO IDENTIFICADO","ESTUDIOAMB":"PCM DE LA EX UNIDAD DE PRODUCCI\u00d3N CAROLINA N\u00b01","N":"1813"},"geometry":{"type":"Point","coordinates":[-78.63629,-6.73953]}},{"type":"Feature","properties":{"Name":"RESIDUO MINERO","description":"","OBJECTID":"385","PROVINCIA":"HUALGAYOC","DISTRITO":"HUALGAYOC","CUENCA":"LLAUCANO","ZONA":"17","EXUNIDAD":"CAROLINA (LLAUCANO)","TIPO":"RESIDUO MINERO","SUBTIPO":"DESMONTE DE MINA","REGION":"CAJAMARCA","ESTE":"761073","NORTE":"9254567","CODIGODM":"010000184U; 03000158X01;\n010336794","NOMBREDM":"CAROLINA N\u00ba1; RULITO; TANTAHUATAY N\u00ba 24","TITULARDM":"COMPA\u00d1IA DE MINAS BUENAVENTURA S.A.A.; COMPA\u00d1IA MINERA COIMOLACHE S.A.; CONSOLIDADA DE HUALGAYOC S.A.; GOLD FIELDS LA CIMA S.A.; HUALGAYOC HOLDING S.A.C.; SOCIEDAD MINERA CORONA S.A.; SOCIEDAD MINERA LA CIMA\nS.A.","RESPONSABLE":"SOCIEDAD MINERA CORONA S.A.","GENERADOR":"NO IDENTIFICADO","ESTUDIOAMB":"PCM DE LA EX UNIDAD DE PRODUCCI\u00d3N CAROLINA N\u00b01","N":"1814"},"geometry":{"type":"Point","coordinates":[-78.63825,-6.73814]}},{"type":"Feature","properties":{"Name":"RESIDUO MINERO","description":"","OBJECTID":"386","PROVINCIA":"HUALGAYOC","DISTRITO":"HUALGAYOC","CUENCA":"LLAUCANO","ZONA":"17","EXUNIDAD":"CAROLINA (LLAUCANO)","TIPO":"RESIDUO MINERO","SUBTIPO":"DESMONTE DE MINA","REGION":"CAJAMARCA","ESTE":"761231","NORTE":"9254472","CODIGODM":"03000376X01; 010000184U;\n03000158X01; 010336794","NOMBREDM":"BELLA UNION; CAROLINA N\u00ba1; RULITO; TANTAHUATAY N\u00ba 24","TITULARDM":"COMPA\u00d1IA DE MINAS BUENAVENTURA S.A.A.; COMPA\u00d1IA MINERA COIMOLACHE S.A.; CONSOLIDADA DE HUALGAYOC S.A.; GOLD FIELDS LA CIMA S.A.; HUALGAYOC HOLDING S.A.C.; SOCIEDAD MINERA CORONA S.A.; SOCIEDAD MINERA LA CIMA\nS.A.","RESPONSABLE":"SOCIEDAD MINERA CORONA S.A.","GENERADOR":"NO IDENTIFICADO","ESTUDIOAMB":"PCM DE LA EX UNIDAD DE PRODUCCI\u00d3N CAROLINA N\u00b01","N":"1815"},"geometry":{"type":"Point","coordinates":[-78.63682,-6.73899]}},{"type":"Feature","properties":{"Name":"RESIDUO MINERO","description":"","OBJECTID":"387","PROVINCIA":"HUALGAYOC","DISTRITO":"HUALGAYOC","CUENCA":"LLAUCANO","ZONA":"17","EXUNIDAD":"CAROLINA (LLAUCANO)","TIPO":"RESIDUO MINERO","SUBTIPO":"DESMONTE DE MINA","REGION":"CAJAMARCA","ESTE":"761042","NORTE":"9254577","CODIGODM":"010000184U; 03000158X01;\n010336794","NOMBREDM":"CAROLINA N\u00ba1; RULITO; TANTAHUATAY N\u00ba 24","TITULARDM":"COMPA\u00d1IA DE MINAS BUENAVENTURA S.A.A.; COMPA\u00d1IA MINERA COIMOLACHE S.A.; CONSOLIDADA DE HUALGAYOC S.A.; GOLD FIELDS LA CIMA S.A.; HUALGAYOC HOLDING S.A.C.; SOCIEDAD MINERA CORONA S.A.; SOCIEDAD MINERA LA CIMA\nS.A.","RESPONSABLE":"SOCIEDAD MINERA CORONA S.A.","GENERADOR":"NO IDENTIFICADO","ESTUDIOAMB":"PCM DE LA EX UNIDAD DE PRODUCCI\u00d3N CAROLINA N\u00b01","N":"1816"},"geometry":{"type":"Point","coordinates":[-78.63853,-6.73805]}},{"type":"Feature","properties":{"Name":"LABOR MINERA","description":"","OBJECTID":"388","PROVINCIA":"HUALGAYOC","DISTRITO":"HUALGAYOC","CUENCA":"LLAUCANO","ZONA":"17","EXUNIDAD":"CAROLINA (LLAUCANO)","TIPO":"LABOR MINERA","SUBTIPO":"BOCAMINA","REGION":"CAJAMARCA","ESTE":"761068","NORTE":"9254397","CODIGODM":"010000184U; 03002146X01;\n010336794","NOMBREDM":"CAROLINA N\u00ba1; EL MANJAR N\u00ba 2; TANTAHUATAY N\u00ba 24","TITULARDM":"COMPA\u00d1IA DE MINAS BUENAVENTURA S.A.A.; COMPA\u00d1IA MINERA COIMOLACHE S.A.; CONSOLIDADA DE HUALGAYOC S.A.; GOLD FIELDS LA CIMA S.A.; HUALGAYOC HOLDING S.A.C.; SOCIEDAD MINERA CORONA S.A.; SOCIEDAD MINERA LA CIMA\nS.A.","RESPONSABLE":"SOCIEDAD MINERA CORONA S.A.","GENERADOR":"NO IDENTIFICADO","ESTUDIOAMB":"PCM DE LA EX UNIDAD DE PRODUCCI\u00d3N CAROLINA N\u00b01","N":"1817"},"geometry":{"type":"Point","coordinates":[-78.63829,-6.73968]}},{"type":"Feature","properties":{"Name":"RESIDUO MINERO","description":"","OBJECTID":"389","PROVINCIA":"HUALGAYOC","DISTRITO":"HUALGAYOC","CUENCA":"LLAUCANO","ZONA":"17","EXUNIDAD":"CAROLINA (LLAUCANO)","TIPO":"RESIDUO MINERO","SUBTIPO":"MATERIAL DE DESBROCE","REGION":"CAJAMARCA","ESTE":"761289","NORTE":"9253944","CODIGODM":"010000184U; 03001043X01;\n010336794","NOMBREDM":"CAROLINA N\u00ba1; DON PACO; TANTAHUATAY N\u00ba 24","TITULARDM":"COMPA\u00d1IA DE MINAS BUENAVENTURA S.A.A.; COMPA\u00d1IA MINERA COIMOLACHE S.A.; CONSOLIDADA DE HUALGAYOC S.A.; GOLD FIELDS LA CIMA S.A.; HUALGAYOC HOLDING S.A.C.; SOCIEDAD MINERA CORONA S.A.; SOCIEDAD MINERA LA CIMA\nS.A.","RESPONSABLE":"SOCIEDAD MINERA CORONA S.A.","GENERADOR":"NO IDENTIFICADO","ESTUDIOAMB":"PCM DE LA EX UNIDAD DE PRODUCCI\u00d3N CAROLINA N\u00b01","N":"1818"},"geometry":{"type":"Point","coordinates":[-78.63627,-6.74376]}},{"type":"Feature","properties":{"Name":"RESIDUO MINERO","description":"","OBJECTID":"338","PROVINCIA":"HUALGAYOC","DISTRITO":"HUALGAYOC","CUENCA":"LLAUCANO","ZONA":"17","EXUNIDAD":"CAROLINA (LLAUCANO)","TIPO":"RESIDUO MINERO","SUBTIPO":"DESMONTE DE MINA","REGION":"CAJAMARCA","ESTE":"760437","NORTE":"9256285","CODIGODM":"03000370X02; 010320705;\n010009272U","NOMBREDM":"ABASTECEDORA N\u00ba 1; PILANCONES 2005 A; SAN\nAGUSTIN N\u00ba2","TITULARDM":"COMPA\u00d1IA EXPLOTADORA MINA SAN AGUSTIN S.A.; COMPA\u00d1IA MINERA COLQUIRRUMI S.A.; CONSOLIDADA DE HUALGAYOC S.A.; EXPLORACIONES\nMINERAS COCHORCO S.A","RESPONSABLE":"---","GENERADOR":"NO IDENTIFICADO","ESTUDIOAMB":"---","N":"1767"},"geometry":{"type":"Point","coordinates":[-78.64407,-6.72264]}},{"type":"Feature","properties":{"Name":"LABOR MINERA","description":"","OBJECTID":"339","PROVINCIA":"HUALGAYOC","DISTRITO":"HUALGAYOC","CUENCA":"LLAUCANO","ZONA":"17","EXUNIDAD":"CAROLINA (LLAUCANO)","TIPO":"LABOR MINERA","SUBTIPO":"TAJEO COMUNICADO","REGION":"CAJAMARCA","ESTE":"760947","NORTE":"9255332","CODIGODM":"010000184U; 0302146EX01;\n010320705","NOMBREDM":"CAROLINA N\u00ba1; EL MANJAR N\u00ba 2- A8 (FRACCIONADO); PILANCONES\n2005 A","TITULARDM":"CONSOLIDADA DE HUALGAYOC S.A.; EXPLORACIONES MINERAS COCHORCO S.A; GOLD FIELDS LA CIMA S.A.; HUALGAYOC HOLDING S.A.C.; SOCIEDAD MINERA\nCORONA S.A.; SOCIEDAD MINERA LA CIMA S.A.","RESPONSABLE":"---","GENERADOR":"NO IDENTIFICADO","ESTUDIOAMB":"---","N":"1768"},"geometry":{"type":"Point","coordinates":[-78.63942,-6.73123]}},{"type":"Feature","properties":{"Name":"RESIDUO MINERO","description":"","OBJECTID":"340","PROVINCIA":"HUALGAYOC","DISTRITO":"HUALGAYOC","CUENCA":"LLAUCANO","ZONA":"17","EXUNIDAD":"CAROLINA (LLAUCANO)","TIPO":"RESIDUO MINERO","SUBTIPO":"DESMONTE DE MINA","REGION":"CAJAMARCA","ESTE":"761792","NORTE":"9253614","CODIGODM":"010000184U; 0303236CX01;\n010070004","NOMBREDM":"CAROLINA N\u00ba1; PATY M.C. (FRACCIONADO); PROYECTO 2004","TITULARDM":"CONSOLIDADA DE HUALGAYOC S.A.; GOLD FIELDS LA CIMA S.A.; GOLD FIELDS LA CIMA S.A.A.; HUALGAYOC HOLDING S.A.C.; SOCIEDAD MINERA CORONA S.A.;\nSOCIEDAD MINERA LA CIMA S.A.","RESPONSABLE":"SOCIEDAD MINERA CORONA\nS.A.","GENERADOR":"NO IDENTIFICADO","ESTUDIOAMB":"PCM DE LA EX UNIDAD DE PRODUCCI\u00d3N CAROLINA N\u00b01","N":"1769"},"geometry":{"type":"Point","coordinates":[-78.63171,-6.74672]}},{"type":"Feature","properties":{"Name":"RESIDUO MINERO","description":"","OBJECTID":"341","PROVINCIA":"HUALGAYOC","DISTRITO":"HUALGAYOC","CUENCA":"LLAUCANO","ZONA":"17","EXUNIDAD":"CAROLINA (LLAUCANO)","TIPO":"RESIDUO MINERO","SUBTIPO":"DESMONTE DE MINA","REGION":"CAJAMARCA","ESTE":"760935","NORTE":"9255342","CODIGODM":"010000184U; 0302146EX01;\n010320705","NOMBREDM":"CAROLINA N\u00ba1; EL MANJAR N\u00ba 2- A8 (FRACCIONADO); PILANCONES\n2005 A","TITULARDM":"CONSOLIDADA DE HUALGAYOC S.A.; EXPLORACIONES MINERAS COCHORCO S.A; GOLD FIELDS LA CIMA S.A.; HUALGAYOC HOLDING S.A.C.; SOCIEDAD MINERA\nCORONA S.A.; SOCIEDAD MINERA LA CIMA S.A.","RESPONSABLE":"SOCIEDAD MINERA CORONA\nS.A.","GENERADOR":"NO IDENTIFICADO","ESTUDIOAMB":"PCM DE LA EX UNIDAD DE PRODUCCI\u00d3N CAROLINA N\u00b01","N":"1770"},"geometry":{"type":"Point","coordinates":[-78.63953,-6.73114]}},{"type":"Feature","properties":{"Name":"RESIDUO MINERO","description":"","OBJECTID":"342","PROVINCIA":"HUALGAYOC","DISTRITO":"HUALGAYOC","CUENCA":"LLAUCANO","ZONA":"17","EXUNIDAD":"CAROLINA (LLAUCANO)","TIPO":"RESIDUO MINERO","SUBTIPO":"DESMONTE DE MINA","REGION":"CAJAMARCA","ESTE":"760701","NORTE":"9256001","CODIGODM":"010320705; 03002131X01","NOMBREDM":"PILANCONES 2005 A; PROYECCION\nN\u00ba 1","TITULARDM":"COMPA\u00d1IA MINERA COLQUIRRUMI S.A.; EXPLORACIONES MINERAS COCHORCO\nS.A; S.M.R.L. BENAVIDES N\u00ba1 DE CAJAMARCA","RESPONSABLE":"---","GENERADOR":"NO IDENTIFICADO","ESTUDIOAMB":"---","N":"1771"},"geometry":{"type":"Point","coordinates":[-78.64167,-6.7252]}},{"type":"Feature","properties":{"Name":"LABOR MINERA","description":"","OBJECTID":"343","PROVINCIA":"HUALGAYOC","DISTRITO":"HUALGAYOC","CUENCA":"LLAUCANO","ZONA":"17","EXUNIDAD":"CAROLINA (LLAUCANO)","TIPO":"LABOR MINERA","SUBTIPO":"BOCAMINA","REGION":"CAJAMARCA","ESTE":"761799","NORTE":"9253582","CODIGODM":"010000184U; 0303236CX01;\n010070004","NOMBREDM":"CAROLINA N\u00ba1; PATY M.C. (FRACCIONADO); PROYECTO 2004","TITULARDM":"CONSOLIDADA DE HUALGAYOC S.A.; GOLD FIELDS LA CIMA S.A.; GOLD FIELDS LA CIMA S.A.A.; HUALGAYOC HOLDING S.A.C.; SOCIEDAD MINERA CORONA S.A.;\nSOCIEDAD MINERA LA CIMA S.A.","RESPONSABLE":"SOCIEDAD MINERA CORONA\nS.A.","GENERADOR":"NO IDENTIFICADO","ESTUDIOAMB":"PCM DE LA EX UNIDAD DE PRODUCCI\u00d3N CAROLINA N\u00b01","N":"1772"},"geometry":{"type":"Point","coordinates":[-78.63164,-6.74701]}},{"type":"Feature","properties":{"Name":"LABOR MINERA","description":"","OBJECTID":"344","PROVINCIA":"HUALGAYOC","DISTRITO":"HUALGAYOC","CUENCA":"LLAUCANO","ZONA":"17","EXUNIDAD":"CAROLINA (LLAUCANO)","TIPO":"LABOR MINERA","SUBTIPO":"BOCAMINA","REGION":"CAJAMARCA","ESTE":"761791","NORTE":"9253578","CODIGODM":"010000184U; 0303236CX01;\n010070004","NOMBREDM":"CAROLINA N\u00ba1; PATY M.C. (FRACCIONADO); PROYECTO 2004","TITULARDM":"CONSOLIDADA DE HUALGAYOC S.A.; GOLD FIELDS LA CIMA S.A.; GOLD FIELDS LA CIMA S.A.A.; HUALGAYOC HOLDING S.A.C.; SOCIEDAD MINERA CORONA S.A.;\nSOCIEDAD MINERA LA CIMA S.A.","RESPONSABLE":"SOCIEDAD MINERA CORONA\nS.A.","GENERADOR":"NO IDENTIFICADO","ESTUDIOAMB":"PCM DE LA EX UNIDAD DE PRODUCCI\u00d3N CAROLINA N\u00b01","N":"1773"},"geometry":{"type":"Point","coordinates":[-78.63171,-6.74705]}},{"type":"Feature","properties":{"Name":"LABOR MINERA","description":"","OBJECTID":"345","PROVINCIA":"HUALGAYOC","DISTRITO":"HUALGAYOC","CUENCA":"LLAUCANO","ZONA":"17","EXUNIDAD":"CAROLINA (LLAUCANO)","TIPO":"LABOR MINERA","SUBTIPO":"BOCAMINA","REGION":"CAJAMARCA","ESTE":"761761","NORTE":"9253570","CODIGODM":"010000184U; 0303236CX01;\n010070004; 010336794","NOMBREDM":"CAROLINA N\u00ba1; PATY M.C. (FRACCIONADO); PROYECTO 2004;\nTANTAHUATAY N\u00ba 24","TITULARDM":"COMPA\u00d1IA DE MINAS BUENAVENTURA S.A.A.; COMPA\u00d1IA MINERA COIMOLACHE S.A.; CONSOLIDADA DE HUALGAYOC S.A.; GOLD FIELDS LA CIMA S.A.; GOLD FIELDS LA CIMA S.A.A.; HUALGAYOC HOLDING S.A.C.; SOCIEDAD MINERA CORONA S.A.;\nSOCIEDAD MINERA LA CIMA S.A.","RESPONSABLE":"SOCIEDAD MINERA CORONA S.A.","GENERADOR":"NO IDENTIFICADO","ESTUDIOAMB":"PCM DE LA EX UNIDAD DE PRODUCCI\u00d3N CAROLINA N\u00b01","N":"1774"},"geometry":{"type":"Point","coordinates":[-78.63198,-6.74712]}},{"type":"Feature","properties":{"Name":"LABOR MINERA","description":"","OBJECTID":"346","PROVINCIA":"HUALGAYOC","DISTRITO":"HUALGAYOC","CUENCA":"LLAUCANO","ZONA":"17","EXUNIDAD":"CAROLINA (LLAUCANO)","TIPO":"LABOR MINERA","SUBTIPO":"TRINCHERA","REGION":"CAJAMARCA","ESTE":"760687","NORTE":"9254448","CODIGODM":"010000184U; 03000158X01;\n010336794","NOMBREDM":"CAROLINA N\u00ba1; RULITO; TANTAHUATAY N\u00ba 24","TITULARDM":"COMPA\u00d1IA DE MINAS BUENAVENTURA S.A.A.; COMPA\u00d1IA MINERA COIMOLACHE S.A.; CONSOLIDADA DE HUALGAYOC S.A.; GOLD FIELDS LA CIMA S.A.; HUALGAYOC HOLDING S.A.C.; SOCIEDAD MINERA CORONA S.A.; SOCIEDAD MINERA LA CIMA\nS.A.","RESPONSABLE":"SOCIEDAD MINERA CORONA S.A.","GENERADOR":"NO IDENTIFICADO","ESTUDIOAMB":"PCM DE LA EX UNIDAD DE PRODUCCI\u00d3N CAROLINA N\u00b01","N":"1775"},"geometry":{"type":"Point","coordinates":[-78.64173,-6.73923]}},{"type":"Feature","properties":{"Name":"LABOR MINERA","description":"","OBJECTID":"347","PROVINCIA":"HUALGAYOC","DISTRITO":"HUALGAYOC","CUENCA":"LLAUCANO","ZONA":"17","EXUNIDAD":"CAROLINA (LLAUCANO)","TIPO":"LABOR MINERA","SUBTIPO":"TRINCHERA","REGION":"CAJAMARCA","ESTE":"760713","NORTE":"9254446","CODIGODM":"010000184U; 03000158X01;\n010336794","NOMBREDM":"CAROLINA N\u00ba1; RULITO; TANTAHUATAY N\u00ba 24","TITULARDM":"COMPA\u00d1IA DE MINAS BUENAVENTURA S.A.A.; COMPA\u00d1IA MINERA COIMOLACHE S.A.; CONSOLIDADA DE HUALGAYOC S.A.; GOLD FIELDS LA CIMA S.A.; HUALGAYOC HOLDING S.A.C.; SOCIEDAD MINERA CORONA S.A.; SOCIEDAD MINERA LA CIMA\nS.A.","RESPONSABLE":"SOCIEDAD MINERA CORONA S.A.","GENERADOR":"NO IDENTIFICADO","ESTUDIOAMB":"PCM DE LA EX UNIDAD DE PRODUCCI\u00d3N CAROLINA N\u00b01","N":"1776"},"geometry":{"type":"Point","coordinates":[-78.6415,-6.73925]}},{"type":"Feature","properties":{"Name":"LABOR MINERA","description":"","OBJECTID":"348","PROVINCIA":"HUALGAYOC","DISTRITO":"HUALGAYOC","CUENCA":"LLAUCANO","ZONA":"17","EXUNIDAD":"CAROLINA (LLAUCANO)","TIPO":"LABOR MINERA","SUBTIPO":"CHIMENEA","REGION":"CAJAMARCA","ESTE":"761135","NORTE":"9255145","CODIGODM":"010000184U; 03000267X01;\n010320705","NOMBREDM":"CAROLINA N\u00ba1; ORLANDITO; PILANCONES 2005 A","TITULARDM":"CONSOLIDADA DE HUALGAYOC S.A.; EXPLORACIONES MINERAS COCHORCO S.A; GOLD FIELDS LA CIMA S.A.; HUALGAYOC HOLDING S.A.C.; SOCIEDAD MINERA\nCORONA S.A.; SOCIEDAD MINERA LA CIMA S.A.","RESPONSABLE":"SOCIEDAD MINERA CORONA\nS.A.","GENERADOR":"NO IDENTIFICADO","ESTUDIOAMB":"PCM DE LA EX UNIDAD DE PRODUCCI\u00d3N CAROLINA N\u00b01","N":"1777"},"geometry":{"type":"Point","coordinates":[-78.63771,-6.73291]}},{"type":"Feature","properties":{"Name":"LABOR MINERA","description":"","OBJECTID":"349","PROVINCIA":"HUALGAYOC","DISTRITO":"HUALGAYOC","CUENCA":"LLAUCANO","ZONA":"17","EXUNIDAD":"CAROLINA (LLAUCANO)","TIPO":"LABOR MINERA","SUBTIPO":"CHIMENEA","REGION":"CAJAMARCA","ESTE":"760525","NORTE":"9254428","CODIGODM":"010000184U; 03000158X01;\n010336794","NOMBREDM":"CAROLINA N\u00ba1; RULITO; TANTAHUATAY N\u00ba 24","TITULARDM":"COMPA\u00d1IA DE MINAS BUENAVENTURA S.A.A.; COMPA\u00d1IA MINERA COIMOLACHE S.A.; CONSOLIDADA DE HUALGAYOC S.A.; GOLD FIELDS LA CIMA S.A.; HUALGAYOC HOLDING S.A.C.; SOCIEDAD MINERA CORONA S.A.; SOCIEDAD MINERA LA CIMA\nS.A.","RESPONSABLE":"SOCIEDAD MINERA CORONA S.A.","GENERADOR":"NO IDENTIFICADO","ESTUDIOAMB":"PCM DE LA EX UNIDAD DE PRODUCCI\u00d3N CAROLINA N\u00b01","N":"1778"},"geometry":{"type":"Point","coordinates":[-78.6432,-6.73942]}},{"type":"Feature","properties":{"Name":"LABOR MINERA","description":"","OBJECTID":"350","PROVINCIA":"HUALGAYOC","DISTRITO":"HUALGAYOC","CUENCA":"LLAUCANO","ZONA":"17","EXUNIDAD":"CAROLINA (LLAUCANO)","TIPO":"LABOR MINERA","SUBTIPO":"BOCAMINA","REGION":"CAJAMARCA","ESTE":"760638","NORTE":"9254445","CODIGODM":"010000184U; 03000158X01;\n010336794","NOMBREDM":"CAROLINA N\u00ba1; RULITO; TANTAHUATAY N\u00ba 24","TITULARDM":"COMPA\u00d1IA DE MINAS BUENAVENTURA S.A.A.; COMPA\u00d1IA MINERA COIMOLACHE S.A.; CONSOLIDADA DE HUALGAYOC S.A.; GOLD FIELDS LA CIMA S.A.; HUALGAYOC HOLDING S.A.C.; SOCIEDAD MINERA CORONA S.A.; SOCIEDAD MINERA LA CIMA\nS.A.","RESPONSABLE":"SOCIEDAD MINERA CORONA S.A.","GENERADOR":"NO IDENTIFICADO","ESTUDIOAMB":"PCM DE LA EX UNIDAD DE PRODUCCI\u00d3N CAROLINA N\u00b01","N":"1779"},"geometry":{"type":"Point","coordinates":[-78.64218,-6.73926]}},{"type":"Feature","properties":{"Name":"LABOR MINERA","description":"","OBJECTID":"351","PROVINCIA":"HUALGAYOC","DISTRITO":"HUALGAYOC","CUENCA":"LLAUCANO","ZONA":"17","EXUNIDAD":"CAROLINA (LLAUCANO)","TIPO":"LABOR MINERA","SUBTIPO":"BOCAMINA","REGION":"CAJAMARCA","ESTE":"760677","NORTE":"9254444","CODIGODM":"010000184U; 03000158X01;\n010336794","NOMBREDM":"CAROLINA N\u00ba1; RULITO; TANTAHUATAY N\u00ba 24","TITULARDM":"COMPA\u00d1IA DE MINAS BUENAVENTURA S.A.A.; COMPA\u00d1IA MINERA COIMOLACHE S.A.; CONSOLIDADA DE HUALGAYOC S.A.; GOLD FIELDS LA CIMA S.A.; HUALGAYOC HOLDING S.A.C.; SOCIEDAD MINERA CORONA S.A.; SOCIEDAD MINERA LA CIMA\nS.A.","RESPONSABLE":"SOCIEDAD MINERA CORONA S.A.","GENERADOR":"NO IDENTIFICADO","ESTUDIOAMB":"PCM DE LA EX UNIDAD DE PRODUCCI\u00d3N CAROLINA N\u00b01","N":"1780"},"geometry":{"type":"Point","coordinates":[-78.64182,-6.73927]}},{"type":"Feature","properties":{"Name":"LABOR MINERA","description":"","OBJECTID":"352","PROVINCIA":"HUALGAYOC","DISTRITO":"HUALGAYOC","CUENCA":"LLAUCANO","ZONA":"17","EXUNIDAD":"CAROLINA (LLAUCANO)","TIPO":"LABOR MINERA","SUBTIPO":"BOCAMINA","REGION":"CAJAMARCA","ESTE":"760698","NORTE":"9254437","CODIGODM":"010000184U; 03000158X01;\n010336794","NOMBREDM":"CAROLINA N\u00ba1; RULITO; TANTAHUATAY N\u00ba 24","TITULARDM":"COMPA\u00d1IA DE MINAS BUENAVENTURA S.A.A.; COMPA\u00d1IA MINERA COIMOLACHE S.A.; CONSOLIDADA DE HUALGAYOC S.A.; GOLD FIELDS LA CIMA S.A.; HUALGAYOC HOLDING S.A.C.; SOCIEDAD MINERA CORONA S.A.; SOCIEDAD MINERA LA CIMA\nS.A.","RESPONSABLE":"SOCIEDAD MINERA CORONA S.A.","GENERADOR":"NO IDENTIFICADO","ESTUDIOAMB":"PCM DE LA EX UNIDAD DE PRODUCCI\u00d3N CAROLINA N\u00b01","N":"1781"},"geometry":{"type":"Point","coordinates":[-78.64163,-6.73933]}},{"type":"Feature","properties":{"Name":"LABOR MINERA","description":"","OBJECTID":"353","PROVINCIA":"HUALGAYOC","DISTRITO":"HUALGAYOC","CUENCA":"LLAUCANO","ZONA":"17","EXUNIDAD":"CAROLINA (LLAUCANO)","TIPO":"LABOR MINERA","SUBTIPO":"BOCAMINA","REGION":"CAJAMARCA","ESTE":"760735","NORTE":"9254448","CODIGODM":"010000184U; 03000158X01;\n010336794","NOMBREDM":"CAROLINA N\u00ba1; RULITO; TANTAHUATAY N\u00ba 24","TITULARDM":"COMPA\u00d1IA DE MINAS BUENAVENTURA S.A.A.; COMPA\u00d1IA MINERA COIMOLACHE S.A.; CONSOLIDADA DE HUALGAYOC S.A.; GOLD FIELDS LA CIMA S.A.; HUALGAYOC HOLDING S.A.C.; SOCIEDAD MINERA CORONA S.A.; SOCIEDAD MINERA LA CIMA\nS.A.","RESPONSABLE":"SOCIEDAD MINERA CORONA S.A.","GENERADOR":"NO IDENTIFICADO","ESTUDIOAMB":"PCM DE LA EX UNIDAD DE PRODUCCI\u00d3N CAROLINA N\u00b01","N":"1782"},"geometry":{"type":"Point","coordinates":[-78.6413,-6.73923]}},{"type":"Feature","properties":{"Name":"LABOR MINERA","description":"","OBJECTID":"354","PROVINCIA":"HUALGAYOC","DISTRITO":"HUALGAYOC","CUENCA":"LLAUCANO","ZONA":"17","EXUNIDAD":"CAROLINA (LLAUCANO)","TIPO":"LABOR MINERA","SUBTIPO":"BOCAMINA","REGION":"CAJAMARCA","ESTE":"760810","NORTE":"9254624","CODIGODM":"010000184U; 03000158X01;\n010336794","NOMBREDM":"CAROLINA N\u00ba1; RULITO; TANTAHUATAY N\u00ba 24","TITULARDM":"COMPA\u00d1IA DE MINAS BUENAVENTURA S.A.A.; COMPA\u00d1IA MINERA COIMOLACHE S.A.; CONSOLIDADA DE HUALGAYOC S.A.; GOLD FIELDS LA CIMA S.A.; HUALGAYOC HOLDING S.A.C.; SOCIEDAD MINERA CORONA S.A.; SOCIEDAD MINERA LA CIMA\nS.A.","RESPONSABLE":"SOCIEDAD MINERA CORONA S.A.","GENERADOR":"NO IDENTIFICADO","ESTUDIOAMB":"PCM DE LA EX UNIDAD DE PRODUCCI\u00d3N CAROLINA N\u00b01","N":"1783"},"geometry":{"type":"Point","coordinates":[-78.64063,-6.73764]}},{"type":"Feature","properties":{"Name":"LABOR MINERA","description":"","OBJECTID":"355","PROVINCIA":"HUALGAYOC","DISTRITO":"HUALGAYOC","CUENCA":"LLAUCANO","ZONA":"17","EXUNIDAD":"CAROLINA (LLAUCANO)","TIPO":"LABOR MINERA","SUBTIPO":"BOCAMINA","REGION":"CAJAMARCA","ESTE":"760684","NORTE":"9254647","CODIGODM":"010000184U; 010320705;\n03000158X01","NOMBREDM":"CAROLINA N\u00ba1; PILANCONES 2005 A; RULITO","TITULARDM":"CONSOLIDADA DE HUALGAYOC S.A.; EXPLORACIONES MINERAS COCHORCO S.A; GOLD FIELDS LA CIMA S.A.; HUALGAYOC HOLDING S.A.C.; SOCIEDAD MINERA\nCORONA S.A.; SOCIEDAD MINERA LA CIMA S.A.","RESPONSABLE":"SOCIEDAD MINERA CORONA\nS.A.","GENERADOR":"NO IDENTIFICADO","ESTUDIOAMB":"PCM DE LA EX UNIDAD DE PRODUCCI\u00d3N CAROLINA N\u00b01","N":"1784"},"geometry":{"type":"Point","coordinates":[-78.64177,-6.73743]}},{"type":"Feature","properties":{"Name":"RESIDUO MINERO","description":"","OBJECTID":"356","PROVINCIA":"HUALGAYOC","DISTRITO":"HUALGAYOC","CUENCA":"LLAUCANO","ZONA":"17","EXUNIDAD":"CAROLINA (LLAUCANO)","TIPO":"RESIDUO MINERO","SUBTIPO":"DESMONTE DE MINA","REGION":"CAJAMARCA","ESTE":"760699","NORTE":"9254651","CODIGODM":"010000184U; 010320705;\n03000158X01","NOMBREDM":"CAROLINA N\u00ba1; PILANCONES 2005 A; RULITO","TITULARDM":"CONSOLIDADA DE HUALGAYOC S.A.; EXPLORACIONES MINERAS COCHORCO S.A; GOLD FIELDS LA CIMA S.A.; HUALGAYOC HOLDING S.A.C.; SOCIEDAD MINERA\nCORONA S.A.; SOCIEDAD MINERA LA CIMA S.A.","RESPONSABLE":"SOCIEDAD MINERA CORONA\nS.A.","GENERADOR":"NO IDENTIFICADO","ESTUDIOAMB":"PCM DE LA EX UNIDAD DE PRODUCCI\u00d3N CAROLINA N\u00b01","N":"1785"},"geometry":{"type":"Point","coordinates":[-78.64163,-6.7374]}},{"type":"Feature","properties":{"Name":"RESIDUO MINERO","description":"","OBJECTID":"357","PROVINCIA":"HUALGAYOC","DISTRITO":"HUALGAYOC","CUENCA":"LLAUCANO","ZONA":"17","EXUNIDAD":"CAROLINA (LLAUCANO)","TIPO":"RESIDUO MINERO","SUBTIPO":"DESMONTE DE MINA","REGION":"CAJAMARCA","ESTE":"760822","NORTE":"9254613","CODIGODM":"010000184U; 03000158X01;\n010336794","NOMBREDM":"CAROLINA N\u00ba1; RULITO; TANTAHUATAY N\u00ba 24","TITULARDM":"COMPA\u00d1IA DE MINAS BUENAVENTURA S.A.A.; COMPA\u00d1IA MINERA COIMOLACHE S.A.; CONSOLIDADA DE HUALGAYOC S.A.; GOLD FIELDS LA CIMA S.A.; HUALGAYOC HOLDING S.A.C.; SOCIEDAD MINERA CORONA S.A.; SOCIEDAD MINERA LA CIMA\nS.A.","RESPONSABLE":"SOCIEDAD MINERA CORONA S.A.","GENERADOR":"NO IDENTIFICADO","ESTUDIOAMB":"PCM DE LA EX UNIDAD DE PRODUCCI\u00d3N CAROLINA N\u00b01","N":"1786"},"geometry":{"type":"Point","coordinates":[-78.64052,-6.73774]}},{"type":"Feature","properties":{"Name":"RESIDUO MINERO","description":"","OBJECTID":"358","PROVINCIA":"HUALGAYOC","DISTRITO":"HUALGAYOC","CUENCA":"LLAUCANO","ZONA":"17","EXUNIDAD":"CAROLINA (LLAUCANO)","TIPO":"RESIDUO MINERO","SUBTIPO":"DESMONTE DE MINA","REGION":"CAJAMARCA","ESTE":"760725","NORTE":"9254446","CODIGODM":"010000184U; 03000158X01;\n010336794","NOMBREDM":"CAROLINA N\u00ba1; RULITO; TANTAHUATAY N\u00ba 24","TITULARDM":"COMPA\u00d1IA DE MINAS BUENAVENTURA S.A.A.; COMPA\u00d1IA MINERA COIMOLACHE S.A.; CONSOLIDADA DE HUALGAYOC S.A.; GOLD FIELDS LA CIMA S.A.; HUALGAYOC HOLDING S.A.C.; SOCIEDAD MINERA CORONA S.A.; SOCIEDAD MINERA LA CIMA\nS.A.","RESPONSABLE":"SOCIEDAD MINERA CORONA S.A.","GENERADOR":"NO IDENTIFICADO","ESTUDIOAMB":"PCM DE LA EX UNIDAD DE PRODUCCI\u00d3N CAROLINA N\u00b01","N":"1787"},"geometry":{"type":"Point","coordinates":[-78.64139,-6.73925]}},{"type":"Feature","properties":{"Name":"RESIDUO MINERO","description":"","OBJECTID":"359","PROVINCIA":"HUALGAYOC","DISTRITO":"HUALGAYOC","CUENCA":"LLAUCANO","ZONA":"17","EXUNIDAD":"CAROLINA (LLAUCANO)","TIPO":"RESIDUO MINERO","SUBTIPO":"DESMONTE DE MINA","REGION":"CAJAMARCA","ESTE":"760768","NORTE":"9254453","CODIGODM":"010000184U; 03000158X01;\n010336794","NOMBREDM":"CAROLINA N\u00ba1; RULITO; TANTAHUATAY N\u00ba 24","TITULARDM":"COMPA\u00d1IA DE MINAS BUENAVENTURA S.A.A.; COMPA\u00d1IA MINERA COIMOLACHE S.A.; CONSOLIDADA DE HUALGAYOC S.A.; GOLD FIELDS LA CIMA S.A.; HUALGAYOC HOLDING S.A.C.; SOCIEDAD MINERA CORONA S.A.; SOCIEDAD MINERA LA CIMA\nS.A.","RESPONSABLE":"SOCIEDAD MINERA CORONA S.A.","GENERADOR":"NO IDENTIFICADO","ESTUDIOAMB":"PCM DE LA EX UNIDAD DE PRODUCCI\u00d3N CAROLINA N\u00b01","N":"1788"},"geometry":{"type":"Point","coordinates":[-78.641,-6.73918]}},{"type":"Feature","properties":{"Name":"RESIDUO MINERO","description":"","OBJECTID":"360","PROVINCIA":"HUALGAYOC","DISTRITO":"HUALGAYOC","CUENCA":"LLAUCANO","ZONA":"17","EXUNIDAD":"CAROLINA (LLAUCANO)","TIPO":"RESIDUO MINERO","SUBTIPO":"DESMONTE DE MINA","REGION":"CAJAMARCA","ESTE":"761123","NORTE":"9255146","CODIGODM":"010000184U; 03000267X01;\n010320705","NOMBREDM":"CAROLINA N\u00ba1; ORLANDITO; PILANCONES 2005 A","TITULARDM":"CONSOLIDADA DE HUALGAYOC S.A.; EXPLORACIONES MINERAS COCHORCO S.A; GOLD FIELDS LA CIMA S.A.; HUALGAYOC HOLDING S.A.C.; SOCIEDAD MINERA\nCORONA S.A.; SOCIEDAD MINERA LA CIMA S.A.","RESPONSABLE":"SOCIEDAD MINERA CORONA\nS.A.","GENERADOR":"NO IDENTIFICADO","ESTUDIOAMB":"PCM DE LA EX UNIDAD DE PRODUCCI\u00d3N CAROLINA N\u00b01","N":"1789"},"geometry":{"type":"Point","coordinates":[-78.63782,-6.73291]}},{"type":"Feature","properties":{"Name":"RESIDUO MINERO","description":"","OBJECTID":"361","PROVINCIA":"HUALGAYOC","DISTRITO":"HUALGAYOC","CUENCA":"LLAUCANO","ZONA":"17","EXUNIDAD":"CAROLINA (LLAUCANO)","TIPO":"RESIDUO MINERO","SUBTIPO":"DESMONTE DE MINA","REGION":"CAJAMARCA","ESTE":"761657","NORTE":"9254065","CODIGODM":"010000184U; 03000403X01;\n010336794","NOMBREDM":"CAROLINA N\u00ba1; PUNTO VICTORIA SEIS; TANTAHUATAY N\u00ba 24","TITULARDM":"COMPA\u00d1IA DE MINAS BUENAVENTURA S.A.A.; COMPA\u00d1IA MINERA COIMOLACHE S.A.; CONSOLIDADA DE HUALGAYOC S.A.; GOLD FIELDS LA CIMA S.A.; HUALGAYOC HOLDING S.A.C.; SOCIEDAD MINERA CORONA S.A.; SOCIEDAD MINERA LA CIMA\nS.A.","RESPONSABLE":"SOCIEDAD MINERA CORONA S.A.","GENERADOR":"NO IDENTIFICADO","ESTUDIOAMB":"PCM DE LA EX UNIDAD DE PRODUCCI\u00d3N CAROLINA N\u00b01","N":"1790"},"geometry":{"type":"Point","coordinates":[-78.63295,-6.74265]}},{"type":"Feature","properties":{"Name":"LABOR MINERA","description":"","OBJECTID":"362","PROVINCIA":"HUALGAYOC","DISTRITO":"HUALGAYOC","CUENCA":"LLAUCANO","ZONA":"17","EXUNIDAD":"CAROLINA (LLAUCANO)","TIPO":"LABOR MINERA","SUBTIPO":"BOCAMINA","REGION":"CAJAMARCA","ESTE":"761634","NORTE":"9254056","CODIGODM":"010000184U; 03000403X01;\n010336794","NOMBREDM":"CAROLINA N\u00ba1; PUNTO VICTORIA SEIS; TANTAHUATAY N\u00ba 24","TITULARDM":"COMPA\u00d1IA DE MINAS BUENAVENTURA S.A.A.; COMPA\u00d1IA MINERA COIMOLACHE S.A.; CONSOLIDADA DE HUALGAYOC S.A.; GOLD FIELDS LA CIMA S.A.; HUALGAYOC HOLDING S.A.C.; SOCIEDAD MINERA CORONA S.A.; SOCIEDAD MINERA LA CIMA\nS.A.","RESPONSABLE":"SOCIEDAD MINERA CORONA S.A.","GENERADOR":"NO IDENTIFICADO","ESTUDIOAMB":"PCM DE LA EX UNIDAD DE PRODUCCI\u00d3N CAROLINA N\u00b01","N":"1791"},"geometry":{"type":"Point","coordinates":[-78.63315,-6.74273]}},{"type":"Feature","properties":{"Name":"LABOR MINERA","description":"","OBJECTID":"363","PROVINCIA":"HUALGAYOC","DISTRITO":"HUALGAYOC","CUENCA":"LLAUCANO","ZONA":"17","EXUNIDAD":"CAROLINA (LLAUCANO)","TIPO":"LABOR MINERA","SUBTIPO":"BOCAMINA","REGION":"CAJAMARCA","ESTE":"761587","NORTE":"9254286","CODIGODM":"03000376X01; 010000184U;\n03000403X01; 010336794","NOMBREDM":"BELLA UNION; CAROLINA N\u00ba1; PUNTO VICTORIA SEIS; TANTAHUATAY N\u00ba 24","TITULARDM":"COMPA\u00d1IA DE MINAS BUENAVENTURA S.A.A.; COMPA\u00d1IA MINERA COIMOLACHE S.A.; CONSOLIDADA DE HUALGAYOC S.A.; GOLD FIELDS LA CIMA S.A.; HUALGAYOC HOLDING S.A.C.; SOCIEDAD MINERA CORONA S.A.; SOCIEDAD MINERA LA CIMA\nS.A.","RESPONSABLE":"SOCIEDAD MINERA CORONA S.A.","GENERADOR":"NO IDENTIFICADO","ESTUDIOAMB":"PCM DE LA EX UNIDAD DE PRODUCCI\u00d3N CAROLINA N\u00b01","N":"1792"},"geometry":{"type":"Point","coordinates":[-78.63359,-6.74066]}},{"type":"Feature","properties":{"Name":"LABOR MINERA","description":"","OBJECTID":"364","PROVINCIA":"HUALGAYOC","DISTRITO":"HUALGAYOC","CUENCA":"LLAUCANO","ZONA":"17","EXUNIDAD":"CAROLINA (LLAUCANO)","TIPO":"LABOR MINERA","SUBTIPO":"BOCAMINA","REGION":"CAJAMARCA","ESTE":"761483","NORTE":"9253718","CODIGODM":"03001043X01; 010336794","NOMBREDM":"DON PACO; TANTAHUATAY N\u00ba 24","TITULARDM":"COMPA\u00d1IA DE MINAS BUENAVENTURA S.A.A.; COMPA\u00d1IA MINERA COIMOLACHE S.A.; CONSOLIDADA DE HUALGAYOC S.A.; GOLD FIELDS LA CIMA S.A.; HUALGAYOC HOLDING S.A.C.; SOCIEDAD MINERA CORONA S.A.; SOCIEDAD MINERA LA CIMA\nS.A.","RESPONSABLE":"SOCIEDAD MINERA CORONA S.A.","GENERADOR":"NO IDENTIFICADO","ESTUDIOAMB":"PCM DE LA EX UNIDAD DE PRODUCCI\u00d3N CAROLINA N\u00b01","N":"1793"},"geometry":{"type":"Point","coordinates":[-78.6345,-6.7458]}},{"type":"Feature","properties":{"Name":"RESIDUO MINERO","description":"","OBJECTID":"365","PROVINCIA":"HUALGAYOC","DISTRITO":"HUALGAYOC","CUENCA":"LLAUCANO","ZONA":"17","EXUNIDAD":"CAROLINA (LLAUCANO)","TIPO":"RESIDUO MINERO","SUBTIPO":"DESMONTE DE MINA","REGION":"CAJAMARCA","ESTE":"761662","NORTE":"9253659","CODIGODM":"03000294Y01; 010117608;\n010102908; 010336794","NOMBREDM":"EL AMARO; EL AMARO JAFL; PILLU 2; TANTAHUATAY N\u00ba 24","TITULARDM":"BUENDIA UGARRIZA;  PEDRO C; COMPA\u00d1IA DE MINAS BUENAVENTURA S.A.A.; COMPA\u00d1IA MINERA COIMOLACHE S.A.; FONG LAU;  JAIME ALEJANDRO; MINERA\nINCOGNITA S.A.","RESPONSABLE":"SOCIEDAD MINERA CORONA\nS.A.","GENERADOR":"NO IDENTIFICADO","ESTUDIOAMB":"PCM DE LA EX UNIDAD DE PRODUCCI\u00d3N CAROLINA N\u00b01","N":"1794"},"geometry":{"type":"Point","coordinates":[-78.63288,-6.74632]}},{"type":"Feature","properties":{"Name":"RESIDUO MINERO","description":"","OBJECTID":"366","PROVINCIA":"HUALGAYOC","DISTRITO":"HUALGAYOC","CUENCA":"LLAUCANO","ZONA":"17","EXUNIDAD":"CAROLINA (LLAUCANO)","TIPO":"RESIDUO MINERO","SUBTIPO":"DESMONTE DE MINA","REGION":"CAJAMARCA","ESTE":"761746","NORTE":"9253630","CODIGODM":"03000294Y01; 010117608;\n010102908; 010336794","NOMBREDM":"EL AMARO; EL AMARO JAFL; PILLU 2; TANTAHUATAY N\u00ba 24","TITULARDM":"BUENDIA UGARRIZA;  PEDRO C; COMPA\u00d1IA DE MINAS BUENAVENTURA S.A.A.; COMPA\u00d1IA MINERA COIMOLACHE S.A.; FONG LAU;  JAIME ALEJANDRO; MINERA\nINCOGNITA S.A.","RESPONSABLE":"SOCIEDAD MINERA CORONA\nS.A.","GENERADOR":"NO IDENTIFICADO","ESTUDIOAMB":"PCM DE LA EX UNIDAD DE PRODUCCI\u00d3N CAROLINA N\u00b01","N":"1795"},"geometry":{"type":"Point","coordinates":[-78.63212,-6.74658]}},{"type":"Feature","properties":{"Name":"LABOR MINERA","description":"","OBJECTID":"367","PROVINCIA":"HUALGAYOC","DISTRITO":"HUALGAYOC","CUENCA":"LLAUCANO","ZONA":"17","EXUNIDAD":"CAROLINA (LLAUCANO)","TIPO":"LABOR MINERA","SUBTIPO":"CHIMENEA","REGION":"CAJAMARCA","ESTE":"761765","NORTE":"9256312","CODIGODM":"010000184U; 0302146EX01","NOMBREDM":"CAROLINA N\u00ba1; EL MANJAR N\u00ba 2- A8 (FRACCIONADO)","TITULARDM":"CONSOLIDADA DE HUALGAYOC S.A.; GOLD FIELDS LA CIMA S.A.; HUALGAYOC HOLDING S.A.C.; SOCIEDAD MINERA CORONA S.A.; SOCIEDAD MINERA LA CIMA\nS.A.","RESPONSABLE":"SOCIEDAD MINERA CORONA\nS.A.","GENERADOR":"NO IDENTIFICADO","ESTUDIOAMB":"PCM DE LA EX UNIDAD DE PRODUCCI\u00d3N CAROLINA N\u00b01","N":"1796"},"geometry":{"type":"Point","coordinates":[-78.63207,-6.72234]}},{"type":"Feature","properties":{"Name":"RESIDUO MINERO","description":"","OBJECTID":"368","PROVINCIA":"HUALGAYOC","DISTRITO":"HUALGAYOC","CUENCA":"LLAUCANO","ZONA":"17","EXUNIDAD":"CAROLINA (LLAUCANO)","TIPO":"RESIDUO MINERO","SUBTIPO":"DESMONTE DE MINA","REGION":"CAJAMARCA","ESTE":"761799","NORTE":"9256311","CODIGODM":"010000184U","NOMBREDM":"CAROLINA N\u00ba1","TITULARDM":"GOLD FIELDS LA CIMA S.A.; SOCIEDAD MINERA CORONA S.A.; SOCIEDAD MINERA LA CIMA S.A.","RESPONSABLE":"SOCIEDAD MINERA CORONA\nS.A.","GENERADOR":"NO IDENTIFICADO","ESTUDIOAMB":"PCM DE LA EX UNIDAD DE PRODUCCI\u00d3N CAROLINA N\u00b01","N":"1797"},"geometry":{"type":"Point","coordinates":[-78.63176,-6.72235]}},{"type":"Feature","properties":{"Name":"RESIDUO MINERO","description":"","OBJECTID":"369","PROVINCIA":"HUALGAYOC","DISTRITO":"HUALGAYOC","CUENCA":"LLAUCANO","ZONA":"17","EXUNIDAD":"CAROLINA (LLAUCANO)","TIPO":"RESIDUO MINERO","SUBTIPO":"DESMONTE DE MINA","REGION":"CAJAMARCA","ESTE":"761759","NORTE":"9256308","CODIGODM":"010000184U; 0302146EX01","NOMBREDM":"CAROLINA N\u00ba1; EL MANJAR N\u00ba 2- A8 (FRACCIONADO)","TITULARDM":"CONSOLIDADA DE HUALGAYOC S.A.; GOLD FIELDS LA CIMA S.A.; HUALGAYOC HOLDING S.A.C.; SOCIEDAD MINERA CORONA S.A.; SOCIEDAD MINERA LA CIMA\nS.A.","RESPONSABLE":"SOCIEDAD MINERA CORONA\nS.A.","GENERADOR":"NO IDENTIFICADO","ESTUDIOAMB":"PCM DE LA EX UNIDAD DE PRODUCCI\u00d3N CAROLINA N\u00b01","N":"1798"},"geometry":{"type":"Point","coordinates":[-78.63212,-6.72238]}},{"type":"Feature","properties":{"Name":"LABOR MINERA","description":"","OBJECTID":"370","PROVINCIA":"HUALGAYOC","DISTRITO":"HUALGAYOC","CUENCA":"LLAUCANO","ZONA":"17","EXUNIDAD":"CAROLINA (LLAUCANO)","TIPO":"LABOR MINERA","SUBTIPO":"BOCAMINA","REGION":"CAJAMARCA","ESTE":"761274","NORTE":"9255295","CODIGODM":"010000184U; 0302146EX01;\n010320705","NOMBREDM":"CAROLINA N\u00ba1; EL MANJAR N\u00ba 2- A8 (FRACCIONADO); PILANCONES\n2005 A","TITULARDM":"CONSOLIDADA DE HUALGAYOC S.A.; EXPLORACIONES MINERAS COCHORCO S.A; GOLD FIELDS LA CIMA S.A.; HUALGAYOC HOLDING S.A.C.; SOCIEDAD MINERA\nCORONA S.A.; SOCIEDAD MINERA LA CIMA S.A.","RESPONSABLE":"SOCIEDAD MINERA CORONA\nS.A.","GENERADOR":"NO IDENTIFICADO","ESTUDIOAMB":"PCM DE LA EX UNIDAD DE PRODUCCI\u00d3N CAROLINA N\u00b01","N":"1799"},"geometry":{"type":"Point","coordinates":[-78.63646,-6.73155]}},{"type":"Feature","properties":{"Name":"LABOR MINERA","description":"","OBJECTID":"371","PROVINCIA":"HUALGAYOC","DISTRITO":"HUALGAYOC","CUENCA":"LLAUCANO","ZONA":"17","EXUNIDAD":"CAROLINA (LLAUCANO)","TIPO":"LABOR MINERA","SUBTIPO":"BOCAMINA","REGION":"CAJAMARCA","ESTE":"761811","NORTE":"9256313","CODIGODM":"010000184U","NOMBREDM":"CAROLINA N\u00ba1","TITULARDM":"GOLD FIELDS LA CIMA S.A.; SOCIEDAD MINERA CORONA S.A.; SOCIEDAD MINERA LA CIMA S.A.","RESPONSABLE":"SOCIEDAD MINERA CORONA\nS.A.","GENERADOR":"NO IDENTIFICADO","ESTUDIOAMB":"PCM DE LA EX UNIDAD DE PRODUCCI\u00d3N CAROLINA N\u00b01","N":"1800"},"geometry":{"type":"Point","coordinates":[-78.63165,-6.72233]}},{"type":"Feature","properties":{"Name":"LABOR MINERA","description":"","OBJECTID":"372","PROVINCIA":"HUALGAYOC","DISTRITO":"HUALGAYOC","CUENCA":"LLAUCANO","ZONA":"17","EXUNIDAD":"CAROLINA (LLAUCANO)","TIPO":"LABOR MINERA","SUBTIPO":"BOCAMINA","REGION":"CAJAMARCA","ESTE":"761791","NORTE":"9256315","CODIGODM":"010000184U","NOMBREDM":"CAROLINA N\u00ba1","TITULARDM":"GOLD FIELDS LA CIMA S.A.; SOCIEDAD MINERA CORONA S.A.; SOCIEDAD MINERA LA CIMA S.A.","RESPONSABLE":"SOCIEDAD MINERA CORONA\nS.A.","GENERADOR":"NO IDENTIFICADO","ESTUDIOAMB":"PCM DE LA EX UNIDAD DE PRODUCCI\u00d3N CAROLINA N\u00b01","N":"1801"},"geometry":{"type":"Point","coordinates":[-78.63183,-6.72231]}},{"type":"Feature","properties":{"Name":"LABOR MINERA","description":"","OBJECTID":"373","PROVINCIA":"HUALGAYOC","DISTRITO":"HUALGAYOC","CUENCA":"LLAUCANO","ZONA":"17","EXUNIDAD":"CAROLINA (LLAUCANO)","TIPO":"LABOR MINERA","SUBTIPO":"BOCAMINA","REGION":"CAJAMARCA","ESTE":"761756","NORTE":"9256317","CODIGODM":"010000184U; 0302146EX01","NOMBREDM":"CAROLINA N\u00ba1; EL MANJAR N\u00ba 2- A8 (FRACCIONADO)","TITULARDM":"CONSOLIDADA DE HUALGAYOC S.A.; GOLD FIELDS LA CIMA S.A.; HUALGAYOC HOLDING S.A.C.; SOCIEDAD MINERA CORONA S.A.; SOCIEDAD MINERA LA CIMA\nS.A.","RESPONSABLE":"SOCIEDAD MINERA CORONA\nS.A.","GENERADOR":"NO IDENTIFICADO","ESTUDIOAMB":"PCM DE LA EX UNIDAD DE PRODUCCI\u00d3N CAROLINA N\u00b01","N":"1802"},"geometry":{"type":"Point","coordinates":[-78.63215,-6.72229]}},{"type":"Feature","properties":{"Name":"LABOR MINERA","description":"","OBJECTID":"374","PROVINCIA":"HUALGAYOC","DISTRITO":"HUALGAYOC","CUENCA":"LLAUCANO","ZONA":"17","EXUNIDAD":"CAROLINA (LLAUCANO)","TIPO":"LABOR MINERA","SUBTIPO":"TRINCHERA","REGION":"CAJAMARCA","ESTE":"759690","NORTE":"9256161","CODIGODM":"010000184U; 0302146FX01;\n010336894","NOMBREDM":"CAROLINA N\u00ba1; EL MANJAR N\u00ba 2- A9 (FRACCIONADO);\nTANTAHUATAY N\u00ba 25","TITULARDM":"COMPA\u00d1IA DE MINAS BUENAVENTURA S.A.A.; CONSOLIDADA DE HUALGAYOC S.A.; GOLD FIELDS LA CIMA S.A.; HUALGAYOC HOLDING S.A.C.; SOCIEDAD MINERA\nCORONA S.A.; SOCIEDAD MINERA LA CIMA S.A.","RESPONSABLE":"SOCIEDAD MINERA CORONA\nS.A.","GENERADOR":"NO IDENTIFICADO","ESTUDIOAMB":"PCM DE LA EX UNIDAD DE PRODUCCI\u00d3N CAROLINA N\u00b01","N":"1803"},"geometry":{"type":"Point","coordinates":[-78.65082,-6.72379]}},{"type":"Feature","properties":{"Name":"RESIDUO MINERO","description":"","OBJECTID":"375","PROVINCIA":"HUALGAYOC","DISTRITO":"HUALGAYOC","CUENCA":"LLAUCANO","ZONA":"17","EXUNIDAD":"CAROLINA (LLAUCANO)","TIPO":"RESIDUO MINERO","SUBTIPO":"DESMONTE DE MINA","REGION":"CAJAMARCA","ESTE":"760141","NORTE":"9256260","CODIGODM":"03000370X02; 010320705;\n010009272U","NOMBREDM":"ABASTECEDORA N\u00ba 1; PILANCONES 2005 A; SAN\nAGUSTIN N\u00ba2","TITULARDM":"COMPA\u00d1IA EXPLOTADORA MINA SAN AGUSTIN S.A.; COMPA\u00d1IA MINERA COLQUIRRUMI S.A.; CONSOLIDADA DE HUALGAYOC S.A.; EXPLORACIONES\nMINERAS COCHORCO S.A","RESPONSABLE":"---","GENERADOR":"NO IDENTIFICADO","ESTUDIOAMB":"---","N":"1804"},"geometry":{"type":"Point","coordinates":[-78.64675,-6.72288]}},{"type":"Feature","properties":{"Name":"RESIDUO MINERO","description":"","OBJECTID":"376","PROVINCIA":"HUALGAYOC","DISTRITO":"HUALGAYOC","CUENCA":"LLAUCANO","ZONA":"17","EXUNIDAD":"CAROLINA (LLAUCANO)","TIPO":"RESIDUO MINERO","SUBTIPO":"DESMONTE DE MINA","REGION":"CAJAMARCA","ESTE":"759697","NORTE":"9256140","CODIGODM":"010000184U; 0302146FX01;\n010336894","NOMBREDM":"CAROLINA N\u00ba1; EL MANJAR N\u00ba 2- A9 (FRACCIONADO);\nTANTAHUATAY N\u00ba 25","TITULARDM":"COMPA\u00d1IA DE MINAS BUENAVENTURA S.A.A.; CONSOLIDADA DE HUALGAYOC S.A.; GOLD FIELDS LA CIMA S.A.; HUALGAYOC HOLDING S.A.C.; SOCIEDAD MINERA\nCORONA S.A.; SOCIEDAD MINERA LA CIMA S.A.","RESPONSABLE":"SOCIEDAD MINERA CORONA\nS.A.","GENERADOR":"NO IDENTIFICADO","ESTUDIOAMB":"PCM DE LA EX UNIDAD DE PRODUCCI\u00d3N CAROLINA N\u00b01","N":"1805"},"geometry":{"type":"Point","coordinates":[-78.65076,-6.72398]}},{"type":"Feature","properties":{"Name":"LABOR MINERA","description":"","OBJECTID":"377","PROVINCIA":"HUALGAYOC","DISTRITO":"HUALGAYOC","CUENCA":"LLAUCANO","ZONA":"17","EXUNIDAD":"CAROLINA (LLAUCANO)","TIPO":"LABOR MINERA","SUBTIPO":"PIQUE","REGION":"CAJAMARCA","ESTE":"760502","NORTE":"9254411","CODIGODM":"010000184U; 03000158X01;\n010336794","NOMBREDM":"CAROLINA N\u00ba1; RULITO; TANTAHUATAY N\u00ba 24","TITULARDM":"COMPA\u00d1IA DE MINAS BUENAVENTURA S.A.A.; COMPA\u00d1IA MINERA COIMOLACHE S.A.; CONSOLIDADA DE HUALGAYOC S.A.; GOLD FIELDS LA CIMA S.A.; HUALGAYOC HOLDING S.A.C.; SOCIEDAD MINERA CORONA S.A.; SOCIEDAD MINERA LA CIMA\nS.A.","RESPONSABLE":"SOCIEDAD MINERA CORONA S.A.","GENERADOR":"NO IDENTIFICADO","ESTUDIOAMB":"PCM DE LA EX UNIDAD DE PRODUCCI\u00d3N CAROLINA N\u00b01","N":"1806"},"geometry":{"type":"Point","coordinates":[-78.6434,-6.73958]}},{"type":"Feature","properties":{"Name":"LABOR MINERA","description":"","OBJECTID":"378","PROVINCIA":"HUALGAYOC","DISTRITO":"HUALGAYOC","CUENCA":"LLAUCANO","ZONA":"17","EXUNIDAD":"CAROLINA (LLAUCANO)","TIPO":"LABOR MINERA","SUBTIPO":"BOCAMINA","REGION":"CAJAMARCA","ESTE":"760493","NORTE":"9254412","CODIGODM":"010000184U; 03000158X01;\n010336794","NOMBREDM":"CAROLINA N\u00ba1; RULITO; TANTAHUATAY N\u00ba 24","TITULARDM":"COMPA\u00d1IA DE MINAS BUENAVENTURA S.A.A.; COMPA\u00d1IA MINERA COIMOLACHE S.A.; CONSOLIDADA DE HUALGAYOC S.A.; GOLD FIELDS LA CIMA S.A.; HUALGAYOC HOLDING S.A.C.; SOCIEDAD MINERA CORONA S.A.; SOCIEDAD MINERA LA CIMA\nS.A.","RESPONSABLE":"SOCIEDAD MINERA CORONA S.A.","GENERADOR":"NO IDENTIFICADO","ESTUDIOAMB":"PCM DE LA EX UNIDAD DE PRODUCCI\u00d3N CAROLINA N\u00b01","N":"1807"},"geometry":{"type":"Point","coordinates":[-78.64349,-6.73957]}},{"type":"Feature","properties":{"Name":"RESIDUO MINERO","description":"","OBJECTID":"379","PROVINCIA":"HUALGAYOC","DISTRITO":"HUALGAYOC","CUENCA":"LLAUCANO","ZONA":"17","EXUNIDAD":"CAROLINA (LLAUCANO)","TIPO":"RESIDUO MINERO","SUBTIPO":"DESMONTE DE MINA","REGION":"CAJAMARCA","ESTE":"760470","NORTE":"9254415","CODIGODM":"010000184U; 03000158X01;\n010336794","NOMBREDM":"CAROLINA N\u00ba1; RULITO; TANTAHUATAY N\u00ba 24","TITULARDM":"COMPA\u00d1IA DE MINAS BUENAVENTURA S.A.A.; COMPA\u00d1IA MINERA COIMOLACHE S.A.; CONSOLIDADA DE HUALGAYOC S.A.; GOLD FIELDS LA CIMA S.A.; HUALGAYOC HOLDING S.A.C.; SOCIEDAD MINERA CORONA S.A.; SOCIEDAD MINERA LA CIMA\nS.A.","RESPONSABLE":"SOCIEDAD MINERA CORONA S.A.","GENERADOR":"NO IDENTIFICADO","ESTUDIOAMB":"PCM DE LA EX UNIDAD DE PRODUCCI\u00d3N CAROLINA N\u00b01","N":"1808"},"geometry":{"type":"Point","coordinates":[-78.64369,-6.73954]}},{"type":"Feature","properties":{"Name":"RESIDUO MINERO","description":"","OBJECTID":"380","PROVINCIA":"HUALGAYOC","DISTRITO":"HUALGAYOC","CUENCA":"LLAUCANO","ZONA":"17","EXUNIDAD":"CAROLINA (LLAUCANO)","TIPO":"RESIDUO MINERO","SUBTIPO":"DESMONTE DE MINA","REGION":"CAJAMARCA","ESTE":"760407","NORTE":"9254397","CODIGODM":"010000184U; 03000158X01;\n010336794","NOMBREDM":"CAROLINA N\u00ba1; RULITO; TANTAHUATAY N\u00ba 24","TITULARDM":"COMPA\u00d1IA DE MINAS BUENAVENTURA S.A.A.; COMPA\u00d1IA MINERA COIMOLACHE S.A.; CONSOLIDADA DE HUALGAYOC S.A.; GOLD FIELDS LA CIMA S.A.; HUALGAYOC HOLDING S.A.C.; SOCIEDAD MINERA CORONA S.A.; SOCIEDAD MINERA LA CIMA\nS.A.","RESPONSABLE":"SOCIEDAD MINERA CORONA S.A.","GENERADOR":"NO IDENTIFICADO","ESTUDIOAMB":"PCM DE LA EX UNIDAD DE PRODUCCI\u00d3N CAROLINA N\u00b01","N":"1809"},"geometry":{"type":"Point","coordinates":[-78.64426,-6.73971]}},{"type":"Feature","properties":{"Name":"RESIDUO MINERO","description":"","OBJECTID":"381","PROVINCIA":"HUALGAYOC","DISTRITO":"HUALGAYOC","CUENCA":"LLAUCANO","ZONA":"17","EXUNIDAD":"CAROLINA (LLAUCANO)","TIPO":"RESIDUO MINERO","SUBTIPO":"DESMONTE DE MINA","REGION":"CAJAMARCA","ESTE":"760130","NORTE":"9256604","CODIGODM":"03000370X02; 010320705;\n010009272U","NOMBREDM":"ABASTECEDORA N\u00ba 1; PILANCONES 2005 A; SAN\nAGUSTIN N\u00ba2","TITULARDM":"COMPA\u00d1IA EXPLOTADORA MINA SAN AGUSTIN S.A.; COMPA\u00d1IA MINERA COLQUIRRUMI S.A.; CONSOLIDADA DE HUALGAYOC S.A.; EXPLORACIONES\nMINERAS COCHORCO S.A","RESPONSABLE":"---","GENERADOR":"NO IDENTIFICADO","ESTUDIOAMB":"---","N":"1810"},"geometry":{"type":"Point","coordinates":[-78.64686,-6.71977]}},{"type":"Feature","properties":{"Name":"RESIDUO MINERO","description":"","OBJECTID":"382","PROVINCIA":"HUALGAYOC","DISTRITO":"HUALGAYOC","CUENCA":"LLAUCANO","ZONA":"17","EXUNIDAD":"CAROLINA (LLAUCANO)","TIPO":"RESIDUO MINERO","SUBTIPO":"DESMONTE DE MINA","REGION":"CAJAMARCA","ESTE":"761308","NORTE":"9253998","CODIGODM":"010000184U; 03001043X01;\n010336794","NOMBREDM":"CAROLINA N\u00ba1; DON PACO; TANTAHUATAY N\u00ba 24","TITULARDM":"COMPA\u00d1IA DE MINAS BUENAVENTURA S.A.A.; COMPA\u00d1IA MINERA COIMOLACHE S.A.; CONSOLIDADA DE HUALGAYOC S.A.; GOLD FIELDS LA CIMA S.A.; HUALGAYOC HOLDING S.A.C.; SOCIEDAD MINERA CORONA S.A.; SOCIEDAD MINERA LA CIMA\nS.A.","RESPONSABLE":"SOCIEDAD MINERA CORONA S.A.","GENERADOR":"NO IDENTIFICADO","ESTUDIOAMB":"PCM DE LA EX UNIDAD DE PRODUCCI\u00d3N CAROLINA N\u00b01","N":"1811"},"geometry":{"type":"Point","coordinates":[-78.6361,-6.74327]}},{"type":"Feature","properties":{"Name":"RESIDUO MINERO","description":"","OBJECTID":"401","PROVINCIA":"SAN MIGUEL","DISTRITO":"CALQUIS","CUENCA":"SA\u00d1A","ZONA":"17","EXUNIDAD":"CERRO CUSHURO","TIPO":"RESIDUO MINERO","SUBTIPO":"DESMONTE DE MINA","REGION":"CAJAMARCA","ESTE":"725013","NORTE":"9236110","CODIGODM":"03002237X01","NOMBREDM":"LA PURISIMA-I","TITULARDM":"CERRO CUSHURO E.I.R.L.; COMPA\u00d1IA MINERA LA PURISIMA S.A.; MINERA CERRO\nCUSHURO S.A.","RESPONSABLE":"---","GENERADOR":"NO IDENTIFICADO","ESTUDIOAMB":"---","N":"1830"},"geometry":{"type":"Point","coordinates":[-78.9636,-6.90647]}},{"type":"Feature","properties":{"Name":"RESIDUO MINERO","description":"","OBJECTID":"402","PROVINCIA":"SAN MIGUEL","DISTRITO":"CALQUIS","CUENCA":"SA\u00d1A","ZONA":"17","EXUNIDAD":"CERRO CUSHURO","TIPO":"RESIDUO MINERO","SUBTIPO":"DESMONTE DE MINA","REGION":"CAJAMARCA","ESTE":"724937","NORTE":"9236172","CODIGODM":"03002237X01","NOMBREDM":"LA PURISIMA-I","TITULARDM":"CERRO CUSHURO E.I.R.L.; COMPA\u00d1IA MINERA LA PURISIMA S.A.; MINERA CERRO\nCUSHURO S.A.","RESPONSABLE":"---","GENERADOR":"NO IDENTIFICADO","ESTUDIOAMB":"---","N":"1831"},"geometry":{"type":"Point","coordinates":[-78.96429,-6.90591]}},{"type":"Feature","properties":{"Name":"RESIDUO MINERO","description":"","OBJECTID":"403","PROVINCIA":"SAN MIGUEL","DISTRITO":"CALQUIS","CUENCA":"SA\u00d1A","ZONA":"17","EXUNIDAD":"CERRO CUSHURO","TIPO":"RESIDUO MINERO","SUBTIPO":"DESMONTE DE MINA","REGION":"CAJAMARCA","ESTE":"724857","NORTE":"9236218","CODIGODM":"03002237X01","NOMBREDM":"LA PURISIMA-I","TITULARDM":"CERRO CUSHURO E.I.R.L.; COMPA\u00d1IA MINERA LA PURISIMA S.A.; MINERA CERRO\nCUSHURO S.A.","RESPONSABLE":"---","GENERADOR":"NO IDENTIFICADO","ESTUDIOAMB":"---","N":"1832"},"geometry":{"type":"Point","coordinates":[-78.96502,-6.9055]}},{"type":"Feature","properties":{"Name":"LABOR MINERA","description":"","OBJECTID":"404","PROVINCIA":"SAN MIGUEL","DISTRITO":"CALQUIS","CUENCA":"SA\u00d1A","ZONA":"17","EXUNIDAD":"CERRO CUSHURO","TIPO":"LABOR MINERA","SUBTIPO":"BOCAMINA","REGION":"CAJAMARCA","ESTE":"725125","NORTE":"9235758","CODIGODM":"03003718X01","NOMBREDM":"LA ZANJA N\u00ba 27","TITULARDM":"COMPA\u00d1IA DE MINAS BUENAVENTURA S.A.; MINERA LA ZANJA S.R.L.; SOCIEDAD\nMINERA COSHURO S.R.L.","RESPONSABLE":"---","GENERADOR":"NO IDENTIFICADO","ESTUDIOAMB":"---","N":"1833"},"geometry":{"type":"Point","coordinates":[-78.96258,-6.90964]}},{"type":"Feature","properties":{"Name":"RESIDUO MINERO","description":"","OBJECTID":"405","PROVINCIA":"SAN MIGUEL","DISTRITO":"CALQUIS","CUENCA":"SA\u00d1A","ZONA":"17","EXUNIDAD":"CERRO CUSHURO","TIPO":"RESIDUO MINERO","SUBTIPO":"DESMONTE DE MINA","REGION":"CAJAMARCA","ESTE":"724772","NORTE":"9236191","CODIGODM":"03002237X01","NOMBREDM":"LA PURISIMA-I","TITULARDM":"CERRO CUSHURO E.I.R.L.; COMPA\u00d1IA MINERA LA PURISIMA S.A.; MINERA CERRO\nCUSHURO S.A.","RESPONSABLE":"---","GENERADOR":"NO IDENTIFICADO","ESTUDIOAMB":"---","N":"1834"},"geometry":{"type":"Point","coordinates":[-78.96579,-6.90574]}},{"type":"Feature","properties":{"Name":"RESIDUO MINERO","description":"","OBJECTID":"406","PROVINCIA":"SAN MIGUEL","DISTRITO":"CALQUIS","CUENCA":"SA\u00d1A","ZONA":"17","EXUNIDAD":"CERRO CUSHURO","TIPO":"RESIDUO MINERO","SUBTIPO":"DESMONTE DE MINA","REGION":"CAJAMARCA","ESTE":"725119","NORTE":"9236066","CODIGODM":"03002237X01;","NOMBREDM":"LA PURISIMA-I;","TITULARDM":"MINERA CERRO CUSHURO S.A.;","RESPONSABLE":"---","GENERADOR":"NO IDENTIFICADO","ESTUDIOAMB":"---","N":"1835"},"geometry":{"type":"Point","coordinates":[-78.96264,-6.90686]}},{"type":"Feature","properties":{"Name":"RESIDUO MINERO","description":"","OBJECTID":"407","PROVINCIA":"HUALGAYOC","DISTRITO":"HUALGAYOC","CUENCA":"LLAUCANO","ZONA":"17","EXUNIDAD":"CERRO JESUS","TIPO":"RESIDUO MINERO","SUBTIPO":"DESMONTE DE MINA","REGION":"CAJAMARCA","ESTE":"763904","NORTE":"9252672","CODIGODM":"010261405; 03000731X01","NOMBREDM":"COLQUIRRUMI 60; PRESIDENTE\nLEGUIA","TITULARDM":"COMPA\u00d1IA MINERA COLQUIRRUMI S.A.; CONSOLIDADA DE HUALGAYOC S.A.;\nS.M.R.L. PRESIDENTE LEGUIA DE CAJAMARCA","RESPONSABLE":"---","GENERADOR":"NO IDENTIFICADO","ESTUDIOAMB":"---","N":"1836"},"geometry":{"type":"Point","coordinates":[-78.61257,-6.75514]}},{"type":"Feature","properties":{"Name":"RESIDUO MINERO","description":"","OBJECTID":"408","PROVINCIA":"HUALGAYOC","DISTRITO":"HUALGAYOC","CUENCA":"LLAUCANO","ZONA":"17","EXUNIDAD":"CERRO JESUS","TIPO":"RESIDUO MINERO","SUBTIPO":"DESMONTE DE MINA","REGION":"CAJAMARCA","ESTE":"764307","NORTE":"9252453","CODIGODM":"0302212DX01; 010236794","NOMBREDM":"LAGO AL-4 (FRACCIONADO); SAN JOSE N\u00ba 1","TITULARDM":"COMPA\u00d1IA MINERA LOS MANTOS S.A.; GOLD FIELDS LA CIMA S.A.A.; VIDALON PAREJA;  JAIME DAVID","RESPONSABLE":"COMPA\u00d1IA MINERA COLQUIRRUMI\nS.A.","GENERADOR":"NO IDENTIFICADO","ESTUDIOAMB":"PCPAM DE LA UNIDAD MINERA COLQUIRRUMI -\"HUALGAYOC\"","N":"1837"},"geometry":{"type":"Point","coordinates":[-78.60892,-6.75711]}},{"type":"Feature","properties":{"Name":"RESIDUO MINERO","description":"","OBJECTID":"409","PROVINCIA":"HUALGAYOC","DISTRITO":"HUALGAYOC","CUENCA":"LLAUCANO","ZONA":"17","EXUNIDAD":"CERRO JESUS","TIPO":"RESIDUO MINERO","SUBTIPO":"DESMONTE DE MINA","REGION":"CAJAMARCA","ESTE":"764319","NORTE":"9252487","CODIGODM":"0302223AX01; 010236794","NOMBREDM":"COLINA A-3; SAN JOSE N\u00ba 1","TITULARDM":"COMPA\u00d1IA MINERA COLQUIRRUMI S.A.; CONSOLIDADA DE HUALGAYOC S.A.; GOLD FIELDS LA CIMA S.A.A.; VIDALON PAREJA;  JAIME DAVID","RESPONSABLE":"COMPA\u00d1IA MINERA COLQUIRRUMI\nS.A.","GENERADOR":"NO IDENTIFICADO","ESTUDIOAMB":"PCPAM DE LA UNIDAD MINERA COLQUIRRUMI -\"HUALGAYOC\"","N":"1838"},"geometry":{"type":"Point","coordinates":[-78.60881,-6.7568]}},{"type":"Feature","properties":{"Name":"RESIDUO MINERO","description":"","OBJECTID":"410","PROVINCIA":"HUALGAYOC","DISTRITO":"HUALGAYOC","CUENCA":"LLAUCANO","ZONA":"17","EXUNIDAD":"CERRO JESUS","TIPO":"RESIDUO MINERO","SUBTIPO":"DESMONTE DE MINA","REGION":"CAJAMARCA","ESTE":"764227","NORTE":"9252501","CODIGODM":"03000273Y01; 010009372U;\n010236794","NOMBREDM":"ARANZAZU; SAN AGUSTIN N\u00ba1; SAN JOSE N\u00ba 1","TITULARDM":"COMPA\u00d1IA MINERA COLQUIRRUMI S.A.; COMPA\u00d1IA MINERA NUEVA ITALIA S.A.; GOLD FIELDS LA CIMA S.A.A.; VIDALON PAREJA;  JAIME DAVID","RESPONSABLE":"COMPA\u00d1IA MINERA COLQUIRRUMI\nS.A.","GENERADOR":"NO IDENTIFICADO","ESTUDIOAMB":"PCPAM DE LA UNIDAD MINERA COLQUIRRUMI -\"HUALGAYOC\"","N":"1839"},"geometry":{"type":"Point","coordinates":[-78.60964,-6.75667]}},{"type":"Feature","properties":{"Name":"RESIDUO MINERO","description":"","OBJECTID":"411","PROVINCIA":"HUALGAYOC","DISTRITO":"HUALGAYOC","CUENCA":"LLAUCANO","ZONA":"17","EXUNIDAD":"CERRO JESUS","TIPO":"RESIDUO MINERO","SUBTIPO":"DESMONTE DE MINA","REGION":"CAJAMARCA","ESTE":"764226","NORTE":"9252107","CODIGODM":"03000292X01; 010009372U;\n010236794","NOMBREDM":"JUPITER; SAN AGUSTIN N\u00ba1; SAN JOSE N\u00ba 1","TITULARDM":"COMPA\u00d1IA MINERA COLQUIRRUMI S.A.; COMPA\u00d1IA MINERA NUEVA ITALIA S.A.; GOLD FIELDS LA CIMA S.A.A.; VIDALON PAREJA;  JAIME DAVID","RESPONSABLE":"COMPA\u00d1IA MINERA COLQUIRRUMI\nS.A.","GENERADOR":"NO IDENTIFICADO","ESTUDIOAMB":"PCPAM DE LA UNIDAD MINERA COLQUIRRUMI -\"HUALGAYOC\"","N":"1840"},"geometry":{"type":"Point","coordinates":[-78.60963,-6.76024]}},{"type":"Feature","properties":{"Name":"LABOR MINERA","description":"","OBJECTID":"461","PROVINCIA":"HUALGAYOC","DISTRITO":"HUALGAYOC","CUENCA":"LLAUCANO","ZONA":"17","EXUNIDAD":"CERRO JESUS","TIPO":"LABOR MINERA","SUBTIPO":"BOCAMINA","REGION":"CAJAMARCA","ESTE":"764118","NORTE":"9252445","CODIGODM":"03000273Y01; 010009372U;\n010236794","NOMBREDM":"ARANZAZU; SAN AGUSTIN N\u00ba1; SAN JOSE N\u00ba 1","TITULARDM":"COMPA\u00d1IA MINERA COLQUIRRUMI S.A.; COMPA\u00d1IA MINERA NUEVA ITALIA S.A.; GOLD FIELDS LA CIMA S.A.A.; VIDALON PAREJA;  JAIME DAVID","RESPONSABLE":"COMPA\u00d1IA MINERA COLQUIRRUMI\nS.A.","GENERADOR":"NO IDENTIFICADO","ESTUDIOAMB":"PCPAM DE LA UNIDAD MINERA COLQUIRRUMI -\"HUALGAYOC\"","N":"1890"},"geometry":{"type":"Point","coordinates":[-78.61062,-6.75719]}},{"type":"Feature","properties":{"Name":"LABOR MINERA","description":"","OBJECTID":"462","PROVINCIA":"HUALGAYOC","DISTRITO":"HUALGAYOC","CUENCA":"LLAUCANO","ZONA":"17","EXUNIDAD":"CERRO JESUS","TIPO":"LABOR MINERA","SUBTIPO":"BOCAMINA","REGION":"CAJAMARCA","ESTE":"764098","NORTE":"9252672","CODIGODM":"010261405; 03000731X01","NOMBREDM":"COLQUIRRUMI 60; PRESIDENTE LEGUIA","TITULARDM":"COMPA\u00d1IA MINERA COLQUIRRUMI S.A.; CONSOLIDADA DE HUALGAYOC S.A.;\nS.M.R.L. PRESIDENTE LEGUIA DE CAJAMARCA","RESPONSABLE":"COMPA\u00d1IA MINERA COLQUIRRUMI\nS.A.","GENERADOR":"NO IDENTIFICADO","ESTUDIOAMB":"PCPAM DE LA UNIDAD MINERA COLQUIRRUMI -\"HUALGAYOC\"","N":"1891"},"geometry":{"type":"Point","coordinates":[-78.61082,-6.75513]}},{"type":"Feature","properties":{"Name":"LABOR MINERA","description":"","OBJECTID":"463","PROVINCIA":"HUALGAYOC","DISTRITO":"HUALGAYOC","CUENCA":"LLAUCANO","ZONA":"17","EXUNIDAD":"CERRO JESUS","TIPO":"LABOR MINERA","SUBTIPO":"BOCAMINA","REGION":"CAJAMARCA","ESTE":"764098","NORTE":"9252634","CODIGODM":"03000731X01; 010236794","NOMBREDM":"PRESIDENTE LEGUIA; SAN JOSE N\u00ba 1","TITULARDM":"GOLD FIELDS LA CIMA S.A.A.; S.M.R.L. PRESIDENTE LEGUIA DE CAJAMARCA; VIDALON PAREJA;  JAIME DAVID","RESPONSABLE":"COMPA\u00d1IA MINERA COLQUIRRUMI\nS.A.","GENERADOR":"NO IDENTIFICADO","ESTUDIOAMB":"PCPAM DE LA UNIDAD MINERA COLQUIRRUMI -\"HUALGAYOC\"","N":"1892"},"geometry":{"type":"Point","coordinates":[-78.61081,-6.75548]}},{"type":"Feature","properties":{"Name":"LABOR MINERA","description":"","OBJECTID":"464","PROVINCIA":"HUALGAYOC","DISTRITO":"HUALGAYOC","CUENCA":"LLAUCANO","ZONA":"17","EXUNIDAD":"CERRO JESUS","TIPO":"LABOR MINERA","SUBTIPO":"BOCAMINA","REGION":"CAJAMARCA","ESTE":"764154","NORTE":"9252625","CODIGODM":"03001084X01; 010009372U;\n010236794","NOMBREDM":"LAMBAYEQUE; SAN AGUSTIN N\u00ba1; SAN JOSE N\u00ba 1","TITULARDM":"COMPA\u00d1IA MINERA COLQUIRRUMI S.A.; CONSOLIDADA DE HUALGAYOC S.A.; GOLD FIELDS LA CIMA S.A.A.; VIDALON PAREJA;  JAIME DAVID","RESPONSABLE":"COMPA\u00d1IA MINERA COLQUIRRUMI\nS.A.","GENERADOR":"NO IDENTIFICADO","ESTUDIOAMB":"PCPAM DE LA UNIDAD MINERA COLQUIRRUMI -\"HUALGAYOC\"","N":"1893"},"geometry":{"type":"Point","coordinates":[-78.61031,-6.75556]}},{"type":"Feature","properties":{"Name":"LABOR MINERA","description":"","OBJECTID":"465","PROVINCIA":"HUALGAYOC","DISTRITO":"HUALGAYOC","CUENCA":"LLAUCANO","ZONA":"17","EXUNIDAD":"CERRO JESUS","TIPO":"LABOR MINERA","SUBTIPO":"BOCAMINA","REGION":"CAJAMARCA","ESTE":"764193","NORTE":"9252642","CODIGODM":"03001084X01; 010009372U;\n010236794","NOMBREDM":"LAMBAYEQUE; SAN AGUSTIN N\u00ba1; SAN JOSE N\u00ba 1","TITULARDM":"COMPA\u00d1IA MINERA COLQUIRRUMI S.A.; CONSOLIDADA DE HUALGAYOC S.A.; GOLD FIELDS LA CIMA S.A.A.; VIDALON PAREJA;  JAIME DAVID","RESPONSABLE":"COMPA\u00d1IA MINERA COLQUIRRUMI\nS.A.","GENERADOR":"NO IDENTIFICADO","ESTUDIOAMB":"PCPAM DE LA UNIDAD MINERA COLQUIRRUMI -\"HUALGAYOC\"","N":"1894"},"geometry":{"type":"Point","coordinates":[-78.60996,-6.7554]}},{"type":"Feature","properties":{"Name":"LABOR MINERA","description":"","OBJECTID":"466","PROVINCIA":"HUALGAYOC","DISTRITO":"HUALGAYOC","CUENCA":"LLAUCANO","ZONA":"17","EXUNIDAD":"CERRO JESUS","TIPO":"LABOR MINERA","SUBTIPO":"BOCAMINA","REGION":"CAJAMARCA","ESTE":"764192","NORTE":"9252631","CODIGODM":"03000279Y01; 010009372U;\n010236794","NOMBREDM":"CASHACA; SAN AGUSTIN N\u00ba1; SAN JOSE N\u00ba 1","TITULARDM":"COMPA\u00d1IA MINERA COLQUIRRUMI S.A.; COMPA\u00d1IA MINERA NUEVA ITALIA S.A.; GOLD FIELDS LA CIMA S.A.A.; VIDALON PAREJA;  JAIME DAVID","RESPONSABLE":"COMPA\u00d1IA MINERA COLQUIRRUMI\nS.A.","GENERADOR":"NO IDENTIFICADO","ESTUDIOAMB":"PCPAM DE LA UNIDAD MINERA COLQUIRRUMI -\"HUALGAYOC\"","N":"1895"},"geometry":{"type":"Point","coordinates":[-78.60996,-6.7555]}},{"type":"Feature","properties":{"Name":"LABOR MINERA","description":"","OBJECTID":"467","PROVINCIA":"HUALGAYOC","DISTRITO":"HUALGAYOC","CUENCA":"LLAUCANO","ZONA":"17","EXUNIDAD":"CERRO JESUS","TIPO":"LABOR MINERA","SUBTIPO":"BOCAMINA","REGION":"CAJAMARCA","ESTE":"764193","NORTE":"9252671","CODIGODM":"010261405; 03000362Y01;\n010009372U","NOMBREDM":"COLQUIRRUMI 60; MARTE; SAN\nAGUSTIN N\u00ba1","TITULARDM":"COMPA\u00d1IA MINERA COLQUIRRUMI S.A.; CONSOLIDADA DE HUALGAYOC S.A.","RESPONSABLE":"---","GENERADOR":"NO IDENTIFICADO","ESTUDIOAMB":"---","N":"1896"},"geometry":{"type":"Point","coordinates":[-78.60996,-6.75514]}},{"type":"Feature","properties":{"Name":"LABOR MINERA","description":"","OBJECTID":"468","PROVINCIA":"HUALGAYOC","DISTRITO":"HUALGAYOC","CUENCA":"LLAUCANO","ZONA":"17","EXUNIDAD":"CERRO JESUS","TIPO":"LABOR MINERA","SUBTIPO":"BOCAMINA","REGION":"CAJAMARCA","ESTE":"764262","NORTE":"9252763","CODIGODM":"010261405; 03000362Y01;\n010009372U","NOMBREDM":"COLQUIRRUMI 60; MARTE; SAN AGUSTIN N\u00ba1","TITULARDM":"COMPA\u00d1IA MINERA COLQUIRRUMI S.A.; CONSOLIDADA DE HUALGAYOC S.A.","RESPONSABLE":"COMPA\u00d1IA MINERA COLQUIRRUMI\nS.A.","GENERADOR":"NO IDENTIFICADO","ESTUDIOAMB":"PCPAM DE LA UNIDAD MINERA COLQUIRRUMI -\"HUALGAYOC\"","N":"1897"},"geometry":{"type":"Point","coordinates":[-78.60934,-6.75431]}},{"type":"Feature","properties":{"Name":"LABOR MINERA","description":"","OBJECTID":"469","PROVINCIA":"HUALGAYOC","DISTRITO":"HUALGAYOC","CUENCA":"LLAUCANO","ZONA":"17","EXUNIDAD":"CERRO JESUS","TIPO":"LABOR MINERA","SUBTIPO":"BOCAMINA","REGION":"CAJAMARCA","ESTE":"764301","NORTE":"9252753","CODIGODM":"010261405; 03000362Y01;\n010009372U","NOMBREDM":"COLQUIRRUMI 60; MARTE; SAN\nAGUSTIN N\u00ba1","TITULARDM":"COMPA\u00d1IA MINERA COLQUIRRUMI S.A.; CONSOLIDADA DE HUALGAYOC S.A.","RESPONSABLE":"---","GENERADOR":"NO IDENTIFICADO","ESTUDIOAMB":"---","N":"1898"},"geometry":{"type":"Point","coordinates":[-78.60898,-6.75439]}},{"type":"Feature","properties":{"Name":"LABOR MINERA","description":"","OBJECTID":"470","PROVINCIA":"HUALGAYOC","DISTRITO":"HUALGAYOC","CUENCA":"LLAUCANO","ZONA":"17","EXUNIDAD":"CERRO JESUS","TIPO":"LABOR MINERA","SUBTIPO":"BOCAMINA","REGION":"CAJAMARCA","ESTE":"764319","NORTE":"9252694","CODIGODM":"010261405; 03000362Y01","NOMBREDM":"COLQUIRRUMI 60; MARTE","TITULARDM":"COMPA\u00d1IA MINERA COLQUIRRUMI S.A.; CONSOLIDADA DE HUALGAYOC S.A.","RESPONSABLE":"COMPA\u00d1IA MINERA COLQUIRRUMI\nS.A.","GENERADOR":"NO IDENTIFICADO","ESTUDIOAMB":"PCPAM DE LA UNIDAD MINERA COLQUIRRUMI -\"HUALGAYOC\"","N":"1899"},"geometry":{"type":"Point","coordinates":[-78.60882,-6.75493]}},{"type":"Feature","properties":{"Name":"RESIDUO MINERO","description":"","OBJECTID":"412","PROVINCIA":"HUALGAYOC","DISTRITO":"HUALGAYOC","CUENCA":"LLAUCANO","ZONA":"17","EXUNIDAD":"CERRO JESUS","TIPO":"RESIDUO MINERO","SUBTIPO":"DESMONTE DE MINA","REGION":"CAJAMARCA","ESTE":"764285","NORTE":"9252041","CODIGODM":"03000337Y01; 010009372U;\n010236794","NOMBREDM":"ITALIA; SAN AGUSTIN N\u00ba1; SAN JOSE N\u00ba 1","TITULARDM":"COMPA\u00d1IA MINERA COLQUIRRUMI S.A.; COMPA\u00d1IA MINERA NUEVA ITALIA S.A.; GOLD FIELDS LA CIMA S.A.A.; VIDALON PAREJA;  JAIME DAVID","RESPONSABLE":"COMPA\u00d1IA MINERA COLQUIRRUMI\nS.A.","GENERADOR":"NO IDENTIFICADO","ESTUDIOAMB":"PCPAM DE LA UNIDAD MINERA COLQUIRRUMI -\"HUALGAYOC\"","N":"1841"},"geometry":{"type":"Point","coordinates":[-78.6091,-6.76083]}},{"type":"Feature","properties":{"Name":"RESIDUO MINERO","description":"","OBJECTID":"413","PROVINCIA":"HUALGAYOC","DISTRITO":"HUALGAYOC","CUENCA":"LLAUCANO","ZONA":"17","EXUNIDAD":"CERRO JESUS","TIPO":"RESIDUO MINERO","SUBTIPO":"DESMONTE DE MINA","REGION":"CAJAMARCA","ESTE":"764368","NORTE":"9251991","CODIGODM":"03002123X01; 010236794","NOMBREDM":"GUADALUPE N\u00ba 1; SAN JOSE N\u00ba 1","TITULARDM":"COMPA\u00d1IA MINERA COLQUIRRUMI S.A.; GOLD FIELDS LA CIMA S.A.A.; S.M.R.L.\nBENAVIDES N\u00ba1 DE CAJAMARCA; VIDALON PAREJA;  JAIME DAVID","RESPONSABLE":"---","GENERADOR":"NO IDENTIFICADO","ESTUDIOAMB":"---","N":"1842"},"geometry":{"type":"Point","coordinates":[-78.60834,-6.76128]}},{"type":"Feature","properties":{"Name":"LABOR MINERA","description":"","OBJECTID":"414","PROVINCIA":"HUALGAYOC","DISTRITO":"HUALGAYOC","CUENCA":"LLAUCANO","ZONA":"17","EXUNIDAD":"CERRO JESUS","TIPO":"LABOR MINERA","SUBTIPO":"CHIMENEA","REGION":"CAJAMARCA","ESTE":"764363","NORTE":"9252460","CODIGODM":"0302212DX01; 010236794","NOMBREDM":"LAGO AL-4 (FRACCIONADO); SAN JOSE N\u00ba 1","TITULARDM":"COMPA\u00d1IA MINERA LOS MANTOS S.A.; GOLD FIELDS LA CIMA S.A.A.; VIDALON PAREJA;  JAIME DAVID","RESPONSABLE":"COMPA\u00d1IA MINERA COLQUIRRUMI\nS.A.","GENERADOR":"NO IDENTIFICADO","ESTUDIOAMB":"PCPAM DE LA UNIDAD MINERA COLQUIRRUMI -\"HUALGAYOC\"","N":"1843"},"geometry":{"type":"Point","coordinates":[-78.60841,-6.75704]}},{"type":"Feature","properties":{"Name":"LABOR MINERA","description":"","OBJECTID":"415","PROVINCIA":"HUALGAYOC","DISTRITO":"HUALGAYOC","CUENCA":"LLAUCANO","ZONA":"17","EXUNIDAD":"CERRO JESUS","TIPO":"LABOR MINERA","SUBTIPO":"PIQUE","REGION":"CAJAMARCA","ESTE":"764336","NORTE":"9252476","CODIGODM":"0302212DX01; 010236794","NOMBREDM":"LAGO AL-4 (FRACCIONADO); SAN JOSE N\u00ba 1","TITULARDM":"COMPA\u00d1IA MINERA LOS MANTOS S.A.; GOLD FIELDS LA CIMA S.A.A.; VIDALON PAREJA;  JAIME DAVID","RESPONSABLE":"COMPA\u00d1IA MINERA COLQUIRRUMI\nS.A.","GENERADOR":"NO IDENTIFICADO","ESTUDIOAMB":"PCPAM DE LA UNIDAD MINERA COLQUIRRUMI -\"HUALGAYOC\"","N":"1844"},"geometry":{"type":"Point","coordinates":[-78.60865,-6.7569]}},{"type":"Feature","properties":{"Name":"LABOR MINERA","description":"","OBJECTID":"416","PROVINCIA":"HUALGAYOC","DISTRITO":"HUALGAYOC","CUENCA":"LLAUCANO","ZONA":"17","EXUNIDAD":"CERRO JESUS","TIPO":"LABOR MINERA","SUBTIPO":"TAJO","REGION":"CAJAMARCA","ESTE":"764245","NORTE":"9252500","CODIGODM":"03000273Y01; 010009372U;\n010236794","NOMBREDM":"ARANZAZU; SAN AGUSTIN N\u00ba1; SAN JOSE N\u00ba 1","TITULARDM":"COMPA\u00d1IA MINERA COLQUIRRUMI S.A.; COMPA\u00d1IA MINERA NUEVA ITALIA S.A.; GOLD FIELDS LA CIMA S.A.A.; VIDALON PAREJA;  JAIME DAVID","RESPONSABLE":"COMPA\u00d1IA MINERA COLQUIRRUMI\nS.A.","GENERADOR":"NO IDENTIFICADO","ESTUDIOAMB":"PCPAM DE LA UNIDAD MINERA COLQUIRRUMI -\"HUALGAYOC\"","N":"1845"},"geometry":{"type":"Point","coordinates":[-78.60948,-6.75668]}},{"type":"Feature","properties":{"Name":"LABOR MINERA","description":"","OBJECTID":"417","PROVINCIA":"HUALGAYOC","DISTRITO":"HUALGAYOC","CUENCA":"LLAUCANO","ZONA":"17","EXUNIDAD":"CERRO JESUS","TIPO":"LABOR MINERA","SUBTIPO":"TRINCHERA","REGION":"CAJAMARCA","ESTE":"764357","NORTE":"9252468","CODIGODM":"0302212DX01; 010236794","NOMBREDM":"LAGO AL-4 (FRACCIONADO); SAN JOSE N\u00ba 1","TITULARDM":"COMPA\u00d1IA MINERA LOS MANTOS S.A.; GOLD FIELDS LA CIMA S.A.A.; VIDALON PAREJA;  JAIME DAVID","RESPONSABLE":"COMPA\u00d1IA MINERA COLQUIRRUMI\nS.A.","GENERADOR":"NO IDENTIFICADO","ESTUDIOAMB":"PCPAM DE LA UNIDAD MINERA COLQUIRRUMI -\"HUALGAYOC\"","N":"1846"},"geometry":{"type":"Point","coordinates":[-78.60846,-6.75697]}},{"type":"Feature","properties":{"Name":"LABOR MINERA","description":"","OBJECTID":"418","PROVINCIA":"HUALGAYOC","DISTRITO":"HUALGAYOC","CUENCA":"LLAUCANO","ZONA":"17","EXUNIDAD":"CERRO JESUS","TIPO":"LABOR MINERA","SUBTIPO":"TRINCHERA","REGION":"CAJAMARCA","ESTE":"764319","NORTE":"9252487","CODIGODM":"0302223AX01; 010236794","NOMBREDM":"COLINA A-3; SAN JOSE N\u00ba 1","TITULARDM":"COMPA\u00d1IA MINERA COLQUIRRUMI S.A.; CONSOLIDADA DE HUALGAYOC S.A.; GOLD FIELDS LA CIMA S.A.A.; VIDALON PAREJA;  JAIME DAVID","RESPONSABLE":"COMPA\u00d1IA MINERA COLQUIRRUMI\nS.A.","GENERADOR":"NO IDENTIFICADO","ESTUDIOAMB":"PCPAM DE LA UNIDAD MINERA COLQUIRRUMI -\"HUALGAYOC\"","N":"1847"},"geometry":{"type":"Point","coordinates":[-78.60881,-6.7568]}},{"type":"Feature","properties":{"Name":"LABOR MINERA","description":"","OBJECTID":"419","PROVINCIA":"HUALGAYOC","DISTRITO":"HUALGAYOC","CUENCA":"LLAUCANO","ZONA":"17","EXUNIDAD":"CERRO JESUS","TIPO":"LABOR MINERA","SUBTIPO":"TRINCHERA","REGION":"CAJAMARCA","ESTE":"764150","NORTE":"9252509","CODIGODM":"03000279Y01; 010009372U;\n010236794","NOMBREDM":"CASHACA; SAN AGUSTIN N\u00ba1; SAN\nJOSE N\u00ba 1","TITULARDM":"COMPA\u00d1IA MINERA COLQUIRRUMI S.A.; COMPA\u00d1IA MINERA NUEVA ITALIA S.A.;\nGOLD FIELDS LA CIMA S.A.A.; VIDALON PAREJA;  JAIME DAVID","RESPONSABLE":"---","GENERADOR":"NO IDENTIFICADO","ESTUDIOAMB":"---","N":"1848"},"geometry":{"type":"Point","coordinates":[-78.61034,-6.75661]}},{"type":"Feature","properties":{"Name":"LABOR MINERA","description":"","OBJECTID":"420","PROVINCIA":"HUALGAYOC","DISTRITO":"HUALGAYOC","CUENCA":"LLAUCANO","ZONA":"17","EXUNIDAD":"CERRO JESUS","TIPO":"LABOR MINERA","SUBTIPO":"TAJEO COMUNICADO","REGION":"CAJAMARCA","ESTE":"764365","NORTE":"9251994","CODIGODM":"03002123X01; 010236794","NOMBREDM":"GUADALUPE N\u00ba 1; SAN JOSE N\u00ba 1","TITULARDM":"COMPA\u00d1IA MINERA COLQUIRRUMI S.A.; GOLD FIELDS LA CIMA S.A.A.; S.M.R.L.\nBENAVIDES N\u00ba1 DE CAJAMARCA; VIDALON PAREJA;  JAIME DAVID","RESPONSABLE":"---","GENERADOR":"NO IDENTIFICADO","ESTUDIOAMB":"---","N":"1849"},"geometry":{"type":"Point","coordinates":[-78.60837,-6.76125]}},{"type":"Feature","properties":{"Name":"LABOR MINERA","description":"","OBJECTID":"421","PROVINCIA":"HUALGAYOC","DISTRITO":"HUALGAYOC","CUENCA":"LLAUCANO","ZONA":"17","EXUNIDAD":"CERRO JESUS","TIPO":"LABOR MINERA","SUBTIPO":"BOCAMINA","REGION":"CAJAMARCA","ESTE":"764308","NORTE":"9252049","CODIGODM":"03000337Y01; 010009372U;\n010236794","NOMBREDM":"ITALIA; SAN AGUSTIN N\u00ba1; SAN JOSE N\u00ba 1","TITULARDM":"COMPA\u00d1IA MINERA COLQUIRRUMI S.A.; COMPA\u00d1IA MINERA NUEVA ITALIA S.A.; GOLD FIELDS LA CIMA S.A.A.; VIDALON PAREJA;  JAIME DAVID","RESPONSABLE":"COMPA\u00d1IA MINERA COLQUIRRUMI\nS.A.","GENERADOR":"NO IDENTIFICADO","ESTUDIOAMB":"PCPAM DE LA UNIDAD MINERA COLQUIRRUMI -\"HUALGAYOC\"","N":"1850"},"geometry":{"type":"Point","coordinates":[-78.60889,-6.76076]}},{"type":"Feature","properties":{"Name":"LABOR MINERA","description":"","OBJECTID":"422","PROVINCIA":"HUALGAYOC","DISTRITO":"HUALGAYOC","CUENCA":"LLAUCANO","ZONA":"17","EXUNIDAD":"CERRO JESUS","TIPO":"LABOR MINERA","SUBTIPO":"BOCAMINA","REGION":"CAJAMARCA","ESTE":"764207","NORTE":"9252475","CODIGODM":"03000273Y01; 010009372U;\n010236794","NOMBREDM":"ARANZAZU; SAN AGUSTIN N\u00ba1; SAN JOSE N\u00ba 1","TITULARDM":"COMPA\u00d1IA MINERA COLQUIRRUMI S.A.; COMPA\u00d1IA MINERA NUEVA ITALIA S.A.; GOLD FIELDS LA CIMA S.A.A.; VIDALON PAREJA;  JAIME DAVID","RESPONSABLE":"COMPA\u00d1IA MINERA COLQUIRRUMI\nS.A.","GENERADOR":"NO IDENTIFICADO","ESTUDIOAMB":"PCPAM DE LA UNIDAD MINERA COLQUIRRUMI -\"HUALGAYOC\"","N":"1851"},"geometry":{"type":"Point","coordinates":[-78.60982,-6.75691]}},{"type":"Feature","properties":{"Name":"LABOR MINERA","description":"","OBJECTID":"423","PROVINCIA":"HUALGAYOC","DISTRITO":"HUALGAYOC","CUENCA":"LLAUCANO","ZONA":"17","EXUNIDAD":"CERRO JESUS","TIPO":"LABOR MINERA","SUBTIPO":"BOCAMINA","REGION":"CAJAMARCA","ESTE":"764218","NORTE":"9252583","CODIGODM":"03001084X01; 010009372U;\n010236794","NOMBREDM":"LAMBAYEQUE; SAN AGUSTIN N\u00ba1;\nSAN JOSE N\u00ba 1","TITULARDM":"COMPA\u00d1IA MINERA COLQUIRRUMI S.A.; CONSOLIDADA DE HUALGAYOC S.A.;\nGOLD FIELDS LA CIMA S.A.A.; VIDALON PAREJA;  JAIME DAVID","RESPONSABLE":"---","GENERADOR":"NO IDENTIFICADO","ESTUDIOAMB":"---","N":"1852"},"geometry":{"type":"Point","coordinates":[-78.60973,-6.75593]}},{"type":"Feature","properties":{"Name":"LABOR MINERA","description":"","OBJECTID":"424","PROVINCIA":"HUALGAYOC","DISTRITO":"HUALGAYOC","CUENCA":"LLAUCANO","ZONA":"17","EXUNIDAD":"CERRO JESUS","TIPO":"LABOR MINERA","SUBTIPO":"BOCAMINA","REGION":"CAJAMARCA","ESTE":"764222","NORTE":"9252525","CODIGODM":"03000273Y01; 010009372U;\n010236794","NOMBREDM":"ARANZAZU; SAN AGUSTIN N\u00ba1; SAN JOSE N\u00ba 1","TITULARDM":"COMPA\u00d1IA MINERA COLQUIRRUMI S.A.; COMPA\u00d1IA MINERA NUEVA ITALIA S.A.; GOLD FIELDS LA CIMA S.A.A.; VIDALON PAREJA;  JAIME DAVID","RESPONSABLE":"COMPA\u00d1IA MINERA COLQUIRRUMI\nS.A.","GENERADOR":"NO IDENTIFICADO","ESTUDIOAMB":"PCPAM DE LA UNIDAD MINERA COLQUIRRUMI -\"HUALGAYOC\"","N":"1853"},"geometry":{"type":"Point","coordinates":[-78.60969,-6.75646]}},{"type":"Feature","properties":{"Name":"LABOR MINERA","description":"","OBJECTID":"425","PROVINCIA":"HUALGAYOC","DISTRITO":"HUALGAYOC","CUENCA":"LLAUCANO","ZONA":"17","EXUNIDAD":"CERRO JESUS","TIPO":"LABOR MINERA","SUBTIPO":"BOCAMINA","REGION":"CAJAMARCA","ESTE":"764205","NORTE":"9252536","CODIGODM":"03000273Y01; 010009372U;\n010236794","NOMBREDM":"ARANZAZU; SAN AGUSTIN N\u00ba1; SAN JOSE N\u00ba 1","TITULARDM":"COMPA\u00d1IA MINERA COLQUIRRUMI S.A.; COMPA\u00d1IA MINERA NUEVA ITALIA S.A.; GOLD FIELDS LA CIMA S.A.A.; VIDALON PAREJA;  JAIME DAVID","RESPONSABLE":"COMPA\u00d1IA MINERA COLQUIRRUMI\nS.A.","GENERADOR":"NO IDENTIFICADO","ESTUDIOAMB":"PCPAM DE LA UNIDAD MINERA COLQUIRRUMI -\"HUALGAYOC\"","N":"1854"},"geometry":{"type":"Point","coordinates":[-78.60984,-6.75636]}},{"type":"Feature","properties":{"Name":"LABOR MINERA","description":"","OBJECTID":"426","PROVINCIA":"HUALGAYOC","DISTRITO":"HUALGAYOC","CUENCA":"LLAUCANO","ZONA":"17","EXUNIDAD":"CERRO JESUS","TIPO":"LABOR MINERA","SUBTIPO":"BOCAMINA","REGION":"CAJAMARCA","ESTE":"764240","NORTE":"9252513","CODIGODM":"03000273Y01; 010009372U;\n010236794","NOMBREDM":"ARANZAZU; SAN AGUSTIN N\u00ba1; SAN JOSE N\u00ba 1","TITULARDM":"COMPA\u00d1IA MINERA COLQUIRRUMI S.A.; COMPA\u00d1IA MINERA NUEVA ITALIA S.A.; GOLD FIELDS LA CIMA S.A.A.; VIDALON PAREJA;  JAIME DAVID","RESPONSABLE":"COMPA\u00d1IA MINERA COLQUIRRUMI\nS.A.","GENERADOR":"NO IDENTIFICADO","ESTUDIOAMB":"PCPAM DE LA UNIDAD MINERA COLQUIRRUMI -\"HUALGAYOC\"","N":"1855"},"geometry":{"type":"Point","coordinates":[-78.60952,-6.75657]}},{"type":"Feature","properties":{"Name":"LABOR MINERA","description":"","OBJECTID":"427","PROVINCIA":"HUALGAYOC","DISTRITO":"HUALGAYOC","CUENCA":"LLAUCANO","ZONA":"17","EXUNIDAD":"CERRO JESUS","TIPO":"LABOR MINERA","SUBTIPO":"BOCAMINA","REGION":"CAJAMARCA","ESTE":"764233","NORTE":"9252500","CODIGODM":"03000273Y01; 010009372U;\n010236794","NOMBREDM":"ARANZAZU; SAN AGUSTIN N\u00ba1; SAN JOSE N\u00ba 1","TITULARDM":"COMPA\u00d1IA MINERA COLQUIRRUMI S.A.; COMPA\u00d1IA MINERA NUEVA ITALIA S.A.; GOLD FIELDS LA CIMA S.A.A.; VIDALON PAREJA;  JAIME DAVID","RESPONSABLE":"COMPA\u00d1IA MINERA COLQUIRRUMI\nS.A.","GENERADOR":"NO IDENTIFICADO","ESTUDIOAMB":"PCPAM DE LA UNIDAD MINERA COLQUIRRUMI -\"HUALGAYOC\"","N":"1856"},"geometry":{"type":"Point","coordinates":[-78.60959,-6.75668]}},{"type":"Feature","properties":{"Name":"LABOR MINERA","description":"","OBJECTID":"428","PROVINCIA":"HUALGAYOC","DISTRITO":"HUALGAYOC","CUENCA":"LLAUCANO","ZONA":"17","EXUNIDAD":"CERRO JESUS","TIPO":"LABOR MINERA","SUBTIPO":"BOCAMINA","REGION":"CAJAMARCA","ESTE":"764311","NORTE":"9252471","CODIGODM":"0302223AX01; 010236794","NOMBREDM":"COLINA A-3; SAN JOSE N\u00ba 1","TITULARDM":"COMPA\u00d1IA MINERA COLQUIRRUMI S.A.; CONSOLIDADA DE HUALGAYOC S.A.; GOLD FIELDS LA CIMA S.A.A.; VIDALON PAREJA;  JAIME DAVID","RESPONSABLE":"COMPA\u00d1IA MINERA COLQUIRRUMI\nS.A.","GENERADOR":"NO IDENTIFICADO","ESTUDIOAMB":"PCPAM DE LA UNIDAD MINERA COLQUIRRUMI -\"HUALGAYOC\"","N":"1857"},"geometry":{"type":"Point","coordinates":[-78.60888,-6.75694]}},{"type":"Feature","properties":{"Name":"LABOR MINERA","description":"","OBJECTID":"429","PROVINCIA":"HUALGAYOC","DISTRITO":"HUALGAYOC","CUENCA":"LLAUCANO","ZONA":"17","EXUNIDAD":"CERRO JESUS","TIPO":"LABOR MINERA","SUBTIPO":"BOCAMINA","REGION":"CAJAMARCA","ESTE":"764357","NORTE":"9252507","CODIGODM":"0302212DX01; 010236794","NOMBREDM":"LAGO AL-4 (FRACCIONADO); SAN JOSE N\u00ba 1","TITULARDM":"COMPA\u00d1IA MINERA LOS MANTOS S.A.; GOLD FIELDS LA CIMA S.A.A.; VIDALON PAREJA;  JAIME DAVID","RESPONSABLE":"COMPA\u00d1IA MINERA COLQUIRRUMI\nS.A.","GENERADOR":"NO IDENTIFICADO","ESTUDIOAMB":"PCPAM DE LA UNIDAD MINERA COLQUIRRUMI -\"HUALGAYOC\"","N":"1858"},"geometry":{"type":"Point","coordinates":[-78.60847,-6.75661]}},{"type":"Feature","properties":{"Name":"LABOR MINERA","description":"","OBJECTID":"430","PROVINCIA":"HUALGAYOC","DISTRITO":"HUALGAYOC","CUENCA":"LLAUCANO","ZONA":"17","EXUNIDAD":"CERRO JESUS","TIPO":"LABOR MINERA","SUBTIPO":"BOCAMINA","REGION":"CAJAMARCA","ESTE":"764000","NORTE":"9252702","CODIGODM":"010261405; 03000731X01","NOMBREDM":"COLQUIRRUMI 60; PRESIDENTE\nLEGUIA","TITULARDM":"COMPA\u00d1IA MINERA COLQUIRRUMI S.A.; CONSOLIDADA DE HUALGAYOC S.A.;\nS.M.R.L. PRESIDENTE LEGUIA DE CAJAMARCA","RESPONSABLE":"---","GENERADOR":"NO IDENTIFICADO","ESTUDIOAMB":"---","N":"1859"},"geometry":{"type":"Point","coordinates":[-78.6117,-6.75487]}},{"type":"Feature","properties":{"Name":"LABOR MINERA","description":"","OBJECTID":"431","PROVINCIA":"HUALGAYOC","DISTRITO":"HUALGAYOC","CUENCA":"LLAUCANO","ZONA":"17","EXUNIDAD":"CERRO JESUS","TIPO":"LABOR MINERA","SUBTIPO":"BOCAMINA","REGION":"CAJAMARCA","ESTE":"763990","NORTE":"9252687","CODIGODM":"010009372U; 03002112X01","NOMBREDM":"SAN AGUSTIN N\u00ba1; TRES CRUCES","TITULARDM":"COMPA\u00d1IA MINERA COLQUIRRUMI S.A.; CONSOLIDADA DE HUALGAYOC S.A.","RESPONSABLE":"COMPA\u00d1IA MINERA COLQUIRRUMI\nS.A.","GENERADOR":"NO IDENTIFICADO","ESTUDIOAMB":"PCPAM DE LA UNIDAD MINERA COLQUIRRUMI -\"HUALGAYOC\"","N":"1860"},"geometry":{"type":"Point","coordinates":[-78.61179,-6.755]}},{"type":"Feature","properties":{"Name":"LABOR MINERA","description":"","OBJECTID":"432","PROVINCIA":"HUALGAYOC","DISTRITO":"HUALGAYOC","CUENCA":"LLAUCANO","ZONA":"17","EXUNIDAD":"CERRO JESUS","TIPO":"LABOR MINERA","SUBTIPO":"BOCAMINA","REGION":"CAJAMARCA","ESTE":"763986","NORTE":"9252676","CODIGODM":"010261405; 03000731X01","NOMBREDM":"COLQUIRRUMI 60; PRESIDENTE LEGUIA","TITULARDM":"COMPA\u00d1IA MINERA COLQUIRRUMI S.A.; CONSOLIDADA DE HUALGAYOC S.A.;\nS.M.R.L. PRESIDENTE LEGUIA DE CAJAMARCA","RESPONSABLE":"COMPA\u00d1IA MINERA COLQUIRRUMI\nS.A.","GENERADOR":"NO IDENTIFICADO","ESTUDIOAMB":"PCPAM DE LA UNIDAD MINERA COLQUIRRUMI -\"HUALGAYOC\"","N":"1861"},"geometry":{"type":"Point","coordinates":[-78.61183,-6.7551]}},{"type":"Feature","properties":{"Name":"LABOR MINERA","description":"","OBJECTID":"433","PROVINCIA":"HUALGAYOC","DISTRITO":"HUALGAYOC","CUENCA":"LLAUCANO","ZONA":"17","EXUNIDAD":"CERRO JESUS","TIPO":"LABOR MINERA","SUBTIPO":"BOCAMINA","REGION":"CAJAMARCA","ESTE":"764417","NORTE":"9251961","CODIGODM":"03002123X01; 010236794","NOMBREDM":"GUADALUPE N\u00ba 1; SAN JOSE N\u00ba 1","TITULARDM":"COMPA\u00d1IA MINERA COLQUIRRUMI S.A.; GOLD FIELDS LA CIMA S.A.A.; S.M.R.L.\nBENAVIDES N\u00ba1 DE CAJAMARCA; VIDALON PAREJA;  JAIME DAVID","RESPONSABLE":"---","GENERADOR":"NO IDENTIFICADO","ESTUDIOAMB":"---","N":"1862"},"geometry":{"type":"Point","coordinates":[-78.6079,-6.76155]}},{"type":"Feature","properties":{"Name":"LABOR MINERA","description":"","OBJECTID":"434","PROVINCIA":"HUALGAYOC","DISTRITO":"HUALGAYOC","CUENCA":"LLAUCANO","ZONA":"17","EXUNIDAD":"CERRO JESUS","TIPO":"LABOR MINERA","SUBTIPO":"BOCAMINA","REGION":"CAJAMARCA","ESTE":"764403","NORTE":"9252402","CODIGODM":"03000127Y01; 010236794","NOMBREDM":"PILAR; SAN JOSE N\u00ba 1","TITULARDM":"GOLD FIELDS LA CIMA S.A.A.; S.M.R.L. PILAR DE CAJAMARCA; VIDALON PAREJA;\nJAIME DAVID","RESPONSABLE":"---","GENERADOR":"NO IDENTIFICADO","ESTUDIOAMB":"---","N":"1863"},"geometry":{"type":"Point","coordinates":[-78.60805,-6.75756]}},{"type":"Feature","properties":{"Name":"LABOR MINERA","description":"","OBJECTID":"435","PROVINCIA":"HUALGAYOC","DISTRITO":"HUALGAYOC","CUENCA":"LLAUCANO","ZONA":"17","EXUNIDAD":"CERRO JESUS","TIPO":"LABOR MINERA","SUBTIPO":"BOCAMINA","REGION":"CAJAMARCA","ESTE":"764135","NORTE":"9252673","CODIGODM":"010261405; 03000731X01","NOMBREDM":"COLQUIRRUMI 60; PRESIDENTE\nLEGUIA","TITULARDM":"COMPA\u00d1IA MINERA COLQUIRRUMI S.A.; CONSOLIDADA DE HUALGAYOC S.A.;\nS.M.R.L. PRESIDENTE LEGUIA DE CAJAMARCA","RESPONSABLE":"---","GENERADOR":"NO IDENTIFICADO","ESTUDIOAMB":"---","N":"1864"},"geometry":{"type":"Point","coordinates":[-78.61048,-6.75512]}},{"type":"Feature","properties":{"Name":"LABOR MINERA","description":"","OBJECTID":"436","PROVINCIA":"HUALGAYOC","DISTRITO":"HUALGAYOC","CUENCA":"LLAUCANO","ZONA":"17","EXUNIDAD":"CERRO JESUS","TIPO":"LABOR MINERA","SUBTIPO":"BOCAMINA","REGION":"CAJAMARCA","ESTE":"764174","NORTE":"9252758","CODIGODM":"010261405; 03000362Y01","NOMBREDM":"COLQUIRRUMI 60; MARTE","TITULARDM":"COMPA\u00d1IA MINERA COLQUIRRUMI S.A.; CONSOLIDADA DE HUALGAYOC S.A.","RESPONSABLE":"COMPA\u00d1IA MINERA COLQUIRRUMI\nS.A.","GENERADOR":"NO IDENTIFICADO","ESTUDIOAMB":"PCPAM DE LA UNIDAD MINERA COLQUIRRUMI -\"HUALGAYOC\"","N":"1865"},"geometry":{"type":"Point","coordinates":[-78.61013,-6.75435]}},{"type":"Feature","properties":{"Name":"LABOR MINERA","description":"","OBJECTID":"437","PROVINCIA":"HUALGAYOC","DISTRITO":"HUALGAYOC","CUENCA":"LLAUCANO","ZONA":"17","EXUNIDAD":"CERRO JESUS","TIPO":"LABOR MINERA","SUBTIPO":"BOCAMINA","REGION":"CAJAMARCA","ESTE":"764233","NORTE":"9252821","CODIGODM":"010261405; 03000362Y01;\n010009372U","NOMBREDM":"COLQUIRRUMI 60; MARTE; SAN AGUSTIN N\u00ba1","TITULARDM":"COMPA\u00d1IA MINERA COLQUIRRUMI S.A.; CONSOLIDADA DE HUALGAYOC S.A.","RESPONSABLE":"COMPA\u00d1IA MINERA COLQUIRRUMI\nS.A.","GENERADOR":"NO IDENTIFICADO","ESTUDIOAMB":"PCPAM DE LA UNIDAD MINERA COLQUIRRUMI -\"HUALGAYOC\"","N":"1866"},"geometry":{"type":"Point","coordinates":[-78.6096,-6.75378]}},{"type":"Feature","properties":{"Name":"LABOR MINERA","description":"","OBJECTID":"438","PROVINCIA":"HUALGAYOC","DISTRITO":"HUALGAYOC","CUENCA":"LLAUCANO","ZONA":"17","EXUNIDAD":"CERRO JESUS","TIPO":"LABOR MINERA","SUBTIPO":"BOCAMINA","REGION":"CAJAMARCA","ESTE":"764254","NORTE":"9252863","CODIGODM":"010261405; 03001038X01;\n010009372U","NOMBREDM":"COLQUIRRUMI 60; JUNIN; SAN AGUSTIN N\u00ba1","TITULARDM":"COMPA\u00d1IA MINERA COLQUIRRUMI S.A.; CONSOLIDADA DE HUALGAYOC S.A.","RESPONSABLE":"COMPA\u00d1IA MINERA COLQUIRRUMI\nS.A.","GENERADOR":"NO IDENTIFICADO","ESTUDIOAMB":"PCPAM DE LA UNIDAD MINERA COLQUIRRUMI -\"HUALGAYOC\"","N":"1867"},"geometry":{"type":"Point","coordinates":[-78.60941,-6.7534]}},{"type":"Feature","properties":{"Name":"LABOR MINERA","description":"","OBJECTID":"439","PROVINCIA":"HUALGAYOC","DISTRITO":"HUALGAYOC","CUENCA":"LLAUCANO","ZONA":"17","EXUNIDAD":"CERRO JESUS","TIPO":"LABOR MINERA","SUBTIPO":"PIQUE","REGION":"CAJAMARCA","ESTE":"764210","NORTE":"9252867","CODIGODM":"010261405; 03001038X01;\n010009372U","NOMBREDM":"COLQUIRRUMI 60; JUNIN; SAN\nAGUSTIN N\u00ba1","TITULARDM":"COMPA\u00d1IA MINERA COLQUIRRUMI S.A.; CONSOLIDADA DE HUALGAYOC S.A.","RESPONSABLE":"---","GENERADOR":"NO IDENTIFICADO","ESTUDIOAMB":"---","N":"1868"},"geometry":{"type":"Point","coordinates":[-78.60981,-6.75337]}},{"type":"Feature","properties":{"Name":"LABOR MINERA","description":"","OBJECTID":"440","PROVINCIA":"HUALGAYOC","DISTRITO":"HUALGAYOC","CUENCA":"LLAUCANO","ZONA":"17","EXUNIDAD":"CERRO JESUS","TIPO":"LABOR MINERA","SUBTIPO":"BOCAMINA","REGION":"CAJAMARCA","ESTE":"764344","NORTE":"9252778","CODIGODM":"010261405; 03000362Y01;\n010009372U","NOMBREDM":"COLQUIRRUMI 60; MARTE; SAN AGUSTIN N\u00ba1","TITULARDM":"COMPA\u00d1IA MINERA COLQUIRRUMI S.A.; CONSOLIDADA DE HUALGAYOC S.A.","RESPONSABLE":"COMPA\u00d1IA MINERA COLQUIRRUMI\nS.A.","GENERADOR":"NO IDENTIFICADO","ESTUDIOAMB":"PCPAM DE LA UNIDAD MINERA COLQUIRRUMI -\"HUALGAYOC\"","N":"1869"},"geometry":{"type":"Point","coordinates":[-78.6086,-6.75417]}},{"type":"Feature","properties":{"Name":"LABOR MINERA","description":"","OBJECTID":"441","PROVINCIA":"HUALGAYOC","DISTRITO":"HUALGAYOC","CUENCA":"LLAUCANO","ZONA":"17","EXUNIDAD":"CERRO JESUS","TIPO":"LABOR MINERA","SUBTIPO":"BOCAMINA","REGION":"CAJAMARCA","ESTE":"764311","NORTE":"9252871","CODIGODM":"010261405; 03000362Y01;\n010009372U","NOMBREDM":"COLQUIRRUMI 60; MARTE; SAN AGUSTIN N\u00ba1","TITULARDM":"COMPA\u00d1IA MINERA COLQUIRRUMI S.A.; CONSOLIDADA DE HUALGAYOC S.A.","RESPONSABLE":"COMPA\u00d1IA MINERA COLQUIRRUMI\nS.A.","GENERADOR":"NO IDENTIFICADO","ESTUDIOAMB":"PCPAM DE LA UNIDAD MINERA COLQUIRRUMI -\"HUALGAYOC\"","N":"1870"},"geometry":{"type":"Point","coordinates":[-78.6089,-6.75333]}},{"type":"Feature","properties":{"Name":"LABOR MINERA","description":"","OBJECTID":"442","PROVINCIA":"HUALGAYOC","DISTRITO":"HUALGAYOC","CUENCA":"LLAUCANO","ZONA":"17","EXUNIDAD":"CERRO JESUS","TIPO":"LABOR MINERA","SUBTIPO":"BOCAMINA","REGION":"CAJAMARCA","ESTE":"763958","NORTE":"9252612","CODIGODM":"03000731X01; 010236794","NOMBREDM":"PRESIDENTE LEGUIA; SAN JOSE N\u00ba 1","TITULARDM":"GOLD FIELDS LA CIMA S.A.A.; S.M.R.L. PRESIDENTE LEGUIA DE CAJAMARCA; VIDALON PAREJA;  JAIME DAVID","RESPONSABLE":"COMPA\u00d1IA MINERA COLQUIRRUMI\nS.A.","GENERADOR":"NO IDENTIFICADO","ESTUDIOAMB":"PCPAM DE LA UNIDAD MINERA COLQUIRRUMI -\"HUALGAYOC\"","N":"1871"},"geometry":{"type":"Point","coordinates":[-78.61208,-6.75568]}},{"type":"Feature","properties":{"Name":"RESIDUO MINERO","description":"","OBJECTID":"443","PROVINCIA":"HUALGAYOC","DISTRITO":"HUALGAYOC","CUENCA":"LLAUCANO","ZONA":"17","EXUNIDAD":"CERRO JESUS","TIPO":"RESIDUO MINERO","SUBTIPO":"DESMONTE DE MINA","REGION":"CAJAMARCA","ESTE":"764175","NORTE":"9252473","CODIGODM":"03000273Y01; 010009372U;\n010236794","NOMBREDM":"ARANZAZU; SAN AGUSTIN N\u00ba1; SAN JOSE N\u00ba 1","TITULARDM":"COMPA\u00d1IA MINERA COLQUIRRUMI S.A.; COMPA\u00d1IA MINERA NUEVA ITALIA S.A.; GOLD FIELDS LA CIMA S.A.A.; VIDALON PAREJA;  JAIME DAVID","RESPONSABLE":"COMPA\u00d1IA MINERA COLQUIRRUMI\nS.A.","GENERADOR":"NO IDENTIFICADO","ESTUDIOAMB":"PCPAM DE LA UNIDAD MINERA COLQUIRRUMI -\"HUALGAYOC\"","N":"1872"},"geometry":{"type":"Point","coordinates":[-78.61011,-6.75693]}},{"type":"Feature","properties":{"Name":"RESIDUO MINERO","description":"","OBJECTID":"444","PROVINCIA":"HUALGAYOC","DISTRITO":"HUALGAYOC","CUENCA":"LLAUCANO","ZONA":"17","EXUNIDAD":"CERRO JESUS","TIPO":"RESIDUO MINERO","SUBTIPO":"DESMONTE DE MINA","REGION":"CAJAMARCA","ESTE":"764187","NORTE":"9252456","CODIGODM":"03000273Y01; 010009372U;\n010236794","NOMBREDM":"ARANZAZU; SAN AGUSTIN N\u00ba1;\nSAN JOSE N\u00ba 1","TITULARDM":"COMPA\u00d1IA MINERA COLQUIRRUMI S.A.; COMPA\u00d1IA MINERA NUEVA ITALIA S.A.;\nGOLD FIELDS LA CIMA S.A.A.; VIDALON PAREJA;  JAIME DAVID","RESPONSABLE":"---","GENERADOR":"NO IDENTIFICADO","ESTUDIOAMB":"---","N":"1873"},"geometry":{"type":"Point","coordinates":[-78.61,-6.75708]}},{"type":"Feature","properties":{"Name":"RESIDUO MINERO","description":"","OBJECTID":"445","PROVINCIA":"HUALGAYOC","DISTRITO":"HUALGAYOC","CUENCA":"LLAUCANO","ZONA":"17","EXUNIDAD":"CERRO JESUS","TIPO":"RESIDUO MINERO","SUBTIPO":"DESMONTE DE MINA","REGION":"CAJAMARCA","ESTE":"764328","NORTE":"9252366","CODIGODM":"03000127Y01; 010236794","NOMBREDM":"PILAR; SAN JOSE N\u00ba 1","TITULARDM":"GOLD FIELDS LA CIMA S.A.A.; S.M.R.L. PILAR DE CAJAMARCA; VIDALON PAREJA; JAIME DAVID","RESPONSABLE":"COMPA\u00d1IA MINERA COLQUIRRUMI\nS.A.","GENERADOR":"NO IDENTIFICADO","ESTUDIOAMB":"PCPAM DE LA UNIDAD MINERA COLQUIRRUMI -\"HUALGAYOC\"","N":"1874"},"geometry":{"type":"Point","coordinates":[-78.60872,-6.75789]}},{"type":"Feature","properties":{"Name":"RESIDUO MINERO","description":"","OBJECTID":"446","PROVINCIA":"HUALGAYOC","DISTRITO":"HUALGAYOC","CUENCA":"LLAUCANO","ZONA":"17","EXUNIDAD":"CERRO JESUS","TIPO":"RESIDUO MINERO","SUBTIPO":"DESMONTE DE MINA","REGION":"CAJAMARCA","ESTE":"764236","NORTE":"9252758","CODIGODM":"010261405; 03000362Y01;\n010009372U","NOMBREDM":"COLQUIRRUMI 60; MARTE; SAN AGUSTIN N\u00ba1","TITULARDM":"COMPA\u00d1IA MINERA COLQUIRRUMI S.A.; CONSOLIDADA DE HUALGAYOC S.A.","RESPONSABLE":"COMPA\u00d1IA MINERA COLQUIRRUMI\nS.A.","GENERADOR":"NO IDENTIFICADO","ESTUDIOAMB":"PCPAM DE LA UNIDAD MINERA COLQUIRRUMI -\"HUALGAYOC\"","N":"1875"},"geometry":{"type":"Point","coordinates":[-78.60957,-6.75435]}},{"type":"Feature","properties":{"Name":"LABOR MINERA","description":"","OBJECTID":"447","PROVINCIA":"HUALGAYOC","DISTRITO":"HUALGAYOC","CUENCA":"LLAUCANO","ZONA":"17","EXUNIDAD":"CERRO JESUS","TIPO":"LABOR MINERA","SUBTIPO":"NO DETERMINADO","REGION":"CAJAMARCA","ESTE":"764424","NORTE":"9251908","CODIGODM":"0302212BX01; 010236794","NOMBREDM":"LAGO AL-2 (FRACCIONADO); SAN\nJOSE N\u00ba 1","TITULARDM":"COMPA\u00d1IA MINERA LOS MANTOS S.A.; GOLD FIELDS LA CIMA S.A.A.; VIDALON\nPAREJA;  JAIME DAVID","RESPONSABLE":"---","GENERADOR":"NO IDENTIFICADO","ESTUDIOAMB":"---","N":"1876"},"geometry":{"type":"Point","coordinates":[-78.60783,-6.76203]}},{"type":"Feature","properties":{"Name":"LABOR MINERA","description":"","OBJECTID":"448","PROVINCIA":"HUALGAYOC","DISTRITO":"HUALGAYOC","CUENCA":"LLAUCANO","ZONA":"17","EXUNIDAD":"CERRO JESUS","TIPO":"LABOR MINERA","SUBTIPO":"TAJEO COMUNICADO","REGION":"CAJAMARCA","ESTE":"764311","NORTE":"9252776","CODIGODM":"010261405; 03000362Y01;\n010009372U","NOMBREDM":"COLQUIRRUMI 60; MARTE; SAN\nAGUSTIN N\u00ba1","TITULARDM":"COMPA\u00d1IA MINERA COLQUIRRUMI S.A.; CONSOLIDADA DE HUALGAYOC S.A.","RESPONSABLE":"---","GENERADOR":"NO IDENTIFICADO","ESTUDIOAMB":"---","N":"1877"},"geometry":{"type":"Point","coordinates":[-78.60889,-6.75419]}},{"type":"Feature","properties":{"Name":"LABOR MINERA","description":"","OBJECTID":"449","PROVINCIA":"HUALGAYOC","DISTRITO":"HUALGAYOC","CUENCA":"LLAUCANO","ZONA":"17","EXUNIDAD":"CERRO JESUS","TIPO":"LABOR MINERA","SUBTIPO":"CHIMENEA","REGION":"CAJAMARCA","ESTE":"764406","NORTE":"9252806","CODIGODM":"010261405; 03000362Y01;\n010009372U","NOMBREDM":"COLQUIRRUMI 60; MARTE; SAN\nAGUSTIN N\u00ba1","TITULARDM":"COMPA\u00d1IA MINERA COLQUIRRUMI S.A.; CONSOLIDADA DE HUALGAYOC S.A.","RESPONSABLE":"---","GENERADOR":"NO IDENTIFICADO","ESTUDIOAMB":"---","N":"1878"},"geometry":{"type":"Point","coordinates":[-78.60804,-6.75391]}},{"type":"Feature","properties":{"Name":"LABOR MINERA","description":"","OBJECTID":"450","PROVINCIA":"HUALGAYOC","DISTRITO":"HUALGAYOC","CUENCA":"LLAUCANO","ZONA":"17","EXUNIDAD":"CERRO JESUS","TIPO":"LABOR MINERA","SUBTIPO":"MEDIA BARRETA","REGION":"CAJAMARCA","ESTE":"764428","NORTE":"9252809","CODIGODM":"010261405; 03000362Y01;\n010009372U","NOMBREDM":"COLQUIRRUMI 60; MARTE; SAN AGUSTIN N\u00ba1","TITULARDM":"COMPA\u00d1IA MINERA COLQUIRRUMI S.A.; CONSOLIDADA DE HUALGAYOC S.A.","RESPONSABLE":"COMPA\u00d1IA MINERA COLQUIRRUMI\nS.A.","GENERADOR":"NO IDENTIFICADO","ESTUDIOAMB":"PCPAM DE LA UNIDAD MINERA COLQUIRRUMI -\"HUALGAYOC\"","N":"1879"},"geometry":{"type":"Point","coordinates":[-78.60784,-6.75388]}},{"type":"Feature","properties":{"Name":"LABOR MINERA","description":"","OBJECTID":"451","PROVINCIA":"HUALGAYOC","DISTRITO":"HUALGAYOC","CUENCA":"LLAUCANO","ZONA":"17","EXUNIDAD":"CERRO JESUS","TIPO":"LABOR MINERA","SUBTIPO":"CHIMENEA","REGION":"CAJAMARCA","ESTE":"764319","NORTE":"9252686","CODIGODM":"010261405; 03000362Y01;\n010009372U","NOMBREDM":"COLQUIRRUMI 60; MARTE; SAN AGUSTIN N\u00ba1","TITULARDM":"COMPA\u00d1IA MINERA COLQUIRRUMI S.A.; CONSOLIDADA DE HUALGAYOC S.A.","RESPONSABLE":"COMPA\u00d1IA MINERA COLQUIRRUMI\nS.A.","GENERADOR":"NO IDENTIFICADO","ESTUDIOAMB":"PCPAM DE LA UNIDAD MINERA COLQUIRRUMI -\"HUALGAYOC\"","N":"1880"},"geometry":{"type":"Point","coordinates":[-78.60882,-6.755]}},{"type":"Feature","properties":{"Name":"LABOR MINERA","description":"","OBJECTID":"452","PROVINCIA":"HUALGAYOC","DISTRITO":"HUALGAYOC","CUENCA":"LLAUCANO","ZONA":"17","EXUNIDAD":"CERRO JESUS","TIPO":"LABOR MINERA","SUBTIPO":"CHIMENEA","REGION":"CAJAMARCA","ESTE":"764378","NORTE":"9252795","CODIGODM":"010261405; 03000362Y01","NOMBREDM":"COLQUIRRUMI 60; MARTE","TITULARDM":"COMPA\u00d1IA MINERA COLQUIRRUMI S.A.; CONSOLIDADA DE HUALGAYOC S.A.","RESPONSABLE":"---","GENERADOR":"NO IDENTIFICADO","ESTUDIOAMB":"---","N":"1881"},"geometry":{"type":"Point","coordinates":[-78.60829,-6.75401]}},{"type":"Feature","properties":{"Name":"LABOR MINERA","description":"","OBJECTID":"453","PROVINCIA":"HUALGAYOC","DISTRITO":"HUALGAYOC","CUENCA":"LLAUCANO","ZONA":"17","EXUNIDAD":"CERRO JESUS","TIPO":"LABOR MINERA","SUBTIPO":"CHIMENEA","REGION":"CAJAMARCA","ESTE":"764374","NORTE":"9252897","CODIGODM":"010261405; 03000362Y01;\n010009372U","NOMBREDM":"COLQUIRRUMI 60; MARTE; SAN AGUSTIN N\u00ba1","TITULARDM":"COMPA\u00d1IA MINERA COLQUIRRUMI S.A.; CONSOLIDADA DE HUALGAYOC S.A.","RESPONSABLE":"COMPA\u00d1IA MINERA COLQUIRRUMI\nS.A.","GENERADOR":"NO IDENTIFICADO","ESTUDIOAMB":"PCPAM DE LA UNIDAD MINERA COLQUIRRUMI -\"HUALGAYOC\"","N":"1882"},"geometry":{"type":"Point","coordinates":[-78.60833,-6.75309]}},{"type":"Feature","properties":{"Name":"RESIDUO MINERO","description":"","OBJECTID":"454","PROVINCIA":"HUALGAYOC","DISTRITO":"HUALGAYOC","CUENCA":"LLAUCANO","ZONA":"17","EXUNIDAD":"CERRO JESUS","TIPO":"RESIDUO MINERO","SUBTIPO":"DESMONTE DE MINA","REGION":"CAJAMARCA","ESTE":"764094","NORTE":"9252603","CODIGODM":"03001084X01; 03000731X01;\n010009372U; 010236794","NOMBREDM":"LAMBAYEQUE; PRESIDENTE LEGUIA; SAN AGUSTIN N\u00ba1; SAN JOSE N\u00ba 1","TITULARDM":"COMPA\u00d1IA MINERA COLQUIRRUMI S.A.; CONSOLIDADA DE HUALGAYOC S.A.; GOLD FIELDS LA CIMA S.A.A.; S.M.R.L. PRESIDENTE LEGUIA DE CAJAMARCA; VIDALON PAREJA;  JAIME DAVID","RESPONSABLE":"COMPA\u00d1IA MINERA COLQUIRRUMI\nS.A.","GENERADOR":"NO IDENTIFICADO","ESTUDIOAMB":"PCPAM DE LA UNIDAD MINERA COLQUIRRUMI -\"HUALGAYOC\"","N":"1883"},"geometry":{"type":"Point","coordinates":[-78.61085,-6.75576]}},{"type":"Feature","properties":{"Name":"RESIDUO MINERO","description":"","OBJECTID":"455","PROVINCIA":"HUALGAYOC","DISTRITO":"HUALGAYOC","CUENCA":"LLAUCANO","ZONA":"17","EXUNIDAD":"CERRO JESUS","TIPO":"RESIDUO MINERO","SUBTIPO":"DESMONTE DE MINA","REGION":"CAJAMARCA","ESTE":"764171","NORTE":"9252598","CODIGODM":"03000279Y01; 010009372U;\n010236794","NOMBREDM":"CASHACA; SAN AGUSTIN N\u00ba1; SAN JOSE N\u00ba 1","TITULARDM":"COMPA\u00d1IA MINERA COLQUIRRUMI S.A.; COMPA\u00d1IA MINERA NUEVA ITALIA S.A.; GOLD FIELDS LA CIMA S.A.A.; VIDALON PAREJA;  JAIME DAVID","RESPONSABLE":"COMPA\u00d1IA MINERA COLQUIRRUMI\nS.A.","GENERADOR":"NO IDENTIFICADO","ESTUDIOAMB":"PCPAM DE LA UNIDAD MINERA COLQUIRRUMI -\"HUALGAYOC\"","N":"1884"},"geometry":{"type":"Point","coordinates":[-78.61015,-6.7558]}},{"type":"Feature","properties":{"Name":"RESIDUO MINERO","description":"","OBJECTID":"456","PROVINCIA":"HUALGAYOC","DISTRITO":"HUALGAYOC","CUENCA":"LLAUCANO","ZONA":"17","EXUNIDAD":"CERRO JESUS","TIPO":"RESIDUO MINERO","SUBTIPO":"DESMONTE DE MINA","REGION":"CAJAMARCA","ESTE":"764315","NORTE":"9252695","CODIGODM":"010261405; 03000362Y01","NOMBREDM":"COLQUIRRUMI 60; MARTE","TITULARDM":"COMPA\u00d1IA MINERA COLQUIRRUMI S.A.; CONSOLIDADA DE HUALGAYOC S.A.","RESPONSABLE":"COMPA\u00d1IA MINERA COLQUIRRUMI\nS.A.","GENERADOR":"NO IDENTIFICADO","ESTUDIOAMB":"PCPAM DE LA UNIDAD MINERA COLQUIRRUMI -\"HUALGAYOC\"","N":"1885"},"geometry":{"type":"Point","coordinates":[-78.60885,-6.75492]}},{"type":"Feature","properties":{"Name":"RESIDUO MINERO","description":"","OBJECTID":"457","PROVINCIA":"HUALGAYOC","DISTRITO":"HUALGAYOC","CUENCA":"LLAUCANO","ZONA":"17","EXUNIDAD":"CERRO JESUS","TIPO":"RESIDUO MINERO","SUBTIPO":"DESMONTE DE MINA","REGION":"CAJAMARCA","ESTE":"764321","NORTE":"9252679","CODIGODM":"010261405; 03000362Y01;\n010009372U","NOMBREDM":"COLQUIRRUMI 60; MARTE; SAN AGUSTIN N\u00ba1","TITULARDM":"COMPA\u00d1IA MINERA COLQUIRRUMI S.A.; CONSOLIDADA DE HUALGAYOC S.A.","RESPONSABLE":"COMPA\u00d1IA MINERA COLQUIRRUMI\nS.A.","GENERADOR":"NO IDENTIFICADO","ESTUDIOAMB":"PCPAM DE LA UNIDAD MINERA COLQUIRRUMI -\"HUALGAYOC\"","N":"1886"},"geometry":{"type":"Point","coordinates":[-78.6088,-6.75506]}},{"type":"Feature","properties":{"Name":"RESIDUO MINERO","description":"","OBJECTID":"458","PROVINCIA":"HUALGAYOC","DISTRITO":"HUALGAYOC","CUENCA":"LLAUCANO","ZONA":"17","EXUNIDAD":"CERRO JESUS","TIPO":"RESIDUO MINERO","SUBTIPO":"DESMONTE DE MINA","REGION":"CAJAMARCA","ESTE":"764354","NORTE":"9252703","CODIGODM":"010261405; 03000362Y01;\n010009372U","NOMBREDM":"COLQUIRRUMI 60; MARTE; SAN AGUSTIN N\u00ba1","TITULARDM":"COMPA\u00d1IA MINERA COLQUIRRUMI S.A.; CONSOLIDADA DE HUALGAYOC S.A.","RESPONSABLE":"COMPA\u00d1IA MINERA COLQUIRRUMI\nS.A.","GENERADOR":"NO IDENTIFICADO","ESTUDIOAMB":"PCPAM DE LA UNIDAD MINERA COLQUIRRUMI -\"HUALGAYOC\"","N":"1887"},"geometry":{"type":"Point","coordinates":[-78.6085,-6.75484]}},{"type":"Feature","properties":{"Name":"RESIDUO MINERO","description":"","OBJECTID":"459","PROVINCIA":"HUALGAYOC","DISTRITO":"HUALGAYOC","CUENCA":"LLAUCANO","ZONA":"17","EXUNIDAD":"CERRO JESUS","TIPO":"RESIDUO MINERO","SUBTIPO":"DESMONTE DE MINA","REGION":"CAJAMARCA","ESTE":"764424","NORTE":"9252811","CODIGODM":"010261405; 03000362Y01;\n010009372U","NOMBREDM":"COLQUIRRUMI 60; MARTE; SAN AGUSTIN N\u00ba1","TITULARDM":"COMPA\u00d1IA MINERA COLQUIRRUMI S.A.; CONSOLIDADA DE HUALGAYOC S.A.","RESPONSABLE":"COMPA\u00d1IA MINERA COLQUIRRUMI\nS.A.","GENERADOR":"NO IDENTIFICADO","ESTUDIOAMB":"PCPAM DE LA UNIDAD MINERA COLQUIRRUMI -\"HUALGAYOC\"","N":"1888"},"geometry":{"type":"Point","coordinates":[-78.60787,-6.75386]}},{"type":"Feature","properties":{"Name":"LABOR MINERA","description":"","OBJECTID":"460","PROVINCIA":"HUALGAYOC","DISTRITO":"HUALGAYOC","CUENCA":"LLAUCANO","ZONA":"17","EXUNIDAD":"CERRO JESUS","TIPO":"LABOR MINERA","SUBTIPO":"BOCAMINA","REGION":"CAJAMARCA","ESTE":"764117","NORTE":"9252242","CODIGODM":"03000127Y01; 010236794","NOMBREDM":"PILAR; SAN JOSE N\u00ba 1","TITULARDM":"GOLD FIELDS LA CIMA S.A.A.; S.M.R.L. PILAR DE CAJAMARCA; VIDALON PAREJA; JAIME DAVID","RESPONSABLE":"COMPA\u00d1IA MINERA COLQUIRRUMI\nS.A.","GENERADOR":"NO IDENTIFICADO","ESTUDIOAMB":"PCPAM DE LA UNIDAD MINERA COLQUIRRUMI -\"HUALGAYOC\"","N":"1889"},"geometry":{"type":"Point","coordinates":[-78.61062,-6.75902]}},{"type":"Feature","properties":{"Name":"LABOR MINERA","description":"","OBJECTID":"390","PROVINCIA":"HUALGAYOC","DISTRITO":"HUALGAYOC","CUENCA":"LLAUCANO","ZONA":"17","EXUNIDAD":"CAROLINA (LLAUCANO)","TIPO":"LABOR MINERA","SUBTIPO":"BOCAMINA","REGION":"CAJAMARCA","ESTE":"761260","NORTE":"9253963","CODIGODM":"010000184U; 03001043X01;\n010336794","NOMBREDM":"CAROLINA N\u00ba1; DON PACO; TANTAHUATAY N\u00ba 24","TITULARDM":"COMPA\u00d1IA DE MINAS BUENAVENTURA S.A.A.; COMPA\u00d1IA MINERA COIMOLACHE S.A.; CONSOLIDADA DE HUALGAYOC S.A.; GOLD FIELDS LA CIMA S.A.; HUALGAYOC HOLDING S.A.C.; SOCIEDAD MINERA CORONA S.A.; SOCIEDAD MINERA LA CIMA\nS.A.","RESPONSABLE":"SOCIEDAD MINERA CORONA S.A.","GENERADOR":"NO IDENTIFICADO","ESTUDIOAMB":"PCM DE LA EX UNIDAD DE PRODUCCI\u00d3N CAROLINA N\u00b01","N":"1819"},"geometry":{"type":"Point","coordinates":[-78.63653,-6.74359]}},{"type":"Feature","properties":{"Name":"RESIDUO MINERO","description":"","OBJECTID":"391","PROVINCIA":"HUALGAYOC","DISTRITO":"HUALGAYOC","CUENCA":"LLAUCANO","ZONA":"17","EXUNIDAD":"CAROLINA (LLAUCANO)","TIPO":"RESIDUO MINERO","SUBTIPO":"DESMONTE DE MINA","REGION":"CAJAMARCA","ESTE":"761249","NORTE":"9253931","CODIGODM":"010000184U; 03001043X01;\n010336794","NOMBREDM":"CAROLINA N\u00ba1; DON PACO; TANTAHUATAY N\u00ba 24","TITULARDM":"COMPA\u00d1IA DE MINAS BUENAVENTURA S.A.A.; COMPA\u00d1IA MINERA COIMOLACHE S.A.; CONSOLIDADA DE HUALGAYOC S.A.; GOLD FIELDS LA CIMA S.A.; HUALGAYOC HOLDING S.A.C.; SOCIEDAD MINERA CORONA S.A.; SOCIEDAD MINERA LA CIMA\nS.A.","RESPONSABLE":"SOCIEDAD MINERA CORONA S.A.","GENERADOR":"NO IDENTIFICADO","ESTUDIOAMB":"PCM DE LA EX UNIDAD DE PRODUCCI\u00d3N CAROLINA N\u00b01","N":"1820"},"geometry":{"type":"Point","coordinates":[-78.63663,-6.74388]}},{"type":"Feature","properties":{"Name":"RESIDUO MINERO","description":"","OBJECTID":"392","PROVINCIA":"HUALGAYOC","DISTRITO":"HUALGAYOC","CUENCA":"LLAUCANO","ZONA":"17","EXUNIDAD":"CAROLINA (LLAUCANO)","TIPO":"RESIDUO MINERO","SUBTIPO":"DESMONTE DE MINA","REGION":"CAJAMARCA","ESTE":"760705","NORTE":"9255040","CODIGODM":"010000184U; 03000267X01;\n010320705; 03002950X01","NOMBREDM":"CAROLINA N\u00ba1; ORLANDITO; PILANCONES 2005 A; PROVEEDORA N\u00ba 1-C","TITULARDM":"COMPA\u00d1IA MINERA COIMOLACHE S.A.; COMPA\u00d1IA MINERA COLQUIRRUMI S.A.; CONSOLIDADA DE HUALGAYOC S.A.; EXPLORACIONES MINERAS COCHORCO S.A; GOLD FIELDS LA CIMA S.A.; HUALGAYOC HOLDING S.A.C.; SOCIEDAD MINERA\nCORONA S.A.; SOCIEDAD MINERA LA CIMA S.A.","RESPONSABLE":"SOCIEDAD MINERA CORONA S.A.","GENERADOR":"NO IDENTIFICADO","ESTUDIOAMB":"PCM DE LA EX UNIDAD DE PRODUCCI\u00d3N CAROLINA N\u00b01","N":"1821"},"geometry":{"type":"Point","coordinates":[-78.6416,-6.73388]}},{"type":"Feature","properties":{"Name":"INFRAESTRUCTURA","description":"","OBJECTID":"393","PROVINCIA":"SAN MIGUEL","DISTRITO":"CALQUIS","CUENCA":"SA\u00d1A","ZONA":"17","EXUNIDAD":"CERRO CUSHURO","TIPO":"INFRAESTRUCTURA","SUBTIPO":"CAMPAMENTOS, OFICINAS, TALLERES","REGION":"CAJAMARCA","ESTE":"725131","NORTE":"9235842","CODIGODM":"03003718X01","NOMBREDM":"LA ZANJA N\u00ba 27","TITULARDM":"COMPA\u00d1IA DE MINAS BUENAVENTURA S.A.; MINERA LA ZANJA S.R.L.; SOCIEDAD\nMINERA COSHURO S.R.L.","RESPONSABLE":"---","GENERADOR":"NO IDENTIFICADO","ESTUDIOAMB":"---","N":"1822"},"geometry":{"type":"Point","coordinates":[-78.96252,-6.90888]}},{"type":"Feature","properties":{"Name":"LABOR MINERA","description":"","OBJECTID":"394","PROVINCIA":"SAN MIGUEL","DISTRITO":"CALQUIS","CUENCA":"SA\u00d1A","ZONA":"17","EXUNIDAD":"CERRO CUSHURO","TIPO":"LABOR MINERA","SUBTIPO":"BOCAMINA","REGION":"CAJAMARCA","ESTE":"725129","NORTE":"9236086","CODIGODM":"03002237X01","NOMBREDM":"LA PURISIMA-I","TITULARDM":"CERRO CUSHURO E.I.R.L.; COMPA\u00d1IA MINERA LA PURISIMA S.A.; MINERA CERRO\nCUSHURO S.A.","RESPONSABLE":"---","GENERADOR":"NO IDENTIFICADO","ESTUDIOAMB":"---","N":"1823"},"geometry":{"type":"Point","coordinates":[-78.96255,-6.90668]}},{"type":"Feature","properties":{"Name":"LABOR MINERA","description":"","OBJECTID":"395","PROVINCIA":"SAN MIGUEL","DISTRITO":"CALQUIS","CUENCA":"SA\u00d1A","ZONA":"17","EXUNIDAD":"CERRO CUSHURO","TIPO":"LABOR MINERA","SUBTIPO":"BOCAMINA","REGION":"CAJAMARCA","ESTE":"725003","NORTE":"9236156","CODIGODM":"03002237X01","NOMBREDM":"LA PURISIMA-I","TITULARDM":"CERRO CUSHURO E.I.R.L.; COMPA\u00d1IA MINERA LA PURISIMA S.A.; MINERA CERRO\nCUSHURO S.A.","RESPONSABLE":"---","GENERADOR":"NO IDENTIFICADO","ESTUDIOAMB":"---","N":"1824"},"geometry":{"type":"Point","coordinates":[-78.96369,-6.90605]}},{"type":"Feature","properties":{"Name":"RESIDUO MINERO","description":"","OBJECTID":"396","PROVINCIA":"SAN MIGUEL","DISTRITO":"CALQUIS","CUENCA":"SA\u00d1A","ZONA":"17","EXUNIDAD":"CERRO CUSHURO","TIPO":"RESIDUO MINERO","SUBTIPO":"DESMONTE DE MINA","REGION":"CAJAMARCA","ESTE":"725067","NORTE":"9236132","CODIGODM":"03002237X01","NOMBREDM":"LA PURISIMA-I","TITULARDM":"CERRO CUSHURO E.I.R.L.; COMPA\u00d1IA MINERA LA PURISIMA S.A.; MINERA CERRO\nCUSHURO S.A.","RESPONSABLE":"---","GENERADOR":"NO IDENTIFICADO","ESTUDIOAMB":"---","N":"1825"},"geometry":{"type":"Point","coordinates":[-78.96311,-6.90626]}},{"type":"Feature","properties":{"Name":"LABOR MINERA","description":"","OBJECTID":"397","PROVINCIA":"SAN MIGUEL","DISTRITO":"CALQUIS","CUENCA":"SA\u00d1A","ZONA":"17","EXUNIDAD":"CERRO CUSHURO","TIPO":"LABOR MINERA","SUBTIPO":"BOCAMINA","REGION":"CAJAMARCA","ESTE":"725136","NORTE":"9236087","CODIGODM":"03002237X01","NOMBREDM":"LA PURISIMA-I","TITULARDM":"CERRO CUSHURO E.I.R.L.; COMPA\u00d1IA MINERA LA PURISIMA S.A.; MINERA CERRO\nCUSHURO S.A.","RESPONSABLE":"---","GENERADOR":"NO IDENTIFICADO","ESTUDIOAMB":"---","N":"1826"},"geometry":{"type":"Point","coordinates":[-78.96249,-6.90667]}},{"type":"Feature","properties":{"Name":"LABOR MINERA","description":"","OBJECTID":"398","PROVINCIA":"SAN MIGUEL","DISTRITO":"CALQUIS","CUENCA":"SA\u00d1A","ZONA":"17","EXUNIDAD":"CERRO CUSHURO","TIPO":"LABOR MINERA","SUBTIPO":"BOCAMINA","REGION":"CAJAMARCA","ESTE":"724771","NORTE":"9236200","CODIGODM":"03002237X01","NOMBREDM":"LA PURISIMA-I","TITULARDM":"CERRO CUSHURO E.I.R.L.; COMPA\u00d1IA MINERA LA PURISIMA S.A.; MINERA CERRO\nCUSHURO S.A.","RESPONSABLE":"---","GENERADOR":"NO IDENTIFICADO","ESTUDIOAMB":"---","N":"1827"},"geometry":{"type":"Point","coordinates":[-78.9658,-6.90566]}},{"type":"Feature","properties":{"Name":"LABOR MINERA","description":"","OBJECTID":"399","PROVINCIA":"SAN MIGUEL","DISTRITO":"CALQUIS","CUENCA":"SA\u00d1A","ZONA":"17","EXUNIDAD":"CERRO CUSHURO","TIPO":"LABOR MINERA","SUBTIPO":"BOCAMINA","REGION":"CAJAMARCA","ESTE":"724856","NORTE":"9236232","CODIGODM":"03002237X01","NOMBREDM":"LA PURISIMA-I","TITULARDM":"CERRO CUSHURO E.I.R.L.; COMPA\u00d1IA MINERA LA PURISIMA S.A.; MINERA CERRO\nCUSHURO S.A.","RESPONSABLE":"---","GENERADOR":"NO IDENTIFICADO","ESTUDIOAMB":"---","N":"1828"},"geometry":{"type":"Point","coordinates":[-78.96503,-6.90537]}},{"type":"Feature","properties":{"Name":"RESIDUO MINERO","description":"","OBJECTID":"400","PROVINCIA":"SAN MIGUEL","DISTRITO":"CALQUIS","CUENCA":"SA\u00d1A","ZONA":"17","EXUNIDAD":"CERRO CUSHURO","TIPO":"RESIDUO MINERO","SUBTIPO":"DESMONTE DE MINA","REGION":"CAJAMARCA","ESTE":"725132","NORTE":"9235730","CODIGODM":"03003718X01","NOMBREDM":"LA ZANJA N\u00ba 27","TITULARDM":"COMPA\u00d1IA DE MINAS BUENAVENTURA S.A.; MINERA LA ZANJA S.R.L.; SOCIEDAD\nMINERA COSHURO S.R.L.","RESPONSABLE":"---","GENERADOR":"NO IDENTIFICADO","ESTUDIOAMB":"---","N":"1829"},"geometry":{"type":"Point","coordinates":[-78.96251,-6.9099]}},{"type":"Feature","properties":{"Name":"LABOR MINERA","description":"","OBJECTID":"530","PROVINCIA":"HUALGAYOC","DISTRITO":"CHUGUR","CUENCA":"LLAUCANO","ZONA":"17","EXUNIDAD":"CHUGUR (LLAUCANO)","TIPO":"LABOR MINERA","SUBTIPO":"PIQUE","REGION":"CAJAMARCA","ESTE":"758563","NORTE":"9256759","CODIGODM":"010000510L; 03000042X01;\n010336894; 010053898","NOMBREDM":"ACUMULACION TANTAHUATAY; MARIA EUGENIA; TANTAHUATAY N\u00ba 25; VALLE SINCHAO","TITULARDM":"COMPA\u00d1IA DE MINAS BUENAVENTURA S.A.A.; COMPA\u00d1IA MINERA COIMOLACHE S.A.; EL MISTI GOLD S.A.; MINAS DEL SINCHAO S.A.; S.M.R.L. RITA MARGOT DE CAJAMARCA","RESPONSABLE":"---","GENERADOR":"NO IDENTIFICADO","ESTUDIOAMB":"---","N":"1959"},"geometry":{"type":"Point","coordinates":[-78.66104,-6.71844]}},{"type":"Feature","properties":{"Name":"LABOR MINERA","description":"","OBJECTID":"531","PROVINCIA":"HUALGAYOC","DISTRITO":"CHUGUR","CUENCA":"LLAUCANO","ZONA":"17","EXUNIDAD":"CHUGUR (LLAUCANO)","TIPO":"LABOR MINERA","SUBTIPO":"PIQUE","REGION":"CAJAMARCA","ESTE":"758553","NORTE":"9256754","CODIGODM":"010000510L; 03000042X01;\n010336894; 010053898","NOMBREDM":"ACUMULACION TANTAHUATAY; MARIA EUGENIA; TANTAHUATAY N\u00ba 25; VALLE SINCHAO","TITULARDM":"COMPA\u00d1IA DE MINAS BUENAVENTURA S.A.A.; COMPA\u00d1IA MINERA COIMOLACHE S.A.; EL MISTI GOLD S.A.; MINAS DEL SINCHAO S.A.; S.M.R.L. RITA MARGOT DE CAJAMARCA","RESPONSABLE":"---","GENERADOR":"NO IDENTIFICADO","ESTUDIOAMB":"---","N":"1960"},"geometry":{"type":"Point","coordinates":[-78.66113,-6.71848]}},{"type":"Feature","properties":{"Name":"LABOR MINERA","description":"","OBJECTID":"532","PROVINCIA":"HUALGAYOC","DISTRITO":"CHUGUR","CUENCA":"LLAUCANO","ZONA":"17","EXUNIDAD":"CHUGUR (LLAUCANO)","TIPO":"LABOR MINERA","SUBTIPO":"TAJO","REGION":"CAJAMARCA","ESTE":"758361","NORTE":"9256840","CODIGODM":"010000510L; 03000042X01;\n010336894; 010053898","NOMBREDM":"ACUMULACION TANTAHUATAY; MARIA EUGENIA; TANTAHUATAY N\u00ba 25; VALLE SINCHAO","TITULARDM":"COMPA\u00d1IA DE MINAS BUENAVENTURA S.A.A.; COMPA\u00d1IA MINERA COIMOLACHE S.A.; EL MISTI GOLD S.A.; MINAS DEL SINCHAO S.A.; S.M.R.L. RITA MARGOT DE CAJAMARCA","RESPONSABLE":"---","GENERADOR":"NO IDENTIFICADO","ESTUDIOAMB":"---","N":"1961"},"geometry":{"type":"Point","coordinates":[-78.66287,-6.71771]}},{"type":"Feature","properties":{"Name":"LABOR MINERA","description":"","OBJECTID":"533","PROVINCIA":"HUALGAYOC","DISTRITO":"CHUGUR","CUENCA":"LLAUCANO","ZONA":"17","EXUNIDAD":"CHUGUR (LLAUCANO)","TIPO":"LABOR MINERA","SUBTIPO":"TAJO","REGION":"CAJAMARCA","ESTE":"758773","NORTE":"9256323","CODIGODM":"010000510L; 03000308Y01;\n010012572U; 010336894","NOMBREDM":"ACUMULACION TANTAHUATAY; EL SINCHAO; MINCOSA;\nTANTAHUATAY N\u00ba 25","TITULARDM":"COMPA\u00d1IA DE MINAS BUENAVENTURA S.A.A.; COMPA\u00d1IA MINERA COIMOLACHE S.A.; MINERA INCOGNITA S.A.; S.M.R.L. EL SINCHAO DE CAJAMARCA","RESPONSABLE":"---","GENERADOR":"NO IDENTIFICADO","ESTUDIOAMB":"---","N":"1962"},"geometry":{"type":"Point","coordinates":[-78.65912,-6.72237]}},{"type":"Feature","properties":{"Name":"RESIDUO MINERO","description":"","OBJECTID":"534","PROVINCIA":"HUALGAYOC","DISTRITO":"CHUGUR","CUENCA":"LLAUCANO","ZONA":"17","EXUNIDAD":"CHUGUR (LLAUCANO)","TIPO":"RESIDUO MINERO","SUBTIPO":"DESMONTE DE MINA","REGION":"CAJAMARCA","ESTE":"758762","NORTE":"9256343","CODIGODM":"010000510L; 03000308Y01;\n010012572U; 010336894","NOMBREDM":"ACUMULACION TANTAHUATAY; EL SINCHAO; MINCOSA;\nTANTAHUATAY N\u00ba 25","TITULARDM":"COMPA\u00d1IA DE MINAS BUENAVENTURA S.A.A.; COMPA\u00d1IA MINERA COIMOLACHE S.A.; MINERA INCOGNITA S.A.; S.M.R.L. EL SINCHAO DE CAJAMARCA","RESPONSABLE":"---","GENERADOR":"NO IDENTIFICADO","ESTUDIOAMB":"---","N":"1963"},"geometry":{"type":"Point","coordinates":[-78.65922,-6.72219]}},{"type":"Feature","properties":{"Name":"RESIDUO MINERO","description":"","OBJECTID":"535","PROVINCIA":"HUALGAYOC","DISTRITO":"CHUGUR","CUENCA":"LLAUCANO","ZONA":"17","EXUNIDAD":"CHUGUR (LLAUCANO)","TIPO":"RESIDUO MINERO","SUBTIPO":"DESMONTE DE MINA","REGION":"CAJAMARCA","ESTE":"758709","NORTE":"9256384","CODIGODM":"010000510L; 03000372X01;\n010012572U; 010336894","NOMBREDM":"ACUMULACION TANTAHUATAY; LA INQUISICION; MINCOSA;\nTANTAHUATAY N\u00ba 25","TITULARDM":"COMPA\u00d1IA DE MINAS BUENAVENTURA S.A.A.; COMPA\u00d1IA MINERA COIMOLACHE S.A.; MINERA INCOGNITA S.A.; S.M.R.L. EL SINCHAO DE CAJAMARCA","RESPONSABLE":"---","GENERADOR":"NO IDENTIFICADO","ESTUDIOAMB":"---","N":"1964"},"geometry":{"type":"Point","coordinates":[-78.6597,-6.72182]}},{"type":"Feature","properties":{"Name":"LABOR MINERA","description":"","OBJECTID":"536","PROVINCIA":"HUALGAYOC","DISTRITO":"CHUGUR","CUENCA":"LLAUCANO","ZONA":"17","EXUNIDAD":"CHUGUR (LLAUCANO)","TIPO":"LABOR MINERA","SUBTIPO":"TAJO","REGION":"CAJAMARCA","ESTE":"758741","NORTE":"9256299","CODIGODM":"010000510L; 03000417X01;\n010012572U; 010336894","NOMBREDM":"ACUMULACION TANTAHUATAY; LA INCOGNITA; MINCOSA;\nTANTAHUATAY N\u00ba 25","TITULARDM":"COMPA\u00d1IA DE MINAS BUENAVENTURA S.A.A.; COMPA\u00d1IA MINERA COIMOLACHE S.A.; MINERA INCOGNITA S.A.; S.M.R.L. EL SINCHAO DE CAJAMARCA","RESPONSABLE":"---","GENERADOR":"NO IDENTIFICADO","ESTUDIOAMB":"---","N":"1965"},"geometry":{"type":"Point","coordinates":[-78.65941,-6.72259]}},{"type":"Feature","properties":{"Name":"INFRAESTRUCTURA","description":"","OBJECTID":"537","PROVINCIA":"HUALGAYOC","DISTRITO":"CHUGUR","CUENCA":"LLAUCANO","ZONA":"17","EXUNIDAD":"CHUGUR (LLAUCANO)","TIPO":"INFRAESTRUCTURA","SUBTIPO":"CAMPAMENTOS, OFICINAS, TALLERES","REGION":"CAJAMARCA","ESTE":"758712","NORTE":"9256378","CODIGODM":"010000510L; 03000372X01;\n010012572U; 010336894","NOMBREDM":"ACUMULACION TANTAHUATAY; LA INQUISICION; MINCOSA;\nTANTAHUATAY N\u00ba 25","TITULARDM":"COMPA\u00d1IA DE MINAS BUENAVENTURA S.A.A.; COMPA\u00d1IA MINERA COIMOLACHE S.A.; MINERA INCOGNITA S.A.; S.M.R.L. EL SINCHAO DE CAJAMARCA","RESPONSABLE":"---","GENERADOR":"NO IDENTIFICADO","ESTUDIOAMB":"---","N":"1966"},"geometry":{"type":"Point","coordinates":[-78.65967,-6.72187]}},{"type":"Feature","properties":{"Name":"INFRAESTRUCTURA","description":"","OBJECTID":"538","PROVINCIA":"HUALGAYOC","DISTRITO":"CHUGUR","CUENCA":"LLAUCANO","ZONA":"17","EXUNIDAD":"CHUGUR (LLAUCANO)","TIPO":"INFRAESTRUCTURA","SUBTIPO":"NO DETERMINADO","REGION":"CAJAMARCA","ESTE":"758643","NORTE":"9256480","CODIGODM":"010000510L; 03000372X01;\n010012572U; 010336894","NOMBREDM":"ACUMULACION TANTAHUATAY; LA INQUISICION; MINCOSA;\nTANTAHUATAY N\u00ba 25","TITULARDM":"COMPA\u00d1IA DE MINAS BUENAVENTURA S.A.A.; COMPA\u00d1IA MINERA COIMOLACHE S.A.; MINERA INCOGNITA S.A.; S.M.R.L. EL SINCHAO DE CAJAMARCA","RESPONSABLE":"---","GENERADOR":"NO IDENTIFICADO","ESTUDIOAMB":"---","N":"1967"},"geometry":{"type":"Point","coordinates":[-78.6603,-6.72096]}},{"type":"Feature","properties":{"Name":"LABOR MINERA","description":"","OBJECTID":"471","PROVINCIA":"HUALGAYOC","DISTRITO":"HUALGAYOC","CUENCA":"LLAUCANO","ZONA":"17","EXUNIDAD":"CERRO JESUS","TIPO":"LABOR MINERA","SUBTIPO":"BOCAMINA","REGION":"CAJAMARCA","ESTE":"764325","NORTE":"9252681","CODIGODM":"010261405; 03000362Y01;\n010009372U","NOMBREDM":"COLQUIRRUMI 60; MARTE; SAN AGUSTIN N\u00ba1","TITULARDM":"COMPA\u00d1IA MINERA COLQUIRRUMI S.A.; CONSOLIDADA DE HUALGAYOC S.A.","RESPONSABLE":"COMPA\u00d1IA MINERA COLQUIRRUMI\nS.A.","GENERADOR":"NO IDENTIFICADO","ESTUDIOAMB":"PCPAM DE LA UNIDAD MINERA COLQUIRRUMI -\"HUALGAYOC\"","N":"1900"},"geometry":{"type":"Point","coordinates":[-78.60876,-6.75504]}},{"type":"Feature","properties":{"Name":"LABOR MINERA","description":"","OBJECTID":"472","PROVINCIA":"HUALGAYOC","DISTRITO":"HUALGAYOC","CUENCA":"LLAUCANO","ZONA":"17","EXUNIDAD":"CERRO JESUS","TIPO":"LABOR MINERA","SUBTIPO":"BOCAMINA","REGION":"CAJAMARCA","ESTE":"764352","NORTE":"9252769","CODIGODM":"010261405; 03000362Y01","NOMBREDM":"COLQUIRRUMI 60; MARTE","TITULARDM":"COMPA\u00d1IA MINERA COLQUIRRUMI S.A.; CONSOLIDADA DE HUALGAYOC S.A.","RESPONSABLE":"COMPA\u00d1IA MINERA COLQUIRRUMI\nS.A.","GENERADOR":"NO IDENTIFICADO","ESTUDIOAMB":"PCPAM DE LA UNIDAD MINERA COLQUIRRUMI -\"HUALGAYOC\"","N":"1901"},"geometry":{"type":"Point","coordinates":[-78.60852,-6.75425]}},{"type":"Feature","properties":{"Name":"LABOR MINERA","description":"","OBJECTID":"473","PROVINCIA":"HUALGAYOC","DISTRITO":"HUALGAYOC","CUENCA":"LLAUCANO","ZONA":"17","EXUNIDAD":"CERRO JESUS","TIPO":"LABOR MINERA","SUBTIPO":"BOCAMINA","REGION":"CAJAMARCA","ESTE":"764355","NORTE":"9252701","CODIGODM":"010261405; 03000362Y01;\n010009372U","NOMBREDM":"COLQUIRRUMI 60; MARTE; SAN AGUSTIN N\u00ba1","TITULARDM":"COMPA\u00d1IA MINERA COLQUIRRUMI S.A.; CONSOLIDADA DE HUALGAYOC S.A.","RESPONSABLE":"COMPA\u00d1IA MINERA COLQUIRRUMI\nS.A.","GENERADOR":"NO IDENTIFICADO","ESTUDIOAMB":"PCPAM DE LA UNIDAD MINERA COLQUIRRUMI -\"HUALGAYOC\"","N":"1902"},"geometry":{"type":"Point","coordinates":[-78.60849,-6.75486]}},{"type":"Feature","properties":{"Name":"LABOR MINERA","description":"","OBJECTID":"474","PROVINCIA":"HUALGAYOC","DISTRITO":"HUALGAYOC","CUENCA":"LLAUCANO","ZONA":"17","EXUNIDAD":"CERRO JESUS","TIPO":"LABOR MINERA","SUBTIPO":"BOCAMINA","REGION":"CAJAMARCA","ESTE":"764329","NORTE":"9252877","CODIGODM":"010261405; 03001038X01;\n03000362Y01; 010009372U","NOMBREDM":"COLQUIRRUMI 60; JUNIN; MARTE; SAN AGUSTIN N\u00ba1","TITULARDM":"COMPA\u00d1IA MINERA COLQUIRRUMI S.A.; CONSOLIDADA DE HUALGAYOC S.A.","RESPONSABLE":"COMPA\u00d1IA MINERA COLQUIRRUMI\nS.A.","GENERADOR":"NO IDENTIFICADO","ESTUDIOAMB":"PCPAM DE LA UNIDAD MINERA COLQUIRRUMI -\"HUALGAYOC\"","N":"1903"},"geometry":{"type":"Point","coordinates":[-78.60874,-6.75327]}},{"type":"Feature","properties":{"Name":"LABOR MINERA","description":"","OBJECTID":"475","PROVINCIA":"HUALGAYOC","DISTRITO":"HUALGAYOC","CUENCA":"LLAUCANO","ZONA":"17","EXUNIDAD":"CERRO JESUS","TIPO":"LABOR MINERA","SUBTIPO":"BOCAMINA","REGION":"CAJAMARCA","ESTE":"763876","NORTE":"9252193","CODIGODM":"010236794; 03000365X01","NOMBREDM":"SAN JOSE N\u00ba 1; SEGUNDO SAN\nREMO","TITULARDM":"COMPA\u00d1IA MINERA COLQUIRRUMI S.A.; COMPA\u00d1IA MINERA NUEVA ITALIA S.A.;\nGOLD FIELDS LA CIMA S.A.A.; VIDALON PAREJA;  JAIME DAVID","RESPONSABLE":"---","GENERADOR":"NO IDENTIFICADO","ESTUDIOAMB":"---","N":"1904"},"geometry":{"type":"Point","coordinates":[-78.6128,-6.75947]}},{"type":"Feature","properties":{"Name":"LABOR MINERA","description":"","OBJECTID":"476","PROVINCIA":"HUALGAYOC","DISTRITO":"HUALGAYOC","CUENCA":"LLAUCANO","ZONA":"17","EXUNIDAD":"CERRO JESUS","TIPO":"LABOR MINERA","SUBTIPO":"BOCAMINA","REGION":"CAJAMARCA","ESTE":"764226","NORTE":"9252116","CODIGODM":"03000292X01; 010236794","NOMBREDM":"JUPITER; SAN JOSE N\u00ba 1","TITULARDM":"COMPA\u00d1IA MINERA COLQUIRRUMI S.A.; COMPA\u00d1IA MINERA NUEVA ITALIA S.A.;\nGOLD FIELDS LA CIMA S.A.A.; VIDALON PAREJA;  JAIME DAVID","RESPONSABLE":"---","GENERADOR":"NO IDENTIFICADO","ESTUDIOAMB":"---","N":"1905"},"geometry":{"type":"Point","coordinates":[-78.60963,-6.76015]}},{"type":"Feature","properties":{"Name":"LABOR MINERA","description":"","OBJECTID":"477","PROVINCIA":"HUALGAYOC","DISTRITO":"HUALGAYOC","CUENCA":"LLAUCANO","ZONA":"17","EXUNIDAD":"CERRO JESUS","TIPO":"LABOR MINERA","SUBTIPO":"BOCAMINA","REGION":"CAJAMARCA","ESTE":"764049","NORTE":"9252672","CODIGODM":"010261405; 03000731X01","NOMBREDM":"COLQUIRRUMI 60; PRESIDENTE LEGUIA","TITULARDM":"COMPA\u00d1IA MINERA COLQUIRRUMI S.A.; CONSOLIDADA DE HUALGAYOC S.A.;\nS.M.R.L. PRESIDENTE LEGUIA DE CAJAMARCA","RESPONSABLE":"COMPA\u00d1IA MINERA COLQUIRRUMI\nS.A.","GENERADOR":"NO IDENTIFICADO","ESTUDIOAMB":"PCPAM DE LA UNIDAD MINERA COLQUIRRUMI -\"HUALGAYOC\"","N":"1906"},"geometry":{"type":"Point","coordinates":[-78.61126,-6.75514]}},{"type":"Feature","properties":{"Name":"LABOR MINERA","description":"","OBJECTID":"478","PROVINCIA":"HUALGAYOC","DISTRITO":"HUALGAYOC","CUENCA":"LLAUCANO","ZONA":"17","EXUNIDAD":"CERRO JESUS","TIPO":"LABOR MINERA","SUBTIPO":"BOCAMINA","REGION":"CAJAMARCA","ESTE":"764426","NORTE":"9251896","CODIGODM":"0302212BX01; 010236794","NOMBREDM":"LAGO AL-2 (FRACCIONADO); SAN JOSE N\u00ba 1","TITULARDM":"COMPA\u00d1IA MINERA LOS MANTOS S.A.; GOLD FIELDS LA CIMA S.A.A.; VIDALON PAREJA;  JAIME DAVID","RESPONSABLE":"COMPA\u00d1IA MINERA COLQUIRRUMI\nS.A.","GENERADOR":"NO IDENTIFICADO","ESTUDIOAMB":"PCPAM DE LA UNIDAD MINERA COLQUIRRUMI -\"HUALGAYOC\"","N":"1907"},"geometry":{"type":"Point","coordinates":[-78.60782,-6.76213]}},{"type":"Feature","properties":{"Name":"LABOR MINERA","description":"","OBJECTID":"479","PROVINCIA":"HUALGAYOC","DISTRITO":"HUALGAYOC","CUENCA":"LLAUCANO","ZONA":"17","EXUNIDAD":"CERRO JESUS","TIPO":"LABOR MINERA","SUBTIPO":"BOCAMINA","REGION":"CAJAMARCA","ESTE":"764416","NORTE":"9251975","CODIGODM":"03002123X01; 010236794","NOMBREDM":"GUADALUPE N\u00ba 1; SAN JOSE N\u00ba 1","TITULARDM":"COMPA\u00d1IA MINERA COLQUIRRUMI S.A.; GOLD FIELDS LA CIMA S.A.A.; S.M.R.L.\nBENAVIDES N\u00ba1 DE CAJAMARCA; VIDALON PAREJA;  JAIME DAVID","RESPONSABLE":"---","GENERADOR":"NO IDENTIFICADO","ESTUDIOAMB":"---","N":"1908"},"geometry":{"type":"Point","coordinates":[-78.60791,-6.76142]}},{"type":"Feature","properties":{"Name":"LABOR MINERA","description":"","OBJECTID":"480","PROVINCIA":"HUALGAYOC","DISTRITO":"HUALGAYOC","CUENCA":"LLAUCANO","ZONA":"17","EXUNIDAD":"CERRO JESUS","TIPO":"LABOR MINERA","SUBTIPO":"BOCAMINA","REGION":"CAJAMARCA","ESTE":"764261","NORTE":"9252133","CODIGODM":"03000316X01; 010009372U;\n010236794","NOMBREDM":"ALTICIDORA; SAN AGUSTIN N\u00ba1;\nSAN JOSE N\u00ba 1","TITULARDM":"COMPA\u00d1IA MINERA COLQUIRRUMI S.A.; COMPA\u00d1IA MINERA NUEVA ITALIA S.A.;\nGOLD FIELDS LA CIMA S.A.A.; VIDALON PAREJA;  JAIME DAVID","RESPONSABLE":"---","GENERADOR":"NO IDENTIFICADO","ESTUDIOAMB":"---","N":"1909"},"geometry":{"type":"Point","coordinates":[-78.60932,-6.76]}},{"type":"Feature","properties":{"Name":"LABOR MINERA","description":"","OBJECTID":"481","PROVINCIA":"HUALGAYOC","DISTRITO":"HUALGAYOC","CUENCA":"LLAUCANO","ZONA":"17","EXUNIDAD":"CERRO JESUS","TIPO":"LABOR MINERA","SUBTIPO":"BOCAMINA","REGION":"CAJAMARCA","ESTE":"764181","NORTE":"9252473","CODIGODM":"03000273Y01; 010009372U;\n010236794","NOMBREDM":"ARANZAZU; SAN AGUSTIN N\u00ba1; SAN JOSE N\u00ba 1","TITULARDM":"COMPA\u00d1IA MINERA COLQUIRRUMI S.A.; COMPA\u00d1IA MINERA NUEVA ITALIA S.A.; GOLD FIELDS LA CIMA S.A.A.; VIDALON PAREJA;  JAIME DAVID","RESPONSABLE":"COMPA\u00d1IA MINERA COLQUIRRUMI\nS.A.","GENERADOR":"NO IDENTIFICADO","ESTUDIOAMB":"PCPAM DE LA UNIDAD MINERA COLQUIRRUMI -\"HUALGAYOC\"","N":"1910"},"geometry":{"type":"Point","coordinates":[-78.61006,-6.75693]}},{"type":"Feature","properties":{"Name":"LABOR MINERA","description":"","OBJECTID":"482","PROVINCIA":"HUALGAYOC","DISTRITO":"HUALGAYOC","CUENCA":"LLAUCANO","ZONA":"17","EXUNIDAD":"CERRO JESUS","TIPO":"LABOR MINERA","SUBTIPO":"BOCAMINA","REGION":"CAJAMARCA","ESTE":"764232","NORTE":"9252442","CODIGODM":"0302223AX01; 010236794","NOMBREDM":"COLINA A-3; SAN JOSE N\u00ba 1","TITULARDM":"COMPA\u00d1IA MINERA COLQUIRRUMI S.A.; CONSOLIDADA DE HUALGAYOC S.A.;\nGOLD FIELDS LA CIMA S.A.A.; VIDALON PAREJA;  JAIME DAVID","RESPONSABLE":"---","GENERADOR":"NO IDENTIFICADO","ESTUDIOAMB":"---","N":"1911"},"geometry":{"type":"Point","coordinates":[-78.60959,-6.75721]}},{"type":"Feature","properties":{"Name":"LABOR MINERA","description":"","OBJECTID":"483","PROVINCIA":"HUALGAYOC","DISTRITO":"HUALGAYOC","CUENCA":"LLAUCANO","ZONA":"17","EXUNIDAD":"CERRO JESUS","TIPO":"LABOR MINERA","SUBTIPO":"BOCAMINA","REGION":"CAJAMARCA","ESTE":"764245","NORTE":"9252363","CODIGODM":"03000127Y01; 010236794","NOMBREDM":"PILAR; SAN JOSE N\u00ba 1","TITULARDM":"GOLD FIELDS LA CIMA S.A.A.; S.M.R.L. PILAR DE CAJAMARCA; VIDALON PAREJA;\nJAIME DAVID","RESPONSABLE":"---","GENERADOR":"NO IDENTIFICADO","ESTUDIOAMB":"---","N":"1912"},"geometry":{"type":"Point","coordinates":[-78.60947,-6.75792]}},{"type":"Feature","properties":{"Name":"LABOR MINERA","description":"","OBJECTID":"484","PROVINCIA":"HUALGAYOC","DISTRITO":"HUALGAYOC","CUENCA":"LLAUCANO","ZONA":"17","EXUNIDAD":"CERRO JESUS","TIPO":"LABOR MINERA","SUBTIPO":"BOCAMINA","REGION":"CAJAMARCA","ESTE":"764343","NORTE":"9252343","CODIGODM":"03000127Y01; 010009372U;\n010236794","NOMBREDM":"PILAR; SAN AGUSTIN N\u00ba1; SAN\nJOSE N\u00ba 1","TITULARDM":"COMPA\u00d1IA MINERA COLQUIRRUMI S.A.; GOLD FIELDS LA CIMA S.A.A.; S.M.R.L.\nPILAR DE CAJAMARCA; VIDALON PAREJA;  JAIME DAVID","RESPONSABLE":"---","GENERADOR":"NO IDENTIFICADO","ESTUDIOAMB":"---","N":"1913"},"geometry":{"type":"Point","coordinates":[-78.60859,-6.7581]}},{"type":"Feature","properties":{"Name":"LABOR MINERA","description":"","OBJECTID":"485","PROVINCIA":"HUALGAYOC","DISTRITO":"HUALGAYOC","CUENCA":"LLAUCANO","ZONA":"17","EXUNIDAD":"CERRO JESUS","TIPO":"LABOR MINERA","SUBTIPO":"TAJO","REGION":"CAJAMARCA","ESTE":"764474","NORTE":"9252459","CODIGODM":"03000127Y01; 010236794","NOMBREDM":"PILAR; SAN JOSE N\u00ba 1","TITULARDM":"GOLD FIELDS LA CIMA S.A.A.; S.M.R.L. PILAR DE CAJAMARCA; VIDALON PAREJA; JAIME DAVID","RESPONSABLE":"COMPA\u00d1IA MINERA COLQUIRRUMI\nS.A.","GENERADOR":"NO IDENTIFICADO","ESTUDIOAMB":"PCPAM DE LA UNIDAD MINERA COLQUIRRUMI -\"HUALGAYOC\"","N":"1914"},"geometry":{"type":"Point","coordinates":[-78.60741,-6.75704]}},{"type":"Feature","properties":{"Name":"LABOR MINERA","description":"","OBJECTID":"486","PROVINCIA":"HUALGAYOC","DISTRITO":"HUALGAYOC","CUENCA":"LLAUCANO","ZONA":"17","EXUNIDAD":"CERRO JESUS","TIPO":"LABOR MINERA","SUBTIPO":"TAJO","REGION":"CAJAMARCA","ESTE":"764407","NORTE":"9252434","CODIGODM":"03000127Y01; 010236794","NOMBREDM":"PILAR; SAN JOSE N\u00ba 1","TITULARDM":"GOLD FIELDS LA CIMA S.A.A.; S.M.R.L. PILAR DE CAJAMARCA; VIDALON PAREJA; JAIME DAVID","RESPONSABLE":"COMPA\u00d1IA MINERA COLQUIRRUMI\nS.A.","GENERADOR":"NO IDENTIFICADO","ESTUDIOAMB":"PCPAM DE LA UNIDAD MINERA COLQUIRRUMI -\"HUALGAYOC\"","N":"1915"},"geometry":{"type":"Point","coordinates":[-78.60801,-6.75727]}},{"type":"Feature","properties":{"Name":"RESIDUO MINERO","description":"","OBJECTID":"487","PROVINCIA":"HUALGAYOC","DISTRITO":"HUALGAYOC","CUENCA":"LLAUCANO","ZONA":"17","EXUNIDAD":"CERRO JESUS","TIPO":"RESIDUO MINERO","SUBTIPO":"DESMONTE DE MINA","REGION":"CAJAMARCA","ESTE":"764203","NORTE":"9252473","CODIGODM":"03000273Y01; 010009372U;\n010236794","NOMBREDM":"ARANZAZU; SAN AGUSTIN N\u00ba1; SAN JOSE N\u00ba 1","TITULARDM":"COMPA\u00d1IA MINERA COLQUIRRUMI S.A.; COMPA\u00d1IA MINERA NUEVA ITALIA S.A.; GOLD FIELDS LA CIMA S.A.A.; VIDALON PAREJA;  JAIME DAVID","RESPONSABLE":"COMPA\u00d1IA MINERA COLQUIRRUMI\nS.A.","GENERADOR":"NO IDENTIFICADO","ESTUDIOAMB":"PCPAM DE LA UNIDAD MINERA COLQUIRRUMI -\"HUALGAYOC\"","N":"1916"},"geometry":{"type":"Point","coordinates":[-78.60986,-6.75693]}},{"type":"Feature","properties":{"Name":"RESIDUO MINERO","description":"","OBJECTID":"488","PROVINCIA":"HUALGAYOC","DISTRITO":"HUALGAYOC","CUENCA":"LLAUCANO","ZONA":"17","EXUNIDAD":"CERRO JESUS","TIPO":"RESIDUO MINERO","SUBTIPO":"DESMONTE DE MINA","REGION":"CAJAMARCA","ESTE":"764258","NORTE":"9252135","CODIGODM":"03000316X01; 010009372U;\n010236794","NOMBREDM":"ALTICIDORA; SAN AGUSTIN N\u00ba1;\nSAN JOSE N\u00ba 1","TITULARDM":"COMPA\u00d1IA MINERA COLQUIRRUMI S.A.; COMPA\u00d1IA MINERA NUEVA ITALIA S.A.;\nGOLD FIELDS LA CIMA S.A.A.; VIDALON PAREJA;  JAIME DAVID","RESPONSABLE":"---","GENERADOR":"NO IDENTIFICADO","ESTUDIOAMB":"---","N":"1917"},"geometry":{"type":"Point","coordinates":[-78.60934,-6.75998]}},{"type":"Feature","properties":{"Name":"RESIDUO MINERO","description":"","OBJECTID":"489","PROVINCIA":"HUALGAYOC","DISTRITO":"HUALGAYOC","CUENCA":"LLAUCANO","ZONA":"17","EXUNIDAD":"CERRO JESUS","TIPO":"RESIDUO MINERO","SUBTIPO":"DESMONTE DE MINA","REGION":"CAJAMARCA","ESTE":"764050","NORTE":"9252651","CODIGODM":"010261405; 03000731X01","NOMBREDM":"COLQUIRRUMI 60; PRESIDENTE LEGUIA","TITULARDM":"COMPA\u00d1IA MINERA COLQUIRRUMI S.A.; CONSOLIDADA DE HUALGAYOC S.A.;\nS.M.R.L. PRESIDENTE LEGUIA DE CAJAMARCA","RESPONSABLE":"COMPA\u00d1IA MINERA COLQUIRRUMI\nS.A.","GENERADOR":"NO IDENTIFICADO","ESTUDIOAMB":"PCPAM DE LA UNIDAD MINERA COLQUIRRUMI -\"HUALGAYOC\"","N":"1918"},"geometry":{"type":"Point","coordinates":[-78.61125,-6.75533]}},{"type":"Feature","properties":{"Name":"RESIDUO MINERO","description":"","OBJECTID":"490","PROVINCIA":"HUALGAYOC","DISTRITO":"HUALGAYOC","CUENCA":"LLAUCANO","ZONA":"17","EXUNIDAD":"CERRO JESUS","TIPO":"RESIDUO MINERO","SUBTIPO":"DESMONTE DE MINA","REGION":"CAJAMARCA","ESTE":"764426","NORTE":"9251896","CODIGODM":"0302212BX01; 010236794","NOMBREDM":"LAGO AL-2 (FRACCIONADO); SAN JOSE N\u00ba 1","TITULARDM":"COMPA\u00d1IA MINERA LOS MANTOS S.A.; GOLD FIELDS LA CIMA S.A.A.; VIDALON PAREJA;  JAIME DAVID","RESPONSABLE":"COMPA\u00d1IA MINERA COLQUIRRUMI\nS.A.","GENERADOR":"NO IDENTIFICADO","ESTUDIOAMB":"PCPAM DE LA UNIDAD MINERA COLQUIRRUMI -\"HUALGAYOC\"","N":"1919"},"geometry":{"type":"Point","coordinates":[-78.60782,-6.76213]}},{"type":"Feature","properties":{"Name":"RESIDUO MINERO","description":"","OBJECTID":"491","PROVINCIA":"HUALGAYOC","DISTRITO":"HUALGAYOC","CUENCA":"LLAUCANO","ZONA":"17","EXUNIDAD":"CERRO JESUS","TIPO":"RESIDUO MINERO","SUBTIPO":"DESMONTE DE MINA","REGION":"CAJAMARCA","ESTE":"764416","NORTE":"9252442","CODIGODM":"0302212DX01; 010236794","NOMBREDM":"LAGO AL-4 (FRACCIONADO); SAN JOSE N\u00ba 1","TITULARDM":"COMPA\u00d1IA MINERA LOS MANTOS S.A.; GOLD FIELDS LA CIMA S.A.A.; VIDALON PAREJA;  JAIME DAVID","RESPONSABLE":"COMPA\u00d1IA MINERA COLQUIRRUMI\nS.A.","GENERADOR":"NO IDENTIFICADO","ESTUDIOAMB":"PCPAM DE LA UNIDAD MINERA COLQUIRRUMI -\"HUALGAYOC\"","N":"1920"},"geometry":{"type":"Point","coordinates":[-78.60793,-6.7572]}},{"type":"Feature","properties":{"Name":"RESIDUO MINERO","description":"","OBJECTID":"492","PROVINCIA":"HUALGAYOC","DISTRITO":"HUALGAYOC","CUENCA":"LLAUCANO","ZONA":"17","EXUNIDAD":"CERRO JESUS","TIPO":"RESIDUO MINERO","SUBTIPO":"DESMONTE DE MINA","REGION":"CAJAMARCA","ESTE":"764497","NORTE":"9252596","CODIGODM":"03001048X01; 010009372U;\n010236794","NOMBREDM":"LIBERTAD; SAN AGUSTIN N\u00ba1; SAN\nJOSE N\u00ba 1","TITULARDM":"COMPA\u00d1IA MINERA COLQUIRRUMI S.A.; CONSOLIDADA DE HUALGAYOC S.A.;\nGOLD FIELDS LA CIMA S.A.A.; VIDALON PAREJA;  JAIME DAVID","RESPONSABLE":"---","GENERADOR":"NO IDENTIFICADO","ESTUDIOAMB":"---","N":"1921"},"geometry":{"type":"Point","coordinates":[-78.6072,-6.7558]}},{"type":"Feature","properties":{"Name":"LABOR MINERA","description":"","OBJECTID":"493","PROVINCIA":"HUALGAYOC","DISTRITO":"HUALGAYOC","CUENCA":"LLAUCANO","ZONA":"17","EXUNIDAD":"CERRO JESUS","TIPO":"LABOR MINERA","SUBTIPO":"BOCAMINA","REGION":"CAJAMARCA","ESTE":"764495","NORTE":"9252592","CODIGODM":"03001048X01; 010009372U;\n010236794","NOMBREDM":"LIBERTAD; SAN AGUSTIN N\u00ba1; SAN\nJOSE N\u00ba 1","TITULARDM":"COMPA\u00d1IA MINERA COLQUIRRUMI S.A.; CONSOLIDADA DE HUALGAYOC S.A.;\nGOLD FIELDS LA CIMA S.A.A.; VIDALON PAREJA;  JAIME DAVID","RESPONSABLE":"---","GENERADOR":"NO IDENTIFICADO","ESTUDIOAMB":"---","N":"1922"},"geometry":{"type":"Point","coordinates":[-78.60722,-6.75584]}},{"type":"Feature","properties":{"Name":"RESIDUO MINERO","description":"","OBJECTID":"494","PROVINCIA":"HUALGAYOC","DISTRITO":"HUALGAYOC","CUENCA":"LLAUCANO","ZONA":"17","EXUNIDAD":"CERRO JESUS","TIPO":"RESIDUO MINERO","SUBTIPO":"DESMONTE DE MINA","REGION":"CAJAMARCA","ESTE":"763887","NORTE":"9252191","CODIGODM":"0302223AX01; 010236794","NOMBREDM":"COLINA A-3; SAN JOSE N\u00ba 1","TITULARDM":"COMPA\u00d1IA MINERA COLQUIRRUMI S.A.; CONSOLIDADA DE HUALGAYOC S.A.;\nGOLD FIELDS LA CIMA S.A.A.; VIDALON PAREJA;  JAIME DAVID","RESPONSABLE":"---","GENERADOR":"NO IDENTIFICADO","ESTUDIOAMB":"---","N":"1923"},"geometry":{"type":"Point","coordinates":[-78.6127,-6.75949]}},{"type":"Feature","properties":{"Name":"LABOR MINERA","description":"","OBJECTID":"495","PROVINCIA":"HUALGAYOC","DISTRITO":"HUALGAYOC","CUENCA":"LLAUCANO","ZONA":"17","EXUNIDAD":"CERRO JESUS","TIPO":"LABOR MINERA","SUBTIPO":"BOCAMINA","REGION":"CAJAMARCA","ESTE":"764482","NORTE":"9252398","CODIGODM":"0302212DX01; 010236794","NOMBREDM":"LAGO AL-4 (FRACCIONADO); SAN\nJOSE N\u00ba 1","TITULARDM":"COMPA\u00d1IA MINERA LOS MANTOS S.A.; GOLD FIELDS LA CIMA S.A.A.; VIDALON\nPAREJA;  JAIME DAVID","RESPONSABLE":"---","GENERADOR":"NO IDENTIFICADO","ESTUDIOAMB":"---","N":"1924"},"geometry":{"type":"Point","coordinates":[-78.60733,-6.75759]}},{"type":"Feature","properties":{"Name":"LABOR MINERA","description":"","OBJECTID":"496","PROVINCIA":"HUALGAYOC","DISTRITO":"HUALGAYOC","CUENCA":"LLAUCANO","ZONA":"17","EXUNIDAD":"CERRO JESUS","TIPO":"LABOR MINERA","SUBTIPO":"BOCAMINA","REGION":"CAJAMARCA","ESTE":"763960","NORTE":"9252267","CODIGODM":"0302223AX01; 010236794","NOMBREDM":"COLINA A-3; SAN JOSE N\u00ba 1","TITULARDM":"COMPA\u00d1IA MINERA COLQUIRRUMI S.A.; CONSOLIDADA DE HUALGAYOC S.A.; GOLD FIELDS LA CIMA S.A.A.; VIDALON PAREJA;  JAIME DAVID","RESPONSABLE":"COMPA\u00d1IA MINERA COLQUIRRUMI\nS.A.","GENERADOR":"NO IDENTIFICADO","ESTUDIOAMB":"PCPAM DE LA UNIDAD MINERA COLQUIRRUMI -\"HUALGAYOC\"","N":"1925"},"geometry":{"type":"Point","coordinates":[-78.61205,-6.7588]}},{"type":"Feature","properties":{"Name":"RESIDUO MINERO","description":"","OBJECTID":"497","PROVINCIA":"HUALGAYOC","DISTRITO":"HUALGAYOC","CUENCA":"LLAUCANO","ZONA":"17","EXUNIDAD":"CERRO JESUS","TIPO":"RESIDUO MINERO","SUBTIPO":"DESMONTE DE MINA","REGION":"CAJAMARCA","ESTE":"763960","NORTE":"9252267","CODIGODM":"0302223AX01; 010236794","NOMBREDM":"COLINA A-3; SAN JOSE N\u00ba 1","TITULARDM":"COMPA\u00d1IA MINERA COLQUIRRUMI S.A.; CONSOLIDADA DE HUALGAYOC S.A.; GOLD FIELDS LA CIMA S.A.A.; VIDALON PAREJA;  JAIME DAVID","RESPONSABLE":"COMPA\u00d1IA MINERA COLQUIRRUMI\nS.A.","GENERADOR":"NO IDENTIFICADO","ESTUDIOAMB":"PCPAM DE LA UNIDAD MINERA COLQUIRRUMI -\"HUALGAYOC\"","N":"1926"},"geometry":{"type":"Point","coordinates":[-78.61205,-6.7588]}},{"type":"Feature","properties":{"Name":"RESIDUO MINERO","description":"","OBJECTID":"498","PROVINCIA":"HUALGAYOC","DISTRITO":"CHUGUR","CUENCA":"LLAUCANO","ZONA":"17","EXUNIDAD":"CHUGUR (LLAUCANO)","TIPO":"RESIDUO MINERO","SUBTIPO":"RELAVES","REGION":"CAJAMARCA","ESTE":"758337","NORTE":"9256571","CODIGODM":"010336894","NOMBREDM":"TANTAHUATAY N\u00ba 25","TITULARDM":"COMPA\u00d1IA DE MINAS BUENAVENTURA S.A.A.","RESPONSABLE":"ACTIVOS\nMINEROS S.A.C.","GENERADOR":"NO IDENTIFICADO","ESTUDIOAMB":"---","N":"1927"},"geometry":{"type":"Point","coordinates":[-78.66307,-6.72015]}},{"type":"Feature","properties":{"Name":"INFRAESTRUCTURA","description":"","OBJECTID":"499","PROVINCIA":"HUALGAYOC","DISTRITO":"CHUGUR","CUENCA":"LLAUCANO","ZONA":"17","EXUNIDAD":"CHUGUR (LLAUCANO)","TIPO":"INFRAESTRUCTURA","SUBTIPO":"PLANTAS DE PROCESAMIENTO","REGION":"CAJAMARCA","ESTE":"758286","NORTE":"9256474","CODIGODM":"03002951X01; 010336894","NOMBREDM":"PROVEEDORA N\u00ba 2-D;\nTANTAHUATAY N\u00ba 25","TITULARDM":"COMPA\u00d1IA DE MINAS BUENAVENTURA S.A.A.; COMPA\u00d1IA MINERA COIMOLACHE\nS.A.; COMPA\u00d1IA MINERA COLQUIRRUMI S.A.","RESPONSABLE":"ACTIVOS\nMINEROS S.A.C.","GENERADOR":"NO IDENTIFICADO","ESTUDIOAMB":"---","N":"1928"},"geometry":{"type":"Point","coordinates":[-78.66353,-6.72103]}},{"type":"Feature","properties":{"Name":"INFRAESTRUCTURA","description":"","OBJECTID":"500","PROVINCIA":"HUALGAYOC","DISTRITO":"CHUGUR","CUENCA":"LLAUCANO","ZONA":"17","EXUNIDAD":"CHUGUR (LLAUCANO)","TIPO":"INFRAESTRUCTURA","SUBTIPO":"PATIOS DE TESTIGOS DE PERFORACION DIAMANTINA","REGION":"CAJAMARCA","ESTE":"758343","NORTE":"9256377","CODIGODM":"03001219X01; 010336894","NOMBREDM":"NAPOLEON; TANTAHUATAY N\u00ba 25","TITULARDM":"COMPA\u00d1IA DE MINAS BUENAVENTURA S.A.A.; CORDOVA URBINA;  MARIA MERCEDES; CORPORACION MINERA SINCHAO S.A.C.; DALLA PORTA CORDOVA; GERARDO; DALLA PORTA CORDOVA;  GINO MARCELO; DALLA PORTA CORDOVA; HUMBERTO MARIANO; DALLA PORTA CORDOVA;  JORGE; DALLA PORTA","RESPONSABLE":"---","GENERADOR":"NO IDENTIFICADO","ESTUDIOAMB":"---","N":"1929"},"geometry":{"type":"Point","coordinates":[-78.66301,-6.7219]}},{"type":"Feature","properties":{"Name":"LABOR MINERA","description":"","OBJECTID":"501","PROVINCIA":"HUALGAYOC","DISTRITO":"CHUGUR","CUENCA":"LLAUCANO","ZONA":"17","EXUNIDAD":"CHUGUR (LLAUCANO)","TIPO":"LABOR MINERA","SUBTIPO":"TAJO","REGION":"CAJAMARCA","ESTE":"758635","NORTE":"9256373","CODIGODM":"03000372X01; 010012572U;\n010336894","NOMBREDM":"LA INQUISICION; MINCOSA;\nTANTAHUATAY N\u00ba 25","TITULARDM":"COMPA\u00d1IA DE MINAS BUENAVENTURA S.A.A.; MINERA INCOGNITA S.A.; S.M.R.L.\nEL SINCHAO DE CAJAMARCA","RESPONSABLE":"---","GENERADOR":"NO IDENTIFICADO","ESTUDIOAMB":"---","N":"1930"},"geometry":{"type":"Point","coordinates":[-78.66037,-6.72192]}},{"type":"Feature","properties":{"Name":"LABOR MINERA","description":"","OBJECTID":"502","PROVINCIA":"HUALGAYOC","DISTRITO":"CHUGUR","CUENCA":"LLAUCANO","ZONA":"17","EXUNIDAD":"CHUGUR (LLAUCANO)","TIPO":"LABOR MINERA","SUBTIPO":"TAJO","REGION":"CAJAMARCA","ESTE":"758286","NORTE":"9256630","CODIGODM":"010336894","NOMBREDM":"TANTAHUATAY N\u00ba 25","TITULARDM":"COMPA\u00d1IA DE MINAS BUENAVENTURA S.A.A.","RESPONSABLE":"ACTIVOS\nMINEROS S.A.C.","GENERADOR":"NO IDENTIFICADO","ESTUDIOAMB":"---","N":"1931"},"geometry":{"type":"Point","coordinates":[-78.66354,-6.71962]}},{"type":"Feature","properties":{"Name":"RESIDUO MINERO","description":"","OBJECTID":"503","PROVINCIA":"HUALGAYOC","DISTRITO":"CHUGUR","CUENCA":"LLAUCANO","ZONA":"17","EXUNIDAD":"CHUGUR (LLAUCANO)","TIPO":"RESIDUO MINERO","SUBTIPO":"DESMONTE DE MINA","REGION":"CAJAMARCA","ESTE":"758498","NORTE":"9256451","CODIGODM":"03001797X01; 010012572U;\n010336894","NOMBREDM":"DEMASIA INQUISICION; MINCOSA; TANTAHUATAY N\u00ba 25","TITULARDM":"COMPA\u00d1IA DE MINAS BUENAVENTURA S.A.A.; CORPORACION MINERA SINCHAO\nS.A.C.; KORI ANTA S.A.C.; MINERA INCOGNITA S.A.; SOUTHERN LEGACY PERU S.A.C.","RESPONSABLE":"---","GENERADOR":"NO IDENTIFICADO","ESTUDIOAMB":"---","N":"1932"},"geometry":{"type":"Point","coordinates":[-78.66161,-6.72122]}},{"type":"Feature","properties":{"Name":"RESIDUO MINERO","description":"","OBJECTID":"504","PROVINCIA":"HUALGAYOC","DISTRITO":"CHUGUR","CUENCA":"LLAUCANO","ZONA":"17","EXUNIDAD":"CHUGUR (LLAUCANO)","TIPO":"RESIDUO MINERO","SUBTIPO":"DESMONTE DE MINA","REGION":"CAJAMARCA","ESTE":"758274","NORTE":"9256683","CODIGODM":"03000042X01; 010336894","NOMBREDM":"MARIA EUGENIA; TANTAHUATAY\nN\u00ba 25","TITULARDM":"COMPA\u00d1IA DE MINAS BUENAVENTURA S.A.A.; MINAS DEL SINCHAO S.A.; S.M.R.L.\nRITA MARGOT DE CAJAMARCA","RESPONSABLE":"---","GENERADOR":"NO IDENTIFICADO","ESTUDIOAMB":"---","N":"1933"},"geometry":{"type":"Point","coordinates":[-78.66365,-6.71914]}},{"type":"Feature","properties":{"Name":"RESIDUO MINERO","description":"","OBJECTID":"505","PROVINCIA":"HUALGAYOC","DISTRITO":"CHUGUR","CUENCA":"LLAUCANO","ZONA":"17","EXUNIDAD":"CHUGUR (LLAUCANO)","TIPO":"RESIDUO MINERO","SUBTIPO":"DESMONTE DE MINA","REGION":"CAJAMARCA","ESTE":"758601","NORTE":"9256351","CODIGODM":"03000372X01; 010012572U;\n010336894","NOMBREDM":"LA INQUISICION; MINCOSA;\nTANTAHUATAY N\u00ba 25","TITULARDM":"COMPA\u00d1IA DE MINAS BUENAVENTURA S.A.A.; MINERA INCOGNITA S.A.; S.M.R.L.\nEL SINCHAO DE CAJAMARCA","RESPONSABLE":"---","GENERADOR":"NO IDENTIFICADO","ESTUDIOAMB":"---","N":"1934"},"geometry":{"type":"Point","coordinates":[-78.66068,-6.72212]}},{"type":"Feature","properties":{"Name":"RESIDUO MINERO","description":"","OBJECTID":"506","PROVINCIA":"HUALGAYOC","DISTRITO":"CHUGUR","CUENCA":"LLAUCANO","ZONA":"17","EXUNIDAD":"CHUGUR (LLAUCANO)","TIPO":"RESIDUO MINERO","SUBTIPO":"DESMONTE DE MINA","REGION":"CAJAMARCA","ESTE":"758375","NORTE":"9256460","CODIGODM":"010336894","NOMBREDM":"TANTAHUATAY N\u00ba 25","TITULARDM":"COMPA\u00d1IA DE MINAS BUENAVENTURA S.A.A.","RESPONSABLE":"ACTIVOS\nMINEROS S.A.C.","GENERADOR":"NO IDENTIFICADO","ESTUDIOAMB":"---","N":"1935"},"geometry":{"type":"Point","coordinates":[-78.66272,-6.72115]}},{"type":"Feature","properties":{"Name":"RESIDUO MINERO","description":"","OBJECTID":"507","PROVINCIA":"HUALGAYOC","DISTRITO":"CHUGUR","CUENCA":"LLAUCANO","ZONA":"17","EXUNIDAD":"CHUGUR (LLAUCANO)","TIPO":"RESIDUO MINERO","SUBTIPO":"DESMONTE DE MINA","REGION":"CAJAMARCA","ESTE":"758949","NORTE":"9256205","CODIGODM":"03000417X01; 010012572U;\n010336894","NOMBREDM":"LA INCOGNITA; MINCOSA;\nTANTAHUATAY N\u00ba 25","TITULARDM":"COMPA\u00d1IA DE MINAS BUENAVENTURA S.A.A.; MINERA INCOGNITA S.A.; S.M.R.L.\nEL SINCHAO DE CAJAMARCA","RESPONSABLE":"ACTIVOS\nMINEROS S.A.C.","GENERADOR":"NO IDENTIFICADO","ESTUDIOAMB":"---","N":"1936"},"geometry":{"type":"Point","coordinates":[-78.65752,-6.72343]}},{"type":"Feature","properties":{"Name":"RESIDUO MINERO","description":"","OBJECTID":"508","PROVINCIA":"HUALGAYOC","DISTRITO":"CHUGUR","CUENCA":"LLAUCANO","ZONA":"17","EXUNIDAD":"CHUGUR (LLAUCANO)","TIPO":"RESIDUO MINERO","SUBTIPO":"DESMONTE DE MINA","REGION":"CAJAMARCA","ESTE":"758878","NORTE":"9256016","CODIGODM":"03000057X01; 010336894","NOMBREDM":"SINCHAO N\u00ba 3; TANTAHUATAY N\u00ba 25","TITULARDM":"COMPA\u00d1IA DE MINAS BUENAVENTURA S.A.A.; CORPORACION MINERA SINCHAO S.A.C.; EL MISTI GOLD S.A.C.; KORI ANTA S.A.C.; MINERA ABX EXPLORACIONES\nS.A.; SOUTHERN LEGACY PERU S.A.C.","RESPONSABLE":"ACTIVOS MINEROS S.A.C.","GENERADOR":"NO IDENTIFICADO","ESTUDIOAMB":"---","N":"1937"},"geometry":{"type":"Point","coordinates":[-78.65816,-6.72514]}},{"type":"Feature","properties":{"Name":"LABOR MINERA","description":"","OBJECTID":"509","PROVINCIA":"HUALGAYOC","DISTRITO":"CHUGUR","CUENCA":"LLAUCANO","ZONA":"17","EXUNIDAD":"CHUGUR (LLAUCANO)","TIPO":"LABOR MINERA","SUBTIPO":"BOCAMINA","REGION":"CAJAMARCA","ESTE":"758875","NORTE":"9256000","CODIGODM":"03000057X01; 010336894","NOMBREDM":"SINCHAO N\u00ba 3; TANTAHUATAY N\u00ba 25","TITULARDM":"COMPA\u00d1IA DE MINAS BUENAVENTURA S.A.A.; CORPORACION MINERA SINCHAO S.A.C.; EL MISTI GOLD S.A.C.; KORI ANTA S.A.C.; MINERA ABX EXPLORACIONES\nS.A.; SOUTHERN LEGACY PERU S.A.C.","RESPONSABLE":"ACTIVOS MINEROS S.A.C.","GENERADOR":"NO IDENTIFICADO","ESTUDIOAMB":"---","N":"1938"},"geometry":{"type":"Point","coordinates":[-78.65818,-6.72528]}},{"type":"Feature","properties":{"Name":"LABOR MINERA","description":"","OBJECTID":"510","PROVINCIA":"HUALGAYOC","DISTRITO":"CHUGUR","CUENCA":"LLAUCANO","ZONA":"17","EXUNIDAD":"CHUGUR (LLAUCANO)","TIPO":"LABOR MINERA","SUBTIPO":"BOCAMINA","REGION":"CAJAMARCA","ESTE":"758939","NORTE":"9256205","CODIGODM":"03000417X01; 010012572U;\n010336894","NOMBREDM":"LA INCOGNITA; MINCOSA;\nTANTAHUATAY N\u00ba 25","TITULARDM":"COMPA\u00d1IA DE MINAS BUENAVENTURA S.A.A.; MINERA INCOGNITA S.A.; S.M.R.L.\nEL SINCHAO DE CAJAMARCA","RESPONSABLE":"ACTIVOS\nMINEROS S.A.C.","GENERADOR":"NO IDENTIFICADO","ESTUDIOAMB":"---","N":"1939"},"geometry":{"type":"Point","coordinates":[-78.65761,-6.72343]}},{"type":"Feature","properties":{"Name":"LABOR MINERA","description":"","OBJECTID":"511","PROVINCIA":"HUALGAYOC","DISTRITO":"CHUGUR","CUENCA":"LLAUCANO","ZONA":"17","EXUNIDAD":"CHUGUR (LLAUCANO)","TIPO":"LABOR MINERA","SUBTIPO":"BOCAMINA","REGION":"CAJAMARCA","ESTE":"758725","NORTE":"9256461","CODIGODM":"03000372X01; 010012572U;\n010336894","NOMBREDM":"LA INQUISICION; MINCOSA;\nTANTAHUATAY N\u00ba 25","TITULARDM":"COMPA\u00d1IA DE MINAS BUENAVENTURA S.A.A.; MINERA INCOGNITA S.A.; S.M.R.L.\nEL SINCHAO DE CAJAMARCA","RESPONSABLE":"ACTIVOS\nMINEROS S.A.C.","GENERADOR":"NO IDENTIFICADO","ESTUDIOAMB":"---","N":"1940"},"geometry":{"type":"Point","coordinates":[-78.65956,-6.72112]}},{"type":"Feature","properties":{"Name":"LABOR MINERA","description":"","OBJECTID":"512","PROVINCIA":"HUALGAYOC","DISTRITO":"CHUGUR","CUENCA":"LLAUCANO","ZONA":"17","EXUNIDAD":"CHUGUR (LLAUCANO)","TIPO":"LABOR MINERA","SUBTIPO":"BOCAMINA","REGION":"CAJAMARCA","ESTE":"758292","NORTE":"9256484","CODIGODM":"010336894","NOMBREDM":"TANTAHUATAY N\u00ba 25","TITULARDM":"COMPA\u00d1IA DE MINAS BUENAVENTURA S.A.A.","RESPONSABLE":"ACTIVOS\nMINEROS S.A.C.","GENERADOR":"NO IDENTIFICADO","ESTUDIOAMB":"---","N":"1941"},"geometry":{"type":"Point","coordinates":[-78.66347,-6.72093]}},{"type":"Feature","properties":{"Name":"LABOR MINERA","description":"","OBJECTID":"513","PROVINCIA":"HUALGAYOC","DISTRITO":"CHUGUR","CUENCA":"LLAUCANO","ZONA":"17","EXUNIDAD":"CHUGUR (LLAUCANO)","TIPO":"LABOR MINERA","SUBTIPO":"BOCAMINA","REGION":"CAJAMARCA","ESTE":"758514","NORTE":"9256501","CODIGODM":"03000042X01; 010012572U;\n010336894","NOMBREDM":"MARIA EUGENIA; MINCOSA;\nTANTAHUATAY N\u00ba 25","TITULARDM":"COMPA\u00d1IA DE MINAS BUENAVENTURA S.A.A.; MINAS DEL SINCHAO S.A.; MINERA\nINCOGNITA S.A.; S.M.R.L. RITA MARGOT DE CAJAMARCA","RESPONSABLE":"ACTIVOS\nMINEROS S.A.C.","GENERADOR":"NO IDENTIFICADO","ESTUDIOAMB":"---","N":"1942"},"geometry":{"type":"Point","coordinates":[-78.66147,-6.72077]}},{"type":"Feature","properties":{"Name":"LABOR MINERA","description":"","OBJECTID":"514","PROVINCIA":"HUALGAYOC","DISTRITO":"CHUGUR","CUENCA":"LLAUCANO","ZONA":"17","EXUNIDAD":"CHUGUR (LLAUCANO)","TIPO":"LABOR MINERA","SUBTIPO":"BOCAMINA","REGION":"CAJAMARCA","ESTE":"758283","NORTE":"9256640","CODIGODM":"010336894","NOMBREDM":"TANTAHUATAY N\u00ba 25","TITULARDM":"COMPA\u00d1IA DE MINAS BUENAVENTURA S.A.A.","RESPONSABLE":"ACTIVOS\nMINEROS S.A.C.","GENERADOR":"NO IDENTIFICADO","ESTUDIOAMB":"---","N":"1943"},"geometry":{"type":"Point","coordinates":[-78.66356,-6.71953]}},{"type":"Feature","properties":{"Name":"LABOR MINERA","description":"","OBJECTID":"515","PROVINCIA":"HUALGAYOC","DISTRITO":"CHUGUR","CUENCA":"LLAUCANO","ZONA":"17","EXUNIDAD":"CHUGUR (LLAUCANO)","TIPO":"LABOR MINERA","SUBTIPO":"BOCAMINA","REGION":"CAJAMARCA","ESTE":"758364","NORTE":"9256454","CODIGODM":"010000293U; 010336894","NOMBREDM":"COIMOLACHE N\u00ba 2;\nTANTAHUATAY N\u00ba 25","TITULARDM":"COMPA\u00d1IA DE MINAS BUENAVENTURA S.A.A.; COMPA\u00d1IA MINERA COIMOLACHE\nS.A.","RESPONSABLE":"ACTIVOS\nMINEROS S.A.C.","GENERADOR":"NO IDENTIFICADO","ESTUDIOAMB":"---","N":"1944"},"geometry":{"type":"Point","coordinates":[-78.66282,-6.7212]}},{"type":"Feature","properties":{"Name":"LABOR MINERA","description":"","OBJECTID":"516","PROVINCIA":"HUALGAYOC","DISTRITO":"CHUGUR","CUENCA":"LLAUCANO","ZONA":"17","EXUNIDAD":"CHUGUR (LLAUCANO)","TIPO":"LABOR MINERA","SUBTIPO":"PIQUE","REGION":"CAJAMARCA","ESTE":"758715","NORTE":"9256324","CODIGODM":"010000510L; 03001797X01;\n010012572U; 0303539BX01;\n0303539AX01; 010336894","NOMBREDM":"ACUMULACION TANTAHUATAY; DEMASIA INQUISICION; MINCOSA; MIRTHA VI; PAMPA DE SINCHAO- M.C; TANTAHUATAY N\u00ba 25","TITULARDM":"BUENO ESPARZA;  MIRTHA DEL ROSARIO; COMPA\u00d1IA DE MINAS BUENAVENTURA S.A.A.; COMPA\u00d1IA MINERA COIMOLACHE S.A.; COMPA\u00d1IA MINERA SANTA RITA S.A.; CORPORACION MINERA SINCHAO S.A.C.; KORI ANTA S.A.C.; MINERA INCOGNITA S.A.; SOCIEDAD MINERA CAROLINA S.A.; SOU","RESPONSABLE":"---","GENERADOR":"NO IDENTIFICADO","ESTUDIOAMB":"---","N":"1945"},"geometry":{"type":"Point","coordinates":[-78.65964,-6.72236]}},{"type":"Feature","properties":{"Name":"LABOR MINERA","description":"","OBJECTID":"517","PROVINCIA":"HUALGAYOC","DISTRITO":"CHUGUR","CUENCA":"LLAUCANO","ZONA":"17","EXUNIDAD":"CHUGUR (LLAUCANO)","TIPO":"LABOR MINERA","SUBTIPO":"PIQUE","REGION":"CAJAMARCA","ESTE":"758373","NORTE":"9256862","CODIGODM":"010000510L; 03000042X01;\n010336894; 010053898","NOMBREDM":"ACUMULACION TANTAHUATAY; MARIA EUGENIA; TANTAHUATAY N\u00ba 25; VALLE SINCHAO","TITULARDM":"COMPA\u00d1IA DE MINAS BUENAVENTURA S.A.A.; COMPA\u00d1IA MINERA COIMOLACHE S.A.; EL MISTI GOLD S.A.; MINAS DEL SINCHAO S.A.; S.M.R.L. RITA MARGOT DE CAJAMARCA","RESPONSABLE":"---","GENERADOR":"NO IDENTIFICADO","ESTUDIOAMB":"---","N":"1946"},"geometry":{"type":"Point","coordinates":[-78.66276,-6.71751]}},{"type":"Feature","properties":{"Name":"LABOR MINERA","description":"","OBJECTID":"518","PROVINCIA":"HUALGAYOC","DISTRITO":"CHUGUR","CUENCA":"LLAUCANO","ZONA":"17","EXUNIDAD":"CHUGUR (LLAUCANO)","TIPO":"LABOR MINERA","SUBTIPO":"TAJO","REGION":"CAJAMARCA","ESTE":"758610","NORTE":"9256113","CODIGODM":"010000510L; 03000134X01;\n010336894","NOMBREDM":"ACUMULACION TANTAHUATAY; RITA MARGOT; TANTAHUATAY N\u00ba\n25","TITULARDM":"COMPA\u00d1IA DE MINAS BUENAVENTURA S.A.A.; COMPA\u00d1IA MINERA COIMOLACHE S.A.; MINAS DEL SINCHAO S.A.; S.M.R.L. RITA MARGOT DE CAJAMARCA","RESPONSABLE":"---","GENERADOR":"NO IDENTIFICADO","ESTUDIOAMB":"---","N":"1947"},"geometry":{"type":"Point","coordinates":[-78.66058,-6.72427]}},{"type":"Feature","properties":{"Name":"RESIDUO MINERO","description":"","OBJECTID":"519","PROVINCIA":"HUALGAYOC","DISTRITO":"CHUGUR","CUENCA":"LLAUCANO","ZONA":"17","EXUNIDAD":"CHUGUR (LLAUCANO)","TIPO":"RESIDUO MINERO","SUBTIPO":"DESMONTE DE MINA","REGION":"CAJAMARCA","ESTE":"758612","NORTE":"9256132","CODIGODM":"010000510L; 03000134X01;\n010336894","NOMBREDM":"ACUMULACION TANTAHUATAY; RITA MARGOT; TANTAHUATAY N\u00ba\n25","TITULARDM":"COMPA\u00d1IA DE MINAS BUENAVENTURA S.A.A.; COMPA\u00d1IA MINERA COIMOLACHE S.A.; MINAS DEL SINCHAO S.A.; S.M.R.L. RITA MARGOT DE CAJAMARCA","RESPONSABLE":"---","GENERADOR":"NO IDENTIFICADO","ESTUDIOAMB":"---","N":"1948"},"geometry":{"type":"Point","coordinates":[-78.66057,-6.7241]}},{"type":"Feature","properties":{"Name":"RESIDUO MINERO","description":"","OBJECTID":"520","PROVINCIA":"HUALGAYOC","DISTRITO":"CHUGUR","CUENCA":"LLAUCANO","ZONA":"17","EXUNIDAD":"CHUGUR (LLAUCANO)","TIPO":"RESIDUO MINERO","SUBTIPO":"DESMONTE DE MINA","REGION":"CAJAMARCA","ESTE":"758419","NORTE":"9256292","CODIGODM":"010000510L; 03001219X01;\n010336894","NOMBREDM":"ACUMULACION TANTAHUATAY; NAPOLEON; TANTAHUATAY N\u00ba 25","TITULARDM":"COMPA\u00d1IA DE MINAS BUENAVENTURA S.A.A.; COMPA\u00d1IA MINERA COIMOLACHE S.A.; CORDOVA URBINA;  MARIA MERCEDES; CORPORACION MINERA SINCHAO S.A.C.; DALLA PORTA CORDOVA;  GERARDO; DALLA PORTA CORDOVA;  GINO MARCELO; DALLA PORTA CORDOVA;  HUMBERTO MARIANO; DALLA","RESPONSABLE":"---","GENERADOR":"NO IDENTIFICADO","ESTUDIOAMB":"---","N":"1949"},"geometry":{"type":"Point","coordinates":[-78.66232,-6.72266]}},{"type":"Feature","properties":{"Name":"RESIDUO MINERO","description":"","OBJECTID":"521","PROVINCIA":"HUALGAYOC","DISTRITO":"CHUGUR","CUENCA":"LLAUCANO","ZONA":"17","EXUNIDAD":"CHUGUR (LLAUCANO)","TIPO":"RESIDUO MINERO","SUBTIPO":"DESMONTE DE MINA","REGION":"CAJAMARCA","ESTE":"758286","NORTE":"9256307","CODIGODM":"010000510L; 03001219X01;\n010336894","NOMBREDM":"ACUMULACION TANTAHUATAY; NAPOLEON; TANTAHUATAY N\u00ba 25","TITULARDM":"COMPA\u00d1IA DE MINAS BUENAVENTURA S.A.A.; COMPA\u00d1IA MINERA COIMOLACHE S.A.; CORDOVA URBINA;  MARIA MERCEDES; CORPORACION MINERA SINCHAO S.A.C.; DALLA PORTA CORDOVA;  GERARDO; DALLA PORTA CORDOVA;  GINO MARCELO; DALLA PORTA CORDOVA;  HUMBERTO MARIANO; DALLA","RESPONSABLE":"---","GENERADOR":"NO IDENTIFICADO","ESTUDIOAMB":"---","N":"1950"},"geometry":{"type":"Point","coordinates":[-78.66352,-6.72254]}},{"type":"Feature","properties":{"Name":"RESIDUO MINERO","description":"","OBJECTID":"522","PROVINCIA":"HUALGAYOC","DISTRITO":"CHUGUR","CUENCA":"LLAUCANO","ZONA":"17","EXUNIDAD":"CHUGUR (LLAUCANO)","TIPO":"RESIDUO MINERO","SUBTIPO":"DESMONTE DE MINA","REGION":"CAJAMARCA","ESTE":"758058","NORTE":"9256501","CODIGODM":"010000510L; 010336894","NOMBREDM":"ACUMULACION TANTAHUATAY;\nTANTAHUATAY N\u00ba 25","TITULARDM":"COMPA\u00d1IA DE MINAS BUENAVENTURA S.A.A.; COMPA\u00d1IA MINERA COIMOLACHE\nS.A.","RESPONSABLE":"---","GENERADOR":"NO IDENTIFICADO","ESTUDIOAMB":"---","N":"1951"},"geometry":{"type":"Point","coordinates":[-78.66559,-6.72079]}},{"type":"Feature","properties":{"Name":"RESIDUO MINERO","description":"","OBJECTID":"523","PROVINCIA":"HUALGAYOC","DISTRITO":"CHUGUR","CUENCA":"LLAUCANO","ZONA":"17","EXUNIDAD":"CHUGUR (LLAUCANO)","TIPO":"RESIDUO MINERO","SUBTIPO":"MATERIAL DE DESBROCE","REGION":"CAJAMARCA","ESTE":"758191","NORTE":"9256406","CODIGODM":"010000510L; 010336894;\n03000032X01","NOMBREDM":"ACUMULACION TANTAHUATAY;\nTANTAHUATAY N\u00ba 25; VIRUCA","TITULARDM":"COMPA\u00d1IA DE MINAS BUENAVENTURA S.A.A.; COMPA\u00d1IA MINERA COIMOLACHE\nS.A.; S.M.R.L. VIRUCA DE CAJAMARCA","RESPONSABLE":"---","GENERADOR":"NO IDENTIFICADO","ESTUDIOAMB":"---","N":"1952"},"geometry":{"type":"Point","coordinates":[-78.66438,-6.72164]}},{"type":"Feature","properties":{"Name":"RESIDUO MINERO","description":"","OBJECTID":"524","PROVINCIA":"HUALGAYOC","DISTRITO":"CHUGUR","CUENCA":"LLAUCANO","ZONA":"17","EXUNIDAD":"CHUGUR (LLAUCANO)","TIPO":"RESIDUO MINERO","SUBTIPO":"DESMONTE DE MINA","REGION":"CAJAMARCA","ESTE":"758726","NORTE":"9256331","CODIGODM":"010000510L; 03000308Y01;\n010012572U; 010336894","NOMBREDM":"ACUMULACION TANTAHUATAY; EL SINCHAO; MINCOSA;\nTANTAHUATAY N\u00ba 25","TITULARDM":"COMPA\u00d1IA DE MINAS BUENAVENTURA S.A.A.; COMPA\u00d1IA MINERA COIMOLACHE S.A.; MINERA INCOGNITA S.A.; S.M.R.L. EL SINCHAO DE CAJAMARCA","RESPONSABLE":"---","GENERADOR":"NO IDENTIFICADO","ESTUDIOAMB":"---","N":"1953"},"geometry":{"type":"Point","coordinates":[-78.65954,-6.7223]}},{"type":"Feature","properties":{"Name":"RESIDUO MINERO","description":"","OBJECTID":"525","PROVINCIA":"HUALGAYOC","DISTRITO":"CHUGUR","CUENCA":"LLAUCANO","ZONA":"17","EXUNIDAD":"CHUGUR (LLAUCANO)","TIPO":"RESIDUO MINERO","SUBTIPO":"DESMONTE DE MINA","REGION":"CAJAMARCA","ESTE":"758343","NORTE":"9256821","CODIGODM":"010000510L; 03000372X01;\n010012572U; 010336894","NOMBREDM":"ACUMULACION TANTAHUATAY; LA INQUISICION; MINCOSA;\nTANTAHUATAY N\u00ba 25","TITULARDM":"COMPA\u00d1IA DE MINAS BUENAVENTURA S.A.A.; COMPA\u00d1IA MINERA COIMOLACHE S.A.; MINERA INCOGNITA S.A.; S.M.R.L. EL SINCHAO DE CAJAMARCA","RESPONSABLE":"---","GENERADOR":"NO IDENTIFICADO","ESTUDIOAMB":"---","N":"1954"},"geometry":{"type":"Point","coordinates":[-78.66303,-6.71789]}},{"type":"Feature","properties":{"Name":"LABOR MINERA","description":"","OBJECTID":"526","PROVINCIA":"HUALGAYOC","DISTRITO":"CHUGUR","CUENCA":"LLAUCANO","ZONA":"17","EXUNIDAD":"CHUGUR (LLAUCANO)","TIPO":"LABOR MINERA","SUBTIPO":"BOCAMINA","REGION":"CAJAMARCA","ESTE":"758733","NORTE":"9256382","CODIGODM":"010000510L; 03000308Y01;\n010012572U; 010336894","NOMBREDM":"ACUMULACION TANTAHUATAY; EL SINCHAO; MINCOSA;\nTANTAHUATAY N\u00ba 25","TITULARDM":"COMPA\u00d1IA DE MINAS BUENAVENTURA S.A.A.; COMPA\u00d1IA MINERA COIMOLACHE S.A.; MINERA INCOGNITA S.A.; S.M.R.L. EL SINCHAO DE CAJAMARCA","RESPONSABLE":"---","GENERADOR":"NO IDENTIFICADO","ESTUDIOAMB":"---","N":"1955"},"geometry":{"type":"Point","coordinates":[-78.65948,-6.72184]}},{"type":"Feature","properties":{"Name":"LABOR MINERA","description":"","OBJECTID":"527","PROVINCIA":"HUALGAYOC","DISTRITO":"CHUGUR","CUENCA":"LLAUCANO","ZONA":"17","EXUNIDAD":"CHUGUR (LLAUCANO)","TIPO":"LABOR MINERA","SUBTIPO":"BOCAMINA","REGION":"CAJAMARCA","ESTE":"758727","NORTE":"9256385","CODIGODM":"010000510L; 03000372X01;\n010012572U; 010336894","NOMBREDM":"ACUMULACION TANTAHUATAY; LA INQUISICION; MINCOSA;\nTANTAHUATAY N\u00ba 25","TITULARDM":"COMPA\u00d1IA DE MINAS BUENAVENTURA S.A.A.; COMPA\u00d1IA MINERA COIMOLACHE S.A.; MINERA INCOGNITA S.A.; S.M.R.L. EL SINCHAO DE CAJAMARCA","RESPONSABLE":"---","GENERADOR":"NO IDENTIFICADO","ESTUDIOAMB":"---","N":"1956"},"geometry":{"type":"Point","coordinates":[-78.65954,-6.72181]}},{"type":"Feature","properties":{"Name":"LABOR MINERA","description":"","OBJECTID":"528","PROVINCIA":"HUALGAYOC","DISTRITO":"CHUGUR","CUENCA":"LLAUCANO","ZONA":"17","EXUNIDAD":"CHUGUR (LLAUCANO)","TIPO":"LABOR MINERA","SUBTIPO":"PIQUE","REGION":"CAJAMARCA","ESTE":"758589","NORTE":"9256766","CODIGODM":"010000510L; 03000042X01;\n010336894; 010053898","NOMBREDM":"ACUMULACION TANTAHUATAY; MARIA EUGENIA; TANTAHUATAY N\u00ba 25; VALLE SINCHAO","TITULARDM":"COMPA\u00d1IA DE MINAS BUENAVENTURA S.A.A.; COMPA\u00d1IA MINERA COIMOLACHE S.A.; EL MISTI GOLD S.A.; MINAS DEL SINCHAO S.A.; S.M.R.L. RITA MARGOT DE CAJAMARCA","RESPONSABLE":"---","GENERADOR":"NO IDENTIFICADO","ESTUDIOAMB":"---","N":"1957"},"geometry":{"type":"Point","coordinates":[-78.6608,-6.71837]}},{"type":"Feature","properties":{"Name":"RESIDUO MINERO","description":"","OBJECTID":"529","PROVINCIA":"HUALGAYOC","DISTRITO":"CHUGUR","CUENCA":"LLAUCANO","ZONA":"17","EXUNIDAD":"CHUGUR (LLAUCANO)","TIPO":"RESIDUO MINERO","SUBTIPO":"DESMONTE DE MINA","REGION":"CAJAMARCA","ESTE":"758711","NORTE":"9256460","CODIGODM":"010000510L; 03000042X01;\n010336894; 010053898","NOMBREDM":"ACUMULACION TANTAHUATAY; MARIA EUGENIA; TANTAHUATAY N\u00ba 25; VALLE SINCHAO","TITULARDM":"COMPA\u00d1IA DE MINAS BUENAVENTURA S.A.A.; COMPA\u00d1IA MINERA COIMOLACHE S.A.; EL MISTI GOLD S.A.; MINAS DEL SINCHAO S.A.; S.M.R.L. RITA MARGOT DE CAJAMARCA","RESPONSABLE":"---","GENERADOR":"NO IDENTIFICADO","ESTUDIOAMB":"---","N":"1958"},"geometry":{"type":"Point","coordinates":[-78.65969,-6.72113]}},{"type":"Feature","properties":{"Name":"LABOR MINERA","description":"","OBJECTID":"548","PROVINCIA":"HUALGAYOC","DISTRITO":"CHUGUR","CUENCA":"LLAUCANO","ZONA":"17","EXUNIDAD":"CHUGUR (LLAUCANO)","TIPO":"LABOR MINERA","SUBTIPO":"PIQUE","REGION":"CAJAMARCA","ESTE":"758776","NORTE":"9256286","CODIGODM":"010000510L; 03000417X01;\n010012572U; 010336894","NOMBREDM":"ACUMULACION TANTAHUATAY; LA INCOGNITA; MINCOSA;\nTANTAHUATAY N\u00ba 25","TITULARDM":"COMPA\u00d1IA DE MINAS BUENAVENTURA S.A.A.; COMPA\u00d1IA MINERA COIMOLACHE S.A.; MINERA INCOGNITA S.A.; S.M.R.L. EL SINCHAO DE CAJAMARCA","RESPONSABLE":"---","GENERADOR":"NO IDENTIFICADO","ESTUDIOAMB":"---","N":"1977"},"geometry":{"type":"Point","coordinates":[-78.65909,-6.7227]}},{"type":"Feature","properties":{"Name":"RESIDUO MINERO","description":"","OBJECTID":"549","PROVINCIA":"HUALGAYOC","DISTRITO":"CHUGUR","CUENCA":"LLAUCANO","ZONA":"17","EXUNIDAD":"CHUGUR (LLAUCANO)","TIPO":"RESIDUO MINERO","SUBTIPO":"DESMONTE DE MINA","REGION":"CAJAMARCA","ESTE":"757535","NORTE":"9257392","CODIGODM":"010000510L; 03000380X01;\n010012572U; 03003689X01;\n010269694; 010053898","NOMBREDM":"ACUMULACION TANTAHUATAY; EL CLAVEL; MINCOSA; PERLA NEGRA N\u00ba 14; TANTAHUATAY N\u00ba 23;\nVALLE SINCHAO","TITULARDM":"COMPA\u00d1IA DE MINAS BUENAVENTURA S.A.A.; COMPA\u00d1IA MINERA COIMOLACHE S.A.; CORPORACION MINERA SINCHAO S.A.C.; EL MISTI GOLD S.A.; KORI ANTA S.A.C.; MINERA INCOGNITA S.A.; SOUTHERN LEGACY PERU S.A.C.","RESPONSABLE":"---","GENERADOR":"NO IDENTIFICADO","ESTUDIOAMB":"---","N":"1978"},"geometry":{"type":"Point","coordinates":[-78.67036,-6.71276]}},{"type":"Feature","properties":{"Name":"LABOR MINERA","description":"","OBJECTID":"550","PROVINCIA":"HUALGAYOC","DISTRITO":"CHUGUR","CUENCA":"LLAUCANO","ZONA":"17","EXUNIDAD":"CHUGUR (LLAUCANO)","TIPO":"LABOR MINERA","SUBTIPO":"BOCAMINA","REGION":"CAJAMARCA","ESTE":"757471","NORTE":"9257948","CODIGODM":"010000510L; 010272997;\n03000382X01; 010012572U;\n03003689X01","NOMBREDM":"ACUMULACION TANTAHUATAY; MEMO 2; MINA VERDECITA;\nMINCOSA; PERLA NEGRA N\u00ba 14","TITULARDM":"COMPA\u00d1IA DE MINAS BUENAVENTURA S.A.A.; COMPA\u00d1IA MINERA COIMOLACHE S.A.; CORPORACION MINERA SINCHAO S.A.C.; KORI ANTA S.A.C.; MINERA\nINCOGNITA S.A.; SOUTHERN LEGACY PERU S.A.C.","RESPONSABLE":"---","GENERADOR":"NO IDENTIFICADO","ESTUDIOAMB":"---","N":"1979"},"geometry":{"type":"Point","coordinates":[-78.67096,-6.70774]}},{"type":"Feature","properties":{"Name":"RESIDUO MINERO","description":"","OBJECTID":"551","PROVINCIA":"HUALGAYOC","DISTRITO":"CHUGUR","CUENCA":"LLAUCANO","ZONA":"17","EXUNIDAD":"CHUGUR (LLAUCANO)","TIPO":"RESIDUO MINERO","SUBTIPO":"DESMONTE DE MINA","REGION":"CAJAMARCA","ESTE":"757454","NORTE":"9257939","CODIGODM":"010000510L; 010272997;\n03000382X01; 010012572U;\n03003689X01","NOMBREDM":"ACUMULACION TANTAHUATAY; MEMO 2; MINA VERDECITA;\nMINCOSA; PERLA NEGRA N\u00ba 14","TITULARDM":"COMPA\u00d1IA DE MINAS BUENAVENTURA S.A.A.; COMPA\u00d1IA MINERA COIMOLACHE S.A.; CORPORACION MINERA SINCHAO S.A.C.; KORI ANTA S.A.C.; MINERA\nINCOGNITA S.A.; SOUTHERN LEGACY PERU S.A.C.","RESPONSABLE":"---","GENERADOR":"NO IDENTIFICADO","ESTUDIOAMB":"---","N":"1980"},"geometry":{"type":"Point","coordinates":[-78.67111,-6.70782]}},{"type":"Feature","properties":{"Name":"LABOR MINERA","description":"","OBJECTID":"552","PROVINCIA":"HUALGAYOC","DISTRITO":"CHUGUR","CUENCA":"LLAUCANO","ZONA":"17","EXUNIDAD":"CHUGUR (LLAUCANO)","TIPO":"LABOR MINERA","SUBTIPO":"PIQUE","REGION":"CAJAMARCA","ESTE":"758583","NORTE":"9256924","CODIGODM":"010000510L; 03000375X01;\n010336894; 010053898","NOMBREDM":"ACUMULACION TANTAHUATAY; MARIA EUGENIA N\u00ba 1; TANTAHUATAY N\u00ba 25; VALLE\nSINCHAO","TITULARDM":"COMPA\u00d1IA DE MINAS BUENAVENTURA S.A.A.; COMPA\u00d1IA MINERA COIMOLACHE S.A.; EL MISTI GOLD S.A.; MINAS DEL SINCHAO S.A.; S.M.R.L. RITA MARGOT DE CAJAMARCA","RESPONSABLE":"---","GENERADOR":"NO IDENTIFICADO","ESTUDIOAMB":"---","N":"1981"},"geometry":{"type":"Point","coordinates":[-78.66086,-6.71695]}},{"type":"Feature","properties":{"Name":"LABOR MINERA","description":"","OBJECTID":"553","PROVINCIA":"HUALGAYOC","DISTRITO":"CHUGUR","CUENCA":"LLAUCANO","ZONA":"17","EXUNIDAD":"CHUGUR (LLAUCANO)","TIPO":"LABOR MINERA","SUBTIPO":"PIQUE","REGION":"CAJAMARCA","ESTE":"758483","NORTE":"9256850","CODIGODM":"010000510L; 03000042X01;\n010336894; 010053898","NOMBREDM":"ACUMULACION TANTAHUATAY; MARIA EUGENIA; TANTAHUATAY N\u00ba 25; VALLE SINCHAO","TITULARDM":"COMPA\u00d1IA DE MINAS BUENAVENTURA S.A.A.; COMPA\u00d1IA MINERA COIMOLACHE S.A.; EL MISTI GOLD S.A.; MINAS DEL SINCHAO S.A.; S.M.R.L. RITA MARGOT DE CAJAMARCA","RESPONSABLE":"---","GENERADOR":"NO IDENTIFICADO","ESTUDIOAMB":"---","N":"1982"},"geometry":{"type":"Point","coordinates":[-78.66176,-6.71762]}},{"type":"Feature","properties":{"Name":"LABOR MINERA","description":"","OBJECTID":"554","PROVINCIA":"HUALGAYOC","DISTRITO":"CHUGUR","CUENCA":"LLAUCANO","ZONA":"17","EXUNIDAD":"CHUGUR (LLAUCANO)","TIPO":"LABOR MINERA","SUBTIPO":"BOCAMINA","REGION":"CAJAMARCA","ESTE":"758772","NORTE":"9256785","CODIGODM":"010000510L; 010336894","NOMBREDM":"ACUMULACION TANTAHUATAY;\nTANTAHUATAY N\u00ba 25","TITULARDM":"COMPA\u00d1IA DE MINAS BUENAVENTURA S.A.A.; COMPA\u00d1IA MINERA COIMOLACHE\nS.A.","RESPONSABLE":"---","GENERADOR":"NO IDENTIFICADO","ESTUDIOAMB":"---","N":"1983"},"geometry":{"type":"Point","coordinates":[-78.65915,-6.71819]}},{"type":"Feature","properties":{"Name":"RESIDUO MINERO","description":"","OBJECTID":"555","PROVINCIA":"HUALGAYOC","DISTRITO":"CHUGUR","CUENCA":"LLAUCANO","ZONA":"17","EXUNIDAD":"CHUGUR (LLAUCANO)","TIPO":"RESIDUO MINERO","SUBTIPO":"DESMONTE DE MINA","REGION":"CAJAMARCA","ESTE":"758763","NORTE":"9256782","CODIGODM":"010000510L; 010336894","NOMBREDM":"ACUMULACION TANTAHUATAY;\nTANTAHUATAY N\u00ba 25","TITULARDM":"COMPA\u00d1IA DE MINAS BUENAVENTURA S.A.A.; COMPA\u00d1IA MINERA COIMOLACHE\nS.A.","RESPONSABLE":"---","GENERADOR":"NO IDENTIFICADO","ESTUDIOAMB":"---","N":"1984"},"geometry":{"type":"Point","coordinates":[-78.65923,-6.71822]}},{"type":"Feature","properties":{"Name":"RESIDUO MINERO","description":"","OBJECTID":"556","PROVINCIA":"HUALGAYOC","DISTRITO":"CHUGUR","CUENCA":"LLAUCANO","ZONA":"17","EXUNIDAD":"CHUGUR (LLAUCANO)","TIPO":"RESIDUO MINERO","SUBTIPO":"DESMONTE DE MINA","REGION":"CAJAMARCA","ESTE":"758928","NORTE":"9256555","CODIGODM":"010000510L; 010000978U;\n03000111X01; 010336894","NOMBREDM":"ACUMULACION TANTAHUATAY; COLORADA; SAN NICOLAS;\nTANTAHUATAY N\u00ba 25","TITULARDM":"COMPA\u00d1IA DE MINAS BUENAVENTURA S.A.A.; COMPA\u00d1IA MINERA COIMOLACHE S.A.; COMPA\u00d1IA MINERA SAN NICOLAS S.A.; S.M.R.L. SAN NICOLAS DE\nCAJAMARCA","RESPONSABLE":"---","GENERADOR":"NO IDENTIFICADO","ESTUDIOAMB":"---","N":"1985"},"geometry":{"type":"Point","coordinates":[-78.65773,-6.72027]}},{"type":"Feature","properties":{"Name":"INFRAESTRUCTURA","description":"","OBJECTID":"602","PROVINCIA":"HUALGAYOC","DISTRITO":"HUALGAYOC","CUENCA":"LLAUCANO","ZONA":"17","EXUNIDAD":"EL DORADO (LLAUCANO)","TIPO":"INFRAESTRUCTURA","SUBTIPO":"CAMPAMENTOS, OFICINAS, TALLERES","REGION":"CAJAMARCA","ESTE":"765841","NORTE":"9252059","CODIGODM":"03001196X01; 010778195","NOMBREDM":"EL IMAN; SAN JOSE N\u00ba 1-A","TITULARDM":"GOLD FIELDS LA CIMA S.A.A.; SANTOLALLA BERNAL;  ELOY U; SANTOLALLA ESTELA; ALBERTO HECTOR; SANTOLALLA ESTELA;  HECTOR LUIS; SANTOLALLA ESTELA; MARINA LUZ; SANTOLALLA ESTELA;  RODOLFO ELOY; SANTOLALLA SANCHEZ; CLARA CELESTINA; S.M.R.L. EL IMAN; VIDALON PA","RESPONSABLE":"ACTIVOS MINEROS S.A.C.","GENERADOR":"NO IDENTIFICADO","ESTUDIOAMB":"PLAN DE CIERRE DE 64 PASIVOS AMBIENTALES EL DORADO","N":"2031"},"geometry":{"type":"Point","coordinates":[-78.59503,-6.7606]}},{"type":"Feature","properties":{"Name":"RESIDUO MINERO","description":"","OBJECTID":"603","PROVINCIA":"HUALGAYOC","DISTRITO":"HUALGAYOC","CUENCA":"LLAUCANO","ZONA":"17","EXUNIDAD":"EL DORADO (LLAUCANO)","TIPO":"RESIDUO MINERO","SUBTIPO":"MATERIAL DE DESBROCE","REGION":"CAJAMARCA","ESTE":"765823","NORTE":"9252074","CODIGODM":"03001196X01; 010778195","NOMBREDM":"EL IMAN; SAN JOSE N\u00ba 1-A","TITULARDM":"GOLD FIELDS LA CIMA S.A.A.; SANTOLALLA BERNAL;  ELOY U; SANTOLALLA ESTELA; ALBERTO HECTOR; SANTOLALLA ESTELA;  HECTOR LUIS; SANTOLALLA ESTELA; MARINA LUZ; SANTOLALLA ESTELA;  RODOLFO ELOY; SANTOLALLA SANCHEZ; CLARA CELESTINA; S.M.R.L. EL IMAN; VIDALON PA","RESPONSABLE":"---","GENERADOR":"NO IDENTIFICADO","ESTUDIOAMB":"---","N":"2032"},"geometry":{"type":"Point","coordinates":[-78.59519,-6.76046]}},{"type":"Feature","properties":{"Name":"LABOR MINERA","description":"","OBJECTID":"604","PROVINCIA":"HUALGAYOC","DISTRITO":"HUALGAYOC","CUENCA":"LLAUCANO","ZONA":"17","EXUNIDAD":"EL DORADO (LLAUCANO)","TIPO":"LABOR MINERA","SUBTIPO":"BOCAMINA","REGION":"CAJAMARCA","ESTE":"765469","NORTE":"9252542","CODIGODM":"03000351Y01; 010009372U;\n010236794","NOMBREDM":"HUAYNA CAPAC; SAN AGUSTIN\nN\u00ba1; SAN JOSE N\u00ba 1","TITULARDM":"COMPA\u00d1IA MINERA COLQUIRRUMI S.A.; CONSOLIDADA DE HUALGAYOC S.A.;\nGOLD FIELDS LA CIMA S.A.A.; VIDALON PAREJA;  JAIME DAVID","RESPONSABLE":"ACTIVOS\nMINEROS S.A.C.","GENERADOR":"NO IDENTIFICADO","ESTUDIOAMB":"PLAN DE CIERRE DE 64\nPASIVOS AMBIENTALES EL","N":"2033"},"geometry":{"type":"Point","coordinates":[-78.59841,-6.75625]}},{"type":"Feature","properties":{"Name":"LABOR MINERA","description":"","OBJECTID":"605","PROVINCIA":"HUALGAYOC","DISTRITO":"HUALGAYOC","CUENCA":"LLAUCANO","ZONA":"17","EXUNIDAD":"EL DORADO (LLAUCANO)","TIPO":"LABOR MINERA","SUBTIPO":"BOCAMINA","REGION":"CAJAMARCA","ESTE":"765982","NORTE":"9252362","CODIGODM":"010003686U; 03002852X01;\n010778195","NOMBREDM":"CONLASO; LAGO D-1; SAN JOSE N\u00ba 1-A","TITULARDM":"COMPA\u00d1IA MINERA CONLASO S.A.; COMPA\u00d1IA MINERA LOS MANTOS S.A.; GOLD FIELDS LA CIMA S.A.A.; SOLICITANTE DE UEA DESCONOCIDO; VIDALON PAREJA;\nJAIME DAVID","RESPONSABLE":"ACTIVOS MINEROS S.A.C.","GENERADOR":"IDENTIFICADO","ESTUDIOAMB":"PLAN DE CIERRE DE 64 PASIVOS AMBIENTALES EL\nDORADO","N":"2034"},"geometry":{"type":"Point","coordinates":[-78.59377,-6.75785]}},{"type":"Feature","properties":{"Name":"RESIDUO MINERO","description":"","OBJECTID":"606","PROVINCIA":"HUALGAYOC","DISTRITO":"HUALGAYOC","CUENCA":"LLAUCANO","ZONA":"17","EXUNIDAD":"EL DORADO (LLAUCANO)","TIPO":"RESIDUO MINERO","SUBTIPO":"DESMONTE DE MINA","REGION":"CAJAMARCA","ESTE":"766100","NORTE":"9252227","CODIGODM":"03001014X01; 010778195","NOMBREDM":"DORADO; SAN JOSE N\u00ba 1-A","TITULARDM":"COMPA\u00d1IA MINERA LOS MANTOS S.A.; GOLD FIELDS LA CIMA S.A.A.; SANTOLALLA BERNAL;  ELOY U; S.M.R.L. DORADO; VIDALON PAREJA;  JAIME DAVID","RESPONSABLE":"ACTIVOS MINEROS S.A.C.","GENERADOR":"NO IDENTIFICADO","ESTUDIOAMB":"PLAN DE CIERRE DE 64 PASIVOS AMBIENTALES EL\nDORADO","N":"2035"},"geometry":{"type":"Point","coordinates":[-78.59269,-6.75907]}},{"type":"Feature","properties":{"Name":"INFRAESTRUCTURA","description":"","OBJECTID":"607","PROVINCIA":"HUALGAYOC","DISTRITO":"HUALGAYOC","CUENCA":"LLAUCANO","ZONA":"17","EXUNIDAD":"EL DORADO (LLAUCANO)","TIPO":"INFRAESTRUCTURA","SUBTIPO":"PLANTAS DE PROCESAMIENTO","REGION":"CAJAMARCA","ESTE":"766038","NORTE":"9252127","CODIGODM":"03001061X01; 010778195","NOMBREDM":"CENTINELA; SAN JOSE N\u00ba 1-A","TITULARDM":"GOLD FIELDS LA CIMA S.A.A.; SANTOLALLA BERNAL;  ELOY U; SANTOLALLA ESTELA; ALBERTO HECTOR; SANTOLALLA ESTELA;  HECTOR LUIS; SANTOLALLA ESTELA; MARINA LUZ; SANTOLALLA ESTELA;  RODOLFO ELOY; SANTOLALLA SANCHEZ; CLARA CELESTINA; S.M.R.L. DORADO; VIDALON PAR","RESPONSABLE":"ACTIVOS MINEROS S.A.C.","GENERADOR":"NO IDENTIFICADO","ESTUDIOAMB":"PLAN DE CIERRE DE 64 PASIVOS AMBIENTALES EL DORADO","N":"2036"},"geometry":{"type":"Point","coordinates":[-78.59325,-6.75997]}},{"type":"Feature","properties":{"Name":"LABOR MINERA","description":"","OBJECTID":"608","PROVINCIA":"HUALGAYOC","DISTRITO":"HUALGAYOC","CUENCA":"LLAUCANO","ZONA":"17","EXUNIDAD":"EL DORADO (LLAUCANO)","TIPO":"LABOR MINERA","SUBTIPO":"BOCAMINA","REGION":"CAJAMARCA","ESTE":"766157","NORTE":"9252488","CODIGODM":"03002127X01; 010778195","NOMBREDM":"ORION N\u00ba 1; SAN JOSE N\u00ba 1-A","TITULARDM":"COMPA\u00d1IA MINERA COLQUIRRUMI S.A.; COMPA\u00d1IA MINERA LOS MANTOS S.A.; GOLD FIELDS LA CIMA S.A.A.; S.M.R.L. BENAVIDES N\u00ba1 DE CAJAMARCA; VIDALON\nPAREJA;  JAIME DAVID","RESPONSABLE":"ACTIVOS MINEROS S.A.C.","GENERADOR":"NO IDENTIFICADO","ESTUDIOAMB":"PLAN DE CIERRE DE 64 PASIVOS AMBIENTALES EL\nDORADO","N":"2037"},"geometry":{"type":"Point","coordinates":[-78.59219,-6.75671]}},{"type":"Feature","properties":{"Name":"RESIDUO MINERO","description":"","OBJECTID":"609","PROVINCIA":"HUALGAYOC","DISTRITO":"HUALGAYOC","CUENCA":"LLAUCANO","ZONA":"17","EXUNIDAD":"EL DORADO (LLAUCANO)","TIPO":"RESIDUO MINERO","SUBTIPO":"RELAVES","REGION":"CAJAMARCA","ESTE":"766720","NORTE":"9253225","CODIGODM":"03002274X01; DR0000028; DR0000027; 010009372U; 010460295","NOMBREDM":"COLQUIRRUMI N\u00ba 22; RELAVERA N\u00ba 2-A; RELAVERA 3; SAN AGUSTIN N\u00ba1; ZAIN","TITULARDM":"COMPA\u00d1IA MINERA COLQUIRRUMI S.A.; CONSOLIDADA DE HUALGAYOC S.A.; NEGOCIACION MINERA EMILIO MONTOYA ZAMBRANO S.A.; SUCESION EMILIO MONTOYA ZAMBRANO; ZARATE MIRANDA;  ALEJANDRO FRANCISCO","RESPONSABLE":"MINEM","GENERADOR":"NO IDENTIFICADO","ESTUDIOAMB":"PLAN DE CIERRE DE LA REMEDIACION DE 55 PASIVOS AMBIENTALES MINEROS LA\nTAHONA","N":"2038"},"geometry":{"type":"Point","coordinates":[-78.58713,-6.75002]}},{"type":"Feature","properties":{"Name":"LABOR MINERA","description":"","OBJECTID":"557","PROVINCIA":"HUALGAYOC","DISTRITO":"CHUGUR","CUENCA":"LLAUCANO","ZONA":"17","EXUNIDAD":"CHUGUR (LLAUCANO)","TIPO":"LABOR MINERA","SUBTIPO":"MEDIA BARRETA","REGION":"CAJAMARCA","ESTE":"759018","NORTE":"9256324","CODIGODM":"010000510L; 010000184U;\n010000978U; 03000111X01;\n010336894","NOMBREDM":"ACUMULACION TANTAHUATAY; CAROLINA N\u00ba1; COLORADA; SAN NICOLAS; TANTAHUATAY N\u00ba 25","TITULARDM":"COMPA\u00d1IA DE MINAS BUENAVENTURA S.A.A.; COMPA\u00d1IA MINERA COIMOLACHE S.A.; COMPA\u00d1IA MINERA SAN NICOLAS S.A.; GOLD FIELDS LA CIMA S.A.; S.M.R.L. SAN NICOLAS DE CAJAMARCA; SOCIEDAD MINERA CORONA S.A.; SOCIEDAD\nMINERA LA CIMA S.A.","RESPONSABLE":"---","GENERADOR":"NO IDENTIFICADO","ESTUDIOAMB":"---","N":"1986"},"geometry":{"type":"Point","coordinates":[-78.6569,-6.72235]}},{"type":"Feature","properties":{"Name":"LABOR MINERA","description":"","OBJECTID":"558","PROVINCIA":"HUALGAYOC","DISTRITO":"CHUGUR","CUENCA":"LLAUCANO","ZONA":"17","EXUNIDAD":"CHUGUR (LLAUCANO)","TIPO":"LABOR MINERA","SUBTIPO":"BOCAMINA","REGION":"CAJAMARCA","ESTE":"757429","NORTE":"9258077","CODIGODM":"010000510L; 010272997;\n03000382X01; 010012572U;\n03003689X01","NOMBREDM":"ACUMULACION TANTAHUATAY; MEMO 2; MINA VERDECITA;\nMINCOSA; PERLA NEGRA N\u00ba 14","TITULARDM":"COMPA\u00d1IA DE MINAS BUENAVENTURA S.A.A.; COMPA\u00d1IA MINERA COIMOLACHE S.A.; CORPORACION MINERA SINCHAO S.A.C.; KORI ANTA S.A.C.; MINERA\nINCOGNITA S.A.; SOUTHERN LEGACY PERU S.A.C.","RESPONSABLE":"---","GENERADOR":"NO IDENTIFICADO","ESTUDIOAMB":"---","N":"1987"},"geometry":{"type":"Point","coordinates":[-78.67135,-6.70657]}},{"type":"Feature","properties":{"Name":"LABOR MINERA","description":"","OBJECTID":"559","PROVINCIA":"HUALGAYOC","DISTRITO":"CHUGUR","CUENCA":"LLAUCANO","ZONA":"17","EXUNIDAD":"CHUGUR (LLAUCANO)","TIPO":"LABOR MINERA","SUBTIPO":"MEDIA BARRETA","REGION":"CAJAMARCA","ESTE":"758972","NORTE":"9256228","CODIGODM":"010000510L; 03000308Y01;\n010012572U; 010336894","NOMBREDM":"ACUMULACION TANTAHUATAY; EL SINCHAO; MINCOSA;\nTANTAHUATAY N\u00ba 25","TITULARDM":"COMPA\u00d1IA DE MINAS BUENAVENTURA S.A.A.; COMPA\u00d1IA MINERA COIMOLACHE S.A.; MINERA INCOGNITA S.A.; S.M.R.L. EL SINCHAO DE CAJAMARCA","RESPONSABLE":"---","GENERADOR":"NO IDENTIFICADO","ESTUDIOAMB":"---","N":"1988"},"geometry":{"type":"Point","coordinates":[-78.65732,-6.72322]}},{"type":"Feature","properties":{"Name":"LABOR MINERA","description":"","OBJECTID":"560","PROVINCIA":"HUALGAYOC","DISTRITO":"CHUGUR","CUENCA":"LLAUCANO","ZONA":"17","EXUNIDAD":"CHUGUR (LLAUCANO)","TIPO":"LABOR MINERA","SUBTIPO":"BOCAMINA","REGION":"CAJAMARCA","ESTE":"758932","NORTE":"9256432","CODIGODM":"010000510L; 010000978U;\n03000111X01; 010336894","NOMBREDM":"ACUMULACION TANTAHUATAY; COLORADA; SAN NICOLAS;\nTANTAHUATAY N\u00ba 25","TITULARDM":"COMPA\u00d1IA DE MINAS BUENAVENTURA S.A.A.; COMPA\u00d1IA MINERA COIMOLACHE S.A.; COMPA\u00d1IA MINERA SAN NICOLAS S.A.; S.M.R.L. SAN NICOLAS DE\nCAJAMARCA","RESPONSABLE":"---","GENERADOR":"NO IDENTIFICADO","ESTUDIOAMB":"---","N":"1989"},"geometry":{"type":"Point","coordinates":[-78.65769,-6.72138]}},{"type":"Feature","properties":{"Name":"LABOR MINERA","description":"","OBJECTID":"561","PROVINCIA":"HUALGAYOC","DISTRITO":"CHUGUR","CUENCA":"LLAUCANO","ZONA":"17","EXUNIDAD":"CHUGUR (LLAUCANO)","TIPO":"LABOR MINERA","SUBTIPO":"BOCAMINA","REGION":"CAJAMARCA","ESTE":"758946","NORTE":"9256427","CODIGODM":"010000510L; 010000978U;\n03000111X01; 010336894","NOMBREDM":"ACUMULACION TANTAHUATAY; COLORADA; SAN NICOLAS;\nTANTAHUATAY N\u00ba 25","TITULARDM":"COMPA\u00d1IA DE MINAS BUENAVENTURA S.A.A.; COMPA\u00d1IA MINERA COIMOLACHE S.A.; COMPA\u00d1IA MINERA SAN NICOLAS S.A.; S.M.R.L. SAN NICOLAS DE\nCAJAMARCA","RESPONSABLE":"---","GENERADOR":"NO IDENTIFICADO","ESTUDIOAMB":"---","N":"1990"},"geometry":{"type":"Point","coordinates":[-78.65756,-6.72142]}},{"type":"Feature","properties":{"Name":"LABOR MINERA","description":"","OBJECTID":"562","PROVINCIA":"HUALGAYOC","DISTRITO":"CHUGUR","CUENCA":"LLAUCANO","ZONA":"17","EXUNIDAD":"CHUGUR (LLAUCANO)","TIPO":"LABOR MINERA","SUBTIPO":"BOCAMINA","REGION":"CAJAMARCA","ESTE":"758789","NORTE":"9256337","CODIGODM":"010000510L; 03000308Y01;\n010012572U; 010336894","NOMBREDM":"ACUMULACION TANTAHUATAY; EL SINCHAO; MINCOSA;\nTANTAHUATAY N\u00ba 25","TITULARDM":"COMPA\u00d1IA DE MINAS BUENAVENTURA S.A.A.; COMPA\u00d1IA MINERA COIMOLACHE S.A.; MINERA INCOGNITA S.A.; S.M.R.L. EL SINCHAO DE CAJAMARCA","RESPONSABLE":"---","GENERADOR":"NO IDENTIFICADO","ESTUDIOAMB":"---","N":"1991"},"geometry":{"type":"Point","coordinates":[-78.65898,-6.72224]}},{"type":"Feature","properties":{"Name":"RESIDUO MINERO","description":"","OBJECTID":"563","PROVINCIA":"HUALGAYOC","DISTRITO":"CHUGUR","CUENCA":"LLAUCANO","ZONA":"17","EXUNIDAD":"CHUGUR (LLAUCANO)","TIPO":"RESIDUO MINERO","SUBTIPO":"DESMONTE DE MINA","REGION":"CAJAMARCA","ESTE":"758780","NORTE":"9256338","CODIGODM":"010000510L; 03000308Y01;\n010012572U; 010336894","NOMBREDM":"ACUMULACION TANTAHUATAY; EL SINCHAO; MINCOSA;\nTANTAHUATAY N\u00ba 25","TITULARDM":"COMPA\u00d1IA DE MINAS BUENAVENTURA S.A.A.; COMPA\u00d1IA MINERA COIMOLACHE S.A.; MINERA INCOGNITA S.A.; S.M.R.L. EL SINCHAO DE CAJAMARCA","RESPONSABLE":"---","GENERADOR":"NO IDENTIFICADO","ESTUDIOAMB":"---","N":"1992"},"geometry":{"type":"Point","coordinates":[-78.65906,-6.72223]}},{"type":"Feature","properties":{"Name":"LABOR MINERA","description":"","OBJECTID":"564","PROVINCIA":"HUALGAYOC","DISTRITO":"CHUGUR","CUENCA":"LLAUCANO","ZONA":"17","EXUNIDAD":"CHUGUR (LLAUCANO)","TIPO":"LABOR MINERA","SUBTIPO":"BOCAMINA","REGION":"CAJAMARCA","ESTE":"758753","NORTE":"9256364","CODIGODM":"010000510L; 03000308Y01;\n010012572U; 010336894","NOMBREDM":"ACUMULACION TANTAHUATAY; EL SINCHAO; MINCOSA;\nTANTAHUATAY N\u00ba 25","TITULARDM":"COMPA\u00d1IA DE MINAS BUENAVENTURA S.A.A.; COMPA\u00d1IA MINERA COIMOLACHE S.A.; MINERA INCOGNITA S.A.; S.M.R.L. EL SINCHAO DE CAJAMARCA","RESPONSABLE":"---","GENERADOR":"NO IDENTIFICADO","ESTUDIOAMB":"---","N":"1993"},"geometry":{"type":"Point","coordinates":[-78.6593,-6.722]}},{"type":"Feature","properties":{"Name":"LABOR MINERA","description":"","OBJECTID":"565","PROVINCIA":"HUALGAYOC","DISTRITO":"CHUGUR","CUENCA":"LLAUCANO","ZONA":"17","EXUNIDAD":"CHUGUR (LLAUCANO)","TIPO":"LABOR MINERA","SUBTIPO":"BOCAMINA","REGION":"CAJAMARCA","ESTE":"759074","NORTE":"9256222","CODIGODM":"010000510L; 010336894;\n03000032X01","NOMBREDM":"ACUMULACION TANTAHUATAY;\nTANTAHUATAY N\u00ba 25; VIRUCA","TITULARDM":"COMPA\u00d1IA DE MINAS BUENAVENTURA S.A.A.; COMPA\u00d1IA MINERA COIMOLACHE\nS.A.; S.M.R.L. VIRUCA DE CAJAMARCA","RESPONSABLE":"---","GENERADOR":"NO IDENTIFICADO","ESTUDIOAMB":"---","N":"1994"},"geometry":{"type":"Point","coordinates":[-78.65639,-6.72327]}},{"type":"Feature","properties":{"Name":"LABOR MINERA","description":"","OBJECTID":"566","PROVINCIA":"HUALGAYOC","DISTRITO":"HUALGAYOC","CUENCA":"LLAUCANO","ZONA":"17","EXUNIDAD":"CLEOPATRA","TIPO":"LABOR MINERA","SUBTIPO":"TAJO","REGION":"CAJAMARCA","ESTE":"758761","NORTE":"9255657","CODIGODM":"03001203X01; 010336894","NOMBREDM":"CLEOPATRA; TANTAHUATAY N\u00ba 25","TITULARDM":"COMPA\u00d1IA DE MINAS BUENAVENTURA S.A.A.; S.M.R.L. CLEOPATRA DE\nCAJAMARCA","RESPONSABLE":"ACTIVOS\nMINEROS S.A.C.","GENERADOR":"IDENTIFICADO","ESTUDIOAMB":"PCPAM DE LA EUM\nCLEOPATRA","N":"1995"},"geometry":{"type":"Point","coordinates":[-78.6592,-6.72839]}},{"type":"Feature","properties":{"Name":"LABOR MINERA","description":"","OBJECTID":"567","PROVINCIA":"HUALGAYOC","DISTRITO":"HUALGAYOC","CUENCA":"LLAUCANO","ZONA":"17","EXUNIDAD":"CLEOPATRA","TIPO":"LABOR MINERA","SUBTIPO":"TAJO","REGION":"CAJAMARCA","ESTE":"758877","NORTE":"9255848","CODIGODM":"03003015X01","NOMBREDM":"COLQUIRRUMI N\u00ba 23","TITULARDM":"COMPA\u00d1IA MINERA COIMOLACHE S.A.; COMPA\u00d1IA MINERA COLQUIRRUMI S.A.;\nCONSOLIDADA DE HUALGAYOC S.A.","RESPONSABLE":"ACTIVOS\nMINEROS S.A.C.","GENERADOR":"IDENTIFICADO","ESTUDIOAMB":"PCPAM DE LA EUM\nCLEOPATRA","N":"1996"},"geometry":{"type":"Point","coordinates":[-78.65816,-6.72666]}},{"type":"Feature","properties":{"Name":"LABOR MINERA","description":"","OBJECTID":"568","PROVINCIA":"HUALGAYOC","DISTRITO":"HUALGAYOC","CUENCA":"LLAUCANO","ZONA":"17","EXUNIDAD":"CLEOPATRA","TIPO":"LABOR MINERA","SUBTIPO":"BOCAMINA","REGION":"CAJAMARCA","ESTE":"758872","NORTE":"9255492","CODIGODM":"010048298","NOMBREDM":"VALLE SINCHAO 3","TITULARDM":"CORPORACION MINERA SINCHAO S.A.C.; EL MISTI GOLD S.A.; EL MISTI GOLD\nS.A.C.; KORI ANTA S.A.C.; SOUTHERN LEGACY PERU S.A.C.","RESPONSABLE":"ACTIVOS\nMINEROS S.A.C.","GENERADOR":"IDENTIFICADO","ESTUDIOAMB":"PCPAM DE LA EUM\nCLEOPATRA","N":"1997"},"geometry":{"type":"Point","coordinates":[-78.65819,-6.72988]}},{"type":"Feature","properties":{"Name":"LABOR MINERA","description":"","OBJECTID":"569","PROVINCIA":"HUALGAYOC","DISTRITO":"HUALGAYOC","CUENCA":"LLAUCANO","ZONA":"17","EXUNIDAD":"CLEOPATRA","TIPO":"LABOR MINERA","SUBTIPO":"BOCAMINA","REGION":"CAJAMARCA","ESTE":"758928","NORTE":"9255529","CODIGODM":"03000056X01; 010048298","NOMBREDM":"SINCHAO N\u00ba 2; VALLE SINCHAO 3","TITULARDM":"CORPORACION MINERA SINCHAO S.A.C.; EL MISTI GOLD S.A.; EL MISTI GOLD S.A.C.; KORI ANTA S.A.C.; MINERA ABX EXPLORACIONES S.A.; SOUTHERN LEGACY\nPERU S.A.C.","RESPONSABLE":"ACTIVOS MINEROS S.A.C.","GENERADOR":"IDENTIFICADO","ESTUDIOAMB":"PCPAM DE LA EUM CLEOPATRA","N":"1998"},"geometry":{"type":"Point","coordinates":[-78.65768,-6.72954]}},{"type":"Feature","properties":{"Name":"LABOR MINERA","description":"","OBJECTID":"570","PROVINCIA":"HUALGAYOC","DISTRITO":"HUALGAYOC","CUENCA":"LLAUCANO","ZONA":"17","EXUNIDAD":"CLEOPATRA","TIPO":"LABOR MINERA","SUBTIPO":"BOCAMINA","REGION":"CAJAMARCA","ESTE":"758906","NORTE":"9255588","CODIGODM":"03001203X01; 010048298","NOMBREDM":"CLEOPATRA; VALLE SINCHAO 3","TITULARDM":"CORPORACION MINERA SINCHAO S.A.C.; EL MISTI GOLD S.A.; EL MISTI GOLD S.A.C.; KORI ANTA S.A.C.; S.M.R.L. CLEOPATRA DE CAJAMARCA; SOUTHERN\nLEGACY PERU S.A.C.","RESPONSABLE":"ACTIVOS MINEROS S.A.C.","GENERADOR":"IDENTIFICADO","ESTUDIOAMB":"PCPAM DE LA EUM CLEOPATRA","N":"1999"},"geometry":{"type":"Point","coordinates":[-78.65788,-6.72901]}},{"type":"Feature","properties":{"Name":"LABOR MINERA","description":"","OBJECTID":"571","PROVINCIA":"HUALGAYOC","DISTRITO":"HUALGAYOC","CUENCA":"LLAUCANO","ZONA":"17","EXUNIDAD":"CLEOPATRA","TIPO":"LABOR MINERA","SUBTIPO":"BOCAMINA","REGION":"CAJAMARCA","ESTE":"759104","NORTE":"9255700","CODIGODM":"03000056X01; 010336894","NOMBREDM":"SINCHAO N\u00ba 2; TANTAHUATAY N\u00ba 25","TITULARDM":"COMPA\u00d1IA DE MINAS BUENAVENTURA S.A.A.; CORPORACION MINERA SINCHAO S.A.C.; EL MISTI GOLD S.A.C.; KORI ANTA S.A.C.; MINERA ABX EXPLORACIONES\nS.A.; SOUTHERN LEGACY PERU S.A.C.","RESPONSABLE":"ACTIVOS MINEROS S.A.C.","GENERADOR":"IDENTIFICADO","ESTUDIOAMB":"PCPAM DE LA EUM CLEOPATRA","N":"2000"},"geometry":{"type":"Point","coordinates":[-78.6561,-6.72799]}},{"type":"Feature","properties":{"Name":"LABOR MINERA","description":"","OBJECTID":"572","PROVINCIA":"HUALGAYOC","DISTRITO":"HUALGAYOC","CUENCA":"LLAUCANO","ZONA":"17","EXUNIDAD":"CLEOPATRA","TIPO":"LABOR MINERA","SUBTIPO":"BOCAMINA","REGION":"CAJAMARCA","ESTE":"758994","NORTE":"9255784","CODIGODM":"03001203X01; 010336894","NOMBREDM":"CLEOPATRA; TANTAHUATAY N\u00ba 25","TITULARDM":"COMPA\u00d1IA DE MINAS BUENAVENTURA S.A.A.; S.M.R.L. CLEOPATRA DE\nCAJAMARCA","RESPONSABLE":"ACTIVOS\nMINEROS S.A.C.","GENERADOR":"IDENTIFICADO","ESTUDIOAMB":"PCPAM DE LA EUM\nCLEOPATRA","N":"2001"},"geometry":{"type":"Point","coordinates":[-78.6571,-6.72723]}},{"type":"Feature","properties":{"Name":"RESIDUO MINERO","description":"","OBJECTID":"573","PROVINCIA":"HUALGAYOC","DISTRITO":"HUALGAYOC","CUENCA":"LLAUCANO","ZONA":"17","EXUNIDAD":"CLEOPATRA","TIPO":"RESIDUO MINERO","SUBTIPO":"DESMONTE DE MINA","REGION":"CAJAMARCA","ESTE":"758968","NORTE":"9255790","CODIGODM":"03001203X01; 010336894","NOMBREDM":"CLEOPATRA; TANTAHUATAY N\u00ba 25","TITULARDM":"COMPA\u00d1IA DE MINAS BUENAVENTURA S.A.A.; S.M.R.L. CLEOPATRA DE\nCAJAMARCA","RESPONSABLE":"ACTIVOS\nMINEROS S.A.C.","GENERADOR":"IDENTIFICADO","ESTUDIOAMB":"PCPAM DE LA EUM\nCLEOPATRA","N":"2002"},"geometry":{"type":"Point","coordinates":[-78.65733,-6.72718]}},{"type":"Feature","properties":{"Name":"RESIDUO MINERO","description":"","OBJECTID":"574","PROVINCIA":"HUALGAYOC","DISTRITO":"HUALGAYOC","CUENCA":"LLAUCANO","ZONA":"17","EXUNIDAD":"CLEOPATRA","TIPO":"RESIDUO MINERO","SUBTIPO":"DESMONTE DE MINA","REGION":"CAJAMARCA","ESTE":"758771","NORTE":"9255537","CODIGODM":"03000055X01; 010048298","NOMBREDM":"SINCHAO N\u00ba 1; VALLE SINCHAO 3","TITULARDM":"CORPORACION MINERA SINCHAO S.A.C.; EL MISTI GOLD S.A.; EL MISTI GOLD S.A.C.; KORI ANTA S.A.C.; MINERA ABX EXPLORACIONES S.A.; SOUTHERN LEGACY\nPERU S.A.C.","RESPONSABLE":"ACTIVOS MINEROS S.A.C.","GENERADOR":"IDENTIFICADO","ESTUDIOAMB":"PCPAM DE LA EUM CLEOPATRA","N":"2003"},"geometry":{"type":"Point","coordinates":[-78.6591,-6.72947]}},{"type":"Feature","properties":{"Name":"RESIDUO MINERO","description":"","OBJECTID":"575","PROVINCIA":"HUALGAYOC","DISTRITO":"HUALGAYOC","CUENCA":"LLAUCANO","ZONA":"17","EXUNIDAD":"CLEOPATRA","TIPO":"RESIDUO MINERO","SUBTIPO":"DESMONTE DE MINA","REGION":"CAJAMARCA","ESTE":"758945","NORTE":"9255521","CODIGODM":"03000056X01; 010048298","NOMBREDM":"SINCHAO N\u00ba 2; VALLE SINCHAO 3","TITULARDM":"CORPORACION MINERA SINCHAO S.A.C.; EL MISTI GOLD S.A.; EL MISTI GOLD S.A.C.; KORI ANTA S.A.C.; MINERA ABX EXPLORACIONES S.A.; SOUTHERN LEGACY\nPERU S.A.C.","RESPONSABLE":"ACTIVOS MINEROS S.A.C.","GENERADOR":"IDENTIFICADO","ESTUDIOAMB":"PCPAM DE LA EUM CLEOPATRA","N":"2004"},"geometry":{"type":"Point","coordinates":[-78.65753,-6.72961]}},{"type":"Feature","properties":{"Name":"RESIDUO MINERO","description":"","OBJECTID":"576","PROVINCIA":"HUALGAYOC","DISTRITO":"HUALGAYOC","CUENCA":"LLAUCANO","ZONA":"17","EXUNIDAD":"CLEOPATRA","TIPO":"RESIDUO MINERO","SUBTIPO":"DESMONTE DE MINA","REGION":"CAJAMARCA","ESTE":"758943","NORTE":"9255573","CODIGODM":"03000056X01; 010048298","NOMBREDM":"SINCHAO N\u00ba 2; VALLE SINCHAO 3","TITULARDM":"CORPORACION MINERA SINCHAO S.A.C.; EL MISTI GOLD S.A.; EL MISTI GOLD S.A.C.; KORI ANTA S.A.C.; MINERA ABX EXPLORACIONES S.A.; SOUTHERN LEGACY\nPERU S.A.C.","RESPONSABLE":"ACTIVOS MINEROS S.A.C.","GENERADOR":"IDENTIFICADO","ESTUDIOAMB":"PCPAM DE LA EUM CLEOPATRA","N":"2005"},"geometry":{"type":"Point","coordinates":[-78.65755,-6.72914]}},{"type":"Feature","properties":{"Name":"RESIDUO MINERO","description":"","OBJECTID":"577","PROVINCIA":"HUALGAYOC","DISTRITO":"HUALGAYOC","CUENCA":"LLAUCANO","ZONA":"17","EXUNIDAD":"CLEOPATRA","TIPO":"RESIDUO MINERO","SUBTIPO":"DESMONTE DE MINA","REGION":"CAJAMARCA","ESTE":"759074","NORTE":"9255815","CODIGODM":"03000056X01; 010336894","NOMBREDM":"SINCHAO N\u00ba 2; TANTAHUATAY N\u00ba 25","TITULARDM":"COMPA\u00d1IA DE MINAS BUENAVENTURA S.A.A.; CORPORACION MINERA SINCHAO S.A.C.; EL MISTI GOLD S.A.C.; KORI ANTA S.A.C.; MINERA ABX EXPLORACIONES\nS.A.; SOUTHERN LEGACY PERU S.A.C.","RESPONSABLE":"ACTIVOS MINEROS S.A.C.","GENERADOR":"IDENTIFICADO","ESTUDIOAMB":"PCPAM DE LA EUM CLEOPATRA","N":"2006"},"geometry":{"type":"Point","coordinates":[-78.65638,-6.72695]}},{"type":"Feature","properties":{"Name":"RESIDUO MINERO","description":"","OBJECTID":"578","PROVINCIA":"HUALGAYOC","DISTRITO":"HUALGAYOC","CUENCA":"LLAUCANO","ZONA":"17","EXUNIDAD":"CLEOPATRA","TIPO":"RESIDUO MINERO","SUBTIPO":"DESMONTE DE MINA","REGION":"CAJAMARCA","ESTE":"759114","NORTE":"9255822","CODIGODM":"03000056X01; 010336894","NOMBREDM":"SINCHAO N\u00ba 2; TANTAHUATAY N\u00ba 25","TITULARDM":"COMPA\u00d1IA DE MINAS BUENAVENTURA S.A.A.; CORPORACION MINERA SINCHAO S.A.C.; EL MISTI GOLD S.A.C.; KORI ANTA S.A.C.; MINERA ABX EXPLORACIONES\nS.A.; SOUTHERN LEGACY PERU S.A.C.","RESPONSABLE":"ACTIVOS MINEROS S.A.C.","GENERADOR":"IDENTIFICADO","ESTUDIOAMB":"PCPAM DE LA EUM CLEOPATRA","N":"2007"},"geometry":{"type":"Point","coordinates":[-78.65601,-6.72688]}},{"type":"Feature","properties":{"Name":"RESIDUO MINERO","description":"","OBJECTID":"579","PROVINCIA":"HUALGAYOC","DISTRITO":"HUALGAYOC","CUENCA":"LLAUCANO","ZONA":"17","EXUNIDAD":"CLEOPATRA","TIPO":"RESIDUO MINERO","SUBTIPO":"DESMONTE DE MINA","REGION":"CAJAMARCA","ESTE":"759004","NORTE":"9255780","CODIGODM":"03001203X01; 010336894","NOMBREDM":"CLEOPATRA; TANTAHUATAY N\u00ba 25","TITULARDM":"COMPA\u00d1IA DE MINAS BUENAVENTURA S.A.A.; S.M.R.L. CLEOPATRA DE\nCAJAMARCA","RESPONSABLE":"ACTIVOS\nMINEROS S.A.C.","GENERADOR":"IDENTIFICADO","ESTUDIOAMB":"PCPAM DE LA EUM\nCLEOPATRA","N":"2008"},"geometry":{"type":"Point","coordinates":[-78.65701,-6.72727]}},{"type":"Feature","properties":{"Name":"LABOR MINERA","description":"","OBJECTID":"580","PROVINCIA":"HUALGAYOC","DISTRITO":"HUALGAYOC","CUENCA":"LLAUCANO","ZONA":"17","EXUNIDAD":"CLEOPATRA","TIPO":"LABOR MINERA","SUBTIPO":"BOCAMINA","REGION":"CAJAMARCA","ESTE":"759148","NORTE":"9255846","CODIGODM":"010000510L; 03000056X01;\n010336894","NOMBREDM":"ACUMULACION TANTAHUATAY; SINCHAO N\u00ba 2; TANTAHUATAY N\u00ba 25","TITULARDM":"COMPA\u00d1IA DE MINAS BUENAVENTURA S.A.A.; COMPA\u00d1IA MINERA COIMOLACHE S.A.; CORPORACION MINERA SINCHAO S.A.C.; EL MISTI GOLD S.A.C.; KORI ANTA S.A.C.; MINERA ABX EXPLORACIONES S.A.; SOUTHERN LEGACY PERU S.A.C.","RESPONSABLE":"ACTIVOS MINEROS S.A.C.","GENERADOR":"IDENTIFICADO","ESTUDIOAMB":"PCPAM DE LA EUM CLEOPATRA","N":"2009"},"geometry":{"type":"Point","coordinates":[-78.65571,-6.72666]}},{"type":"Feature","properties":{"Name":"RESIDUO MINERO","description":"","OBJECTID":"581","PROVINCIA":"HUALGAYOC","DISTRITO":"HUALGAYOC","CUENCA":"LLAUCANO","ZONA":"17","EXUNIDAD":"CLEOPATRA","TIPO":"RESIDUO MINERO","SUBTIPO":"DESMONTE DE MINA","REGION":"CAJAMARCA","ESTE":"758928","NORTE":"9255814","CODIGODM":"010000510L; 03001203X01;\n010336894","NOMBREDM":"ACUMULACION TANTAHUATAY; CLEOPATRA; TANTAHUATAY N\u00ba 25","TITULARDM":"COMPA\u00d1IA DE MINAS BUENAVENTURA S.A.A.; COMPA\u00d1IA MINERA COIMOLACHE S.A.; S.M.R.L. CLEOPATRA DE CAJAMARCA","RESPONSABLE":"ACTIVOS MINEROS S.A.C.","GENERADOR":"IDENTIFICADO","ESTUDIOAMB":"PCPAM DE LA EUM CLEOPATRA","N":"2010"},"geometry":{"type":"Point","coordinates":[-78.6577,-6.72696]}},{"type":"Feature","properties":{"Name":"RESIDUO MINERO","description":"","OBJECTID":"582","PROVINCIA":"HUALGAYOC","DISTRITO":"HUALGAYOC","CUENCA":"LLAUCANO","ZONA":"17","EXUNIDAD":"CLEOPATRA","TIPO":"RESIDUO MINERO","SUBTIPO":"DESMONTE DE MINA","REGION":"CAJAMARCA","ESTE":"758802","NORTE":"9255689","CODIGODM":"010000510L; 03001203X01;\n010336894","NOMBREDM":"ACUMULACION TANTAHUATAY; CLEOPATRA; TANTAHUATAY N\u00ba 25","TITULARDM":"COMPA\u00d1IA DE MINAS BUENAVENTURA S.A.A.; COMPA\u00d1IA MINERA COIMOLACHE S.A.; S.M.R.L. CLEOPATRA DE CAJAMARCA","RESPONSABLE":"ACTIVOS MINEROS S.A.C.","GENERADOR":"IDENTIFICADO","ESTUDIOAMB":"PCPAM DE LA EUM CLEOPATRA","N":"2011"},"geometry":{"type":"Point","coordinates":[-78.65883,-6.7281]}},{"type":"Feature","properties":{"Name":"INFRAESTRUCTURA","description":"","OBJECTID":"583","PROVINCIA":"HUALGAYOC","DISTRITO":"HUALGAYOC","CUENCA":"LLAUCANO","ZONA":"17","EXUNIDAD":"CLEOPATRA","TIPO":"INFRAESTRUCTURA","SUBTIPO":"CAMPAMENTOS, OFICINAS, TALLERES","REGION":"CAJAMARCA","ESTE":"758904","NORTE":"9255696","CODIGODM":"010000510L; 03001203X01;\n010336894","NOMBREDM":"ACUMULACION TANTAHUATAY; CLEOPATRA; TANTAHUATAY N\u00ba 25","TITULARDM":"COMPA\u00d1IA DE MINAS BUENAVENTURA S.A.A.; COMPA\u00d1IA MINERA COIMOLACHE S.A.; S.M.R.L. CLEOPATRA DE CAJAMARCA","RESPONSABLE":"ACTIVOS MINEROS S.A.C.","GENERADOR":"IDENTIFICADO","ESTUDIOAMB":"PCPAM DE LA EUM CLEOPATRA","N":"2012"},"geometry":{"type":"Point","coordinates":[-78.65791,-6.72803]}},{"type":"Feature","properties":{"Name":"LABOR MINERA","description":"","OBJECTID":"584","PROVINCIA":"HUALGAYOC","DISTRITO":"HUALGAYOC","CUENCA":"LLAUCANO","ZONA":"17","EXUNIDAD":"CLEOPATRA","TIPO":"LABOR MINERA","SUBTIPO":"TRINCHERA","REGION":"CAJAMARCA","ESTE":"758839","NORTE":"9255478","CODIGODM":"03000263X01; 03002966X01;\n010048298","NOMBREDM":"ARISTOTELES N\u00baDOS; PROVEEDORA N\u00ba 1-E; VALLE\nSINCHAO 3","TITULARDM":"COMPA\u00d1IA MINERA COIMOLACHE S.A.; COMPA\u00d1IA MINERA COLQUIRRUMI S.A.; CORPORACION MINERA SINCHAO S.A.C.; EL MISTI GOLD S.A.; EL MISTI GOLD\nS.A.C.; KORI ANTA S.A.C.; SOUTHERN LEGACY PERU S.A.C.","RESPONSABLE":"ACTIVOS MINEROS S.A.C.","GENERADOR":"IDENTIFICADO","ESTUDIOAMB":"PCPAM DE LA EUM CLEOPATRA","N":"2013"},"geometry":{"type":"Point","coordinates":[-78.65849,-6.73]}},{"type":"Feature","properties":{"Name":"RESIDUO MINERO","description":"","OBJECTID":"585","PROVINCIA":"HUALGAYOC","DISTRITO":"HUALGAYOC","CUENCA":"LLAUCANO","ZONA":"17","EXUNIDAD":"COLORADA (LLAUCANO)","TIPO":"RESIDUO MINERO","SUBTIPO":"DESMONTE DE MINA","REGION":"CAJAMARCA","ESTE":"760839","NORTE":"9253267","CODIGODM":"010000978U; 03000067X01;\n010336794","NOMBREDM":"COLORADA; GADITANA; TANTAHUATAY N\u00ba 24","TITULARDM":"COMPA\u00d1IA DE MINAS BUENAVENTURA S.A.A.; COMPA\u00d1IA MINERA COIMOLACHE S.A.; COMPA\u00d1IA MINERA SAN NICOLAS S.A.; S.M.R.L. FRATERNIDAD DE\nCAJAMARCA","RESPONSABLE":"COMPA\u00d1IA MINERA SAN\nNICOLAS S.A.","GENERADOR":"NO IDENTIFICADO","ESTUDIOAMB":"---","N":"2014"},"geometry":{"type":"Point","coordinates":[-78.64031,-6.7499]}},{"type":"Feature","properties":{"Name":"LABOR MINERA","description":"","OBJECTID":"586","PROVINCIA":"HUALGAYOC","DISTRITO":"HUALGAYOC","CUENCA":"LLAUCANO","ZONA":"17","EXUNIDAD":"COLORADA (LLAUCANO)","TIPO":"LABOR MINERA","SUBTIPO":"BOCAMINA","REGION":"CAJAMARCA","ESTE":"760815","NORTE":"9253264","CODIGODM":"010000978U; 010336794","NOMBREDM":"COLORADA; TANTAHUATAY N\u00ba 24","TITULARDM":"COMPA\u00d1IA DE MINAS BUENAVENTURA S.A.A.; COMPA\u00d1IA MINERA COIMOLACHE S.A.; COMPA\u00d1IA MINERA SAN NICOLAS S.A.","RESPONSABLE":"COMPA\u00d1IA MINERA SAN\nNICOLAS S.A.","GENERADOR":"NO IDENTIFICADO","ESTUDIOAMB":"---","N":"2015"},"geometry":{"type":"Point","coordinates":[-78.64052,-6.74993]}},{"type":"Feature","properties":{"Name":"RESIDUO MINERO","description":"","OBJECTID":"587","PROVINCIA":"HUALGAYOC","DISTRITO":"HUALGAYOC","CUENCA":"LLAUCANO","ZONA":"17","EXUNIDAD":"CONSTANCIA (LLAUCANO)","TIPO":"RESIDUO MINERO","SUBTIPO":"DESMONTE DE MINA","REGION":"CAJAMARCA","ESTE":"759169","NORTE":"9255613","CODIGODM":"03000330Y01; 010009272U;\n010048298","NOMBREDM":"CONSTANCIA; SAN AGUSTIN N\u00ba2; VALLE SINCHAO 3","TITULARDM":"COMPA\u00d1IA MINERA COLQUIRRUMI S.A.; COMPA\u00d1IA MINERA NUEVA ITALIA S.A.; CORPORACION MINERA SINCHAO S.A.C.; EL MISTI GOLD S.A.; EL MISTI GOLD S.A.C.; KORI ANTA S.A.C.; SOUTHERN LEGACY PERU S.A.C.","RESPONSABLE":"COMPA\u00d1IA MINERA COLQUIRRUMI\nS.A.","GENERADOR":"NO IDENTIFICADO","ESTUDIOAMB":"PCPAM DE MINAS COLQUIRRUMI - AREA EL SINCHAO","N":"2016"},"geometry":{"type":"Point","coordinates":[-78.65551,-6.72877]}},{"type":"Feature","properties":{"Name":"RESIDUO MINERO","description":"","OBJECTID":"588","PROVINCIA":"HUALGAYOC","DISTRITO":"HUALGAYOC","CUENCA":"LLAUCANO","ZONA":"17","EXUNIDAD":"CONSTANCIA (LLAUCANO)","TIPO":"RESIDUO MINERO","SUBTIPO":"DESMONTE DE MINA","REGION":"CAJAMARCA","ESTE":"759260","NORTE":"9255779","CODIGODM":"010048298","NOMBREDM":"VALLE SINCHAO 3","TITULARDM":"CORPORACION MINERA SINCHAO S.A.C.; EL MISTI GOLD S.A.; EL MISTI GOLD S.A.C.; KORI ANTA S.A.C.; SOUTHERN LEGACY PERU S.A.C.","RESPONSABLE":"COMPA\u00d1IA MINERA COLQUIRRUMI\nS.A.","GENERADOR":"NO IDENTIFICADO","ESTUDIOAMB":"PCPAM DE MINAS COLQUIRRUMI - AREA EL SINCHAO","N":"2017"},"geometry":{"type":"Point","coordinates":[-78.65469,-6.72727]}},{"type":"Feature","properties":{"Name":"LABOR MINERA","description":"","OBJECTID":"589","PROVINCIA":"CAJAMARCA","DISTRITO":"COSPAN","CUENCA":"CHICAMA","ZONA":"17","EXUNIDAD":"DEMARAN","TIPO":"LABOR MINERA","SUBTIPO":"BOCAMINA","REGION":"CAJAMARCA","ESTE":"773372","NORTE":"9165827","CODIGODM":"010749595","NOMBREDM":"DEMARAN","TITULARDM":"ZARATE MIRANDA;  ALEJANDRO FRANCISCO","RESPONSABLE":"---","GENERADOR":"NO IDENTIFICADO","ESTUDIOAMB":"---","N":"2018"},"geometry":{"type":"Point","coordinates":[-78.52274,-7.53957]}},{"type":"Feature","properties":{"Name":"RESIDUO MINERO","description":"","OBJECTID":"590","PROVINCIA":"HUALGAYOC","DISTRITO":"HUALGAYOC","CUENCA":"LLAUCANO","ZONA":"17","EXUNIDAD":"EL DORADO (LLAUCANO)","TIPO":"RESIDUO MINERO","SUBTIPO":"DESMONTE DE MINA","REGION":"CAJAMARCA","ESTE":"763952","NORTE":"9252368","CODIGODM":"010009372U; 010236794;\n03000365X01","NOMBREDM":"SAN AGUSTIN N\u00ba1; SAN JOSE N\u00ba 1; SEGUNDO SAN REMO","TITULARDM":"COMPA\u00d1IA MINERA COLQUIRRUMI S.A.; COMPA\u00d1IA MINERA NUEVA ITALIA S.A.; GOLD FIELDS LA CIMA S.A.A.; VIDALON PAREJA;  JAIME DAVID","RESPONSABLE":"COMPA\u00d1IA MINERA COLQUIRRUMI\nS.A.","GENERADOR":"NO IDENTIFICADO","ESTUDIOAMB":"PCPAM DE LA UNIDAD MINERA COLQUIRRUMI -\"HUALGAYOC\"","N":"2019"},"geometry":{"type":"Point","coordinates":[-78.61212,-6.75789]}},{"type":"Feature","properties":{"Name":"RESIDUO MINERO","description":"","OBJECTID":"591","PROVINCIA":"HUALGAYOC","DISTRITO":"HUALGAYOC","CUENCA":"LLAUCANO","ZONA":"17","EXUNIDAD":"EL DORADO (LLAUCANO)","TIPO":"RESIDUO MINERO","SUBTIPO":"RELAVES","REGION":"CAJAMARCA","ESTE":"765147","NORTE":"9252052","CODIGODM":"03001921X01; 010236794","NOMBREDM":"MERCEDES C; SAN JOSE N\u00ba 1","TITULARDM":"COMPA\u00d1IA MINERA LOS MANTOS S.A.; GOLD FIELDS LA CIMA S.A.A.; VIDALON\nPAREJA;  JAIME DAVID","RESPONSABLE":"ACTIVOS\nMINEROS S.A.C.","GENERADOR":"NO IDENTIFICADO","ESTUDIOAMB":"PLAN DE CIERRE DE 64\nPASIVOS AMBIENTALES EL","N":"2020"},"geometry":{"type":"Point","coordinates":[-78.6013,-6.76069]}},{"type":"Feature","properties":{"Name":"INFRAESTRUCTURA","description":"","OBJECTID":"592","PROVINCIA":"HUALGAYOC","DISTRITO":"HUALGAYOC","CUENCA":"LLAUCANO","ZONA":"17","EXUNIDAD":"EL DORADO (LLAUCANO)","TIPO":"INFRAESTRUCTURA","SUBTIPO":"PLANTAS DE PROCESAMIENTO","REGION":"CAJAMARCA","ESTE":"765816","NORTE":"9252167","CODIGODM":"0302212BX01; 010778195","NOMBREDM":"LAGO AL-2 (FRACCIONADO); SAN\nJOSE N\u00ba 1-A","TITULARDM":"COMPA\u00d1IA MINERA LOS MANTOS S.A.; GOLD FIELDS LA CIMA S.A.A.; VIDALON\nPAREJA;  JAIME DAVID","RESPONSABLE":"ACTIVOS\nMINEROS S.A.C.","GENERADOR":"NO IDENTIFICADO","ESTUDIOAMB":"PLAN DE CIERRE DE 64\nPASIVOS AMBIENTALES EL","N":"2021"},"geometry":{"type":"Point","coordinates":[-78.59526,-6.75962]}},{"type":"Feature","properties":{"Name":"INFRAESTRUCTURA","description":"","OBJECTID":"593","PROVINCIA":"HUALGAYOC","DISTRITO":"HUALGAYOC","CUENCA":"LLAUCANO","ZONA":"17","EXUNIDAD":"EL DORADO (LLAUCANO)","TIPO":"INFRAESTRUCTURA","SUBTIPO":"NO DETERMINADO","REGION":"CAJAMARCA","ESTE":"765777","NORTE":"9251997","CODIGODM":"03001196X01; 010778195","NOMBREDM":"EL IMAN; SAN JOSE N\u00ba 1-A","TITULARDM":"GOLD FIELDS LA CIMA S.A.A.; SANTOLALLA BERNAL;  ELOY U; SANTOLALLA ESTELA; ALBERTO HECTOR; SANTOLALLA ESTELA;  HECTOR LUIS; SANTOLALLA ESTELA; MARINA LUZ; SANTOLALLA ESTELA;  RODOLFO ELOY; SANTOLALLA SANCHEZ; CLARA CELESTINA; S.M.R.L. EL IMAN; VIDALON PA","RESPONSABLE":"---","GENERADOR":"NO IDENTIFICADO","ESTUDIOAMB":"---","N":"2022"},"geometry":{"type":"Point","coordinates":[-78.5956,-6.76116]}},{"type":"Feature","properties":{"Name":"INFRAESTRUCTURA","description":"","OBJECTID":"594","PROVINCIA":"HUALGAYOC","DISTRITO":"HUALGAYOC","CUENCA":"LLAUCANO","ZONA":"17","EXUNIDAD":"EL DORADO (LLAUCANO)","TIPO":"INFRAESTRUCTURA","SUBTIPO":"NO DETERMINADO","REGION":"CAJAMARCA","ESTE":"765784","NORTE":"9252017","CODIGODM":"03001196X01; 010778195","NOMBREDM":"EL IMAN; SAN JOSE N\u00ba 1-A","TITULARDM":"GOLD FIELDS LA CIMA S.A.A.; SANTOLALLA BERNAL;  ELOY U; SANTOLALLA ESTELA; ALBERTO HECTOR; SANTOLALLA ESTELA;  HECTOR LUIS; SANTOLALLA ESTELA; MARINA LUZ; SANTOLALLA ESTELA;  RODOLFO ELOY; SANTOLALLA SANCHEZ; CLARA CELESTINA; S.M.R.L. EL IMAN; VIDALON PA","RESPONSABLE":"---","GENERADOR":"NO IDENTIFICADO","ESTUDIOAMB":"---","N":"2023"},"geometry":{"type":"Point","coordinates":[-78.59554,-6.76098]}},{"type":"Feature","properties":{"Name":"LABOR MINERA","description":"","OBJECTID":"595","PROVINCIA":"HUALGAYOC","DISTRITO":"HUALGAYOC","CUENCA":"LLAUCANO","ZONA":"17","EXUNIDAD":"EL DORADO (LLAUCANO)","TIPO":"LABOR MINERA","SUBTIPO":"BOCAMINA","REGION":"CAJAMARCA","ESTE":"766156","NORTE":"9251967","CODIGODM":"010006972U; 03000452X01;\n010778195","NOMBREDM":"DORADO; LA SORPRESA; SAN JOSE\nN\u00ba 1-A","TITULARDM":"COMPA\u00d1IA MINERA LOS MANTOS S.A.; GOLD FIELDS LA CIMA S.A.A.; S.M.R.L. LA\nSORPRESA DE CAJAMARCA; VIDALON PAREJA;  JAIME DAVID","RESPONSABLE":"ACTIVOS\nMINEROS S.A.C.","GENERADOR":"NO IDENTIFICADO","ESTUDIOAMB":"PLAN DE CIERRE DE 64\nPASIVOS AMBIENTALES EL","N":"2024"},"geometry":{"type":"Point","coordinates":[-78.59218,-6.76142]}},{"type":"Feature","properties":{"Name":"LABOR MINERA","description":"","OBJECTID":"596","PROVINCIA":"HUALGAYOC","DISTRITO":"HUALGAYOC","CUENCA":"LLAUCANO","ZONA":"17","EXUNIDAD":"EL DORADO (LLAUCANO)","TIPO":"LABOR MINERA","SUBTIPO":"BOCAMINA","REGION":"CAJAMARCA","ESTE":"766180","NORTE":"9251964","CODIGODM":"010006972U; 03000452X01;\n010778195","NOMBREDM":"DORADO; LA SORPRESA; SAN JOSE\nN\u00ba 1-A","TITULARDM":"COMPA\u00d1IA MINERA LOS MANTOS S.A.; GOLD FIELDS LA CIMA S.A.A.; S.M.R.L. LA\nSORPRESA DE CAJAMARCA; VIDALON PAREJA;  JAIME DAVID","RESPONSABLE":"ACTIVOS\nMINEROS S.A.C.","GENERADOR":"NO IDENTIFICADO","ESTUDIOAMB":"PLAN DE CIERRE DE 64\nPASIVOS AMBIENTALES EL","N":"2025"},"geometry":{"type":"Point","coordinates":[-78.59196,-6.76144]}},{"type":"Feature","properties":{"Name":"LABOR MINERA","description":"","OBJECTID":"597","PROVINCIA":"HUALGAYOC","DISTRITO":"HUALGAYOC","CUENCA":"LLAUCANO","ZONA":"17","EXUNIDAD":"EL DORADO (LLAUCANO)","TIPO":"LABOR MINERA","SUBTIPO":"BOCAMINA","REGION":"CAJAMARCA","ESTE":"765848","NORTE":"9252085","CODIGODM":"03001196X01; 010778195","NOMBREDM":"EL IMAN; SAN JOSE N\u00ba 1-A","TITULARDM":"GOLD FIELDS LA CIMA S.A.A.; SANTOLALLA BERNAL;  ELOY U; SANTOLALLA ESTELA; ALBERTO HECTOR; SANTOLALLA ESTELA;  HECTOR LUIS; SANTOLALLA ESTELA; MARINA LUZ; SANTOLALLA ESTELA;  RODOLFO ELOY; SANTOLALLA SANCHEZ; CLARA CELESTINA; S.M.R.L. EL IMAN; VIDALON PA","RESPONSABLE":"ACTIVOS MINEROS S.A.C.","GENERADOR":"NO IDENTIFICADO","ESTUDIOAMB":"PLAN DE CIERRE DE 64 PASIVOS AMBIENTALES EL DORADO","N":"2026"},"geometry":{"type":"Point","coordinates":[-78.59497,-6.76036]}},{"type":"Feature","properties":{"Name":"LABOR MINERA","description":"","OBJECTID":"598","PROVINCIA":"HUALGAYOC","DISTRITO":"HUALGAYOC","CUENCA":"LLAUCANO","ZONA":"17","EXUNIDAD":"EL DORADO (LLAUCANO)","TIPO":"LABOR MINERA","SUBTIPO":"BOCAMINA","REGION":"CAJAMARCA","ESTE":"766269","NORTE":"9252565","CODIGODM":"03002127X01; 010778195","NOMBREDM":"ORION N\u00ba 1; SAN JOSE N\u00ba 1-A","TITULARDM":"COMPA\u00d1IA MINERA COLQUIRRUMI S.A.; COMPA\u00d1IA MINERA LOS MANTOS S.A.; GOLD FIELDS LA CIMA S.A.A.; S.M.R.L. BENAVIDES N\u00ba1 DE CAJAMARCA; VIDALON\nPAREJA;  JAIME DAVID","RESPONSABLE":"ACTIVOS MINEROS S.A.C.","GENERADOR":"NO IDENTIFICADO","ESTUDIOAMB":"PLAN DE CIERRE DE 64 PASIVOS AMBIENTALES EL\nDORADO","N":"2027"},"geometry":{"type":"Point","coordinates":[-78.59118,-6.75601]}},{"type":"Feature","properties":{"Name":"LABOR MINERA","description":"","OBJECTID":"599","PROVINCIA":"HUALGAYOC","DISTRITO":"HUALGAYOC","CUENCA":"LLAUCANO","ZONA":"17","EXUNIDAD":"EL DORADO (LLAUCANO)","TIPO":"LABOR MINERA","SUBTIPO":"BOCAMINA","REGION":"CAJAMARCA","ESTE":"765846","NORTE":"9251985","CODIGODM":"03001061X01; 010778195","NOMBREDM":"CENTINELA; SAN JOSE N\u00ba 1-A","TITULARDM":"GOLD FIELDS LA CIMA S.A.A.; SANTOLALLA BERNAL;  ELOY U; SANTOLALLA ESTELA; ALBERTO HECTOR; SANTOLALLA ESTELA;  HECTOR LUIS; SANTOLALLA ESTELA; MARINA LUZ; SANTOLALLA ESTELA;  RODOLFO ELOY; SANTOLALLA SANCHEZ; CLARA CELESTINA; S.M.R.L. DORADO; VIDALON PAR","RESPONSABLE":"ACTIVOS MINEROS S.A.C.","GENERADOR":"NO IDENTIFICADO","ESTUDIOAMB":"PLAN DE CIERRE DE 64 PASIVOS AMBIENTALES EL DORADO","N":"2028"},"geometry":{"type":"Point","coordinates":[-78.59498,-6.76127]}},{"type":"Feature","properties":{"Name":"LABOR MINERA","description":"","OBJECTID":"600","PROVINCIA":"HUALGAYOC","DISTRITO":"HUALGAYOC","CUENCA":"LLAUCANO","ZONA":"17","EXUNIDAD":"EL DORADO (LLAUCANO)","TIPO":"LABOR MINERA","SUBTIPO":"BOCAMINA","REGION":"CAJAMARCA","ESTE":"765682","NORTE":"9252208","CODIGODM":"0302212BX01; 010236794","NOMBREDM":"LAGO AL-2 (FRACCIONADO); SAN\nJOSE N\u00ba 1","TITULARDM":"COMPA\u00d1IA MINERA LOS MANTOS S.A.; GOLD FIELDS LA CIMA S.A.A.; VIDALON\nPAREJA;  JAIME DAVID","RESPONSABLE":"ACTIVOS\nMINEROS S.A.C.","GENERADOR":"NO IDENTIFICADO","ESTUDIOAMB":"PLAN DE CIERRE DE 64\nPASIVOS AMBIENTALES EL","N":"2029"},"geometry":{"type":"Point","coordinates":[-78.59647,-6.75926]}},{"type":"Feature","properties":{"Name":"RESIDUO MINERO","description":"","OBJECTID":"601","PROVINCIA":"HUALGAYOC","DISTRITO":"HUALGAYOC","CUENCA":"LLAUCANO","ZONA":"17","EXUNIDAD":"EL DORADO (LLAUCANO)","TIPO":"RESIDUO MINERO","SUBTIPO":"DESMONTE DE MINA","REGION":"CAJAMARCA","ESTE":"765679","NORTE":"9252236","CODIGODM":"0302212BX01; 010236794","NOMBREDM":"LAGO AL-2 (FRACCIONADO); SAN\nJOSE N\u00ba 1","TITULARDM":"COMPA\u00d1IA MINERA LOS MANTOS S.A.; GOLD FIELDS LA CIMA S.A.A.; VIDALON\nPAREJA;  JAIME DAVID","RESPONSABLE":"ACTIVOS\nMINEROS S.A.C.","GENERADOR":"NO IDENTIFICADO","ESTUDIOAMB":"PLAN DE CIERRE DE 64\nPASIVOS AMBIENTALES EL","N":"2030"},"geometry":{"type":"Point","coordinates":[-78.5965,-6.75901]}},{"type":"Feature","properties":{"Name":"RESIDUO MINERO","description":"","OBJECTID":"539","PROVINCIA":"HUALGAYOC","DISTRITO":"CHUGUR","CUENCA":"LLAUCANO","ZONA":"17","EXUNIDAD":"CHUGUR (LLAUCANO)","TIPO":"RESIDUO MINERO","SUBTIPO":"DESMONTE DE MINA","REGION":"CAJAMARCA","ESTE":"758401","NORTE":"9256464","CODIGODM":"010000510L; 010336894","NOMBREDM":"ACUMULACION TANTAHUATAY;\nTANTAHUATAY N\u00ba 25","TITULARDM":"COMPA\u00d1IA DE MINAS BUENAVENTURA S.A.A.; COMPA\u00d1IA MINERA COIMOLACHE\nS.A.","RESPONSABLE":"---","GENERADOR":"NO IDENTIFICADO","ESTUDIOAMB":"---","N":"1968"},"geometry":{"type":"Point","coordinates":[-78.66249,-6.72111]}},{"type":"Feature","properties":{"Name":"LABOR MINERA","description":"","OBJECTID":"540","PROVINCIA":"HUALGAYOC","DISTRITO":"CHUGUR","CUENCA":"LLAUCANO","ZONA":"17","EXUNIDAD":"CHUGUR (LLAUCANO)","TIPO":"LABOR MINERA","SUBTIPO":"TRINCHERA","REGION":"CAJAMARCA","ESTE":"757883","NORTE":"9257069","CODIGODM":"010000510L; 03003689X01;\n03002951X01; 010336894;\n010053898","NOMBREDM":"ACUMULACION TANTAHUATAY; PERLA NEGRA N\u00ba 14; PROVEEDORA N\u00ba 2-D; TANTAHUATAY N\u00ba 25; VALLE\nSINCHAO","TITULARDM":"COMPA\u00d1IA DE MINAS BUENAVENTURA S.A.A.; COMPA\u00d1IA MINERA COIMOLACHE S.A.; COMPA\u00d1IA MINERA COLQUIRRUMI S.A.; EL MISTI GOLD S.A.","RESPONSABLE":"---","GENERADOR":"NO IDENTIFICADO","ESTUDIOAMB":"---","N":"1969"},"geometry":{"type":"Point","coordinates":[-78.6672,-6.71567]}},{"type":"Feature","properties":{"Name":"RESIDUO MINERO","description":"","OBJECTID":"541","PROVINCIA":"HUALGAYOC","DISTRITO":"CHUGUR","CUENCA":"LLAUCANO","ZONA":"17","EXUNIDAD":"CHUGUR (LLAUCANO)","TIPO":"RESIDUO MINERO","SUBTIPO":"DESMONTE DE MINA","REGION":"CAJAMARCA","ESTE":"757894","NORTE":"9257084","CODIGODM":"010000510L; 03003689X01;\n03002951X01; 010336894;\n010053898","NOMBREDM":"ACUMULACION TANTAHUATAY; PERLA NEGRA N\u00ba 14; PROVEEDORA N\u00ba 2-D; TANTAHUATAY N\u00ba 25; VALLE\nSINCHAO","TITULARDM":"COMPA\u00d1IA DE MINAS BUENAVENTURA S.A.A.; COMPA\u00d1IA MINERA COIMOLACHE S.A.; COMPA\u00d1IA MINERA COLQUIRRUMI S.A.; EL MISTI GOLD S.A.","RESPONSABLE":"---","GENERADOR":"NO IDENTIFICADO","ESTUDIOAMB":"---","N":"1970"},"geometry":{"type":"Point","coordinates":[-78.6671,-6.71553]}},{"type":"Feature","properties":{"Name":"LABOR MINERA","description":"","OBJECTID":"542","PROVINCIA":"HUALGAYOC","DISTRITO":"CHUGUR","CUENCA":"LLAUCANO","ZONA":"17","EXUNIDAD":"CHUGUR (LLAUCANO)","TIPO":"LABOR MINERA","SUBTIPO":"TAJO","REGION":"CAJAMARCA","ESTE":"758693","NORTE":"9256436","CODIGODM":"010000510L; 03000372X01;\n010012572U; 010336894","NOMBREDM":"ACUMULACION TANTAHUATAY; LA INQUISICION; MINCOSA;\nTANTAHUATAY N\u00ba 25","TITULARDM":"COMPA\u00d1IA DE MINAS BUENAVENTURA S.A.A.; COMPA\u00d1IA MINERA COIMOLACHE S.A.; MINERA INCOGNITA S.A.; S.M.R.L. EL SINCHAO DE CAJAMARCA","RESPONSABLE":"---","GENERADOR":"NO IDENTIFICADO","ESTUDIOAMB":"---","N":"1971"},"geometry":{"type":"Point","coordinates":[-78.65985,-6.72135]}},{"type":"Feature","properties":{"Name":"RESIDUO MINERO","description":"","OBJECTID":"543","PROVINCIA":"HUALGAYOC","DISTRITO":"CHUGUR","CUENCA":"LLAUCANO","ZONA":"17","EXUNIDAD":"CHUGUR (LLAUCANO)","TIPO":"RESIDUO MINERO","SUBTIPO":"DESMONTE DE MINA","REGION":"CAJAMARCA","ESTE":"759054","NORTE":"9256218","CODIGODM":"010000510L; 03000308Y01;\n010012572U; 010336894","NOMBREDM":"ACUMULACION TANTAHUATAY; EL\nSINCHAO; MINCOSA; TANTAHUATAY N\u00ba 25","TITULARDM":"COMPA\u00d1IA DE MINAS BUENAVENTURA S.A.A.; COMPA\u00d1IA MINERA COIMOLACHE S.A.; MINERA INCOGNITA S.A.; S.M.R.L. EL SINCHAO DE CAJAMARCA","RESPONSABLE":"---","GENERADOR":"NO IDENTIFICADO","ESTUDIOAMB":"---","N":"1972"},"geometry":{"type":"Point","coordinates":[-78.65657,-6.72331]}},{"type":"Feature","properties":{"Name":"LABOR MINERA","description":"","OBJECTID":"544","PROVINCIA":"HUALGAYOC","DISTRITO":"CHUGUR","CUENCA":"LLAUCANO","ZONA":"17","EXUNIDAD":"CHUGUR (LLAUCANO)","TIPO":"LABOR MINERA","SUBTIPO":"TAJO","REGION":"CAJAMARCA","ESTE":"757951","NORTE":"9256950","CODIGODM":"010000510L; 03000042X01;\n03003689X01; 010336894;\n010053898","NOMBREDM":"ACUMULACION TANTAHUATAY; MARIA EUGENIA; PERLA NEGRA N\u00ba 14; TANTAHUATAY N\u00ba 25;\nVALLE SINCHAO","TITULARDM":"COMPA\u00d1IA DE MINAS BUENAVENTURA S.A.A.; COMPA\u00d1IA MINERA COIMOLACHE S.A.; EL MISTI GOLD S.A.; MINAS DEL SINCHAO S.A.; S.M.R.L. RITA MARGOT DE CAJAMARCA","RESPONSABLE":"---","GENERADOR":"NO IDENTIFICADO","ESTUDIOAMB":"---","N":"1973"},"geometry":{"type":"Point","coordinates":[-78.66658,-6.71674]}},{"type":"Feature","properties":{"Name":"LABOR MINERA","description":"","OBJECTID":"545","PROVINCIA":"HUALGAYOC","DISTRITO":"CHUGUR","CUENCA":"LLAUCANO","ZONA":"17","EXUNIDAD":"CHUGUR (LLAUCANO)","TIPO":"LABOR MINERA","SUBTIPO":"BOCAMINA","REGION":"CAJAMARCA","ESTE":"759073","NORTE":"9256231","CODIGODM":"010000510L; 03000308Y01;\n010012572U; 010336894","NOMBREDM":"ACUMULACION TANTAHUATAY; EL SINCHAO; MINCOSA;\nTANTAHUATAY N\u00ba 25","TITULARDM":"COMPA\u00d1IA DE MINAS BUENAVENTURA S.A.A.; COMPA\u00d1IA MINERA COIMOLACHE S.A.; MINERA INCOGNITA S.A.; S.M.R.L. EL SINCHAO DE CAJAMARCA","RESPONSABLE":"---","GENERADOR":"NO IDENTIFICADO","ESTUDIOAMB":"---","N":"1974"},"geometry":{"type":"Point","coordinates":[-78.6564,-6.72319]}},{"type":"Feature","properties":{"Name":"LABOR MINERA","description":"","OBJECTID":"546","PROVINCIA":"HUALGAYOC","DISTRITO":"CHUGUR","CUENCA":"LLAUCANO","ZONA":"17","EXUNIDAD":"CHUGUR (LLAUCANO)","TIPO":"LABOR MINERA","SUBTIPO":"BOCAMINA","REGION":"CAJAMARCA","ESTE":"759075","NORTE":"9256233","CODIGODM":"010000510L; 03000308Y01;\n010012572U; 010336894","NOMBREDM":"ACUMULACION TANTAHUATAY; EL SINCHAO; MINCOSA;\nTANTAHUATAY N\u00ba 25","TITULARDM":"COMPA\u00d1IA DE MINAS BUENAVENTURA S.A.A.; COMPA\u00d1IA MINERA COIMOLACHE S.A.; MINERA INCOGNITA S.A.; S.M.R.L. EL SINCHAO DE CAJAMARCA","RESPONSABLE":"---","GENERADOR":"NO IDENTIFICADO","ESTUDIOAMB":"---","N":"1975"},"geometry":{"type":"Point","coordinates":[-78.65638,-6.72317]}},{"type":"Feature","properties":{"Name":"RESIDUO MINERO","description":"","OBJECTID":"547","PROVINCIA":"HUALGAYOC","DISTRITO":"CHUGUR","CUENCA":"LLAUCANO","ZONA":"17","EXUNIDAD":"CHUGUR (LLAUCANO)","TIPO":"RESIDUO MINERO","SUBTIPO":"DESMONTE DE MINA","REGION":"CAJAMARCA","ESTE":"759046","NORTE":"9256309","CODIGODM":"010000510L; 010000184U;\n010000978U; 0302146FX01;\n010336894","NOMBREDM":"ACUMULACION TANTAHUATAY; CAROLINA N\u00ba1; COLORADA; EL MANJAR N\u00ba 2-A9 (FRACCIONADO); TANTAHUATAY N\u00ba 25","TITULARDM":"COMPA\u00d1IA DE MINAS BUENAVENTURA S.A.A.; COMPA\u00d1IA MINERA COIMOLACHE S.A.; COMPA\u00d1IA MINERA SAN NICOLAS S.A.; CONSOLIDADA DE HUALGAYOC S.A.; GOLD FIELDS LA CIMA S.A.; HUALGAYOC HOLDING S.A.C.; SOCIEDAD MINERA CORONA S.A.; SOCIEDAD MINERA LA CIMA S.A.","RESPONSABLE":"---","GENERADOR":"NO IDENTIFICADO","ESTUDIOAMB":"---","N":"1976"},"geometry":{"type":"Point","coordinates":[-78.65665,-6.72248]}},{"type":"Feature","properties":{"Name":"RESIDUO MINERO","description":"","OBJECTID":"664","PROVINCIA":"HUALGAYOC","DISTRITO":"HUALGAYOC","CUENCA":"LLAUCANO","ZONA":"17","EXUNIDAD":"LA PASTORA (LLAUCANO)","TIPO":"RESIDUO MINERO","SUBTIPO":"DESMONTE DE MINA","REGION":"CAJAMARCA","ESTE":"765157","NORTE":"9251074","CODIGODM":"010006972U; 03001068X01;\n010236794","NOMBREDM":"DORADO; MARIO; SAN JOSE N\u00ba 1","TITULARDM":"CARASSAI PIERUCCI;  FERRUCIO; COMPA\u00d1IA MINERA LOS MANTOS S.A.; GOLD\nFIELDS LA CIMA S.A.A.; VIDALON PAREJA;  JAIME DAVID","RESPONSABLE":"ACTIVOS\nMINEROS S.A.C.","GENERADOR":"IDENTIFICADO","ESTUDIOAMB":"PCPAM DE LA EUM LA\nPASTORA","N":"2093"},"geometry":{"type":"Point","coordinates":[-78.60117,-6.76953]}},{"type":"Feature","properties":{"Name":"LABOR MINERA","description":"","OBJECTID":"665","PROVINCIA":"HUALGAYOC","DISTRITO":"HUALGAYOC","CUENCA":"LLAUCANO","ZONA":"17","EXUNIDAD":"LA PASTORA (LLAUCANO)","TIPO":"LABOR MINERA","SUBTIPO":"TRINCHERA","REGION":"CAJAMARCA","ESTE":"765962","NORTE":"9251146","CODIGODM":"0302212AX01; 010346594","NOMBREDM":"LAGO AL-1 (FRACCIONADO);\nSOCAVON JAPETAS","TITULARDM":"COMPA\u00d1IA MINERA LOS MANTOS S.A.; ZARATE MIRANDA;  ALEJANDRO\nFRANCISCO","RESPONSABLE":"ACTIVOS\nMINEROS S.A.C.","GENERADOR":"IDENTIFICADO","ESTUDIOAMB":"PCPAM DE LA EUM LA\nPASTORA","N":"2094"},"geometry":{"type":"Point","coordinates":[-78.59389,-6.76884]}},{"type":"Feature","properties":{"Name":"LABOR MINERA","description":"","OBJECTID":"666","PROVINCIA":"HUALGAYOC","DISTRITO":"HUALGAYOC","CUENCA":"LLAUCANO","ZONA":"17","EXUNIDAD":"LA PASTORA (LLAUCANO)","TIPO":"LABOR MINERA","SUBTIPO":"TRINCHERA","REGION":"CAJAMARCA","ESTE":"765934","NORTE":"9251141","CODIGODM":"0302212AX01; 010346594","NOMBREDM":"LAGO AL-1 (FRACCIONADO);\nSOCAVON JAPETAS","TITULARDM":"COMPA\u00d1IA MINERA LOS MANTOS S.A.; ZARATE MIRANDA;  ALEJANDRO\nFRANCISCO","RESPONSABLE":"ACTIVOS\nMINEROS S.A.C.","GENERADOR":"IDENTIFICADO","ESTUDIOAMB":"PCPAM DE LA EUM LA\nPASTORA","N":"2095"},"geometry":{"type":"Point","coordinates":[-78.59415,-6.76889]}},{"type":"Feature","properties":{"Name":"LABOR MINERA","description":"","OBJECTID":"667","PROVINCIA":"HUALGAYOC","DISTRITO":"HUALGAYOC","CUENCA":"LLAUCANO","ZONA":"17","EXUNIDAD":"LA PASTORA (LLAUCANO)","TIPO":"LABOR MINERA","SUBTIPO":"TRINCHERA","REGION":"CAJAMARCA","ESTE":"764898","NORTE":"9251150","CODIGODM":"010000184U; 0301032AX01;\n010236794","NOMBREDM":"CAROLINA N\u00ba1; QUIJOTE-A1; SAN JOSE N\u00ba 1","TITULARDM":"CONSOLIDADA DE HUALGAYOC S.A.; GOLD FIELDS LA CIMA S.A.; GOLD FIELDS LA CIMA S.A.A.; HUALGAYOC HOLDING S.A.C.; SOCIEDAD MINERA CORONA S.A.; SOCIEDAD MINERA LA CIMA S.A.; VIDALON PAREJA;  JAIME DAVID","RESPONSABLE":"ACTIVOS MINEROS S.A.C.","GENERADOR":"IDENTIFICADO","ESTUDIOAMB":"PCPAM DE LA EUM LA PASTORA","N":"2096"},"geometry":{"type":"Point","coordinates":[-78.60351,-6.76886]}},{"type":"Feature","properties":{"Name":"LABOR MINERA","description":"","OBJECTID":"668","PROVINCIA":"HUALGAYOC","DISTRITO":"HUALGAYOC","CUENCA":"LLAUCANO","ZONA":"17","EXUNIDAD":"LA PASTORA (LLAUCANO)","TIPO":"LABOR MINERA","SUBTIPO":"TRINCHERA","REGION":"CAJAMARCA","ESTE":"765314","NORTE":"9251129","CODIGODM":"010006972U; 03001068X01;\n010236794","NOMBREDM":"DORADO; MARIO; SAN JOSE N\u00ba 1","TITULARDM":"CARASSAI PIERUCCI;  FERRUCIO; COMPA\u00d1IA MINERA LOS MANTOS S.A.; GOLD\nFIELDS LA CIMA S.A.A.; VIDALON PAREJA;  JAIME DAVID","RESPONSABLE":"ACTIVOS\nMINEROS S.A.C.","GENERADOR":"IDENTIFICADO","ESTUDIOAMB":"PCPAM DE LA EUM LA\nPASTORA","N":"2097"},"geometry":{"type":"Point","coordinates":[-78.59975,-6.76903]}},{"type":"Feature","properties":{"Name":"LABOR MINERA","description":"","OBJECTID":"669","PROVINCIA":"HUALGAYOC","DISTRITO":"HUALGAYOC","CUENCA":"LLAUCANO","ZONA":"17","EXUNIDAD":"LA PASTORA (LLAUCANO)","TIPO":"LABOR MINERA","SUBTIPO":"TRINCHERA","REGION":"CAJAMARCA","ESTE":"765250","NORTE":"9251061","CODIGODM":"010006972U; 03001068X01;\n010236794","NOMBREDM":"DORADO; MARIO; SAN JOSE N\u00ba 1","TITULARDM":"CARASSAI PIERUCCI;  FERRUCIO; COMPA\u00d1IA MINERA LOS MANTOS S.A.; GOLD\nFIELDS LA CIMA S.A.A.; VIDALON PAREJA;  JAIME DAVID","RESPONSABLE":"ACTIVOS\nMINEROS S.A.C.","GENERADOR":"IDENTIFICADO","ESTUDIOAMB":"PCPAM DE LA EUM LA\nPASTORA","N":"2098"},"geometry":{"type":"Point","coordinates":[-78.60033,-6.76964]}},{"type":"Feature","properties":{"Name":"LABOR MINERA","description":"","OBJECTID":"670","PROVINCIA":"HUALGAYOC","DISTRITO":"HUALGAYOC","CUENCA":"LLAUCANO","ZONA":"17","EXUNIDAD":"LA PASTORA (LLAUCANO)","TIPO":"LABOR MINERA","SUBTIPO":"BOCAMINA","REGION":"CAJAMARCA","ESTE":"764912","NORTE":"9251210","CODIGODM":"010000184U; 0301032AX01;\n010236794","NOMBREDM":"CAROLINA N\u00ba1; QUIJOTE-A1; SAN JOSE N\u00ba 1","TITULARDM":"CONSOLIDADA DE HUALGAYOC S.A.; GOLD FIELDS LA CIMA S.A.; GOLD FIELDS LA CIMA S.A.A.; HUALGAYOC HOLDING S.A.C.; SOCIEDAD MINERA CORONA S.A.; SOCIEDAD MINERA LA CIMA S.A.; VIDALON PAREJA;  JAIME DAVID","RESPONSABLE":"ACTIVOS MINEROS S.A.C.","GENERADOR":"IDENTIFICADO","ESTUDIOAMB":"PCPAM DE LA EUM LA PASTORA","N":"2099"},"geometry":{"type":"Point","coordinates":[-78.60339,-6.76831]}},{"type":"Feature","properties":{"Name":"LABOR MINERA","description":"","OBJECTID":"671","PROVINCIA":"HUALGAYOC","DISTRITO":"HUALGAYOC","CUENCA":"LLAUCANO","ZONA":"17","EXUNIDAD":"LA PASTORA (LLAUCANO)","TIPO":"LABOR MINERA","SUBTIPO":"TRINCHERA","REGION":"CAJAMARCA","ESTE":"765157","NORTE":"9251251","CODIGODM":"010006972U; 03001068X01;\n010236794","NOMBREDM":"DORADO; MARIO; SAN JOSE N\u00ba 1","TITULARDM":"CARASSAI PIERUCCI;  FERRUCIO; COMPA\u00d1IA MINERA LOS MANTOS S.A.; GOLD\nFIELDS LA CIMA S.A.A.; VIDALON PAREJA;  JAIME DAVID","RESPONSABLE":"ACTIVOS\nMINEROS S.A.C.","GENERADOR":"IDENTIFICADO","ESTUDIOAMB":"PCPAM DE LA EUM LA\nPASTORA","N":"2100"},"geometry":{"type":"Point","coordinates":[-78.60118,-6.76793]}},{"type":"Feature","properties":{"Name":"LABOR MINERA","description":"","OBJECTID":"672","PROVINCIA":"HUALGAYOC","DISTRITO":"HUALGAYOC","CUENCA":"LLAUCANO","ZONA":"17","EXUNIDAD":"LA PASTORA (LLAUCANO)","TIPO":"LABOR MINERA","SUBTIPO":"TAJO","REGION":"CAJAMARCA","ESTE":"765344","NORTE":"9251158","CODIGODM":"010006972U; 03001068X01;\n010236794","NOMBREDM":"DORADO; MARIO; SAN JOSE N\u00ba 1","TITULARDM":"CARASSAI PIERUCCI;  FERRUCIO; COMPA\u00d1IA MINERA LOS MANTOS S.A.; GOLD\nFIELDS LA CIMA S.A.A.; VIDALON PAREJA;  JAIME DAVID","RESPONSABLE":"ACTIVOS\nMINEROS S.A.C.","GENERADOR":"IDENTIFICADO","ESTUDIOAMB":"PCPAM DE LA EUM LA\nPASTORA","N":"2101"},"geometry":{"type":"Point","coordinates":[-78.59948,-6.76876]}},{"type":"Feature","properties":{"Name":"RESIDUO MINERO","description":"","OBJECTID":"610","PROVINCIA":"HUALGAYOC","DISTRITO":"HUALGAYOC","CUENCA":"LLAUCANO","ZONA":"17","EXUNIDAD":"EL DORADO (LLAUCANO)","TIPO":"RESIDUO MINERO","SUBTIPO":"RELAVES","REGION":"CAJAMARCA","ESTE":"766543","NORTE":"9253138","CODIGODM":"03002274X01; 010009372U;\n010460295","NOMBREDM":"COLQUIRRUMI N\u00ba 22; SAN AGUSTIN N\u00ba1; ZAIN","TITULARDM":"COMPA\u00d1IA MINERA COLQUIRRUMI S.A.; CONSOLIDADA DE HUALGAYOC S.A.; ZARATE MIRANDA;  ALEJANDRO FRANCISCO","RESPONSABLE":"MINEM","GENERADOR":"NO IDENTIFICADO","ESTUDIOAMB":"PLAN DE CIERRE DE LA REMEDIACION DE 55 PASIVOS AMBIENTALES MINEROS LA\nTAHONA","N":"2039"},"geometry":{"type":"Point","coordinates":[-78.58873,-6.75081]}},{"type":"Feature","properties":{"Name":"LABOR MINERA","description":"","OBJECTID":"611","PROVINCIA":"HUALGAYOC","DISTRITO":"HUALGAYOC","CUENCA":"LLAUCANO","ZONA":"17","EXUNIDAD":"EL DORADO (LLAUCANO)","TIPO":"LABOR MINERA","SUBTIPO":"BOCAMINA","REGION":"CAJAMARCA","ESTE":"765866","NORTE":"9251912","CODIGODM":"0302212BX01; 010778195","NOMBREDM":"LAGO AL-2 (FRACCIONADO); SAN\nJOSE N\u00ba 1-A","TITULARDM":"COMPA\u00d1IA MINERA LOS MANTOS S.A.; GOLD FIELDS LA CIMA S.A.A.; VIDALON\nPAREJA;  JAIME DAVID","RESPONSABLE":"ACTIVOS\nMINEROS S.A.C.","GENERADOR":"NO IDENTIFICADO","ESTUDIOAMB":"PLAN DE CIERRE DE 64\nPASIVOS AMBIENTALES EL","N":"2040"},"geometry":{"type":"Point","coordinates":[-78.5948,-6.76193]}},{"type":"Feature","properties":{"Name":"LABOR MINERA","description":"","OBJECTID":"612","PROVINCIA":"HUALGAYOC","DISTRITO":"HUALGAYOC","CUENCA":"LLAUCANO","ZONA":"17","EXUNIDAD":"EL DORADO (LLAUCANO)","TIPO":"LABOR MINERA","SUBTIPO":"BOCAMINA","REGION":"CAJAMARCA","ESTE":"766043","NORTE":"9252237","CODIGODM":"03002121X01; 010778195","NOMBREDM":"CHABUCA SEGUNDA; SAN JOSE N\u00ba 1-A","TITULARDM":"COMPA\u00d1IA MINERA COLQUIRRUMI S.A.; COMPA\u00d1IA MINERA LOS MANTOS S.A.; GOLD FIELDS LA CIMA S.A.A.; S.M.R.L. BENAVIDES N\u00ba1 DE CAJAMARCA; VIDALON\nPAREJA;  JAIME DAVID","RESPONSABLE":"ACTIVOS MINEROS S.A.C.","GENERADOR":"NO IDENTIFICADO","ESTUDIOAMB":"PLAN DE CIERRE DE 64 PASIVOS AMBIENTALES EL\nDORADO","N":"2041"},"geometry":{"type":"Point","coordinates":[-78.59321,-6.75898]}},{"type":"Feature","properties":{"Name":"LABOR MINERA","description":"","OBJECTID":"613","PROVINCIA":"HUALGAYOC","DISTRITO":"HUALGAYOC","CUENCA":"LLAUCANO","ZONA":"17","EXUNIDAD":"EL DORADO (LLAUCANO)","TIPO":"LABOR MINERA","SUBTIPO":"BOCAMINA","REGION":"CAJAMARCA","ESTE":"765837","NORTE":"9251904","CODIGODM":"0302212BX01; 010778195","NOMBREDM":"LAGO AL-2 (FRACCIONADO); SAN\nJOSE N\u00ba 1-A","TITULARDM":"COMPA\u00d1IA MINERA LOS MANTOS S.A.; GOLD FIELDS LA CIMA S.A.A.; VIDALON\nPAREJA;  JAIME DAVID","RESPONSABLE":"ACTIVOS\nMINEROS S.A.C.","GENERADOR":"NO IDENTIFICADO","ESTUDIOAMB":"PLAN DE CIERRE DE 64\nPASIVOS AMBIENTALES EL","N":"2042"},"geometry":{"type":"Point","coordinates":[-78.59506,-6.762]}},{"type":"Feature","properties":{"Name":"LABOR MINERA","description":"","OBJECTID":"614","PROVINCIA":"HUALGAYOC","DISTRITO":"HUALGAYOC","CUENCA":"LLAUCANO","ZONA":"17","EXUNIDAD":"EL DORADO (LLAUCANO)","TIPO":"LABOR MINERA","SUBTIPO":"TRINCHERA","REGION":"CAJAMARCA","ESTE":"765576","NORTE":"9251948","CODIGODM":"0302212BX01; 010009372U;\n010236794","NOMBREDM":"LAGO AL-2 (FRACCIONADO); SAN AGUSTIN N\u00ba1; SAN JOSE N\u00ba 1","TITULARDM":"COMPA\u00d1IA MINERA COLQUIRRUMI S.A.; COMPA\u00d1IA MINERA LOS MANTOS S.A.; GOLD FIELDS LA CIMA S.A.A.; VIDALON PAREJA;  JAIME DAVID","RESPONSABLE":"ACTIVOS MINEROS S.A.C.","GENERADOR":"NO IDENTIFICADO","ESTUDIOAMB":"PLAN DE CIERRE DE 64 PASIVOS AMBIENTALES EL\nDORADO","N":"2043"},"geometry":{"type":"Point","coordinates":[-78.59742,-6.76161]}},{"type":"Feature","properties":{"Name":"LABOR MINERA","description":"","OBJECTID":"615","PROVINCIA":"HUALGAYOC","DISTRITO":"HUALGAYOC","CUENCA":"LLAUCANO","ZONA":"17","EXUNIDAD":"EL DORADO (LLAUCANO)","TIPO":"LABOR MINERA","SUBTIPO":"TRINCHERA","REGION":"CAJAMARCA","ESTE":"766078","NORTE":"9252249","CODIGODM":"03001014X01; 010778195","NOMBREDM":"DORADO; SAN JOSE N\u00ba 1-A","TITULARDM":"COMPA\u00d1IA MINERA LOS MANTOS S.A.; GOLD FIELDS LA CIMA S.A.A.; SANTOLALLA BERNAL;  ELOY U; S.M.R.L. DORADO; VIDALON PAREJA;  JAIME DAVID","RESPONSABLE":"ACTIVOS MINEROS S.A.C.","GENERADOR":"NO IDENTIFICADO","ESTUDIOAMB":"PLAN DE CIERRE DE 64 PASIVOS AMBIENTALES EL\nDORADO","N":"2044"},"geometry":{"type":"Point","coordinates":[-78.59289,-6.75887]}},{"type":"Feature","properties":{"Name":"LABOR MINERA","description":"","OBJECTID":"616","PROVINCIA":"HUALGAYOC","DISTRITO":"HUALGAYOC","CUENCA":"LLAUCANO","ZONA":"17","EXUNIDAD":"EL DORADO (LLAUCANO)","TIPO":"LABOR MINERA","SUBTIPO":"TRINCHERA","REGION":"CAJAMARCA","ESTE":"765995","NORTE":"9252005","CODIGODM":"03001061X01; 010778195","NOMBREDM":"CENTINELA; SAN JOSE N\u00ba 1-A","TITULARDM":"GOLD FIELDS LA CIMA S.A.A.; SANTOLALLA BERNAL;  ELOY U; SANTOLALLA ESTELA; ALBERTO HECTOR; SANTOLALLA ESTELA;  HECTOR LUIS; SANTOLALLA ESTELA; MARINA LUZ; SANTOLALLA ESTELA;  RODOLFO ELOY; SANTOLALLA SANCHEZ; CLARA CELESTINA; S.M.R.L. DORADO; VIDALON PAR","RESPONSABLE":"ACTIVOS MINEROS S.A.C.","GENERADOR":"NO IDENTIFICADO","ESTUDIOAMB":"PLAN DE CIERRE DE 64 PASIVOS AMBIENTALES EL DORADO","N":"2045"},"geometry":{"type":"Point","coordinates":[-78.59363,-6.76108]}},{"type":"Feature","properties":{"Name":"RESIDUO MINERO","description":"","OBJECTID":"617","PROVINCIA":"HUALGAYOC","DISTRITO":"HUALGAYOC","CUENCA":"LLAUCANO","ZONA":"17","EXUNIDAD":"EL DORADO (LLAUCANO)","TIPO":"RESIDUO MINERO","SUBTIPO":"DESMONTE DE MINA","REGION":"CAJAMARCA","ESTE":"765865","NORTE":"9251907","CODIGODM":"0302212BX01; 010778195","NOMBREDM":"LAGO AL-2 (FRACCIONADO); SAN\nJOSE N\u00ba 1-A","TITULARDM":"COMPA\u00d1IA MINERA LOS MANTOS S.A.; GOLD FIELDS LA CIMA S.A.A.; VIDALON\nPAREJA;  JAIME DAVID","RESPONSABLE":"ACTIVOS\nMINEROS S.A.C.","GENERADOR":"NO IDENTIFICADO","ESTUDIOAMB":"PLAN DE CIERRE DE 64\nPASIVOS AMBIENTALES EL","N":"2046"},"geometry":{"type":"Point","coordinates":[-78.59481,-6.76197]}},{"type":"Feature","properties":{"Name":"RESIDUO MINERO","description":"","OBJECTID":"618","PROVINCIA":"HUALGAYOC","DISTRITO":"HUALGAYOC","CUENCA":"LLAUCANO","ZONA":"17","EXUNIDAD":"EL DORADO (LLAUCANO)","TIPO":"RESIDUO MINERO","SUBTIPO":"DESMONTE DE MINA","REGION":"CAJAMARCA","ESTE":"765661","NORTE":"9251942","CODIGODM":"0302212BX01; 010236794","NOMBREDM":"LAGO AL-2 (FRACCIONADO); SAN\nJOSE N\u00ba 1","TITULARDM":"COMPA\u00d1IA MINERA LOS MANTOS S.A.; GOLD FIELDS LA CIMA S.A.A.; VIDALON\nPAREJA;  JAIME DAVID","RESPONSABLE":"ACTIVOS\nMINEROS S.A.C.","GENERADOR":"NO IDENTIFICADO","ESTUDIOAMB":"PLAN DE CIERRE DE 64\nPASIVOS AMBIENTALES EL","N":"2047"},"geometry":{"type":"Point","coordinates":[-78.59665,-6.76166]}},{"type":"Feature","properties":{"Name":"RESIDUO MINERO","description":"","OBJECTID":"619","PROVINCIA":"HUALGAYOC","DISTRITO":"HUALGAYOC","CUENCA":"LLAUCANO","ZONA":"17","EXUNIDAD":"EL DORADO (LLAUCANO)","TIPO":"RESIDUO MINERO","SUBTIPO":"DESMONTE DE MINA","REGION":"CAJAMARCA","ESTE":"766010","NORTE":"9252218","CODIGODM":"03002121X01; 010778195","NOMBREDM":"CHABUCA SEGUNDA; SAN JOSE N\u00ba 1-A","TITULARDM":"COMPA\u00d1IA MINERA COLQUIRRUMI S.A.; COMPA\u00d1IA MINERA LOS MANTOS S.A.; GOLD FIELDS LA CIMA S.A.A.; S.M.R.L. BENAVIDES N\u00ba1 DE CAJAMARCA; VIDALON\nPAREJA;  JAIME DAVID","RESPONSABLE":"ACTIVOS MINEROS S.A.C.","GENERADOR":"NO IDENTIFICADO","ESTUDIOAMB":"PLAN DE CIERRE DE 64 PASIVOS AMBIENTALES EL\nDORADO","N":"2048"},"geometry":{"type":"Point","coordinates":[-78.59351,-6.75915]}},{"type":"Feature","properties":{"Name":"RESIDUO MINERO","description":"","OBJECTID":"620","PROVINCIA":"HUALGAYOC","DISTRITO":"HUALGAYOC","CUENCA":"LLAUCANO","ZONA":"17","EXUNIDAD":"EL DORADO (LLAUCANO)","TIPO":"RESIDUO MINERO","SUBTIPO":"DESMONTE DE MINA","REGION":"CAJAMARCA","ESTE":"766035","NORTE":"9252236","CODIGODM":"03002121X01; 010778195","NOMBREDM":"CHABUCA SEGUNDA; SAN JOSE N\u00ba 1-A","TITULARDM":"COMPA\u00d1IA MINERA COLQUIRRUMI S.A.; COMPA\u00d1IA MINERA LOS MANTOS S.A.; GOLD FIELDS LA CIMA S.A.A.; S.M.R.L. BENAVIDES N\u00ba1 DE CAJAMARCA; VIDALON\nPAREJA;  JAIME DAVID","RESPONSABLE":"ACTIVOS MINEROS S.A.C.","GENERADOR":"NO IDENTIFICADO","ESTUDIOAMB":"PLAN DE CIERRE DE 64 PASIVOS AMBIENTALES EL\nDORADO","N":"2049"},"geometry":{"type":"Point","coordinates":[-78.59328,-6.75899]}},{"type":"Feature","properties":{"Name":"RESIDUO MINERO","description":"","OBJECTID":"621","PROVINCIA":"HUALGAYOC","DISTRITO":"HUALGAYOC","CUENCA":"LLAUCANO","ZONA":"17","EXUNIDAD":"EL DORADO (LLAUCANO)","TIPO":"RESIDUO MINERO","SUBTIPO":"DESMONTE DE MINA","REGION":"CAJAMARCA","ESTE":"766055","NORTE":"9252216","CODIGODM":"010778195","NOMBREDM":"SAN JOSE N\u00ba 1-A","TITULARDM":"GOLD FIELDS LA CIMA S.A.A.; VIDALON PAREJA;  JAIME DAVID","RESPONSABLE":"ACTIVOS\nMINEROS S.A.C.","GENERADOR":"NO IDENTIFICADO","ESTUDIOAMB":"PLAN DE CIERRE DE 64\nPASIVOS AMBIENTALES EL","N":"2050"},"geometry":{"type":"Point","coordinates":[-78.5931,-6.75917]}},{"type":"Feature","properties":{"Name":"RESIDUO MINERO","description":"","OBJECTID":"622","PROVINCIA":"HUALGAYOC","DISTRITO":"HUALGAYOC","CUENCA":"LLAUCANO","ZONA":"17","EXUNIDAD":"EL DORADO (LLAUCANO)","TIPO":"RESIDUO MINERO","SUBTIPO":"DESMONTE DE MINA","REGION":"CAJAMARCA","ESTE":"765769","NORTE":"9251932","CODIGODM":"0302212BX01; 010778195","NOMBREDM":"LAGO AL-2 (FRACCIONADO); SAN\nJOSE N\u00ba 1-A","TITULARDM":"COMPA\u00d1IA MINERA LOS MANTOS S.A.; GOLD FIELDS LA CIMA S.A.A.; VIDALON\nPAREJA;  JAIME DAVID","RESPONSABLE":"ACTIVOS\nMINEROS S.A.C.","GENERADOR":"NO IDENTIFICADO","ESTUDIOAMB":"PLAN DE CIERRE DE 64\nPASIVOS AMBIENTALES EL","N":"2051"},"geometry":{"type":"Point","coordinates":[-78.59567,-6.76175]}},{"type":"Feature","properties":{"Name":"LABOR MINERA","description":"","OBJECTID":"623","PROVINCIA":"HUALGAYOC","DISTRITO":"HUALGAYOC","CUENCA":"LLAUCANO","ZONA":"17","EXUNIDAD":"EL DORADO (LLAUCANO)","TIPO":"LABOR MINERA","SUBTIPO":"BOCAMINA","REGION":"CAJAMARCA","ESTE":"765966","NORTE":"9252319","CODIGODM":"010003686U; 03002852X01;\n010778195","NOMBREDM":"CONLASO; LAGO D-1; SAN JOSE N\u00ba 1-A","TITULARDM":"COMPA\u00d1IA MINERA CONLASO S.A.; COMPA\u00d1IA MINERA LOS MANTOS S.A.; GOLD FIELDS LA CIMA S.A.A.; SOLICITANTE DE UEA DESCONOCIDO; VIDALON PAREJA;\nJAIME DAVID","RESPONSABLE":"ACTIVOS MINEROS S.A.C.","GENERADOR":"IDENTIFICADO","ESTUDIOAMB":"PLAN DE CIERRE DE 64 PASIVOS AMBIENTALES EL\nDORADO","N":"2052"},"geometry":{"type":"Point","coordinates":[-78.59391,-6.75824]}},{"type":"Feature","properties":{"Name":"LABOR MINERA","description":"","OBJECTID":"624","PROVINCIA":"HUALGAYOC","DISTRITO":"HUALGAYOC","CUENCA":"LLAUCANO","ZONA":"17","EXUNIDAD":"EL DORADO (LLAUCANO)","TIPO":"LABOR MINERA","SUBTIPO":"BOCAMINA","REGION":"CAJAMARCA","ESTE":"765960","NORTE":"9252324","CODIGODM":"03002121X01; 010778195","NOMBREDM":"CHABUCA SEGUNDA; SAN JOSE N\u00ba 1-A","TITULARDM":"COMPA\u00d1IA MINERA COLQUIRRUMI S.A.; COMPA\u00d1IA MINERA LOS MANTOS S.A.; GOLD FIELDS LA CIMA S.A.A.; S.M.R.L. BENAVIDES N\u00ba1 DE CAJAMARCA; VIDALON\nPAREJA;  JAIME DAVID","RESPONSABLE":"ACTIVOS MINEROS S.A.C.","GENERADOR":"NO IDENTIFICADO","ESTUDIOAMB":"PLAN DE CIERRE DE 64 PASIVOS AMBIENTALES EL\nDORADO","N":"2053"},"geometry":{"type":"Point","coordinates":[-78.59397,-6.7582]}},{"type":"Feature","properties":{"Name":"LABOR MINERA","description":"","OBJECTID":"625","PROVINCIA":"HUALGAYOC","DISTRITO":"HUALGAYOC","CUENCA":"LLAUCANO","ZONA":"17","EXUNIDAD":"EL DORADO (LLAUCANO)","TIPO":"LABOR MINERA","SUBTIPO":"BOCAMINA","REGION":"CAJAMARCA","ESTE":"766159","NORTE":"9251884","CODIGODM":"010000978U; 03000111Y01;\n010778195","NOMBREDM":"COLORADA; FRATERNIDAD; SAN\nJOSE N\u00ba 1-A","TITULARDM":"COMPA\u00d1IA MINERA SAN NICOLAS S.A.; GOLD FIELDS LA CIMA S.A.A.; S.M.R.L.\nFRATERNIDAD DE CAJAMARCA; VIDALON PAREJA;  JAIME DAVID","RESPONSABLE":"ACTIVOS\nMINEROS S.A.C.","GENERADOR":"IDENTIFICADO","ESTUDIOAMB":"PLAN DE CIERRE DE 64\nPASIVOS AMBIENTALES EL","N":"2054"},"geometry":{"type":"Point","coordinates":[-78.59215,-6.76217]}},{"type":"Feature","properties":{"Name":"LABOR MINERA","description":"","OBJECTID":"626","PROVINCIA":"HUALGAYOC","DISTRITO":"HUALGAYOC","CUENCA":"LLAUCANO","ZONA":"17","EXUNIDAD":"EL DORADO (LLAUCANO)","TIPO":"LABOR MINERA","SUBTIPO":"BOCAMINA","REGION":"CAJAMARCA","ESTE":"766164","NORTE":"9251890","CODIGODM":"010000978U; 03000111Y01;\n010778195","NOMBREDM":"COLORADA; FRATERNIDAD; SAN\nJOSE N\u00ba 1-A","TITULARDM":"COMPA\u00d1IA MINERA SAN NICOLAS S.A.; GOLD FIELDS LA CIMA S.A.A.; S.M.R.L.\nFRATERNIDAD DE CAJAMARCA; VIDALON PAREJA;  JAIME DAVID","RESPONSABLE":"ACTIVOS\nMINEROS S.A.C.","GENERADOR":"IDENTIFICADO","ESTUDIOAMB":"PLAN DE CIERRE DE 64\nPASIVOS AMBIENTALES EL","N":"2055"},"geometry":{"type":"Point","coordinates":[-78.5921,-6.76211]}},{"type":"Feature","properties":{"Name":"RESIDUO MINERO","description":"","OBJECTID":"627","PROVINCIA":"HUALGAYOC","DISTRITO":"HUALGAYOC","CUENCA":"LLAUCANO","ZONA":"17","EXUNIDAD":"EL DORADO (LLAUCANO)","TIPO":"RESIDUO MINERO","SUBTIPO":"DESMONTE DE MINA","REGION":"CAJAMARCA","ESTE":"766126","NORTE":"9252045","CODIGODM":"03001014X01; 010778195","NOMBREDM":"DORADO; SAN JOSE N\u00ba 1-A","TITULARDM":"COMPA\u00d1IA MINERA LOS MANTOS S.A.; GOLD FIELDS LA CIMA S.A.A.; SANTOLALLA BERNAL;  ELOY U; S.M.R.L. DORADO; VIDALON PAREJA;  JAIME DAVID","RESPONSABLE":"ACTIVOS MINEROS S.A.C.","GENERADOR":"NO IDENTIFICADO","ESTUDIOAMB":"PLAN DE CIERRE DE 64 PASIVOS AMBIENTALES EL\nDORADO","N":"2056"},"geometry":{"type":"Point","coordinates":[-78.59245,-6.76071]}},{"type":"Feature","properties":{"Name":"RESIDUO MINERO","description":"","OBJECTID":"628","PROVINCIA":"HUALGAYOC","DISTRITO":"HUALGAYOC","CUENCA":"LLAUCANO","ZONA":"17","EXUNIDAD":"EL DORADO (LLAUCANO)","TIPO":"RESIDUO MINERO","SUBTIPO":"DESMONTE DE MINA","REGION":"CAJAMARCA","ESTE":"766064","NORTE":"9252047","CODIGODM":"03001014X01; 010778195","NOMBREDM":"DORADO; SAN JOSE N\u00ba 1-A","TITULARDM":"COMPA\u00d1IA MINERA LOS MANTOS S.A.; GOLD FIELDS LA CIMA S.A.A.; SANTOLALLA BERNAL;  ELOY U; S.M.R.L. DORADO; VIDALON PAREJA;  JAIME DAVID","RESPONSABLE":"ACTIVOS MINEROS S.A.C.","GENERADOR":"NO IDENTIFICADO","ESTUDIOAMB":"PLAN DE CIERRE DE 64 PASIVOS AMBIENTALES EL\nDORADO","N":"2057"},"geometry":{"type":"Point","coordinates":[-78.59301,-6.7607]}},{"type":"Feature","properties":{"Name":"RESIDUO MINERO","description":"","OBJECTID":"629","PROVINCIA":"HUALGAYOC","DISTRITO":"HUALGAYOC","CUENCA":"LLAUCANO","ZONA":"17","EXUNIDAD":"EL DORADO (LLAUCANO)","TIPO":"RESIDUO MINERO","SUBTIPO":"DESMONTE DE MINA","REGION":"CAJAMARCA","ESTE":"766160","NORTE":"9251900","CODIGODM":"010000978U; 010778195","NOMBREDM":"COLORADA; SAN JOSE N\u00ba 1-A","TITULARDM":"COMPA\u00d1IA MINERA SAN NICOLAS S.A.; GOLD FIELDS LA CIMA S.A.A.; VIDALON\nPAREJA;  JAIME DAVID","RESPONSABLE":"ACTIVOS\nMINEROS S.A.C.","GENERADOR":"IDENTIFICADO","ESTUDIOAMB":"PLAN DE CIERRE DE 64\nPASIVOS AMBIENTALES EL","N":"2058"},"geometry":{"type":"Point","coordinates":[-78.59214,-6.76202]}},{"type":"Feature","properties":{"Name":"INFRAESTRUCTURA","description":"","OBJECTID":"630","PROVINCIA":"HUALGAYOC","DISTRITO":"HUALGAYOC","CUENCA":"LLAUCANO","ZONA":"17","EXUNIDAD":"EL DORADO (LLAUCANO)","TIPO":"INFRAESTRUCTURA","SUBTIPO":"PLANTAS DE PROCESAMIENTO","REGION":"CAJAMARCA","ESTE":"765897","NORTE":"9252189","CODIGODM":"03001061X01; 010778195","NOMBREDM":"CENTINELA; SAN JOSE N\u00ba 1-A","TITULARDM":"GOLD FIELDS LA CIMA S.A.A.; SANTOLALLA BERNAL;  ELOY U; SANTOLALLA ESTELA; ALBERTO HECTOR; SANTOLALLA ESTELA;  HECTOR LUIS; SANTOLALLA ESTELA; MARINA LUZ; SANTOLALLA ESTELA;  RODOLFO ELOY; SANTOLALLA SANCHEZ; CLARA CELESTINA; S.M.R.L. DORADO; VIDALON PAR","RESPONSABLE":"ACTIVOS MINEROS S.A.C.","GENERADOR":"NO IDENTIFICADO","ESTUDIOAMB":"PLAN DE CIERRE DE 64 PASIVOS AMBIENTALES EL DORADO","N":"2059"},"geometry":{"type":"Point","coordinates":[-78.59453,-6.75942]}},{"type":"Feature","properties":{"Name":"RESIDUO MINERO","description":"","OBJECTID":"631","PROVINCIA":"HUALGAYOC","DISTRITO":"HUALGAYOC","CUENCA":"LLAUCANO","ZONA":"17","EXUNIDAD":"EL DORADO (LLAUCANO)","TIPO":"RESIDUO MINERO","SUBTIPO":"DESMONTE DE MINA","REGION":"CAJAMARCA","ESTE":"765868","NORTE":"9252157","CODIGODM":"03001061X01; 010778195","NOMBREDM":"CENTINELA; SAN JOSE N\u00ba 1-A","TITULARDM":"GOLD FIELDS LA CIMA S.A.A.; SANTOLALLA BERNAL;  ELOY U; SANTOLALLA ESTELA; ALBERTO HECTOR; SANTOLALLA ESTELA;  HECTOR LUIS; SANTOLALLA ESTELA; MARINA LUZ; SANTOLALLA ESTELA;  RODOLFO ELOY; SANTOLALLA SANCHEZ; CLARA CELESTINA; S.M.R.L. DORADO; VIDALON PAR","RESPONSABLE":"ACTIVOS MINEROS S.A.C.","GENERADOR":"NO IDENTIFICADO","ESTUDIOAMB":"PLAN DE CIERRE DE 64 PASIVOS AMBIENTALES EL DORADO","N":"2060"},"geometry":{"type":"Point","coordinates":[-78.59479,-6.75971]}},{"type":"Feature","properties":{"Name":"RESIDUO MINERO","description":"","OBJECTID":"632","PROVINCIA":"HUALGAYOC","DISTRITO":"HUALGAYOC","CUENCA":"LLAUCANO","ZONA":"17","EXUNIDAD":"EL DORADO (LLAUCANO)","TIPO":"RESIDUO MINERO","SUBTIPO":"RELAVES","REGION":"CAJAMARCA","ESTE":"766943","NORTE":"9253316","CODIGODM":"010410597; 03002198X01;\n0302134AX01; DR0000034","NOMBREDM":"COLQUIRRUMI N\u00ba 6;\nCOLQUIRRUMI 58; PERSEVERANCIA N\u00ba 1-A; RELAVES CEMSA","TITULARDM":"COMPA\u00d1IA MINERA COLQUIRRUMI S.A.; CONSOLIDADA DE HUALGAYOC S.A.","RESPONSABLE":"ACTIVOS MINEROS S.A.C.","GENERADOR":"NO IDENTIFICADO","ESTUDIOAMB":"PCPAM DE LAS 5 RELAVERAS DE \"EL DORADO\"","N":"2061"},"geometry":{"type":"Point","coordinates":[-78.58512,-6.74919]}},{"type":"Feature","properties":{"Name":"RESIDUO MINERO","description":"","OBJECTID":"633","PROVINCIA":"HUALGAYOC","DISTRITO":"HUALGAYOC","CUENCA":"LLAUCANO","ZONA":"17","EXUNIDAD":"EL DORADO (LLAUCANO)","TIPO":"RESIDUO MINERO","SUBTIPO":"RELAVES","REGION":"CAJAMARCA","ESTE":"765881","NORTE":"9252318","CODIGODM":"03002121X01; 010778195","NOMBREDM":"CHABUCA SEGUNDA; SAN JOSE N\u00ba 1-A","TITULARDM":"COMPA\u00d1IA MINERA COLQUIRRUMI S.A.; COMPA\u00d1IA MINERA LOS MANTOS S.A.; GOLD FIELDS LA CIMA S.A.A.; S.M.R.L. BENAVIDES N\u00ba1 DE CAJAMARCA; VIDALON\nPAREJA;  JAIME DAVID","RESPONSABLE":"ACTIVOS MINEROS S.A.C.","GENERADOR":"NO IDENTIFICADO","ESTUDIOAMB":"PCPAM DE LAS 5 RELAVERAS DE \"EL DORADO\"","N":"2062"},"geometry":{"type":"Point","coordinates":[-78.59468,-6.75826]}},{"type":"Feature","properties":{"Name":"RESIDUO MINERO","description":"","OBJECTID":"634","PROVINCIA":"HUALGAYOC","DISTRITO":"HUALGAYOC","CUENCA":"LLAUCANO","ZONA":"17","EXUNIDAD":"EL DORADO (LLAUCANO)","TIPO":"RESIDUO MINERO","SUBTIPO":"RELAVES","REGION":"CAJAMARCA","ESTE":"765801","NORTE":"9252317","CODIGODM":"03002121X01; 010778195","NOMBREDM":"CHABUCA SEGUNDA; SAN JOSE N\u00ba 1-A","TITULARDM":"COMPA\u00d1IA MINERA COLQUIRRUMI S.A.; COMPA\u00d1IA MINERA LOS MANTOS S.A.; GOLD FIELDS LA CIMA S.A.A.; S.M.R.L. BENAVIDES N\u00ba1 DE CAJAMARCA; VIDALON\nPAREJA;  JAIME DAVID","RESPONSABLE":"ACTIVOS MINEROS S.A.C.","GENERADOR":"NO IDENTIFICADO","ESTUDIOAMB":"PCPAM DE LAS 5 RELAVERAS DE \"EL DORADO\"","N":"2063"},"geometry":{"type":"Point","coordinates":[-78.5954,-6.75827]}},{"type":"Feature","properties":{"Name":"RESIDUO MINERO","description":"","OBJECTID":"635","PROVINCIA":"HUALGAYOC","DISTRITO":"HUALGAYOC","CUENCA":"LLAUCANO","ZONA":"17","EXUNIDAD":"EL DORADO (LLAUCANO)","TIPO":"RESIDUO MINERO","SUBTIPO":"RELAVES","REGION":"CAJAMARCA","ESTE":"765820","NORTE":"9252380","CODIGODM":"03002121X01; 010778195","NOMBREDM":"CHABUCA SEGUNDA; SAN JOSE N\u00ba 1-A","TITULARDM":"COMPA\u00d1IA MINERA COLQUIRRUMI S.A.; COMPA\u00d1IA MINERA LOS MANTOS S.A.; GOLD FIELDS LA CIMA S.A.A.; S.M.R.L. BENAVIDES N\u00ba1 DE CAJAMARCA; VIDALON\nPAREJA;  JAIME DAVID","RESPONSABLE":"ACTIVOS MINEROS S.A.C.","GENERADOR":"NO IDENTIFICADO","ESTUDIOAMB":"PCPAM DE LAS 5 RELAVERAS DE \"EL DORADO\"","N":"2064"},"geometry":{"type":"Point","coordinates":[-78.59523,-6.7577]}},{"type":"Feature","properties":{"Name":"RESIDUO MINERO","description":"","OBJECTID":"636","PROVINCIA":"HUALGAYOC","DISTRITO":"HUALGAYOC","CUENCA":"LLAUCANO","ZONA":"17","EXUNIDAD":"EL DORADO (LLAUCANO)","TIPO":"RESIDUO MINERO","SUBTIPO":"RELAVES","REGION":"CAJAMARCA","ESTE":"765727","NORTE":"9252337","CODIGODM":"03001001X01; 010009372U;\n010236794","NOMBREDM":"MIRIAM; SAN AGUSTIN N\u00ba1; SAN\nJOSE N\u00ba 1","TITULARDM":"COMPA\u00d1IA MINERA COLQUIRRUMI S.A.; CONSOLIDADA DE HUALGAYOC S.A.;\nGOLD FIELDS LA CIMA S.A.A.; VIDALON PAREJA;  JAIME DAVID","RESPONSABLE":"ACTIVOS\nMINEROS S.A.C.","GENERADOR":"NO IDENTIFICADO","ESTUDIOAMB":"PCPAM DE LAS 5 RELAVERAS\nDE \"EL DORADO\"","N":"2065"},"geometry":{"type":"Point","coordinates":[-78.59607,-6.75809]}},{"type":"Feature","properties":{"Name":"RESIDUO MINERO","description":"","OBJECTID":"637","PROVINCIA":"HUALGAYOC","DISTRITO":"HUALGAYOC","CUENCA":"LLAUCANO","ZONA":"17","EXUNIDAD":"EL DORADO (LLAUCANO)","TIPO":"RESIDUO MINERO","SUBTIPO":"DESMONTE DE MINA","REGION":"CAJAMARCA","ESTE":"765806","NORTE":"9252157","CODIGODM":"0302212BX01; 010778195","NOMBREDM":"LAGO AL-2 (FRACCIONADO); SAN\nJOSE N\u00ba 1-A","TITULARDM":"COMPA\u00d1IA MINERA LOS MANTOS S.A.; GOLD FIELDS LA CIMA S.A.A.; VIDALON\nPAREJA;  JAIME DAVID","RESPONSABLE":"ACTIVOS\nMINEROS S.A.C.","GENERADOR":"NO IDENTIFICADO","ESTUDIOAMB":"PLAN DE CIERRE DE 64\nPASIVOS AMBIENTALES EL","N":"2066"},"geometry":{"type":"Point","coordinates":[-78.59535,-6.75971]}},{"type":"Feature","properties":{"Name":"RESIDUO MINERO","description":"","OBJECTID":"638","PROVINCIA":"HUALGAYOC","DISTRITO":"HUALGAYOC","CUENCA":"LLAUCANO","ZONA":"17","EXUNIDAD":"EL DORADO (LLAUCANO)","TIPO":"RESIDUO MINERO","SUBTIPO":"DESMONTE DE MINA","REGION":"CAJAMARCA","ESTE":"765835","NORTE":"9251992","CODIGODM":"03001196X01; 010778195","NOMBREDM":"EL IMAN; SAN JOSE N\u00ba 1-A","TITULARDM":"GOLD FIELDS LA CIMA S.A.A.; SANTOLALLA BERNAL;  ELOY U; SANTOLALLA ESTELA; ALBERTO HECTOR; SANTOLALLA ESTELA;  HECTOR LUIS; SANTOLALLA ESTELA; MARINA LUZ; SANTOLALLA ESTELA;  RODOLFO ELOY; SANTOLALLA SANCHEZ; CLARA CELESTINA; S.M.R.L. EL IMAN; VIDALON PA","RESPONSABLE":"ACTIVOS MINEROS S.A.C.","GENERADOR":"NO IDENTIFICADO","ESTUDIOAMB":"PLAN DE CIERRE DE 64 PASIVOS AMBIENTALES EL DORADO","N":"2067"},"geometry":{"type":"Point","coordinates":[-78.59508,-6.7612]}},{"type":"Feature","properties":{"Name":"RESIDUO MINERO","description":"","OBJECTID":"639","PROVINCIA":"HUALGAYOC","DISTRITO":"HUALGAYOC","CUENCA":"LLAUCANO","ZONA":"17","EXUNIDAD":"EL DORADO (LLAUCANO)","TIPO":"RESIDUO MINERO","SUBTIPO":"DESMONTE DE MINA","REGION":"CAJAMARCA","ESTE":"766180","NORTE":"9251975","CODIGODM":"010006972U; 03000452X01;\n010778195","NOMBREDM":"DORADO; LA SORPRESA; SAN JOSE\nN\u00ba 1-A","TITULARDM":"COMPA\u00d1IA MINERA LOS MANTOS S.A.; GOLD FIELDS LA CIMA S.A.A.; S.M.R.L. LA\nSORPRESA DE CAJAMARCA; VIDALON PAREJA;  JAIME DAVID","RESPONSABLE":"ACTIVOS\nMINEROS S.A.C.","GENERADOR":"NO IDENTIFICADO","ESTUDIOAMB":"PLAN DE CIERRE DE 64\nPASIVOS AMBIENTALES EL","N":"2068"},"geometry":{"type":"Point","coordinates":[-78.59196,-6.76134]}},{"type":"Feature","properties":{"Name":"RESIDUO MINERO","description":"","OBJECTID":"640","PROVINCIA":"HUALGAYOC","DISTRITO":"HUALGAYOC","CUENCA":"LLAUCANO","ZONA":"17","EXUNIDAD":"EL DORADO (LLAUCANO)","TIPO":"RESIDUO MINERO","SUBTIPO":"DESMONTE DE MINA","REGION":"CAJAMARCA","ESTE":"765776","NORTE":"9251989","CODIGODM":"03001196X01; 010778195","NOMBREDM":"EL IMAN; SAN JOSE N\u00ba 1-A","TITULARDM":"GOLD FIELDS LA CIMA S.A.A.; SANTOLALLA BERNAL;  ELOY U; SANTOLALLA ESTELA; ALBERTO HECTOR; SANTOLALLA ESTELA;  HECTOR LUIS; SANTOLALLA ESTELA; MARINA LUZ; SANTOLALLA ESTELA;  RODOLFO ELOY; SANTOLALLA SANCHEZ; CLARA CELESTINA; S.M.R.L. EL IMAN; VIDALON PA","RESPONSABLE":"ACTIVOS MINEROS S.A.C.","GENERADOR":"NO IDENTIFICADO","ESTUDIOAMB":"PLAN DE CIERRE DE 64 PASIVOS AMBIENTALES EL DORADO","N":"2069"},"geometry":{"type":"Point","coordinates":[-78.59561,-6.76123]}},{"type":"Feature","properties":{"Name":"RESIDUO MINERO","description":"","OBJECTID":"641","PROVINCIA":"HUALGAYOC","DISTRITO":"HUALGAYOC","CUENCA":"LLAUCANO","ZONA":"17","EXUNIDAD":"EL DORADO (LLAUCANO)","TIPO":"RESIDUO MINERO","SUBTIPO":"MATERIAL DE DESBROCE","REGION":"CAJAMARCA","ESTE":"767383","NORTE":"9252045","CODIGODM":"010001701L; 010000184U;\n03001019X01; 03000340Y01;\n010009372U; 010778195","NOMBREDM":"ACUMULACION CHELITA; CAROLINA N\u00ba1; CHELITA N\u00ba 2; HUASCAR; SAN AGUSTIN N\u00ba1; SAN\nJOSE N\u00ba 1-A","TITULARDM":"COMPA\u00d1IA MINERA COLQUIRRUMI S.A.; CONSOLIDADA DE HUALGAYOC S.A.; CUBAS RODRIGUEZ;  JULIO; GOLD FIELDS LA CIMA S.A.; GOLD FIELDS LA CIMA S.A.A.; HUALGAYOC HOLDING S.A.C.; SOCIEDAD MINERA CORONA S.A.; SOCIEDAD\nMINERA LA CIMA S.A.; VIDALON PAREJA;  JAIME D","RESPONSABLE":"---","GENERADOR":"NO IDENTIFICADO","ESTUDIOAMB":"---","N":"2070"},"geometry":{"type":"Point","coordinates":[-78.58109,-6.76066]}},{"type":"Feature","properties":{"Name":"RESIDUO MINERO","description":"","OBJECTID":"642","PROVINCIA":"HUALGAYOC","DISTRITO":"HUALGAYOC","CUENCA":"LLAUCANO","ZONA":"17","EXUNIDAD":"EL DORADO (LLAUCANO)","TIPO":"RESIDUO MINERO","SUBTIPO":"DESMONTE DE MINA","REGION":"CAJAMARCA","ESTE":"766168","NORTE":"9252524","CODIGODM":"03002859X01; 03002127X01;\n010778195","NOMBREDM":"LAGO E-6; ORION N\u00ba 1; SAN JOSE N\u00ba 1-A","TITULARDM":"COMPA\u00d1IA MINERA COLQUIRRUMI S.A.; COMPA\u00d1IA MINERA LOS MANTOS S.A.; GOLD FIELDS LA CIMA S.A.A.; S.M.R.L. BENAVIDES N\u00ba1 DE CAJAMARCA; VIDALON\nPAREJA;  JAIME DAVID","RESPONSABLE":"ACTIVOS MINEROS S.A.C.","GENERADOR":"NO IDENTIFICADO","ESTUDIOAMB":"PLAN DE CIERRE DE 64 PASIVOS AMBIENTALES EL\nDORADO","N":"2071"},"geometry":{"type":"Point","coordinates":[-78.59209,-6.75638]}},{"type":"Feature","properties":{"Name":"LABOR MINERA","description":"","OBJECTID":"643","PROVINCIA":"HUALGAYOC","DISTRITO":"HUALGAYOC","CUENCA":"LLAUCANO","ZONA":"17","EXUNIDAD":"EL DORADO (LLAUCANO)","TIPO":"LABOR MINERA","SUBTIPO":"BOCAMINA","REGION":"CAJAMARCA","ESTE":"765349","NORTE":"9252121","CODIGODM":"03001921X01; 010236794","NOMBREDM":"MERCEDES C; SAN JOSE N\u00ba 1","TITULARDM":"COMPA\u00d1IA MINERA LOS MANTOS S.A.; GOLD FIELDS LA CIMA S.A.A.; VIDALON\nPAREJA;  JAIME DAVID","RESPONSABLE":"ACTIVOS\nMINEROS S.A.C.","GENERADOR":"NO IDENTIFICADO","ESTUDIOAMB":"PLAN DE CIERRE DE 64\nPASIVOS AMBIENTALES EL","N":"2072"},"geometry":{"type":"Point","coordinates":[-78.59948,-6.76006]}},{"type":"Feature","properties":{"Name":"RESIDUO MINERO","description":"","OBJECTID":"644","PROVINCIA":"HUALGAYOC","DISTRITO":"HUALGAYOC","CUENCA":"LLAUCANO","ZONA":"17","EXUNIDAD":"EL DORADO (LLAUCANO)","TIPO":"RESIDUO MINERO","SUBTIPO":"DESMONTE DE MINA","REGION":"CAJAMARCA","ESTE":"765410","NORTE":"9252528","CODIGODM":"0302212BX01; 010236794","NOMBREDM":"LAGO AL-2 (FRACCIONADO); SAN\nJOSE N\u00ba 1","TITULARDM":"COMPA\u00d1IA MINERA LOS MANTOS S.A.; GOLD FIELDS LA CIMA S.A.A.; VIDALON\nPAREJA;  JAIME DAVID","RESPONSABLE":"ACTIVOS\nMINEROS S.A.C.","GENERADOR":"NO IDENTIFICADO","ESTUDIOAMB":"PLAN DE CIERRE DE 64\nPASIVOS AMBIENTALES EL","N":"2073"},"geometry":{"type":"Point","coordinates":[-78.59895,-6.75638]}},{"type":"Feature","properties":{"Name":"LABOR MINERA","description":"","OBJECTID":"645","PROVINCIA":"HUALGAYOC","DISTRITO":"HUALGAYOC","CUENCA":"LLAUCANO","ZONA":"17","EXUNIDAD":"EL DORADO (LLAUCANO)","TIPO":"LABOR MINERA","SUBTIPO":"BOCAMINA","REGION":"CAJAMARCA","ESTE":"765224","NORTE":"9252197","CODIGODM":"0302212BX01; 03002831X01;\n03002040X01; 010236794","NOMBREDM":"LAGO AL-2 (FRACCIONADO); LAGO C-2; MERCEDES-H; SAN JOSE N\u00ba 1","TITULARDM":"COMPA\u00d1IA MINERA LOS MANTOS S.A.; GOLD FIELDS LA CIMA S.A.A.; VIDALON PAREJA;  JAIME DAVID","RESPONSABLE":"ACTIVOS MINEROS S.A.C.","GENERADOR":"NO IDENTIFICADO","ESTUDIOAMB":"PLAN DE CIERRE DE 64 PASIVOS AMBIENTALES EL\nDORADO","N":"2074"},"geometry":{"type":"Point","coordinates":[-78.60061,-6.75938]}},{"type":"Feature","properties":{"Name":"LABOR MINERA","description":"","OBJECTID":"646","PROVINCIA":"HUALGAYOC","DISTRITO":"HUALGAYOC","CUENCA":"LLAUCANO","ZONA":"17","EXUNIDAD":"EL DORADO (LLAUCANO)","TIPO":"LABOR MINERA","SUBTIPO":"BOCAMINA","REGION":"CAJAMARCA","ESTE":"765171","NORTE":"9252186","CODIGODM":"0302212BX01; 03002831X01;\n03002040X01; 010236794","NOMBREDM":"LAGO AL-2 (FRACCIONADO); LAGO C-2; MERCEDES-H; SAN JOSE N\u00ba 1","TITULARDM":"COMPA\u00d1IA MINERA LOS MANTOS S.A.; GOLD FIELDS LA CIMA S.A.A.; VIDALON PAREJA;  JAIME DAVID","RESPONSABLE":"ACTIVOS MINEROS S.A.C.","GENERADOR":"NO IDENTIFICADO","ESTUDIOAMB":"PLAN DE CIERRE DE 64 PASIVOS AMBIENTALES EL\nDORADO","N":"2075"},"geometry":{"type":"Point","coordinates":[-78.60109,-6.75948]}},{"type":"Feature","properties":{"Name":"LABOR MINERA","description":"","OBJECTID":"647","PROVINCIA":"HUALGAYOC","DISTRITO":"HUALGAYOC","CUENCA":"LLAUCANO","ZONA":"17","EXUNIDAD":"EL DORADO (LLAUCANO)","TIPO":"LABOR MINERA","SUBTIPO":"BOCAMINA","REGION":"CAJAMARCA","ESTE":"766172","NORTE":"9252520","CODIGODM":"03002859X01; 03002127X01;\n010778195","NOMBREDM":"LAGO E-6; ORION N\u00ba 1; SAN JOSE N\u00ba 1-A","TITULARDM":"COMPA\u00d1IA MINERA COLQUIRRUMI S.A.; COMPA\u00d1IA MINERA LOS MANTOS S.A.; GOLD FIELDS LA CIMA S.A.A.; S.M.R.L. BENAVIDES N\u00ba1 DE CAJAMARCA; VIDALON\nPAREJA;  JAIME DAVID","RESPONSABLE":"ACTIVOS MINEROS S.A.C.","GENERADOR":"NO IDENTIFICADO","ESTUDIOAMB":"PLAN DE CIERRE DE 64 PASIVOS AMBIENTALES EL\nDORADO","N":"2076"},"geometry":{"type":"Point","coordinates":[-78.59206,-6.75642]}},{"type":"Feature","properties":{"Name":"LABOR MINERA","description":"","OBJECTID":"648","PROVINCIA":"HUALGAYOC","DISTRITO":"HUALGAYOC","CUENCA":"LLAUCANO","ZONA":"17","EXUNIDAD":"EL DORADO (LLAUCANO)","TIPO":"LABOR MINERA","SUBTIPO":"BOCAMINA","REGION":"CAJAMARCA","ESTE":"765752","NORTE":"9251915","CODIGODM":"0302212BX01; 03002904X01;\n010778195","NOMBREDM":"LAGO AL-2 (FRACCIONADO); LAGO SEXTA DEMASIA; SAN JOSE N\u00ba 1-A","TITULARDM":"COMPA\u00d1IA MINERA LOS MANTOS S.A.; GOLD FIELDS LA CIMA S.A.A.; VIDALON PAREJA;  JAIME DAVID","RESPONSABLE":"ACTIVOS MINEROS S.A.C.","GENERADOR":"NO IDENTIFICADO","ESTUDIOAMB":"PCPAM DE LAS EX UNIDADES MINERAS DORADO Y\nBARRAGAN","N":"2077"},"geometry":{"type":"Point","coordinates":[-78.59583,-6.7619]}},{"type":"Feature","properties":{"Name":"LABOR MINERA","description":"","OBJECTID":"649","PROVINCIA":"HUALGAYOC","DISTRITO":"HUALGAYOC","CUENCA":"LLAUCANO","ZONA":"17","EXUNIDAD":"EL DORADO (LLAUCANO)","TIPO":"LABOR MINERA","SUBTIPO":"BOCAMINA","REGION":"CAJAMARCA","ESTE":"765678","NORTE":"9251906","CODIGODM":"010006972U; 03001029X01;\n010236794","NOMBREDM":"DORADO; NUEVA CALIFORNIA; SAN JOSE N\u00ba 1","TITULARDM":"COMPA\u00d1IA MINERA LOS MANTOS S.A.; GOLD FIELDS LA CIMA S.A.A.; S.M.R.L. NUEVA CALIFORNIA DE CAJAMARCA; VIDALON PAREJA;  JAIME DAVID","RESPONSABLE":"ACTIVOS MINEROS S.A.C.","GENERADOR":"NO IDENTIFICADO","ESTUDIOAMB":"PCPAM DE LAS EX UNIDADES MINERAS DORADO Y\nBARRAGAN","N":"2078"},"geometry":{"type":"Point","coordinates":[-78.5965,-6.76199]}},{"type":"Feature","properties":{"Name":"LABOR MINERA","description":"","OBJECTID":"650","PROVINCIA":"HUALGAYOC","DISTRITO":"HUALGAYOC","CUENCA":"LLAUCANO","ZONA":"17","EXUNIDAD":"EL DORADO (LLAUCANO)","TIPO":"LABOR MINERA","SUBTIPO":"BOCAMINA","REGION":"CAJAMARCA","ESTE":"765666","NORTE":"9251921","CODIGODM":"010006972U; 0302212BX01;\n03002904X01; 010236794","NOMBREDM":"DORADO; LAGO AL-2 (FRACCIONADO); LAGO SEXTA\nDEMASIA; SAN JOSE N\u00ba 1","TITULARDM":"COMPA\u00d1IA MINERA LOS MANTOS S.A.; GOLD FIELDS LA CIMA S.A.A.; VIDALON PAREJA;  JAIME DAVID","RESPONSABLE":"ACTIVOS MINEROS S.A.C.","GENERADOR":"NO IDENTIFICADO","ESTUDIOAMB":"PCPAM DE LAS EX UNIDADES MINERAS DORADO Y\nBARRAGAN","N":"2079"},"geometry":{"type":"Point","coordinates":[-78.59661,-6.76185]}},{"type":"Feature","properties":{"Name":"LABOR MINERA","description":"","OBJECTID":"651","PROVINCIA":"HUALGAYOC","DISTRITO":"HUALGAYOC","CUENCA":"LLAUCANO","ZONA":"17","EXUNIDAD":"EL DORADO (LLAUCANO)","TIPO":"LABOR MINERA","SUBTIPO":"BOCAMINA","REGION":"CAJAMARCA","ESTE":"765927","NORTE":"9252070","CODIGODM":"03001061X01; 010006972U;\n010778195","NOMBREDM":"CENTINELA; DORADO; SAN JOSE N\u00ba 1-A","TITULARDM":"COMPA\u00d1IA MINERA LOS MANTOS S.A.; GOLD FIELDS LA CIMA S.A.A.; SANTOLALLA BERNAL;  ELOY U; SANTOLALLA ESTELA;  ALBERTO HECTOR; SANTOLALLA ESTELA; HECTOR LUIS; SANTOLALLA ESTELA;  MARINA LUZ; SANTOLALLA ESTELA;  RODOLFO ELOY; SANTOLALLA SANCHEZ;  CLARA CEL","RESPONSABLE":"ACTIVOS MINEROS S.A.C.","GENERADOR":"NO IDENTIFICADO","ESTUDIOAMB":"PCPAM DE LAS EX UNIDADES MINERAS DORADO Y BARRAGAN","N":"2080"},"geometry":{"type":"Point","coordinates":[-78.59425,-6.76049]}},{"type":"Feature","properties":{"Name":"LABOR MINERA","description":"","OBJECTID":"652","PROVINCIA":"CAJAMARCA","DISTRITO":"ENCA\u00d1ADA","CUENCA":"CRISNEJAS","ZONA":"17","EXUNIDAD":"LA AURORA","TIPO":"LABOR MINERA","SUBTIPO":"BOCAMINA","REGION":"CAJAMARCA","ESTE":"800232","NORTE":"9211812","CODIGODM":"03000232X01","NOMBREDM":"AURORA","TITULARDM":"COMPA\u00d1IA MINERA SAN CARLOS S.A.; MINERA MONTERRICO S.A.","RESPONSABLE":"---","GENERADOR":"NO IDENTIFICADO","ESTUDIOAMB":"---","N":"2081"},"geometry":{"type":"Point","coordinates":[-78.28204,-7.12262]}},{"type":"Feature","properties":{"Name":"RESIDUO MINERO","description":"","OBJECTID":"653","PROVINCIA":"CAJAMARCA","DISTRITO":"ENCA\u00d1ADA","CUENCA":"CRISNEJAS","ZONA":"17","EXUNIDAD":"LA AURORA","TIPO":"RESIDUO MINERO","SUBTIPO":"DESMONTE DE MINA","REGION":"CAJAMARCA","ESTE":"800208","NORTE":"9211816","CODIGODM":"03000232X01","NOMBREDM":"AURORA","TITULARDM":"COMPA\u00d1IA MINERA SAN CARLOS S.A.; MINERA MONTERRICO S.A.","RESPONSABLE":"---","GENERADOR":"NO IDENTIFICADO","ESTUDIOAMB":"---","N":"2082"},"geometry":{"type":"Point","coordinates":[-78.28226,-7.12259]}},{"type":"Feature","properties":{"Name":"RESIDUO MINERO","description":"","OBJECTID":"654","PROVINCIA":"CAJAMARCA","DISTRITO":"ENCA\u00d1ADA","CUENCA":"CRISNEJAS","ZONA":"17","EXUNIDAD":"LA AURORA","TIPO":"RESIDUO MINERO","SUBTIPO":"DESMONTE DE MINA","REGION":"CAJAMARCA","ESTE":"800243","NORTE":"9211902","CODIGODM":"03000232X01","NOMBREDM":"AURORA","TITULARDM":"COMPA\u00d1IA MINERA SAN CARLOS S.A.; MINERA MONTERRICO S.A.","RESPONSABLE":"---","GENERADOR":"NO IDENTIFICADO","ESTUDIOAMB":"---","N":"2083"},"geometry":{"type":"Point","coordinates":[-78.28195,-7.12181]}},{"type":"Feature","properties":{"Name":"RESIDUO MINERO","description":"","OBJECTID":"655","PROVINCIA":"CAJAMARCA","DISTRITO":"ENCA\u00d1ADA","CUENCA":"CRISNEJAS","ZONA":"17","EXUNIDAD":"LA AURORA","TIPO":"RESIDUO MINERO","SUBTIPO":"DESMONTE DE MINA","REGION":"CAJAMARCA","ESTE":"800273","NORTE":"9211887","CODIGODM":"03000232X01","NOMBREDM":"AURORA","TITULARDM":"COMPA\u00d1IA MINERA SAN CARLOS S.A.; MINERA MONTERRICO S.A.","RESPONSABLE":"---","GENERADOR":"NO IDENTIFICADO","ESTUDIOAMB":"---","N":"2084"},"geometry":{"type":"Point","coordinates":[-78.28168,-7.12194]}},{"type":"Feature","properties":{"Name":"LABOR MINERA","description":"","OBJECTID":"656","PROVINCIA":"HUALGAYOC","DISTRITO":"HUALGAYOC","CUENCA":"LLAUCANO","ZONA":"17","EXUNIDAD":"LA PASTORA (LLAUCANO)","TIPO":"LABOR MINERA","SUBTIPO":"BOCAMINA","REGION":"CAJAMARCA","ESTE":"765762","NORTE":"9251216","CODIGODM":"03001075X01; 010346594","NOMBREDM":"ABISINIA; SOCAVON JAPETAS","TITULARDM":"COMPA\u00d1IA MINERA COLQUIRRUMI S.A.; CONSOLIDADA DE HUALGAYOC S.A.;\nZARATE MIRANDA;  ALEJANDRO FRANCISCO","RESPONSABLE":"ACTIVOS\nMINEROS S.A.C.","GENERADOR":"IDENTIFICADO","ESTUDIOAMB":"PCPAM DE LA EUM LA\nPASTORA","N":"2085"},"geometry":{"type":"Point","coordinates":[-78.59571,-6.76822]}},{"type":"Feature","properties":{"Name":"RESIDUO MINERO","description":"","OBJECTID":"657","PROVINCIA":"HUALGAYOC","DISTRITO":"HUALGAYOC","CUENCA":"LLAUCANO","ZONA":"17","EXUNIDAD":"LA PASTORA (LLAUCANO)","TIPO":"RESIDUO MINERO","SUBTIPO":"DESMONTE DE MINA","REGION":"CAJAMARCA","ESTE":"765810","NORTE":"9251178","CODIGODM":"0302212AX01; 010346594","NOMBREDM":"LAGO AL-1 (FRACCIONADO);\nSOCAVON JAPETAS","TITULARDM":"COMPA\u00d1IA MINERA LOS MANTOS S.A.; ZARATE MIRANDA;  ALEJANDRO\nFRANCISCO","RESPONSABLE":"ACTIVOS\nMINEROS S.A.C.","GENERADOR":"IDENTIFICADO","ESTUDIOAMB":"PCPAM DE LA EUM LA\nPASTORA","N":"2086"},"geometry":{"type":"Point","coordinates":[-78.59527,-6.76856]}},{"type":"Feature","properties":{"Name":"RESIDUO MINERO","description":"","OBJECTID":"658","PROVINCIA":"HUALGAYOC","DISTRITO":"HUALGAYOC","CUENCA":"LLAUCANO","ZONA":"17","EXUNIDAD":"LA PASTORA (LLAUCANO)","TIPO":"RESIDUO MINERO","SUBTIPO":"DESMONTE DE MINA","REGION":"CAJAMARCA","ESTE":"765937","NORTE":"9251150","CODIGODM":"0302212AX01; 010346594","NOMBREDM":"LAGO AL-1 (FRACCIONADO);\nSOCAVON JAPETAS","TITULARDM":"COMPA\u00d1IA MINERA LOS MANTOS S.A.; ZARATE MIRANDA;  ALEJANDRO\nFRANCISCO","RESPONSABLE":"ACTIVOS\nMINEROS S.A.C.","GENERADOR":"IDENTIFICADO","ESTUDIOAMB":"PCPAM DE LA EUM LA\nPASTORA","N":"2087"},"geometry":{"type":"Point","coordinates":[-78.59412,-6.76881]}},{"type":"Feature","properties":{"Name":"RESIDUO MINERO","description":"","OBJECTID":"659","PROVINCIA":"HUALGAYOC","DISTRITO":"HUALGAYOC","CUENCA":"LLAUCANO","ZONA":"17","EXUNIDAD":"LA PASTORA (LLAUCANO)","TIPO":"RESIDUO MINERO","SUBTIPO":"DESMONTE DE MINA","REGION":"CAJAMARCA","ESTE":"765384","NORTE":"9251150","CODIGODM":"010006972U; 03001068X01;\n010236794","NOMBREDM":"DORADO; MARIO; SAN JOSE N\u00ba 1","TITULARDM":"CARASSAI PIERUCCI;  FERRUCIO; COMPA\u00d1IA MINERA LOS MANTOS S.A.; GOLD\nFIELDS LA CIMA S.A.A.; VIDALON PAREJA;  JAIME DAVID","RESPONSABLE":"ACTIVOS\nMINEROS S.A.C.","GENERADOR":"IDENTIFICADO","ESTUDIOAMB":"PCPAM DE LA EUM LA\nPASTORA","N":"2088"},"geometry":{"type":"Point","coordinates":[-78.59912,-6.76883]}},{"type":"Feature","properties":{"Name":"RESIDUO MINERO","description":"","OBJECTID":"660","PROVINCIA":"HUALGAYOC","DISTRITO":"HUALGAYOC","CUENCA":"LLAUCANO","ZONA":"17","EXUNIDAD":"LA PASTORA (LLAUCANO)","TIPO":"RESIDUO MINERO","SUBTIPO":"DESMONTE DE MINA","REGION":"CAJAMARCA","ESTE":"765374","NORTE":"9251141","CODIGODM":"010006972U; 03001068X01;\n010236794","NOMBREDM":"DORADO; MARIO; SAN JOSE N\u00ba 1","TITULARDM":"CARASSAI PIERUCCI;  FERRUCIO; COMPA\u00d1IA MINERA LOS MANTOS S.A.; GOLD\nFIELDS LA CIMA S.A.A.; VIDALON PAREJA;  JAIME DAVID","RESPONSABLE":"ACTIVOS\nMINEROS S.A.C.","GENERADOR":"IDENTIFICADO","ESTUDIOAMB":"PCPAM DE LA EUM LA\nPASTORA","N":"2089"},"geometry":{"type":"Point","coordinates":[-78.59921,-6.76892]}},{"type":"Feature","properties":{"Name":"RESIDUO MINERO","description":"","OBJECTID":"661","PROVINCIA":"HUALGAYOC","DISTRITO":"HUALGAYOC","CUENCA":"LLAUCANO","ZONA":"17","EXUNIDAD":"LA PASTORA (LLAUCANO)","TIPO":"RESIDUO MINERO","SUBTIPO":"DESMONTE DE MINA","REGION":"CAJAMARCA","ESTE":"765344","NORTE":"9251124","CODIGODM":"010006972U; 03001068X01;\n010236794","NOMBREDM":"DORADO; MARIO; SAN JOSE N\u00ba 1","TITULARDM":"CARASSAI PIERUCCI;  FERRUCIO; COMPA\u00d1IA MINERA LOS MANTOS S.A.; GOLD\nFIELDS LA CIMA S.A.A.; VIDALON PAREJA;  JAIME DAVID","RESPONSABLE":"ACTIVOS\nMINEROS S.A.C.","GENERADOR":"IDENTIFICADO","ESTUDIOAMB":"PCPAM DE LA EUM LA\nPASTORA","N":"2090"},"geometry":{"type":"Point","coordinates":[-78.59948,-6.76907]}},{"type":"Feature","properties":{"Name":"RESIDUO MINERO","description":"","OBJECTID":"662","PROVINCIA":"HUALGAYOC","DISTRITO":"HUALGAYOC","CUENCA":"LLAUCANO","ZONA":"17","EXUNIDAD":"LA PASTORA (LLAUCANO)","TIPO":"RESIDUO MINERO","SUBTIPO":"DESMONTE DE MINA","REGION":"CAJAMARCA","ESTE":"765273","NORTE":"9251101","CODIGODM":"010006972U; 03001068X01;\n010236794","NOMBREDM":"DORADO; MARIO; SAN JOSE N\u00ba 1","TITULARDM":"CARASSAI PIERUCCI;  FERRUCIO; COMPA\u00d1IA MINERA LOS MANTOS S.A.; GOLD\nFIELDS LA CIMA S.A.A.; VIDALON PAREJA;  JAIME DAVID","RESPONSABLE":"ACTIVOS\nMINEROS S.A.C.","GENERADOR":"IDENTIFICADO","ESTUDIOAMB":"PCPAM DE LA EUM LA\nPASTORA","N":"2091"},"geometry":{"type":"Point","coordinates":[-78.60012,-6.76928]}},{"type":"Feature","properties":{"Name":"RESIDUO MINERO","description":"","OBJECTID":"663","PROVINCIA":"HUALGAYOC","DISTRITO":"HUALGAYOC","CUENCA":"LLAUCANO","ZONA":"17","EXUNIDAD":"LA PASTORA (LLAUCANO)","TIPO":"RESIDUO MINERO","SUBTIPO":"DESMONTE DE MINA","REGION":"CAJAMARCA","ESTE":"765347","NORTE":"9251028","CODIGODM":"010006972U; 03001068X01;\n010236794","NOMBREDM":"DORADO; MARIO; SAN JOSE N\u00ba 1","TITULARDM":"CARASSAI PIERUCCI;  FERRUCIO; COMPA\u00d1IA MINERA LOS MANTOS S.A.; GOLD\nFIELDS LA CIMA S.A.A.; VIDALON PAREJA;  JAIME DAVID","RESPONSABLE":"ACTIVOS\nMINEROS S.A.C.","GENERADOR":"IDENTIFICADO","ESTUDIOAMB":"PCPAM DE LA EUM LA\nPASTORA","N":"2092"},"geometry":{"type":"Point","coordinates":[-78.59945,-6.76994]}},{"type":"Feature","properties":{"Name":"LABOR MINERA","description":"","OBJECTID":"683","PROVINCIA":"HUALGAYOC","DISTRITO":"HUALGAYOC","CUENCA":"LLAUCANO","ZONA":"17","EXUNIDAD":"LA PASTORA (LLAUCANO)","TIPO":"LABOR MINERA","SUBTIPO":"BOCAMINA","REGION":"CAJAMARCA","ESTE":"765564","NORTE":"9251040","CODIGODM":"010006972U; 03001578X01;\n010236794","NOMBREDM":"DORADO; RICARDO-I; SAN JOSE N\u00ba\n1","TITULARDM":"COMPA\u00d1IA MINERA LOS MANTOS S.A.; GOLD FIELDS LA CIMA S.A.A.; VIDALON\nPAREJA;  JAIME DAVID","RESPONSABLE":"ACTIVOS\nMINEROS S.A.C.","GENERADOR":"IDENTIFICADO","ESTUDIOAMB":"PCPAM DE LA EUM LA\nPASTORA","N":"2112"},"geometry":{"type":"Point","coordinates":[-78.59749,-6.76982]}},{"type":"Feature","properties":{"Name":"LABOR MINERA","description":"","OBJECTID":"684","PROVINCIA":"HUALGAYOC","DISTRITO":"HUALGAYOC","CUENCA":"LLAUCANO","ZONA":"17","EXUNIDAD":"LA PASTORA (LLAUCANO)","TIPO":"LABOR MINERA","SUBTIPO":"BOCAMINA","REGION":"CAJAMARCA","ESTE":"765599","NORTE":"9251030","CODIGODM":"03002829X01; 010236794","NOMBREDM":"LAGO B-5; SAN JOSE N\u00ba 1","TITULARDM":"COMPA\u00d1IA MINERA LOS MANTOS S.A.; GOLD FIELDS LA CIMA S.A.A.; VIDALON\nPAREJA;  JAIME DAVID","RESPONSABLE":"ACTIVOS\nMINEROS S.A.C.","GENERADOR":"IDENTIFICADO","ESTUDIOAMB":"PCPAM DE LA EUM LA\nPASTORA","N":"2113"},"geometry":{"type":"Point","coordinates":[-78.59717,-6.76991]}},{"type":"Feature","properties":{"Name":"LABOR MINERA","description":"","OBJECTID":"685","PROVINCIA":"HUALGAYOC","DISTRITO":"HUALGAYOC","CUENCA":"LLAUCANO","ZONA":"17","EXUNIDAD":"LA PASTORA (LLAUCANO)","TIPO":"LABOR MINERA","SUBTIPO":"BOCAMINA","REGION":"CAJAMARCA","ESTE":"765050","NORTE":"9250878","CODIGODM":"010000184U; 0301032AX01;\n010236794","NOMBREDM":"CAROLINA N\u00ba1; QUIJOTE-A1; SAN JOSE N\u00ba 1","TITULARDM":"CONSOLIDADA DE HUALGAYOC S.A.; GOLD FIELDS LA CIMA S.A.; GOLD FIELDS LA CIMA S.A.A.; HUALGAYOC HOLDING S.A.C.; SOCIEDAD MINERA CORONA S.A.; SOCIEDAD MINERA LA CIMA S.A.; VIDALON PAREJA;  JAIME DAVID","RESPONSABLE":"ACTIVOS MINEROS S.A.C.","GENERADOR":"IDENTIFICADO","ESTUDIOAMB":"PCPAM DE LA EUM LA PASTORA","N":"2114"},"geometry":{"type":"Point","coordinates":[-78.60213,-6.77131]}},{"type":"Feature","properties":{"Name":"LABOR MINERA","description":"","OBJECTID":"686","PROVINCIA":"HUALGAYOC","DISTRITO":"HUALGAYOC","CUENCA":"LLAUCANO","ZONA":"17","EXUNIDAD":"LA PASTORA (LLAUCANO)","TIPO":"LABOR MINERA","SUBTIPO":"BOCAMINA","REGION":"CAJAMARCA","ESTE":"765045","NORTE":"9250925","CODIGODM":"010000184U; 0301032AX01;\n010236794","NOMBREDM":"CAROLINA N\u00ba1; QUIJOTE-A1; SAN JOSE N\u00ba 1","TITULARDM":"CONSOLIDADA DE HUALGAYOC S.A.; GOLD FIELDS LA CIMA S.A.; GOLD FIELDS LA CIMA S.A.A.; HUALGAYOC HOLDING S.A.C.; SOCIEDAD MINERA CORONA S.A.; SOCIEDAD MINERA LA CIMA S.A.; VIDALON PAREJA;  JAIME DAVID","RESPONSABLE":"ACTIVOS MINEROS S.A.C.","GENERADOR":"IDENTIFICADO","ESTUDIOAMB":"PCPAM DE LA EUM LA PASTORA","N":"2115"},"geometry":{"type":"Point","coordinates":[-78.60218,-6.77088]}},{"type":"Feature","properties":{"Name":"LABOR MINERA","description":"","OBJECTID":"687","PROVINCIA":"HUALGAYOC","DISTRITO":"HUALGAYOC","CUENCA":"LLAUCANO","ZONA":"17","EXUNIDAD":"LA PASTORA (LLAUCANO)","TIPO":"LABOR MINERA","SUBTIPO":"BOCAMINA","REGION":"CAJAMARCA","ESTE":"765143","NORTE":"9251258","CODIGODM":"010006972U; 03001068X01;\n010236794","NOMBREDM":"DORADO; MARIO; SAN JOSE N\u00ba 1","TITULARDM":"CARASSAI PIERUCCI;  FERRUCIO; COMPA\u00d1IA MINERA LOS MANTOS S.A.; GOLD\nFIELDS LA CIMA S.A.A.; VIDALON PAREJA;  JAIME DAVID","RESPONSABLE":"ACTIVOS\nMINEROS S.A.C.","GENERADOR":"IDENTIFICADO","ESTUDIOAMB":"PCPAM DE LA EUM LA\nPASTORA","N":"2116"},"geometry":{"type":"Point","coordinates":[-78.6013,-6.76787]}},{"type":"Feature","properties":{"Name":"LABOR MINERA","description":"","OBJECTID":"688","PROVINCIA":"HUALGAYOC","DISTRITO":"HUALGAYOC","CUENCA":"LLAUCANO","ZONA":"17","EXUNIDAD":"LA PASTORA (LLAUCANO)","TIPO":"LABOR MINERA","SUBTIPO":"BOCAMINA","REGION":"CAJAMARCA","ESTE":"765145","NORTE":"9251153","CODIGODM":"010000184U; 03001068X01;\n010236794","NOMBREDM":"CAROLINA N\u00ba1; MARIO; SAN JOSE\nN\u00ba 1","TITULARDM":"CARASSAI PIERUCCI;  FERRUCIO; COMPA\u00d1IA MINERA LOS MANTOS S.A.; GOLD FIELDS LA CIMA S.A.; GOLD FIELDS LA CIMA S.A.A.; SOCIEDAD MINERA CORONA S.A.; SOCIEDAD MINERA LA CIMA S.A.; VIDALON PAREJA;  JAIME DAVID","RESPONSABLE":"ACTIVOS MINEROS S.A.C.","GENERADOR":"IDENTIFICADO","ESTUDIOAMB":"PCPAM DE LA EUM LA PASTORA","N":"2117"},"geometry":{"type":"Point","coordinates":[-78.60128,-6.76882]}},{"type":"Feature","properties":{"Name":"LABOR MINERA","description":"","OBJECTID":"689","PROVINCIA":"HUALGAYOC","DISTRITO":"HUALGAYOC","CUENCA":"LLAUCANO","ZONA":"17","EXUNIDAD":"LA PASTORA (LLAUCANO)","TIPO":"LABOR MINERA","SUBTIPO":"TRINCHERA","REGION":"CAJAMARCA","ESTE":"765047","NORTE":"9250878","CODIGODM":"010000184U; 03002144X01;\n010236794","NOMBREDM":"CAROLINA N\u00ba1; CORDILLERA; SAN JOSE N\u00ba 1","TITULARDM":"CONSOLIDADA DE HUALGAYOC S.A.; GOLD FIELDS LA CIMA S.A.; GOLD FIELDS LA CIMA S.A.A.; SOCIEDAD MINERA CORONA S.A.; SOCIEDAD MINERA LA CIMA S.A.;\nVIDALON PAREJA;  JAIME DAVID","RESPONSABLE":"ACTIVOS MINEROS S.A.C.","GENERADOR":"IDENTIFICADO","ESTUDIOAMB":"PCPAM DE LA EUM LA PASTORA","N":"2118"},"geometry":{"type":"Point","coordinates":[-78.60216,-6.77131]}},{"type":"Feature","properties":{"Name":"LABOR MINERA","description":"","OBJECTID":"690","PROVINCIA":"HUALGAYOC","DISTRITO":"HUALGAYOC","CUENCA":"LLAUCANO","ZONA":"17","EXUNIDAD":"LA PASTORA (LLAUCANO)","TIPO":"LABOR MINERA","SUBTIPO":"TRINCHERA","REGION":"CAJAMARCA","ESTE":"765466","NORTE":"9250987","CODIGODM":"010006972U; 03001578X01;\n010236794","NOMBREDM":"DORADO; RICARDO-I; SAN JOSE N\u00ba\n1","TITULARDM":"COMPA\u00d1IA MINERA LOS MANTOS S.A.; GOLD FIELDS LA CIMA S.A.A.; VIDALON\nPAREJA;  JAIME DAVID","RESPONSABLE":"ACTIVOS\nMINEROS S.A.C.","GENERADOR":"IDENTIFICADO","ESTUDIOAMB":"PCPAM DE LA EUM LA\nPASTORA","N":"2119"},"geometry":{"type":"Point","coordinates":[-78.59837,-6.7703]}},{"type":"Feature","properties":{"Name":"RESIDUO MINERO","description":"","OBJECTID":"691","PROVINCIA":"HUALGAYOC","DISTRITO":"HUALGAYOC","CUENCA":"LLAUCANO","ZONA":"17","EXUNIDAD":"LA PASTORA (LLAUCANO)","TIPO":"RESIDUO MINERO","SUBTIPO":"DESMONTE DE MINA","REGION":"CAJAMARCA","ESTE":"765322","NORTE":"9251025","CODIGODM":"010006972U; 03001068X01;\n010236794","NOMBREDM":"DORADO; MARIO; SAN JOSE N\u00ba 1","TITULARDM":"CARASSAI PIERUCCI;  FERRUCIO; COMPA\u00d1IA MINERA LOS MANTOS S.A.; GOLD\nFIELDS LA CIMA S.A.A.; VIDALON PAREJA;  JAIME DAVID","RESPONSABLE":"ACTIVOS\nMINEROS S.A.C.","GENERADOR":"IDENTIFICADO","ESTUDIOAMB":"PCPAM DE LA EUM LA\nPASTORA","N":"2120"},"geometry":{"type":"Point","coordinates":[-78.59968,-6.76997]}},{"type":"Feature","properties":{"Name":"RESIDUO MINERO","description":"","OBJECTID":"739","PROVINCIA":"SAN MIGUEL","DISTRITO":"TONGOD","CUENCA":"MOTUPE-LA LECHE-\nCHANCAY","ZONA":"17","EXUNIDAD":"LAS MINAS","TIPO":"RESIDUO MINERO","SUBTIPO":"DESMONTE DE MINA","REGION":"CAJAMARCA","ESTE":"734251","NORTE":"9249563","CODIGODM":"03003693X01; 010020396","NOMBREDM":"LA ZANJA N\u00ba 20; ZANJA 44","TITULARDM":"COMPA\u00d1IA DE MINAS BUENAVENTURA S.A.; COMPA\u00d1IA DE MINAS BUENAVENTURA S.A.A.; MINERA LA ZANJA S.R.L.; SOCIEDAD MINERA COSHURO\nS.R.L.","RESPONSABLE":"---","GENERADOR":"NO IDENTIFICADO","ESTUDIOAMB":"---","N":"2168"},"geometry":{"type":"Point","coordinates":[-78.88057,-6.78449]}},{"type":"Feature","properties":{"Name":"LABOR MINERA","description":"","OBJECTID":"740","PROVINCIA":"SAN MIGUEL","DISTRITO":"TONGOD","CUENCA":"MOTUPE-LA LECHE-\nCHANCAY","ZONA":"17","EXUNIDAD":"LAS MINAS","TIPO":"LABOR MINERA","SUBTIPO":"BOCAMINA","REGION":"CAJAMARCA","ESTE":"734248","NORTE":"9249479","CODIGODM":"03003693X01; 010020396","NOMBREDM":"LA ZANJA N\u00ba 20; ZANJA 44","TITULARDM":"COMPA\u00d1IA DE MINAS BUENAVENTURA S.A.; COMPA\u00d1IA DE MINAS BUENAVENTURA S.A.A.; MINERA LA ZANJA S.R.L.; SOCIEDAD MINERA COSHURO\nS.R.L.","RESPONSABLE":"---","GENERADOR":"NO IDENTIFICADO","ESTUDIOAMB":"---","N":"2169"},"geometry":{"type":"Point","coordinates":[-78.8806,-6.78525]}},{"type":"Feature","properties":{"Name":"RESIDUO MINERO","description":"","OBJECTID":"741","PROVINCIA":"SAN MIGUEL","DISTRITO":"TONGOD","CUENCA":"MOTUPE-LA LECHE-\nCHANCAY","ZONA":"17","EXUNIDAD":"LAS MINAS","TIPO":"RESIDUO MINERO","SUBTIPO":"DESMONTE DE MINA","REGION":"CAJAMARCA","ESTE":"734249","NORTE":"9249495","CODIGODM":"03003693X01; 010020396","NOMBREDM":"LA ZANJA N\u00ba 20; ZANJA 44","TITULARDM":"COMPA\u00d1IA DE MINAS BUENAVENTURA S.A.; COMPA\u00d1IA DE MINAS BUENAVENTURA S.A.A.; MINERA LA ZANJA S.R.L.; SOCIEDAD MINERA COSHURO\nS.R.L.","RESPONSABLE":"---","GENERADOR":"NO IDENTIFICADO","ESTUDIOAMB":"---","N":"2170"},"geometry":{"type":"Point","coordinates":[-78.88059,-6.7851]}},{"type":"Feature","properties":{"Name":"LABOR MINERA","description":"","OBJECTID":"742","PROVINCIA":"SAN MIGUEL","DISTRITO":"TONGOD","CUENCA":"MOTUPE-LA LECHE-\nCHANCAY","ZONA":"17","EXUNIDAD":"LAS MINAS","TIPO":"LABOR MINERA","SUBTIPO":"BOCAMINA","REGION":"CAJAMARCA","ESTE":"734303","NORTE":"9249570","CODIGODM":"03003693X01; 010020396","NOMBREDM":"LA ZANJA N\u00ba 20; ZANJA 44","TITULARDM":"COMPA\u00d1IA DE MINAS BUENAVENTURA S.A.; COMPA\u00d1IA DE MINAS BUENAVENTURA S.A.A.; MINERA LA ZANJA S.R.L.; SOCIEDAD MINERA COSHURO\nS.R.L.","RESPONSABLE":"---","GENERADOR":"NO IDENTIFICADO","ESTUDIOAMB":"---","N":"2171"},"geometry":{"type":"Point","coordinates":[-78.8801,-6.78442]}},{"type":"Feature","properties":{"Name":"RESIDUO MINERO","description":"","OBJECTID":"743","PROVINCIA":"SAN MIGUEL","DISTRITO":"TONGOD","CUENCA":"MOTUPE-LA LECHE-\nCHANCAY","ZONA":"17","EXUNIDAD":"LAS MINAS","TIPO":"RESIDUO MINERO","SUBTIPO":"DESMONTE DE MINA","REGION":"CAJAMARCA","ESTE":"734296","NORTE":"9249574","CODIGODM":"03003693X01; 010020396","NOMBREDM":"LA ZANJA N\u00ba 20; ZANJA 44","TITULARDM":"COMPA\u00d1IA DE MINAS BUENAVENTURA S.A.; COMPA\u00d1IA DE MINAS BUENAVENTURA S.A.A.; MINERA LA ZANJA S.R.L.; SOCIEDAD MINERA COSHURO\nS.R.L.","RESPONSABLE":"---","GENERADOR":"NO IDENTIFICADO","ESTUDIOAMB":"---","N":"2172"},"geometry":{"type":"Point","coordinates":[-78.88017,-6.78439]}},{"type":"Feature","properties":{"Name":"LABOR MINERA","description":"","OBJECTID":"744","PROVINCIA":"SAN MIGUEL","DISTRITO":"TONGOD","CUENCA":"MOTUPE-LA LECHE-\nCHANCAY","ZONA":"17","EXUNIDAD":"LAS MINAS","TIPO":"LABOR MINERA","SUBTIPO":"BOCAMINA","REGION":"CAJAMARCA","ESTE":"734066","NORTE":"9249483","CODIGODM":"03003693X01; 010020396","NOMBREDM":"LA ZANJA N\u00ba 20; ZANJA 44","TITULARDM":"COMPA\u00d1IA DE MINAS BUENAVENTURA S.A.; COMPA\u00d1IA DE MINAS BUENAVENTURA S.A.A.; MINERA LA ZANJA S.R.L.; SOCIEDAD MINERA COSHURO\nS.R.L.","RESPONSABLE":"---","GENERADOR":"NO IDENTIFICADO","ESTUDIOAMB":"---","N":"2173"},"geometry":{"type":"Point","coordinates":[-78.88224,-6.78522]}},{"type":"Feature","properties":{"Name":"LABOR MINERA","description":"","OBJECTID":"745","PROVINCIA":"SAN MIGUEL","DISTRITO":"TONGOD","CUENCA":"MOTUPE-LA LECHE-\nCHANCAY","ZONA":"17","EXUNIDAD":"LAS MINAS","TIPO":"LABOR MINERA","SUBTIPO":"BOCAMINA","REGION":"CAJAMARCA","ESTE":"734735","NORTE":"9250074","CODIGODM":"03003693X01","NOMBREDM":"LA ZANJA N\u00ba 20","TITULARDM":"COMPA\u00d1IA DE MINAS BUENAVENTURA S.A.; MINERA LA ZANJA S.R.L.; SOCIEDAD MINERA COSHURO S.R.L.","RESPONSABLE":"---","GENERADOR":"NO IDENTIFICADO","ESTUDIOAMB":"---","N":"2174"},"geometry":{"type":"Point","coordinates":[-78.87622,-6.77985]}},{"type":"Feature","properties":{"Name":"RESIDUO MINERO","description":"","OBJECTID":"746","PROVINCIA":"HUALGAYOC","DISTRITO":"HUALGAYOC","CUENCA":"LLAUCANO","ZONA":"17","EXUNIDAD":"LOLA (LLAUCANO)","TIPO":"RESIDUO MINERO","SUBTIPO":"DESMONTE DE MINA","REGION":"CAJAMARCA","ESTE":"767543","NORTE":"9252056","CODIGODM":"010001701L; 010000184U;\n03000335Y01; 010009372U;\n010778195","NOMBREDM":"ACUMULACION CHELITA; CAROLINA N\u00ba1; MANCO CAPAC; SAN AGUSTIN N\u00ba1; SAN JOSE N\u00ba 1-\nA","TITULARDM":"COMPA\u00d1IA MINERA COLQUIRRUMI S.A.; CONSOLIDADA DE HUALGAYOC S.A.; GOLD FIELDS LA CIMA S.A.; GOLD FIELDS LA CIMA S.A.A.; HUALGAYOC HOLDING S.A.C.; SOCIEDAD MINERA CORONA S.A.; SOCIEDAD MINERA LA CIMA S.A.;\nVIDALON PAREJA;  JAIME DAVID","RESPONSABLE":"MINEM","GENERADOR":"NO IDENTIFICADO","ESTUDIOAMB":"PLAN DE CIERRE DE LA REMEDIACION DE 55 PASIVOS AMBIENTALES MINEROS LA\nTAHONA","N":"2175"},"geometry":{"type":"Point","coordinates":[-78.57964,-6.76055]}},{"type":"Feature","properties":{"Name":"RESIDUO MINERO","description":"","OBJECTID":"747","PROVINCIA":"HUALGAYOC","DISTRITO":"HUALGAYOC","CUENCA":"LLAUCANO","ZONA":"17","EXUNIDAD":"LOLA (LLAUCANO)","TIPO":"RESIDUO MINERO","SUBTIPO":"DESMONTE DE MINA","REGION":"CAJAMARCA","ESTE":"767472","NORTE":"9252027","CODIGODM":"010001701L; 010000184U;\n03000340Y01; 010009372U;\n010778195","NOMBREDM":"ACUMULACION CHELITA; CAROLINA N\u00ba1; HUASCAR; SAN AGUSTIN N\u00ba1; SAN JOSE N\u00ba 1-A","TITULARDM":"COMPA\u00d1IA MINERA COLQUIRRUMI S.A.; CONSOLIDADA DE HUALGAYOC S.A.; GOLD FIELDS LA CIMA S.A.; GOLD FIELDS LA CIMA S.A.A.; HUALGAYOC HOLDING S.A.C.; SOCIEDAD MINERA CORONA S.A.; SOCIEDAD MINERA LA CIMA S.A.;\nVIDALON PAREJA;  JAIME DAVID","RESPONSABLE":"MINEM","GENERADOR":"NO IDENTIFICADO","ESTUDIOAMB":"PLAN DE CIERRE DE LA REMEDIACION DE 55 PASIVOS AMBIENTALES MINEROS LA\nTAHONA","N":"2176"},"geometry":{"type":"Point","coordinates":[-78.58028,-6.76081]}},{"type":"Feature","properties":{"Name":"RESIDUO MINERO","description":"","OBJECTID":"692","PROVINCIA":"HUALGAYOC","DISTRITO":"HUALGAYOC","CUENCA":"LLAUCANO","ZONA":"17","EXUNIDAD":"LA PASTORA (LLAUCANO)","TIPO":"RESIDUO MINERO","SUBTIPO":"DESMONTE DE MINA","REGION":"CAJAMARCA","ESTE":"765135","NORTE":"9251137","CODIGODM":"010000184U; 0301032AX01;\n010236794","NOMBREDM":"CAROLINA N\u00ba1; QUIJOTE-A1; SAN JOSE N\u00ba 1","TITULARDM":"CONSOLIDADA DE HUALGAYOC S.A.; GOLD FIELDS LA CIMA S.A.; GOLD FIELDS LA CIMA S.A.A.; HUALGAYOC HOLDING S.A.C.; SOCIEDAD MINERA CORONA S.A.; SOCIEDAD MINERA LA CIMA S.A.; VIDALON PAREJA;  JAIME DAVID","RESPONSABLE":"ACTIVOS MINEROS S.A.C.","GENERADOR":"IDENTIFICADO","ESTUDIOAMB":"PCPAM DE LA EUM LA PASTORA","N":"2121"},"geometry":{"type":"Point","coordinates":[-78.60137,-6.76896]}},{"type":"Feature","properties":{"Name":"RESIDUO MINERO","description":"","OBJECTID":"693","PROVINCIA":"HUALGAYOC","DISTRITO":"HUALGAYOC","CUENCA":"LLAUCANO","ZONA":"17","EXUNIDAD":"LA PASTORA (LLAUCANO)","TIPO":"RESIDUO MINERO","SUBTIPO":"DESMONTE DE MINA","REGION":"CAJAMARCA","ESTE":"765412","NORTE":"9251142","CODIGODM":"010006972U; 03001068X01;\n010236794","NOMBREDM":"DORADO; MARIO; SAN JOSE N\u00ba 1","TITULARDM":"CARASSAI PIERUCCI;  FERRUCIO; COMPA\u00d1IA MINERA LOS MANTOS S.A.; GOLD\nFIELDS LA CIMA S.A.A.; VIDALON PAREJA;  JAIME DAVID","RESPONSABLE":"ACTIVOS\nMINEROS S.A.C.","GENERADOR":"IDENTIFICADO","ESTUDIOAMB":"PCPAM DE LA EUM LA\nPASTORA","N":"2122"},"geometry":{"type":"Point","coordinates":[-78.59887,-6.7689]}},{"type":"Feature","properties":{"Name":"RESIDUO MINERO","description":"","OBJECTID":"694","PROVINCIA":"HUALGAYOC","DISTRITO":"HUALGAYOC","CUENCA":"LLAUCANO","ZONA":"17","EXUNIDAD":"LA PASTORA (LLAUCANO)","TIPO":"RESIDUO MINERO","SUBTIPO":"DESMONTE DE MINA","REGION":"CAJAMARCA","ESTE":"765397","NORTE":"9251161","CODIGODM":"010006972U; 03001068X01;\n010236794","NOMBREDM":"DORADO; MARIO; SAN JOSE N\u00ba 1","TITULARDM":"CARASSAI PIERUCCI;  FERRUCIO; COMPA\u00d1IA MINERA LOS MANTOS S.A.; GOLD\nFIELDS LA CIMA S.A.A.; VIDALON PAREJA;  JAIME DAVID","RESPONSABLE":"ACTIVOS\nMINEROS S.A.C.","GENERADOR":"IDENTIFICADO","ESTUDIOAMB":"PCPAM DE LA EUM LA\nPASTORA","N":"2123"},"geometry":{"type":"Point","coordinates":[-78.599,-6.76873]}},{"type":"Feature","properties":{"Name":"RESIDUO MINERO","description":"","OBJECTID":"695","PROVINCIA":"HUALGAYOC","DISTRITO":"HUALGAYOC","CUENCA":"LLAUCANO","ZONA":"17","EXUNIDAD":"LA PASTORA (LLAUCANO)","TIPO":"RESIDUO MINERO","SUBTIPO":"DESMONTE DE MINA","REGION":"CAJAMARCA","ESTE":"765421","NORTE":"9251180","CODIGODM":"010006972U; 03001068X01;\n010236794","NOMBREDM":"DORADO; MARIO; SAN JOSE N\u00ba 1","TITULARDM":"CARASSAI PIERUCCI;  FERRUCIO; COMPA\u00d1IA MINERA LOS MANTOS S.A.; GOLD\nFIELDS LA CIMA S.A.A.; VIDALON PAREJA;  JAIME DAVID","RESPONSABLE":"ACTIVOS\nMINEROS S.A.C.","GENERADOR":"IDENTIFICADO","ESTUDIOAMB":"PCPAM DE LA EUM LA\nPASTORA","N":"2124"},"geometry":{"type":"Point","coordinates":[-78.59879,-6.76856]}},{"type":"Feature","properties":{"Name":"RESIDUO MINERO","description":"","OBJECTID":"696","PROVINCIA":"HUALGAYOC","DISTRITO":"HUALGAYOC","CUENCA":"LLAUCANO","ZONA":"17","EXUNIDAD":"LA PASTORA (LLAUCANO)","TIPO":"RESIDUO MINERO","SUBTIPO":"DESMONTE DE MINA","REGION":"CAJAMARCA","ESTE":"765842","NORTE":"9251168","CODIGODM":"0302212AX01; 010346594","NOMBREDM":"LAGO AL-1 (FRACCIONADO);\nSOCAVON JAPETAS","TITULARDM":"COMPA\u00d1IA MINERA LOS MANTOS S.A.; ZARATE MIRANDA;  ALEJANDRO\nFRANCISCO","RESPONSABLE":"ACTIVOS\nMINEROS S.A.C.","GENERADOR":"IDENTIFICADO","ESTUDIOAMB":"PCPAM DE LA EUM LA\nPASTORA","N":"2125"},"geometry":{"type":"Point","coordinates":[-78.59498,-6.76865]}},{"type":"Feature","properties":{"Name":"RESIDUO MINERO","description":"","OBJECTID":"697","PROVINCIA":"HUALGAYOC","DISTRITO":"HUALGAYOC","CUENCA":"LLAUCANO","ZONA":"17","EXUNIDAD":"LA PASTORA (LLAUCANO)","TIPO":"RESIDUO MINERO","SUBTIPO":"MATERIAL DE DESBROCE","REGION":"CAJAMARCA","ESTE":"765761","NORTE":"9251208","CODIGODM":"03001075X01; 010346594","NOMBREDM":"ABISINIA; SOCAVON JAPETAS","TITULARDM":"COMPA\u00d1IA MINERA COLQUIRRUMI S.A.; CONSOLIDADA DE HUALGAYOC S.A.;\nZARATE MIRANDA;  ALEJANDRO FRANCISCO","RESPONSABLE":"ACTIVOS\nMINEROS S.A.C.","GENERADOR":"IDENTIFICADO","ESTUDIOAMB":"PCPAM DE LA EUM LA\nPASTORA","N":"2126"},"geometry":{"type":"Point","coordinates":[-78.59571,-6.76829]}},{"type":"Feature","properties":{"Name":"LABOR MINERA","description":"","OBJECTID":"698","PROVINCIA":"HUALGAYOC","DISTRITO":"HUALGAYOC","CUENCA":"LLAUCANO","ZONA":"17","EXUNIDAD":"LA PASTORA (LLAUCANO)","TIPO":"LABOR MINERA","SUBTIPO":"MEDIA BARRETA","REGION":"CAJAMARCA","ESTE":"765787","NORTE":"9251154","CODIGODM":"0302212AX01","NOMBREDM":"LAGO AL-1 (FRACCIONADO)","TITULARDM":"COMPA\u00d1IA MINERA LOS MANTOS S.A.","RESPONSABLE":"ACTIVOS\nMINEROS S.A.C.","GENERADOR":"IDENTIFICADO","ESTUDIOAMB":"PCPAM DE LA EUM LA\nPASTORA","N":"2127"},"geometry":{"type":"Point","coordinates":[-78.59548,-6.76878]}},{"type":"Feature","properties":{"Name":"LABOR MINERA","description":"","OBJECTID":"699","PROVINCIA":"HUALGAYOC","DISTRITO":"HUALGAYOC","CUENCA":"LLAUCANO","ZONA":"17","EXUNIDAD":"LA PASTORA (LLAUCANO)","TIPO":"LABOR MINERA","SUBTIPO":"MEDIA BARRETA","REGION":"CAJAMARCA","ESTE":"765888","NORTE":"9251175","CODIGODM":"0302212AX01","NOMBREDM":"LAGO AL-1 (FRACCIONADO)","TITULARDM":"COMPA\u00d1IA MINERA LOS MANTOS S.A.","RESPONSABLE":"ACTIVOS\nMINEROS S.A.C.","GENERADOR":"IDENTIFICADO","ESTUDIOAMB":"PCPAM DE LA EUM LA\nPASTORA","N":"2128"},"geometry":{"type":"Point","coordinates":[-78.59456,-6.76859]}},{"type":"Feature","properties":{"Name":"LABOR MINERA","description":"","OBJECTID":"700","PROVINCIA":"HUALGAYOC","DISTRITO":"HUALGAYOC","CUENCA":"LLAUCANO","ZONA":"17","EXUNIDAD":"LA PASTORA (LLAUCANO)","TIPO":"LABOR MINERA","SUBTIPO":"PIQUE","REGION":"CAJAMARCA","ESTE":"765970","NORTE":"9251131","CODIGODM":"0302212AX01","NOMBREDM":"LAGO AL-1 (FRACCIONADO)","TITULARDM":"COMPA\u00d1IA MINERA LOS MANTOS S.A.","RESPONSABLE":"ACTIVOS\nMINEROS S.A.C.","GENERADOR":"IDENTIFICADO","ESTUDIOAMB":"PCPAM DE LA EUM LA\nPASTORA","N":"2129"},"geometry":{"type":"Point","coordinates":[-78.59382,-6.76898]}},{"type":"Feature","properties":{"Name":"LABOR MINERA","description":"","OBJECTID":"701","PROVINCIA":"HUALGAYOC","DISTRITO":"HUALGAYOC","CUENCA":"LLAUCANO","ZONA":"17","EXUNIDAD":"LA PASTORA (LLAUCANO)","TIPO":"LABOR MINERA","SUBTIPO":"PIQUE","REGION":"CAJAMARCA","ESTE":"765978","NORTE":"9251123","CODIGODM":"0302212AX01","NOMBREDM":"LAGO AL-1 (FRACCIONADO)","TITULARDM":"COMPA\u00d1IA MINERA LOS MANTOS S.A.","RESPONSABLE":"ACTIVOS\nMINEROS S.A.C.","GENERADOR":"IDENTIFICADO","ESTUDIOAMB":"PCPAM DE LA EUM LA\nPASTORA","N":"2130"},"geometry":{"type":"Point","coordinates":[-78.59375,-6.76905]}},{"type":"Feature","properties":{"Name":"RESIDUO MINERO","description":"","OBJECTID":"702","PROVINCIA":"HUALGAYOC","DISTRITO":"HUALGAYOC","CUENCA":"LLAUCANO","ZONA":"17","EXUNIDAD":"LA PASTORA (LLAUCANO)","TIPO":"RESIDUO MINERO","SUBTIPO":"DESMONTE DE MINA","REGION":"CAJAMARCA","ESTE":"765882","NORTE":"9251176","CODIGODM":"0302212AX01","NOMBREDM":"LAGO AL-1 (FRACCIONADO)","TITULARDM":"COMPA\u00d1IA MINERA LOS MANTOS S.A.","RESPONSABLE":"ACTIVOS\nMINEROS S.A.C.","GENERADOR":"IDENTIFICADO","ESTUDIOAMB":"PCPAM DE LA EUM LA\nPASTORA","N":"2131"},"geometry":{"type":"Point","coordinates":[-78.59462,-6.76858]}},{"type":"Feature","properties":{"Name":"RESIDUO MINERO","description":"","OBJECTID":"703","PROVINCIA":"HUALGAYOC","DISTRITO":"HUALGAYOC","CUENCA":"LLAUCANO","ZONA":"17","EXUNIDAD":"LA PASTORA (LLAUCANO)","TIPO":"RESIDUO MINERO","SUBTIPO":"DESMONTE DE MINA","REGION":"CAJAMARCA","ESTE":"765931","NORTE":"9251134","CODIGODM":"0302212AX01","NOMBREDM":"LAGO AL-1 (FRACCIONADO)","TITULARDM":"COMPA\u00d1IA MINERA LOS MANTOS S.A.","RESPONSABLE":"ACTIVOS\nMINEROS S.A.C.","GENERADOR":"IDENTIFICADO","ESTUDIOAMB":"PCPAM DE LA EUM LA\nPASTORA","N":"2132"},"geometry":{"type":"Point","coordinates":[-78.59417,-6.76895]}},{"type":"Feature","properties":{"Name":"LABOR MINERA","description":"","OBJECTID":"704","PROVINCIA":"HUALGAYOC","DISTRITO":"HUALGAYOC","CUENCA":"LLAUCANO","ZONA":"17","EXUNIDAD":"LA PASTORA (LLAUCANO)","TIPO":"LABOR MINERA","SUBTIPO":"TAJEO COMUNICADO","REGION":"CAJAMARCA","ESTE":"765268","NORTE":"9251295","CODIGODM":"010006972U; 03001068X01;\n010236794","NOMBREDM":"DORADO; MARIO; SAN JOSE N\u00ba 1","TITULARDM":"CARASSAI PIERUCCI;  FERRUCIO; COMPA\u00d1IA MINERA LOS MANTOS S.A.; GOLD\nFIELDS LA CIMA S.A.A.; VIDALON PAREJA;  JAIME DAVID","RESPONSABLE":"ACTIVOS\nMINEROS S.A.C.","GENERADOR":"IDENTIFICADO","ESTUDIOAMB":"PCPAM DE LA EUM LA\nPASTORA","N":"2133"},"geometry":{"type":"Point","coordinates":[-78.60018,-6.76753]}},{"type":"Feature","properties":{"Name":"LABOR MINERA","description":"","OBJECTID":"705","PROVINCIA":"HUALGAYOC","DISTRITO":"HUALGAYOC","CUENCA":"LLAUCANO","ZONA":"17","EXUNIDAD":"LA PASTORA (LLAUCANO)","TIPO":"LABOR MINERA","SUBTIPO":"TRINCHERA","REGION":"CAJAMARCA","ESTE":"765281","NORTE":"9251177","CODIGODM":"010006972U; 03001068X01;\n010236794","NOMBREDM":"DORADO; MARIO; SAN JOSE N\u00ba 1","TITULARDM":"CARASSAI PIERUCCI;  FERRUCIO; COMPA\u00d1IA MINERA LOS MANTOS S.A.; GOLD\nFIELDS LA CIMA S.A.A.; VIDALON PAREJA;  JAIME DAVID","RESPONSABLE":"ACTIVOS\nMINEROS S.A.C.","GENERADOR":"IDENTIFICADO","ESTUDIOAMB":"PCPAM DE LA EUM LA\nPASTORA","N":"2134"},"geometry":{"type":"Point","coordinates":[-78.60005,-6.76859]}},{"type":"Feature","properties":{"Name":"LABOR MINERA","description":"","OBJECTID":"706","PROVINCIA":"HUALGAYOC","DISTRITO":"HUALGAYOC","CUENCA":"LLAUCANO","ZONA":"17","EXUNIDAD":"LA PASTORA (LLAUCANO)","TIPO":"LABOR MINERA","SUBTIPO":"TRINCHERA","REGION":"CAJAMARCA","ESTE":"765221","NORTE":"9251268","CODIGODM":"010006972U; 03001068X01;\n010236794","NOMBREDM":"DORADO; MARIO; SAN JOSE N\u00ba 1","TITULARDM":"CARASSAI PIERUCCI;  FERRUCIO; COMPA\u00d1IA MINERA LOS MANTOS S.A.; GOLD\nFIELDS LA CIMA S.A.A.; VIDALON PAREJA;  JAIME DAVID","RESPONSABLE":"ACTIVOS\nMINEROS S.A.C.","GENERADOR":"IDENTIFICADO","ESTUDIOAMB":"PCPAM DE LA EUM LA\nPASTORA","N":"2135"},"geometry":{"type":"Point","coordinates":[-78.6006,-6.76777]}},{"type":"Feature","properties":{"Name":"LABOR MINERA","description":"","OBJECTID":"707","PROVINCIA":"HUALGAYOC","DISTRITO":"HUALGAYOC","CUENCA":"LLAUCANO","ZONA":"17","EXUNIDAD":"LA PASTORA (LLAUCANO)","TIPO":"LABOR MINERA","SUBTIPO":"TRINCHERA","REGION":"CAJAMARCA","ESTE":"765230","NORTE":"9251274","CODIGODM":"010006972U; 03001068X01;\n010236794","NOMBREDM":"DORADO; MARIO; SAN JOSE N\u00ba 1","TITULARDM":"CARASSAI PIERUCCI;  FERRUCIO; COMPA\u00d1IA MINERA LOS MANTOS S.A.; GOLD\nFIELDS LA CIMA S.A.A.; VIDALON PAREJA;  JAIME DAVID","RESPONSABLE":"ACTIVOS\nMINEROS S.A.C.","GENERADOR":"IDENTIFICADO","ESTUDIOAMB":"PCPAM DE LA EUM LA\nPASTORA","N":"2136"},"geometry":{"type":"Point","coordinates":[-78.60052,-6.76772]}},{"type":"Feature","properties":{"Name":"RESIDUO MINERO","description":"","OBJECTID":"708","PROVINCIA":"HUALGAYOC","DISTRITO":"HUALGAYOC","CUENCA":"LLAUCANO","ZONA":"17","EXUNIDAD":"LA PASTORA (LLAUCANO)","TIPO":"RESIDUO MINERO","SUBTIPO":"DESMONTE DE MINA","REGION":"CAJAMARCA","ESTE":"765241","NORTE":"9251204","CODIGODM":"010006972U; 03001068X01;\n010236794","NOMBREDM":"DORADO; MARIO; SAN JOSE N\u00ba 1","TITULARDM":"CARASSAI PIERUCCI;  FERRUCIO; COMPA\u00d1IA MINERA LOS MANTOS S.A.; GOLD\nFIELDS LA CIMA S.A.A.; VIDALON PAREJA;  JAIME DAVID","RESPONSABLE":"ACTIVOS\nMINEROS S.A.C.","GENERADOR":"IDENTIFICADO","ESTUDIOAMB":"PCPAM DE LA EUM LA\nPASTORA","N":"2137"},"geometry":{"type":"Point","coordinates":[-78.60042,-6.76835]}},{"type":"Feature","properties":{"Name":"RESIDUO MINERO","description":"","OBJECTID":"709","PROVINCIA":"HUALGAYOC","DISTRITO":"HUALGAYOC","CUENCA":"LLAUCANO","ZONA":"17","EXUNIDAD":"LA PASTORA (LLAUCANO)","TIPO":"RESIDUO MINERO","SUBTIPO":"DESMONTE DE MINA","REGION":"CAJAMARCA","ESTE":"765183","NORTE":"9251174","CODIGODM":"010006972U; 03001068X01;\n010236794","NOMBREDM":"DORADO; MARIO; SAN JOSE N\u00ba 1","TITULARDM":"CARASSAI PIERUCCI;  FERRUCIO; COMPA\u00d1IA MINERA LOS MANTOS S.A.; GOLD\nFIELDS LA CIMA S.A.A.; VIDALON PAREJA;  JAIME DAVID","RESPONSABLE":"ACTIVOS\nMINEROS S.A.C.","GENERADOR":"IDENTIFICADO","ESTUDIOAMB":"PCPAM DE LA EUM LA\nPASTORA","N":"2138"},"geometry":{"type":"Point","coordinates":[-78.60094,-6.76863]}},{"type":"Feature","properties":{"Name":"RESIDUO MINERO","description":"","OBJECTID":"710","PROVINCIA":"HUALGAYOC","DISTRITO":"HUALGAYOC","CUENCA":"LLAUCANO","ZONA":"17","EXUNIDAD":"LA PASTORA (LLAUCANO)","TIPO":"RESIDUO MINERO","SUBTIPO":"DESMONTE DE MINA","REGION":"CAJAMARCA","ESTE":"764921","NORTE":"9251211","CODIGODM":"010000184U; 0301032AX01;\n010236794","NOMBREDM":"CAROLINA N\u00ba1; QUIJOTE-A1; SAN JOSE N\u00ba 1","TITULARDM":"CONSOLIDADA DE HUALGAYOC S.A.; GOLD FIELDS LA CIMA S.A.; GOLD FIELDS LA CIMA S.A.A.; HUALGAYOC HOLDING S.A.C.; SOCIEDAD MINERA CORONA S.A.; SOCIEDAD MINERA LA CIMA S.A.; VIDALON PAREJA;  JAIME DAVID","RESPONSABLE":"ACTIVOS MINEROS S.A.C.","GENERADOR":"IDENTIFICADO","ESTUDIOAMB":"PCPAM DE LA EUM LA PASTORA","N":"2139"},"geometry":{"type":"Point","coordinates":[-78.60331,-6.7683]}},{"type":"Feature","properties":{"Name":"RESIDUO MINERO","description":"","OBJECTID":"711","PROVINCIA":"HUALGAYOC","DISTRITO":"HUALGAYOC","CUENCA":"LLAUCANO","ZONA":"17","EXUNIDAD":"LA PASTORA (LLAUCANO)","TIPO":"RESIDUO MINERO","SUBTIPO":"DESMONTE DE MINA","REGION":"CAJAMARCA","ESTE":"765137","NORTE":"9251274","CODIGODM":"010006972U; 0301032AX01;\n010236794","NOMBREDM":"DORADO; QUIJOTE-A1; SAN JOSE\nN\u00ba 1","TITULARDM":"COMPA\u00d1IA MINERA LOS MANTOS S.A.; CONSOLIDADA DE HUALGAYOC S.A.; GOLD FIELDS LA CIMA S.A.; GOLD FIELDS LA CIMA S.A.A.; HUALGAYOC HOLDING S.A.C.; SOCIEDAD MINERA CORONA S.A.; SOCIEDAD MINERA LA CIMA S.A.; VIDALON\nPAREJA;  JAIME DAVID","RESPONSABLE":"ACTIVOS MINEROS S.A.C.","GENERADOR":"IDENTIFICADO","ESTUDIOAMB":"PCPAM DE LA EUM LA PASTORA","N":"2140"},"geometry":{"type":"Point","coordinates":[-78.60136,-6.76772]}},{"type":"Feature","properties":{"Name":"LABOR MINERA","description":"","OBJECTID":"712","PROVINCIA":"HUALGAYOC","DISTRITO":"HUALGAYOC","CUENCA":"LLAUCANO","ZONA":"17","EXUNIDAD":"LA PASTORA (LLAUCANO)","TIPO":"LABOR MINERA","SUBTIPO":"BOCAMINA","REGION":"CAJAMARCA","ESTE":"765109","NORTE":"9251552","CODIGODM":"010000184U; 0301032AX01;\n010236794","NOMBREDM":"CAROLINA N\u00ba1; QUIJOTE-A1; SAN JOSE N\u00ba 1","TITULARDM":"CONSOLIDADA DE HUALGAYOC S.A.; GOLD FIELDS LA CIMA S.A.; GOLD FIELDS LA CIMA S.A.A.; HUALGAYOC HOLDING S.A.C.; SOCIEDAD MINERA CORONA S.A.; SOCIEDAD MINERA LA CIMA S.A.; VIDALON PAREJA;  JAIME DAVID","RESPONSABLE":"ACTIVOS MINEROS S.A.C.","GENERADOR":"IDENTIFICADO","ESTUDIOAMB":"PCPAM DE LA EUM LA PASTORA","N":"2141"},"geometry":{"type":"Point","coordinates":[-78.60162,-6.76521]}},{"type":"Feature","properties":{"Name":"LABOR MINERA","description":"","OBJECTID":"713","PROVINCIA":"HUALGAYOC","DISTRITO":"HUALGAYOC","CUENCA":"LLAUCANO","ZONA":"17","EXUNIDAD":"LA PASTORA (LLAUCANO)","TIPO":"LABOR MINERA","SUBTIPO":"BOCAMINA","REGION":"CAJAMARCA","ESTE":"765106","NORTE":"9251510","CODIGODM":"010000184U; 0301032AX01;\n010236794","NOMBREDM":"CAROLINA N\u00ba1; QUIJOTE-A1; SAN JOSE N\u00ba 1","TITULARDM":"CONSOLIDADA DE HUALGAYOC S.A.; GOLD FIELDS LA CIMA S.A.; GOLD FIELDS LA CIMA S.A.A.; HUALGAYOC HOLDING S.A.C.; SOCIEDAD MINERA CORONA S.A.; SOCIEDAD MINERA LA CIMA S.A.; VIDALON PAREJA;  JAIME DAVID","RESPONSABLE":"ACTIVOS MINEROS S.A.C.","GENERADOR":"IDENTIFICADO","ESTUDIOAMB":"PCPAM DE LA EUM LA PASTORA","N":"2142"},"geometry":{"type":"Point","coordinates":[-78.60165,-6.76559]}},{"type":"Feature","properties":{"Name":"LABOR MINERA","description":"","OBJECTID":"714","PROVINCIA":"HUALGAYOC","DISTRITO":"HUALGAYOC","CUENCA":"LLAUCANO","ZONA":"17","EXUNIDAD":"LA PASTORA (LLAUCANO)","TIPO":"LABOR MINERA","SUBTIPO":"BOCAMINA","REGION":"CAJAMARCA","ESTE":"765172","NORTE":"9251266","CODIGODM":"010006972U; 03001068X01;\n010236794","NOMBREDM":"DORADO; MARIO; SAN JOSE N\u00ba 1","TITULARDM":"CARASSAI PIERUCCI;  FERRUCIO; COMPA\u00d1IA MINERA LOS MANTOS S.A.; GOLD\nFIELDS LA CIMA S.A.A.; VIDALON PAREJA;  JAIME DAVID","RESPONSABLE":"ACTIVOS\nMINEROS S.A.C.","GENERADOR":"IDENTIFICADO","ESTUDIOAMB":"PCPAM DE LA EUM LA\nPASTORA","N":"2143"},"geometry":{"type":"Point","coordinates":[-78.60104,-6.76779]}},{"type":"Feature","properties":{"Name":"LABOR MINERA","description":"","OBJECTID":"715","PROVINCIA":"HUALGAYOC","DISTRITO":"HUALGAYOC","CUENCA":"LLAUCANO","ZONA":"17","EXUNIDAD":"LA PASTORA (LLAUCANO)","TIPO":"LABOR MINERA","SUBTIPO":"BOCAMINA","REGION":"CAJAMARCA","ESTE":"765161","NORTE":"9251262","CODIGODM":"010006972U; 03001068X01;\n010236794","NOMBREDM":"DORADO; MARIO; SAN JOSE N\u00ba 1","TITULARDM":"CARASSAI PIERUCCI;  FERRUCIO; COMPA\u00d1IA MINERA LOS MANTOS S.A.; GOLD\nFIELDS LA CIMA S.A.A.; VIDALON PAREJA;  JAIME DAVID","RESPONSABLE":"ACTIVOS\nMINEROS S.A.C.","GENERADOR":"IDENTIFICADO","ESTUDIOAMB":"PCPAM DE LA EUM LA\nPASTORA","N":"2144"},"geometry":{"type":"Point","coordinates":[-78.60114,-6.76783]}},{"type":"Feature","properties":{"Name":"LABOR MINERA","description":"","OBJECTID":"716","PROVINCIA":"HUALGAYOC","DISTRITO":"HUALGAYOC","CUENCA":"LLAUCANO","ZONA":"17","EXUNIDAD":"LA PASTORA (LLAUCANO)","TIPO":"LABOR MINERA","SUBTIPO":"BOCAMINA","REGION":"CAJAMARCA","ESTE":"764916","NORTE":"9251208","CODIGODM":"010000184U; 0301032AX01;\n010236794","NOMBREDM":"CAROLINA N\u00ba1; QUIJOTE-A1; SAN JOSE N\u00ba 1","TITULARDM":"CONSOLIDADA DE HUALGAYOC S.A.; GOLD FIELDS LA CIMA S.A.; GOLD FIELDS LA CIMA S.A.A.; HUALGAYOC HOLDING S.A.C.; SOCIEDAD MINERA CORONA S.A.; SOCIEDAD MINERA LA CIMA S.A.; VIDALON PAREJA;  JAIME DAVID","RESPONSABLE":"ACTIVOS MINEROS S.A.C.","GENERADOR":"IDENTIFICADO","ESTUDIOAMB":"PCPAM DE LA EUM LA PASTORA","N":"2145"},"geometry":{"type":"Point","coordinates":[-78.60335,-6.76833]}},{"type":"Feature","properties":{"Name":"LABOR MINERA","description":"","OBJECTID":"717","PROVINCIA":"HUALGAYOC","DISTRITO":"HUALGAYOC","CUENCA":"LLAUCANO","ZONA":"17","EXUNIDAD":"LA PASTORA (LLAUCANO)","TIPO":"LABOR MINERA","SUBTIPO":"BOCAMINA","REGION":"CAJAMARCA","ESTE":"765251","NORTE":"9251206","CODIGODM":"010006972U; 03001068X01;\n010236794","NOMBREDM":"DORADO; MARIO; SAN JOSE N\u00ba 1","TITULARDM":"CARASSAI PIERUCCI;  FERRUCIO; COMPA\u00d1IA MINERA LOS MANTOS S.A.; GOLD\nFIELDS LA CIMA S.A.A.; VIDALON PAREJA;  JAIME DAVID","RESPONSABLE":"ACTIVOS\nMINEROS S.A.C.","GENERADOR":"IDENTIFICADO","ESTUDIOAMB":"PCPAM DE LA EUM LA\nPASTORA","N":"2146"},"geometry":{"type":"Point","coordinates":[-78.60033,-6.76833]}},{"type":"Feature","properties":{"Name":"LABOR MINERA","description":"","OBJECTID":"718","PROVINCIA":"HUALGAYOC","DISTRITO":"HUALGAYOC","CUENCA":"LLAUCANO","ZONA":"17","EXUNIDAD":"LA PASTORA (LLAUCANO)","TIPO":"LABOR MINERA","SUBTIPO":"BOCAMINA","REGION":"CAJAMARCA","ESTE":"765226","NORTE":"9251271","CODIGODM":"010006972U; 03001068X01;\n010236794","NOMBREDM":"DORADO; MARIO; SAN JOSE N\u00ba 1","TITULARDM":"CARASSAI PIERUCCI;  FERRUCIO; COMPA\u00d1IA MINERA LOS MANTOS S.A.; GOLD\nFIELDS LA CIMA S.A.A.; VIDALON PAREJA;  JAIME DAVID","RESPONSABLE":"ACTIVOS\nMINEROS S.A.C.","GENERADOR":"IDENTIFICADO","ESTUDIOAMB":"PCPAM DE LA EUM LA\nPASTORA","N":"2147"},"geometry":{"type":"Point","coordinates":[-78.60055,-6.76775]}},{"type":"Feature","properties":{"Name":"LABOR MINERA","description":"","OBJECTID":"719","PROVINCIA":"HUALGAYOC","DISTRITO":"HUALGAYOC","CUENCA":"LLAUCANO","ZONA":"17","EXUNIDAD":"LA PASTORA (LLAUCANO)","TIPO":"LABOR MINERA","SUBTIPO":"BOCAMINA","REGION":"CAJAMARCA","ESTE":"765231","NORTE":"9251233","CODIGODM":"010006972U; 03001068X01;\n010236794","NOMBREDM":"DORADO; MARIO; SAN JOSE N\u00ba 1","TITULARDM":"CARASSAI PIERUCCI;  FERRUCIO; COMPA\u00d1IA MINERA LOS MANTOS S.A.; GOLD\nFIELDS LA CIMA S.A.A.; VIDALON PAREJA;  JAIME DAVID","RESPONSABLE":"ACTIVOS\nMINEROS S.A.C.","GENERADOR":"IDENTIFICADO","ESTUDIOAMB":"PCPAM DE LA EUM LA\nPASTORA","N":"2148"},"geometry":{"type":"Point","coordinates":[-78.60051,-6.76809]}},{"type":"Feature","properties":{"Name":"LABOR MINERA","description":"","OBJECTID":"720","PROVINCIA":"HUALGAYOC","DISTRITO":"HUALGAYOC","CUENCA":"LLAUCANO","ZONA":"17","EXUNIDAD":"LA PASTORA (LLAUCANO)","TIPO":"LABOR MINERA","SUBTIPO":"BOCAMINA","REGION":"CAJAMARCA","ESTE":"765250","NORTE":"9251174","CODIGODM":"010006972U; 03001068X01;\n010236794","NOMBREDM":"DORADO; MARIO; SAN JOSE N\u00ba 1","TITULARDM":"CARASSAI PIERUCCI;  FERRUCIO; COMPA\u00d1IA MINERA LOS MANTOS S.A.; GOLD\nFIELDS LA CIMA S.A.A.; VIDALON PAREJA;  JAIME DAVID","RESPONSABLE":"ACTIVOS\nMINEROS S.A.C.","GENERADOR":"IDENTIFICADO","ESTUDIOAMB":"PCPAM DE LA EUM LA\nPASTORA","N":"2149"},"geometry":{"type":"Point","coordinates":[-78.60033,-6.76862]}},{"type":"Feature","properties":{"Name":"LABOR MINERA","description":"","OBJECTID":"721","PROVINCIA":"HUALGAYOC","DISTRITO":"HUALGAYOC","CUENCA":"LLAUCANO","ZONA":"17","EXUNIDAD":"LA PASTORA (LLAUCANO)","TIPO":"LABOR MINERA","SUBTIPO":"BOCAMINA","REGION":"CAJAMARCA","ESTE":"765295","NORTE":"9251121","CODIGODM":"010006972U; 03001068X01;\n010236794","NOMBREDM":"DORADO; MARIO; SAN JOSE N\u00ba 1","TITULARDM":"CARASSAI PIERUCCI;  FERRUCIO; COMPA\u00d1IA MINERA LOS MANTOS S.A.; GOLD\nFIELDS LA CIMA S.A.A.; VIDALON PAREJA;  JAIME DAVID","RESPONSABLE":"ACTIVOS\nMINEROS S.A.C.","GENERADOR":"IDENTIFICADO","ESTUDIOAMB":"PCPAM DE LA EUM LA\nPASTORA","N":"2150"},"geometry":{"type":"Point","coordinates":[-78.59992,-6.7691]}},{"type":"Feature","properties":{"Name":"RESIDUO MINERO","description":"","OBJECTID":"722","PROVINCIA":"HUALGAYOC","DISTRITO":"HUALGAYOC","CUENCA":"LLAUCANO","ZONA":"17","EXUNIDAD":"LA PASTORA (LLAUCANO)","TIPO":"RESIDUO MINERO","SUBTIPO":"DESMONTE DE MINA","REGION":"CAJAMARCA","ESTE":"765302","NORTE":"9251115","CODIGODM":"010006972U; 03001068X01;\n010236794","NOMBREDM":"DORADO; MARIO; SAN JOSE N\u00ba 1","TITULARDM":"CARASSAI PIERUCCI;  FERRUCIO; COMPA\u00d1IA MINERA LOS MANTOS S.A.; GOLD\nFIELDS LA CIMA S.A.A.; VIDALON PAREJA;  JAIME DAVID","RESPONSABLE":"ACTIVOS\nMINEROS S.A.C.","GENERADOR":"IDENTIFICADO","ESTUDIOAMB":"PCPAM DE LA EUM LA\nPASTORA","N":"2151"},"geometry":{"type":"Point","coordinates":[-78.59986,-6.76915]}},{"type":"Feature","properties":{"Name":"LABOR MINERA","description":"","OBJECTID":"723","PROVINCIA":"HUALGAYOC","DISTRITO":"HUALGAYOC","CUENCA":"LLAUCANO","ZONA":"17","EXUNIDAD":"LA PASTORA (LLAUCANO)","TIPO":"LABOR MINERA","SUBTIPO":"TRINCHERA","REGION":"CAJAMARCA","ESTE":"765442","NORTE":"9251000","CODIGODM":"010006972U; 03002828X01;\n03001578X01; 010236794","NOMBREDM":"DORADO; LAGO B-4; RICARDO-I;\nSAN JOSE N\u00ba 1","TITULARDM":"COMPA\u00d1IA MINERA LOS MANTOS S.A.; GOLD FIELDS LA CIMA S.A.A.; VIDALON\nPAREJA;  JAIME DAVID","RESPONSABLE":"ACTIVOS\nMINEROS S.A.C.","GENERADOR":"IDENTIFICADO","ESTUDIOAMB":"PCPAM DE LA EUM LA\nPASTORA","N":"2152"},"geometry":{"type":"Point","coordinates":[-78.59859,-6.77019]}},{"type":"Feature","properties":{"Name":"LABOR MINERA","description":"","OBJECTID":"724","PROVINCIA":"HUALGAYOC","DISTRITO":"HUALGAYOC","CUENCA":"LLAUCANO","ZONA":"17","EXUNIDAD":"LA PASTORA (LLAUCANO)","TIPO":"LABOR MINERA","SUBTIPO":"BOCAMINA","REGION":"CAJAMARCA","ESTE":"765294","NORTE":"9251306","CODIGODM":"010009372U; 010236794;\n03001096X01","NOMBREDM":"SAN AGUSTIN N\u00ba1; SAN JOSE N\u00ba 1;\nSEGUNDA REBELDE","TITULARDM":"COMPA\u00d1IA MINERA COLQUIRRUMI S.A.; CONSOLIDADA DE HUALGAYOC S.A.;\nGOLD FIELDS LA CIMA S.A.A.; VIDALON PAREJA;  JAIME DAVID","RESPONSABLE":"ACTIVOS\nMINEROS S.A.C.","GENERADOR":"IDENTIFICADO","ESTUDIOAMB":"PCPAM DE LA EUM LA\nPASTORA","N":"2153"},"geometry":{"type":"Point","coordinates":[-78.59994,-6.76743]}},{"type":"Feature","properties":{"Name":"LABOR MINERA","description":"","OBJECTID":"725","PROVINCIA":"HUALGAYOC","DISTRITO":"HUALGAYOC","CUENCA":"LLAUCANO","ZONA":"17","EXUNIDAD":"LA PASTORA (LLAUCANO)","TIPO":"LABOR MINERA","SUBTIPO":"BOCAMINA","REGION":"CAJAMARCA","ESTE":"765364","NORTE":"9251352","CODIGODM":"010009372U; 010236794;\n03001096X01","NOMBREDM":"SAN AGUSTIN N\u00ba1; SAN JOSE N\u00ba 1;\nSEGUNDA REBELDE","TITULARDM":"COMPA\u00d1IA MINERA COLQUIRRUMI S.A.; CONSOLIDADA DE HUALGAYOC S.A.;\nGOLD FIELDS LA CIMA S.A.A.; VIDALON PAREJA;  JAIME DAVID","RESPONSABLE":"ACTIVOS\nMINEROS S.A.C.","GENERADOR":"IDENTIFICADO","ESTUDIOAMB":"PCPAM DE LA EUM LA\nPASTORA","N":"2154"},"geometry":{"type":"Point","coordinates":[-78.59931,-6.76701]}},{"type":"Feature","properties":{"Name":"LABOR MINERA","description":"","OBJECTID":"726","PROVINCIA":"HUALGAYOC","DISTRITO":"HUALGAYOC","CUENCA":"LLAUCANO","ZONA":"17","EXUNIDAD":"LA PASTORA (LLAUCANO)","TIPO":"LABOR MINERA","SUBTIPO":"BOCAMINA","REGION":"CAJAMARCA","ESTE":"765425","NORTE":"9251369","CODIGODM":"010009372U; 010236794;\n03001096X01","NOMBREDM":"SAN AGUSTIN N\u00ba1; SAN JOSE N\u00ba 1;\nSEGUNDA REBELDE","TITULARDM":"COMPA\u00d1IA MINERA COLQUIRRUMI S.A.; CONSOLIDADA DE HUALGAYOC S.A.;\nGOLD FIELDS LA CIMA S.A.A.; VIDALON PAREJA;  JAIME DAVID","RESPONSABLE":"ACTIVOS\nMINEROS S.A.C.","GENERADOR":"IDENTIFICADO","ESTUDIOAMB":"PCPAM DE LA EUM LA\nPASTORA","N":"2155"},"geometry":{"type":"Point","coordinates":[-78.59876,-6.76685]}},{"type":"Feature","properties":{"Name":"LABOR MINERA","description":"","OBJECTID":"727","PROVINCIA":"HUALGAYOC","DISTRITO":"HUALGAYOC","CUENCA":"LLAUCANO","ZONA":"17","EXUNIDAD":"LA PASTORA (LLAUCANO)","TIPO":"LABOR MINERA","SUBTIPO":"BOCAMINA","REGION":"CAJAMARCA","ESTE":"765499","NORTE":"9250958","CODIGODM":"010006972U; 03002828X01;\n03001578X01; 010236794","NOMBREDM":"DORADO; LAGO B-4; RICARDO-I;\nSAN JOSE N\u00ba 1","TITULARDM":"COMPA\u00d1IA MINERA LOS MANTOS S.A.; GOLD FIELDS LA CIMA S.A.A.; VIDALON\nPAREJA;  JAIME DAVID","RESPONSABLE":"ACTIVOS\nMINEROS S.A.C.","GENERADOR":"IDENTIFICADO","ESTUDIOAMB":"PCPAM DE LA EUM LA\nPASTORA","N":"2156"},"geometry":{"type":"Point","coordinates":[-78.59807,-6.77056]}},{"type":"Feature","properties":{"Name":"RESIDUO MINERO","description":"","OBJECTID":"728","PROVINCIA":"HUALGAYOC","DISTRITO":"HUALGAYOC","CUENCA":"LLAUCANO","ZONA":"17","EXUNIDAD":"LA PASTORA (LLAUCANO)","TIPO":"RESIDUO MINERO","SUBTIPO":"DESMONTE DE MINA","REGION":"CAJAMARCA","ESTE":"765281","NORTE":"9251289","CODIGODM":"010006972U; 03001068X01;\n010236794","NOMBREDM":"DORADO; MARIO; SAN JOSE N\u00ba 1","TITULARDM":"CARASSAI PIERUCCI;  FERRUCIO; COMPA\u00d1IA MINERA LOS MANTOS S.A.; GOLD\nFIELDS LA CIMA S.A.A.; VIDALON PAREJA;  JAIME DAVID","RESPONSABLE":"ACTIVOS\nMINEROS S.A.C.","GENERADOR":"IDENTIFICADO","ESTUDIOAMB":"PCPAM DE LA EUM LA\nPASTORA","N":"2157"},"geometry":{"type":"Point","coordinates":[-78.60006,-6.76758]}},{"type":"Feature","properties":{"Name":"RESIDUO MINERO","description":"","OBJECTID":"729","PROVINCIA":"HUALGAYOC","DISTRITO":"HUALGAYOC","CUENCA":"LLAUCANO","ZONA":"17","EXUNIDAD":"LA PASTORA (LLAUCANO)","TIPO":"RESIDUO MINERO","SUBTIPO":"DESMONTE DE MINA","REGION":"CAJAMARCA","ESTE":"765327","NORTE":"9251343","CODIGODM":"010009372U; 010236794;\n03001096X01","NOMBREDM":"SAN AGUSTIN N\u00ba1; SAN JOSE N\u00ba 1;\nSEGUNDA REBELDE","TITULARDM":"COMPA\u00d1IA MINERA COLQUIRRUMI S.A.; CONSOLIDADA DE HUALGAYOC S.A.;\nGOLD FIELDS LA CIMA S.A.A.; VIDALON PAREJA;  JAIME DAVID","RESPONSABLE":"ACTIVOS\nMINEROS S.A.C.","GENERADOR":"IDENTIFICADO","ESTUDIOAMB":"PCPAM DE LA EUM LA\nPASTORA","N":"2158"},"geometry":{"type":"Point","coordinates":[-78.59964,-6.76709]}},{"type":"Feature","properties":{"Name":"RESIDUO MINERO","description":"","OBJECTID":"730","PROVINCIA":"HUALGAYOC","DISTRITO":"HUALGAYOC","CUENCA":"LLAUCANO","ZONA":"17","EXUNIDAD":"LA PASTORA (LLAUCANO)","TIPO":"RESIDUO MINERO","SUBTIPO":"DESMONTE DE MINA","REGION":"CAJAMARCA","ESTE":"765366","NORTE":"9251364","CODIGODM":"010009372U; 010236794;\n03001096X01","NOMBREDM":"SAN AGUSTIN N\u00ba1; SAN JOSE N\u00ba 1;\nSEGUNDA REBELDE","TITULARDM":"COMPA\u00d1IA MINERA COLQUIRRUMI S.A.; CONSOLIDADA DE HUALGAYOC S.A.;\nGOLD FIELDS LA CIMA S.A.A.; VIDALON PAREJA;  JAIME DAVID","RESPONSABLE":"ACTIVOS\nMINEROS S.A.C.","GENERADOR":"IDENTIFICADO","ESTUDIOAMB":"PCPAM DE LA EUM LA\nPASTORA","N":"2159"},"geometry":{"type":"Point","coordinates":[-78.59929,-6.7669]}},{"type":"Feature","properties":{"Name":"RESIDUO MINERO","description":"","OBJECTID":"731","PROVINCIA":"HUALGAYOC","DISTRITO":"HUALGAYOC","CUENCA":"LLAUCANO","ZONA":"17","EXUNIDAD":"LA PASTORA (LLAUCANO)","TIPO":"RESIDUO MINERO","SUBTIPO":"DESMONTE DE MINA","REGION":"CAJAMARCA","ESTE":"765432","NORTE":"9251371","CODIGODM":"010009372U; 010236794;\n03001096X01","NOMBREDM":"SAN AGUSTIN N\u00ba1; SAN JOSE N\u00ba 1;\nSEGUNDA REBELDE","TITULARDM":"COMPA\u00d1IA MINERA COLQUIRRUMI S.A.; CONSOLIDADA DE HUALGAYOC S.A.;\nGOLD FIELDS LA CIMA S.A.A.; VIDALON PAREJA;  JAIME DAVID","RESPONSABLE":"ACTIVOS\nMINEROS S.A.C.","GENERADOR":"IDENTIFICADO","ESTUDIOAMB":"PCPAM DE LA EUM LA\nPASTORA","N":"2160"},"geometry":{"type":"Point","coordinates":[-78.5987,-6.76683]}},{"type":"Feature","properties":{"Name":"RESIDUO MINERO","description":"","OBJECTID":"732","PROVINCIA":"HUALGAYOC","DISTRITO":"HUALGAYOC","CUENCA":"LLAUCANO","ZONA":"17","EXUNIDAD":"LA PASTORA (LLAUCANO)","TIPO":"RESIDUO MINERO","SUBTIPO":"DESMONTE DE MINA","REGION":"CAJAMARCA","ESTE":"765183","NORTE":"9251108","CODIGODM":"010006972U; 03001068X01;\n010236794","NOMBREDM":"DORADO; MARIO; SAN JOSE N\u00ba 1","TITULARDM":"CARASSAI PIERUCCI;  FERRUCIO; COMPA\u00d1IA MINERA LOS MANTOS S.A.; GOLD\nFIELDS LA CIMA S.A.A.; VIDALON PAREJA;  JAIME DAVID","RESPONSABLE":"ACTIVOS\nMINEROS S.A.C.","GENERADOR":"IDENTIFICADO","ESTUDIOAMB":"PCPAM DE LA EUM LA\nPASTORA","N":"2161"},"geometry":{"type":"Point","coordinates":[-78.60094,-6.76922]}},{"type":"Feature","properties":{"Name":"LABOR MINERA","description":"","OBJECTID":"733","PROVINCIA":"HUALGAYOC","DISTRITO":"HUALGAYOC","CUENCA":"LLAUCANO","ZONA":"17","EXUNIDAD":"LA PASTORA (LLAUCANO)","TIPO":"LABOR MINERA","SUBTIPO":"TRINCHERA","REGION":"CAJAMARCA","ESTE":"765303","NORTE":"9251317","CODIGODM":"010009372U; 010236794;\n03001096X01","NOMBREDM":"SAN AGUSTIN N\u00ba1; SAN JOSE N\u00ba 1;\nSEGUNDA REBELDE","TITULARDM":"COMPA\u00d1IA MINERA COLQUIRRUMI S.A.; CONSOLIDADA DE HUALGAYOC S.A.;\nGOLD FIELDS LA CIMA S.A.A.; VIDALON PAREJA;  JAIME DAVID","RESPONSABLE":"ACTIVOS\nMINEROS S.A.C.","GENERADOR":"IDENTIFICADO","ESTUDIOAMB":"PCPAM DE LA EUM LA\nPASTORA","N":"2162"},"geometry":{"type":"Point","coordinates":[-78.59986,-6.76733]}},{"type":"Feature","properties":{"Name":"LABOR MINERA","description":"","OBJECTID":"734","PROVINCIA":"HUALGAYOC","DISTRITO":"HUALGAYOC","CUENCA":"LLAUCANO","ZONA":"17","EXUNIDAD":"LA PASTORA (LLAUCANO)","TIPO":"LABOR MINERA","SUBTIPO":"TRINCHERA","REGION":"CAJAMARCA","ESTE":"765325","NORTE":"9251334","CODIGODM":"010009372U; 010236794;\n03001096X01","NOMBREDM":"SAN AGUSTIN N\u00ba1; SAN JOSE N\u00ba 1;\nSEGUNDA REBELDE","TITULARDM":"COMPA\u00d1IA MINERA COLQUIRRUMI S.A.; CONSOLIDADA DE HUALGAYOC S.A.;\nGOLD FIELDS LA CIMA S.A.A.; VIDALON PAREJA;  JAIME DAVID","RESPONSABLE":"ACTIVOS\nMINEROS S.A.C.","GENERADOR":"IDENTIFICADO","ESTUDIOAMB":"PCPAM DE LA EUM LA\nPASTORA","N":"2163"},"geometry":{"type":"Point","coordinates":[-78.59966,-6.76717]}},{"type":"Feature","properties":{"Name":"RESIDUO MINERO","description":"","OBJECTID":"735","PROVINCIA":"HUALGAYOC","DISTRITO":"HUALGAYOC","CUENCA":"LLAUCANO","ZONA":"17","EXUNIDAD":"LA PASTORA (LLAUCANO)","TIPO":"RESIDUO MINERO","SUBTIPO":"DESMONTE DE MINA","REGION":"CAJAMARCA","ESTE":"765267","NORTE":"9251092","CODIGODM":"010006972U; 03001068X01;\n010236794","NOMBREDM":"DORADO; MARIO; SAN JOSE N\u00ba 1","TITULARDM":"CARASSAI PIERUCCI;  FERRUCIO; COMPA\u00d1IA MINERA LOS MANTOS S.A.; GOLD\nFIELDS LA CIMA S.A.A.; VIDALON PAREJA;  JAIME DAVID","RESPONSABLE":"ACTIVOS\nMINEROS S.A.C.","GENERADOR":"IDENTIFICADO","ESTUDIOAMB":"PCPAM DE LA EUM LA\nPASTORA","N":"2164"},"geometry":{"type":"Point","coordinates":[-78.60018,-6.76936]}},{"type":"Feature","properties":{"Name":"LABOR MINERA","description":"","OBJECTID":"736","PROVINCIA":"HUALGAYOC","DISTRITO":"HUALGAYOC","CUENCA":"LLAUCANO","ZONA":"17","EXUNIDAD":"LA PASTORA (LLAUCANO)","TIPO":"LABOR MINERA","SUBTIPO":"BOCAMINA","REGION":"CAJAMARCA","ESTE":"765231","NORTE":"9251217","CODIGODM":"010006972U; 03001068X01;\n010236794","NOMBREDM":"DORADO; MARIO; SAN JOSE N\u00ba 1","TITULARDM":"CARASSAI PIERUCCI;  FERRUCIO; COMPA\u00d1IA MINERA LOS MANTOS S.A.; GOLD\nFIELDS LA CIMA S.A.A.; VIDALON PAREJA;  JAIME DAVID","RESPONSABLE":"ACTIVOS\nMINEROS S.A.C.","GENERADOR":"IDENTIFICADO","ESTUDIOAMB":"PCPAM DE LA EUM LA\nPASTORA","N":"2165"},"geometry":{"type":"Point","coordinates":[-78.60051,-6.76824]}},{"type":"Feature","properties":{"Name":"LABOR MINERA","description":"","OBJECTID":"737","PROVINCIA":"HUALGAYOC","DISTRITO":"HUALGAYOC","CUENCA":"LLAUCANO","ZONA":"17","EXUNIDAD":"LA PASTORA (LLAUCANO)","TIPO":"LABOR MINERA","SUBTIPO":"BOCAMINA","REGION":"CAJAMARCA","ESTE":"765217","NORTE":"9251211","CODIGODM":"010006972U; 03001068X01;\n010236794","NOMBREDM":"DORADO; MARIO; SAN JOSE N\u00ba 1","TITULARDM":"CARASSAI PIERUCCI;  FERRUCIO; COMPA\u00d1IA MINERA LOS MANTOS S.A.; GOLD\nFIELDS LA CIMA S.A.A.; VIDALON PAREJA;  JAIME DAVID","RESPONSABLE":"ACTIVOS\nMINEROS S.A.C.","GENERADOR":"IDENTIFICADO","ESTUDIOAMB":"PCPAM DE LA EUM LA\nPASTORA","N":"2166"},"geometry":{"type":"Point","coordinates":[-78.60063,-6.76829]}},{"type":"Feature","properties":{"Name":"LABOR MINERA","description":"","OBJECTID":"738","PROVINCIA":"SAN MIGUEL","DISTRITO":"TONGOD","CUENCA":"MOTUPE-LA LECHE-\nCHANCAY","ZONA":"17","EXUNIDAD":"LAS MINAS","TIPO":"LABOR MINERA","SUBTIPO":"BOCAMINA","REGION":"CAJAMARCA","ESTE":"734260","NORTE":"9249560","CODIGODM":"03003693X01; 010020396","NOMBREDM":"LA ZANJA N\u00ba 20; ZANJA 44","TITULARDM":"COMPA\u00d1IA DE MINAS BUENAVENTURA S.A.; COMPA\u00d1IA DE MINAS BUENAVENTURA S.A.A.; MINERA LA ZANJA S.R.L.; SOCIEDAD MINERA COSHURO\nS.R.L.","RESPONSABLE":"---","GENERADOR":"NO IDENTIFICADO","ESTUDIOAMB":"---","N":"2167"},"geometry":{"type":"Point","coordinates":[-78.88049,-6.78452]}},{"type":"Feature","properties":{"Name":"LABOR MINERA","description":"","OBJECTID":"673","PROVINCIA":"HUALGAYOC","DISTRITO":"HUALGAYOC","CUENCA":"LLAUCANO","ZONA":"17","EXUNIDAD":"LA PASTORA (LLAUCANO)","TIPO":"LABOR MINERA","SUBTIPO":"BOCAMINA","REGION":"CAJAMARCA","ESTE":"766201","NORTE":"9252017","CODIGODM":"03000476X01; 010778195","NOMBREDM":"LA CU\u00d1A; SAN JOSE N\u00ba 1-A","TITULARDM":"COMPA\u00d1IA MINERA COLQUIRRUMI S.A.; CONSOLIDADA DE HUALGAYOC S.A.;\nGOLD FIELDS LA CIMA S.A.A.; VIDALON PAREJA;  JAIME DAVID","RESPONSABLE":"ACTIVOS\nMINEROS S.A.C.","GENERADOR":"IDENTIFICADO","ESTUDIOAMB":"PCPAM DE LA EUM LA\nPASTORA","N":"2102"},"geometry":{"type":"Point","coordinates":[-78.59177,-6.76096]}},{"type":"Feature","properties":{"Name":"LABOR MINERA","description":"","OBJECTID":"674","PROVINCIA":"HUALGAYOC","DISTRITO":"HUALGAYOC","CUENCA":"LLAUCANO","ZONA":"17","EXUNIDAD":"LA PASTORA (LLAUCANO)","TIPO":"LABOR MINERA","SUBTIPO":"BOCAMINA","REGION":"CAJAMARCA","ESTE":"765366","NORTE":"9251149","CODIGODM":"010006972U; 03001068X01;\n010236794","NOMBREDM":"DORADO; MARIO; SAN JOSE N\u00ba 1","TITULARDM":"CARASSAI PIERUCCI;  FERRUCIO; COMPA\u00d1IA MINERA LOS MANTOS S.A.; GOLD\nFIELDS LA CIMA S.A.A.; VIDALON PAREJA;  JAIME DAVID","RESPONSABLE":"ACTIVOS\nMINEROS S.A.C.","GENERADOR":"IDENTIFICADO","ESTUDIOAMB":"PCPAM DE LA EUM LA\nPASTORA","N":"2103"},"geometry":{"type":"Point","coordinates":[-78.59928,-6.76884]}},{"type":"Feature","properties":{"Name":"LABOR MINERA","description":"","OBJECTID":"675","PROVINCIA":"HUALGAYOC","DISTRITO":"HUALGAYOC","CUENCA":"LLAUCANO","ZONA":"17","EXUNIDAD":"LA PASTORA (LLAUCANO)","TIPO":"LABOR MINERA","SUBTIPO":"BOCAMINA","REGION":"CAJAMARCA","ESTE":"765330","NORTE":"9251131","CODIGODM":"010006972U; 03001068X01;\n010236794","NOMBREDM":"DORADO; MARIO; SAN JOSE N\u00ba 1","TITULARDM":"CARASSAI PIERUCCI;  FERRUCIO; COMPA\u00d1IA MINERA LOS MANTOS S.A.; GOLD\nFIELDS LA CIMA S.A.A.; VIDALON PAREJA;  JAIME DAVID","RESPONSABLE":"ACTIVOS\nMINEROS S.A.C.","GENERADOR":"IDENTIFICADO","ESTUDIOAMB":"PCPAM DE LA EUM LA\nPASTORA","N":"2104"},"geometry":{"type":"Point","coordinates":[-78.59961,-6.76901]}},{"type":"Feature","properties":{"Name":"LABOR MINERA","description":"","OBJECTID":"676","PROVINCIA":"HUALGAYOC","DISTRITO":"HUALGAYOC","CUENCA":"LLAUCANO","ZONA":"17","EXUNIDAD":"LA PASTORA (LLAUCANO)","TIPO":"LABOR MINERA","SUBTIPO":"BOCAMINA","REGION":"CAJAMARCA","ESTE":"765306","NORTE":"9251129","CODIGODM":"010006972U; 03001068X01;\n010236794","NOMBREDM":"DORADO; MARIO; SAN JOSE N\u00ba 1","TITULARDM":"CARASSAI PIERUCCI;  FERRUCIO; COMPA\u00d1IA MINERA LOS MANTOS S.A.; GOLD\nFIELDS LA CIMA S.A.A.; VIDALON PAREJA;  JAIME DAVID","RESPONSABLE":"ACTIVOS\nMINEROS S.A.C.","GENERADOR":"IDENTIFICADO","ESTUDIOAMB":"PCPAM DE LA EUM LA\nPASTORA","N":"2105"},"geometry":{"type":"Point","coordinates":[-78.59982,-6.76903]}},{"type":"Feature","properties":{"Name":"LABOR MINERA","description":"","OBJECTID":"677","PROVINCIA":"HUALGAYOC","DISTRITO":"HUALGAYOC","CUENCA":"LLAUCANO","ZONA":"17","EXUNIDAD":"LA PASTORA (LLAUCANO)","TIPO":"LABOR MINERA","SUBTIPO":"BOCAMINA","REGION":"CAJAMARCA","ESTE":"765287","NORTE":"9251115","CODIGODM":"03002455X01","NOMBREDM":"COLQUIRRUMI N\u00ba 47","TITULARDM":"COMPA\u00d1IA MINERA COIMOLACHE S.A.; COMPA\u00d1IA MINERA COLQUIRRUMI S.A.;\nCONSOLIDADA DE HUALGAYOC S.A.","RESPONSABLE":"ACTIVOS\nMINEROS S.A.C.","GENERADOR":"IDENTIFICADO","ESTUDIOAMB":"PCPAM DE LA EUM LA\nPASTORA","N":"2106"},"geometry":{"type":"Point","coordinates":[-78.6,-6.76915]}},{"type":"Feature","properties":{"Name":"LABOR MINERA","description":"","OBJECTID":"678","PROVINCIA":"HUALGAYOC","DISTRITO":"HUALGAYOC","CUENCA":"LLAUCANO","ZONA":"17","EXUNIDAD":"LA PASTORA (LLAUCANO)","TIPO":"LABOR MINERA","SUBTIPO":"BOCAMINA","REGION":"CAJAMARCA","ESTE":"765176","NORTE":"9251066","CODIGODM":"010006972U; 03001068X01;\n010236794","NOMBREDM":"DORADO; MARIO; SAN JOSE N\u00ba 1","TITULARDM":"CARASSAI PIERUCCI;  FERRUCIO; COMPA\u00d1IA MINERA LOS MANTOS S.A.; GOLD\nFIELDS LA CIMA S.A.A.; VIDALON PAREJA;  JAIME DAVID","RESPONSABLE":"ACTIVOS\nMINEROS S.A.C.","GENERADOR":"IDENTIFICADO","ESTUDIOAMB":"PCPAM DE LA EUM LA\nPASTORA","N":"2107"},"geometry":{"type":"Point","coordinates":[-78.601,-6.7696]}},{"type":"Feature","properties":{"Name":"LABOR MINERA","description":"","OBJECTID":"679","PROVINCIA":"HUALGAYOC","DISTRITO":"HUALGAYOC","CUENCA":"LLAUCANO","ZONA":"17","EXUNIDAD":"LA PASTORA (LLAUCANO)","TIPO":"LABOR MINERA","SUBTIPO":"BOCAMINA","REGION":"CAJAMARCA","ESTE":"765197","NORTE":"9251175","CODIGODM":"010006972U; 03001068X01;\n010236794","NOMBREDM":"DORADO; MARIO; SAN JOSE N\u00ba 1","TITULARDM":"CARASSAI PIERUCCI;  FERRUCIO; COMPA\u00d1IA MINERA LOS MANTOS S.A.; GOLD\nFIELDS LA CIMA S.A.A.; VIDALON PAREJA;  JAIME DAVID","RESPONSABLE":"ACTIVOS\nMINEROS S.A.C.","GENERADOR":"IDENTIFICADO","ESTUDIOAMB":"PCPAM DE LA EUM LA\nPASTORA","N":"2108"},"geometry":{"type":"Point","coordinates":[-78.60081,-6.76862]}},{"type":"Feature","properties":{"Name":"LABOR MINERA","description":"","OBJECTID":"680","PROVINCIA":"HUALGAYOC","DISTRITO":"HUALGAYOC","CUENCA":"LLAUCANO","ZONA":"17","EXUNIDAD":"LA PASTORA (LLAUCANO)","TIPO":"LABOR MINERA","SUBTIPO":"BOCAMINA","REGION":"CAJAMARCA","ESTE":"765862","NORTE":"9251175","CODIGODM":"0302212AX01; 010346594","NOMBREDM":"LAGO AL-1 (FRACCIONADO);\nSOCAVON JAPETAS","TITULARDM":"COMPA\u00d1IA MINERA LOS MANTOS S.A.; ZARATE MIRANDA;  ALEJANDRO\nFRANCISCO","RESPONSABLE":"ACTIVOS\nMINEROS S.A.C.","GENERADOR":"IDENTIFICADO","ESTUDIOAMB":"PCPAM DE LA EUM LA\nPASTORA","N":"2109"},"geometry":{"type":"Point","coordinates":[-78.5948,-6.76859]}},{"type":"Feature","properties":{"Name":"LABOR MINERA","description":"","OBJECTID":"681","PROVINCIA":"HUALGAYOC","DISTRITO":"HUALGAYOC","CUENCA":"LLAUCANO","ZONA":"17","EXUNIDAD":"LA PASTORA (LLAUCANO)","TIPO":"LABOR MINERA","SUBTIPO":"BOCAMINA","REGION":"CAJAMARCA","ESTE":"765391","NORTE":"9251171","CODIGODM":"010006972U; 03001068X01;\n010236794","NOMBREDM":"DORADO; MARIO; SAN JOSE N\u00ba 1","TITULARDM":"CARASSAI PIERUCCI;  FERRUCIO; COMPA\u00d1IA MINERA LOS MANTOS S.A.; GOLD\nFIELDS LA CIMA S.A.A.; VIDALON PAREJA;  JAIME DAVID","RESPONSABLE":"ACTIVOS\nMINEROS S.A.C.","GENERADOR":"IDENTIFICADO","ESTUDIOAMB":"PCPAM DE LA EUM LA\nPASTORA","N":"2110"},"geometry":{"type":"Point","coordinates":[-78.59906,-6.76864]}},{"type":"Feature","properties":{"Name":"LABOR MINERA","description":"","OBJECTID":"682","PROVINCIA":"HUALGAYOC","DISTRITO":"HUALGAYOC","CUENCA":"LLAUCANO","ZONA":"17","EXUNIDAD":"LA PASTORA (LLAUCANO)","TIPO":"LABOR MINERA","SUBTIPO":"BOCAMINA","REGION":"CAJAMARCA","ESTE":"765550","NORTE":"9250989","CODIGODM":"010006972U; 03001578X01;\n010236794","NOMBREDM":"DORADO; RICARDO-I; SAN JOSE N\u00ba\n1","TITULARDM":"COMPA\u00d1IA MINERA LOS MANTOS S.A.; GOLD FIELDS LA CIMA S.A.A.; VIDALON\nPAREJA;  JAIME DAVID","RESPONSABLE":"ACTIVOS\nMINEROS S.A.C.","GENERADOR":"IDENTIFICADO","ESTUDIOAMB":"PCPAM DE LA EUM LA\nPASTORA","N":"2111"},"geometry":{"type":"Point","coordinates":[-78.59761,-6.77028]}},{"type":"Feature","properties":{"Name":"LABOR MINERA","description":"","OBJECTID":"802","PROVINCIA":"HUALGAYOC","DISTRITO":"HUALGAYOC","CUENCA":"LLAUCANO","ZONA":"17","EXUNIDAD":"LORETO (LLAUCANO)","TIPO":"LABOR MINERA","SUBTIPO":"BOCAMINA","REGION":"CAJAMARCA","ESTE":"764680","NORTE":"9252694","CODIGODM":"03001173X01; 010002579U;\n010261405","NOMBREDM":"AURORA; AURORA - MUSSOLINI;\nCOLQUIRRUMI 60","TITULARDM":"COMPA\u00d1IA MINERA COLQUIRRUMI S.A.; CONSOLIDADA DE HUALGAYOC S.A.;\nS.M.R.L. MUSSOLINI DE CAJAMARCA","RESPONSABLE":"---","GENERADOR":"NO IDENTIFICADO","ESTUDIOAMB":"---","N":"2231"},"geometry":{"type":"Point","coordinates":[-78.60555,-6.75491]}},{"type":"Feature","properties":{"Name":"LABOR MINERA","description":"","OBJECTID":"803","PROVINCIA":"HUALGAYOC","DISTRITO":"HUALGAYOC","CUENCA":"LLAUCANO","ZONA":"17","EXUNIDAD":"LORETO (LLAUCANO)","TIPO":"LABOR MINERA","SUBTIPO":"BOCAMINA","REGION":"CAJAMARCA","ESTE":"764822","NORTE":"9252805","CODIGODM":"03002125X01; 010460295","NOMBREDM":"LORETO N\u00ba 1; ZAIN","TITULARDM":"COMPA\u00d1IA MINERA COLQUIRRUMI S.A.; S.M.R.L. BENAVIDES N\u00ba1 DE CAJAMARCA; ZARATE MIRANDA;  ALEJANDRO FRANCISCO","RESPONSABLE":"COMPA\u00d1IA MINERA COLQUIRRUMI\nS.A.","GENERADOR":"NO IDENTIFICADO","ESTUDIOAMB":"PCPAM DE LA UNIDAD MINERA COLQUIRRUMI -\"HUALGAYOC\"","N":"2232"},"geometry":{"type":"Point","coordinates":[-78.60428,-6.7539]}},{"type":"Feature","properties":{"Name":"RESIDUO MINERO","description":"","OBJECTID":"804","PROVINCIA":"HUALGAYOC","DISTRITO":"HUALGAYOC","CUENCA":"LLAUCANO","ZONA":"17","EXUNIDAD":"LORETO (LLAUCANO)","TIPO":"RESIDUO MINERO","SUBTIPO":"DESMONTE DE MINA","REGION":"CAJAMARCA","ESTE":"764906","NORTE":"9252837","CODIGODM":"03001077X01; 010460295","NOMBREDM":"LA BELLA ITALIA; ZAIN","TITULARDM":"COMPA\u00d1IA MINERA COLQUIRRUMI S.A.; CONSOLIDADA DE HUALGAYOC S.A.;\nZARATE MIRANDA;  ALEJANDRO FRANCISCO","RESPONSABLE":"---","GENERADOR":"NO IDENTIFICADO","ESTUDIOAMB":"---","N":"2233"},"geometry":{"type":"Point","coordinates":[-78.60352,-6.75361]}},{"type":"Feature","properties":{"Name":"RESIDUO MINERO","description":"","OBJECTID":"805","PROVINCIA":"HUALGAYOC","DISTRITO":"HUALGAYOC","CUENCA":"LLAUCANO","ZONA":"17","EXUNIDAD":"LORETO (LLAUCANO)","TIPO":"RESIDUO MINERO","SUBTIPO":"DESMONTE DE MINA","REGION":"CAJAMARCA","ESTE":"764940","NORTE":"9252806","CODIGODM":"0302212EX01; 010460295","NOMBREDM":"LAGO AL-5 (FRACCIONADO); ZAIN","TITULARDM":"COMPA\u00d1IA MINERA LOS MANTOS S.A.; ZARATE MIRANDA;  ALEJANDRO\nFRANCISCO","RESPONSABLE":"---","GENERADOR":"NO IDENTIFICADO","ESTUDIOAMB":"---","N":"2234"},"geometry":{"type":"Point","coordinates":[-78.60321,-6.75389]}},{"type":"Feature","properties":{"Name":"LABOR MINERA","description":"","OBJECTID":"806","PROVINCIA":"HUALGAYOC","DISTRITO":"HUALGAYOC","CUENCA":"LLAUCANO","ZONA":"17","EXUNIDAD":"LORETO (LLAUCANO)","TIPO":"LABOR MINERA","SUBTIPO":"BOCAMINA","REGION":"CAJAMARCA","ESTE":"764891","NORTE":"9252845","CODIGODM":"0302212EX01; 010460295","NOMBREDM":"LAGO AL-5 (FRACCIONADO); ZAIN","TITULARDM":"COMPA\u00d1IA MINERA LOS MANTOS S.A.; ZARATE MIRANDA;  ALEJANDRO\nFRANCISCO","RESPONSABLE":"---","GENERADOR":"NO IDENTIFICADO","ESTUDIOAMB":"---","N":"2235"},"geometry":{"type":"Point","coordinates":[-78.60365,-6.75354]}},{"type":"Feature","properties":{"Name":"LABOR MINERA","description":"","OBJECTID":"807","PROVINCIA":"HUALGAYOC","DISTRITO":"HUALGAYOC","CUENCA":"LLAUCANO","ZONA":"17","EXUNIDAD":"LORETO (LLAUCANO)","TIPO":"LABOR MINERA","SUBTIPO":"BOCAMINA","REGION":"CAJAMARCA","ESTE":"764935","NORTE":"9252804","CODIGODM":"0302212EX01; 010460295","NOMBREDM":"LAGO AL-5 (FRACCIONADO); ZAIN","TITULARDM":"COMPA\u00d1IA MINERA LOS MANTOS S.A.; ZARATE MIRANDA;  ALEJANDRO\nFRANCISCO","RESPONSABLE":"---","GENERADOR":"NO IDENTIFICADO","ESTUDIOAMB":"---","N":"2236"},"geometry":{"type":"Point","coordinates":[-78.60325,-6.7539]}},{"type":"Feature","properties":{"Name":"LABOR MINERA","description":"","OBJECTID":"808","PROVINCIA":"HUALGAYOC","DISTRITO":"HUALGAYOC","CUENCA":"LLAUCANO","ZONA":"17","EXUNIDAD":"LORETO (LLAUCANO)","TIPO":"LABOR MINERA","SUBTIPO":"BOCAMINA","REGION":"CAJAMARCA","ESTE":"764913","NORTE":"9252779","CODIGODM":"03001173X01; 010002579U;\n010460295","NOMBREDM":"AURORA; AURORA - MUSSOLINI;\nZAIN","TITULARDM":"S.M.R.L. MUSSOLINI DE CAJAMARCA; ZARATE MIRANDA;  ALEJANDRO FRANCISCO","RESPONSABLE":"---","GENERADOR":"NO IDENTIFICADO","ESTUDIOAMB":"---","N":"2237"},"geometry":{"type":"Point","coordinates":[-78.60345,-6.75413]}},{"type":"Feature","properties":{"Name":"LABOR MINERA","description":"","OBJECTID":"809","PROVINCIA":"HUALGAYOC","DISTRITO":"HUALGAYOC","CUENCA":"LLAUCANO","ZONA":"17","EXUNIDAD":"LORETO (LLAUCANO)","TIPO":"LABOR MINERA","SUBTIPO":"BOCAMINA","REGION":"CAJAMARCA","ESTE":"764961","NORTE":"9252909","CODIGODM":"010009372U; 03000353Y01;\n010460295","NOMBREDM":"SAN AGUSTIN N\u00ba1; VENUS; ZAIN","TITULARDM":"BANCO MINERO DEL PERU EN LIQUIDACION; COMPA\u00d1IA MINERA COLQUIRRUMI S.A.; CONSOLIDADA DE HUALGAYOC S.A.; ZARATE MIRANDA;  ALEJANDRO\nFRANCISCO","RESPONSABLE":"---","GENERADOR":"NO IDENTIFICADO","ESTUDIOAMB":"---","N":"2238"},"geometry":{"type":"Point","coordinates":[-78.60302,-6.75295]}},{"type":"Feature","properties":{"Name":"LABOR MINERA","description":"","OBJECTID":"810","PROVINCIA":"HUALGAYOC","DISTRITO":"HUALGAYOC","CUENCA":"LLAUCANO","ZONA":"17","EXUNIDAD":"LORETO (LLAUCANO)","TIPO":"LABOR MINERA","SUBTIPO":"PIQUE","REGION":"CAJAMARCA","ESTE":"764527","NORTE":"9252678","CODIGODM":"10261405;  0302212DX01;","NOMBREDM":"COLQUIRRUMI 60;  LAGO AL-4\n(FRACCIONADO);","TITULARDM":"COMPA\u00d1IA MINERA COLQUIRRUMI S.A.;  GOLD FIELDS LA CIMA S.A.A.;","RESPONSABLE":"---","GENERADOR":"NO IDENTIFICADO","ESTUDIOAMB":"---","N":"2239"},"geometry":{"type":"Point","coordinates":[-78.60694,-6.75506]}},{"type":"Feature","properties":{"Name":"RESIDUO MINERO","description":"","OBJECTID":"811","PROVINCIA":"HUALGAYOC","DISTRITO":"HUALGAYOC","CUENCA":"LLAUCANO","ZONA":"17","EXUNIDAD":"LOS NEGROS (LLAUCANO)","TIPO":"RESIDUO MINERO","SUBTIPO":"DESMONTE DE MINA","REGION":"CAJAMARCA","ESTE":"765912","NORTE":"9253192","CODIGODM":"03000445X01","NOMBREDM":"SOCAVON MIRAFLORES","TITULARDM":"S.M.R.L. LOS NEGROS Y SANTO CRISTO DE CAJAMARCA","RESPONSABLE":"ACTIVOS\nMINEROS S.A.C.","GENERADOR":"NO IDENTIFICADO","ESTUDIOAMB":"PCPAM DE LA EUM LOS\nNEGROS","N":"2240"},"geometry":{"type":"Point","coordinates":[-78.59444,-6.75035]}},{"type":"Feature","properties":{"Name":"RESIDUO MINERO","description":"","OBJECTID":"812","PROVINCIA":"HUALGAYOC","DISTRITO":"HUALGAYOC","CUENCA":"LLAUCANO","ZONA":"17","EXUNIDAD":"LOS NEGROS (LLAUCANO)","TIPO":"RESIDUO MINERO","SUBTIPO":"DESMONTE DE MINA","REGION":"CAJAMARCA","ESTE":"765447","NORTE":"9253340","CODIGODM":"010460295","NOMBREDM":"ZAIN","TITULARDM":"ZARATE MIRANDA;  ALEJANDRO FRANCISCO","RESPONSABLE":"MINEM","GENERADOR":"NO IDENTIFICADO","ESTUDIOAMB":"PLAN DE CIERRE DE LA REMEDIACION DE 55 PASIVOS AMBIENTALES MINEROS LA\nTAHONA","N":"2241"},"geometry":{"type":"Point","coordinates":[-78.59865,-6.74904]}},{"type":"Feature","properties":{"Name":"INFRAESTRUCTURA","description":"","OBJECTID":"813","PROVINCIA":"HUALGAYOC","DISTRITO":"HUALGAYOC","CUENCA":"LLAUCANO","ZONA":"17","EXUNIDAD":"LOS NEGROS (LLAUCANO)","TIPO":"INFRAESTRUCTURA","SUBTIPO":"PLANTAS DE PROCESAMIENTO","REGION":"CAJAMARCA","ESTE":"766088","NORTE":"9253266","CODIGODM":"010460295","NOMBREDM":"ZAIN","TITULARDM":"ZARATE MIRANDA;  ALEJANDRO FRANCISCO","RESPONSABLE":"ACTIVOS\nMINEROS S.A.C.","GENERADOR":"NO IDENTIFICADO","ESTUDIOAMB":"PCPAM DE LA EUM LOS\nNEGROS","N":"2242"},"geometry":{"type":"Point","coordinates":[-78.59285,-6.74968]}},{"type":"Feature","properties":{"Name":"RESIDUO MINERO","description":"","OBJECTID":"748","PROVINCIA":"HUALGAYOC","DISTRITO":"HUALGAYOC","CUENCA":"LLAUCANO","ZONA":"17","EXUNIDAD":"LOLA (LLAUCANO)","TIPO":"RESIDUO MINERO","SUBTIPO":"DESMONTE DE MINA","REGION":"CAJAMARCA","ESTE":"766437","NORTE":"9252186","CODIGODM":"03000339Y01; 010009372U;\n010778195","NOMBREDM":"LOLA; SAN AGUSTIN N\u00ba1; SAN JOSE N\u00ba 1-A","TITULARDM":"BANCO MINERO DEL PERU EN LIQUIDACION; COMPA\u00d1IA MINERA COLQUIRRUMI S.A.; CONSOLIDADA DE HUALGAYOC S.A.; GOLD FIELDS LA CIMA S.A.A.; VIDALON\nPAREJA;  JAIME DAVID","RESPONSABLE":"ACTIVOS MINEROS S.A.C.","GENERADOR":"NO IDENTIFICADO","ESTUDIOAMB":"PLAN DE CIERRE DE 64 PASIVOS AMBIENTALES EL\nDORADO","N":"2177"},"geometry":{"type":"Point","coordinates":[-78.58965,-6.75942]}},{"type":"Feature","properties":{"Name":"LABOR MINERA","description":"","OBJECTID":"749","PROVINCIA":"HUALGAYOC","DISTRITO":"HUALGAYOC","CUENCA":"LLAUCANO","ZONA":"17","EXUNIDAD":"LOLA (LLAUCANO)","TIPO":"LABOR MINERA","SUBTIPO":"BOCAMINA","REGION":"CAJAMARCA","ESTE":"766769","NORTE":"9252107","CODIGODM":"010014272U; 03000222Y01;\n010778195","NOMBREDM":"MOROCHA PACCHA E IMPERIAL; PACCHA; SAN JOSE N\u00ba 1-A","TITULARDM":"GOLD FIELDS LA CIMA S.A.A.; S.M.R.L. MOROCHA DE CAJAMARCA; VIDALON PAREJA;  JAIME DAVID","RESPONSABLE":"MINEM","GENERADOR":"IDENTIFICADO","ESTUDIOAMB":"PLAN DE CIERRE DE LA REMEDIACION DE 55 PASIVOS AMBIENTALES MINEROS LA\nTAHONA","N":"2178"},"geometry":{"type":"Point","coordinates":[-78.58664,-6.76012]}},{"type":"Feature","properties":{"Name":"LABOR MINERA","description":"","OBJECTID":"750","PROVINCIA":"HUALGAYOC","DISTRITO":"HUALGAYOC","CUENCA":"LLAUCANO","ZONA":"17","EXUNIDAD":"LOLA (LLAUCANO)","TIPO":"LABOR MINERA","SUBTIPO":"BOCAMINA","REGION":"CAJAMARCA","ESTE":"767435","NORTE":"9251964","CODIGODM":"010001701L; 010000184U;\n03000340Y01; 010009372U;\n010778195","NOMBREDM":"ACUMULACION CHELITA; CAROLINA N\u00ba1; HUASCAR; SAN AGUSTIN N\u00ba1; SAN JOSE N\u00ba 1-A","TITULARDM":"COMPA\u00d1IA MINERA COLQUIRRUMI S.A.; CONSOLIDADA DE HUALGAYOC S.A.; GOLD FIELDS LA CIMA S.A.; GOLD FIELDS LA CIMA S.A.A.; HUALGAYOC HOLDING S.A.C.; SOCIEDAD MINERA CORONA S.A.; SOCIEDAD MINERA LA CIMA S.A.;\nVIDALON PAREJA;  JAIME DAVID","RESPONSABLE":"MINEM","GENERADOR":"NO IDENTIFICADO","ESTUDIOAMB":"PLAN DE CIERRE DE LA REMEDIACION DE 55 PASIVOS AMBIENTALES MINEROS LA\nTAHONA","N":"2179"},"geometry":{"type":"Point","coordinates":[-78.58061,-6.76138]}},{"type":"Feature","properties":{"Name":"LABOR MINERA","description":"","OBJECTID":"751","PROVINCIA":"HUALGAYOC","DISTRITO":"HUALGAYOC","CUENCA":"LLAUCANO","ZONA":"17","EXUNIDAD":"LOLA (LLAUCANO)","TIPO":"LABOR MINERA","SUBTIPO":"BOCAMINA","REGION":"CAJAMARCA","ESTE":"766904","NORTE":"9251914","CODIGODM":"010009372U; 010778195;\n03000342Y01","NOMBREDM":"SAN AGUSTIN N\u00ba1; SAN JOSE N\u00ba 1- A; TUPAC AMARU","TITULARDM":"BANCO MINERO DEL PERU EN LIQUIDACION; COMPA\u00d1IA MINERA COLQUIRRUMI S.A.; CONSOLIDADA DE HUALGAYOC S.A.; GOLD FIELDS LA CIMA S.A.A.; VIDALON PAREJA;  JAIME DAVID","RESPONSABLE":"COMPA\u00d1IA MINERA COLQUIRRUMI\nS.A.","GENERADOR":"NO IDENTIFICADO","ESTUDIOAMB":"PCPAM DE LA UNIDAD MINERA COLQUIRRUMI -\"HUALGAYOC\"","N":"2180"},"geometry":{"type":"Point","coordinates":[-78.58541,-6.76186]}},{"type":"Feature","properties":{"Name":"LABOR MINERA","description":"","OBJECTID":"752","PROVINCIA":"HUALGAYOC","DISTRITO":"HUALGAYOC","CUENCA":"LLAUCANO","ZONA":"17","EXUNIDAD":"LOLA (LLAUCANO)","TIPO":"LABOR MINERA","SUBTIPO":"BOCAMINA","REGION":"CAJAMARCA","ESTE":"766925","NORTE":"9252118","CODIGODM":"03000297Y01; 010014272U;\n010778195","NOMBREDM":"IMPERIAL; MOROCHA PACCHA E IMPERIAL; SAN JOSE N\u00ba 1-A","TITULARDM":"GOLD FIELDS LA CIMA S.A.A.; S.M.R.L. MOROCHA DE CAJAMARCA; VIDALON PAREJA;  JAIME DAVID","RESPONSABLE":"MINEM","GENERADOR":"IDENTIFICADO","ESTUDIOAMB":"PLAN DE CIERRE DE LA REMEDIACION DE 55 PASIVOS AMBIENTALES MINEROS LA\nTAHONA","N":"2181"},"geometry":{"type":"Point","coordinates":[-78.58523,-6.76002]}},{"type":"Feature","properties":{"Name":"RESIDUO MINERO","description":"","OBJECTID":"753","PROVINCIA":"HUALGAYOC","DISTRITO":"HUALGAYOC","CUENCA":"LLAUCANO","ZONA":"17","EXUNIDAD":"LOLA (LLAUCANO)","TIPO":"RESIDUO MINERO","SUBTIPO":"DESMONTE DE MINA","REGION":"CAJAMARCA","ESTE":"766812","NORTE":"9251809","CODIGODM":"03000574X01; 010009372U;\n010778195","NOMBREDM":"CRUZ DEL SUR I; SAN AGUSTIN N\u00ba1; SAN JOSE N\u00ba 1-A","TITULARDM":"COMPA\u00d1IA MINERA COLQUIRRUMI S.A.; CONSOLIDADA DE HUALGAYOC S.A.; GOLD FIELDS LA CIMA S.A.A.; VIDALON PAREJA;  JAIME DAVID","RESPONSABLE":"COMPA\u00d1IA MINERA COLQUIRRUMI\nS.A.","GENERADOR":"NO IDENTIFICADO","ESTUDIOAMB":"PCPAM DE LA UNIDAD MINERA COLQUIRRUMI -\"HUALGAYOC\"","N":"2182"},"geometry":{"type":"Point","coordinates":[-78.58624,-6.76281]}},{"type":"Feature","properties":{"Name":"LABOR MINERA","description":"","OBJECTID":"754","PROVINCIA":"HUALGAYOC","DISTRITO":"HUALGAYOC","CUENCA":"LLAUCANO","ZONA":"17","EXUNIDAD":"LOLA (LLAUCANO)","TIPO":"LABOR MINERA","SUBTIPO":"MEDIA BARRETA","REGION":"CAJAMARCA","ESTE":"767463","NORTE":"9252020","CODIGODM":"010001701L; 010000184U;\n03000340Y01; 010009372U;\n010778195","NOMBREDM":"ACUMULACION CHELITA; CAROLINA N\u00ba1; HUASCAR; SAN AGUSTIN N\u00ba1; SAN JOSE N\u00ba 1-A","TITULARDM":"COMPA\u00d1IA MINERA COLQUIRRUMI S.A.; CONSOLIDADA DE HUALGAYOC S.A.; GOLD FIELDS LA CIMA S.A.; GOLD FIELDS LA CIMA S.A.A.; HUALGAYOC HOLDING S.A.C.; SOCIEDAD MINERA CORONA S.A.; SOCIEDAD MINERA LA CIMA S.A.;\nVIDALON PAREJA;  JAIME DAVID","RESPONSABLE":"MINEM","GENERADOR":"NO IDENTIFICADO","ESTUDIOAMB":"PLAN DE CIERRE DE LA REMEDIACION DE 55 PASIVOS AMBIENTALES MINEROS LA\nTAHONA","N":"2183"},"geometry":{"type":"Point","coordinates":[-78.58036,-6.76088]}},{"type":"Feature","properties":{"Name":"LABOR MINERA","description":"","OBJECTID":"755","PROVINCIA":"HUALGAYOC","DISTRITO":"HUALGAYOC","CUENCA":"LLAUCANO","ZONA":"17","EXUNIDAD":"LOLA (LLAUCANO)","TIPO":"LABOR MINERA","SUBTIPO":"TRINCHERA","REGION":"CAJAMARCA","ESTE":"766843","NORTE":"9252167","CODIGODM":"010014272U; 03000222Y01;\n010778195","NOMBREDM":"MOROCHA PACCHA E IMPERIAL; PACCHA; SAN JOSE N\u00ba 1-A","TITULARDM":"GOLD FIELDS LA CIMA S.A.A.; S.M.R.L. MOROCHA DE CAJAMARCA; VIDALON PAREJA;  JAIME DAVID","RESPONSABLE":"MINEM","GENERADOR":"IDENTIFICADO","ESTUDIOAMB":"PLAN DE CIERRE DE LA REMEDIACION DE 55 PASIVOS AMBIENTALES MINEROS LA\nTAHONA","N":"2184"},"geometry":{"type":"Point","coordinates":[-78.58597,-6.75958]}},{"type":"Feature","properties":{"Name":"LABOR MINERA","description":"","OBJECTID":"756","PROVINCIA":"HUALGAYOC","DISTRITO":"HUALGAYOC","CUENCA":"LLAUCANO","ZONA":"17","EXUNIDAD":"LOLA (LLAUCANO)","TIPO":"LABOR MINERA","SUBTIPO":"TRINCHERA","REGION":"CAJAMARCA","ESTE":"766701","NORTE":"9252101","CODIGODM":"010014272U; 03000222Y01;\n010778195","NOMBREDM":"MOROCHA PACCHA E IMPERIAL; PACCHA; SAN JOSE N\u00ba 1-A","TITULARDM":"GOLD FIELDS LA CIMA S.A.A.; S.M.R.L. MOROCHA DE CAJAMARCA; VIDALON PAREJA;  JAIME DAVID","RESPONSABLE":"MINEM","GENERADOR":"IDENTIFICADO","ESTUDIOAMB":"PLAN DE CIERRE DE LA REMEDIACION DE 55 PASIVOS AMBIENTALES MINEROS LA\nTAHONA","N":"2185"},"geometry":{"type":"Point","coordinates":[-78.58726,-6.76018]}},{"type":"Feature","properties":{"Name":"RESIDUO MINERO","description":"","OBJECTID":"757","PROVINCIA":"HUALGAYOC","DISTRITO":"HUALGAYOC","CUENCA":"LLAUCANO","ZONA":"17","EXUNIDAD":"LOLA (LLAUCANO)","TIPO":"RESIDUO MINERO","SUBTIPO":"DESMONTE DE MINA","REGION":"CAJAMARCA","ESTE":"766907","NORTE":"9252185","CODIGODM":"010014272U; 03000222Y01;\n010778195","NOMBREDM":"MOROCHA PACCHA E IMPERIAL; PACCHA; SAN JOSE N\u00ba 1-A","TITULARDM":"GOLD FIELDS LA CIMA S.A.A.; S.M.R.L. MOROCHA DE CAJAMARCA; VIDALON PAREJA;  JAIME DAVID","RESPONSABLE":"MINEM","GENERADOR":"IDENTIFICADO","ESTUDIOAMB":"PLAN DE CIERRE DE LA REMEDIACION DE 55 PASIVOS AMBIENTALES MINEROS LA\nTAHONA","N":"2186"},"geometry":{"type":"Point","coordinates":[-78.5854,-6.75941]}},{"type":"Feature","properties":{"Name":"RESIDUO MINERO","description":"","OBJECTID":"758","PROVINCIA":"HUALGAYOC","DISTRITO":"HUALGAYOC","CUENCA":"LLAUCANO","ZONA":"17","EXUNIDAD":"LOLA (LLAUCANO)","TIPO":"RESIDUO MINERO","SUBTIPO":"DESMONTE DE MINA","REGION":"CAJAMARCA","ESTE":"766862","NORTE":"9252140","CODIGODM":"010014272U; 03000222Y01;\n010778195","NOMBREDM":"MOROCHA PACCHA E IMPERIAL; PACCHA; SAN JOSE N\u00ba 1-A","TITULARDM":"GOLD FIELDS LA CIMA S.A.A.; S.M.R.L. MOROCHA DE CAJAMARCA; VIDALON PAREJA;  JAIME DAVID","RESPONSABLE":"MINEM","GENERADOR":"IDENTIFICADO","ESTUDIOAMB":"PLAN DE CIERRE DE LA REMEDIACION DE 55 PASIVOS AMBIENTALES MINEROS LA\nTAHONA","N":"2187"},"geometry":{"type":"Point","coordinates":[-78.5858,-6.75982]}},{"type":"Feature","properties":{"Name":"LABOR MINERA","description":"","OBJECTID":"759","PROVINCIA":"HUALGAYOC","DISTRITO":"HUALGAYOC","CUENCA":"LLAUCANO","ZONA":"17","EXUNIDAD":"LOLA (LLAUCANO)","TIPO":"LABOR MINERA","SUBTIPO":"BOCAMINA","REGION":"CAJAMARCA","ESTE":"767443","NORTE":"9251966","CODIGODM":"010001701L; 010000184U;\n03000340Y01; 010009372U;\n010778195","NOMBREDM":"ACUMULACION CHELITA; CAROLINA N\u00ba1; HUASCAR; SAN AGUSTIN N\u00ba1; SAN JOSE N\u00ba 1-A","TITULARDM":"COMPA\u00d1IA MINERA COLQUIRRUMI S.A.; CONSOLIDADA DE HUALGAYOC S.A.; GOLD FIELDS LA CIMA S.A.; GOLD FIELDS LA CIMA S.A.A.; HUALGAYOC HOLDING S.A.C.; SOCIEDAD MINERA CORONA S.A.; SOCIEDAD MINERA LA CIMA S.A.;\nVIDALON PAREJA;  JAIME DAVID","RESPONSABLE":"MINEM","GENERADOR":"NO IDENTIFICADO","ESTUDIOAMB":"PLAN DE CIERRE DE LA REMEDIACION DE 55 PASIVOS AMBIENTALES MINEROS LA\nTAHONA","N":"2188"},"geometry":{"type":"Point","coordinates":[-78.58054,-6.76137]}},{"type":"Feature","properties":{"Name":"LABOR MINERA","description":"","OBJECTID":"760","PROVINCIA":"HUALGAYOC","DISTRITO":"HUALGAYOC","CUENCA":"LLAUCANO","ZONA":"17","EXUNIDAD":"LOLA (LLAUCANO)","TIPO":"LABOR MINERA","SUBTIPO":"BOCAMINA","REGION":"CAJAMARCA","ESTE":"766831","NORTE":"9252126","CODIGODM":"010014272U; 03000222Y01;\n010778195","NOMBREDM":"MOROCHA PACCHA E IMPERIAL; PACCHA; SAN JOSE N\u00ba 1-A","TITULARDM":"GOLD FIELDS LA CIMA S.A.A.; S.M.R.L. MOROCHA DE CAJAMARCA; VIDALON PAREJA;  JAIME DAVID","RESPONSABLE":"MINEM","GENERADOR":"IDENTIFICADO","ESTUDIOAMB":"PLAN DE CIERRE DE LA REMEDIACION DE 55 PASIVOS AMBIENTALES MINEROS LA\nTAHONA","N":"2189"},"geometry":{"type":"Point","coordinates":[-78.58608,-6.75995]}},{"type":"Feature","properties":{"Name":"LABOR MINERA","description":"","OBJECTID":"761","PROVINCIA":"HUALGAYOC","DISTRITO":"HUALGAYOC","CUENCA":"LLAUCANO","ZONA":"17","EXUNIDAD":"LOLA (LLAUCANO)","TIPO":"LABOR MINERA","SUBTIPO":"BOCAMINA","REGION":"CAJAMARCA","ESTE":"766830","NORTE":"9252160","CODIGODM":"010014272U; 03000343Y01;\n010778195","NOMBREDM":"MOROCHA PACCHA E IMPERIAL; OLLANTA; SAN JOSE N\u00ba 1-A","TITULARDM":"COMPA\u00d1IA MINERA COLQUIRRUMI S.A.; CONSOLIDADA DE HUALGAYOC S.A.; GOLD FIELDS LA CIMA S.A.A.; S.M.R.L. MOROCHA DE CAJAMARCA; VIDALON PAREJA;  JAIME DAVID","RESPONSABLE":"MINEM","GENERADOR":"NO IDENTIFICADO","ESTUDIOAMB":"PLAN DE CIERRE DE LA REMEDIACION DE 55 PASIVOS AMBIENTALES MINEROS LA\nTAHONA","N":"2190"},"geometry":{"type":"Point","coordinates":[-78.58609,-6.75964]}},{"type":"Feature","properties":{"Name":"LABOR MINERA","description":"","OBJECTID":"762","PROVINCIA":"HUALGAYOC","DISTRITO":"HUALGAYOC","CUENCA":"LLAUCANO","ZONA":"17","EXUNIDAD":"LOLA (LLAUCANO)","TIPO":"LABOR MINERA","SUBTIPO":"BOCAMINA","REGION":"CAJAMARCA","ESTE":"766859","NORTE":"9252182","CODIGODM":"010014272U; 03000343Y01;\n010778195","NOMBREDM":"MOROCHA PACCHA E IMPERIAL; OLLANTA; SAN JOSE N\u00ba 1-A","TITULARDM":"COMPA\u00d1IA MINERA COLQUIRRUMI S.A.; CONSOLIDADA DE HUALGAYOC S.A.; GOLD FIELDS LA CIMA S.A.A.; S.M.R.L. MOROCHA DE CAJAMARCA; VIDALON PAREJA;  JAIME DAVID","RESPONSABLE":"MINEM","GENERADOR":"NO IDENTIFICADO","ESTUDIOAMB":"PLAN DE CIERRE DE LA REMEDIACION DE 55 PASIVOS AMBIENTALES MINEROS LA\nTAHONA","N":"2191"},"geometry":{"type":"Point","coordinates":[-78.58583,-6.75944]}},{"type":"Feature","properties":{"Name":"LABOR MINERA","description":"","OBJECTID":"763","PROVINCIA":"HUALGAYOC","DISTRITO":"HUALGAYOC","CUENCA":"LLAUCANO","ZONA":"17","EXUNIDAD":"LOLA (LLAUCANO)","TIPO":"LABOR MINERA","SUBTIPO":"BOCAMINA","REGION":"CAJAMARCA","ESTE":"766816","NORTE":"9252143","CODIGODM":"010014272U; 03000222Y01;\n010778195","NOMBREDM":"MOROCHA PACCHA E IMPERIAL; PACCHA; SAN JOSE N\u00ba 1-A","TITULARDM":"GOLD FIELDS LA CIMA S.A.A.; S.M.R.L. MOROCHA DE CAJAMARCA; VIDALON PAREJA;  JAIME DAVID","RESPONSABLE":"MINEM","GENERADOR":"IDENTIFICADO","ESTUDIOAMB":"PLAN DE CIERRE DE LA REMEDIACION DE 55 PASIVOS AMBIENTALES MINEROS LA\nTAHONA","N":"2192"},"geometry":{"type":"Point","coordinates":[-78.58622,-6.75979]}},{"type":"Feature","properties":{"Name":"LABOR MINERA","description":"","OBJECTID":"764","PROVINCIA":"HUALGAYOC","DISTRITO":"HUALGAYOC","CUENCA":"LLAUCANO","ZONA":"17","EXUNIDAD":"LOLA (LLAUCANO)","TIPO":"LABOR MINERA","SUBTIPO":"BOCAMINA","REGION":"CAJAMARCA","ESTE":"767540","NORTE":"9252051","CODIGODM":"010001701L; 010000184U;\n03000335Y01; 010009372U;\n010778195","NOMBREDM":"ACUMULACION CHELITA; CAROLINA N\u00ba1; MANCO CAPAC; SAN AGUSTIN N\u00ba1; SAN JOSE N\u00ba 1-\nA","TITULARDM":"COMPA\u00d1IA MINERA COLQUIRRUMI S.A.; CONSOLIDADA DE HUALGAYOC S.A.; GOLD FIELDS LA CIMA S.A.; GOLD FIELDS LA CIMA S.A.A.; HUALGAYOC HOLDING S.A.C.; SOCIEDAD MINERA CORONA S.A.; SOCIEDAD MINERA LA CIMA S.A.;\nVIDALON PAREJA;  JAIME DAVID","RESPONSABLE":"MINEM","GENERADOR":"NO IDENTIFICADO","ESTUDIOAMB":"PLAN DE CIERRE DE LA REMEDIACION DE 55 PASIVOS AMBIENTALES MINEROS LA\nTAHONA","N":"2193"},"geometry":{"type":"Point","coordinates":[-78.57967,-6.76059]}},{"type":"Feature","properties":{"Name":"LABOR MINERA","description":"","OBJECTID":"765","PROVINCIA":"HUALGAYOC","DISTRITO":"HUALGAYOC","CUENCA":"LLAUCANO","ZONA":"17","EXUNIDAD":"LOLA (LLAUCANO)","TIPO":"LABOR MINERA","SUBTIPO":"BOCAMINA","REGION":"CAJAMARCA","ESTE":"766797","NORTE":"9252234","CODIGODM":"010014272U; 03000222Y01;\n010778195","NOMBREDM":"MOROCHA PACCHA E IMPERIAL; PACCHA; SAN JOSE N\u00ba 1-A","TITULARDM":"GOLD FIELDS LA CIMA S.A.A.; S.M.R.L. MOROCHA DE CAJAMARCA; VIDALON PAREJA;  JAIME DAVID","RESPONSABLE":"COMPA\u00d1IA MINERA COLQUIRRUMI\nS.A.","GENERADOR":"NO IDENTIFICADO","ESTUDIOAMB":"PCPAM DE LA UNIDAD MINERA COLQUIRRUMI -\"HUALGAYOC\"","N":"2194"},"geometry":{"type":"Point","coordinates":[-78.58639,-6.75897]}},{"type":"Feature","properties":{"Name":"RESIDUO MINERO","description":"","OBJECTID":"766","PROVINCIA":"HUALGAYOC","DISTRITO":"HUALGAYOC","CUENCA":"LLAUCANO","ZONA":"17","EXUNIDAD":"LOLA (LLAUCANO)","TIPO":"RESIDUO MINERO","SUBTIPO":"DESMONTE DE MINA","REGION":"CAJAMARCA","ESTE":"766913","NORTE":"9251937","CODIGODM":"010009372U; 010778195;\n03000342Y01","NOMBREDM":"SAN AGUSTIN N\u00ba1; SAN JOSE N\u00ba 1- A; TUPAC AMARU","TITULARDM":"BANCO MINERO DEL PERU EN LIQUIDACION; COMPA\u00d1IA MINERA COLQUIRRUMI S.A.; CONSOLIDADA DE HUALGAYOC S.A.; GOLD FIELDS LA CIMA S.A.A.; VIDALON PAREJA;  JAIME DAVID","RESPONSABLE":"COMPA\u00d1IA MINERA COLQUIRRUMI\nS.A.","GENERADOR":"NO IDENTIFICADO","ESTUDIOAMB":"PCPAM DE LA UNIDAD MINERA COLQUIRRUMI -\"HUALGAYOC\"","N":"2195"},"geometry":{"type":"Point","coordinates":[-78.58533,-6.76165]}},{"type":"Feature","properties":{"Name":"LABOR MINERA","description":"","OBJECTID":"767","PROVINCIA":"HUALGAYOC","DISTRITO":"HUALGAYOC","CUENCA":"LLAUCANO","ZONA":"17","EXUNIDAD":"LOLA (LLAUCANO)","TIPO":"LABOR MINERA","SUBTIPO":"BOCAMINA","REGION":"CAJAMARCA","ESTE":"766532","NORTE":"9251668","CODIGODM":"03000284Y01; 010009372U;\n010778195","NOMBREDM":"ATAHUALPA; SAN AGUSTIN N\u00ba1; SAN JOSE N\u00ba 1-A","TITULARDM":"BANCO MINERO DEL PERU EN LIQUIDACION; COMPA\u00d1IA MINERA COLQUIRRUMI S.A.; CONSOLIDADA DE HUALGAYOC S.A.; GOLD FIELDS LA CIMA S.A.A.; VIDALON PAREJA;  JAIME DAVID","RESPONSABLE":"COMPA\u00d1IA MINERA COLQUIRRUMI\nS.A.","GENERADOR":"NO IDENTIFICADO","ESTUDIOAMB":"PCPAM DE LA UNIDAD MINERA COLQUIRRUMI -\"HUALGAYOC\"","N":"2196"},"geometry":{"type":"Point","coordinates":[-78.58876,-6.7641]}},{"type":"Feature","properties":{"Name":"RESIDUO MINERO","description":"","OBJECTID":"768","PROVINCIA":"HUALGAYOC","DISTRITO":"HUALGAYOC","CUENCA":"LLAUCANO","ZONA":"17","EXUNIDAD":"LOLA (LLAUCANO)","TIPO":"RESIDUO MINERO","SUBTIPO":"DESMONTE DE MINA","REGION":"CAJAMARCA","ESTE":"766416","NORTE":"9252111","CODIGODM":"03000339Y01; 010009372U;\n010778195","NOMBREDM":"LOLA; SAN AGUSTIN N\u00ba1; SAN JOSE N\u00ba 1-A","TITULARDM":"BANCO MINERO DEL PERU EN LIQUIDACION; COMPA\u00d1IA MINERA COLQUIRRUMI S.A.; CONSOLIDADA DE HUALGAYOC S.A.; GOLD FIELDS LA CIMA S.A.A.; VIDALON\nPAREJA;  JAIME DAVID","RESPONSABLE":"ACTIVOS MINEROS S.A.C.","GENERADOR":"NO IDENTIFICADO","ESTUDIOAMB":"PLAN DE CIERRE DE 64 PASIVOS AMBIENTALES EL\nDORADO","N":"2197"},"geometry":{"type":"Point","coordinates":[-78.58983,-6.7601]}},{"type":"Feature","properties":{"Name":"RESIDUO MINERO","description":"","OBJECTID":"769","PROVINCIA":"HUALGAYOC","DISTRITO":"HUALGAYOC","CUENCA":"LLAUCANO","ZONA":"17","EXUNIDAD":"LOLA (LLAUCANO)","TIPO":"RESIDUO MINERO","SUBTIPO":"DESMONTE DE MINA","REGION":"CAJAMARCA","ESTE":"766594","NORTE":"9251664","CODIGODM":"03000284Y01; 010009372U;\n010778195","NOMBREDM":"ATAHUALPA; SAN AGUSTIN N\u00ba1; SAN JOSE N\u00ba 1-A","TITULARDM":"BANCO MINERO DEL PERU EN LIQUIDACION; COMPA\u00d1IA MINERA COLQUIRRUMI S.A.; CONSOLIDADA DE HUALGAYOC S.A.; GOLD FIELDS LA CIMA S.A.A.; VIDALON PAREJA;  JAIME DAVID","RESPONSABLE":"COMPA\u00d1IA MINERA COLQUIRRUMI\nS.A.","GENERADOR":"NO IDENTIFICADO","ESTUDIOAMB":"PCPAM DE LA UNIDAD MINERA COLQUIRRUMI -\"HUALGAYOC\"","N":"2198"},"geometry":{"type":"Point","coordinates":[-78.5882,-6.76413]}},{"type":"Feature","properties":{"Name":"LABOR MINERA","description":"","OBJECTID":"770","PROVINCIA":"HUALGAYOC","DISTRITO":"HUALGAYOC","CUENCA":"LLAUCANO","ZONA":"17","EXUNIDAD":"LOLA (LLAUCANO)","TIPO":"LABOR MINERA","SUBTIPO":"BOCAMINA","REGION":"CAJAMARCA","ESTE":"766542","NORTE":"9251531","CODIGODM":"0302212AX01","NOMBREDM":"LAGO AL-1 (FRACCIONADO)","TITULARDM":"COMPA\u00d1IA MINERA LOS MANTOS S.A.","RESPONSABLE":"ACTIVOS\nMINEROS S.A.C.","GENERADOR":"NO IDENTIFICADO","ESTUDIOAMB":"PLAN DE CIERRE DE 64\nPASIVOS AMBIENTALES EL","N":"2199"},"geometry":{"type":"Point","coordinates":[-78.58867,-6.76534]}},{"type":"Feature","properties":{"Name":"RESIDUO MINERO","description":"","OBJECTID":"771","PROVINCIA":"HUALGAYOC","DISTRITO":"HUALGAYOC","CUENCA":"LLAUCANO","ZONA":"17","EXUNIDAD":"LOLA (LLAUCANO)","TIPO":"RESIDUO MINERO","SUBTIPO":"DESMONTE DE MINA","REGION":"CAJAMARCA","ESTE":"766795","NORTE":"9252090","CODIGODM":"010014272U; 03000222Y01;\n010778195","NOMBREDM":"MOROCHA PACCHA E IMPERIAL; PACCHA; SAN JOSE N\u00ba 1-A","TITULARDM":"GOLD FIELDS LA CIMA S.A.A.; S.M.R.L. MOROCHA DE CAJAMARCA; VIDALON PAREJA;  JAIME DAVID","RESPONSABLE":"MINEM","GENERADOR":"IDENTIFICADO","ESTUDIOAMB":"PLAN DE CIERRE DE LA REMEDIACION DE 55 PASIVOS AMBIENTALES MINEROS LA\nTAHONA","N":"2200"},"geometry":{"type":"Point","coordinates":[-78.58641,-6.76027]}},{"type":"Feature","properties":{"Name":"LABOR MINERA","description":"","OBJECTID":"772","PROVINCIA":"HUALGAYOC","DISTRITO":"HUALGAYOC","CUENCA":"LLAUCANO","ZONA":"17","EXUNIDAD":"LOLA (LLAUCANO)","TIPO":"LABOR MINERA","SUBTIPO":"BOCAMINA","REGION":"CAJAMARCA","ESTE":"766716","NORTE":"9251828","CODIGODM":"03002912X01; 010778195","NOMBREDM":"LAGO SEGUNDA DEMASIA; SAN\nJOSE N\u00ba 1-A","TITULARDM":"COMPA\u00d1IA MINERA LOS MANTOS S.A.; GOLD FIELDS LA CIMA S.A.A.; VIDALON\nPAREJA;  JAIME DAVID","RESPONSABLE":"ACTIVOS\nMINEROS S.A.C.","GENERADOR":"NO IDENTIFICADO","ESTUDIOAMB":"PLAN DE CIERRE DE 64\nPASIVOS AMBIENTALES EL","N":"2201"},"geometry":{"type":"Point","coordinates":[-78.58711,-6.76265]}},{"type":"Feature","properties":{"Name":"LABOR MINERA","description":"","OBJECTID":"773","PROVINCIA":"HUALGAYOC","DISTRITO":"HUALGAYOC","CUENCA":"LLAUCANO","ZONA":"17","EXUNIDAD":"LOLA (LLAUCANO)","TIPO":"LABOR MINERA","SUBTIPO":"BOCAMINA","REGION":"CAJAMARCA","ESTE":"766772","NORTE":"9252093","CODIGODM":"010014272U; 03000222Y01;\n010778195","NOMBREDM":"MOROCHA PACCHA E IMPERIAL; PACCHA; SAN JOSE N\u00ba 1-A","TITULARDM":"GOLD FIELDS LA CIMA S.A.A.; S.M.R.L. MOROCHA DE CAJAMARCA; VIDALON PAREJA;  JAIME DAVID","RESPONSABLE":"MINEM","GENERADOR":"IDENTIFICADO","ESTUDIOAMB":"PLAN DE CIERRE DE LA REMEDIACION DE 55 PASIVOS AMBIENTALES MINEROS LA\nTAHONA","N":"2202"},"geometry":{"type":"Point","coordinates":[-78.58661,-6.76025]}},{"type":"Feature","properties":{"Name":"LABOR MINERA","description":"","OBJECTID":"774","PROVINCIA":"HUALGAYOC","DISTRITO":"HUALGAYOC","CUENCA":"LLAUCANO","ZONA":"17","EXUNIDAD":"LOLA (LLAUCANO)","TIPO":"LABOR MINERA","SUBTIPO":"BOCAMINA","REGION":"CAJAMARCA","ESTE":"766804","NORTE":"9252253","CODIGODM":"03000343Y01; 010009372U;\n010778195","NOMBREDM":"OLLANTA; SAN AGUSTIN N\u00ba1; SAN JOSE N\u00ba 1-A","TITULARDM":"COMPA\u00d1IA MINERA COLQUIRRUMI S.A.; CONSOLIDADA DE HUALGAYOC S.A.; GOLD FIELDS LA CIMA S.A.A.; VIDALON PAREJA;  JAIME DAVID","RESPONSABLE":"COMPA\u00d1IA MINERA COLQUIRRUMI\nS.A.","GENERADOR":"NO IDENTIFICADO","ESTUDIOAMB":"PCPAM DE LA UNIDAD MINERA COLQUIRRUMI -\"HUALGAYOC\"","N":"2203"},"geometry":{"type":"Point","coordinates":[-78.58633,-6.7588]}},{"type":"Feature","properties":{"Name":"LABOR MINERA","description":"","OBJECTID":"775","PROVINCIA":"HUALGAYOC","DISTRITO":"HUALGAYOC","CUENCA":"LLAUCANO","ZONA":"17","EXUNIDAD":"LOLA (LLAUCANO)","TIPO":"LABOR MINERA","SUBTIPO":"BOCAMINA","REGION":"CAJAMARCA","ESTE":"766825","NORTE":"9251784","CODIGODM":"010778195","NOMBREDM":"SAN JOSE N\u00ba 1-A","TITULARDM":"GOLD FIELDS LA CIMA S.A.A.; VIDALON PAREJA;  JAIME DAVID","RESPONSABLE":"COMPA\u00d1IA MINERA COLQUIRRUMI\nS.A.","GENERADOR":"NO IDENTIFICADO","ESTUDIOAMB":"PCPAM DE LA UNIDAD MINERA COLQUIRRUMI -\"HUALGAYOC\"","N":"2204"},"geometry":{"type":"Point","coordinates":[-78.58612,-6.76304]}},{"type":"Feature","properties":{"Name":"RESIDUO MINERO","description":"","OBJECTID":"776","PROVINCIA":"HUALGAYOC","DISTRITO":"HUALGAYOC","CUENCA":"LLAUCANO","ZONA":"17","EXUNIDAD":"LOLA (LLAUCANO)","TIPO":"RESIDUO MINERO","SUBTIPO":"DESMONTE DE MINA","REGION":"CAJAMARCA","ESTE":"766955","NORTE":"9252181","CODIGODM":"03000297Y01; 010014272U;\n010778195","NOMBREDM":"IMPERIAL; MOROCHA PACCHA E IMPERIAL; SAN JOSE N\u00ba 1-A","TITULARDM":"GOLD FIELDS LA CIMA S.A.A.; S.M.R.L. MOROCHA DE CAJAMARCA; VIDALON PAREJA;  JAIME DAVID","RESPONSABLE":"MINEM","GENERADOR":"IDENTIFICADO","ESTUDIOAMB":"PLAN DE CIERRE DE LA REMEDIACION DE 55 PASIVOS AMBIENTALES MINEROS LA\nTAHONA","N":"2205"},"geometry":{"type":"Point","coordinates":[-78.58496,-6.75945]}},{"type":"Feature","properties":{"Name":"RESIDUO MINERO","description":"","OBJECTID":"777","PROVINCIA":"HUALGAYOC","DISTRITO":"HUALGAYOC","CUENCA":"LLAUCANO","ZONA":"17","EXUNIDAD":"LOLA (LLAUCANO)","TIPO":"RESIDUO MINERO","SUBTIPO":"DESMONTE DE MINA","REGION":"CAJAMARCA","ESTE":"766777","NORTE":"9252115","CODIGODM":"010014272U; 03000222Y01;\n010778195","NOMBREDM":"MOROCHA PACCHA E IMPERIAL; PACCHA; SAN JOSE N\u00ba 1-A","TITULARDM":"GOLD FIELDS LA CIMA S.A.A.; S.M.R.L. MOROCHA DE CAJAMARCA; VIDALON PAREJA;  JAIME DAVID","RESPONSABLE":"MINEM","GENERADOR":"IDENTIFICADO","ESTUDIOAMB":"PLAN DE CIERRE DE LA REMEDIACION DE 55 PASIVOS AMBIENTALES MINEROS LA\nTAHONA","N":"2206"},"geometry":{"type":"Point","coordinates":[-78.58657,-6.76005]}},{"type":"Feature","properties":{"Name":"LABOR MINERA","description":"","OBJECTID":"778","PROVINCIA":"HUALGAYOC","DISTRITO":"HUALGAYOC","CUENCA":"LLAUCANO","ZONA":"17","EXUNIDAD":"LOLA (LLAUCANO)","TIPO":"LABOR MINERA","SUBTIPO":"BOCAMINA","REGION":"CAJAMARCA","ESTE":"766962","NORTE":"9252059","CODIGODM":"10778195;  03000297Y01;","NOMBREDM":"SAN JOSE N\u00ba 1-A;  IMPERIAL;","TITULARDM":"GOLD FIELDS LA CIMA S.A.A.;  S.M.R.L. MOROCHA DE CAJAMARCA;","RESPONSABLE":"MINEM","GENERADOR":"IDENTIFICADO","ESTUDIOAMB":"PLAN DE CIERRE DE LA REMEDIACION DE 55 PASIVOS AMBIENTALES MINEROS LA\nTAHONA","N":"2207"},"geometry":{"type":"Point","coordinates":[-78.58489,-6.76055]}},{"type":"Feature","properties":{"Name":"RESIDUO MINERO","description":"","OBJECTID":"779","PROVINCIA":"HUALGAYOC","DISTRITO":"HUALGAYOC","CUENCA":"LLAUCANO","ZONA":"17","EXUNIDAD":"LORETO (LLAUCANO)","TIPO":"RESIDUO MINERO","SUBTIPO":"DESMONTE DE MINA","REGION":"CAJAMARCA","ESTE":"764865","NORTE":"9252760","CODIGODM":"03001173X01; 010002579U;\n010460295","NOMBREDM":"AURORA; AURORA - MUSSOLINI;\nZAIN","TITULARDM":"S.M.R.L. MUSSOLINI DE CAJAMARCA; ZARATE MIRANDA;  ALEJANDRO FRANCISCO","RESPONSABLE":"---","GENERADOR":"NO IDENTIFICADO","ESTUDIOAMB":"---","N":"2208"},"geometry":{"type":"Point","coordinates":[-78.60388,-6.75431]}},{"type":"Feature","properties":{"Name":"LABOR MINERA","description":"","OBJECTID":"780","PROVINCIA":"HUALGAYOC","DISTRITO":"HUALGAYOC","CUENCA":"LLAUCANO","ZONA":"17","EXUNIDAD":"LORETO (LLAUCANO)","TIPO":"LABOR MINERA","SUBTIPO":"TAJEO COMUNICADO","REGION":"CAJAMARCA","ESTE":"764890","NORTE":"9252765","CODIGODM":"03001173X01; 010002579U;\n010460295","NOMBREDM":"AURORA; AURORA - MUSSOLINI;\nZAIN","TITULARDM":"S.M.R.L. MUSSOLINI DE CAJAMARCA; ZARATE MIRANDA;  ALEJANDRO FRANCISCO","RESPONSABLE":"---","GENERADOR":"NO IDENTIFICADO","ESTUDIOAMB":"---","N":"2209"},"geometry":{"type":"Point","coordinates":[-78.60366,-6.75426]}},{"type":"Feature","properties":{"Name":"LABOR MINERA","description":"","OBJECTID":"781","PROVINCIA":"HUALGAYOC","DISTRITO":"HUALGAYOC","CUENCA":"LLAUCANO","ZONA":"17","EXUNIDAD":"LORETO (LLAUCANO)","TIPO":"LABOR MINERA","SUBTIPO":"BOCAMINA","REGION":"CAJAMARCA","ESTE":"764867","NORTE":"9252761","CODIGODM":"03001173X01; 010002579U;\n010460295","NOMBREDM":"AURORA; AURORA - MUSSOLINI;\nZAIN","TITULARDM":"S.M.R.L. MUSSOLINI DE CAJAMARCA; ZARATE MIRANDA;  ALEJANDRO FRANCISCO","RESPONSABLE":"---","GENERADOR":"NO IDENTIFICADO","ESTUDIOAMB":"---","N":"2210"},"geometry":{"type":"Point","coordinates":[-78.60387,-6.7543]}},{"type":"Feature","properties":{"Name":"LABOR MINERA","description":"","OBJECTID":"782","PROVINCIA":"HUALGAYOC","DISTRITO":"HUALGAYOC","CUENCA":"LLAUCANO","ZONA":"17","EXUNIDAD":"LORETO (LLAUCANO)","TIPO":"LABOR MINERA","SUBTIPO":"BOCAMINA","REGION":"CAJAMARCA","ESTE":"764868","NORTE":"9252835","CODIGODM":"03002125X01; 010460295","NOMBREDM":"LORETO N\u00ba 1; ZAIN","TITULARDM":"COMPA\u00d1IA MINERA COLQUIRRUMI S.A.; S.M.R.L. BENAVIDES N\u00ba1 DE CAJAMARCA;\nZARATE MIRANDA;  ALEJANDRO FRANCISCO","RESPONSABLE":"---","GENERADOR":"NO IDENTIFICADO","ESTUDIOAMB":"---","N":"2211"},"geometry":{"type":"Point","coordinates":[-78.60386,-6.75363]}},{"type":"Feature","properties":{"Name":"LABOR MINERA","description":"","OBJECTID":"783","PROVINCIA":"HUALGAYOC","DISTRITO":"HUALGAYOC","CUENCA":"LLAUCANO","ZONA":"17","EXUNIDAD":"LORETO (LLAUCANO)","TIPO":"LABOR MINERA","SUBTIPO":"PIQUE","REGION":"CAJAMARCA","ESTE":"764442","NORTE":"9252898","CODIGODM":"010261405; 03000362Y01;\n010009372U","NOMBREDM":"COLQUIRRUMI 60; MARTE; SAN\nAGUSTIN N\u00ba1","TITULARDM":"COMPA\u00d1IA MINERA COLQUIRRUMI S.A.; CONSOLIDADA DE HUALGAYOC S.A.","RESPONSABLE":"---","GENERADOR":"NO IDENTIFICADO","ESTUDIOAMB":"---","N":"2212"},"geometry":{"type":"Point","coordinates":[-78.60772,-6.75308]}},{"type":"Feature","properties":{"Name":"LABOR MINERA","description":"","OBJECTID":"784","PROVINCIA":"HUALGAYOC","DISTRITO":"HUALGAYOC","CUENCA":"LLAUCANO","ZONA":"17","EXUNIDAD":"LORETO (LLAUCANO)","TIPO":"LABOR MINERA","SUBTIPO":"TAJO","REGION":"CAJAMARCA","ESTE":"764476","NORTE":"9252741","CODIGODM":"010261405; 03000362Y01;\n010009372U","NOMBREDM":"COLQUIRRUMI 60; MARTE; SAN AGUSTIN N\u00ba1","TITULARDM":"COMPA\u00d1IA MINERA COLQUIRRUMI S.A.; CONSOLIDADA DE HUALGAYOC S.A.","RESPONSABLE":"COMPA\u00d1IA MINERA COLQUIRRUMI\nS.A.","GENERADOR":"NO IDENTIFICADO","ESTUDIOAMB":"PCPAM DE LA UNIDAD MINERA COLQUIRRUMI -\"HUALGAYOC\"","N":"2213"},"geometry":{"type":"Point","coordinates":[-78.6074,-6.75449]}},{"type":"Feature","properties":{"Name":"RESIDUO MINERO","description":"","OBJECTID":"785","PROVINCIA":"HUALGAYOC","DISTRITO":"HUALGAYOC","CUENCA":"LLAUCANO","ZONA":"17","EXUNIDAD":"LORETO (LLAUCANO)","TIPO":"RESIDUO MINERO","SUBTIPO":"DESMONTE DE MINA","REGION":"CAJAMARCA","ESTE":"764591","NORTE":"9252775","CODIGODM":"010261405; 03002125X01","NOMBREDM":"COLQUIRRUMI 60; LORETO N\u00ba 1","TITULARDM":"COMPA\u00d1IA MINERA COLQUIRRUMI S.A.; CONSOLIDADA DE HUALGAYOC S.A.;\nS.M.R.L. BENAVIDES N\u00ba1 DE CAJAMARCA","RESPONSABLE":"COMPA\u00d1IA MINERA COLQUIRRUMI\nS.A.","GENERADOR":"NO IDENTIFICADO","ESTUDIOAMB":"PCPAM DE LA UNIDAD MINERA COLQUIRRUMI -\"HUALGAYOC\"","N":"2214"},"geometry":{"type":"Point","coordinates":[-78.60636,-6.75418]}},{"type":"Feature","properties":{"Name":"RESIDUO MINERO","description":"","OBJECTID":"786","PROVINCIA":"HUALGAYOC","DISTRITO":"HUALGAYOC","CUENCA":"LLAUCANO","ZONA":"17","EXUNIDAD":"LORETO (LLAUCANO)","TIPO":"RESIDUO MINERO","SUBTIPO":"DESMONTE DE MINA","REGION":"CAJAMARCA","ESTE":"764540","NORTE":"9252824","CODIGODM":"010261405; 03000362Y01;\n010009372U","NOMBREDM":"COLQUIRRUMI 60; MARTE; SAN AGUSTIN N\u00ba1","TITULARDM":"COMPA\u00d1IA MINERA COLQUIRRUMI S.A.; CONSOLIDADA DE HUALGAYOC S.A.","RESPONSABLE":"COMPA\u00d1IA MINERA COLQUIRRUMI\nS.A.","GENERADOR":"NO IDENTIFICADO","ESTUDIOAMB":"PCPAM DE LA UNIDAD MINERA COLQUIRRUMI -\"HUALGAYOC\"","N":"2215"},"geometry":{"type":"Point","coordinates":[-78.60683,-6.75374]}},{"type":"Feature","properties":{"Name":"LABOR MINERA","description":"","OBJECTID":"787","PROVINCIA":"HUALGAYOC","DISTRITO":"HUALGAYOC","CUENCA":"LLAUCANO","ZONA":"17","EXUNIDAD":"LORETO (LLAUCANO)","TIPO":"LABOR MINERA","SUBTIPO":"BOCAMINA","REGION":"CAJAMARCA","ESTE":"764586","NORTE":"9252774","CODIGODM":"010261405; 03000362Y01","NOMBREDM":"COLQUIRRUMI 60; MARTE","TITULARDM":"COMPA\u00d1IA MINERA COLQUIRRUMI S.A.; CONSOLIDADA DE HUALGAYOC S.A.","RESPONSABLE":"---","GENERADOR":"NO IDENTIFICADO","ESTUDIOAMB":"---","N":"2216"},"geometry":{"type":"Point","coordinates":[-78.60641,-6.75419]}},{"type":"Feature","properties":{"Name":"LABOR MINERA","description":"","OBJECTID":"788","PROVINCIA":"HUALGAYOC","DISTRITO":"HUALGAYOC","CUENCA":"LLAUCANO","ZONA":"17","EXUNIDAD":"LORETO (LLAUCANO)","TIPO":"LABOR MINERA","SUBTIPO":"BOCAMINA","REGION":"CAJAMARCA","ESTE":"764586","NORTE":"9252774","CODIGODM":"010040310; 010040010;\n010261405; 03000362Y01;\n010793495; 03003620X01;\n010009372U","NOMBREDM":"AURORA 1; CAJAMARCA II; COLQUIRRUMI 60; MARTE; MEMORIA PRIMERA; RAFAELA 990; SAN AGUSTIN N\u00ba1","TITULARDM":"COMPA\u00d1IA MINERA COLQUIRRUMI S.A.; CONSOLIDADA DE HUALGAYOC S.A.; MAMANI RODRIGUEZ;  VIVIANA ANA; MONTOYA DEL VALLE;  LILIA MARIA; MONTOYA DEL VALLE;  SOLEDAD ANGELICA; MONTOYA VALERA;  ELVIA SILVIA; MORA RICRA;  JORGE CARLOS; TORRES TARRILLO;  GUZMAN; V","RESPONSABLE":"COMPA\u00d1IA MINERA COLQUIRRUMI S.A.","GENERADOR":"NO IDENTIFICADO","ESTUDIOAMB":"PCPAM DE LA UNIDAD MINERA COLQUIRRUMI -\"HUALGAYOC\"","N":"2217"},"geometry":{"type":"Point","coordinates":[-78.60641,-6.75419]}},{"type":"Feature","properties":{"Name":"LABOR MINERA","description":"","OBJECTID":"789","PROVINCIA":"HUALGAYOC","DISTRITO":"HUALGAYOC","CUENCA":"LLAUCANO","ZONA":"17","EXUNIDAD":"LORETO (LLAUCANO)","TIPO":"LABOR MINERA","SUBTIPO":"BOCAMINA","REGION":"CAJAMARCA","ESTE":"764540","NORTE":"9252825","CODIGODM":"010261405; 03000362Y01;\n010009372U","NOMBREDM":"COLQUIRRUMI 60; MARTE; SAN AGUSTIN N\u00ba1","TITULARDM":"COMPA\u00d1IA MINERA COLQUIRRUMI S.A.; CONSOLIDADA DE HUALGAYOC S.A.","RESPONSABLE":"COMPA\u00d1IA MINERA COLQUIRRUMI\nS.A.","GENERADOR":"NO IDENTIFICADO","ESTUDIOAMB":"PCPAM DE LA UNIDAD MINERA COLQUIRRUMI -\"HUALGAYOC\"","N":"2218"},"geometry":{"type":"Point","coordinates":[-78.60683,-6.75373]}},{"type":"Feature","properties":{"Name":"LABOR MINERA","description":"","OBJECTID":"790","PROVINCIA":"HUALGAYOC","DISTRITO":"HUALGAYOC","CUENCA":"LLAUCANO","ZONA":"17","EXUNIDAD":"LORETO (LLAUCANO)","TIPO":"LABOR MINERA","SUBTIPO":"BOCAMINA","REGION":"CAJAMARCA","ESTE":"764518","NORTE":"9252845","CODIGODM":"010261405; 03000362Y01;\n010009372U","NOMBREDM":"COLQUIRRUMI 60; MARTE; SAN AGUSTIN N\u00ba1","TITULARDM":"COMPA\u00d1IA MINERA COLQUIRRUMI S.A.; CONSOLIDADA DE HUALGAYOC S.A.","RESPONSABLE":"COMPA\u00d1IA MINERA COLQUIRRUMI\nS.A.","GENERADOR":"NO IDENTIFICADO","ESTUDIOAMB":"PCPAM DE LA UNIDAD MINERA COLQUIRRUMI -\"HUALGAYOC\"","N":"2219"},"geometry":{"type":"Point","coordinates":[-78.60703,-6.75355]}},{"type":"Feature","properties":{"Name":"LABOR MINERA","description":"","OBJECTID":"791","PROVINCIA":"HUALGAYOC","DISTRITO":"HUALGAYOC","CUENCA":"LLAUCANO","ZONA":"17","EXUNIDAD":"LORETO (LLAUCANO)","TIPO":"LABOR MINERA","SUBTIPO":"BOCAMINA","REGION":"CAJAMARCA","ESTE":"764487","NORTE":"9252875","CODIGODM":"010261405; 03000362Y01;\n010009372U","NOMBREDM":"COLQUIRRUMI 60; MARTE; SAN AGUSTIN N\u00ba1","TITULARDM":"COMPA\u00d1IA MINERA COLQUIRRUMI S.A.; CONSOLIDADA DE HUALGAYOC S.A.","RESPONSABLE":"COMPA\u00d1IA MINERA COLQUIRRUMI\nS.A.","GENERADOR":"NO IDENTIFICADO","ESTUDIOAMB":"PCPAM DE LA UNIDAD MINERA COLQUIRRUMI -\"HUALGAYOC\"","N":"2220"},"geometry":{"type":"Point","coordinates":[-78.60731,-6.75328]}},{"type":"Feature","properties":{"Name":"RESIDUO MINERO","description":"","OBJECTID":"792","PROVINCIA":"HUALGAYOC","DISTRITO":"HUALGAYOC","CUENCA":"LLAUCANO","ZONA":"17","EXUNIDAD":"LORETO (LLAUCANO)","TIPO":"RESIDUO MINERO","SUBTIPO":"DESMONTE DE MINA","REGION":"CAJAMARCA","ESTE":"764733","NORTE":"9252911","CODIGODM":"03002212X01; 010460295","NOMBREDM":"LAGO; ZAIN","TITULARDM":"COMPA\u00d1IA MINERA LOS MANTOS S.A.; ZARATE MIRANDA;  ALEJANDRO FRANCISCO","RESPONSABLE":"COMPA\u00d1IA MINERA COLQUIRRUMI\nS.A.","GENERADOR":"NO IDENTIFICADO","ESTUDIOAMB":"PCPAM DE LA UNIDAD MINERA COLQUIRRUMI -\"HUALGAYOC\"","N":"2221"},"geometry":{"type":"Point","coordinates":[-78.60508,-6.75295]}},{"type":"Feature","properties":{"Name":"RESIDUO MINERO","description":"","OBJECTID":"793","PROVINCIA":"HUALGAYOC","DISTRITO":"HUALGAYOC","CUENCA":"LLAUCANO","ZONA":"17","EXUNIDAD":"LORETO (LLAUCANO)","TIPO":"RESIDUO MINERO","SUBTIPO":"DESMONTE DE MINA","REGION":"CAJAMARCA","ESTE":"764755","NORTE":"9252795","CODIGODM":"03002125X01; 010460295","NOMBREDM":"LORETO N\u00ba 1; ZAIN","TITULARDM":"COMPA\u00d1IA MINERA COLQUIRRUMI S.A.; S.M.R.L. BENAVIDES N\u00ba1 DE CAJAMARCA; ZARATE MIRANDA;  ALEJANDRO FRANCISCO","RESPONSABLE":"COMPA\u00d1IA MINERA COLQUIRRUMI\nS.A.","GENERADOR":"NO IDENTIFICADO","ESTUDIOAMB":"PCPAM DE LA UNIDAD MINERA COLQUIRRUMI -\"HUALGAYOC\"","N":"2222"},"geometry":{"type":"Point","coordinates":[-78.60488,-6.75399]}},{"type":"Feature","properties":{"Name":"RESIDUO MINERO","description":"","OBJECTID":"794","PROVINCIA":"HUALGAYOC","DISTRITO":"HUALGAYOC","CUENCA":"LLAUCANO","ZONA":"17","EXUNIDAD":"LORETO (LLAUCANO)","TIPO":"RESIDUO MINERO","SUBTIPO":"DESMONTE DE MINA","REGION":"CAJAMARCA","ESTE":"764682","NORTE":"9252745","CODIGODM":"010261405; 03002125X01","NOMBREDM":"COLQUIRRUMI 60; LORETO N\u00ba 1","TITULARDM":"COMPA\u00d1IA MINERA COLQUIRRUMI S.A.; CONSOLIDADA DE HUALGAYOC S.A.;\nS.M.R.L. BENAVIDES N\u00ba1 DE CAJAMARCA","RESPONSABLE":"COMPA\u00d1IA MINERA COLQUIRRUMI\nS.A.","GENERADOR":"NO IDENTIFICADO","ESTUDIOAMB":"PCPAM DE LA UNIDAD MINERA COLQUIRRUMI -\"HUALGAYOC\"","N":"2223"},"geometry":{"type":"Point","coordinates":[-78.60554,-6.75445]}},{"type":"Feature","properties":{"Name":"RESIDUO MINERO","description":"","OBJECTID":"795","PROVINCIA":"HUALGAYOC","DISTRITO":"HUALGAYOC","CUENCA":"LLAUCANO","ZONA":"17","EXUNIDAD":"LORETO (LLAUCANO)","TIPO":"RESIDUO MINERO","SUBTIPO":"DESMONTE DE MINA","REGION":"CAJAMARCA","ESTE":"764697","NORTE":"9252701","CODIGODM":"03001173X01; 010002579U;\n010261405","NOMBREDM":"AURORA; AURORA - MUSSOLINI;\nCOLQUIRRUMI 60","TITULARDM":"COMPA\u00d1IA MINERA COLQUIRRUMI S.A.; CONSOLIDADA DE HUALGAYOC S.A.;\nS.M.R.L. MUSSOLINI DE CAJAMARCA","RESPONSABLE":"---","GENERADOR":"NO IDENTIFICADO","ESTUDIOAMB":"---","N":"2224"},"geometry":{"type":"Point","coordinates":[-78.6054,-6.75485]}},{"type":"Feature","properties":{"Name":"RESIDUO MINERO","description":"","OBJECTID":"796","PROVINCIA":"HUALGAYOC","DISTRITO":"HUALGAYOC","CUENCA":"LLAUCANO","ZONA":"17","EXUNIDAD":"LORETO (LLAUCANO)","TIPO":"RESIDUO MINERO","SUBTIPO":"DESMONTE DE MINA","REGION":"CAJAMARCA","ESTE":"764531","NORTE":"9252728","CODIGODM":"03001173X01; 010002579U;\n010261405","NOMBREDM":"AURORA; AURORA - MUSSOLINI; COLQUIRRUMI 60","TITULARDM":"COMPA\u00d1IA MINERA COLQUIRRUMI S.A.; CONSOLIDADA DE HUALGAYOC S.A.;\nS.M.R.L. MUSSOLINI DE CAJAMARCA","RESPONSABLE":"COMPA\u00d1IA MINERA COLQUIRRUMI\nS.A.","GENERADOR":"NO IDENTIFICADO","ESTUDIOAMB":"PCPAM DE LA UNIDAD MINERA COLQUIRRUMI -\"HUALGAYOC\"","N":"2225"},"geometry":{"type":"Point","coordinates":[-78.6069,-6.75461]}},{"type":"Feature","properties":{"Name":"LABOR MINERA","description":"","OBJECTID":"797","PROVINCIA":"HUALGAYOC","DISTRITO":"HUALGAYOC","CUENCA":"LLAUCANO","ZONA":"17","EXUNIDAD":"LORETO (LLAUCANO)","TIPO":"LABOR MINERA","SUBTIPO":"BOCAMINA","REGION":"CAJAMARCA","ESTE":"764733","NORTE":"9252917","CODIGODM":"010261405; 03000362Y01;\n010009372U","NOMBREDM":"COLQUIRRUMI 60; MARTE; SAN AGUSTIN N\u00ba1","TITULARDM":"COMPA\u00d1IA MINERA COLQUIRRUMI S.A.; CONSOLIDADA DE HUALGAYOC S.A.","RESPONSABLE":"COMPA\u00d1IA MINERA COLQUIRRUMI\nS.A.","GENERADOR":"NO IDENTIFICADO","ESTUDIOAMB":"PCPAM DE LA UNIDAD MINERA COLQUIRRUMI -\"HUALGAYOC\"","N":"2226"},"geometry":{"type":"Point","coordinates":[-78.60509,-6.75289]}},{"type":"Feature","properties":{"Name":"LABOR MINERA","description":"","OBJECTID":"798","PROVINCIA":"HUALGAYOC","DISTRITO":"HUALGAYOC","CUENCA":"LLAUCANO","ZONA":"17","EXUNIDAD":"LORETO (LLAUCANO)","TIPO":"LABOR MINERA","SUBTIPO":"BOCAMINA","REGION":"CAJAMARCA","ESTE":"764718","NORTE":"9252915","CODIGODM":"03002212X01; 010460295","NOMBREDM":"LAGO; ZAIN","TITULARDM":"COMPA\u00d1IA MINERA LOS MANTOS S.A.; ZARATE MIRANDA;  ALEJANDRO FRANCISCO","RESPONSABLE":"COMPA\u00d1IA MINERA COLQUIRRUMI\nS.A.","GENERADOR":"NO IDENTIFICADO","ESTUDIOAMB":"PCPAM DE LA UNIDAD MINERA COLQUIRRUMI -\"HUALGAYOC\"","N":"2227"},"geometry":{"type":"Point","coordinates":[-78.60522,-6.75291]}},{"type":"Feature","properties":{"Name":"LABOR MINERA","description":"","OBJECTID":"799","PROVINCIA":"HUALGAYOC","DISTRITO":"HUALGAYOC","CUENCA":"LLAUCANO","ZONA":"17","EXUNIDAD":"LORETO (LLAUCANO)","TIPO":"LABOR MINERA","SUBTIPO":"BOCAMINA","REGION":"CAJAMARCA","ESTE":"764770","NORTE":"9252895","CODIGODM":"03001077X01; 010460295","NOMBREDM":"LA BELLA ITALIA; ZAIN","TITULARDM":"COMPA\u00d1IA MINERA COLQUIRRUMI S.A.; CONSOLIDADA DE HUALGAYOC S.A.;\nZARATE MIRANDA;  ALEJANDRO FRANCISCO","RESPONSABLE":"---","GENERADOR":"NO IDENTIFICADO","ESTUDIOAMB":"---","N":"2228"},"geometry":{"type":"Point","coordinates":[-78.60475,-6.75309]}},{"type":"Feature","properties":{"Name":"LABOR MINERA","description":"","OBJECTID":"800","PROVINCIA":"HUALGAYOC","DISTRITO":"HUALGAYOC","CUENCA":"LLAUCANO","ZONA":"17","EXUNIDAD":"LORETO (LLAUCANO)","TIPO":"LABOR MINERA","SUBTIPO":"BOCAMINA","REGION":"CAJAMARCA","ESTE":"764753","NORTE":"9252794","CODIGODM":"03002125X01; 010460295","NOMBREDM":"LORETO N\u00ba 1; ZAIN","TITULARDM":"COMPA\u00d1IA MINERA COLQUIRRUMI S.A.; S.M.R.L. BENAVIDES N\u00ba1 DE CAJAMARCA; ZARATE MIRANDA;  ALEJANDRO FRANCISCO","RESPONSABLE":"COMPA\u00d1IA MINERA COLQUIRRUMI\nS.A.","GENERADOR":"NO IDENTIFICADO","ESTUDIOAMB":"PCPAM DE LA UNIDAD MINERA COLQUIRRUMI -\"HUALGAYOC\"","N":"2229"},"geometry":{"type":"Point","coordinates":[-78.6049,-6.754]}},{"type":"Feature","properties":{"Name":"LABOR MINERA","description":"","OBJECTID":"801","PROVINCIA":"HUALGAYOC","DISTRITO":"HUALGAYOC","CUENCA":"LLAUCANO","ZONA":"17","EXUNIDAD":"LORETO (LLAUCANO)","TIPO":"LABOR MINERA","SUBTIPO":"BOCAMINA","REGION":"CAJAMARCA","ESTE":"764679","NORTE":"9252756","CODIGODM":"010002579U; 010261405;\n03002125X01","NOMBREDM":"AURORA - MUSSOLINI; COLQUIRRUMI 60; LORETO N\u00ba 1","TITULARDM":"COMPA\u00d1IA MINERA COLQUIRRUMI S.A.; CONSOLIDADA DE HUALGAYOC S.A.;\nS.M.R.L. BENAVIDES N\u00ba1 DE CAJAMARCA; S.M.R.L. MUSSOLINI DE CAJAMARCA","RESPONSABLE":"COMPA\u00d1IA MINERA COLQUIRRUMI\nS.A.","GENERADOR":"NO IDENTIFICADO","ESTUDIOAMB":"PCPAM DE LA UNIDAD MINERA COLQUIRRUMI -\"HUALGAYOC\"","N":"2230"},"geometry":{"type":"Point","coordinates":[-78.60557,-6.75435]}},{"type":"Feature","properties":{"Name":"RESIDUO MINERO","description":"","OBJECTID":"825","PROVINCIA":"HUALGAYOC","DISTRITO":"HUALGAYOC","CUENCA":"LLAUCANO","ZONA":"17","EXUNIDAD":"LOS NEGROS (LLAUCANO)","TIPO":"RESIDUO MINERO","SUBTIPO":"DESMONTE DE MINA","REGION":"CAJAMARCA","ESTE":"765430","NORTE":"9253508","CODIGODM":"010009372U; 03002112X01;\n010460295","NOMBREDM":"SAN AGUSTIN N\u00ba1; TRES CRUCES; ZAIN","TITULARDM":"COMPA\u00d1IA MINERA COLQUIRRUMI S.A.; CONSOLIDADA DE HUALGAYOC S.A.; ZARATE MIRANDA;  ALEJANDRO FRANCISCO","RESPONSABLE":"MINEM","GENERADOR":"IDENTIFICADO","ESTUDIOAMB":"PLAN DE CIERRE DE LA REMEDIACION DE 55 PASIVOS AMBIENTALES MINEROS LA\nTAHONA","N":"2254"},"geometry":{"type":"Point","coordinates":[-78.59881,-6.74752]}},{"type":"Feature","properties":{"Name":"RESIDUO MINERO","description":"","OBJECTID":"826","PROVINCIA":"HUALGAYOC","DISTRITO":"HUALGAYOC","CUENCA":"LLAUCANO","ZONA":"17","EXUNIDAD":"LOS NEGROS (LLAUCANO)","TIPO":"RESIDUO MINERO","SUBTIPO":"DESMONTE DE MINA","REGION":"CAJAMARCA","ESTE":"765323","NORTE":"9253625","CODIGODM":"010009372U; 03002112X01;\n010460295","NOMBREDM":"SAN AGUSTIN N\u00ba1; TRES CRUCES; ZAIN","TITULARDM":"COMPA\u00d1IA MINERA COLQUIRRUMI S.A.; CONSOLIDADA DE HUALGAYOC S.A.; ZARATE MIRANDA;  ALEJANDRO FRANCISCO","RESPONSABLE":"MINEM","GENERADOR":"IDENTIFICADO","ESTUDIOAMB":"PLAN DE CIERRE DE LA REMEDIACION DE 55 PASIVOS AMBIENTALES MINEROS LA\nTAHONA","N":"2255"},"geometry":{"type":"Point","coordinates":[-78.59978,-6.74647]}},{"type":"Feature","properties":{"Name":"RESIDUO MINERO","description":"","OBJECTID":"827","PROVINCIA":"HUALGAYOC","DISTRITO":"HUALGAYOC","CUENCA":"LLAUCANO","ZONA":"17","EXUNIDAD":"LOS NEGROS (LLAUCANO)","TIPO":"RESIDUO MINERO","SUBTIPO":"DESMONTE DE MINA","REGION":"CAJAMARCA","ESTE":"765299","NORTE":"9253490","CODIGODM":"010009372U; 03002112X01;\n010460295","NOMBREDM":"SAN AGUSTIN N\u00ba1; TRES CRUCES; ZAIN","TITULARDM":"COMPA\u00d1IA MINERA COLQUIRRUMI S.A.; CONSOLIDADA DE HUALGAYOC S.A.; ZARATE MIRANDA;  ALEJANDRO FRANCISCO","RESPONSABLE":"MINEM","GENERADOR":"IDENTIFICADO","ESTUDIOAMB":"PLAN DE CIERRE DE LA REMEDIACION DE 55 PASIVOS AMBIENTALES MINEROS LA\nTAHONA","N":"2256"},"geometry":{"type":"Point","coordinates":[-78.59999,-6.74769]}},{"type":"Feature","properties":{"Name":"RESIDUO MINERO","description":"","OBJECTID":"828","PROVINCIA":"HUALGAYOC","DISTRITO":"HUALGAYOC","CUENCA":"LLAUCANO","ZONA":"17","EXUNIDAD":"LOS NEGROS (LLAUCANO)","TIPO":"RESIDUO MINERO","SUBTIPO":"DESMONTE DE MINA","REGION":"CAJAMARCA","ESTE":"765353","NORTE":"9253520","CODIGODM":"010009372U; 03002112X01;\n010460295","NOMBREDM":"SAN AGUSTIN N\u00ba1; TRES CRUCES; ZAIN","TITULARDM":"COMPA\u00d1IA MINERA COLQUIRRUMI S.A.; CONSOLIDADA DE HUALGAYOC S.A.; ZARATE MIRANDA;  ALEJANDRO FRANCISCO","RESPONSABLE":"MINEM","GENERADOR":"IDENTIFICADO","ESTUDIOAMB":"PLAN DE CIERRE DE LA REMEDIACION DE 55 PASIVOS AMBIENTALES MINEROS LA\nTAHONA","N":"2257"},"geometry":{"type":"Point","coordinates":[-78.59951,-6.74741]}},{"type":"Feature","properties":{"Name":"RESIDUO MINERO","description":"","OBJECTID":"829","PROVINCIA":"HUALGAYOC","DISTRITO":"HUALGAYOC","CUENCA":"LLAUCANO","ZONA":"17","EXUNIDAD":"LOS NEGROS (LLAUCANO)","TIPO":"RESIDUO MINERO","SUBTIPO":"DESMONTE DE MINA","REGION":"CAJAMARCA","ESTE":"765552","NORTE":"9253249","CODIGODM":"03000305Y01; 010460295","NOMBREDM":"SOCAVON SAN CARLOS; ZAIN","TITULARDM":"BANCO MINERO DEL PERU EN LIQUIDACION; S.M.R.L. LOS NEGROS Y SANTO CRISTO DE CAJAMARCA; ZARATE MIRANDA;  ALEJANDRO FRANCISCO","RESPONSABLE":"ACTIVOS MINEROS S.A.C.","GENERADOR":"NO IDENTIFICADO","ESTUDIOAMB":"PCPAM DE LA EUM LOS NEGROS","N":"2258"},"geometry":{"type":"Point","coordinates":[-78.5977,-6.74986]}},{"type":"Feature","properties":{"Name":"RESIDUO MINERO","description":"","OBJECTID":"830","PROVINCIA":"HUALGAYOC","DISTRITO":"HUALGAYOC","CUENCA":"LLAUCANO","ZONA":"17","EXUNIDAD":"LOS NEGROS (LLAUCANO)","TIPO":"RESIDUO MINERO","SUBTIPO":"PILA DE LIXIVIACION","REGION":"CAJAMARCA","ESTE":"766040","NORTE":"9253292","CODIGODM":"010460295","NOMBREDM":"ZAIN","TITULARDM":"ZARATE MIRANDA;  ALEJANDRO FRANCISCO","RESPONSABLE":"ACTIVOS\nMINEROS S.A.C.","GENERADOR":"NO IDENTIFICADO","ESTUDIOAMB":"PCPAM DE LA EUM LOS\nNEGROS","N":"2259"},"geometry":{"type":"Point","coordinates":[-78.59329,-6.74944]}},{"type":"Feature","properties":{"Name":"INFRAESTRUCTURA","description":"","OBJECTID":"831","PROVINCIA":"HUALGAYOC","DISTRITO":"HUALGAYOC","CUENCA":"LLAUCANO","ZONA":"17","EXUNIDAD":"LOS NEGROS (LLAUCANO)","TIPO":"INFRAESTRUCTURA","SUBTIPO":"NO DETERMINADO","REGION":"CAJAMARCA","ESTE":"766030","NORTE":"9253277","CODIGODM":"010460295","NOMBREDM":"ZAIN","TITULARDM":"ZARATE MIRANDA;  ALEJANDRO FRANCISCO","RESPONSABLE":"ACTIVOS\nMINEROS S.A.C.","GENERADOR":"NO IDENTIFICADO","ESTUDIOAMB":"PCPAM DE LA EUM LOS\nNEGROS","N":"2260"},"geometry":{"type":"Point","coordinates":[-78.59337,-6.74958]}},{"type":"Feature","properties":{"Name":"INFRAESTRUCTURA","description":"","OBJECTID":"832","PROVINCIA":"HUALGAYOC","DISTRITO":"HUALGAYOC","CUENCA":"LLAUCANO","ZONA":"17","EXUNIDAD":"LOS NEGROS (LLAUCANO)","TIPO":"INFRAESTRUCTURA","SUBTIPO":"NO DETERMINADO","REGION":"CAJAMARCA","ESTE":"765553","NORTE":"9253250","CODIGODM":"03000305Y01; 010460295","NOMBREDM":"SOCAVON SAN CARLOS; ZAIN","TITULARDM":"BANCO MINERO DEL PERU EN LIQUIDACION; S.M.R.L. LOS NEGROS Y SANTO CRISTO DE CAJAMARCA; ZARATE MIRANDA;  ALEJANDRO FRANCISCO","RESPONSABLE":"ACTIVOS MINEROS S.A.C.","GENERADOR":"NO IDENTIFICADO","ESTUDIOAMB":"PCPAM DE LA EUM LOS NEGROS","N":"2261"},"geometry":{"type":"Point","coordinates":[-78.59769,-6.74985]}},{"type":"Feature","properties":{"Name":"PRODUCTO QUIMICO","description":"","OBJECTID":"833","PROVINCIA":"HUALGAYOC","DISTRITO":"HUALGAYOC","CUENCA":"LLAUCANO","ZONA":"17","EXUNIDAD":"LOS NEGROS (LLAUCANO)","TIPO":"PRODUCTO QUIMICO","SUBTIPO":"CIANURO","REGION":"CAJAMARCA","ESTE":"766019","NORTE":"9253315","CODIGODM":"010460295","NOMBREDM":"ZAIN","TITULARDM":"ZARATE MIRANDA;  ALEJANDRO FRANCISCO","RESPONSABLE":"ACTIVOS\nMINEROS S.A.C.","GENERADOR":"NO IDENTIFICADO","ESTUDIOAMB":"PCPAM DE LA EUM LOS\nNEGROS","N":"2262"},"geometry":{"type":"Point","coordinates":[-78.59348,-6.74924]}},{"type":"Feature","properties":{"Name":"LABOR MINERA","description":"","OBJECTID":"834","PROVINCIA":"HUALGAYOC","DISTRITO":"HUALGAYOC","CUENCA":"LLAUCANO","ZONA":"17","EXUNIDAD":"LOS NEGROS (LLAUCANO)","TIPO":"LABOR MINERA","SUBTIPO":"BOCAMINA","REGION":"CAJAMARCA","ESTE":"765275","NORTE":"9253507","CODIGODM":"010009372U; 03002112X01;\n010460295","NOMBREDM":"SAN AGUSTIN N\u00ba1; TRES CRUCES; ZAIN","TITULARDM":"COMPA\u00d1IA MINERA COLQUIRRUMI S.A.; CONSOLIDADA DE HUALGAYOC S.A.; ZARATE MIRANDA;  ALEJANDRO FRANCISCO","RESPONSABLE":"MINEM","GENERADOR":"IDENTIFICADO","ESTUDIOAMB":"PLAN DE CIERRE DE LA REMEDIACION DE 55 PASIVOS AMBIENTALES MINEROS LA\nTAHONA","N":"2263"},"geometry":{"type":"Point","coordinates":[-78.60021,-6.74754]}},{"type":"Feature","properties":{"Name":"LABOR MINERA","description":"","OBJECTID":"884","PROVINCIA":"HUALGAYOC","DISTRITO":"HUALGAYOC","CUENCA":"LLAUCANO","ZONA":"17","EXUNIDAD":"MANSITA (LLAUCANO)","TIPO":"LABOR MINERA","SUBTIPO":"BOCAMINA","REGION":"CAJAMARCA","ESTE":"765157","NORTE":"9252616","CODIGODM":"03000987X01; 010009372U;\n010236794","NOMBREDM":"GIULIETA; SAN AGUSTIN N\u00ba1; SAN\nJOSE N\u00ba 1","TITULARDM":"COMPA\u00d1IA MINERA COLQUIRRUMI S.A.; CONSOLIDADA DE HUALGAYOC S.A.;\nGOLD FIELDS LA CIMA S.A.A.; VIDALON PAREJA;  JAIME DAVID","RESPONSABLE":"---","GENERADOR":"NO IDENTIFICADO","ESTUDIOAMB":"---","N":"2313"},"geometry":{"type":"Point","coordinates":[-78.60124,-6.75559]}},{"type":"Feature","properties":{"Name":"LABOR MINERA","description":"","OBJECTID":"885","PROVINCIA":"HUALGAYOC","DISTRITO":"HUALGAYOC","CUENCA":"LLAUCANO","ZONA":"17","EXUNIDAD":"MANSITA (LLAUCANO)","TIPO":"LABOR MINERA","SUBTIPO":"BOCAMINA","REGION":"CAJAMARCA","ESTE":"765243","NORTE":"9252458","CODIGODM":"03000374X01; 010009372U;\n010236794","NOMBREDM":"NEPTUNO; SAN AGUSTIN N\u00ba1; SAN\nJOSE N\u00ba 1","TITULARDM":"COMPA\u00d1IA MINERA COLQUIRRUMI S.A.; CONSOLIDADA DE HUALGAYOC S.A.;\nGOLD FIELDS LA CIMA S.A.A.; VIDALON PAREJA;  JAIME DAVID","RESPONSABLE":"---","GENERADOR":"NO IDENTIFICADO","ESTUDIOAMB":"---","N":"2314"},"geometry":{"type":"Point","coordinates":[-78.60045,-6.75702]}},{"type":"Feature","properties":{"Name":"LABOR MINERA","description":"","OBJECTID":"886","PROVINCIA":"HUALGAYOC","DISTRITO":"HUALGAYOC","CUENCA":"LLAUCANO","ZONA":"17","EXUNIDAD":"MANSITA (LLAUCANO)","TIPO":"LABOR MINERA","SUBTIPO":"BOCAMINA","REGION":"CAJAMARCA","ESTE":"765158","NORTE":"9252592","CODIGODM":"03000987X01; 010236794","NOMBREDM":"GIULIETA; SAN JOSE N\u00ba 1","TITULARDM":"COMPA\u00d1IA MINERA COLQUIRRUMI S.A.; CONSOLIDADA DE HUALGAYOC S.A.; GOLD FIELDS LA CIMA S.A.A.; VIDALON PAREJA;  JAIME DAVID","RESPONSABLE":"COMPA\u00d1IA MINERA COLQUIRRUMI\nS.A.","GENERADOR":"NO IDENTIFICADO","ESTUDIOAMB":"PCPAM DE LA UNIDAD MINERA COLQUIRRUMI -\"HUALGAYOC\"","N":"2315"},"geometry":{"type":"Point","coordinates":[-78.60123,-6.75581]}},{"type":"Feature","properties":{"Name":"LABOR MINERA","description":"","OBJECTID":"887","PROVINCIA":"HUALGAYOC","DISTRITO":"HUALGAYOC","CUENCA":"LLAUCANO","ZONA":"17","EXUNIDAD":"MANSITA (LLAUCANO)","TIPO":"LABOR MINERA","SUBTIPO":"BOCAMINA","REGION":"CAJAMARCA","ESTE":"765277","NORTE":"9252747","CODIGODM":"03000354Y01; 010009372U;\n010460295","NOMBREDM":"MANCITA; SAN AGUSTIN N\u00ba1; ZAIN","TITULARDM":"BANCO MINERO DEL PERU EN LIQUIDACION; COMPA\u00d1IA MINERA COLQUIRRUMI S.A.; CONSOLIDADA DE HUALGAYOC S.A.; ZARATE MIRANDA;  ALEJANDRO FRANCISCO","RESPONSABLE":"COMPA\u00d1IA MINERA COLQUIRRUMI\nS.A.","GENERADOR":"NO IDENTIFICADO","ESTUDIOAMB":"PCPAM DE LA UNIDAD MINERA COLQUIRRUMI -\"HUALGAYOC\"","N":"2316"},"geometry":{"type":"Point","coordinates":[-78.60016,-6.7544]}},{"type":"Feature","properties":{"Name":"LABOR MINERA","description":"","OBJECTID":"888","PROVINCIA":"HUALGAYOC","DISTRITO":"HUALGAYOC","CUENCA":"LLAUCANO","ZONA":"17","EXUNIDAD":"MANSITA (LLAUCANO)","TIPO":"LABOR MINERA","SUBTIPO":"BOCAMINA","REGION":"CAJAMARCA","ESTE":"765119","NORTE":"9252807","CODIGODM":"03000354Y01; 010009372U;\n010460295","NOMBREDM":"MANCITA; SAN AGUSTIN N\u00ba1; ZAIN","TITULARDM":"BANCO MINERO DEL PERU EN LIQUIDACION; COMPA\u00d1IA MINERA COLQUIRRUMI S.A.; CONSOLIDADA DE HUALGAYOC S.A.; ZARATE MIRANDA;  ALEJANDRO FRANCISCO","RESPONSABLE":"COMPA\u00d1IA MINERA COLQUIRRUMI\nS.A.","GENERADOR":"NO IDENTIFICADO","ESTUDIOAMB":"PCPAM DE LA UNIDAD MINERA COLQUIRRUMI -\"HUALGAYOC\"","N":"2317"},"geometry":{"type":"Point","coordinates":[-78.60159,-6.75387]}},{"type":"Feature","properties":{"Name":"RESIDUO MINERO","description":"","OBJECTID":"889","PROVINCIA":"HUALGAYOC","DISTRITO":"HUALGAYOC","CUENCA":"LLAUCANO","ZONA":"17","EXUNIDAD":"MANSITA (LLAUCANO)","TIPO":"RESIDUO MINERO","SUBTIPO":"DESMONTE DE MINA","REGION":"CAJAMARCA","ESTE":"765215","NORTE":"9252701","CODIGODM":"03000354Y01; 010009372U;\n010460295","NOMBREDM":"MANCITA; SAN AGUSTIN N\u00ba1; ZAIN","TITULARDM":"BANCO MINERO DEL PERU EN LIQUIDACION; COMPA\u00d1IA MINERA COLQUIRRUMI S.A.; CONSOLIDADA DE HUALGAYOC S.A.; ZARATE MIRANDA;  ALEJANDRO FRANCISCO","RESPONSABLE":"COMPA\u00d1IA MINERA COLQUIRRUMI\nS.A.","GENERADOR":"NO IDENTIFICADO","ESTUDIOAMB":"PCPAM DE LA UNIDAD MINERA COLQUIRRUMI -\"HUALGAYOC\"","N":"2318"},"geometry":{"type":"Point","coordinates":[-78.60072,-6.75482]}},{"type":"Feature","properties":{"Name":"RESIDUO MINERO","description":"","OBJECTID":"890","PROVINCIA":"HUALGAYOC","DISTRITO":"HUALGAYOC","CUENCA":"LLAUCANO","ZONA":"17","EXUNIDAD":"MANSITA (LLAUCANO)","TIPO":"RESIDUO MINERO","SUBTIPO":"DESMONTE DE MINA","REGION":"CAJAMARCA","ESTE":"765121","NORTE":"9252806","CODIGODM":"03000354Y01; 010009372U;\n010460295","NOMBREDM":"MANCITA; SAN AGUSTIN N\u00ba1; ZAIN","TITULARDM":"BANCO MINERO DEL PERU EN LIQUIDACION; COMPA\u00d1IA MINERA COLQUIRRUMI S.A.; CONSOLIDADA DE HUALGAYOC S.A.; ZARATE MIRANDA;  ALEJANDRO FRANCISCO","RESPONSABLE":"COMPA\u00d1IA MINERA COLQUIRRUMI\nS.A.","GENERADOR":"NO IDENTIFICADO","ESTUDIOAMB":"PCPAM DE LA UNIDAD MINERA COLQUIRRUMI -\"HUALGAYOC\"","N":"2319"},"geometry":{"type":"Point","coordinates":[-78.60157,-6.75388]}},{"type":"Feature","properties":{"Name":"LABOR MINERA","description":"","OBJECTID":"891","PROVINCIA":"HUALGAYOC","DISTRITO":"HUALGAYOC","CUENCA":"LLAUCANO","ZONA":"17","EXUNIDAD":"MANSITA (LLAUCANO)","TIPO":"LABOR MINERA","SUBTIPO":"BOCAMINA","REGION":"CAJAMARCA","ESTE":"765215","NORTE":"9252701","CODIGODM":"03000354Y01; 010009372U;\n010460295","NOMBREDM":"MANCITA; SAN AGUSTIN N\u00ba1; ZAIN","TITULARDM":"BANCO MINERO DEL PERU EN LIQUIDACION; COMPA\u00d1IA MINERA COLQUIRRUMI S.A.; CONSOLIDADA DE HUALGAYOC S.A.; ZARATE MIRANDA;  ALEJANDRO FRANCISCO","RESPONSABLE":"COMPA\u00d1IA MINERA COLQUIRRUMI\nS.A.","GENERADOR":"NO IDENTIFICADO","ESTUDIOAMB":"PCPAM DE LA UNIDAD MINERA COLQUIRRUMI -\"HUALGAYOC\"","N":"2320"},"geometry":{"type":"Point","coordinates":[-78.60072,-6.75482]}},{"type":"Feature","properties":{"Name":"LABOR MINERA","description":"","OBJECTID":"892","PROVINCIA":"HUALGAYOC","DISTRITO":"HUALGAYOC","CUENCA":"LLAUCANO","ZONA":"17","EXUNIDAD":"MANSITA (LLAUCANO)","TIPO":"LABOR MINERA","SUBTIPO":"BOCAMINA","REGION":"CAJAMARCA","ESTE":"765143","NORTE":"9252788","CODIGODM":"03000354Y01; 010009372U;\n010460295","NOMBREDM":"MANCITA; SAN AGUSTIN N\u00ba1; ZAIN","TITULARDM":"BANCO MINERO DEL PERU EN LIQUIDACION; COMPA\u00d1IA MINERA COLQUIRRUMI S.A.; CONSOLIDADA DE HUALGAYOC S.A.; ZARATE MIRANDA;  ALEJANDRO\nFRANCISCO","RESPONSABLE":"---","GENERADOR":"NO IDENTIFICADO","ESTUDIOAMB":"---","N":"2321"},"geometry":{"type":"Point","coordinates":[-78.60137,-6.75404]}},{"type":"Feature","properties":{"Name":"LABOR MINERA","description":"","OBJECTID":"835","PROVINCIA":"HUALGAYOC","DISTRITO":"HUALGAYOC","CUENCA":"LLAUCANO","ZONA":"17","EXUNIDAD":"LOS NEGROS (LLAUCANO)","TIPO":"LABOR MINERA","SUBTIPO":"BOCAMINA","REGION":"CAJAMARCA","ESTE":"765362","NORTE":"9253508","CODIGODM":"03001213X01; 010460295","NOMBREDM":"SANTA MARTA; ZAIN","TITULARDM":"S.M.R.L. SANTA MARTA DE CAJAMARCA; ZARATE MIRANDA;  ALEJANDRO FRANCISCO","RESPONSABLE":"MINEM","GENERADOR":"IDENTIFICADO","ESTUDIOAMB":"PLAN DE CIERRE DE LA REMEDIACION DE 55 PASIVOS AMBIENTALES MINEROS LA\nTAHONA","N":"2264"},"geometry":{"type":"Point","coordinates":[-78.59942,-6.74752]}},{"type":"Feature","properties":{"Name":"LABOR MINERA","description":"","OBJECTID":"836","PROVINCIA":"HUALGAYOC","DISTRITO":"HUALGAYOC","CUENCA":"LLAUCANO","ZONA":"17","EXUNIDAD":"LOS NEGROS (LLAUCANO)","TIPO":"LABOR MINERA","SUBTIPO":"BOCAMINA","REGION":"CAJAMARCA","ESTE":"765386","NORTE":"9253498","CODIGODM":"010009372U; 03002112X01;\n010460295","NOMBREDM":"SAN AGUSTIN N\u00ba1; TRES CRUCES; ZAIN","TITULARDM":"COMPA\u00d1IA MINERA COLQUIRRUMI S.A.; CONSOLIDADA DE HUALGAYOC S.A.; ZARATE MIRANDA;  ALEJANDRO FRANCISCO","RESPONSABLE":"MINEM","GENERADOR":"IDENTIFICADO","ESTUDIOAMB":"PLAN DE CIERRE DE LA REMEDIACION DE 55 PASIVOS AMBIENTALES MINEROS LA\nTAHONA","N":"2265"},"geometry":{"type":"Point","coordinates":[-78.59921,-6.74761]}},{"type":"Feature","properties":{"Name":"LABOR MINERA","description":"","OBJECTID":"837","PROVINCIA":"HUALGAYOC","DISTRITO":"HUALGAYOC","CUENCA":"LLAUCANO","ZONA":"17","EXUNIDAD":"LOS NEGROS (LLAUCANO)","TIPO":"LABOR MINERA","SUBTIPO":"BOCAMINA","REGION":"CAJAMARCA","ESTE":"765433","NORTE":"9253424","CODIGODM":"010009372U; 03002112X01;\n010460295","NOMBREDM":"SAN AGUSTIN N\u00ba1; TRES CRUCES; ZAIN","TITULARDM":"COMPA\u00d1IA MINERA COLQUIRRUMI S.A.; CONSOLIDADA DE HUALGAYOC S.A.; ZARATE MIRANDA;  ALEJANDRO FRANCISCO","RESPONSABLE":"MINEM","GENERADOR":"IDENTIFICADO","ESTUDIOAMB":"PLAN DE CIERRE DE LA REMEDIACION DE 55 PASIVOS AMBIENTALES MINEROS LA\nTAHONA","N":"2266"},"geometry":{"type":"Point","coordinates":[-78.59878,-6.74828]}},{"type":"Feature","properties":{"Name":"LABOR MINERA","description":"","OBJECTID":"838","PROVINCIA":"HUALGAYOC","DISTRITO":"HUALGAYOC","CUENCA":"LLAUCANO","ZONA":"17","EXUNIDAD":"LOS NEGROS (LLAUCANO)","TIPO":"LABOR MINERA","SUBTIPO":"BOCAMINA","REGION":"CAJAMARCA","ESTE":"765530","NORTE":"9253326","CODIGODM":"03000305Y01; 010460295","NOMBREDM":"SOCAVON SAN CARLOS; ZAIN","TITULARDM":"BANCO MINERO DEL PERU EN LIQUIDACION; S.M.R.L. LOS NEGROS Y SANTO CRISTO DE CAJAMARCA; ZARATE MIRANDA;  ALEJANDRO FRANCISCO","RESPONSABLE":"ACTIVOS MINEROS S.A.C.","GENERADOR":"NO IDENTIFICADO","ESTUDIOAMB":"PCPAM DE LA EUM LOS NEGROS","N":"2267"},"geometry":{"type":"Point","coordinates":[-78.5979,-6.74916]}},{"type":"Feature","properties":{"Name":"LABOR MINERA","description":"","OBJECTID":"839","PROVINCIA":"HUALGAYOC","DISTRITO":"HUALGAYOC","CUENCA":"LLAUCANO","ZONA":"17","EXUNIDAD":"LOS NEGROS (LLAUCANO)","TIPO":"LABOR MINERA","SUBTIPO":"BOCAMINA","REGION":"CAJAMARCA","ESTE":"765628","NORTE":"9253217","CODIGODM":"03000300Y01; 010460295","NOMBREDM":"LOS NEGROS Y SANTO CRISTO; ZAIN","TITULARDM":"BANCO MINERO DEL PERU EN LIQUIDACION; S.M.R.L. LOS NEGROS Y SANTO CRISTO DE CAJAMARCA; ZARATE MIRANDA;  ALEJANDRO FRANCISCO","RESPONSABLE":"ACTIVOS MINEROS S.A.C.","GENERADOR":"IDENTIFICADO","ESTUDIOAMB":"PCPAM DE LA EUM LOS NEGROS","N":"2268"},"geometry":{"type":"Point","coordinates":[-78.59701,-6.75014]}},{"type":"Feature","properties":{"Name":"LABOR MINERA","description":"","OBJECTID":"840","PROVINCIA":"HUALGAYOC","DISTRITO":"HUALGAYOC","CUENCA":"LLAUCANO","ZONA":"17","EXUNIDAD":"LOS NEGROS (LLAUCANO)","TIPO":"LABOR MINERA","SUBTIPO":"BOCAMINA","REGION":"CAJAMARCA","ESTE":"765598","NORTE":"9253166","CODIGODM":"03000300Y01; 010460295","NOMBREDM":"LOS NEGROS Y SANTO CRISTO; ZAIN","TITULARDM":"BANCO MINERO DEL PERU EN LIQUIDACION; S.M.R.L. LOS NEGROS Y SANTO CRISTO DE CAJAMARCA; ZARATE MIRANDA;  ALEJANDRO FRANCISCO","RESPONSABLE":"ACTIVOS MINEROS S.A.C.","GENERADOR":"NO IDENTIFICADO","ESTUDIOAMB":"PCPAM DE LA EUM LOS NEGROS","N":"2269"},"geometry":{"type":"Point","coordinates":[-78.59728,-6.7506]}},{"type":"Feature","properties":{"Name":"RESIDUO MINERO","description":"","OBJECTID":"841","PROVINCIA":"HUALGAYOC","DISTRITO":"HUALGAYOC","CUENCA":"LLAUCANO","ZONA":"17","EXUNIDAD":"LOS NEGROS (LLAUCANO)","TIPO":"RESIDUO MINERO","SUBTIPO":"DESMONTE DE MINA","REGION":"CAJAMARCA","ESTE":"765283","NORTE":"9253509","CODIGODM":"010009372U; 03002112X01;\n010460295","NOMBREDM":"SAN AGUSTIN N\u00ba1; TRES CRUCES; ZAIN","TITULARDM":"COMPA\u00d1IA MINERA COLQUIRRUMI S.A.; CONSOLIDADA DE HUALGAYOC S.A.; ZARATE MIRANDA;  ALEJANDRO FRANCISCO","RESPONSABLE":"MINEM","GENERADOR":"IDENTIFICADO","ESTUDIOAMB":"PLAN DE CIERRE DE LA REMEDIACION DE 55 PASIVOS AMBIENTALES MINEROS LA\nTAHONA","N":"2270"},"geometry":{"type":"Point","coordinates":[-78.60014,-6.74752]}},{"type":"Feature","properties":{"Name":"RESIDUO MINERO","description":"","OBJECTID":"842","PROVINCIA":"HUALGAYOC","DISTRITO":"HUALGAYOC","CUENCA":"LLAUCANO","ZONA":"17","EXUNIDAD":"LOS NEGROS (LLAUCANO)","TIPO":"RESIDUO MINERO","SUBTIPO":"DESMONTE DE MINA","REGION":"CAJAMARCA","ESTE":"765543","NORTE":"9253205","CODIGODM":"03000300Y01; 010460295","NOMBREDM":"LOS NEGROS Y SANTO CRISTO; ZAIN","TITULARDM":"BANCO MINERO DEL PERU EN LIQUIDACION; S.M.R.L. LOS NEGROS Y SANTO CRISTO DE CAJAMARCA; ZARATE MIRANDA;  ALEJANDRO FRANCISCO","RESPONSABLE":"ACTIVOS MINEROS S.A.C.","GENERADOR":"NO IDENTIFICADO","ESTUDIOAMB":"PCPAM DE LA EUM LOS NEGROS","N":"2271"},"geometry":{"type":"Point","coordinates":[-78.59777,-6.75025]}},{"type":"Feature","properties":{"Name":"RESIDUO MINERO","description":"","OBJECTID":"843","PROVINCIA":"HUALGAYOC","DISTRITO":"HUALGAYOC","CUENCA":"LLAUCANO","ZONA":"17","EXUNIDAD":"LOS NEGROS (LLAUCANO)","TIPO":"RESIDUO MINERO","SUBTIPO":"DESMONTE DE MINA","REGION":"CAJAMARCA","ESTE":"765272","NORTE":"9253532","CODIGODM":"010009372U; 03001213X01;\n010460295","NOMBREDM":"SAN AGUSTIN N\u00ba1; SANTA MARTA; ZAIN","TITULARDM":"COMPA\u00d1IA MINERA COLQUIRRUMI S.A.; S.M.R.L. SANTA MARTA DE CAJAMARCA; ZARATE MIRANDA;  ALEJANDRO FRANCISCO","RESPONSABLE":"MINEM","GENERADOR":"IDENTIFICADO","ESTUDIOAMB":"PLAN DE CIERRE DE LA REMEDIACION DE 55 PASIVOS AMBIENTALES MINEROS LA\nTAHONA","N":"2272"},"geometry":{"type":"Point","coordinates":[-78.60024,-6.74731]}},{"type":"Feature","properties":{"Name":"RESIDUO MINERO","description":"","OBJECTID":"844","PROVINCIA":"HUALGAYOC","DISTRITO":"HUALGAYOC","CUENCA":"LLAUCANO","ZONA":"17","EXUNIDAD":"LOS NEGROS (LLAUCANO)","TIPO":"RESIDUO MINERO","SUBTIPO":"DESMONTE DE MINA","REGION":"CAJAMARCA","ESTE":"765277","NORTE":"9253605","CODIGODM":"03001213X01; 010460295","NOMBREDM":"SANTA MARTA; ZAIN","TITULARDM":"S.M.R.L. SANTA MARTA DE CAJAMARCA; ZARATE MIRANDA;  ALEJANDRO\nFRANCISCO","RESPONSABLE":"ACTIVOS\nMINEROS S.A.C.","GENERADOR":"IDENTIFICADO","ESTUDIOAMB":"PCPAM DE LA EUM LOS\nNEGROS","N":"2273"},"geometry":{"type":"Point","coordinates":[-78.6002,-6.74665]}},{"type":"Feature","properties":{"Name":"RESIDUO MINERO","description":"","OBJECTID":"845","PROVINCIA":"HUALGAYOC","DISTRITO":"HUALGAYOC","CUENCA":"LLAUCANO","ZONA":"17","EXUNIDAD":"LOS NEGROS (LLAUCANO)","TIPO":"RESIDUO MINERO","SUBTIPO":"DESMONTE DE MINA","REGION":"CAJAMARCA","ESTE":"765382","NORTE":"9253524","CODIGODM":"010009372U; 03002112X01;\n010460295","NOMBREDM":"SAN AGUSTIN N\u00ba1; TRES CRUCES; ZAIN","TITULARDM":"COMPA\u00d1IA MINERA COLQUIRRUMI S.A.; CONSOLIDADA DE HUALGAYOC S.A.; ZARATE MIRANDA;  ALEJANDRO FRANCISCO","RESPONSABLE":"MINEM","GENERADOR":"IDENTIFICADO","ESTUDIOAMB":"PLAN DE CIERRE DE LA REMEDIACION DE 55 PASIVOS AMBIENTALES MINEROS LA\nTAHONA","N":"2274"},"geometry":{"type":"Point","coordinates":[-78.59924,-6.74738]}},{"type":"Feature","properties":{"Name":"RESIDUO MINERO","description":"","OBJECTID":"846","PROVINCIA":"HUALGAYOC","DISTRITO":"HUALGAYOC","CUENCA":"LLAUCANO","ZONA":"17","EXUNIDAD":"LOS NEGROS (LLAUCANO)","TIPO":"RESIDUO MINERO","SUBTIPO":"DESMONTE DE MINA","REGION":"CAJAMARCA","ESTE":"765412","NORTE":"9253502","CODIGODM":"010009372U; 03002112X01;\n010460295","NOMBREDM":"SAN AGUSTIN N\u00ba1; TRES CRUCES; ZAIN","TITULARDM":"COMPA\u00d1IA MINERA COLQUIRRUMI S.A.; CONSOLIDADA DE HUALGAYOC S.A.; ZARATE MIRANDA;  ALEJANDRO FRANCISCO","RESPONSABLE":"MINEM","GENERADOR":"IDENTIFICADO","ESTUDIOAMB":"PLAN DE CIERRE DE LA REMEDIACION DE 55 PASIVOS AMBIENTALES MINEROS LA\nTAHONA","N":"2275"},"geometry":{"type":"Point","coordinates":[-78.59897,-6.74757]}},{"type":"Feature","properties":{"Name":"RESIDUO MINERO","description":"","OBJECTID":"847","PROVINCIA":"HUALGAYOC","DISTRITO":"HUALGAYOC","CUENCA":"LLAUCANO","ZONA":"17","EXUNIDAD":"LOS NEGROS (LLAUCANO)","TIPO":"RESIDUO MINERO","SUBTIPO":"DESMONTE DE MINA","REGION":"CAJAMARCA","ESTE":"765449","NORTE":"9253433","CODIGODM":"010009372U; 03002112X01;\n010460295","NOMBREDM":"SAN AGUSTIN N\u00ba1; TRES CRUCES; ZAIN","TITULARDM":"COMPA\u00d1IA MINERA COLQUIRRUMI S.A.; CONSOLIDADA DE HUALGAYOC S.A.; ZARATE MIRANDA;  ALEJANDRO FRANCISCO","RESPONSABLE":"MINEM","GENERADOR":"IDENTIFICADO","ESTUDIOAMB":"PLAN DE CIERRE DE LA REMEDIACION DE 55 PASIVOS AMBIENTALES MINEROS LA\nTAHONA","N":"2276"},"geometry":{"type":"Point","coordinates":[-78.59863,-6.7482]}},{"type":"Feature","properties":{"Name":"RESIDUO MINERO","description":"","OBJECTID":"848","PROVINCIA":"HUALGAYOC","DISTRITO":"HUALGAYOC","CUENCA":"LLAUCANO","ZONA":"17","EXUNIDAD":"LOS NEGROS (LLAUCANO)","TIPO":"RESIDUO MINERO","SUBTIPO":"DESMONTE DE MINA","REGION":"CAJAMARCA","ESTE":"765988","NORTE":"9253266","CODIGODM":"010460295","NOMBREDM":"ZAIN","TITULARDM":"ZARATE MIRANDA;  ALEJANDRO FRANCISCO","RESPONSABLE":"ACTIVOS\nMINEROS S.A.C.","GENERADOR":"NO IDENTIFICADO","ESTUDIOAMB":"PCPAM DE LA EUM LOS\nNEGROS","N":"2277"},"geometry":{"type":"Point","coordinates":[-78.59375,-6.74968]}},{"type":"Feature","properties":{"Name":"RESIDUO MINERO","description":"","OBJECTID":"849","PROVINCIA":"HUALGAYOC","DISTRITO":"HUALGAYOC","CUENCA":"LLAUCANO","ZONA":"17","EXUNIDAD":"LOS NEGROS (LLAUCANO)","TIPO":"RESIDUO MINERO","SUBTIPO":"DESMONTE DE MINA","REGION":"CAJAMARCA","ESTE":"765923","NORTE":"9253358","CODIGODM":"03000445X01; 010460295","NOMBREDM":"SOCAVON MIRAFLORES; ZAIN","TITULARDM":"S.M.R.L. LOS NEGROS Y SANTO CRISTO DE CAJAMARCA; ZARATE MIRANDA;\nALEJANDRO FRANCISCO","RESPONSABLE":"ACTIVOS\nMINEROS S.A.C.","GENERADOR":"NO IDENTIFICADO","ESTUDIOAMB":"PCPAM DE LA EUM LOS\nNEGROS","N":"2278"},"geometry":{"type":"Point","coordinates":[-78.59435,-6.74885]}},{"type":"Feature","properties":{"Name":"RESIDUO MINERO","description":"","OBJECTID":"850","PROVINCIA":"HUALGAYOC","DISTRITO":"HUALGAYOC","CUENCA":"LLAUCANO","ZONA":"17","EXUNIDAD":"LOS NEGROS (LLAUCANO)","TIPO":"RESIDUO MINERO","SUBTIPO":"DESMONTE DE MINA","REGION":"CAJAMARCA","ESTE":"765693","NORTE":"9253308","CODIGODM":"03000305Y01; 010460295","NOMBREDM":"SOCAVON SAN CARLOS; ZAIN","TITULARDM":"BANCO MINERO DEL PERU EN LIQUIDACION; S.M.R.L. LOS NEGROS Y SANTO CRISTO DE CAJAMARCA; ZARATE MIRANDA;  ALEJANDRO FRANCISCO","RESPONSABLE":"ACTIVOS MINEROS S.A.C.","GENERADOR":"NO IDENTIFICADO","ESTUDIOAMB":"PCPAM DE LA EUM LOS NEGROS","N":"2279"},"geometry":{"type":"Point","coordinates":[-78.59642,-6.74932]}},{"type":"Feature","properties":{"Name":"RESIDUO MINERO","description":"","OBJECTID":"851","PROVINCIA":"HUALGAYOC","DISTRITO":"HUALGAYOC","CUENCA":"LLAUCANO","ZONA":"17","EXUNIDAD":"LOS NEGROS (LLAUCANO)","TIPO":"RESIDUO MINERO","SUBTIPO":"DESMONTE DE MINA","REGION":"CAJAMARCA","ESTE":"765604","NORTE":"9253328","CODIGODM":"010460295","NOMBREDM":"ZAIN","TITULARDM":"ZARATE MIRANDA;  ALEJANDRO FRANCISCO","RESPONSABLE":"ACTIVOS\nMINEROS S.A.C.","GENERADOR":"NO IDENTIFICADO","ESTUDIOAMB":"PCPAM DE LA EUM LOS\nNEGROS","N":"2280"},"geometry":{"type":"Point","coordinates":[-78.59723,-6.74914]}},{"type":"Feature","properties":{"Name":"RESIDUO MINERO","description":"","OBJECTID":"852","PROVINCIA":"HUALGAYOC","DISTRITO":"HUALGAYOC","CUENCA":"LLAUCANO","ZONA":"17","EXUNIDAD":"LOS NEGROS (LLAUCANO)","TIPO":"RESIDUO MINERO","SUBTIPO":"DESMONTE DE MINA","REGION":"CAJAMARCA","ESTE":"766036","NORTE":"9252934","CODIGODM":"010460295","NOMBREDM":"ZAIN","TITULARDM":"ZARATE MIRANDA;  ALEJANDRO FRANCISCO","RESPONSABLE":"ACTIVOS\nMINEROS S.A.C.","GENERADOR":"NO IDENTIFICADO","ESTUDIOAMB":"PCPAM DE LA EUM LOS\nNEGROS","N":"2281"},"geometry":{"type":"Point","coordinates":[-78.59331,-6.75268]}},{"type":"Feature","properties":{"Name":"RESIDUO MINERO","description":"","OBJECTID":"853","PROVINCIA":"HUALGAYOC","DISTRITO":"HUALGAYOC","CUENCA":"LLAUCANO","ZONA":"17","EXUNIDAD":"LOS NEGROS (LLAUCANO)","TIPO":"RESIDUO MINERO","SUBTIPO":"DESMONTE DE MINA","REGION":"CAJAMARCA","ESTE":"765629","NORTE":"9253213","CODIGODM":"03000300Y01; 010460295","NOMBREDM":"LOS NEGROS Y SANTO CRISTO; ZAIN","TITULARDM":"BANCO MINERO DEL PERU EN LIQUIDACION; S.M.R.L. LOS NEGROS Y SANTO CRISTO DE CAJAMARCA; ZARATE MIRANDA;  ALEJANDRO FRANCISCO","RESPONSABLE":"ACTIVOS MINEROS S.A.C.","GENERADOR":"NO IDENTIFICADO","ESTUDIOAMB":"PCPAM DE LA EUM LOS NEGROS","N":"2282"},"geometry":{"type":"Point","coordinates":[-78.597,-6.75018]}},{"type":"Feature","properties":{"Name":"RESIDUO MINERO","description":"","OBJECTID":"854","PROVINCIA":"HUALGAYOC","DISTRITO":"HUALGAYOC","CUENCA":"LLAUCANO","ZONA":"17","EXUNIDAD":"LOS NEGROS (LLAUCANO)","TIPO":"RESIDUO MINERO","SUBTIPO":"DESMONTE DE MINA","REGION":"CAJAMARCA","ESTE":"765621","NORTE":"9253159","CODIGODM":"03000300Y01; 010460295","NOMBREDM":"LOS NEGROS Y SANTO CRISTO; ZAIN","TITULARDM":"BANCO MINERO DEL PERU EN LIQUIDACION; S.M.R.L. LOS NEGROS Y SANTO CRISTO DE CAJAMARCA; ZARATE MIRANDA;  ALEJANDRO FRANCISCO","RESPONSABLE":"ACTIVOS MINEROS S.A.C.","GENERADOR":"NO IDENTIFICADO","ESTUDIOAMB":"PCPAM DE LA EUM LOS NEGROS","N":"2283"},"geometry":{"type":"Point","coordinates":[-78.59707,-6.75067]}},{"type":"Feature","properties":{"Name":"LABOR MINERA","description":"","OBJECTID":"855","PROVINCIA":"HUALGAYOC","DISTRITO":"HUALGAYOC","CUENCA":"LLAUCANO","ZONA":"17","EXUNIDAD":"LOS NEGROS (LLAUCANO)","TIPO":"LABOR MINERA","SUBTIPO":"BOCAMINA","REGION":"CAJAMARCA","ESTE":"765918","NORTE":"9253337","CODIGODM":"03000445X01; 010460295","NOMBREDM":"SOCAVON MIRAFLORES; ZAIN","TITULARDM":"S.M.R.L. LOS NEGROS Y SANTO CRISTO DE CAJAMARCA; ZARATE MIRANDA;\nALEJANDRO FRANCISCO","RESPONSABLE":"ACTIVOS\nMINEROS S.A.C.","GENERADOR":"NO IDENTIFICADO","ESTUDIOAMB":"PCPAM DE LA EUM LOS\nNEGROS","N":"2284"},"geometry":{"type":"Point","coordinates":[-78.59439,-6.74904]}},{"type":"Feature","properties":{"Name":"LABOR MINERA","description":"","OBJECTID":"856","PROVINCIA":"HUALGAYOC","DISTRITO":"HUALGAYOC","CUENCA":"LLAUCANO","ZONA":"17","EXUNIDAD":"LOS NEGROS (LLAUCANO)","TIPO":"LABOR MINERA","SUBTIPO":"BOCAMINA","REGION":"CAJAMARCA","ESTE":"765274","NORTE":"9253594","CODIGODM":"03001213X01; 010460295","NOMBREDM":"SANTA MARTA; ZAIN","TITULARDM":"S.M.R.L. SANTA MARTA DE CAJAMARCA; ZARATE MIRANDA;  ALEJANDRO FRANCISCO","RESPONSABLE":"MINEM","GENERADOR":"IDENTIFICADO","ESTUDIOAMB":"PLAN DE CIERRE DE LA REMEDIACION DE 55 PASIVOS AMBIENTALES MINEROS LA\nTAHONA","N":"2285"},"geometry":{"type":"Point","coordinates":[-78.60022,-6.74675]}},{"type":"Feature","properties":{"Name":"LABOR MINERA","description":"","OBJECTID":"857","PROVINCIA":"HUALGAYOC","DISTRITO":"HUALGAYOC","CUENCA":"LLAUCANO","ZONA":"17","EXUNIDAD":"LOS NEGROS (LLAUCANO)","TIPO":"LABOR MINERA","SUBTIPO":"PIQUE","REGION":"CAJAMARCA","ESTE":"766137","NORTE":"9253056","CODIGODM":"03000303Y01; 010460295","NOMBREDM":"LOS BLANCOS; ZAIN","TITULARDM":"BANCO MINERO DEL PERU EN LIQUIDACION; S.M.R.L. LOS NEGROS Y SANTO CRISTO DE CAJAMARCA; ZARATE MIRANDA;  ALEJANDRO FRANCISCO","RESPONSABLE":"ACTIVOS MINEROS S.A.C.","GENERADOR":"NO IDENTIFICADO","ESTUDIOAMB":"PCPAM DE LA EUM LOS NEGROS","N":"2286"},"geometry":{"type":"Point","coordinates":[-78.5924,-6.75157]}},{"type":"Feature","properties":{"Name":"INFRAESTRUCTURA","description":"","OBJECTID":"858","PROVINCIA":"HUALGAYOC","DISTRITO":"HUALGAYOC","CUENCA":"LLAUCANO","ZONA":"17","EXUNIDAD":"LOS NEGROS (LLAUCANO)","TIPO":"INFRAESTRUCTURA","SUBTIPO":"NO DETERMINADO","REGION":"CAJAMARCA","ESTE":"766108","NORTE":"9253123","CODIGODM":"010460295","NOMBREDM":"ZAIN","TITULARDM":"ZARATE MIRANDA;  ALEJANDRO FRANCISCO","RESPONSABLE":"ACTIVOS\nMINEROS S.A.C.","GENERADOR":"NO IDENTIFICADO","ESTUDIOAMB":"PCPAM DE LA EUM LOS\nNEGROS","N":"2287"},"geometry":{"type":"Point","coordinates":[-78.59266,-6.75097]}},{"type":"Feature","properties":{"Name":"INFRAESTRUCTURA","description":"","OBJECTID":"859","PROVINCIA":"HUALGAYOC","DISTRITO":"HUALGAYOC","CUENCA":"LLAUCANO","ZONA":"17","EXUNIDAD":"LOS NEGROS (LLAUCANO)","TIPO":"INFRAESTRUCTURA","SUBTIPO":"CAMPAMENTOS, OFICINAS, TALLERES","REGION":"CAJAMARCA","ESTE":"765970","NORTE":"9253286","CODIGODM":"010460295","NOMBREDM":"ZAIN","TITULARDM":"ZARATE MIRANDA;  ALEJANDRO FRANCISCO","RESPONSABLE":"ACTIVOS\nMINEROS S.A.C.","GENERADOR":"NO IDENTIFICADO","ESTUDIOAMB":"PCPAM DE LA EUM LOS\nNEGROS","N":"2288"},"geometry":{"type":"Point","coordinates":[-78.59392,-6.7495]}},{"type":"Feature","properties":{"Name":"INFRAESTRUCTURA","description":"","OBJECTID":"860","PROVINCIA":"HUALGAYOC","DISTRITO":"HUALGAYOC","CUENCA":"LLAUCANO","ZONA":"17","EXUNIDAD":"LOS NEGROS (LLAUCANO)","TIPO":"INFRAESTRUCTURA","SUBTIPO":"NO DETERMINADO","REGION":"CAJAMARCA","ESTE":"766159","NORTE":"9253041","CODIGODM":"03000303Y01; 010460295","NOMBREDM":"LOS BLANCOS; ZAIN","TITULARDM":"BANCO MINERO DEL PERU EN LIQUIDACION; S.M.R.L. LOS NEGROS Y SANTO CRISTO DE CAJAMARCA; ZARATE MIRANDA;  ALEJANDRO FRANCISCO","RESPONSABLE":"ACTIVOS MINEROS S.A.C.","GENERADOR":"NO IDENTIFICADO","ESTUDIOAMB":"PCPAM DE LA EUM LOS NEGROS","N":"2289"},"geometry":{"type":"Point","coordinates":[-78.5922,-6.75171]}},{"type":"Feature","properties":{"Name":"INFRAESTRUCTURA","description":"","OBJECTID":"861","PROVINCIA":"HUALGAYOC","DISTRITO":"HUALGAYOC","CUENCA":"LLAUCANO","ZONA":"17","EXUNIDAD":"LOS NEGROS (LLAUCANO)","TIPO":"INFRAESTRUCTURA","SUBTIPO":"NO DETERMINADO","REGION":"CAJAMARCA","ESTE":"766036","NORTE":"9252934","CODIGODM":"010460295","NOMBREDM":"ZAIN","TITULARDM":"ZARATE MIRANDA;  ALEJANDRO FRANCISCO","RESPONSABLE":"ACTIVOS\nMINEROS S.A.C.","GENERADOR":"NO IDENTIFICADO","ESTUDIOAMB":"PCPAM DE LA EUM LOS\nNEGROS","N":"2290"},"geometry":{"type":"Point","coordinates":[-78.59331,-6.75268]}},{"type":"Feature","properties":{"Name":"RESIDUO MINERO","description":"","OBJECTID":"862","PROVINCIA":"HUALGAYOC","DISTRITO":"HUALGAYOC","CUENCA":"LLAUCANO","ZONA":"17","EXUNIDAD":"LOS NEGROS (LLAUCANO)","TIPO":"RESIDUO MINERO","SUBTIPO":"DESMONTE DE MINA","REGION":"CAJAMARCA","ESTE":"765251","NORTE":"9253635","CODIGODM":"03002112X01; 010460295","NOMBREDM":"TRES CRUCES; ZAIN","TITULARDM":"COMPA\u00d1IA MINERA COLQUIRRUMI S.A.; CONSOLIDADA DE HUALGAYOC S.A.; ZARATE MIRANDA;  ALEJANDRO FRANCISCO","RESPONSABLE":"MINEM","GENERADOR":"IDENTIFICADO","ESTUDIOAMB":"PLAN DE CIERRE DE LA REMEDIACION DE 55 PASIVOS AMBIENTALES MINEROS LA\nTAHONA","N":"2291"},"geometry":{"type":"Point","coordinates":[-78.60043,-6.74638]}},{"type":"Feature","properties":{"Name":"RESIDUO MINERO","description":"","OBJECTID":"863","PROVINCIA":"HUALGAYOC","DISTRITO":"HUALGAYOC","CUENCA":"LLAUCANO","ZONA":"17","EXUNIDAD":"LOS NEGROS (LLAUCANO)","TIPO":"RESIDUO MINERO","SUBTIPO":"DESMONTE DE MINA","REGION":"CAJAMARCA","ESTE":"765344","NORTE":"9253665","CODIGODM":"010009372U; 03002112X01","NOMBREDM":"SAN AGUSTIN N\u00ba1; TRES CRUCES","TITULARDM":"COMPA\u00d1IA MINERA COLQUIRRUMI S.A.; CONSOLIDADA DE HUALGAYOC S.A.","RESPONSABLE":"MINEM","GENERADOR":"IDENTIFICADO","ESTUDIOAMB":"PLAN DE CIERRE DE LA REMEDIACION DE 55 PASIVOS AMBIENTALES MINEROS LA\nTAHONA","N":"2292"},"geometry":{"type":"Point","coordinates":[-78.59959,-6.7461]}},{"type":"Feature","properties":{"Name":"LABOR MINERA","description":"","OBJECTID":"864","PROVINCIA":"HUALGAYOC","DISTRITO":"HUALGAYOC","CUENCA":"LLAUCANO","ZONA":"17","EXUNIDAD":"LOS NEGROS (LLAUCANO)","TIPO":"LABOR MINERA","SUBTIPO":"BOCAMINA","REGION":"CAJAMARCA","ESTE":"765917","NORTE":"9253188","CODIGODM":"03000445X01; 010460295","NOMBREDM":"SOCAVON MIRAFLORES; ZAIN","TITULARDM":"S.M.R.L. LOS NEGROS Y SANTO CRISTO DE CAJAMARCA; ZARATE MIRANDA; ALEJANDRO FRANCISCO","RESPONSABLE":"MINEM","GENERADOR":"NO IDENTIFICADO","ESTUDIOAMB":"PLAN DE CIERRE DE LA REMEDIACION DE 55 PASIVOS AMBIENTALES MINEROS LA\nTAHONA","N":"2293"},"geometry":{"type":"Point","coordinates":[-78.59439,-6.75039]}},{"type":"Feature","properties":{"Name":"RESIDUO MINERO","description":"","OBJECTID":"865","PROVINCIA":"HUALGAYOC","DISTRITO":"HUALGAYOC","CUENCA":"LLAUCANO","ZONA":"17","EXUNIDAD":"LOS NEGROS (LLAUCANO)","TIPO":"RESIDUO MINERO","SUBTIPO":"DESMONTE DE MINA","REGION":"CAJAMARCA","ESTE":"765812","NORTE":"9253081","CODIGODM":"03000300Y01; 010460295","NOMBREDM":"LOS NEGROS Y SANTO CRISTO; ZAIN","TITULARDM":"BANCO MINERO DEL PERU EN LIQUIDACION; S.M.R.L. LOS NEGROS Y SANTO CRISTO DE CAJAMARCA; ZARATE MIRANDA;  ALEJANDRO FRANCISCO","RESPONSABLE":"ACTIVOS MINEROS S.A.C.","GENERADOR":"NO IDENTIFICADO","ESTUDIOAMB":"PCPAM DE LA EUM LOS NEGROS","N":"2294"},"geometry":{"type":"Point","coordinates":[-78.59534,-6.75136]}},{"type":"Feature","properties":{"Name":"LABOR MINERA","description":"","OBJECTID":"866","PROVINCIA":"HUALGAYOC","DISTRITO":"HUALGAYOC","CUENCA":"LLAUCANO","ZONA":"17","EXUNIDAD":"LOS NEGROS (LLAUCANO)","TIPO":"LABOR MINERA","SUBTIPO":"BOCAMINA","REGION":"CAJAMARCA","ESTE":"765800","NORTE":"9253063","CODIGODM":"03000300Y01; 010460295","NOMBREDM":"LOS NEGROS Y SANTO CRISTO; ZAIN","TITULARDM":"BANCO MINERO DEL PERU EN LIQUIDACION; S.M.R.L. LOS NEGROS Y SANTO CRISTO DE CAJAMARCA; ZARATE MIRANDA;  ALEJANDRO FRANCISCO","RESPONSABLE":"ACTIVOS MINEROS S.A.C.","GENERADOR":"NO IDENTIFICADO","ESTUDIOAMB":"PCPAM DE LA EUM LOS NEGROS","N":"2295"},"geometry":{"type":"Point","coordinates":[-78.59544,-6.75153]}},{"type":"Feature","properties":{"Name":"RESIDUO MINERO","description":"","OBJECTID":"867","PROVINCIA":"HUALGAYOC","DISTRITO":"HUALGAYOC","CUENCA":"LLAUCANO","ZONA":"17","EXUNIDAD":"LOS NEGROS (LLAUCANO)","TIPO":"RESIDUO MINERO","SUBTIPO":"DESMONTE DE MINA","REGION":"CAJAMARCA","ESTE":"765272","NORTE":"9253689","CODIGODM":"060003316; 010009372U;\n03002112X01","NOMBREDM":"CAROLINA CHARCAP; SAN\nAGUSTIN N\u00ba1; TRES CRUCES","TITULARDM":"COMPA\u00d1IA MINERA COLQUIRRUMI S.A.; CONSOLIDADA DE HUALGAYOC S.A.;\nDALLA PORTA CORDOVA;  GINO MARCELO","RESPONSABLE":"ACTIVOS\nMINEROS S.A.C.","GENERADOR":"NO IDENTIFICADO","ESTUDIOAMB":"PCPAM DE LA EUM LOS\nNEGROS","N":"2296"},"geometry":{"type":"Point","coordinates":[-78.60025,-6.74589]}},{"type":"Feature","properties":{"Name":"LABOR MINERA","description":"","OBJECTID":"868","PROVINCIA":"HUALGAYOC","DISTRITO":"HUALGAYOC","CUENCA":"LLAUCANO","ZONA":"17","EXUNIDAD":"LOS NEGROS (LLAUCANO)","TIPO":"LABOR MINERA","SUBTIPO":"BOCAMINA","REGION":"CAJAMARCA","ESTE":"765342","NORTE":"9253789","CODIGODM":"060003316; 010009372U;\n03002112X01","NOMBREDM":"CAROLINA CHARCAP; SAN\nAGUSTIN N\u00ba1; TRES CRUCES","TITULARDM":"COMPA\u00d1IA MINERA COLQUIRRUMI S.A.; CONSOLIDADA DE HUALGAYOC S.A.;\nDALLA PORTA CORDOVA;  GINO MARCELO","RESPONSABLE":"ACTIVOS\nMINEROS S.A.C.","GENERADOR":"NO IDENTIFICADO","ESTUDIOAMB":"PCPAM DE LA EUM LOS\nNEGROS","N":"2297"},"geometry":{"type":"Point","coordinates":[-78.59962,-6.74498]}},{"type":"Feature","properties":{"Name":"RESIDUO MINERO","description":"","OBJECTID":"869","PROVINCIA":"HUALGAYOC","DISTRITO":"HUALGAYOC","CUENCA":"LLAUCANO","ZONA":"17","EXUNIDAD":"LOS NEGROS (LLAUCANO)","TIPO":"RESIDUO MINERO","SUBTIPO":"DESMONTE DE MINA","REGION":"CAJAMARCA","ESTE":"765378","NORTE":"9253785","CODIGODM":"060003316; 010009372U;\n03002112X01","NOMBREDM":"CAROLINA CHARCAP; SAN\nAGUSTIN N\u00ba1; TRES CRUCES","TITULARDM":"COMPA\u00d1IA MINERA COLQUIRRUMI S.A.; CONSOLIDADA DE HUALGAYOC S.A.;\nDALLA PORTA CORDOVA;  GINO MARCELO","RESPONSABLE":"ACTIVOS\nMINEROS S.A.C.","GENERADOR":"NO IDENTIFICADO","ESTUDIOAMB":"PCPAM DE LA EUM LOS\nNEGROS","N":"2298"},"geometry":{"type":"Point","coordinates":[-78.59929,-6.74502]}},{"type":"Feature","properties":{"Name":"LABOR MINERA","description":"","OBJECTID":"870","PROVINCIA":"HUALGAYOC","DISTRITO":"HUALGAYOC","CUENCA":"LLAUCANO","ZONA":"17","EXUNIDAD":"LOS NEGROS (LLAUCANO)","TIPO":"LABOR MINERA","SUBTIPO":"BOCAMINA","REGION":"CAJAMARCA","ESTE":"765999","NORTE":"9252983","CODIGODM":"03000300Y01; 010460295","NOMBREDM":"LOS NEGROS Y SANTO CRISTO; ZAIN","TITULARDM":"BANCO MINERO DEL PERU EN LIQUIDACION; S.M.R.L. LOS NEGROS Y SANTO CRISTO DE CAJAMARCA; ZARATE MIRANDA;  ALEJANDRO FRANCISCO","RESPONSABLE":"ACTIVOS MINEROS S.A.C.","GENERADOR":"NO IDENTIFICADO","ESTUDIOAMB":"PCPAM DE LA EUM LOS NEGROS","N":"2299"},"geometry":{"type":"Point","coordinates":[-78.59364,-6.75224]}},{"type":"Feature","properties":{"Name":"RESIDUO MINERO","description":"","OBJECTID":"871","PROVINCIA":"HUALGAYOC","DISTRITO":"HUALGAYOC","CUENCA":"LLAUCANO","ZONA":"17","EXUNIDAD":"LOS NEGROS (LLAUCANO)","TIPO":"RESIDUO MINERO","SUBTIPO":"DESMONTE DE MINA","REGION":"CAJAMARCA","ESTE":"765310","NORTE":"9253545","CODIGODM":"060003316; 010009372U;\n03002112X01; 010460295","NOMBREDM":"CAROLINA CHARCAP; SAN AGUSTIN N\u00ba1; TRES CRUCES; ZAIN","TITULARDM":"COMPA\u00d1IA MINERA COLQUIRRUMI S.A.; CONSOLIDADA DE HUALGAYOC S.A.; DALLA PORTA CORDOVA;  GINO MARCELO; ZARATE MIRANDA;  ALEJANDRO\nFRANCISCO","RESPONSABLE":"ACTIVOS MINEROS S.A.C.","GENERADOR":"NO IDENTIFICADO","ESTUDIOAMB":"PCPAM DE LA EUM LOS NEGROS","N":"2300"},"geometry":{"type":"Point","coordinates":[-78.5999,-6.74719]}},{"type":"Feature","properties":{"Name":"LABOR MINERA","description":"","OBJECTID":"872","PROVINCIA":"HUALGAYOC","DISTRITO":"HUALGAYOC","CUENCA":"LLAUCANO","ZONA":"17","EXUNIDAD":"LOS NEGROS (LLAUCANO)","TIPO":"LABOR MINERA","SUBTIPO":"CHIMENEA","REGION":"CAJAMARCA","ESTE":"765391","NORTE":"9253248","CODIGODM":"060003316; 03000300Y01;\n010460295","NOMBREDM":"CAROLINA CHARCAP; LOS NEGROS Y SANTO CRISTO; ZAIN","TITULARDM":"BANCO MINERO DEL PERU EN LIQUIDACION; DALLA PORTA CORDOVA;  GINO MARCELO; S.M.R.L. LOS NEGROS Y SANTO CRISTO DE CAJAMARCA; ZARATE\nMIRANDA;  ALEJANDRO FRANCISCO","RESPONSABLE":"ACTIVOS MINEROS S.A.C.","GENERADOR":"NO IDENTIFICADO","ESTUDIOAMB":"PCPAM DE LA EUM LOS NEGROS","N":"2301"},"geometry":{"type":"Point","coordinates":[-78.59915,-6.74987]}},{"type":"Feature","properties":{"Name":"LABOR MINERA","description":"","OBJECTID":"873","PROVINCIA":"HUALGAYOC","DISTRITO":"HUALGAYOC","CUENCA":"LLAUCANO","ZONA":"17","EXUNIDAD":"LOS NEGROS (LLAUCANO)","TIPO":"LABOR MINERA","SUBTIPO":"BOCAMINA","REGION":"CAJAMARCA","ESTE":"765502","NORTE":"9253188","CODIGODM":"060003316; 03000300Y01;\n010460295","NOMBREDM":"CAROLINA CHARCAP; LOS NEGROS Y SANTO CRISTO; ZAIN","TITULARDM":"BANCO MINERO DEL PERU EN LIQUIDACION; DALLA PORTA CORDOVA;  GINO MARCELO; S.M.R.L. LOS NEGROS Y SANTO CRISTO DE CAJAMARCA; ZARATE\nMIRANDA;  ALEJANDRO FRANCISCO","RESPONSABLE":"ACTIVOS MINEROS S.A.C.","GENERADOR":"NO IDENTIFICADO","ESTUDIOAMB":"PCPAM DE LA EUM LOS NEGROS","N":"2302"},"geometry":{"type":"Point","coordinates":[-78.59814,-6.75041]}},{"type":"Feature","properties":{"Name":"LABOR MINERA","description":"","OBJECTID":"874","PROVINCIA":"HUALGAYOC","DISTRITO":"HUALGAYOC","CUENCA":"LLAUCANO","ZONA":"17","EXUNIDAD":"LOS NEGROS (LLAUCANO)","TIPO":"LABOR MINERA","SUBTIPO":"BOCAMINA","REGION":"CAJAMARCA","ESTE":"765316","NORTE":"9253115","CODIGODM":"060003316; 03000300Y01;\n010460295","NOMBREDM":"CAROLINA CHARCAP; LOS NEGROS Y SANTO CRISTO; ZAIN","TITULARDM":"BANCO MINERO DEL PERU EN LIQUIDACION; DALLA PORTA CORDOVA;  GINO MARCELO; S.M.R.L. LOS NEGROS Y SANTO CRISTO DE CAJAMARCA; ZARATE\nMIRANDA;  ALEJANDRO FRANCISCO","RESPONSABLE":"ACTIVOS MINEROS S.A.C.","GENERADOR":"NO IDENTIFICADO","ESTUDIOAMB":"PCPAM DE LA EUM LOS NEGROS","N":"2303"},"geometry":{"type":"Point","coordinates":[-78.59982,-6.75108]}},{"type":"Feature","properties":{"Name":"RESIDUO MINERO","description":"","OBJECTID":"875","PROVINCIA":"HUALGAYOC","DISTRITO":"HUALGAYOC","CUENCA":"LLAUCANO","ZONA":"17","EXUNIDAD":"LOS NEGROS (LLAUCANO)","TIPO":"RESIDUO MINERO","SUBTIPO":"DESMONTE DE MINA","REGION":"CAJAMARCA","ESTE":"765329","NORTE":"9253118","CODIGODM":"060003316; 03000300Y01;\n010460295","NOMBREDM":"CAROLINA CHARCAP; LOS NEGROS Y SANTO CRISTO; ZAIN","TITULARDM":"BANCO MINERO DEL PERU EN LIQUIDACION; DALLA PORTA CORDOVA;  GINO MARCELO; S.M.R.L. LOS NEGROS Y SANTO CRISTO DE CAJAMARCA; ZARATE\nMIRANDA;  ALEJANDRO FRANCISCO","RESPONSABLE":"ACTIVOS MINEROS S.A.C.","GENERADOR":"NO IDENTIFICADO","ESTUDIOAMB":"PCPAM DE LA EUM LOS NEGROS","N":"2304"},"geometry":{"type":"Point","coordinates":[-78.59971,-6.75105]}},{"type":"Feature","properties":{"Name":"LABOR MINERA","description":"","OBJECTID":"876","PROVINCIA":"HUALGAYOC","DISTRITO":"HUALGAYOC","CUENCA":"LLAUCANO","ZONA":"17","EXUNIDAD":"LOS NEGROS (LLAUCANO)","TIPO":"LABOR MINERA","SUBTIPO":"BOCAMINA","REGION":"CAJAMARCA","ESTE":"765527","NORTE":"9253195","CODIGODM":"060003316; 03000300Y01;\n010460295","NOMBREDM":"CAROLINA CHARCAP; LOS NEGROS Y SANTO CRISTO; ZAIN","TITULARDM":"BANCO MINERO DEL PERU EN LIQUIDACION; DALLA PORTA CORDOVA;  GINO MARCELO; S.M.R.L. LOS NEGROS Y SANTO CRISTO DE CAJAMARCA; ZARATE\nMIRANDA;  ALEJANDRO FRANCISCO","RESPONSABLE":"ACTIVOS MINEROS S.A.C.","GENERADOR":"NO IDENTIFICADO","ESTUDIOAMB":"PCPAM DE LA EUM LOS NEGROS","N":"2305"},"geometry":{"type":"Point","coordinates":[-78.59792,-6.75034]}},{"type":"Feature","properties":{"Name":"RESIDUO MINERO","description":"","OBJECTID":"877","PROVINCIA":"HUALGAYOC","DISTRITO":"HUALGAYOC","CUENCA":"LLAUCANO","ZONA":"17","EXUNIDAD":"LOS NEGROS (LLAUCANO)","TIPO":"RESIDUO MINERO","SUBTIPO":"DESMONTE DE MINA","REGION":"CAJAMARCA","ESTE":"765746","NORTE":"9253166","CODIGODM":"03000300Y01; 010460295","NOMBREDM":"LOS NEGROS Y SANTO CRISTO; ZAIN","TITULARDM":"BANCO MINERO DEL PERU EN LIQUIDACION; S.M.R.L. LOS NEGROS Y SANTO CRISTO DE CAJAMARCA; ZARATE MIRANDA;  ALEJANDRO FRANCISCO","RESPONSABLE":"ACTIVOS MINEROS S.A.C.","GENERADOR":"NO IDENTIFICADO","ESTUDIOAMB":"PCPAM DE LA EUM LOS NEGROS","N":"2306"},"geometry":{"type":"Point","coordinates":[-78.59594,-6.7506]}},{"type":"Feature","properties":{"Name":"LABOR MINERA","description":"","OBJECTID":"878","PROVINCIA":"HUALGAYOC","DISTRITO":"HUALGAYOC","CUENCA":"LLAUCANO","ZONA":"17","EXUNIDAD":"LOS NEGROS (LLAUCANO)","TIPO":"LABOR MINERA","SUBTIPO":"CHIMENEA","REGION":"CAJAMARCA","ESTE":"765904","NORTE":"9253058","CODIGODM":"03000300Y01; 010460295","NOMBREDM":"LOS NEGROS Y SANTO CRISTO; ZAIN","TITULARDM":"BANCO MINERO DEL PERU EN LIQUIDACION; S.M.R.L. LOS NEGROS Y SANTO CRISTO DE CAJAMARCA; ZARATE MIRANDA;  ALEJANDRO FRANCISCO","RESPONSABLE":"ACTIVOS MINEROS S.A.C.","GENERADOR":"NO IDENTIFICADO","ESTUDIOAMB":"PCPAM DE LA EUM LOS NEGROS","N":"2307"},"geometry":{"type":"Point","coordinates":[-78.5945,-6.75157]}},{"type":"Feature","properties":{"Name":"LABOR MINERA","description":"","OBJECTID":"879","PROVINCIA":"HUALGAYOC","DISTRITO":"HUALGAYOC","CUENCA":"LLAUCANO","ZONA":"17","EXUNIDAD":"LOS NEGROS (LLAUCANO)","TIPO":"LABOR MINERA","SUBTIPO":"CHIMENEA","REGION":"CAJAMARCA","ESTE":"765920","NORTE":"9253055","CODIGODM":"03000300Y01; 010460295","NOMBREDM":"LOS NEGROS Y SANTO CRISTO; ZAIN","TITULARDM":"BANCO MINERO DEL PERU EN LIQUIDACION; S.M.R.L. LOS NEGROS Y SANTO CRISTO DE CAJAMARCA; ZARATE MIRANDA;  ALEJANDRO FRANCISCO","RESPONSABLE":"ACTIVOS MINEROS S.A.C.","GENERADOR":"NO IDENTIFICADO","ESTUDIOAMB":"PCPAM DE LA EUM LOS NEGROS","N":"2308"},"geometry":{"type":"Point","coordinates":[-78.59436,-6.75159]}},{"type":"Feature","properties":{"Name":"LABOR MINERA","description":"","OBJECTID":"880","PROVINCIA":"HUALGAYOC","DISTRITO":"HUALGAYOC","CUENCA":"LLAUCANO","ZONA":"17","EXUNIDAD":"LOS NEGROS (LLAUCANO)","TIPO":"LABOR MINERA","SUBTIPO":"BOCAMINA","REGION":"CAJAMARCA","ESTE":"765937","NORTE":"9252993","CODIGODM":"03000300Y01; 010460295","NOMBREDM":"LOS NEGROS Y SANTO CRISTO; ZAIN","TITULARDM":"BANCO MINERO DEL PERU EN LIQUIDACION; S.M.R.L. LOS NEGROS Y SANTO CRISTO DE CAJAMARCA; ZARATE MIRANDA;  ALEJANDRO FRANCISCO","RESPONSABLE":"ACTIVOS MINEROS S.A.C.","GENERADOR":"NO IDENTIFICADO","ESTUDIOAMB":"PCPAM DE LA EUM LOS NEGROS","N":"2309"},"geometry":{"type":"Point","coordinates":[-78.5942,-6.75215]}},{"type":"Feature","properties":{"Name":"RESIDUO MINERO","description":"","OBJECTID":"881","PROVINCIA":"HUALGAYOC","DISTRITO":"HUALGAYOC","CUENCA":"LLAUCANO","ZONA":"17","EXUNIDAD":"MANSITA (LLAUCANO)","TIPO":"RESIDUO MINERO","SUBTIPO":"DESMONTE DE MINA","REGION":"CAJAMARCA","ESTE":"765171","NORTE":"9252693","CODIGODM":"03000354Y01; 010009372U;\n010460295","NOMBREDM":"MANCITA; SAN AGUSTIN N\u00ba1; ZAIN","TITULARDM":"BANCO MINERO DEL PERU EN LIQUIDACION; COMPA\u00d1IA MINERA COLQUIRRUMI S.A.; CONSOLIDADA DE HUALGAYOC S.A.; ZARATE MIRANDA;  ALEJANDRO\nFRANCISCO","RESPONSABLE":"---","GENERADOR":"NO IDENTIFICADO","ESTUDIOAMB":"---","N":"2310"},"geometry":{"type":"Point","coordinates":[-78.60112,-6.7549]}},{"type":"Feature","properties":{"Name":"LABOR MINERA","description":"","OBJECTID":"882","PROVINCIA":"HUALGAYOC","DISTRITO":"HUALGAYOC","CUENCA":"LLAUCANO","ZONA":"17","EXUNIDAD":"MANSITA (LLAUCANO)","TIPO":"LABOR MINERA","SUBTIPO":"TAJO","REGION":"CAJAMARCA","ESTE":"765168","NORTE":"9252691","CODIGODM":"03000354Y01; 010009372U;\n010460295","NOMBREDM":"MANCITA; SAN AGUSTIN N\u00ba1; ZAIN","TITULARDM":"BANCO MINERO DEL PERU EN LIQUIDACION; COMPA\u00d1IA MINERA COLQUIRRUMI S.A.; CONSOLIDADA DE HUALGAYOC S.A.; ZARATE MIRANDA;  ALEJANDRO FRANCISCO","RESPONSABLE":"COMPA\u00d1IA MINERA COLQUIRRUMI\nS.A.","GENERADOR":"NO IDENTIFICADO","ESTUDIOAMB":"PCPAM DE LA UNIDAD MINERA COLQUIRRUMI -\"HUALGAYOC\"","N":"2311"},"geometry":{"type":"Point","coordinates":[-78.60114,-6.75492]}},{"type":"Feature","properties":{"Name":"LABOR MINERA","description":"","OBJECTID":"883","PROVINCIA":"HUALGAYOC","DISTRITO":"HUALGAYOC","CUENCA":"LLAUCANO","ZONA":"17","EXUNIDAD":"MANSITA (LLAUCANO)","TIPO":"LABOR MINERA","SUBTIPO":"BOCAMINA","REGION":"CAJAMARCA","ESTE":"765047","NORTE":"9252895","CODIGODM":"03000354Y01; 010009372U;\n010460295","NOMBREDM":"MANCITA; SAN AGUSTIN N\u00ba1; ZAIN","TITULARDM":"BANCO MINERO DEL PERU EN LIQUIDACION; COMPA\u00d1IA MINERA COLQUIRRUMI S.A.; CONSOLIDADA DE HUALGAYOC S.A.; ZARATE MIRANDA;  ALEJANDRO FRANCISCO","RESPONSABLE":"COMPA\u00d1IA MINERA COLQUIRRUMI\nS.A.","GENERADOR":"NO IDENTIFICADO","ESTUDIOAMB":"PCPAM DE LA UNIDAD MINERA COLQUIRRUMI -\"HUALGAYOC\"","N":"2312"},"geometry":{"type":"Point","coordinates":[-78.60225,-6.75308]}},{"type":"Feature","properties":{"Name":"INFRAESTRUCTURA","description":"","OBJECTID":"814","PROVINCIA":"HUALGAYOC","DISTRITO":"HUALGAYOC","CUENCA":"LLAUCANO","ZONA":"17","EXUNIDAD":"LOS NEGROS (LLAUCANO)","TIPO":"INFRAESTRUCTURA","SUBTIPO":"CAMPAMENTOS, OFICINAS, TALLERES","REGION":"CAJAMARCA","ESTE":"766079","NORTE":"9253239","CODIGODM":"03003181X01; 010460295","NOMBREDM":"VENTANAL; ZAIN","TITULARDM":"COMPA\u00d1IA MINERA COLQUIRRUMI S.A.; ZARATE MIRANDA;  ALEJANDRO\nFRANCISCO","RESPONSABLE":"ACTIVOS\nMINEROS S.A.C.","GENERADOR":"NO IDENTIFICADO","ESTUDIOAMB":"PCPAM DE LA EUM LOS\nNEGROS","N":"2243"},"geometry":{"type":"Point","coordinates":[-78.59293,-6.74992]}},{"type":"Feature","properties":{"Name":"INFRAESTRUCTURA","description":"","OBJECTID":"815","PROVINCIA":"HUALGAYOC","DISTRITO":"HUALGAYOC","CUENCA":"LLAUCANO","ZONA":"17","EXUNIDAD":"LOS NEGROS (LLAUCANO)","TIPO":"INFRAESTRUCTURA","SUBTIPO":"NO DETERMINADO","REGION":"CAJAMARCA","ESTE":"766068","NORTE":"9253255","CODIGODM":"03003181X01; 010460295","NOMBREDM":"VENTANAL; ZAIN","TITULARDM":"COMPA\u00d1IA MINERA COLQUIRRUMI S.A.; ZARATE MIRANDA;  ALEJANDRO\nFRANCISCO","RESPONSABLE":"ACTIVOS\nMINEROS S.A.C.","GENERADOR":"NO IDENTIFICADO","ESTUDIOAMB":"PCPAM DE LA EUM LOS\nNEGROS","N":"2244"},"geometry":{"type":"Point","coordinates":[-78.59303,-6.74978]}},{"type":"Feature","properties":{"Name":"INFRAESTRUCTURA","description":"","OBJECTID":"816","PROVINCIA":"HUALGAYOC","DISTRITO":"HUALGAYOC","CUENCA":"LLAUCANO","ZONA":"17","EXUNIDAD":"LOS NEGROS (LLAUCANO)","TIPO":"INFRAESTRUCTURA","SUBTIPO":"NO DETERMINADO","REGION":"CAJAMARCA","ESTE":"766047","NORTE":"9253220","CODIGODM":"010460295","NOMBREDM":"ZAIN","TITULARDM":"ZARATE MIRANDA;  ALEJANDRO FRANCISCO","RESPONSABLE":"ACTIVOS\nMINEROS S.A.C.","GENERADOR":"NO IDENTIFICADO","ESTUDIOAMB":"PCPAM DE LA EUM LOS\nNEGROS","N":"2245"},"geometry":{"type":"Point","coordinates":[-78.59322,-6.7501]}},{"type":"Feature","properties":{"Name":"RESIDUO MINERO","description":"","OBJECTID":"817","PROVINCIA":"HUALGAYOC","DISTRITO":"HUALGAYOC","CUENCA":"LLAUCANO","ZONA":"17","EXUNIDAD":"LOS NEGROS (LLAUCANO)","TIPO":"RESIDUO MINERO","SUBTIPO":"DESMONTE DE MINA","REGION":"CAJAMARCA","ESTE":"765417","NORTE":"9253530","CODIGODM":"010009372U; 03002112X01;\n010460295","NOMBREDM":"SAN AGUSTIN N\u00ba1; TRES CRUCES; ZAIN","TITULARDM":"COMPA\u00d1IA MINERA COLQUIRRUMI S.A.; CONSOLIDADA DE HUALGAYOC S.A.; ZARATE MIRANDA;  ALEJANDRO FRANCISCO","RESPONSABLE":"MINEM","GENERADOR":"IDENTIFICADO","ESTUDIOAMB":"PLAN DE CIERRE DE LA REMEDIACION DE 55 PASIVOS AMBIENTALES MINEROS LA\nTAHONA","N":"2246"},"geometry":{"type":"Point","coordinates":[-78.59893,-6.74732]}},{"type":"Feature","properties":{"Name":"LABOR MINERA","description":"","OBJECTID":"818","PROVINCIA":"HUALGAYOC","DISTRITO":"HUALGAYOC","CUENCA":"LLAUCANO","ZONA":"17","EXUNIDAD":"LOS NEGROS (LLAUCANO)","TIPO":"LABOR MINERA","SUBTIPO":"BOCAMINA","REGION":"CAJAMARCA","ESTE":"766071","NORTE":"9253213","CODIGODM":"010460295","NOMBREDM":"ZAIN","TITULARDM":"ZARATE MIRANDA;  ALEJANDRO FRANCISCO","RESPONSABLE":"ACTIVOS\nMINEROS S.A.C.","GENERADOR":"NO IDENTIFICADO","ESTUDIOAMB":"PCPAM DE LA EUM LOS\nNEGROS","N":"2247"},"geometry":{"type":"Point","coordinates":[-78.593,-6.75016]}},{"type":"Feature","properties":{"Name":"LABOR MINERA","description":"","OBJECTID":"819","PROVINCIA":"HUALGAYOC","DISTRITO":"HUALGAYOC","CUENCA":"LLAUCANO","ZONA":"17","EXUNIDAD":"LOS NEGROS (LLAUCANO)","TIPO":"LABOR MINERA","SUBTIPO":"BOCAMINA","REGION":"CAJAMARCA","ESTE":"765306","NORTE":"9253605","CODIGODM":"010009372U; 03002112X01;\n010460295","NOMBREDM":"SAN AGUSTIN N\u00ba1; TRES CRUCES; ZAIN","TITULARDM":"COMPA\u00d1IA MINERA COLQUIRRUMI S.A.; CONSOLIDADA DE HUALGAYOC S.A.; ZARATE MIRANDA;  ALEJANDRO FRANCISCO","RESPONSABLE":"MINEM","GENERADOR":"IDENTIFICADO","ESTUDIOAMB":"PLAN DE CIERRE DE LA REMEDIACION DE 55 PASIVOS AMBIENTALES MINEROS LA\nTAHONA","N":"2248"},"geometry":{"type":"Point","coordinates":[-78.59994,-6.74665]}},{"type":"Feature","properties":{"Name":"LABOR MINERA","description":"","OBJECTID":"820","PROVINCIA":"HUALGAYOC","DISTRITO":"HUALGAYOC","CUENCA":"LLAUCANO","ZONA":"17","EXUNIDAD":"LOS NEGROS (LLAUCANO)","TIPO":"LABOR MINERA","SUBTIPO":"BOCAMINA","REGION":"CAJAMARCA","ESTE":"765631","NORTE":"9253194","CODIGODM":"03000300Y01; 010460295","NOMBREDM":"LOS NEGROS Y SANTO CRISTO; ZAIN","TITULARDM":"BANCO MINERO DEL PERU EN LIQUIDACION; S.M.R.L. LOS NEGROS Y SANTO CRISTO DE CAJAMARCA; ZARATE MIRANDA;  ALEJANDRO FRANCISCO","RESPONSABLE":"ACTIVOS MINEROS S.A.C.","GENERADOR":"NO IDENTIFICADO","ESTUDIOAMB":"PCPAM DE LA EUM LOS NEGROS","N":"2249"},"geometry":{"type":"Point","coordinates":[-78.59698,-6.75035]}},{"type":"Feature","properties":{"Name":"LABOR MINERA","description":"","OBJECTID":"821","PROVINCIA":"HUALGAYOC","DISTRITO":"HUALGAYOC","CUENCA":"LLAUCANO","ZONA":"17","EXUNIDAD":"LOS NEGROS (LLAUCANO)","TIPO":"LABOR MINERA","SUBTIPO":"BOCAMINA","REGION":"CAJAMARCA","ESTE":"765628","NORTE":"9253206","CODIGODM":"03000300Y01; 010460295","NOMBREDM":"LOS NEGROS Y SANTO CRISTO; ZAIN","TITULARDM":"BANCO MINERO DEL PERU EN LIQUIDACION; S.M.R.L. LOS NEGROS Y SANTO CRISTO DE CAJAMARCA; ZARATE MIRANDA;  ALEJANDRO FRANCISCO","RESPONSABLE":"ACTIVOS MINEROS S.A.C.","GENERADOR":"NO IDENTIFICADO","ESTUDIOAMB":"PCPAM DE LA EUM LOS NEGROS","N":"2250"},"geometry":{"type":"Point","coordinates":[-78.59701,-6.75024]}},{"type":"Feature","properties":{"Name":"LABOR MINERA","description":"","OBJECTID":"822","PROVINCIA":"HUALGAYOC","DISTRITO":"HUALGAYOC","CUENCA":"LLAUCANO","ZONA":"17","EXUNIDAD":"LOS NEGROS (LLAUCANO)","TIPO":"LABOR MINERA","SUBTIPO":"BOCAMINA","REGION":"CAJAMARCA","ESTE":"765434","NORTE":"9253325","CODIGODM":"03000305Y01; 010460295","NOMBREDM":"SOCAVON SAN CARLOS; ZAIN","TITULARDM":"BANCO MINERO DEL PERU EN LIQUIDACION; S.M.R.L. LOS NEGROS Y SANTO CRISTO DE CAJAMARCA; ZARATE MIRANDA;  ALEJANDRO FRANCISCO","RESPONSABLE":"MINEM","GENERADOR":"NO IDENTIFICADO","ESTUDIOAMB":"PLAN DE CIERRE DE LA REMEDIACION DE 55 PASIVOS AMBIENTALES MINEROS LA\nTAHONA","N":"2251"},"geometry":{"type":"Point","coordinates":[-78.59877,-6.74917]}},{"type":"Feature","properties":{"Name":"RESIDUO MINERO","description":"","OBJECTID":"823","PROVINCIA":"HUALGAYOC","DISTRITO":"HUALGAYOC","CUENCA":"LLAUCANO","ZONA":"17","EXUNIDAD":"LOS NEGROS (LLAUCANO)","TIPO":"RESIDUO MINERO","SUBTIPO":"DESMONTE DE MINA","REGION":"CAJAMARCA","ESTE":"766053","NORTE":"9253259","CODIGODM":"010460295","NOMBREDM":"ZAIN","TITULARDM":"ZARATE MIRANDA;  ALEJANDRO FRANCISCO","RESPONSABLE":"ACTIVOS\nMINEROS S.A.C.","GENERADOR":"NO IDENTIFICADO","ESTUDIOAMB":"PCPAM DE LA EUM LOS\nNEGROS","N":"2252"},"geometry":{"type":"Point","coordinates":[-78.59317,-6.74974]}},{"type":"Feature","properties":{"Name":"RESIDUO MINERO","description":"","OBJECTID":"824","PROVINCIA":"HUALGAYOC","DISTRITO":"HUALGAYOC","CUENCA":"LLAUCANO","ZONA":"17","EXUNIDAD":"LOS NEGROS (LLAUCANO)","TIPO":"RESIDUO MINERO","SUBTIPO":"DESMONTE DE MINA","REGION":"CAJAMARCA","ESTE":"765983","NORTE":"9253134","CODIGODM":"03000300Y01; 010460295","NOMBREDM":"LOS NEGROS Y SANTO CRISTO; ZAIN","TITULARDM":"BANCO MINERO DEL PERU EN LIQUIDACION; S.M.R.L. LOS NEGROS Y SANTO CRISTO DE CAJAMARCA; ZARATE MIRANDA;  ALEJANDRO FRANCISCO","RESPONSABLE":"ACTIVOS MINEROS S.A.C.","GENERADOR":"NO IDENTIFICADO","ESTUDIOAMB":"PCPAM DE LA EUM LOS NEGROS","N":"2253"},"geometry":{"type":"Point","coordinates":[-78.59379,-6.75088]}},{"type":"Feature","properties":{"Name":"LABOR MINERA","description":"","OBJECTID":"944","PROVINCIA":"SAN PABLO","DISTRITO":"SAN BERNARDINO","CUENCA":"JEQUETEPEQUE","ZONA":"17","EXUNIDAD":"PAREDONES","TIPO":"LABOR MINERA","SUBTIPO":"BOCAMINA","REGION":"CAJAMARCA","ESTE":"740819","NORTE":"9204490","CODIGODM":"010273204; 03002115X01;\n060002396","NOMBREDM":"LUMINOSA NUMERO 2A; OCCIDENTAL 1; SAN BERNARDINO\nTRES","TITULARDM":"GAONA TAFUR;  SEGUNDO LORENZO; S.M.R.L. INCOGNITA 2005; S.M.R.L. OCCIDENTAL 2 DE CAJAMARCA; TERAN VIGO;  HILDEBRANDO","RESPONSABLE":"MINEM","GENERADOR":"NO IDENTIFICADO","ESTUDIOAMB":"---","N":"2373"},"geometry":{"type":"Point","coordinates":[-78.81929,-7.19166]}},{"type":"Feature","properties":{"Name":"LABOR MINERA","description":"","OBJECTID":"945","PROVINCIA":"SAN PABLO","DISTRITO":"SAN BERNARDINO","CUENCA":"JEQUETEPEQUE","ZONA":"17","EXUNIDAD":"PAREDONES","TIPO":"LABOR MINERA","SUBTIPO":"BOCAMINA","REGION":"CAJAMARCA","ESTE":"741267","NORTE":"9204324","CODIGODM":"010273204; 060002396","NOMBREDM":"LUMINOSA NUMERO 2A; SAN\nBERNARDINO TRES","TITULARDM":"GAONA TAFUR;  SEGUNDO LORENZO; S.M.R.L. INCOGNITA 2005; TERAN VIGO;\nHILDEBRANDO","RESPONSABLE":"MINEM","GENERADOR":"NO IDENTIFICADO","ESTUDIOAMB":"---","N":"2374"},"geometry":{"type":"Point","coordinates":[-78.81523,-7.19314]}},{"type":"Feature","properties":{"Name":"RESIDUO MINERO","description":"","OBJECTID":"946","PROVINCIA":"SAN PABLO","DISTRITO":"SAN BERNARDINO","CUENCA":"JEQUETEPEQUE","ZONA":"17","EXUNIDAD":"PAREDONES","TIPO":"RESIDUO MINERO","SUBTIPO":"DESMONTE DE MINA","REGION":"CAJAMARCA","ESTE":"741267","NORTE":"9204331","CODIGODM":"010273204; 060002396","NOMBREDM":"LUMINOSA NUMERO 2A; SAN\nBERNARDINO TRES","TITULARDM":"GAONA TAFUR;  SEGUNDO LORENZO; S.M.R.L. INCOGNITA 2005; TERAN VIGO;\nHILDEBRANDO","RESPONSABLE":"MINEM","GENERADOR":"NO IDENTIFICADO","ESTUDIOAMB":"---","N":"2375"},"geometry":{"type":"Point","coordinates":[-78.81523,-7.19308]}},{"type":"Feature","properties":{"Name":"RESIDUO MINERO","description":"","OBJECTID":"947","PROVINCIA":"SAN PABLO","DISTRITO":"SAN BERNARDINO","CUENCA":"JEQUETEPEQUE","ZONA":"17","EXUNIDAD":"PAREDONES","TIPO":"RESIDUO MINERO","SUBTIPO":"DESMONTE DE MINA","REGION":"CAJAMARCA","ESTE":"740934","NORTE":"9204084","CODIGODM":"010071904; 010163405;\n010273204; 03002138X01;\n060002396","NOMBREDM":"ANA BEBE V; LUMINOSA NUMERO 2A; LUMINOSA 2005 A; OCCIDENTAL-3; SAN BERNARDINO\nTRES","TITULARDM":"CASTRO CASTRO;  FLAVIO; CISNEROS GONZALES;  JOSE CARLOS JESUS; GAONA TAFUR;  SEGUNDO LORENZO; S.M.R.L. INCOGNITA 2005; S.M.R.L. OCCIDENTAL 2 DE CAJAMARCA; TEJEDA MOSCOSO;  JORGE HECTOR FRANCISCO; TERAN VIGO;\nHILDEBRANDO","RESPONSABLE":"MINEM","GENERADOR":"NO IDENTIFICADO","ESTUDIOAMB":"---","N":"2376"},"geometry":{"type":"Point","coordinates":[-78.81823,-7.19532]}},{"type":"Feature","properties":{"Name":"LABOR MINERA","description":"","OBJECTID":"948","PROVINCIA":"SAN PABLO","DISTRITO":"SAN BERNARDINO","CUENCA":"JEQUETEPEQUE","ZONA":"17","EXUNIDAD":"PAREDONES","TIPO":"LABOR MINERA","SUBTIPO":"BOCAMINA","REGION":"CAJAMARCA","ESTE":"740940","NORTE":"9204100","CODIGODM":"010071904; 010163405;\n010273204; 03002138X01;\n060002396","NOMBREDM":"ANA BEBE V; LUMINOSA NUMERO 2A; LUMINOSA 2005 A; OCCIDENTAL-3; SAN BERNARDINO\nTRES","TITULARDM":"CASTRO CASTRO;  FLAVIO; CISNEROS GONZALES;  JOSE CARLOS JESUS; GAONA TAFUR;  SEGUNDO LORENZO; S.M.R.L. INCOGNITA 2005; S.M.R.L. OCCIDENTAL 2 DE CAJAMARCA; TEJEDA MOSCOSO;  JORGE HECTOR FRANCISCO; TERAN VIGO;\nHILDEBRANDO","RESPONSABLE":"MINEM","GENERADOR":"NO IDENTIFICADO","ESTUDIOAMB":"---","N":"2377"},"geometry":{"type":"Point","coordinates":[-78.81818,-7.19518]}},{"type":"Feature","properties":{"Name":"RESIDUO MINERO","description":"","OBJECTID":"949","PROVINCIA":"SAN PABLO","DISTRITO":"SAN BERNARDINO","CUENCA":"JEQUETEPEQUE","ZONA":"17","EXUNIDAD":"PAREDONES","TIPO":"RESIDUO MINERO","SUBTIPO":"DESMONTE DE MINA","REGION":"CAJAMARCA","ESTE":"741181","NORTE":"9204011","CODIGODM":"010071904; 010163405;\n010273204; 03002138X01;\n060002396","NOMBREDM":"ANA BEBE V; LUMINOSA NUMERO 2A; LUMINOSA 2005 A; OCCIDENTAL-3; SAN BERNARDINO\nTRES","TITULARDM":"CASTRO CASTRO;  FLAVIO; CISNEROS GONZALES;  JOSE CARLOS JESUS; GAONA TAFUR;  SEGUNDO LORENZO; S.M.R.L. INCOGNITA 2005; S.M.R.L. OCCIDENTAL 2 DE CAJAMARCA; TEJEDA MOSCOSO;  JORGE HECTOR FRANCISCO; TERAN VIGO;\nHILDEBRANDO","RESPONSABLE":"MINEM","GENERADOR":"NO IDENTIFICADO","ESTUDIOAMB":"---","N":"2378"},"geometry":{"type":"Point","coordinates":[-78.81599,-7.19597]}},{"type":"Feature","properties":{"Name":"LABOR MINERA","description":"","OBJECTID":"950","PROVINCIA":"SAN PABLO","DISTRITO":"SAN BERNARDINO","CUENCA":"JEQUETEPEQUE","ZONA":"17","EXUNIDAD":"PAREDONES","TIPO":"LABOR MINERA","SUBTIPO":"BOCAMINA","REGION":"CAJAMARCA","ESTE":"741167","NORTE":"9204055","CODIGODM":"010071904; 010163405;\n010273204; 03002138X01;\n060002396","NOMBREDM":"ANA BEBE V; LUMINOSA NUMERO 2A; LUMINOSA 2005 A; OCCIDENTAL-3; SAN BERNARDINO\nTRES","TITULARDM":"CASTRO CASTRO;  FLAVIO; CISNEROS GONZALES;  JOSE CARLOS JESUS; GAONA TAFUR;  SEGUNDO LORENZO; S.M.R.L. INCOGNITA 2005; S.M.R.L. OCCIDENTAL 2 DE CAJAMARCA; TEJEDA MOSCOSO;  JORGE HECTOR FRANCISCO; TERAN VIGO;\nHILDEBRANDO","RESPONSABLE":"MINEM","GENERADOR":"NO IDENTIFICADO","ESTUDIOAMB":"---","N":"2379"},"geometry":{"type":"Point","coordinates":[-78.81612,-7.19557]}},{"type":"Feature","properties":{"Name":"LABOR MINERA","description":"","OBJECTID":"951","PROVINCIA":"SAN PABLO","DISTRITO":"SAN BERNARDINO","CUENCA":"JEQUETEPEQUE","ZONA":"17","EXUNIDAD":"PAREDONES","TIPO":"LABOR MINERA","SUBTIPO":"BOCAMINA","REGION":"CAJAMARCA","ESTE":"741467","NORTE":"9204097","CODIGODM":"010273204; 060002396","NOMBREDM":"LUMINOSA NUMERO 2A; SAN\nBERNARDINO TRES","TITULARDM":"GAONA TAFUR;  SEGUNDO LORENZO; S.M.R.L. INCOGNITA 2005; TERAN VIGO;\nHILDEBRANDO","RESPONSABLE":"MINEM","GENERADOR":"NO IDENTIFICADO","ESTUDIOAMB":"---","N":"2380"},"geometry":{"type":"Point","coordinates":[-78.81341,-7.19518]}},{"type":"Feature","properties":{"Name":"LABOR MINERA","description":"","OBJECTID":"952","PROVINCIA":"SAN PABLO","DISTRITO":"SAN BERNARDINO","CUENCA":"JEQUETEPEQUE","ZONA":"17","EXUNIDAD":"PAREDONES","TIPO":"LABOR MINERA","SUBTIPO":"BOCAMINA","REGION":"CAJAMARCA","ESTE":"740508","NORTE":"9204704","CODIGODM":"60000617,  03002115X01,\n60002396","NOMBREDM":"DON HERNANDO III;  OCCIDENTAL 1;  SAN BERNARDINO TRES","TITULARDM":"ALVA GARCIA;  WALTER;   S.M.R.L. OCCIDENTAL 2 DE CAJAMARCA;  GAONA TAFUR; SEGUNDO","RESPONSABLE":"---","GENERADOR":"NO IDENTIFICADO","ESTUDIOAMB":"---","N":"2381"},"geometry":{"type":"Point","coordinates":[-78.82211,-7.18974]}},{"type":"Feature","properties":{"Name":"LABOR MINERA","description":"","OBJECTID":"893","PROVINCIA":"HUALGAYOC","DISTRITO":"HUALGAYOC","CUENCA":"LLAUCANO","ZONA":"17","EXUNIDAD":"MANSITA (LLAUCANO)","TIPO":"LABOR MINERA","SUBTIPO":"BOCAMINA","REGION":"CAJAMARCA","ESTE":"765209","NORTE":"9252912","CODIGODM":"03000354Y01; 010009372U;\n010460295","NOMBREDM":"MANCITA; SAN AGUSTIN N\u00ba1; ZAIN","TITULARDM":"BANCO MINERO DEL PERU EN LIQUIDACION; COMPA\u00d1IA MINERA COLQUIRRUMI S.A.; CONSOLIDADA DE HUALGAYOC S.A.; ZARATE MIRANDA;  ALEJANDRO FRANCISCO","RESPONSABLE":"COMPA\u00d1IA MINERA COLQUIRRUMI\nS.A.","GENERADOR":"NO IDENTIFICADO","ESTUDIOAMB":"PCPAM DE LA UNIDAD MINERA COLQUIRRUMI -\"HUALGAYOC\"","N":"2322"},"geometry":{"type":"Point","coordinates":[-78.60078,-6.75292]}},{"type":"Feature","properties":{"Name":"LABOR MINERA","description":"","OBJECTID":"894","PROVINCIA":"HUALGAYOC","DISTRITO":"HUALGAYOC","CUENCA":"LLAUCANO","ZONA":"17","EXUNIDAD":"MANSITA (LLAUCANO)","TIPO":"LABOR MINERA","SUBTIPO":"BOCAMINA","REGION":"CAJAMARCA","ESTE":"765207","NORTE":"9252904","CODIGODM":"03000354Y01; 010009372U;\n010460295","NOMBREDM":"MANCITA; SAN AGUSTIN N\u00ba1; ZAIN","TITULARDM":"BANCO MINERO DEL PERU EN LIQUIDACION; COMPA\u00d1IA MINERA COLQUIRRUMI S.A.; CONSOLIDADA DE HUALGAYOC S.A.; ZARATE MIRANDA;  ALEJANDRO FRANCISCO","RESPONSABLE":"COMPA\u00d1IA MINERA COLQUIRRUMI\nS.A.","GENERADOR":"NO IDENTIFICADO","ESTUDIOAMB":"PCPAM DE LA UNIDAD MINERA COLQUIRRUMI -\"HUALGAYOC\"","N":"2323"},"geometry":{"type":"Point","coordinates":[-78.6008,-6.75299]}},{"type":"Feature","properties":{"Name":"LABOR MINERA","description":"","OBJECTID":"895","PROVINCIA":"HUALGAYOC","DISTRITO":"HUALGAYOC","CUENCA":"LLAUCANO","ZONA":"17","EXUNIDAD":"MANSITA (LLAUCANO)","TIPO":"LABOR MINERA","SUBTIPO":"BOCAMINA","REGION":"CAJAMARCA","ESTE":"765218","NORTE":"9252896","CODIGODM":"03000354Y01; 010009372U;\n010460295","NOMBREDM":"MANCITA; SAN AGUSTIN N\u00ba1; ZAIN","TITULARDM":"BANCO MINERO DEL PERU EN LIQUIDACION; COMPA\u00d1IA MINERA COLQUIRRUMI S.A.; CONSOLIDADA DE HUALGAYOC S.A.; ZARATE MIRANDA;  ALEJANDRO FRANCISCO","RESPONSABLE":"COMPA\u00d1IA MINERA COLQUIRRUMI\nS.A.","GENERADOR":"NO IDENTIFICADO","ESTUDIOAMB":"PCPAM DE LA UNIDAD MINERA COLQUIRRUMI -\"HUALGAYOC\"","N":"2324"},"geometry":{"type":"Point","coordinates":[-78.6007,-6.75306]}},{"type":"Feature","properties":{"Name":"LABOR MINERA","description":"","OBJECTID":"896","PROVINCIA":"HUALGAYOC","DISTRITO":"HUALGAYOC","CUENCA":"LLAUCANO","ZONA":"17","EXUNIDAD":"MANSITA (LLAUCANO)","TIPO":"LABOR MINERA","SUBTIPO":"BOCAMINA","REGION":"CAJAMARCA","ESTE":"765182","NORTE":"9252690","CODIGODM":"03000354Y01; 010009372U;\n010460295","NOMBREDM":"MANCITA; SAN AGUSTIN N\u00ba1; ZAIN","TITULARDM":"BANCO MINERO DEL PERU EN LIQUIDACION; COMPA\u00d1IA MINERA COLQUIRRUMI S.A.; CONSOLIDADA DE HUALGAYOC S.A.; ZARATE MIRANDA;  ALEJANDRO FRANCISCO","RESPONSABLE":"COMPA\u00d1IA MINERA COLQUIRRUMI\nS.A.","GENERADOR":"NO IDENTIFICADO","ESTUDIOAMB":"PCPAM DE LA UNIDAD MINERA COLQUIRRUMI -\"HUALGAYOC\"","N":"2325"},"geometry":{"type":"Point","coordinates":[-78.60102,-6.75492]}},{"type":"Feature","properties":{"Name":"RESIDUO MINERO","description":"","OBJECTID":"897","PROVINCIA":"HUALGAYOC","DISTRITO":"HUALGAYOC","CUENCA":"LLAUCANO","ZONA":"17","EXUNIDAD":"MANSITA (LLAUCANO)","TIPO":"RESIDUO MINERO","SUBTIPO":"DESMONTE DE MINA","REGION":"CAJAMARCA","ESTE":"765210","NORTE":"9252908","CODIGODM":"03000354Y01; 010009372U;\n010460295","NOMBREDM":"MANCITA; SAN AGUSTIN N\u00ba1; ZAIN","TITULARDM":"BANCO MINERO DEL PERU EN LIQUIDACION; COMPA\u00d1IA MINERA COLQUIRRUMI S.A.; CONSOLIDADA DE HUALGAYOC S.A.; ZARATE MIRANDA;  ALEJANDRO FRANCISCO","RESPONSABLE":"COMPA\u00d1IA MINERA COLQUIRRUMI\nS.A.","GENERADOR":"NO IDENTIFICADO","ESTUDIOAMB":"PCPAM DE LA UNIDAD MINERA COLQUIRRUMI -\"HUALGAYOC\"","N":"2326"},"geometry":{"type":"Point","coordinates":[-78.60077,-6.75295]}},{"type":"Feature","properties":{"Name":"RESIDUO MINERO","description":"","OBJECTID":"898","PROVINCIA":"HUALGAYOC","DISTRITO":"HUALGAYOC","CUENCA":"LLAUCANO","ZONA":"17","EXUNIDAD":"MANSITA (LLAUCANO)","TIPO":"RESIDUO MINERO","SUBTIPO":"DESMONTE DE MINA","REGION":"CAJAMARCA","ESTE":"765218","NORTE":"9252896","CODIGODM":"03000354Y01; 010009372U;\n010460295","NOMBREDM":"MANCITA; SAN AGUSTIN N\u00ba1; ZAIN","TITULARDM":"BANCO MINERO DEL PERU EN LIQUIDACION; COMPA\u00d1IA MINERA COLQUIRRUMI S.A.; CONSOLIDADA DE HUALGAYOC S.A.; ZARATE MIRANDA;  ALEJANDRO FRANCISCO","RESPONSABLE":"COMPA\u00d1IA MINERA COLQUIRRUMI\nS.A.","GENERADOR":"NO IDENTIFICADO","ESTUDIOAMB":"PCPAM DE LA UNIDAD MINERA COLQUIRRUMI -\"HUALGAYOC\"","N":"2327"},"geometry":{"type":"Point","coordinates":[-78.6007,-6.75306]}},{"type":"Feature","properties":{"Name":"RESIDUO MINERO","description":"","OBJECTID":"899","PROVINCIA":"HUALGAYOC","DISTRITO":"HUALGAYOC","CUENCA":"LLAUCANO","ZONA":"17","EXUNIDAD":"MANSITA (LLAUCANO)","TIPO":"RESIDUO MINERO","SUBTIPO":"DESMONTE DE MINA","REGION":"CAJAMARCA","ESTE":"765144","NORTE":"9252787","CODIGODM":"03000354Y01; 010009372U;\n010460295","NOMBREDM":"MANCITA; SAN AGUSTIN N\u00ba1; ZAIN","TITULARDM":"BANCO MINERO DEL PERU EN LIQUIDACION; COMPA\u00d1IA MINERA COLQUIRRUMI S.A.; CONSOLIDADA DE HUALGAYOC S.A.; ZARATE MIRANDA;  ALEJANDRO\nFRANCISCO","RESPONSABLE":"---","GENERADOR":"NO IDENTIFICADO","ESTUDIOAMB":"---","N":"2328"},"geometry":{"type":"Point","coordinates":[-78.60136,-6.75405]}},{"type":"Feature","properties":{"Name":"RESIDUO MINERO","description":"","OBJECTID":"900","PROVINCIA":"HUALGAYOC","DISTRITO":"HUALGAYOC","CUENCA":"LLAUCANO","ZONA":"17","EXUNIDAD":"MANSITA (LLAUCANO)","TIPO":"RESIDUO MINERO","SUBTIPO":"DESMONTE DE MINA","REGION":"CAJAMARCA","ESTE":"765182","NORTE":"9252690","CODIGODM":"03000354Y01; 010009372U;\n010460295","NOMBREDM":"MANCITA; SAN AGUSTIN N\u00ba1; ZAIN","TITULARDM":"BANCO MINERO DEL PERU EN LIQUIDACION; COMPA\u00d1IA MINERA COLQUIRRUMI S.A.; CONSOLIDADA DE HUALGAYOC S.A.; ZARATE MIRANDA;  ALEJANDRO FRANCISCO","RESPONSABLE":"COMPA\u00d1IA MINERA COLQUIRRUMI\nS.A.","GENERADOR":"NO IDENTIFICADO","ESTUDIOAMB":"PCPAM DE LA UNIDAD MINERA COLQUIRRUMI -\"HUALGAYOC\"","N":"2329"},"geometry":{"type":"Point","coordinates":[-78.60102,-6.75492]}},{"type":"Feature","properties":{"Name":"RESIDUO MINERO","description":"","OBJECTID":"901","PROVINCIA":"HUALGAYOC","DISTRITO":"HUALGAYOC","CUENCA":"LLAUCANO","ZONA":"17","EXUNIDAD":"MANSITA (LLAUCANO)","TIPO":"RESIDUO MINERO","SUBTIPO":"DESMONTE DE MINA","REGION":"CAJAMARCA","ESTE":"765212","NORTE":"9252903","CODIGODM":"03000354Y01; 010009372U;\n010460295","NOMBREDM":"MANCITA; SAN AGUSTIN N\u00ba1; ZAIN","TITULARDM":"BANCO MINERO DEL PERU EN LIQUIDACION; COMPA\u00d1IA MINERA COLQUIRRUMI S.A.; CONSOLIDADA DE HUALGAYOC S.A.; ZARATE MIRANDA;  ALEJANDRO FRANCISCO","RESPONSABLE":"COMPA\u00d1IA MINERA COLQUIRRUMI\nS.A.","GENERADOR":"NO IDENTIFICADO","ESTUDIOAMB":"PCPAM DE LA UNIDAD MINERA COLQUIRRUMI -\"HUALGAYOC\"","N":"2330"},"geometry":{"type":"Point","coordinates":[-78.60075,-6.753]}},{"type":"Feature","properties":{"Name":"RESIDUO MINERO","description":"","OBJECTID":"902","PROVINCIA":"HUALGAYOC","DISTRITO":"HUALGAYOC","CUENCA":"LLAUCANO","ZONA":"17","EXUNIDAD":"MANSITA (LLAUCANO)","TIPO":"RESIDUO MINERO","SUBTIPO":"DESMONTE DE MINA","REGION":"CAJAMARCA","ESTE":"765278","NORTE":"9252742","CODIGODM":"03000354Y01; 03003620X01;\n010009372U; 010460295","NOMBREDM":"MANCITA; RAFAELA 990; SAN AGUSTIN N\u00ba1; ZAIN","TITULARDM":"BANCO MINERO DEL PERU EN LIQUIDACION; COMPA\u00d1IA MINERA COLQUIRRUMI S.A.; CONSOLIDADA DE HUALGAYOC S.A.; MONTOYA DEL VALLE;  LILIA MARIA; MONTOYA DEL VALLE;  SOLEDAD ANGELICA; MONTOYA VALERA;  ELVIA SILVIA; VALERA GUERRERO VDA DE MONTOYA;  MARIA LUZMILA;","RESPONSABLE":"COMPA\u00d1IA MINERA COLQUIRRUMI S.A.","GENERADOR":"NO IDENTIFICADO","ESTUDIOAMB":"PCPAM DE LA UNIDAD MINERA COLQUIRRUMI -\"HUALGAYOC\"","N":"2331"},"geometry":{"type":"Point","coordinates":[-78.60015,-6.75445]}},{"type":"Feature","properties":{"Name":"RESIDUO MINERO","description":"","OBJECTID":"903","PROVINCIA":"HUALGAYOC","DISTRITO":"HUALGAYOC","CUENCA":"LLAUCANO","ZONA":"17","EXUNIDAD":"MANSITA (LLAUCANO)","TIPO":"RESIDUO MINERO","SUBTIPO":"DESMONTE DE MINA","REGION":"CAJAMARCA","ESTE":"765172","NORTE":"9252590","CODIGODM":"03000987X01; 03002870X01;\n03002872X01; 03003620X01;\n010009372U; 010236794","NOMBREDM":"GIULIETA; LAGO K; LAGO M; RAFAELA 990; SAN AGUSTIN N\u00ba1; SAN JOSE N\u00ba 1","TITULARDM":"COMPA\u00d1IA MINERA COLQUIRRUMI S.A.; COMPA\u00d1IA MINERA LOS MANTOS S.A.; CONSOLIDADA DE HUALGAYOC S.A.; GOLD FIELDS LA CIMA S.A.A.; MONTOYA DEL VALLE;  LILIA MARIA; MONTOYA DEL VALLE;  SOLEDAD ANGELICA; MONTOYA VALERA;  ELVIA SILVIA; VALERA GUERRERO VDA DE M","RESPONSABLE":"COMPA\u00d1IA MINERA COLQUIRRUMI S.A.","GENERADOR":"NO IDENTIFICADO","ESTUDIOAMB":"PCPAM DE LA UNIDAD MINERA COLQUIRRUMI -\"HUALGAYOC\"","N":"2332"},"geometry":{"type":"Point","coordinates":[-78.6011,-6.75583]}},{"type":"Feature","properties":{"Name":"RESIDUO MINERO","description":"","OBJECTID":"904","PROVINCIA":"HUALGAYOC","DISTRITO":"HUALGAYOC","CUENCA":"LLAUCANO","ZONA":"17","EXUNIDAD":"MARUJA (LLAUCANO)","TIPO":"RESIDUO MINERO","SUBTIPO":"DESMONTE DE MINA","REGION":"CAJAMARCA","ESTE":"759260","NORTE":"9254985","CODIGODM":"010000184U; 010048298;\n03000883X01","NOMBREDM":"CAROLINA N\u00ba1; VALLE SINCHAO 3; VICTOR","TITULARDM":"CONSOLIDADA DE HUALGAYOC S.A.; CORPORACION MINERA SINCHAO S.A.C.; EL MISTI GOLD S.A.; EL MISTI GOLD S.A.C.; GOLD FIELDS LA CIMA S.A.; HUALGAYOC HOLDING S.A.C.; KORI ANTA S.A.C.; SOCIEDAD MINERA CORONA S.A.; SOCIEDAD MINERA LA CIMA S.A.; SOUTHERN LEGACY P","RESPONSABLE":"SOCIEDAD MINERA CORONA S.A.","GENERADOR":"NO IDENTIFICADO","ESTUDIOAMB":"PCM DE LA EX UNIDAD DE PRODUCCI\u00d3N CAROLINA N\u00b01","N":"2333"},"geometry":{"type":"Point","coordinates":[-78.65466,-6.73444]}},{"type":"Feature","properties":{"Name":"LABOR MINERA","description":"","OBJECTID":"905","PROVINCIA":"HUALGAYOC","DISTRITO":"HUALGAYOC","CUENCA":"LLAUCANO","ZONA":"17","EXUNIDAD":"MARUJA (LLAUCANO)","TIPO":"LABOR MINERA","SUBTIPO":"TRINCHERA","REGION":"CAJAMARCA","ESTE":"759265","NORTE":"9254971","CODIGODM":"010000184U; 010048298;\n03000883X01","NOMBREDM":"CAROLINA N\u00ba1; VALLE SINCHAO 3; VICTOR","TITULARDM":"CONSOLIDADA DE HUALGAYOC S.A.; CORPORACION MINERA SINCHAO S.A.C.; EL MISTI GOLD S.A.; EL MISTI GOLD S.A.C.; GOLD FIELDS LA CIMA S.A.; HUALGAYOC HOLDING S.A.C.; KORI ANTA S.A.C.; SOCIEDAD MINERA CORONA S.A.; SOCIEDAD MINERA LA CIMA S.A.; SOUTHERN LEGACY P","RESPONSABLE":"SOCIEDAD MINERA CORONA S.A.","GENERADOR":"NO IDENTIFICADO","ESTUDIOAMB":"PCM DE LA EX UNIDAD DE PRODUCCI\u00d3N CAROLINA N\u00b01","N":"2334"},"geometry":{"type":"Point","coordinates":[-78.65461,-6.73457]}},{"type":"Feature","properties":{"Name":"RESIDUO MINERO","description":"","OBJECTID":"906","PROVINCIA":"CAJAMARCA","DISTRITO":"ENCA\u00d1ADA","CUENCA":"CRISNEJAS","ZONA":"17","EXUNIDAD":"MICHIQUILLAY","TIPO":"RESIDUO MINERO","SUBTIPO":"DESMONTE DE MINA","REGION":"CAJAMARCA","ESTE":"795624","NORTE":"9220989","CODIGODM":"03000256X01; 010046005","NOMBREDM":"EL NI\u00d1O; MICHIQUILLAY 2005 B","TITULARDM":"ACTIVOS MINEROS S.A.C.; ANGLO AMERICAN MICHIQUILLAY S.A.; EMPRESA MINERA DEL CENTRO DEL PERU S.A.; EMPRESA MINERA DEL PERU S.A.;\nINVERSIONES TURISTICAS INGENIO S.A.","RESPONSABLE":"ACTIVOS MINEROS S.A.C. -\nPRIVADO","GENERADOR":"IDENTIFICADO","ESTUDIOAMB":"PCPAM DEL PROYECTO MICHIQUILLAY","N":"2335"},"geometry":{"type":"Point","coordinates":[-78.32421,-7.03994]}},{"type":"Feature","properties":{"Name":"RESIDUO MINERO","description":"","OBJECTID":"907","PROVINCIA":"CAJAMARCA","DISTRITO":"ENCA\u00d1ADA","CUENCA":"CRISNEJAS","ZONA":"17","EXUNIDAD":"MICHIQUILLAY","TIPO":"RESIDUO MINERO","SUBTIPO":"DESMONTE DE MINA","REGION":"CAJAMARCA","ESTE":"794729","NORTE":"9221787","CODIGODM":"010091193; 03546051Z18;\n010045905","NOMBREDM":"ALUNITA N\u00ba3; ENCA\u00d1ADA 1; MICHIQUILLAY 2005 A","TITULARDM":"ACTIVOS MINEROS S.A.C.; ANGLO AMERICAN MICHIQUILLAY S.A.; EMPRESA MINERA DEL CENTRO DEL PERU S.A.; EMPRESA MINERA DEL PERU S.A.; INVERSIONES TURISTICAS INGENIO S.A.; PERU MINING EXPLORATION &\nDEVELOPMENT COMPANY;  SUCURSAL DEL PERU","RESPONSABLE":"ACTIVOS MINEROS S.A.C. - PRIVADO","GENERADOR":"IDENTIFICADO","ESTUDIOAMB":"PCPAM DEL PROYECTO MICHIQUILLAY","N":"2336"},"geometry":{"type":"Point","coordinates":[-78.33234,-7.03278]}},{"type":"Feature","properties":{"Name":"RESIDUO MINERO","description":"","OBJECTID":"908","PROVINCIA":"CAJAMARCA","DISTRITO":"ENCA\u00d1ADA","CUENCA":"CRISNEJAS","ZONA":"17","EXUNIDAD":"MICHIQUILLAY","TIPO":"RESIDUO MINERO","SUBTIPO":"DESMONTE DE MINA","REGION":"CAJAMARCA","ESTE":"794687","NORTE":"9221743","CODIGODM":"010091193; 03546051Z18;\n010045905","NOMBREDM":"ALUNITA N\u00ba3; ENCA\u00d1ADA 1; MICHIQUILLAY 2005 A","TITULARDM":"ACTIVOS MINEROS S.A.C.; ANGLO AMERICAN MICHIQUILLAY S.A.; EMPRESA MINERA DEL CENTRO DEL PERU S.A.; EMPRESA MINERA DEL PERU S.A.; INVERSIONES TURISTICAS INGENIO S.A.; PERU MINING EXPLORATION &\nDEVELOPMENT COMPANY;  SUCURSAL DEL PERU","RESPONSABLE":"ACTIVOS MINEROS S.A.C. - PRIVADO","GENERADOR":"IDENTIFICADO","ESTUDIOAMB":"PCPAM DEL PROYECTO MICHIQUILLAY","N":"2337"},"geometry":{"type":"Point","coordinates":[-78.33272,-7.03318]}},{"type":"Feature","properties":{"Name":"INFRAESTRUCTURA","description":"","OBJECTID":"909","PROVINCIA":"CAJAMARCA","DISTRITO":"ENCA\u00d1ADA","CUENCA":"CRISNEJAS","ZONA":"17","EXUNIDAD":"MICHIQUILLAY","TIPO":"INFRAESTRUCTURA","SUBTIPO":"CAMINOS, HELIPUERTOS, PISTAS DE ATERRIZAJE, LINEAS FERREAS","REGION":"CAJAMARCA","ESTE":"794728","NORTE":"9221506","CODIGODM":"010091193; 03546051Z18;\n010045905","NOMBREDM":"ALUNITA N\u00ba3; ENCA\u00d1ADA 1; MICHIQUILLAY 2005 A","TITULARDM":"ACTIVOS MINEROS S.A.C.; ANGLO AMERICAN MICHIQUILLAY S.A.; EMPRESA MINERA DEL CENTRO DEL PERU S.A.; EMPRESA MINERA DEL PERU S.A.; INVERSIONES TURISTICAS INGENIO S.A.; PERU MINING EXPLORATION &\nDEVELOPMENT COMPANY;  SUCURSAL DEL PERU","RESPONSABLE":"ACTIVOS MINEROS S.A.C. - PRIVADO","GENERADOR":"IDENTIFICADO","ESTUDIOAMB":"PCPAM DEL PROYECTO MICHIQUILLAY","N":"2338"},"geometry":{"type":"Point","coordinates":[-78.33234,-7.03532]}},{"type":"Feature","properties":{"Name":"RESIDUO MINERO","description":"","OBJECTID":"910","PROVINCIA":"CAJAMARCA","DISTRITO":"ENCA\u00d1ADA","CUENCA":"CRISNEJAS","ZONA":"17","EXUNIDAD":"MICHIQUILLAY","TIPO":"RESIDUO MINERO","SUBTIPO":"DESMONTE DE MINA","REGION":"CAJAMARCA","ESTE":"794648","NORTE":"9221511","CODIGODM":"010091193; 03546051Z18;\n010045905","NOMBREDM":"ALUNITA N\u00ba3; ENCA\u00d1ADA 1; MICHIQUILLAY 2005 A","TITULARDM":"ACTIVOS MINEROS S.A.C.; ANGLO AMERICAN MICHIQUILLAY S.A.; EMPRESA MINERA DEL CENTRO DEL PERU S.A.; EMPRESA MINERA DEL PERU S.A.; INVERSIONES TURISTICAS INGENIO S.A.; PERU MINING EXPLORATION &\nDEVELOPMENT COMPANY;  SUCURSAL DEL PERU","RESPONSABLE":"ACTIVOS MINEROS S.A.C. - PRIVADO","GENERADOR":"IDENTIFICADO","ESTUDIOAMB":"PCPAM DEL PROYECTO MICHIQUILLAY","N":"2339"},"geometry":{"type":"Point","coordinates":[-78.33306,-7.03528]}},{"type":"Feature","properties":{"Name":"RESIDUO MINERO","description":"","OBJECTID":"911","PROVINCIA":"CAJAMARCA","DISTRITO":"ENCA\u00d1ADA","CUENCA":"CRISNEJAS","ZONA":"17","EXUNIDAD":"MICHIQUILLAY","TIPO":"RESIDUO MINERO","SUBTIPO":"DESMONTE DE MINA","REGION":"CAJAMARCA","ESTE":"794626","NORTE":"9221509","CODIGODM":"010091193; 03546051Z18;\n010045905","NOMBREDM":"ALUNITA N\u00ba3; ENCA\u00d1ADA 1; MICHIQUILLAY 2005 A","TITULARDM":"ACTIVOS MINEROS S.A.C.; ANGLO AMERICAN MICHIQUILLAY S.A.; EMPRESA MINERA DEL CENTRO DEL PERU S.A.; EMPRESA MINERA DEL PERU S.A.; INVERSIONES TURISTICAS INGENIO S.A.; PERU MINING EXPLORATION &\nDEVELOPMENT COMPANY;  SUCURSAL DEL PERU","RESPONSABLE":"ACTIVOS MINEROS S.A.C. - PRIVADO","GENERADOR":"IDENTIFICADO","ESTUDIOAMB":"PCPAM DEL PROYECTO MICHIQUILLAY","N":"2340"},"geometry":{"type":"Point","coordinates":[-78.33326,-7.0353]}},{"type":"Feature","properties":{"Name":"INFRAESTRUCTURA","description":"","OBJECTID":"912","PROVINCIA":"CAJAMARCA","DISTRITO":"ENCA\u00d1ADA","CUENCA":"CRISNEJAS","ZONA":"17","EXUNIDAD":"MICHIQUILLAY","TIPO":"INFRAESTRUCTURA","SUBTIPO":"CAMPAMENTOS, OFICINAS, TALLERES","REGION":"CAJAMARCA","ESTE":"795011","NORTE":"9221017","CODIGODM":"03546051Z18; 010046005","NOMBREDM":"ENCA\u00d1ADA 1; MICHIQUILLAY 2005 B","TITULARDM":"ACTIVOS MINEROS S.A.C.; ANGLO AMERICAN MICHIQUILLAY S.A.; EMPRESA MINERA DEL CENTRO DEL PERU S.A.; EMPRESA MINERA DEL PERU S.A.;\nINVERSIONES TURISTICAS INGENIO S.A.","RESPONSABLE":"---","GENERADOR":"IDENTIFICADO","ESTUDIOAMB":"---","N":"2341"},"geometry":{"type":"Point","coordinates":[-78.32975,-7.03972]}},{"type":"Feature","properties":{"Name":"INFRAESTRUCTURA","description":"","OBJECTID":"913","PROVINCIA":"CAJAMARCA","DISTRITO":"ENCA\u00d1ADA","CUENCA":"CRISNEJAS","ZONA":"17","EXUNIDAD":"MICHIQUILLAY","TIPO":"INFRAESTRUCTURA","SUBTIPO":"CAMPAMENTOS, OFICINAS, TALLERES","REGION":"CAJAMARCA","ESTE":"794636","NORTE":"9220738","CODIGODM":"010091193; 03546051Z18;\n010045905","NOMBREDM":"ALUNITA N\u00ba3; ENCA\u00d1ADA 1; MICHIQUILLAY 2005 A","TITULARDM":"ACTIVOS MINEROS S.A.C.; ANGLO AMERICAN MICHIQUILLAY S.A.; EMPRESA MINERA DEL CENTRO DEL PERU S.A.; EMPRESA MINERA DEL PERU S.A.; INVERSIONES TURISTICAS INGENIO S.A.; PERU MINING EXPLORATION &\nDEVELOPMENT COMPANY;  SUCURSAL DEL PERU","RESPONSABLE":"ACTIVOS MINEROS S.A.C. - PRIVADO","GENERADOR":"IDENTIFICADO","ESTUDIOAMB":"PCPAM DEL PROYECTO MICHIQUILLAY","N":"2342"},"geometry":{"type":"Point","coordinates":[-78.33313,-7.04226]}},{"type":"Feature","properties":{"Name":"INFRAESTRUCTURA","description":"","OBJECTID":"914","PROVINCIA":"CAJAMARCA","DISTRITO":"ENCA\u00d1ADA","CUENCA":"CRISNEJAS","ZONA":"17","EXUNIDAD":"MICHIQUILLAY","TIPO":"INFRAESTRUCTURA","SUBTIPO":"PLANTAS DE PROCESAMIENTO","REGION":"CAJAMARCA","ESTE":"795093","NORTE":"9220936","CODIGODM":"03546051Z18; 010046005","NOMBREDM":"ENCA\u00d1ADA 1; MICHIQUILLAY 2005 B","TITULARDM":"ACTIVOS MINEROS S.A.C.; ANGLO AMERICAN MICHIQUILLAY S.A.; EMPRESA MINERA DEL CENTRO DEL PERU S.A.; EMPRESA MINERA DEL PERU S.A.;\nINVERSIONES TURISTICAS INGENIO S.A.","RESPONSABLE":"ACTIVOS MINEROS S.A.C. -\nPRIVADO","GENERADOR":"IDENTIFICADO","ESTUDIOAMB":"PCPAM DEL PROYECTO MICHIQUILLAY","N":"2343"},"geometry":{"type":"Point","coordinates":[-78.32901,-7.04045]}},{"type":"Feature","properties":{"Name":"INFRAESTRUCTURA","description":"","OBJECTID":"915","PROVINCIA":"CAJAMARCA","DISTRITO":"ENCA\u00d1ADA","CUENCA":"CRISNEJAS","ZONA":"17","EXUNIDAD":"MICHIQUILLAY","TIPO":"INFRAESTRUCTURA","SUBTIPO":"PLANTAS DE PROCESAMIENTO","REGION":"CAJAMARCA","ESTE":"795102","NORTE":"9220950","CODIGODM":"03546051Z18; 010046005","NOMBREDM":"ENCA\u00d1ADA 1; MICHIQUILLAY 2005 B","TITULARDM":"ACTIVOS MINEROS S.A.C.; ANGLO AMERICAN MICHIQUILLAY S.A.; EMPRESA MINERA DEL CENTRO DEL PERU S.A.; EMPRESA MINERA DEL PERU S.A.;\nINVERSIONES TURISTICAS INGENIO S.A.","RESPONSABLE":"ACTIVOS MINEROS S.A.C. -\nPRIVADO","GENERADOR":"IDENTIFICADO","ESTUDIOAMB":"PCPAM DEL PROYECTO MICHIQUILLAY","N":"2344"},"geometry":{"type":"Point","coordinates":[-78.32892,-7.04032]}},{"type":"Feature","properties":{"Name":"INFRAESTRUCTURA","description":"","OBJECTID":"916","PROVINCIA":"CAJAMARCA","DISTRITO":"ENCA\u00d1ADA","CUENCA":"CRISNEJAS","ZONA":"17","EXUNIDAD":"MICHIQUILLAY","TIPO":"INFRAESTRUCTURA","SUBTIPO":"CAMPAMENTOS, OFICINAS, TALLERES","REGION":"CAJAMARCA","ESTE":"794620","NORTE":"9220722","CODIGODM":"010091193; 03546051Z18;\n010045905","NOMBREDM":"ALUNITA N\u00ba3; ENCA\u00d1ADA 1; MICHIQUILLAY 2005 A","TITULARDM":"ACTIVOS MINEROS S.A.C.; ANGLO AMERICAN MICHIQUILLAY S.A.; EMPRESA MINERA DEL CENTRO DEL PERU S.A.; EMPRESA MINERA DEL PERU S.A.; INVERSIONES TURISTICAS INGENIO S.A.; PERU MINING EXPLORATION &\nDEVELOPMENT COMPANY;  SUCURSAL DEL PERU","RESPONSABLE":"ACTIVOS MINEROS S.A.C. - PRIVADO","GENERADOR":"IDENTIFICADO","ESTUDIOAMB":"PCPAM DEL PROYECTO MICHIQUILLAY","N":"2345"},"geometry":{"type":"Point","coordinates":[-78.33327,-7.04241]}},{"type":"Feature","properties":{"Name":"LABOR MINERA","description":"","OBJECTID":"917","PROVINCIA":"CAJAMARCA","DISTRITO":"ENCA\u00d1ADA","CUENCA":"CRISNEJAS","ZONA":"17","EXUNIDAD":"MICHIQUILLAY","TIPO":"LABOR MINERA","SUBTIPO":"BOCAMINA","REGION":"CAJAMARCA","ESTE":"795633","NORTE":"9220972","CODIGODM":"03000256X01; 010046005","NOMBREDM":"EL NI\u00d1O; MICHIQUILLAY 2005 B","TITULARDM":"ACTIVOS MINEROS S.A.C.; ANGLO AMERICAN MICHIQUILLAY S.A.; EMPRESA MINERA DEL CENTRO DEL PERU S.A.; EMPRESA MINERA DEL PERU S.A.;\nINVERSIONES TURISTICAS INGENIO S.A.","RESPONSABLE":"ACTIVOS MINEROS S.A.C. -\nPRIVADO","GENERADOR":"IDENTIFICADO","ESTUDIOAMB":"PCPAM DEL PROYECTO MICHIQUILLAY","N":"2346"},"geometry":{"type":"Point","coordinates":[-78.32412,-7.0401]}},{"type":"Feature","properties":{"Name":"INFRAESTRUCTURA","description":"","OBJECTID":"918","PROVINCIA":"CAJAMARCA","DISTRITO":"ENCA\u00d1ADA","CUENCA":"CRISNEJAS","ZONA":"17","EXUNIDAD":"MICHIQUILLAY","TIPO":"INFRAESTRUCTURA","SUBTIPO":"CAMPAMENTOS, OFICINAS, TALLERES","REGION":"CAJAMARCA","ESTE":"794776","NORTE":"9220750","CODIGODM":"03546051Z18; 010046005","NOMBREDM":"ENCA\u00d1ADA 1; MICHIQUILLAY 2005 B","TITULARDM":"ACTIVOS MINEROS S.A.C.; ANGLO AMERICAN MICHIQUILLAY S.A.; EMPRESA MINERA DEL CENTRO DEL PERU S.A.; EMPRESA MINERA DEL PERU S.A.;\nINVERSIONES TURISTICAS INGENIO S.A.","RESPONSABLE":"ACTIVOS MINEROS S.A.C. -\nPRIVADO","GENERADOR":"IDENTIFICADO","ESTUDIOAMB":"PCPAM DEL PROYECTO MICHIQUILLAY","N":"2347"},"geometry":{"type":"Point","coordinates":[-78.33186,-7.04215]}},{"type":"Feature","properties":{"Name":"RESIDUO MINERO","description":"","OBJECTID":"919","PROVINCIA":"CAJAMARCA","DISTRITO":"ENCA\u00d1ADA","CUENCA":"CRISNEJAS","ZONA":"17","EXUNIDAD":"MICHIQUILLAY","TIPO":"RESIDUO MINERO","SUBTIPO":"RELAVES","REGION":"CAJAMARCA","ESTE":"794990","NORTE":"9220730","CODIGODM":"03546051Z03","NOMBREDM":"ENCA\u00d1ADA 20","TITULARDM":"ACTIVOS MINEROS S.A.C.; ANGLO AMERICAN MICHIQUILLAY S.A.; EMPRESA MINERA DEL CENTRO DEL PERU S.A.; EMPRESA MINERA DEL PERU S.A.","RESPONSABLE":"ACTIVOS MINEROS S.A.C. -\nPRIVADO","GENERADOR":"IDENTIFICADO","ESTUDIOAMB":"PCPAM DEL PROYECTO MICHIQUILLAY","N":"2348"},"geometry":{"type":"Point","coordinates":[-78.32993,-7.04232]}},{"type":"Feature","properties":{"Name":"PRODUCTO QUIMICO","description":"","OBJECTID":"920","PROVINCIA":"CAJAMARCA","DISTRITO":"ENCA\u00d1ADA","CUENCA":"CRISNEJAS","ZONA":"17","EXUNIDAD":"MICHIQUILLAY","TIPO":"PRODUCTO QUIMICO","SUBTIPO":"ACEITES, GRASAS INDUSTRIALES","REGION":"CAJAMARCA","ESTE":"794791","NORTE":"9220742","CODIGODM":"03546051Z18; 010046005","NOMBREDM":"ENCA\u00d1ADA 1; MICHIQUILLAY 2005 B","TITULARDM":"ACTIVOS MINEROS S.A.C.; ANGLO AMERICAN MICHIQUILLAY S.A.; EMPRESA MINERA DEL CENTRO DEL PERU S.A.; EMPRESA MINERA DEL PERU S.A.;\nINVERSIONES TURISTICAS INGENIO S.A.","RESPONSABLE":"ACTIVOS MINEROS S.A.C. -\nPRIVADO","GENERADOR":"IDENTIFICADO","ESTUDIOAMB":"PCPAM DEL PROYECTO MICHIQUILLAY","N":"2349"},"geometry":{"type":"Point","coordinates":[-78.33173,-7.04222]}},{"type":"Feature","properties":{"Name":"RESIDUO MINERO","description":"","OBJECTID":"921","PROVINCIA":"HUALGAYOC","DISTRITO":"HUALGAYOC","CUENCA":"LLAUCANO","ZONA":"17","EXUNIDAD":"OLORTEGUI (LLAUCANO)","TIPO":"RESIDUO MINERO","SUBTIPO":"DESMONTE DE MINA","REGION":"CAJAMARCA","ESTE":"765126","NORTE":"9252322","CODIGODM":"03000280Y01; 010009372U;\n010236794","NOMBREDM":"OLORTEGUI; SAN AGUSTIN N\u00ba1;\nSAN JOSE N\u00ba 1","TITULARDM":"COMPA\u00d1IA MINERA COLQUIRRUMI S.A.; CONSOLIDADA DE HUALGAYOC S.A.;\nGOLD FIELDS LA CIMA S.A.A.; VIDALON PAREJA;  JAIME DAVID","RESPONSABLE":"---","GENERADOR":"NO IDENTIFICADO","ESTUDIOAMB":"---","N":"2350"},"geometry":{"type":"Point","coordinates":[-78.60151,-6.75825]}},{"type":"Feature","properties":{"Name":"LABOR MINERA","description":"","OBJECTID":"922","PROVINCIA":"HUALGAYOC","DISTRITO":"HUALGAYOC","CUENCA":"LLAUCANO","ZONA":"17","EXUNIDAD":"OLORTEGUI (LLAUCANO)","TIPO":"LABOR MINERA","SUBTIPO":"BOCAMINA","REGION":"CAJAMARCA","ESTE":"765131","NORTE":"9252335","CODIGODM":"03000280Y01; 010009372U;\n010236794","NOMBREDM":"OLORTEGUI; SAN AGUSTIN N\u00ba1;\nSAN JOSE N\u00ba 1","TITULARDM":"COMPA\u00d1IA MINERA COLQUIRRUMI S.A.; CONSOLIDADA DE HUALGAYOC S.A.;\nGOLD FIELDS LA CIMA S.A.A.; VIDALON PAREJA;  JAIME DAVID","RESPONSABLE":"---","GENERADOR":"NO IDENTIFICADO","ESTUDIOAMB":"---","N":"2351"},"geometry":{"type":"Point","coordinates":[-78.60146,-6.75813]}},{"type":"Feature","properties":{"Name":"RESIDUO MINERO","description":"","OBJECTID":"923","PROVINCIA":"HUALGAYOC","DISTRITO":"HUALGAYOC","CUENCA":"LLAUCANO","ZONA":"17","EXUNIDAD":"OLORTEGUI (LLAUCANO)","TIPO":"RESIDUO MINERO","SUBTIPO":"DESMONTE DE MINA","REGION":"CAJAMARCA","ESTE":"765105","NORTE":"9252278","CODIGODM":"0302212BX01; 010236794","NOMBREDM":"LAGO AL-2 (FRACCIONADO); SAN JOSE N\u00ba 1","TITULARDM":"COMPA\u00d1IA MINERA LOS MANTOS S.A.; GOLD FIELDS LA CIMA S.A.A.; VIDALON PAREJA;  JAIME DAVID","RESPONSABLE":"COMPA\u00d1IA MINERA COLQUIRRUMI\nS.A.","GENERADOR":"NO IDENTIFICADO","ESTUDIOAMB":"PCPAM DE LA UNIDAD MINERA COLQUIRRUMI -\"HUALGAYOC\"","N":"2352"},"geometry":{"type":"Point","coordinates":[-78.60169,-6.75865]}},{"type":"Feature","properties":{"Name":"RESIDUO MINERO","description":"","OBJECTID":"924","PROVINCIA":"HUALGAYOC","DISTRITO":"HUALGAYOC","CUENCA":"LLAUCANO","ZONA":"17","EXUNIDAD":"OLORTEGUI (LLAUCANO)","TIPO":"RESIDUO MINERO","SUBTIPO":"DESMONTE DE MINA","REGION":"CAJAMARCA","ESTE":"765150","NORTE":"9252308","CODIGODM":"03000280Y01; 010236794","NOMBREDM":"OLORTEGUI; SAN JOSE N\u00ba 1","TITULARDM":"COMPA\u00d1IA MINERA COLQUIRRUMI S.A.; CONSOLIDADA DE HUALGAYOC S.A.; GOLD FIELDS LA CIMA S.A.A.; VIDALON PAREJA;  JAIME DAVID","RESPONSABLE":"COMPA\u00d1IA MINERA COLQUIRRUMI\nS.A.","GENERADOR":"NO IDENTIFICADO","ESTUDIOAMB":"PCPAM DE LA UNIDAD MINERA COLQUIRRUMI -\"HUALGAYOC\"","N":"2353"},"geometry":{"type":"Point","coordinates":[-78.60129,-6.75838]}},{"type":"Feature","properties":{"Name":"RESIDUO MINERO","description":"","OBJECTID":"925","PROVINCIA":"HUALGAYOC","DISTRITO":"HUALGAYOC","CUENCA":"LLAUCANO","ZONA":"17","EXUNIDAD":"OLORTEGUI (LLAUCANO)","TIPO":"RESIDUO MINERO","SUBTIPO":"DESMONTE DE MINA","REGION":"CAJAMARCA","ESTE":"765047","NORTE":"9252268","CODIGODM":"03000280Y01; 010236794","NOMBREDM":"OLORTEGUI; SAN JOSE N\u00ba 1","TITULARDM":"COMPA\u00d1IA MINERA COLQUIRRUMI S.A.; CONSOLIDADA DE HUALGAYOC S.A.; GOLD FIELDS LA CIMA S.A.A.; VIDALON PAREJA;  JAIME DAVID","RESPONSABLE":"COMPA\u00d1IA MINERA COLQUIRRUMI\nS.A.","GENERADOR":"NO IDENTIFICADO","ESTUDIOAMB":"PCPAM DE LA UNIDAD MINERA COLQUIRRUMI -\"HUALGAYOC\"","N":"2354"},"geometry":{"type":"Point","coordinates":[-78.60222,-6.75874]}},{"type":"Feature","properties":{"Name":"RESIDUO MINERO","description":"","OBJECTID":"926","PROVINCIA":"HUALGAYOC","DISTRITO":"HUALGAYOC","CUENCA":"LLAUCANO","ZONA":"17","EXUNIDAD":"OLORTEGUI (LLAUCANO)","TIPO":"RESIDUO MINERO","SUBTIPO":"DESMONTE DE MINA","REGION":"CAJAMARCA","ESTE":"765013","NORTE":"9252220","CODIGODM":"0302212BX01; 010236794","NOMBREDM":"LAGO AL-2 (FRACCIONADO); SAN\nJOSE N\u00ba 1","TITULARDM":"COMPA\u00d1IA MINERA LOS MANTOS S.A.; GOLD FIELDS LA CIMA S.A.A.; VIDALON\nPAREJA;  JAIME DAVID","RESPONSABLE":"---","GENERADOR":"NO IDENTIFICADO","ESTUDIOAMB":"---","N":"2355"},"geometry":{"type":"Point","coordinates":[-78.60252,-6.75918]}},{"type":"Feature","properties":{"Name":"LABOR MINERA","description":"","OBJECTID":"927","PROVINCIA":"HUALGAYOC","DISTRITO":"HUALGAYOC","CUENCA":"LLAUCANO","ZONA":"17","EXUNIDAD":"OLORTEGUI (LLAUCANO)","TIPO":"LABOR MINERA","SUBTIPO":"BOCAMINA","REGION":"CAJAMARCA","ESTE":"765094","NORTE":"9252287","CODIGODM":"03000280Y01; 010009372U;\n010236794","NOMBREDM":"OLORTEGUI; SAN AGUSTIN N\u00ba1; SAN JOSE N\u00ba 1","TITULARDM":"COMPA\u00d1IA MINERA COLQUIRRUMI S.A.; CONSOLIDADA DE HUALGAYOC S.A.; GOLD FIELDS LA CIMA S.A.A.; VIDALON PAREJA;  JAIME DAVID","RESPONSABLE":"COMPA\u00d1IA MINERA COLQUIRRUMI\nS.A.","GENERADOR":"NO IDENTIFICADO","ESTUDIOAMB":"PCPAM DE LA UNIDAD MINERA COLQUIRRUMI -\"HUALGAYOC\"","N":"2356"},"geometry":{"type":"Point","coordinates":[-78.60179,-6.75857]}},{"type":"Feature","properties":{"Name":"LABOR MINERA","description":"","OBJECTID":"928","PROVINCIA":"HUALGAYOC","DISTRITO":"HUALGAYOC","CUENCA":"LLAUCANO","ZONA":"17","EXUNIDAD":"OLORTEGUI (LLAUCANO)","TIPO":"LABOR MINERA","SUBTIPO":"BOCAMINA","REGION":"CAJAMARCA","ESTE":"765045","NORTE":"9252270","CODIGODM":"03000280Y01; 010236794","NOMBREDM":"OLORTEGUI; SAN JOSE N\u00ba 1","TITULARDM":"COMPA\u00d1IA MINERA COLQUIRRUMI S.A.; CONSOLIDADA DE HUALGAYOC S.A.; GOLD FIELDS LA CIMA S.A.A.; VIDALON PAREJA;  JAIME DAVID","RESPONSABLE":"COMPA\u00d1IA MINERA COLQUIRRUMI\nS.A.","GENERADOR":"NO IDENTIFICADO","ESTUDIOAMB":"PCPAM DE LA UNIDAD MINERA COLQUIRRUMI -\"HUALGAYOC\"","N":"2357"},"geometry":{"type":"Point","coordinates":[-78.60224,-6.75873]}},{"type":"Feature","properties":{"Name":"LABOR MINERA","description":"","OBJECTID":"929","PROVINCIA":"HUALGAYOC","DISTRITO":"HUALGAYOC","CUENCA":"LLAUCANO","ZONA":"17","EXUNIDAD":"OLORTEGUI (LLAUCANO)","TIPO":"LABOR MINERA","SUBTIPO":"BOCAMINA","REGION":"CAJAMARCA","ESTE":"765011","NORTE":"9252228","CODIGODM":"0302212BX01; 010236794","NOMBREDM":"LAGO AL-2 (FRACCIONADO); SAN\nJOSE N\u00ba 1","TITULARDM":"COMPA\u00d1IA MINERA LOS MANTOS S.A.; GOLD FIELDS LA CIMA S.A.A.; VIDALON\nPAREJA;  JAIME DAVID","RESPONSABLE":"---","GENERADOR":"NO IDENTIFICADO","ESTUDIOAMB":"---","N":"2358"},"geometry":{"type":"Point","coordinates":[-78.60254,-6.75911]}},{"type":"Feature","properties":{"Name":"LABOR MINERA","description":"","OBJECTID":"930","PROVINCIA":"HUALGAYOC","DISTRITO":"HUALGAYOC","CUENCA":"LLAUCANO","ZONA":"17","EXUNIDAD":"OLORTEGUI (LLAUCANO)","TIPO":"LABOR MINERA","SUBTIPO":"BOCAMINA","REGION":"CAJAMARCA","ESTE":"765149","NORTE":"9252309","CODIGODM":"03000280Y01; 010009372U;\n010236794","NOMBREDM":"OLORTEGUI; SAN AGUSTIN N\u00ba1; SAN JOSE N\u00ba 1","TITULARDM":"COMPA\u00d1IA MINERA COLQUIRRUMI S.A.; CONSOLIDADA DE HUALGAYOC S.A.; GOLD FIELDS LA CIMA S.A.A.; VIDALON PAREJA;  JAIME DAVID","RESPONSABLE":"COMPA\u00d1IA MINERA COLQUIRRUMI\nS.A.","GENERADOR":"NO IDENTIFICADO","ESTUDIOAMB":"PCPAM DE LA UNIDAD MINERA COLQUIRRUMI -\"HUALGAYOC\"","N":"2359"},"geometry":{"type":"Point","coordinates":[-78.6013,-6.75837]}},{"type":"Feature","properties":{"Name":"INFRAESTRUCTURA","description":"","OBJECTID":"931","PROVINCIA":"SAN PABLO","DISTRITO":"SAN BERNARDINO","CUENCA":"JEQUETEPEQUE","ZONA":"17","EXUNIDAD":"PAREDONES","TIPO":"INFRAESTRUCTURA","SUBTIPO":"PLANTAS DE PROCESAMIENTO","REGION":"CAJAMARCA","ESTE":"740420","NORTE":"9204683","CODIGODM":"03002115X01; 060002396","NOMBREDM":"OCCIDENTAL 1; SAN BERNARDINO\nTRES","TITULARDM":"GAONA TAFUR;  SEGUNDO LORENZO; S.M.R.L. OCCIDENTAL 2 DE CAJAMARCA","RESPONSABLE":"MINEM","GENERADOR":"NO IDENTIFICADO","ESTUDIOAMB":"---","N":"2360"},"geometry":{"type":"Point","coordinates":[-78.82291,-7.18993]}},{"type":"Feature","properties":{"Name":"RESIDUO MINERO","description":"","OBJECTID":"932","PROVINCIA":"SAN PABLO","DISTRITO":"SAN BERNARDINO","CUENCA":"JEQUETEPEQUE","ZONA":"17","EXUNIDAD":"PAREDONES","TIPO":"RESIDUO MINERO","SUBTIPO":"DESMONTE DE MINA","REGION":"CAJAMARCA","ESTE":"740468","NORTE":"9204739","CODIGODM":"03002115X01; 060002396","NOMBREDM":"OCCIDENTAL 1; SAN BERNARDINO\nTRES","TITULARDM":"GAONA TAFUR;  SEGUNDO LORENZO; S.M.R.L. OCCIDENTAL 2 DE CAJAMARCA","RESPONSABLE":"MINEM","GENERADOR":"NO IDENTIFICADO","ESTUDIOAMB":"---","N":"2361"},"geometry":{"type":"Point","coordinates":[-78.82248,-7.18942]}},{"type":"Feature","properties":{"Name":"RESIDUO MINERO","description":"","OBJECTID":"933","PROVINCIA":"SAN PABLO","DISTRITO":"SAN BERNARDINO","CUENCA":"JEQUETEPEQUE","ZONA":"17","EXUNIDAD":"PAREDONES","TIPO":"RESIDUO MINERO","SUBTIPO":"DESMONTE DE MINA","REGION":"CAJAMARCA","ESTE":"740867","NORTE":"9204401","CODIGODM":"010273204; 03002115X01;\n060002396","NOMBREDM":"LUMINOSA NUMERO 2A; OCCIDENTAL 1; SAN BERNARDINO\nTRES","TITULARDM":"GAONA TAFUR;  SEGUNDO LORENZO; S.M.R.L. INCOGNITA 2005; S.M.R.L. OCCIDENTAL 2 DE CAJAMARCA; TERAN VIGO;  HILDEBRANDO","RESPONSABLE":"MINEM","GENERADOR":"NO IDENTIFICADO","ESTUDIOAMB":"---","N":"2362"},"geometry":{"type":"Point","coordinates":[-78.81885,-7.19246]}},{"type":"Feature","properties":{"Name":"RESIDUO MINERO","description":"","OBJECTID":"934","PROVINCIA":"SAN PABLO","DISTRITO":"SAN BERNARDINO","CUENCA":"JEQUETEPEQUE","ZONA":"17","EXUNIDAD":"PAREDONES","TIPO":"RESIDUO MINERO","SUBTIPO":"DESMONTE DE MINA","REGION":"CAJAMARCA","ESTE":"741052","NORTE":"9204139","CODIGODM":"010071904; 010163405;\n010273204; 03002138X01;\n060002396","NOMBREDM":"ANA BEBE V; LUMINOSA NUMERO 2A; LUMINOSA 2005 A; OCCIDENTAL-3; SAN BERNARDINO\nTRES","TITULARDM":"CASTRO CASTRO;  FLAVIO; CISNEROS GONZALES;  JOSE CARLOS JESUS; GAONA TAFUR;  SEGUNDO LORENZO; S.M.R.L. INCOGNITA 2005; S.M.R.L. OCCIDENTAL 2 DE CAJAMARCA; TEJEDA MOSCOSO;  JORGE HECTOR FRANCISCO; TERAN VIGO;\nHILDEBRANDO","RESPONSABLE":"MINEM","GENERADOR":"NO IDENTIFICADO","ESTUDIOAMB":"---","N":"2363"},"geometry":{"type":"Point","coordinates":[-78.81716,-7.19482]}},{"type":"Feature","properties":{"Name":"RESIDUO MINERO","description":"","OBJECTID":"935","PROVINCIA":"SAN PABLO","DISTRITO":"SAN BERNARDINO","CUENCA":"JEQUETEPEQUE","ZONA":"17","EXUNIDAD":"PAREDONES","TIPO":"RESIDUO MINERO","SUBTIPO":"DESMONTE DE MINA","REGION":"CAJAMARCA","ESTE":"741447","NORTE":"9204077","CODIGODM":"010273204; 060002396","NOMBREDM":"LUMINOSA NUMERO 2A; SAN\nBERNARDINO TRES","TITULARDM":"GAONA TAFUR;  SEGUNDO LORENZO; S.M.R.L. INCOGNITA 2005; TERAN VIGO;\nHILDEBRANDO","RESPONSABLE":"MINEM","GENERADOR":"NO IDENTIFICADO","ESTUDIOAMB":"---","N":"2364"},"geometry":{"type":"Point","coordinates":[-78.81359,-7.19536]}},{"type":"Feature","properties":{"Name":"INFRAESTRUCTURA","description":"","OBJECTID":"936","PROVINCIA":"SAN PABLO","DISTRITO":"SAN BERNARDINO","CUENCA":"JEQUETEPEQUE","ZONA":"17","EXUNIDAD":"PAREDONES","TIPO":"INFRAESTRUCTURA","SUBTIPO":"NO DETERMINADO","REGION":"CAJAMARCA","ESTE":"740404","NORTE":"9204770","CODIGODM":"03002115X01; 060002396","NOMBREDM":"OCCIDENTAL 1; SAN BERNARDINO\nTRES","TITULARDM":"GAONA TAFUR;  SEGUNDO LORENZO; S.M.R.L. OCCIDENTAL 2 DE CAJAMARCA","RESPONSABLE":"MINEM","GENERADOR":"NO IDENTIFICADO","ESTUDIOAMB":"---","N":"2365"},"geometry":{"type":"Point","coordinates":[-78.82306,-7.18914]}},{"type":"Feature","properties":{"Name":"RESIDUO MINERO","description":"","OBJECTID":"937","PROVINCIA":"SAN PABLO","DISTRITO":"SAN BERNARDINO","CUENCA":"JEQUETEPEQUE","ZONA":"17","EXUNIDAD":"PAREDONES","TIPO":"RESIDUO MINERO","SUBTIPO":"RELAVES","REGION":"CAJAMARCA","ESTE":"740311","NORTE":"9204682","CODIGODM":"03002115X01; 060002396","NOMBREDM":"OCCIDENTAL 1; SAN BERNARDINO\nTRES","TITULARDM":"GAONA TAFUR;  SEGUNDO LORENZO; S.M.R.L. OCCIDENTAL 2 DE CAJAMARCA","RESPONSABLE":"MINEM","GENERADOR":"NO IDENTIFICADO","ESTUDIOAMB":"---","N":"2366"},"geometry":{"type":"Point","coordinates":[-78.82389,-7.18994]}},{"type":"Feature","properties":{"Name":"RESIDUO MINERO","description":"","OBJECTID":"938","PROVINCIA":"SAN PABLO","DISTRITO":"SAN BERNARDINO","CUENCA":"JEQUETEPEQUE","ZONA":"17","EXUNIDAD":"PAREDONES","TIPO":"RESIDUO MINERO","SUBTIPO":"RELAVES","REGION":"CAJAMARCA","ESTE":"740086","NORTE":"9204182","CODIGODM":"010273204; 03002115X01;\n060003195","NOMBREDM":"LUMINOSA NUMERO 2A; OCCIDENTAL CUATRO;\nOCCIDENTAL 1","TITULARDM":"S.M.R.L. INCOGNITA 2005; S.M.R.L. OCCIDENTAL 2 DE CAJAMARCA; TERAN VIGO; HILDEBRANDO","RESPONSABLE":"MINEM","GENERADOR":"NO IDENTIFICADO","ESTUDIOAMB":"---","N":"2367"},"geometry":{"type":"Point","coordinates":[-78.82591,-7.19447]}},{"type":"Feature","properties":{"Name":"LABOR MINERA","description":"","OBJECTID":"939","PROVINCIA":"SAN PABLO","DISTRITO":"SAN BERNARDINO","CUENCA":"JEQUETEPEQUE","ZONA":"17","EXUNIDAD":"PAREDONES","TIPO":"LABOR MINERA","SUBTIPO":"BOCAMINA","REGION":"CAJAMARCA","ESTE":"741061","NORTE":"9204156","CODIGODM":"010071904; 010163405;\n010273204; 03002138X01;\n060002396","NOMBREDM":"ANA BEBE V; LUMINOSA NUMERO 2A; LUMINOSA 2005 A; OCCIDENTAL-3; SAN BERNARDINO\nTRES","TITULARDM":"CASTRO CASTRO;  FLAVIO; CISNEROS GONZALES;  JOSE CARLOS JESUS; GAONA TAFUR;  SEGUNDO LORENZO; S.M.R.L. INCOGNITA 2005; S.M.R.L. OCCIDENTAL 2 DE CAJAMARCA; TEJEDA MOSCOSO;  JORGE HECTOR FRANCISCO; TERAN VIGO;\nHILDEBRANDO","RESPONSABLE":"MINEM","GENERADOR":"NO IDENTIFICADO","ESTUDIOAMB":"---","N":"2368"},"geometry":{"type":"Point","coordinates":[-78.81708,-7.19467]}},{"type":"Feature","properties":{"Name":"LABOR MINERA","description":"","OBJECTID":"940","PROVINCIA":"SAN PABLO","DISTRITO":"SAN BERNARDINO","CUENCA":"JEQUETEPEQUE","ZONA":"17","EXUNIDAD":"PAREDONES","TIPO":"LABOR MINERA","SUBTIPO":"BOCAMINA","REGION":"CAJAMARCA","ESTE":"740437","NORTE":"9204784","CODIGODM":"03002115X01; 060002396","NOMBREDM":"OCCIDENTAL 1; SAN BERNARDINO\nTRES","TITULARDM":"GAONA TAFUR;  SEGUNDO LORENZO; S.M.R.L. OCCIDENTAL 2 DE CAJAMARCA","RESPONSABLE":"MINEM","GENERADOR":"NO IDENTIFICADO","ESTUDIOAMB":"---","N":"2369"},"geometry":{"type":"Point","coordinates":[-78.82276,-7.18902]}},{"type":"Feature","properties":{"Name":"LABOR MINERA","description":"","OBJECTID":"941","PROVINCIA":"SAN PABLO","DISTRITO":"SAN BERNARDINO","CUENCA":"JEQUETEPEQUE","ZONA":"17","EXUNIDAD":"PAREDONES","TIPO":"LABOR MINERA","SUBTIPO":"BOCAMINA","REGION":"CAJAMARCA","ESTE":"740654","NORTE":"9204517","CODIGODM":"010273204; 03002115X01;\n060003195","NOMBREDM":"LUMINOSA NUMERO 2A; OCCIDENTAL CUATRO;\nOCCIDENTAL 1","TITULARDM":"S.M.R.L. INCOGNITA 2005; S.M.R.L. OCCIDENTAL 2 DE CAJAMARCA; TERAN VIGO; HILDEBRANDO","RESPONSABLE":"MINEM","GENERADOR":"NO IDENTIFICADO","ESTUDIOAMB":"---","N":"2370"},"geometry":{"type":"Point","coordinates":[-78.82078,-7.19142]}},{"type":"Feature","properties":{"Name":"LABOR MINERA","description":"","OBJECTID":"942","PROVINCIA":"SAN PABLO","DISTRITO":"SAN BERNARDINO","CUENCA":"JEQUETEPEQUE","ZONA":"17","EXUNIDAD":"PAREDONES","TIPO":"LABOR MINERA","SUBTIPO":"BOCAMINA","REGION":"CAJAMARCA","ESTE":"740343","NORTE":"9204526","CODIGODM":"010273204; 03002115X01;\n060003195","NOMBREDM":"LUMINOSA NUMERO 2A; OCCIDENTAL CUATRO;\nOCCIDENTAL 1","TITULARDM":"S.M.R.L. INCOGNITA 2005; S.M.R.L. OCCIDENTAL 2 DE CAJAMARCA; TERAN VIGO; HILDEBRANDO","RESPONSABLE":"MINEM","GENERADOR":"NO IDENTIFICADO","ESTUDIOAMB":"---","N":"2371"},"geometry":{"type":"Point","coordinates":[-78.8236,-7.19135]}},{"type":"Feature","properties":{"Name":"RESIDUO MINERO","description":"","OBJECTID":"943","PROVINCIA":"SAN PABLO","DISTRITO":"SAN BERNARDINO","CUENCA":"JEQUETEPEQUE","ZONA":"17","EXUNIDAD":"PAREDONES","TIPO":"RESIDUO MINERO","SUBTIPO":"DESMONTE DE MINA","REGION":"CAJAMARCA","ESTE":"740627","NORTE":"9204498","CODIGODM":"010273204; 03002115X01;\n060003195","NOMBREDM":"LUMINOSA NUMERO 2A; OCCIDENTAL CUATRO;\nOCCIDENTAL 1","TITULARDM":"S.M.R.L. INCOGNITA 2005; S.M.R.L. OCCIDENTAL 2 DE CAJAMARCA; TERAN VIGO; HILDEBRANDO","RESPONSABLE":"MINEM","GENERADOR":"NO IDENTIFICADO","ESTUDIOAMB":"---","N":"2372"},"geometry":{"type":"Point","coordinates":[-78.82103,-7.19159]}},{"type":"Feature","properties":{"Name":"LABOR MINERA","description":"","OBJECTID":"960","PROVINCIA":"HUALGAYOC","DISTRITO":"HUALGAYOC","CUENCA":"LLAUCANO","ZONA":"17","EXUNIDAD":"POZOS RICOS (LLAUCANO)","TIPO":"LABOR MINERA","SUBTIPO":"TAJO","REGION":"CAJAMARCA","ESTE":"763737","NORTE":"9252626","CODIGODM":"010227704; 010000184U;\n010265003; 03000406X01;\n010039199; 010009372U","NOMBREDM":"ALFA L M 500; CAROLINA N\u00ba1; CAROLINA UNO 2003; HECLA DIEZ; NAVAS-5; SAN AGUSTIN N\u00ba1","TITULARDM":"COMPA\u00d1IA MINERA COLQUIRRUMI S.A.; CONSOLIDADA DE HUALGAYOC S.A.; GOLD FIELDS LA CIMA S.A.; GOLD FIELDS LA CIMA S.A.A.; INVERSIONES Y OPERACIONES ALFA L.M.-PERU S.A.; ROJAS MARTINEZ;  MIGUEL; S.M.R.L. HECLA DIEZ DE CAJAMARCA; SOCIEDAD MINERA CORONA S.A.;","RESPONSABLE":"COMPA\u00d1IA MINERA COLQUIRRUMI S.A.","GENERADOR":"NO IDENTIFICADO","ESTUDIOAMB":"PCPAM DE LA UNIDAD MINERA COLQUIRRUMI -\"HUALGAYOC\"","N":"2389"},"geometry":{"type":"Point","coordinates":[-78.61408,-6.75557]}},{"type":"Feature","properties":{"Name":"LABOR MINERA","description":"","OBJECTID":"961","PROVINCIA":"HUALGAYOC","DISTRITO":"HUALGAYOC","CUENCA":"LLAUCANO","ZONA":"17","EXUNIDAD":"POZOS RICOS (LLAUCANO)","TIPO":"LABOR MINERA","SUBTIPO":"BOCAMINA","REGION":"CAJAMARCA","ESTE":"763434","NORTE":"9252700","CODIGODM":"010000184U; 010070004;\n03000061Y01","NOMBREDM":"CAROLINA N\u00ba1; PROYECTO 2004; SAN IGNACIO O POZOS RICOS","TITULARDM":"COMPA\u00d1IA MINERA COLQUIRRUMI S.A.; GOLD FIELDS LA CIMA S.A.; GOLD FIELDS LA CIMA S.A.A.; S.M.R.L. SAN IGNACIO O POZOS RICOS DE CAJAMARCA; SOCIEDAD MINERA CORONA S.A.; SOCIEDAD MINERA LA CIMA S.A.","RESPONSABLE":"COMPA\u00d1IA MINERA COLQUIRRUMI\nS.A.","GENERADOR":"NO IDENTIFICADO","ESTUDIOAMB":"PCPAM DE LA UNIDAD MINERA COLQUIRRUMI -\"HUALGAYOC\"","N":"2390"},"geometry":{"type":"Point","coordinates":[-78.61682,-6.75491]}},{"type":"Feature","properties":{"Name":"LABOR MINERA","description":"","OBJECTID":"962","PROVINCIA":"HUALGAYOC","DISTRITO":"HUALGAYOC","CUENCA":"LLAUCANO","ZONA":"17","EXUNIDAD":"POZOS RICOS (LLAUCANO)","TIPO":"LABOR MINERA","SUBTIPO":"BOCAMINA","REGION":"CAJAMARCA","ESTE":"763641","NORTE":"9252670","CODIGODM":"010000184U; 03000406X01;\n010070004; 03000061Y01","NOMBREDM":"CAROLINA N\u00ba1; HECLA DIEZ; PROYECTO 2004; SAN IGNACIO O POZOS RICOS","TITULARDM":"COMPA\u00d1IA MINERA COLQUIRRUMI S.A.; CONSOLIDADA DE HUALGAYOC S.A.; GOLD FIELDS LA CIMA S.A.; GOLD FIELDS LA CIMA S.A.A.; S.M.R.L. HECLA DIEZ DE CAJAMARCA; S.M.R.L. SAN IGNACIO O POZOS RICOS DE CAJAMARCA; SOCIEDAD MINERA CORONA S.A.; SOCIEDAD MINERA LA CIM","RESPONSABLE":"COMPA\u00d1IA MINERA COLQUIRRUMI S.A.","GENERADOR":"NO IDENTIFICADO","ESTUDIOAMB":"PCPAM DE LA UNIDAD MINERA COLQUIRRUMI -\"HUALGAYOC\"","N":"2391"},"geometry":{"type":"Point","coordinates":[-78.61495,-6.75517]}},{"type":"Feature","properties":{"Name":"LABOR MINERA","description":"","OBJECTID":"963","PROVINCIA":"HUALGAYOC","DISTRITO":"HUALGAYOC","CUENCA":"LLAUCANO","ZONA":"17","EXUNIDAD":"POZOS RICOS (LLAUCANO)","TIPO":"LABOR MINERA","SUBTIPO":"BOCAMINA","REGION":"CAJAMARCA","ESTE":"763278","NORTE":"9252653","CODIGODM":"010000184U; 03000393X01;\n010070004","NOMBREDM":"CAROLINA N\u00ba1; PERENE; PROYECTO 2004","TITULARDM":"COMPA\u00d1IA MINERA COLQUIRRUMI S.A.; CONSOLIDADA DE HUALGAYOC S.A.; GOLD FIELDS LA CIMA S.A.; GOLD FIELDS LA CIMA S.A.A.; SOCIEDAD MINERA CORONA S.A.; SOCIEDAD MINERA LA CIMA S.A.","RESPONSABLE":"COMPA\u00d1IA MINERA COLQUIRRUMI\nS.A.","GENERADOR":"NO IDENTIFICADO","ESTUDIOAMB":"PCPAM DE LA UNIDAD MINERA COLQUIRRUMI -\"HUALGAYOC\"","N":"2392"},"geometry":{"type":"Point","coordinates":[-78.61823,-6.75534]}},{"type":"Feature","properties":{"Name":"LABOR MINERA","description":"","OBJECTID":"964","PROVINCIA":"HUALGAYOC","DISTRITO":"HUALGAYOC","CUENCA":"LLAUCANO","ZONA":"17","EXUNIDAD":"POZOS RICOS (LLAUCANO)","TIPO":"LABOR MINERA","SUBTIPO":"BOCAMINA","REGION":"CAJAMARCA","ESTE":"763529","NORTE":"9252416","CODIGODM":"010227704; 010000184U;\n010265003; 010039199;\n03001206X01","NOMBREDM":"ALFA L M 500; CAROLINA N\u00ba1; CAROLINA UNO 2003; NAVAS-5; PREDILECTA","TITULARDM":"COMPA\u00d1IA MINERA SANTA RITA S.A.; GOLD FIELDS LA CIMA S.A.; GOLD FIELDS LA CIMA S.A.A.; INVERSIONES Y OPERACIONES ALFA L.M.-PERU S.A.; NEGOCIACION MINERA EMILIO MONTOYA ZAMBRANO S.A.; ROJAS MARTINEZ;  MIGUEL; S.M.R.L. PREDILECTA DE CAJAMARCA; SOCIEDAD MI","RESPONSABLE":"---","GENERADOR":"NO IDENTIFICADO","ESTUDIOAMB":"---","N":"2393"},"geometry":{"type":"Point","coordinates":[-78.61595,-6.75747]}},{"type":"Feature","properties":{"Name":"LABOR MINERA","description":"","OBJECTID":"965","PROVINCIA":"HUALGAYOC","DISTRITO":"HUALGAYOC","CUENCA":"LLAUCANO","ZONA":"17","EXUNIDAD":"POZOS RICOS (LLAUCANO)","TIPO":"LABOR MINERA","SUBTIPO":"BOCAMINA","REGION":"CAJAMARCA","ESTE":"763561","NORTE":"9252458","CODIGODM":"010227704; 010000184U;\n010265003; 010039199;\n03001206X01; 010009372U;\n03000367X01","NOMBREDM":"ALFA L M 500; CAROLINA N\u00ba1; CAROLINA UNO 2003; NAVAS-5; PREDILECTA; SAN AGUSTIN N\u00ba1; SAN REMO","TITULARDM":"COMPA\u00d1IA MINERA COLQUIRRUMI S.A.; COMPA\u00d1IA MINERA NUEVA ITALIA S.A.; COMPA\u00d1IA MINERA SANTA RITA S.A.; GOLD FIELDS LA CIMA S.A.; GOLD FIELDS LA CIMA S.A.A.; INVERSIONES Y OPERACIONES ALFA L.M.-PERU S.A.; NEGOCIACION MINERA EMILIO MONTOYA ZAMBRANO S.A.;","RESPONSABLE":"---","GENERADOR":"NO IDENTIFICADO","ESTUDIOAMB":"---","N":"2394"},"geometry":{"type":"Point","coordinates":[-78.61566,-6.75709]}},{"type":"Feature","properties":{"Name":"LABOR MINERA","description":"","OBJECTID":"1002","PROVINCIA":"HUALGAYOC","DISTRITO":"HUALGAYOC","CUENCA":"LLAUCANO","ZONA":"17","EXUNIDAD":"QUEBRADA HONDA (LLAUCANO)","TIPO":"LABOR MINERA","SUBTIPO":"BOCAMINA","REGION":"CAJAMARCA","ESTE":"765544","NORTE":"9251520","CODIGODM":"03001063X01; 010009372U;\n010236794","NOMBREDM":"NERON; SAN AGUSTIN N\u00ba1; SAN JOSE N\u00ba 1","TITULARDM":"COMPA\u00d1IA MINERA COLQUIRRUMI S.A.; CONSOLIDADA DE HUALGAYOC S.A.; GOLD FIELDS LA CIMA S.A.A.; VIDALON PAREJA;  JAIME DAVID","RESPONSABLE":"COMPA\u00d1IA MINERA COLQUIRRUMI\nS.A.","GENERADOR":"NO IDENTIFICADO","ESTUDIOAMB":"PCPAM DE LA UNIDAD MINERA COLQUIRRUMI -\"HUALGAYOC\"","N":"2431"},"geometry":{"type":"Point","coordinates":[-78.59769,-6.76548]}},{"type":"Feature","properties":{"Name":"LABOR MINERA","description":"","OBJECTID":"1003","PROVINCIA":"HUALGAYOC","DISTRITO":"HUALGAYOC","CUENCA":"LLAUCANO","ZONA":"17","EXUNIDAD":"QUEBRADA HONDA (LLAUCANO)","TIPO":"LABOR MINERA","SUBTIPO":"BOCAMINA","REGION":"CAJAMARCA","ESTE":"765517","NORTE":"9251458","CODIGODM":"03001063X01; 010009372U;\n010236794","NOMBREDM":"NERON; SAN AGUSTIN N\u00ba1; SAN JOSE N\u00ba 1","TITULARDM":"COMPA\u00d1IA MINERA COLQUIRRUMI S.A.; CONSOLIDADA DE HUALGAYOC S.A.; GOLD FIELDS LA CIMA S.A.A.; VIDALON PAREJA;  JAIME DAVID","RESPONSABLE":"COMPA\u00d1IA MINERA COLQUIRRUMI\nS.A.","GENERADOR":"NO IDENTIFICADO","ESTUDIOAMB":"PCPAM DE LA UNIDAD MINERA COLQUIRRUMI -\"HUALGAYOC\"","N":"2432"},"geometry":{"type":"Point","coordinates":[-78.59793,-6.76604]}},{"type":"Feature","properties":{"Name":"LABOR MINERA","description":"","OBJECTID":"1004","PROVINCIA":"HUALGAYOC","DISTRITO":"HUALGAYOC","CUENCA":"LLAUCANO","ZONA":"17","EXUNIDAD":"QUEBRADA HONDA (LLAUCANO)","TIPO":"LABOR MINERA","SUBTIPO":"BOCAMINA","REGION":"CAJAMARCA","ESTE":"765482","NORTE":"9251389","CODIGODM":"010009372U; 010236794;\n03001096X01","NOMBREDM":"SAN AGUSTIN N\u00ba1; SAN JOSE N\u00ba 1; SEGUNDA REBELDE","TITULARDM":"COMPA\u00d1IA MINERA COLQUIRRUMI S.A.; CONSOLIDADA DE HUALGAYOC S.A.; GOLD FIELDS LA CIMA S.A.A.; VIDALON PAREJA;  JAIME DAVID","RESPONSABLE":"COMPA\u00d1IA MINERA COLQUIRRUMI\nS.A.","GENERADOR":"NO IDENTIFICADO","ESTUDIOAMB":"PCPAM DE LA UNIDAD MINERA COLQUIRRUMI -\"HUALGAYOC\"","N":"2433"},"geometry":{"type":"Point","coordinates":[-78.59825,-6.76667]}},{"type":"Feature","properties":{"Name":"RESIDUO MINERO","description":"","OBJECTID":"1005","PROVINCIA":"HUALGAYOC","DISTRITO":"HUALGAYOC","CUENCA":"LLAUCANO","ZONA":"17","EXUNIDAD":"QUEBRADA HONDA (LLAUCANO)","TIPO":"RESIDUO MINERO","SUBTIPO":"DESMONTE DE MINA","REGION":"CAJAMARCA","ESTE":"765414","NORTE":"9251719","CODIGODM":"03001059X01; 010009372U;\n010236794","NOMBREDM":"LA DELIA; SAN AGUSTIN N\u00ba1; SAN JOSE N\u00ba 1","TITULARDM":"BANCO MINERO DEL PERU EN LIQUIDACION; COMPA\u00d1IA MINERA COLQUIRRUMI S.A.; CONSOLIDADA DE HUALGAYOC S.A.; GOLD FIELDS LA CIMA S.A.A.; VIDALON PAREJA;  JAIME DAVID","RESPONSABLE":"COMPA\u00d1IA MINERA COLQUIRRUMI\nS.A.","GENERADOR":"NO IDENTIFICADO","ESTUDIOAMB":"PCPAM DE LA UNIDAD MINERA COLQUIRRUMI -\"HUALGAYOC\"","N":"2434"},"geometry":{"type":"Point","coordinates":[-78.59887,-6.76369]}},{"type":"Feature","properties":{"Name":"LABOR MINERA","description":"","OBJECTID":"1006","PROVINCIA":"HUALGAYOC","DISTRITO":"HUALGAYOC","CUENCA":"LLAUCANO","ZONA":"17","EXUNIDAD":"QUEBRADA HONDA (LLAUCANO)","TIPO":"LABOR MINERA","SUBTIPO":"TRINCHERA","REGION":"CAJAMARCA","ESTE":"765473","NORTE":"9251387","CODIGODM":"010009372U; 010236794;\n03001096X01","NOMBREDM":"SAN AGUSTIN N\u00ba1; SAN JOSE N\u00ba 1; SEGUNDA REBELDE","TITULARDM":"COMPA\u00d1IA MINERA COLQUIRRUMI S.A.; CONSOLIDADA DE HUALGAYOC S.A.; GOLD FIELDS LA CIMA S.A.A.; VIDALON PAREJA;  JAIME DAVID","RESPONSABLE":"COMPA\u00d1IA MINERA COLQUIRRUMI\nS.A.","GENERADOR":"NO IDENTIFICADO","ESTUDIOAMB":"PCPAM DE LA UNIDAD MINERA COLQUIRRUMI -\"HUALGAYOC\"","N":"2435"},"geometry":{"type":"Point","coordinates":[-78.59833,-6.76669]}},{"type":"Feature","properties":{"Name":"LABOR MINERA","description":"","OBJECTID":"1007","PROVINCIA":"HUALGAYOC","DISTRITO":"HUALGAYOC","CUENCA":"LLAUCANO","ZONA":"17","EXUNIDAD":"QUEBRADA HONDA (LLAUCANO)","TIPO":"LABOR MINERA","SUBTIPO":"BOCAMINA","REGION":"CAJAMARCA","ESTE":"765407","NORTE":"9251721","CODIGODM":"0302212BX01; 010236794","NOMBREDM":"LAGO AL-2 (FRACCIONADO); SAN JOSE N\u00ba 1","TITULARDM":"COMPA\u00d1IA MINERA LOS MANTOS S.A.; GOLD FIELDS LA CIMA S.A.A.; VIDALON PAREJA;  JAIME DAVID","RESPONSABLE":"COMPA\u00d1IA MINERA COLQUIRRUMI\nS.A.","GENERADOR":"NO IDENTIFICADO","ESTUDIOAMB":"PCPAM DE LA UNIDAD MINERA COLQUIRRUMI -\"HUALGAYOC\"","N":"2436"},"geometry":{"type":"Point","coordinates":[-78.59894,-6.76367]}},{"type":"Feature","properties":{"Name":"LABOR MINERA","description":"","OBJECTID":"1008","PROVINCIA":"HUALGAYOC","DISTRITO":"HUALGAYOC","CUENCA":"LLAUCANO","ZONA":"17","EXUNIDAD":"QUEBRADA HONDA (LLAUCANO)","TIPO":"LABOR MINERA","SUBTIPO":"BOCAMINA","REGION":"CAJAMARCA","ESTE":"765469","NORTE":"9251524","CODIGODM":"03001063X01; 010009372U;\n010236794","NOMBREDM":"NERON; SAN AGUSTIN N\u00ba1; SAN JOSE N\u00ba 1","TITULARDM":"COMPA\u00d1IA MINERA COLQUIRRUMI S.A.; CONSOLIDADA DE HUALGAYOC S.A.; GOLD FIELDS LA CIMA S.A.A.; VIDALON PAREJA;  JAIME DAVID","RESPONSABLE":"COMPA\u00d1IA MINERA COLQUIRRUMI\nS.A.","GENERADOR":"NO IDENTIFICADO","ESTUDIOAMB":"PCPAM DE LA UNIDAD MINERA COLQUIRRUMI -\"HUALGAYOC\"","N":"2437"},"geometry":{"type":"Point","coordinates":[-78.59837,-6.76545]}},{"type":"Feature","properties":{"Name":"LABOR MINERA","description":"","OBJECTID":"1009","PROVINCIA":"HUALGAYOC","DISTRITO":"HUALGAYOC","CUENCA":"LLAUCANO","ZONA":"17","EXUNIDAD":"SAN AGUSTIN (LLAUCANO)","TIPO":"LABOR MINERA","SUBTIPO":"BOCAMINA","REGION":"CAJAMARCA","ESTE":"767014","NORTE":"9252600","CODIGODM":"P0100009; 03000334Y01; 010009372U; 010778195","NOMBREDM":"PLANTA DE BENEFICIO; SAN AGUSTIN; SAN AGUSTIN N\u00ba1; SAN JOSE N\u00ba 1-A","TITULARDM":"BANCO MINERO DEL PERU EN LIQUIDACION; COMPA\u00d1IA MINERA COLQUIRRUMI S.A.; CONSOLIDADA DE HUALGAYOC S.A.; GOLD FIELDS LA CIMA S.A.A.; VIDALON PAREJA;  JAIME DAVID","RESPONSABLE":"COMPA\u00d1IA MINERA COLQUIRRUMI\nS.A.","GENERADOR":"NO IDENTIFICADO","ESTUDIOAMB":"PCPAM DE LA UNIDAD MINERA COLQUIRRUMI -\"HUALGAYOC\"","N":"2438"},"geometry":{"type":"Point","coordinates":[-78.58445,-6.75566]}},{"type":"Feature","properties":{"Name":"LABOR MINERA","description":"","OBJECTID":"966","PROVINCIA":"HUALGAYOC","DISTRITO":"HUALGAYOC","CUENCA":"LLAUCANO","ZONA":"17","EXUNIDAD":"POZOS RICOS (LLAUCANO)","TIPO":"LABOR MINERA","SUBTIPO":"BOCAMINA","REGION":"CAJAMARCA","ESTE":"763573","NORTE":"9252463","CODIGODM":"010227704; 010000184U;\n010265003; 010039199;\n010009372U; 03000367X01","NOMBREDM":"ALFA L M 500; CAROLINA N\u00ba1; CAROLINA UNO 2003; NAVAS-5; SAN AGUSTIN N\u00ba1; SAN REMO","TITULARDM":"COMPA\u00d1IA MINERA COLQUIRRUMI S.A.; COMPA\u00d1IA MINERA NUEVA ITALIA S.A.; GOLD FIELDS LA CIMA S.A.; GOLD FIELDS LA CIMA S.A.A.; INVERSIONES Y OPERACIONES ALFA L.M.-PERU S.A.; ROJAS MARTINEZ;  MIGUEL; SOCIEDAD MINERA CORONA S.A.; SOCIEDAD MINERA LA CIMA S.A.","RESPONSABLE":"---","GENERADOR":"NO IDENTIFICADO","ESTUDIOAMB":"---","N":"2395"},"geometry":{"type":"Point","coordinates":[-78.61555,-6.75705]}},{"type":"Feature","properties":{"Name":"LABOR MINERA","description":"","OBJECTID":"967","PROVINCIA":"HUALGAYOC","DISTRITO":"HUALGAYOC","CUENCA":"LLAUCANO","ZONA":"17","EXUNIDAD":"POZOS RICOS (LLAUCANO)","TIPO":"LABOR MINERA","SUBTIPO":"BOCAMINA","REGION":"CAJAMARCA","ESTE":"763669","NORTE":"9252389","CODIGODM":"010227704; 010000184U;\n010265003; 010039199;\n010009372U; 03000367X01","NOMBREDM":"ALFA L M 500; CAROLINA N\u00ba1; CAROLINA UNO 2003; NAVAS-5; SAN AGUSTIN N\u00ba1; SAN REMO","TITULARDM":"COMPA\u00d1IA MINERA COLQUIRRUMI S.A.; COMPA\u00d1IA MINERA NUEVA ITALIA S.A.; GOLD FIELDS LA CIMA S.A.; GOLD FIELDS LA CIMA S.A.A.; INVERSIONES Y OPERACIONES ALFA L.M.-PERU S.A.; ROJAS MARTINEZ;  MIGUEL; SOCIEDAD MINERA CORONA S.A.; SOCIEDAD MINERA LA CIMA S.A.","RESPONSABLE":"COMPA\u00d1IA MINERA COLQUIRRUMI S.A.","GENERADOR":"NO IDENTIFICADO","ESTUDIOAMB":"PCPAM DE LA UNIDAD MINERA COLQUIRRUMI -\"HUALGAYOC\"","N":"2396"},"geometry":{"type":"Point","coordinates":[-78.61468,-6.75771]}},{"type":"Feature","properties":{"Name":"LABOR MINERA","description":"","OBJECTID":"968","PROVINCIA":"HUALGAYOC","DISTRITO":"HUALGAYOC","CUENCA":"LLAUCANO","ZONA":"17","EXUNIDAD":"POZOS RICOS (LLAUCANO)","TIPO":"LABOR MINERA","SUBTIPO":"TAJO","REGION":"CAJAMARCA","ESTE":"763257","NORTE":"9252712","CODIGODM":"010000184U; 03000393X01;\n010070004; 010009272U","NOMBREDM":"CAROLINA N\u00ba1; PERENE; PROYECTO 2004; SAN AGUSTIN\nN\u00ba2","TITULARDM":"COMPA\u00d1IA MINERA COLQUIRRUMI S.A.; CONSOLIDADA DE HUALGAYOC S.A.; GOLD FIELDS LA CIMA S.A.; GOLD FIELDS LA CIMA S.A.A.; SOCIEDAD MINERA CORONA S.A.; SOCIEDAD MINERA LA CIMA S.A.","RESPONSABLE":"COMPA\u00d1IA MINERA COLQUIRRUMI\nS.A.","GENERADOR":"NO IDENTIFICADO","ESTUDIOAMB":"PCPAM DE LA UNIDAD MINERA COLQUIRRUMI -\"HUALGAYOC\"","N":"2397"},"geometry":{"type":"Point","coordinates":[-78.61842,-6.75481]}},{"type":"Feature","properties":{"Name":"LABOR MINERA","description":"","OBJECTID":"969","PROVINCIA":"HUALGAYOC","DISTRITO":"HUALGAYOC","CUENCA":"LLAUCANO","ZONA":"17","EXUNIDAD":"POZOS RICOS (LLAUCANO)","TIPO":"LABOR MINERA","SUBTIPO":"CHIMENEA","REGION":"CAJAMARCA","ESTE":"763308","NORTE":"9252708","CODIGODM":"010000184U; 03000393X01;\n010070004; 010009272U","NOMBREDM":"CAROLINA N\u00ba1; PERENE; PROYECTO 2004; SAN AGUSTIN\nN\u00ba2","TITULARDM":"COMPA\u00d1IA MINERA COLQUIRRUMI S.A.; CONSOLIDADA DE HUALGAYOC S.A.; GOLD FIELDS LA CIMA S.A.; GOLD FIELDS LA CIMA S.A.A.; SOCIEDAD MINERA CORONA S.A.; SOCIEDAD MINERA LA CIMA S.A.","RESPONSABLE":"COMPA\u00d1IA MINERA COLQUIRRUMI\nS.A.","GENERADOR":"NO IDENTIFICADO","ESTUDIOAMB":"PCPAM DE LA UNIDAD MINERA COLQUIRRUMI -\"HUALGAYOC\"","N":"2398"},"geometry":{"type":"Point","coordinates":[-78.61796,-6.75484]}},{"type":"Feature","properties":{"Name":"LABOR MINERA","description":"","OBJECTID":"970","PROVINCIA":"HUALGAYOC","DISTRITO":"HUALGAYOC","CUENCA":"LLAUCANO","ZONA":"17","EXUNIDAD":"POZOS RICOS (LLAUCANO)","TIPO":"LABOR MINERA","SUBTIPO":"TAJO","REGION":"CAJAMARCA","ESTE":"763521","NORTE":"9252612","CODIGODM":"010227704; 010000184U;\n010265003; 010039199;\n03000061Y01","NOMBREDM":"ALFA L M 500; CAROLINA N\u00ba1; CAROLINA UNO 2003; NAVAS-5; SAN IGNACIO O POZOS RICOS","TITULARDM":"COMPA\u00d1IA MINERA COLQUIRRUMI S.A.; GOLD FIELDS LA CIMA S.A.; GOLD FIELDS LA CIMA S.A.A.; INVERSIONES Y OPERACIONES ALFA L.M.-PERU S.A.; ROJAS MARTINEZ;  MIGUEL; S.M.R.L. SAN IGNACIO O POZOS RICOS DE CAJAMARCA; SOCIEDAD MINERA CORONA S.A.; SOCIEDAD MINERA","RESPONSABLE":"COMPA\u00d1IA MINERA COLQUIRRUMI S.A.","GENERADOR":"NO IDENTIFICADO","ESTUDIOAMB":"PCPAM DE LA UNIDAD MINERA COLQUIRRUMI -\"HUALGAYOC\"","N":"2399"},"geometry":{"type":"Point","coordinates":[-78.61603,-6.7557]}},{"type":"Feature","properties":{"Name":"RESIDUO MINERO","description":"","OBJECTID":"971","PROVINCIA":"HUALGAYOC","DISTRITO":"HUALGAYOC","CUENCA":"LLAUCANO","ZONA":"17","EXUNIDAD":"POZOS RICOS\n(LLAUCANO)","TIPO":"RESIDUO MINERO","SUBTIPO":"DESMONTE DE MINA","REGION":"CAJAMARCA","ESTE":"763817","NORTE":"9252253","CODIGODM":"010009372U; 010236794;\n03000365X01","NOMBREDM":"SAN AGUSTIN N\u00ba1; SAN JOSE N\u00ba 1;\nSEGUNDO SAN REMO","TITULARDM":"COMPA\u00d1IA MINERA COLQUIRRUMI S.A.; COMPA\u00d1IA MINERA NUEVA ITALIA S.A.;\nGOLD FIELDS LA CIMA S.A.A.; VIDALON PAREJA;  JAIME DAVID","RESPONSABLE":"---","GENERADOR":"NO IDENTIFICADO","ESTUDIOAMB":"---","N":"2400"},"geometry":{"type":"Point","coordinates":[-78.61334,-6.75893]}},{"type":"Feature","properties":{"Name":"RESIDUO MINERO","description":"","OBJECTID":"972","PROVINCIA":"HUALGAYOC","DISTRITO":"HUALGAYOC","CUENCA":"LLAUCANO","ZONA":"17","EXUNIDAD":"POZOS RICOS (LLAUCANO)","TIPO":"RESIDUO MINERO","SUBTIPO":"DESMONTE DE MINA","REGION":"CAJAMARCA","ESTE":"763817","NORTE":"9252551","CODIGODM":"03001700X01; 010236794","NOMBREDM":"CAPRICORNIO; SAN JOSE N\u00ba 1","TITULARDM":"GOLD FIELDS LA CIMA S.A.A.; MONTOYA DEL VALLE;  LILIA MARIA; MONTOYA DEL VALLE;  SOLEDAD ANGELICA; MONTOYA VALERA;  ELVIA SILVIA; S.M.R.L. CAPRICORNIO; VALERA GUERRERO VDA DE MONTOYA;  MARIA LUZMILA;\nVIDALON PAREJA;  JAIME DAVID","RESPONSABLE":"COMPA\u00d1IA MINERA COLQUIRRUMI\nS.A.","GENERADOR":"NO IDENTIFICADO","ESTUDIOAMB":"PCPAM DE LA UNIDAD MINERA COLQUIRRUMI -\"HUALGAYOC\"","N":"2401"},"geometry":{"type":"Point","coordinates":[-78.61335,-6.75624]}},{"type":"Feature","properties":{"Name":"LABOR MINERA","description":"","OBJECTID":"973","PROVINCIA":"HUALGAYOC","DISTRITO":"HUALGAYOC","CUENCA":"LLAUCANO","ZONA":"17","EXUNIDAD":"POZOS RICOS (LLAUCANO)","TIPO":"LABOR MINERA","SUBTIPO":"TRINCHERA","REGION":"CAJAMARCA","ESTE":"763470","NORTE":"9252637","CODIGODM":"010227704; 010000184U;\n010265003; 010039199;\n03000061Y01","NOMBREDM":"ALFA L M 500; CAROLINA N\u00ba1; CAROLINA UNO 2003; NAVAS-5; SAN IGNACIO O POZOS RICOS","TITULARDM":"COMPA\u00d1IA MINERA COLQUIRRUMI S.A.; GOLD FIELDS LA CIMA S.A.; GOLD FIELDS LA CIMA S.A.A.; INVERSIONES Y OPERACIONES ALFA L.M.-PERU S.A.; ROJAS MARTINEZ;  MIGUEL; S.M.R.L. SAN IGNACIO O POZOS RICOS DE CAJAMARCA; SOCIEDAD MINERA CORONA S.A.; SOCIEDAD MINERA","RESPONSABLE":"COMPA\u00d1IA MINERA COLQUIRRUMI S.A.","GENERADOR":"NO IDENTIFICADO","ESTUDIOAMB":"PCPAM DE LA UNIDAD MINERA COLQUIRRUMI -\"HUALGAYOC\"","N":"2402"},"geometry":{"type":"Point","coordinates":[-78.61649,-6.75548]}},{"type":"Feature","properties":{"Name":"LABOR MINERA","description":"","OBJECTID":"974","PROVINCIA":"HUALGAYOC","DISTRITO":"HUALGAYOC","CUENCA":"LLAUCANO","ZONA":"17","EXUNIDAD":"POZOS RICOS (LLAUCANO)","TIPO":"LABOR MINERA","SUBTIPO":"PIQUE","REGION":"CAJAMARCA","ESTE":"763582","NORTE":"9252551","CODIGODM":"010227704; 010000184U;\n010265003; 010039199;\n03000061Y01","NOMBREDM":"ALFA L M 500; CAROLINA N\u00ba1; CAROLINA UNO 2003; NAVAS-5; SAN IGNACIO O POZOS RICOS","TITULARDM":"COMPA\u00d1IA MINERA COLQUIRRUMI S.A.; GOLD FIELDS LA CIMA S.A.; GOLD FIELDS LA CIMA S.A.A.; INVERSIONES Y OPERACIONES ALFA L.M.-PERU S.A.; ROJAS MARTINEZ;  MIGUEL; S.M.R.L. SAN IGNACIO O POZOS RICOS DE CAJAMARCA; SOCIEDAD MINERA CORONA S.A.; SOCIEDAD MINERA","RESPONSABLE":"COMPA\u00d1IA MINERA COLQUIRRUMI S.A.","GENERADOR":"NO IDENTIFICADO","ESTUDIOAMB":"PCPAM DE LA UNIDAD MINERA COLQUIRRUMI -\"HUALGAYOC\"","N":"2403"},"geometry":{"type":"Point","coordinates":[-78.61548,-6.75625]}},{"type":"Feature","properties":{"Name":"LABOR MINERA","description":"","OBJECTID":"975","PROVINCIA":"HUALGAYOC","DISTRITO":"HUALGAYOC","CUENCA":"LLAUCANO","ZONA":"17","EXUNIDAD":"POZOS RICOS (LLAUCANO)","TIPO":"LABOR MINERA","SUBTIPO":"BOCAMINA","REGION":"CAJAMARCA","ESTE":"763695","NORTE":"9252515","CODIGODM":"010227704; 010000184U;\n010265003; 010039199;\n010009372U; 03000367X01","NOMBREDM":"ALFA L M 500; CAROLINA N\u00ba1; CAROLINA UNO 2003; NAVAS-5; SAN AGUSTIN N\u00ba1; SAN REMO","TITULARDM":"COMPA\u00d1IA MINERA COLQUIRRUMI S.A.; COMPA\u00d1IA MINERA NUEVA ITALIA S.A.; GOLD FIELDS LA CIMA S.A.; GOLD FIELDS LA CIMA S.A.A.; INVERSIONES Y OPERACIONES ALFA L.M.-PERU S.A.; ROJAS MARTINEZ;  MIGUEL; SOCIEDAD MINERA CORONA S.A.; SOCIEDAD MINERA LA CIMA S.A.","RESPONSABLE":"COMPA\u00d1IA MINERA COLQUIRRUMI S.A.","GENERADOR":"NO IDENTIFICADO","ESTUDIOAMB":"PCPAM DE LA UNIDAD MINERA COLQUIRRUMI -\"HUALGAYOC\"","N":"2404"},"geometry":{"type":"Point","coordinates":[-78.61445,-6.75657]}},{"type":"Feature","properties":{"Name":"LABOR MINERA","description":"","OBJECTID":"976","PROVINCIA":"HUALGAYOC","DISTRITO":"HUALGAYOC","CUENCA":"LLAUCANO","ZONA":"17","EXUNIDAD":"POZOS RICOS (LLAUCANO)","TIPO":"LABOR MINERA","SUBTIPO":"BOCAMINA","REGION":"CAJAMARCA","ESTE":"763610","NORTE":"9252506","CODIGODM":"010227704; 010000184U;\n010265003; 010039199;\n010009372U; 03000061Y01","NOMBREDM":"ALFA L M 500; CAROLINA N\u00ba1; CAROLINA UNO 2003; NAVAS-5; SAN AGUSTIN N\u00ba1; SAN IGNACIO O POZOS RICOS","TITULARDM":"COMPA\u00d1IA MINERA COLQUIRRUMI S.A.; GOLD FIELDS LA CIMA S.A.; GOLD FIELDS LA CIMA S.A.A.; INVERSIONES Y OPERACIONES ALFA L.M.-PERU S.A.; ROJAS MARTINEZ;  MIGUEL; S.M.R.L. SAN IGNACIO O POZOS RICOS DE CAJAMARCA; SOCIEDAD MINERA CORONA S.A.; SOCIEDAD MINERA","RESPONSABLE":"COMPA\u00d1IA MINERA COLQUIRRUMI S.A.","GENERADOR":"NO IDENTIFICADO","ESTUDIOAMB":"PCPAM DE LA UNIDAD MINERA COLQUIRRUMI -\"HUALGAYOC\"","N":"2405"},"geometry":{"type":"Point","coordinates":[-78.61522,-6.75666]}},{"type":"Feature","properties":{"Name":"LABOR MINERA","description":"","OBJECTID":"977","PROVINCIA":"HUALGAYOC","DISTRITO":"HUALGAYOC","CUENCA":"LLAUCANO","ZONA":"17","EXUNIDAD":"POZOS RICOS (LLAUCANO)","TIPO":"LABOR MINERA","SUBTIPO":"BOCAMINA","REGION":"CAJAMARCA","ESTE":"763789","NORTE":"9252294","CODIGODM":"010009372U; 010236794;\n03000367X01","NOMBREDM":"SAN AGUSTIN N\u00ba1; SAN JOSE N\u00ba 1; SAN REMO","TITULARDM":"COMPA\u00d1IA MINERA COLQUIRRUMI S.A.; COMPA\u00d1IA MINERA NUEVA ITALIA S.A.; GOLD FIELDS LA CIMA S.A.A.; VIDALON PAREJA;  JAIME DAVID","RESPONSABLE":"COMPA\u00d1IA MINERA COLQUIRRUMI\nS.A.","GENERADOR":"NO IDENTIFICADO","ESTUDIOAMB":"PCPAM DE LA UNIDAD MINERA COLQUIRRUMI -\"HUALGAYOC\"","N":"2406"},"geometry":{"type":"Point","coordinates":[-78.61359,-6.75857]}},{"type":"Feature","properties":{"Name":"LABOR MINERA","description":"","OBJECTID":"978","PROVINCIA":"HUALGAYOC","DISTRITO":"HUALGAYOC","CUENCA":"LLAUCANO","ZONA":"17","EXUNIDAD":"POZOS RICOS (LLAUCANO)","TIPO":"LABOR MINERA","SUBTIPO":"BOCAMINA","REGION":"CAJAMARCA","ESTE":"763806","NORTE":"9252562","CODIGODM":"03001700X01; 010236794","NOMBREDM":"CAPRICORNIO; SAN JOSE N\u00ba 1","TITULARDM":"GOLD FIELDS LA CIMA S.A.A.; MONTOYA DEL VALLE;  LILIA MARIA; MONTOYA DEL VALLE;  SOLEDAD ANGELICA; MONTOYA VALERA;  ELVIA SILVIA; S.M.R.L. CAPRICORNIO; VALERA GUERRERO VDA DE MONTOYA;  MARIA LUZMILA;\nVIDALON PAREJA;  JAIME DAVID","RESPONSABLE":"COMPA\u00d1IA MINERA COLQUIRRUMI\nS.A.","GENERADOR":"NO IDENTIFICADO","ESTUDIOAMB":"PCPAM DE LA UNIDAD MINERA COLQUIRRUMI -\"HUALGAYOC\"","N":"2407"},"geometry":{"type":"Point","coordinates":[-78.61345,-6.75614]}},{"type":"Feature","properties":{"Name":"LABOR MINERA","description":"","OBJECTID":"979","PROVINCIA":"HUALGAYOC","DISTRITO":"HUALGAYOC","CUENCA":"LLAUCANO","ZONA":"17","EXUNIDAD":"POZOS RICOS (LLAUCANO)","TIPO":"LABOR MINERA","SUBTIPO":"BOCAMINA","REGION":"CAJAMARCA","ESTE":"763496","NORTE":"9252534","CODIGODM":"010227704; 010000184U;\n010265003; 010039199;\n03001206X01","NOMBREDM":"ALFA L M 500; CAROLINA N\u00ba1; CAROLINA UNO 2003; NAVAS-5; PREDILECTA","TITULARDM":"COMPA\u00d1IA MINERA SANTA RITA S.A.; GOLD FIELDS LA CIMA S.A.; GOLD FIELDS LA CIMA S.A.A.; INVERSIONES Y OPERACIONES ALFA L.M.-PERU S.A.; NEGOCIACION MINERA EMILIO MONTOYA ZAMBRANO S.A.; ROJAS MARTINEZ;  MIGUEL; S.M.R.L. PREDILECTA DE CAJAMARCA; SOCIEDAD MI","RESPONSABLE":"---","GENERADOR":"NO IDENTIFICADO","ESTUDIOAMB":"---","N":"2408"},"geometry":{"type":"Point","coordinates":[-78.61625,-6.75641]}},{"type":"Feature","properties":{"Name":"LABOR MINERA","description":"","OBJECTID":"980","PROVINCIA":"HUALGAYOC","DISTRITO":"HUALGAYOC","CUENCA":"LLAUCANO","ZONA":"17","EXUNIDAD":"POZOS RICOS (LLAUCANO)","TIPO":"LABOR MINERA","SUBTIPO":"BOCAMINA","REGION":"CAJAMARCA","ESTE":"763324","NORTE":"9252715","CODIGODM":"010000184U; 03000393X01;\n010070004; 010009272U","NOMBREDM":"CAROLINA N\u00ba1; PERENE; PROYECTO 2004; SAN AGUSTIN\nN\u00ba2","TITULARDM":"COMPA\u00d1IA MINERA COLQUIRRUMI S.A.; CONSOLIDADA DE HUALGAYOC S.A.; GOLD FIELDS LA CIMA S.A.; GOLD FIELDS LA CIMA S.A.A.; SOCIEDAD MINERA CORONA S.A.; SOCIEDAD MINERA LA CIMA S.A.","RESPONSABLE":"COMPA\u00d1IA MINERA COLQUIRRUMI\nS.A.","GENERADOR":"NO IDENTIFICADO","ESTUDIOAMB":"PCPAM DE LA UNIDAD MINERA COLQUIRRUMI -\"HUALGAYOC\"","N":"2409"},"geometry":{"type":"Point","coordinates":[-78.61782,-6.75478]}},{"type":"Feature","properties":{"Name":"LABOR MINERA","description":"","OBJECTID":"981","PROVINCIA":"HUALGAYOC","DISTRITO":"HUALGAYOC","CUENCA":"LLAUCANO","ZONA":"17","EXUNIDAD":"POZOS RICOS (LLAUCANO)","TIPO":"LABOR MINERA","SUBTIPO":"BOCAMINA","REGION":"CAJAMARCA","ESTE":"763425","NORTE":"9252716","CODIGODM":"010000184U; 03000393X01;\n010070004; 010009272U","NOMBREDM":"CAROLINA N\u00ba1; PERENE; PROYECTO 2004; SAN AGUSTIN\nN\u00ba2","TITULARDM":"COMPA\u00d1IA MINERA COLQUIRRUMI S.A.; CONSOLIDADA DE HUALGAYOC S.A.; GOLD FIELDS LA CIMA S.A.; GOLD FIELDS LA CIMA S.A.A.; SOCIEDAD MINERA CORONA S.A.; SOCIEDAD MINERA LA CIMA S.A.","RESPONSABLE":"COMPA\u00d1IA MINERA COLQUIRRUMI\nS.A.","GENERADOR":"NO IDENTIFICADO","ESTUDIOAMB":"PCPAM DE LA UNIDAD MINERA COLQUIRRUMI -\"HUALGAYOC\"","N":"2410"},"geometry":{"type":"Point","coordinates":[-78.6169,-6.75477]}},{"type":"Feature","properties":{"Name":"LABOR MINERA","description":"","OBJECTID":"982","PROVINCIA":"HUALGAYOC","DISTRITO":"HUALGAYOC","CUENCA":"LLAUCANO","ZONA":"17","EXUNIDAD":"POZOS RICOS (LLAUCANO)","TIPO":"LABOR MINERA","SUBTIPO":"BOCAMINA","REGION":"CAJAMARCA","ESTE":"763432","NORTE":"9252712","CODIGODM":"010000184U; 03000393X01;\n010070004","NOMBREDM":"CAROLINA N\u00ba1; PERENE; PROYECTO 2004","TITULARDM":"COMPA\u00d1IA MINERA COLQUIRRUMI S.A.; CONSOLIDADA DE HUALGAYOC S.A.; GOLD FIELDS LA CIMA S.A.; GOLD FIELDS LA CIMA S.A.A.; SOCIEDAD MINERA CORONA S.A.; SOCIEDAD MINERA LA CIMA S.A.","RESPONSABLE":"COMPA\u00d1IA MINERA COLQUIRRUMI\nS.A.","GENERADOR":"NO IDENTIFICADO","ESTUDIOAMB":"PCPAM DE LA UNIDAD MINERA COLQUIRRUMI -\"HUALGAYOC\"","N":"2411"},"geometry":{"type":"Point","coordinates":[-78.61684,-6.7548]}},{"type":"Feature","properties":{"Name":"LABOR MINERA","description":"","OBJECTID":"983","PROVINCIA":"HUALGAYOC","DISTRITO":"HUALGAYOC","CUENCA":"LLAUCANO","ZONA":"17","EXUNIDAD":"POZOS RICOS (LLAUCANO)","TIPO":"LABOR MINERA","SUBTIPO":"TAJEO COMUNICADO","REGION":"CAJAMARCA","ESTE":"763436","NORTE":"9252466","CODIGODM":"010227704; 010000184U;\n010265003; 010039199;\n03001206X01","NOMBREDM":"ALFA L M 500; CAROLINA N\u00ba1; CAROLINA UNO 2003; NAVAS-5; PREDILECTA","TITULARDM":"COMPA\u00d1IA MINERA SANTA RITA S.A.; GOLD FIELDS LA CIMA S.A.; GOLD FIELDS LA CIMA S.A.A.; INVERSIONES Y OPERACIONES ALFA L.M.-PERU S.A.; NEGOCIACION MINERA EMILIO MONTOYA ZAMBRANO S.A.; ROJAS MARTINEZ;  MIGUEL; S.M.R.L. PREDILECTA DE CAJAMARCA; SOCIEDAD MI","RESPONSABLE":"---","GENERADOR":"NO IDENTIFICADO","ESTUDIOAMB":"---","N":"2412"},"geometry":{"type":"Point","coordinates":[-78.61679,-6.75703]}},{"type":"Feature","properties":{"Name":"LABOR MINERA","description":"","OBJECTID":"984","PROVINCIA":"HUALGAYOC","DISTRITO":"HUALGAYOC","CUENCA":"LLAUCANO","ZONA":"17","EXUNIDAD":"POZOS RICOS (LLAUCANO)","TIPO":"LABOR MINERA","SUBTIPO":"TAJO","REGION":"CAJAMARCA","ESTE":"763413","NORTE":"9252493","CODIGODM":"010227704; 010000184U;\n010265003; 010039199;\n03001206X01","NOMBREDM":"ALFA L M 500; CAROLINA N\u00ba1; CAROLINA UNO 2003; NAVAS-5; PREDILECTA","TITULARDM":"COMPA\u00d1IA MINERA SANTA RITA S.A.; GOLD FIELDS LA CIMA S.A.; GOLD FIELDS LA CIMA S.A.A.; INVERSIONES Y OPERACIONES ALFA L.M.-PERU S.A.; NEGOCIACION MINERA EMILIO MONTOYA ZAMBRANO S.A.; ROJAS MARTINEZ;  MIGUEL; S.M.R.L. PREDILECTA DE CAJAMARCA; SOCIEDAD MI","RESPONSABLE":"---","GENERADOR":"NO IDENTIFICADO","ESTUDIOAMB":"---","N":"2413"},"geometry":{"type":"Point","coordinates":[-78.617,-6.75678]}},{"type":"Feature","properties":{"Name":"RESIDUO MINERO","description":"","OBJECTID":"985","PROVINCIA":"HUALGAYOC","DISTRITO":"HUALGAYOC","CUENCA":"LLAUCANO","ZONA":"17","EXUNIDAD":"POZOS RICOS (LLAUCANO)","TIPO":"RESIDUO MINERO","SUBTIPO":"DESMONTE DE MINA","REGION":"CAJAMARCA","ESTE":"763531","NORTE":"9252400","CODIGODM":"010227704; 010000184U;\n010265003; 010793695;\n010039199; 03001206X01;\n03003620X01","NOMBREDM":"ALFA L M 500; CAROLINA N\u00ba1; CAROLINA UNO 2003; EOS A-1; NAVAS-5; PREDILECTA; RAFAELA 990","TITULARDM":"COMPA\u00d1IA MINERA SANTA RITA S.A.; GOLD FIELDS LA CIMA S.A.; GOLD FIELDS LA CIMA S.A.A.; INVERSIONES Y OPERACIONES ALFA L.M.-PERU S.A.; MONTOYA DEL VALLE;  LILIA MARIA; MONTOYA DEL VALLE;  SOLEDAD ANGELICA; MONTOYA VALERA;  ELVIA SILVIA; NEGOCIACION MINER","RESPONSABLE":"---","GENERADOR":"NO IDENTIFICADO","ESTUDIOAMB":"---","N":"2414"},"geometry":{"type":"Point","coordinates":[-78.61593,-6.75762]}},{"type":"Feature","properties":{"Name":"LABOR MINERA","description":"","OBJECTID":"986","PROVINCIA":"HUALGAYOC","DISTRITO":"HUALGAYOC","CUENCA":"LLAUCANO","ZONA":"17","EXUNIDAD":"QUEBRADA HONDA (LLAUCANO)","TIPO":"LABOR MINERA","SUBTIPO":"TAJO","REGION":"CAJAMARCA","ESTE":"765477","NORTE":"9251386","CODIGODM":"010009372U; 010236794;\n03001096X01","NOMBREDM":"SAN AGUSTIN N\u00ba1; SAN JOSE N\u00ba 1; SEGUNDA REBELDE","TITULARDM":"COMPA\u00d1IA MINERA COLQUIRRUMI S.A.; CONSOLIDADA DE HUALGAYOC S.A.; GOLD FIELDS LA CIMA S.A.A.; VIDALON PAREJA;  JAIME DAVID","RESPONSABLE":"COMPA\u00d1IA MINERA COLQUIRRUMI\nS.A.","GENERADOR":"NO IDENTIFICADO","ESTUDIOAMB":"PCPAM DE LA UNIDAD MINERA COLQUIRRUMI -\"HUALGAYOC\"","N":"2415"},"geometry":{"type":"Point","coordinates":[-78.59829,-6.7667]}},{"type":"Feature","properties":{"Name":"LABOR MINERA","description":"","OBJECTID":"987","PROVINCIA":"HUALGAYOC","DISTRITO":"HUALGAYOC","CUENCA":"LLAUCANO","ZONA":"17","EXUNIDAD":"QUEBRADA HONDA (LLAUCANO)","TIPO":"LABOR MINERA","SUBTIPO":"TRINCHERA","REGION":"CAJAMARCA","ESTE":"765483","NORTE":"9251387","CODIGODM":"010009372U; 010236794;\n03001096X01","NOMBREDM":"SAN AGUSTIN N\u00ba1; SAN JOSE N\u00ba 1; SEGUNDA REBELDE","TITULARDM":"COMPA\u00d1IA MINERA COLQUIRRUMI S.A.; CONSOLIDADA DE HUALGAYOC S.A.; GOLD FIELDS LA CIMA S.A.A.; VIDALON PAREJA;  JAIME DAVID","RESPONSABLE":"COMPA\u00d1IA MINERA COLQUIRRUMI\nS.A.","GENERADOR":"NO IDENTIFICADO","ESTUDIOAMB":"PCPAM DE LA UNIDAD MINERA COLQUIRRUMI -\"HUALGAYOC\"","N":"2416"},"geometry":{"type":"Point","coordinates":[-78.59824,-6.76669]}},{"type":"Feature","properties":{"Name":"LABOR MINERA","description":"","OBJECTID":"988","PROVINCIA":"HUALGAYOC","DISTRITO":"HUALGAYOC","CUENCA":"LLAUCANO","ZONA":"17","EXUNIDAD":"QUEBRADA HONDA (LLAUCANO)","TIPO":"LABOR MINERA","SUBTIPO":"TRINCHERA","REGION":"CAJAMARCA","ESTE":"765505","NORTE":"9251447","CODIGODM":"03001063X01; 010009372U;\n010236794","NOMBREDM":"NERON; SAN AGUSTIN N\u00ba1; SAN JOSE N\u00ba 1","TITULARDM":"COMPA\u00d1IA MINERA COLQUIRRUMI S.A.; CONSOLIDADA DE HUALGAYOC S.A.; GOLD FIELDS LA CIMA S.A.A.; VIDALON PAREJA;  JAIME DAVID","RESPONSABLE":"COMPA\u00d1IA MINERA COLQUIRRUMI\nS.A.","GENERADOR":"NO IDENTIFICADO","ESTUDIOAMB":"PCPAM DE LA UNIDAD MINERA COLQUIRRUMI -\"HUALGAYOC\"","N":"2417"},"geometry":{"type":"Point","coordinates":[-78.59804,-6.76614]}},{"type":"Feature","properties":{"Name":"RESIDUO MINERO","description":"","OBJECTID":"989","PROVINCIA":"HUALGAYOC","DISTRITO":"HUALGAYOC","CUENCA":"LLAUCANO","ZONA":"17","EXUNIDAD":"QUEBRADA HONDA (LLAUCANO)","TIPO":"RESIDUO MINERO","SUBTIPO":"DESMONTE DE MINA","REGION":"CAJAMARCA","ESTE":"765481","NORTE":"9251397","CODIGODM":"010009372U; 010236794;\n03001096X01","NOMBREDM":"SAN AGUSTIN N\u00ba1; SAN JOSE N\u00ba 1; SEGUNDA REBELDE","TITULARDM":"COMPA\u00d1IA MINERA COLQUIRRUMI S.A.; CONSOLIDADA DE HUALGAYOC S.A.; GOLD FIELDS LA CIMA S.A.A.; VIDALON PAREJA;  JAIME DAVID","RESPONSABLE":"COMPA\u00d1IA MINERA COLQUIRRUMI\nS.A.","GENERADOR":"NO IDENTIFICADO","ESTUDIOAMB":"PCPAM DE LA UNIDAD MINERA COLQUIRRUMI -\"HUALGAYOC\"","N":"2418"},"geometry":{"type":"Point","coordinates":[-78.59825,-6.7666]}},{"type":"Feature","properties":{"Name":"RESIDUO MINERO","description":"","OBJECTID":"990","PROVINCIA":"HUALGAYOC","DISTRITO":"HUALGAYOC","CUENCA":"LLAUCANO","ZONA":"17","EXUNIDAD":"QUEBRADA HONDA (LLAUCANO)","TIPO":"RESIDUO MINERO","SUBTIPO":"DESMONTE DE MINA","REGION":"CAJAMARCA","ESTE":"765512","NORTE":"9251468","CODIGODM":"03001063X01; 010009372U;\n010236794","NOMBREDM":"NERON; SAN AGUSTIN N\u00ba1; SAN JOSE N\u00ba 1","TITULARDM":"COMPA\u00d1IA MINERA COLQUIRRUMI S.A.; CONSOLIDADA DE HUALGAYOC S.A.; GOLD FIELDS LA CIMA S.A.A.; VIDALON PAREJA;  JAIME DAVID","RESPONSABLE":"COMPA\u00d1IA MINERA COLQUIRRUMI\nS.A.","GENERADOR":"NO IDENTIFICADO","ESTUDIOAMB":"PCPAM DE LA UNIDAD MINERA COLQUIRRUMI -\"HUALGAYOC\"","N":"2419"},"geometry":{"type":"Point","coordinates":[-78.59798,-6.76595]}},{"type":"Feature","properties":{"Name":"RESIDUO MINERO","description":"","OBJECTID":"991","PROVINCIA":"HUALGAYOC","DISTRITO":"HUALGAYOC","CUENCA":"LLAUCANO","ZONA":"17","EXUNIDAD":"QUEBRADA HONDA (LLAUCANO)","TIPO":"RESIDUO MINERO","SUBTIPO":"DESMONTE DE MINA","REGION":"CAJAMARCA","ESTE":"765534","NORTE":"9251537","CODIGODM":"03001063X01; 010009372U;\n010236794","NOMBREDM":"NERON; SAN AGUSTIN N\u00ba1; SAN JOSE N\u00ba 1","TITULARDM":"COMPA\u00d1IA MINERA COLQUIRRUMI S.A.; CONSOLIDADA DE HUALGAYOC S.A.; GOLD FIELDS LA CIMA S.A.A.; VIDALON PAREJA;  JAIME DAVID","RESPONSABLE":"COMPA\u00d1IA MINERA COLQUIRRUMI\nS.A.","GENERADOR":"NO IDENTIFICADO","ESTUDIOAMB":"PCPAM DE LA UNIDAD MINERA COLQUIRRUMI -\"HUALGAYOC\"","N":"2420"},"geometry":{"type":"Point","coordinates":[-78.59778,-6.76533]}},{"type":"Feature","properties":{"Name":"RESIDUO MINERO","description":"","OBJECTID":"992","PROVINCIA":"HUALGAYOC","DISTRITO":"HUALGAYOC","CUENCA":"LLAUCANO","ZONA":"17","EXUNIDAD":"QUEBRADA HONDA (LLAUCANO)","TIPO":"RESIDUO MINERO","SUBTIPO":"DESMONTE DE MINA","REGION":"CAJAMARCA","ESTE":"765471","NORTE":"9251571","CODIGODM":"03001063X01; 010009372U;\n010236794","NOMBREDM":"NERON; SAN AGUSTIN N\u00ba1; SAN JOSE N\u00ba 1","TITULARDM":"COMPA\u00d1IA MINERA COLQUIRRUMI S.A.; CONSOLIDADA DE HUALGAYOC S.A.; GOLD FIELDS LA CIMA S.A.A.; VIDALON PAREJA;  JAIME DAVID","RESPONSABLE":"COMPA\u00d1IA MINERA COLQUIRRUMI\nS.A.","GENERADOR":"NO IDENTIFICADO","ESTUDIOAMB":"PCPAM DE LA UNIDAD MINERA COLQUIRRUMI -\"HUALGAYOC\"","N":"2421"},"geometry":{"type":"Point","coordinates":[-78.59835,-6.76502]}},{"type":"Feature","properties":{"Name":"RESIDUO MINERO","description":"","OBJECTID":"993","PROVINCIA":"HUALGAYOC","DISTRITO":"HUALGAYOC","CUENCA":"LLAUCANO","ZONA":"17","EXUNIDAD":"QUEBRADA HONDA (LLAUCANO)","TIPO":"RESIDUO MINERO","SUBTIPO":"DESMONTE DE MINA","REGION":"CAJAMARCA","ESTE":"765509","NORTE":"9251753","CODIGODM":"03001059X01; 010009372U;\n010236794","NOMBREDM":"LA DELIA; SAN AGUSTIN N\u00ba1; SAN JOSE N\u00ba 1","TITULARDM":"BANCO MINERO DEL PERU EN LIQUIDACION; COMPA\u00d1IA MINERA COLQUIRRUMI S.A.; CONSOLIDADA DE HUALGAYOC S.A.; GOLD FIELDS LA CIMA S.A.A.; VIDALON PAREJA;  JAIME DAVID","RESPONSABLE":"COMPA\u00d1IA MINERA COLQUIRRUMI\nS.A.","GENERADOR":"NO IDENTIFICADO","ESTUDIOAMB":"PCPAM DE LA UNIDAD MINERA COLQUIRRUMI -\"HUALGAYOC\"","N":"2422"},"geometry":{"type":"Point","coordinates":[-78.59802,-6.76338]}},{"type":"Feature","properties":{"Name":"RESIDUO MINERO","description":"","OBJECTID":"994","PROVINCIA":"HUALGAYOC","DISTRITO":"HUALGAYOC","CUENCA":"LLAUCANO","ZONA":"17","EXUNIDAD":"QUEBRADA HONDA (LLAUCANO)","TIPO":"RESIDUO MINERO","SUBTIPO":"DESMONTE DE MINA","REGION":"CAJAMARCA","ESTE":"765452","NORTE":"9251758","CODIGODM":"03001059X01; 010009372U;\n010236794","NOMBREDM":"LA DELIA; SAN AGUSTIN N\u00ba1; SAN JOSE N\u00ba 1","TITULARDM":"BANCO MINERO DEL PERU EN LIQUIDACION; COMPA\u00d1IA MINERA COLQUIRRUMI S.A.; CONSOLIDADA DE HUALGAYOC S.A.; GOLD FIELDS LA CIMA S.A.A.; VIDALON PAREJA;  JAIME DAVID","RESPONSABLE":"COMPA\u00d1IA MINERA COLQUIRRUMI\nS.A.","GENERADOR":"NO IDENTIFICADO","ESTUDIOAMB":"PCPAM DE LA UNIDAD MINERA COLQUIRRUMI -\"HUALGAYOC\"","N":"2423"},"geometry":{"type":"Point","coordinates":[-78.59853,-6.76334]}},{"type":"Feature","properties":{"Name":"LABOR MINERA","description":"","OBJECTID":"995","PROVINCIA":"HUALGAYOC","DISTRITO":"HUALGAYOC","CUENCA":"LLAUCANO","ZONA":"17","EXUNIDAD":"QUEBRADA HONDA\n(LLAUCANO)","TIPO":"LABOR MINERA","SUBTIPO":"BOCAMINA","REGION":"CAJAMARCA","ESTE":"765440","NORTE":"9251992","CODIGODM":"0302212BX01; 010236794","NOMBREDM":"LAGO AL-2 (FRACCIONADO); SAN\nJOSE N\u00ba 1","TITULARDM":"COMPA\u00d1IA MINERA LOS MANTOS S.A.; GOLD FIELDS LA CIMA S.A.A.; VIDALON\nPAREJA;  JAIME DAVID","RESPONSABLE":"ACTIVOS\nMINEROS S.A.C.","GENERADOR":"NO IDENTIFICADO","ESTUDIOAMB":"PLAN DE CIERRE DE 64\nPASIVOS AMBIENTALES EL","N":"2424"},"geometry":{"type":"Point","coordinates":[-78.59865,-6.76122]}},{"type":"Feature","properties":{"Name":"LABOR MINERA","description":"","OBJECTID":"996","PROVINCIA":"HUALGAYOC","DISTRITO":"HUALGAYOC","CUENCA":"LLAUCANO","ZONA":"17","EXUNIDAD":"QUEBRADA HONDA (LLAUCANO)","TIPO":"LABOR MINERA","SUBTIPO":"BOCAMINA","REGION":"CAJAMARCA","ESTE":"765462","NORTE":"9251882","CODIGODM":"03001060X01; 010009372U;\n010236794","NOMBREDM":"LA MARTA; SAN AGUSTIN N\u00ba1; SAN JOSE N\u00ba 1","TITULARDM":"COMPA\u00d1IA MINERA COLQUIRRUMI S.A.; CONSOLIDADA DE HUALGAYOC S.A.; GOLD FIELDS LA CIMA S.A.A.; VIDALON PAREJA;  JAIME DAVID","RESPONSABLE":"COMPA\u00d1IA MINERA COLQUIRRUMI\nS.A.","GENERADOR":"NO IDENTIFICADO","ESTUDIOAMB":"PCPAM DE LA UNIDAD MINERA COLQUIRRUMI -\"HUALGAYOC\"","N":"2425"},"geometry":{"type":"Point","coordinates":[-78.59845,-6.76221]}},{"type":"Feature","properties":{"Name":"LABOR MINERA","description":"","OBJECTID":"997","PROVINCIA":"HUALGAYOC","DISTRITO":"HUALGAYOC","CUENCA":"LLAUCANO","ZONA":"17","EXUNIDAD":"QUEBRADA HONDA (LLAUCANO)","TIPO":"LABOR MINERA","SUBTIPO":"BOCAMINA","REGION":"CAJAMARCA","ESTE":"765502","NORTE":"9251848","CODIGODM":"03001060X01; 010009372U;\n010236794","NOMBREDM":"LA MARTA; SAN AGUSTIN N\u00ba1; SAN JOSE N\u00ba 1","TITULARDM":"COMPA\u00d1IA MINERA COLQUIRRUMI S.A.; CONSOLIDADA DE HUALGAYOC S.A.; GOLD FIELDS LA CIMA S.A.A.; VIDALON PAREJA;  JAIME DAVID","RESPONSABLE":"COMPA\u00d1IA MINERA COLQUIRRUMI\nS.A.","GENERADOR":"NO IDENTIFICADO","ESTUDIOAMB":"PCPAM DE LA UNIDAD MINERA COLQUIRRUMI -\"HUALGAYOC\"","N":"2426"},"geometry":{"type":"Point","coordinates":[-78.59808,-6.76252]}},{"type":"Feature","properties":{"Name":"LABOR MINERA","description":"","OBJECTID":"998","PROVINCIA":"HUALGAYOC","DISTRITO":"HUALGAYOC","CUENCA":"LLAUCANO","ZONA":"17","EXUNIDAD":"QUEBRADA HONDA (LLAUCANO)","TIPO":"LABOR MINERA","SUBTIPO":"BOCAMINA","REGION":"CAJAMARCA","ESTE":"765448","NORTE":"9251749","CODIGODM":"03001059X01; 010009372U;\n010236794","NOMBREDM":"LA DELIA; SAN AGUSTIN N\u00ba1; SAN JOSE N\u00ba 1","TITULARDM":"BANCO MINERO DEL PERU EN LIQUIDACION; COMPA\u00d1IA MINERA COLQUIRRUMI S.A.; CONSOLIDADA DE HUALGAYOC S.A.; GOLD FIELDS LA CIMA S.A.A.; VIDALON PAREJA;  JAIME DAVID","RESPONSABLE":"COMPA\u00d1IA MINERA COLQUIRRUMI\nS.A.","GENERADOR":"NO IDENTIFICADO","ESTUDIOAMB":"PCPAM DE LA UNIDAD MINERA COLQUIRRUMI -\"HUALGAYOC\"","N":"2427"},"geometry":{"type":"Point","coordinates":[-78.59857,-6.76342]}},{"type":"Feature","properties":{"Name":"LABOR MINERA","description":"","OBJECTID":"999","PROVINCIA":"HUALGAYOC","DISTRITO":"HUALGAYOC","CUENCA":"LLAUCANO","ZONA":"17","EXUNIDAD":"QUEBRADA HONDA (LLAUCANO)","TIPO":"LABOR MINERA","SUBTIPO":"BOCAMINA","REGION":"CAJAMARCA","ESTE":"765520","NORTE":"9251752","CODIGODM":"03001059X01; 010009372U;\n010236794","NOMBREDM":"LA DELIA; SAN AGUSTIN N\u00ba1; SAN JOSE N\u00ba 1","TITULARDM":"BANCO MINERO DEL PERU EN LIQUIDACION; COMPA\u00d1IA MINERA COLQUIRRUMI S.A.; CONSOLIDADA DE HUALGAYOC S.A.; GOLD FIELDS LA CIMA S.A.A.; VIDALON PAREJA;  JAIME DAVID","RESPONSABLE":"COMPA\u00d1IA MINERA COLQUIRRUMI\nS.A.","GENERADOR":"NO IDENTIFICADO","ESTUDIOAMB":"PCPAM DE LA UNIDAD MINERA COLQUIRRUMI -\"HUALGAYOC\"","N":"2428"},"geometry":{"type":"Point","coordinates":[-78.59792,-6.76339]}}]}