{"type":"FeatureCollection","features":[{"type":"Feature","properties":{"Name":"LAGO TITICACA","description":"<html xmlns:fo=\"http://www.w3.org/1999/XSL/Format\" xmlns:msxsl=\"urn:schemas-microsoft-com:xslt\">\n\n<head>\n\n<META http-equiv=\"Content-Type\" content=\"text/html\">\n\n<meta http-equiv=\"content-type\" content=\"text/html; charset=UTF-8\">\n\n</head>\n\n<body style=\"margin:0px 0px 0px 0px;overflow:auto;background:#FFFFFF;\">\n\n<table style=\"font-family:Arial,Verdana,Times;font-size:12px;text-align:left;width:100%;border-collapse:collapse;padding:3px 3px 3px 3px\">\n\n<tr style=\"text-align:center;font-weight:bold;background:#9CBCE2\">\n\n<td>LAGO TITICACA</td>\n\n</tr>\n\n<tr>\n\n<td>\n\n<table style=\"font-family:Arial,Verdana,Times;font-size:12px;text-align:left;width:100%;border-spacing:0px; padding:3px 3px 3px 3px\">\n\n<tr>\n\n<td>FID</td>\n\n<td>0</td>\n\n</tr>\n\n<tr bgcolor=\"#D4E4F3\">\n\n<td>OBJECTID_1</td>\n\n<td>1</td>\n\n</tr>\n\n<tr>\n\n<td>RASGO_PRIN</td>\n\n<td>Lago</td>\n\n</tr>\n\n<tr bgcolor=\"#D4E4F3\">\n\n<td>RASGO_SECU</td>\n\n<td>Perenne</td>\n\n</tr>\n\n<tr>\n\n<td>NOMBRE</td>\n\n<td>LAGO TITICACA</td>\n\n</tr>\n\n<tr bgcolor=\"#D4E4F3\">\n\n<td>DISTRITO</td>\n\n<td></td>\n\n</tr>\n\n<tr>\n\n<td>PROVINCIA</td>\n\n<td>Puno</td>\n\n</tr>\n\n<tr bgcolor=\"#D4E4F3\">\n\n<td>DPTO</td>\n\n<td>Puno</td>\n\n</tr>\n\n<tr>\n\n<td>CUENCA</td>\n\n<td></td>\n\n</tr>\n\n<tr bgcolor=\"#D4E4F3\">\n\n<td>LONGITUD</td>\n\n<td>-69.364495</td>\n\n</tr>\n\n<tr>\n\n<td>LATITUD</td>\n\n<td>-15.869998</td>\n\n</tr>\n\n<tr bgcolor=\"#D4E4F3\">\n\n<td>ALTITUD</td>\n\n<td>0</td>\n\n</tr>\n\n<tr>\n\n<td>PERIMETRO</td>\n\n<td>317111.659</td>\n\n</tr>\n\n<tr bgcolor=\"#D4E4F3\">\n\n<td>SIGNACIONA</td>\n\n<td>1734522997.23</td>\n\n</tr>\n\n<tr>\n\n<td>CCPP_BENEF</td>\n\n<td></td>\n\n</tr>\n\n<tr bgcolor=\"#D4E4F3\">\n\n<td>Shape_STAr</td>\n\n<td>0.710664</td>\n\n</tr>\n\n<tr>\n\n<td>Shape_STLe</td>\n\n<td>16.144505</td>\n\n</tr>\n\n<tr bgcolor=\"#D4E4F3\">\n\n<td>Shape_ST_1</td>\n\n<td>0.710664</td>\n\n</tr>\n\n<tr>\n\n<td>Shape_ST_2</td>\n\n<td>16.144505</td>\n\n</tr>\n\n<tr bgcolor=\"#D4E4F3\">\n\n<td>ORIG_FID</td>\n\n<td>0</td>\n\n</tr>\n\n<tr>\n\n<td>Shape_Leng</td>\n\n<td>16.141208</td>\n\n</tr>\n\n</table>\n\n</td>\n\n</tr>\n\n</table>\n\n</body><script type=\"text/javascript\">\n\n\t\t\t\tfunction changeImage(attElement, nameElement) {\n\n\t\t\t\tdocument.getElementById('imageAttachment').src = attElement;\n\n\t\t\t\tdocument.getElementById('imageName').innerHTML = nameElement;}\n\n\t\t\t</script></html>\n\n"},"geometry":{"type":"Polygon","coordinates":[[[-68.85519,-16.49729],[-68.85704,-16.49555],[-68.86027,-16.49333],[-68.8624,-16.49202],[-68.86802,-16.48907],[-68.87463,-16.48652],[-68.8786,-16.48544],[-68.88384,-16.48305],[-68.88646,-16.48191],[-68.88826,-16.48156],[-68.89012,-16.4815],[-68.89304,-16.48209],[-68.89448,-16.48226],[-68.89684,-16.48281],[-68.89851,-16.48334],[-68.90231,-16.48353],[-68.90566,-16.48404],[-68.90853,-16.48404],[-68.91036,-16.48411],[-68.91432,-16.48434],[-68.91776,-16.48427],[-68.92115,-16.4839],[-68.92324,-16.48363],[-68.9274,-16.48255],[-68.93025,-16.48214],[-68.93274,-16.48215],[-68.93451,-16.48174],[-68.93765,-16.4804],[-68.94088,-16.47822],[-68.94419,-16.47635],[-68.94826,-16.47409],[-68.95102,-16.47339],[-68.95242,-16.47381],[-68.95376,-16.47383],[-68.95511,-16.47333],[-68.95795,-16.47292],[-68.9604,-16.47236],[-68.96207,-16.47187],[-68.9638,-16.472],[-68.96459,-16.47174],[-68.9662,-16.47085],[-68.96731,-16.46991],[-68.96834,-16.46858],[-68.96883,-16.46826],[-68.96921,-16.46754],[-68.96931,-16.46548],[-68.96894,-16.46266],[-68.96746,-16.45894],[-68.96633,-16.45736],[-68.96411,-16.45502],[-68.96121,-16.45179],[-68.95963,-16.44927],[-68.9586,-16.44804],[-68.95624,-16.44646],[-68.95234,-16.44484],[-68.95054,-16.44385],[-68.94926,-16.44252],[-68.94725,-16.44007],[-68.9457,-16.43897],[-68.94332,-16.43807],[-68.93928,-16.43668],[-68.93644,-16.43648],[-68.93061,-16.43743],[-68.92792,-16.4375],[-68.92496,-16.43709],[-68.92177,-16.43619],[-68.9192,-16.43579],[-68.91749,-16.43582],[-68.9157,-16.43632],[-68.91249,-16.43817],[-68.9113,-16.4385],[-68.90636,-16.44037],[-68.90529,-16.44066],[-68.90413,-16.4406],[-68.90039,-16.44031],[-68.89617,-16.44004],[-68.8934,-16.43936],[-68.89202,-16.43892],[-68.8904,-16.43837],[-68.88742,-16.4377],[-68.88329,-16.43712],[-68.87946,-16.43608],[-68.87698,-16.43598],[-68.87319,-16.43668],[-68.87017,-16.43765],[-68.86659,-16.43933],[-68.86362,-16.44086],[-68.86108,-16.44168],[-68.85831,-16.44257],[-68.85573,-16.44427],[-68.85455,-16.44523],[-68.85244,-16.44513],[-68.84958,-16.44538],[-68.84817,-16.44524],[-68.84712,-16.44484],[-68.84606,-16.44404],[-68.84312,-16.44226],[-68.84013,-16.44159],[-68.83756,-16.44092],[-68.835,-16.43978],[-68.83224,-16.43866],[-68.82642,-16.43776],[-68.82272,-16.4375],[-68.82059,-16.43755],[-68.81882,-16.43754],[-68.81718,-16.43726],[-68.8156,-16.43661],[-68.81435,-16.43594],[-68.81208,-16.43544],[-68.81069,-16.43554],[-68.80825,-16.43628],[-68.80409,-16.43817],[-68.80116,-16.43903],[-68.79784,-16.44028],[-68.79485,-16.44173],[-68.79198,-16.44359],[-68.78821,-16.44595],[-68.78641,-16.44677],[-68.78384,-16.44739],[-68.78029,-16.44772],[-68.77796,-16.44778],[-68.77503,-16.44838],[-68.76944,-16.44852],[-68.76654,-16.44833],[-68.76472,-16.44803],[-68.76069,-16.44661],[-68.75842,-16.44675],[-68.75456,-16.44756],[-68.75046,-16.44824],[-68.74589,-16.44852],[-68.74179,-16.44811],[-68.73474,-16.44675],[-68.73118,-16.44628],[-68.72915,-16.44634],[-68.72556,-16.44638],[-68.72149,-16.44563],[-68.71979,-16.44547],[-68.71767,-16.44573],[-68.71483,-16.44672],[-68.71345,-16.44716],[-68.71049,-16.44701],[-68.709,-16.44712],[-68.70649,-16.44822],[-68.70466,-16.44965],[-68.70301,-16.45058],[-68.70122,-16.45103],[-68.69754,-16.45045],[-68.6969,-16.44982],[-68.6968,-16.44834],[-68.69766,-16.44586],[-68.69913,-16.44332],[-68.70001,-16.44061],[-68.70018,-16.43704],[-68.69937,-16.43331],[-68.69883,-16.43218],[-68.69797,-16.43128],[-68.69686,-16.43073],[-68.6959,-16.4308],[-68.69451,-16.4316],[-68.69284,-16.43359],[-68.69181,-16.43413],[-68.69071,-16.43413],[-68.68865,-16.43298],[-68.68778,-16.43182],[-68.68674,-16.43126],[-68.68564,-16.43051],[-68.68398,-16.42923],[-68.68157,-16.42875],[-68.68021,-16.4274],[-68.67922,-16.42638],[-68.67801,-16.42586],[-68.67506,-16.42238],[-68.67452,-16.42116],[-68.67392,-16.42041],[-68.67306,-16.41996],[-68.67227,-16.4199],[-68.67179,-16.42029],[-68.67182,-16.42075],[-68.67204,-16.42148],[-68.67112,-16.4221],[-68.67047,-16.42196],[-68.66869,-16.42042],[-68.6683,-16.41916],[-68.66745,-16.4172],[-68.66659,-16.41599],[-68.6652,-16.41464],[-68.66446,-16.41402],[-68.66283,-16.41189],[-68.66088,-16.40978],[-68.66022,-16.40925],[-68.65889,-16.40903],[-68.65782,-16.4092],[-68.65633,-16.41006],[-68.65542,-16.41034],[-68.65275,-16.40982],[-68.652,-16.40932],[-68.65214,-16.40807],[-68.65208,-16.40682],[-68.65125,-16.40529],[-68.65038,-16.40405],[-68.64838,-16.40216],[-68.64548,-16.40039],[-68.6438,-16.399],[-68.64185,-16.39706],[-68.64101,-16.3967],[-68.63891,-16.39646],[-68.6364,-16.39583],[-68.63476,-16.39588],[-68.63312,-16.39571],[-68.63103,-16.39522],[-68.62974,-16.39463],[-68.62765,-16.39364],[-68.62646,-16.39357],[-68.6252,-16.3939],[-68.62457,-16.39398],[-68.62394,-16.39352],[-68.62321,-16.39242],[-68.62168,-16.39173],[-68.62048,-16.39096],[-68.62003,-16.39023],[-68.61924,-16.38784],[-68.61838,-16.3866],[-68.61585,-16.38395],[-68.61523,-16.38259],[-68.61504,-16.38141],[-68.61451,-16.3797],[-68.6147,-16.37904],[-68.61612,-16.37845],[-68.61708,-16.37843],[-68.61896,-16.37875],[-68.62141,-16.37815],[-68.62284,-16.37801],[-68.62604,-16.37804],[-68.62754,-16.37766],[-68.62868,-16.37687],[-68.62937,-16.37597],[-68.63078,-16.37367],[-68.63187,-16.37294],[-68.63468,-16.37206],[-68.63538,-16.37137],[-68.63605,-16.36938],[-68.63639,-16.36711],[-68.6381,-16.36399],[-68.63982,-16.36053],[-68.64047,-16.35889],[-68.64117,-16.35488],[-68.64153,-16.35321],[-68.64232,-16.35157],[-68.6433,-16.34886],[-68.64324,-16.34707],[-68.64259,-16.34467],[-68.6415,-16.34294],[-68.6414,-16.34115],[-68.64114,-16.34017],[-68.64069,-16.33964],[-68.63976,-16.33846],[-68.6393,-16.33506],[-68.63922,-16.33345],[-68.6389,-16.33275],[-68.63826,-16.33222],[-68.63694,-16.33191],[-68.63544,-16.332],[-68.63453,-16.33235],[-68.63153,-16.33308],[-68.63021,-16.33322],[-68.62941,-16.33306],[-68.62735,-16.33324],[-68.62529,-16.33282],[-68.62401,-16.33227],[-68.62273,-16.33102],[-68.6215,-16.32895],[-68.62026,-16.32719],[-68.61933,-16.32659],[-68.61736,-16.32612],[-68.61653,-16.32519],[-68.61647,-16.32441],[-68.61709,-16.32369],[-68.61935,-16.32248],[-68.61986,-16.32161],[-68.61985,-16.31971],[-68.62014,-16.31797],[-68.6206,-16.3168],[-68.62076,-16.31409],[-68.62107,-16.3133],[-68.62336,-16.31095],[-68.62547,-16.3091],[-68.62653,-16.30732],[-68.62671,-16.30603],[-68.62601,-16.30264],[-68.62538,-16.30124],[-68.62465,-16.30056],[-68.6232,-16.30016],[-68.62111,-16.30058],[-68.61995,-16.30146],[-68.61857,-16.30309],[-68.61756,-16.30443],[-68.61654,-16.30516],[-68.61579,-16.30522],[-68.612,-16.30407],[-68.61,-16.30422],[-68.6088,-16.30395],[-68.60731,-16.3034],[-68.60512,-16.30311],[-68.60161,-16.30198],[-68.59528,-16.30039],[-68.59313,-16.29934],[-68.59119,-16.2994],[-68.59068,-16.29911],[-68.59077,-16.2983],[-68.59198,-16.29577],[-68.59206,-16.2924],[-68.59159,-16.29104],[-68.58981,-16.28813],[-68.58958,-16.28692],[-68.58993,-16.28547],[-68.5912,-16.28368],[-68.59208,-16.2817],[-68.59227,-16.27963],[-68.59279,-16.27891],[-68.59436,-16.27849],[-68.5967,-16.27808],[-68.59794,-16.27706],[-68.59862,-16.27591],[-68.59906,-16.27419],[-68.59916,-16.27139],[-68.60055,-16.26778],[-68.60072,-16.26583],[-68.60223,-16.263],[-68.60361,-16.25986],[-68.60411,-16.25769],[-68.60388,-16.25285],[-68.60405,-16.25092],[-68.60467,-16.24959],[-68.60677,-16.24722],[-68.60898,-16.2458],[-68.61015,-16.24492],[-68.61097,-16.24366],[-68.61137,-16.24239],[-68.61143,-16.23956],[-68.61115,-16.2368],[-68.61085,-16.23471],[-68.61143,-16.23267],[-68.61241,-16.2316],[-68.61319,-16.2313],[-68.61378,-16.23147],[-68.61554,-16.23259],[-68.61661,-16.23276],[-68.61744,-16.2326],[-68.61819,-16.23203],[-68.61925,-16.23095],[-68.62075,-16.22991],[-68.62265,-16.22949],[-68.62483,-16.22943],[-68.62725,-16.22899],[-68.62887,-16.22821],[-68.63083,-16.22639],[-68.63291,-16.2238],[-68.63487,-16.22292],[-68.6367,-16.2215],[-68.63798,-16.2208],[-68.63827,-16.22119],[-68.63865,-16.22232],[-68.64039,-16.22444],[-68.64108,-16.22595],[-68.64097,-16.22823],[-68.64127,-16.22979],[-68.64275,-16.23123],[-68.64356,-16.23155],[-68.64459,-16.23142],[-68.6465,-16.23056],[-68.64859,-16.22974],[-68.65039,-16.22929],[-68.65164,-16.22861],[-68.65335,-16.22695],[-68.65511,-16.22584],[-68.65684,-16.22493],[-68.65981,-16.22222],[-68.66053,-16.22137],[-68.66212,-16.22082],[-68.6641,-16.21959],[-68.66551,-16.21872],[-68.66658,-16.21751],[-68.66727,-16.2165],[-68.6683,-16.21612],[-68.66957,-16.2159],[-68.67074,-16.21493],[-68.67495,-16.21259],[-68.67856,-16.20989],[-68.67962,-16.2087],[-68.68238,-16.20587],[-68.68377,-16.20505],[-68.68605,-16.20413],[-68.68814,-16.20242],[-68.68957,-16.20165],[-68.69058,-16.20155],[-68.69122,-16.20203],[-68.69332,-16.20425],[-68.69479,-16.20509],[-68.69643,-16.20566],[-68.69981,-16.20751],[-68.70177,-16.20826],[-68.70379,-16.2085],[-68.70563,-16.20815],[-68.70897,-16.20781],[-68.71145,-16.20729],[-68.71402,-16.20581],[-68.71571,-16.20514],[-68.71753,-16.20459],[-68.72062,-16.20252],[-68.72289,-16.20155],[-68.72537,-16.20104],[-68.7271,-16.20081],[-68.72958,-16.20063],[-68.73152,-16.19988],[-68.73256,-16.19964],[-68.73359,-16.19974],[-68.73555,-16.2009],[-68.73787,-16.20165],[-68.74182,-16.20244],[-68.7433,-16.20255],[-68.7459,-16.20188],[-68.74849,-16.20066],[-68.75039,-16.19948],[-68.75078,-16.19934],[-68.7522,-16.1994],[-68.75548,-16.20036],[-68.7588,-16.20061],[-68.76098,-16.20032],[-68.76585,-16.19819],[-68.76684,-16.19787],[-68.76911,-16.19767],[-68.77065,-16.19736],[-68.77203,-16.19688],[-68.77295,-16.19718],[-68.77383,-16.19792],[-68.7758,-16.19998],[-68.77689,-16.20076],[-68.77856,-16.20143],[-68.77985,-16.20173],[-68.78312,-16.20168],[-68.7858,-16.20122],[-68.78814,-16.20154],[-68.79026,-16.20163],[-68.79271,-16.2013],[-68.79728,-16.20054],[-68.79907,-16.20071],[-68.80107,-16.20055],[-68.80242,-16.19997],[-68.80415,-16.19944],[-68.80528,-16.19946],[-68.80743,-16.20061],[-68.8094,-16.20175],[-68.81104,-16.20205],[-68.81301,-16.20206],[-68.81441,-16.20235],[-68.8178,-16.20452],[-68.8188,-16.2055],[-68.81932,-16.2056],[-68.8198,-16.20602],[-68.82077,-16.20657],[-68.82174,-16.20667],[-68.82263,-16.2067],[-68.82335,-16.20656],[-68.8238,-16.20623],[-68.82405,-16.20757],[-68.82338,-16.20878],[-68.82279,-16.20991],[-68.82315,-16.21071],[-68.82477,-16.21205],[-68.82419,-16.21347],[-68.82387,-16.21488],[-68.82382,-16.21708],[-68.82423,-16.21817],[-68.8251,-16.21956],[-68.82425,-16.22156],[-68.82445,-16.22281],[-68.82501,-16.22299],[-68.82648,-16.22257],[-68.8277,-16.22319],[-68.8289,-16.22329],[-68.83014,-16.22348],[-68.83138,-16.22387],[-68.83275,-16.22394],[-68.83366,-16.2242],[-68.83471,-16.224],[-68.83678,-16.22257],[-68.83899,-16.2215],[-68.83991,-16.22073],[-68.84067,-16.21975],[-68.84161,-16.21922],[-68.84257,-16.21861],[-68.84354,-16.21782],[-68.84448,-16.21667],[-68.84538,-16.21604],[-68.84669,-16.21515],[-68.84789,-16.21495],[-68.84852,-16.21431],[-68.84874,-16.21321],[-68.8489,-16.21233],[-68.85005,-16.21112],[-68.85053,-16.20998],[-68.85128,-16.20954],[-68.85168,-16.20874],[-68.85218,-16.20762],[-68.85283,-16.20688],[-68.85318,-16.20659],[-68.85356,-16.20578],[-68.85448,-16.20453],[-68.85471,-16.20361],[-68.85393,-16.20256],[-68.85363,-16.2024],[-68.85298,-16.20232],[-68.85268,-16.20246],[-68.85177,-16.20313],[-68.85044,-16.20329],[-68.84935,-16.20317],[-68.84834,-16.20259],[-68.84707,-16.20084],[-68.84618,-16.19912],[-68.84449,-16.1977],[-68.84347,-16.19664],[-68.84168,-16.19585],[-68.83986,-16.19342],[-68.83968,-16.1927],[-68.83989,-16.19205],[-68.84086,-16.19088],[-68.84179,-16.18866],[-68.84291,-16.18668],[-68.84417,-16.18425],[-68.84621,-16.18174],[-68.84662,-16.18056],[-68.84732,-16.17926],[-68.84796,-16.1777],[-68.84755,-16.1766],[-68.84675,-16.17533],[-68.84604,-16.17457],[-68.84494,-16.17493],[-68.8443,-16.17489],[-68.84296,-16.17338],[-68.84208,-16.17225],[-68.84195,-16.17139],[-68.84094,-16.17006],[-68.84089,-16.16919],[-68.84206,-16.16706],[-68.84339,-16.16533],[-68.84349,-16.16466],[-68.84276,-16.1619],[-68.84274,-16.16128],[-68.84328,-16.16046],[-68.84422,-16.15986],[-68.84794,-16.15939],[-68.84856,-16.15906],[-68.84922,-16.15763],[-68.84996,-16.1567],[-68.85093,-16.15622],[-68.8523,-16.15633],[-68.85334,-16.15682],[-68.85407,-16.15775],[-68.85442,-16.15899],[-68.85456,-16.16086],[-68.8548,-16.16128],[-68.85639,-16.16179],[-68.8577,-16.16232],[-68.85874,-16.16249],[-68.85939,-16.16352],[-68.85978,-16.16439],[-68.85984,-16.16558],[-68.85959,-16.16628],[-68.85969,-16.16688],[-68.86079,-16.16804],[-68.86091,-16.16849],[-68.86064,-16.16932],[-68.86041,-16.1693],[-68.86028,-16.16872],[-68.85987,-16.16831],[-68.85962,-16.16915],[-68.86008,-16.17051],[-68.86044,-16.17055],[-68.86166,-16.16857],[-68.86273,-16.16618],[-68.86412,-16.16407],[-68.86528,-16.16226],[-68.86582,-16.15923],[-68.86594,-16.15603],[-68.86576,-16.15397],[-68.86552,-16.15124],[-68.8654,-16.14916],[-68.86531,-16.14685],[-68.86556,-16.14576],[-68.86676,-16.14336],[-68.86673,-16.14224],[-68.8666,-16.14086],[-68.86622,-16.13916],[-68.86651,-16.13815],[-68.86652,-16.13678],[-68.86769,-16.1343],[-68.8681,-16.13292],[-68.86832,-16.13084],[-68.8692,-16.12949],[-68.86994,-16.12819],[-68.87125,-16.12652],[-68.8723,-16.12399],[-68.87282,-16.12286],[-68.87288,-16.12179],[-68.87245,-16.12088],[-68.8718,-16.12054],[-68.86982,-16.12011],[-68.86872,-16.1197],[-68.86808,-16.11911],[-68.86723,-16.11715],[-68.86728,-16.11622],[-68.86706,-16.11521],[-68.86663,-16.1141],[-68.867,-16.11333],[-68.86872,-16.11208],[-68.86977,-16.11055],[-68.87143,-16.10956],[-68.87466,-16.10807],[-68.87636,-16.1076],[-68.87735,-16.10721],[-68.87785,-16.10664],[-68.87825,-16.10584],[-68.87852,-16.10414],[-68.8794,-16.10292],[-68.88062,-16.09993],[-68.88192,-16.09719],[-68.883,-16.09601],[-68.88352,-16.09502],[-68.88358,-16.09436],[-68.88325,-16.09311],[-68.88358,-16.09088],[-68.88308,-16.08949],[-68.88189,-16.08788],[-68.88093,-16.08723],[-68.87956,-16.08709],[-68.8783,-16.08755],[-68.87702,-16.08858],[-68.87523,-16.08913],[-68.87451,-16.08912],[-68.87231,-16.08747],[-68.87055,-16.08665],[-68.86847,-16.0862],[-68.86776,-16.08587],[-68.8674,-16.08455],[-68.86613,-16.08342],[-68.86537,-16.08234],[-68.86446,-16.08155],[-68.86406,-16.08083],[-68.86357,-16.07984],[-68.86246,-16.07893],[-68.86181,-16.07884],[-68.86083,-16.07924],[-68.85977,-16.0798],[-68.85734,-16.07853],[-68.85575,-16.0774],[-68.85391,-16.07419],[-68.85273,-16.07252],[-68.85061,-16.07059],[-68.85,-16.07016],[-68.84891,-16.07002],[-68.84753,-16.07052],[-68.8464,-16.0701],[-68.84455,-16.06853],[-68.84315,-16.06796],[-68.84163,-16.06799],[-68.83921,-16.06865],[-68.83766,-16.06858],[-68.83638,-16.06862],[-68.83559,-16.06904],[-68.83545,-16.07005],[-68.83535,-16.07198],[-68.83447,-16.07377],[-68.83426,-16.07461],[-68.83474,-16.07624],[-68.83634,-16.07913],[-68.83676,-16.0815],[-68.83716,-16.08349],[-68.83859,-16.08534],[-68.83977,-16.08643],[-68.8411,-16.08706],[-68.84164,-16.08767],[-68.84194,-16.0888],[-68.84181,-16.08946],[-68.84166,-16.09073],[-68.84215,-16.09154],[-68.84264,-16.09284],[-68.84233,-16.09399],[-68.84216,-16.09519],[-68.84135,-16.09627],[-68.84027,-16.09729],[-68.83949,-16.09869],[-68.83838,-16.09866],[-68.83693,-16.09796],[-68.83565,-16.09689],[-68.834,-16.09625],[-68.83147,-16.09496],[-68.83029,-16.09409],[-68.82848,-16.09354],[-68.82707,-16.09289],[-68.82505,-16.09151],[-68.82278,-16.09047],[-68.81852,-16.0881],[-68.81636,-16.08636],[-68.8135,-16.08501],[-68.81254,-16.08364],[-68.81095,-16.08217],[-68.80947,-16.07983],[-68.80841,-16.07842],[-68.80816,-16.0773],[-68.80887,-16.07642],[-68.81128,-16.07493],[-68.81161,-16.07441],[-68.81269,-16.07289],[-68.81356,-16.07181],[-68.81391,-16.07066],[-68.81368,-16.06939],[-68.81273,-16.06662],[-68.81246,-16.06446],[-68.81181,-16.06316],[-68.81069,-16.06172],[-68.8104,-16.06039],[-68.81041,-16.0586],[-68.81001,-16.05713],[-68.80994,-16.05609],[-68.80919,-16.05442],[-68.8082,-16.05199],[-68.80716,-16.05128],[-68.80459,-16.05084],[-68.80253,-16.05072],[-68.80105,-16.05011],[-68.79902,-16.04962],[-68.79744,-16.0498],[-68.79603,-16.05098],[-68.79502,-16.0515],[-68.79394,-16.0518],[-68.79232,-16.05259],[-68.78985,-16.0527],[-68.78825,-16.05282],[-68.7858,-16.05335],[-68.78326,-16.05347],[-68.7825,-16.0533],[-68.78032,-16.05142],[-68.77846,-16.04978],[-68.77593,-16.0491],[-68.77285,-16.04773],[-68.77136,-16.04648],[-68.77012,-16.04596],[-68.76826,-16.04567],[-68.76643,-16.04458],[-68.76513,-16.04417],[-68.76394,-16.04418],[-68.7631,-16.04358],[-68.76184,-16.04338],[-68.76106,-16.04384],[-68.7605,-16.04528],[-68.76025,-16.0471],[-68.75961,-16.04872],[-68.75823,-16.05033],[-68.75704,-16.05116],[-68.75558,-16.05174],[-68.75451,-16.05182],[-68.75227,-16.05183],[-68.75012,-16.05248],[-68.74827,-16.05315],[-68.74657,-16.05334],[-68.74523,-16.05321],[-68.74401,-16.05366],[-68.74034,-16.05482],[-68.73867,-16.0548],[-68.73726,-16.05492],[-68.73514,-16.05542],[-68.73394,-16.05544],[-68.73258,-16.05566],[-68.73108,-16.05647],[-68.73036,-16.05667],[-68.72875,-16.05653],[-68.7278,-16.05555],[-68.72701,-16.05496],[-68.72575,-16.0548],[-68.72389,-16.05542],[-68.72273,-16.05523],[-68.72193,-16.05427],[-68.72177,-16.05298],[-68.72133,-16.05255],[-68.71995,-16.05205],[-68.71968,-16.0516],[-68.71976,-16.05062],[-68.72067,-16.0478],[-68.72057,-16.04633],[-68.72008,-16.04365],[-68.71955,-16.04087],[-68.71788,-16.03767],[-68.71746,-16.03634],[-68.71742,-16.03355],[-68.7172,-16.03185],[-68.71639,-16.02905],[-68.71636,-16.02744],[-68.71664,-16.02637],[-68.71651,-16.0251],[-68.71579,-16.02302],[-68.71536,-16.02106],[-68.71528,-16.01834],[-68.71549,-16.01758],[-68.71547,-16.01584],[-68.71442,-16.01321],[-68.71453,-16.0109],[-68.71439,-16.0097],[-68.71378,-16.0071],[-68.71418,-16.00547],[-68.71402,-16.00432],[-68.71273,-16.00281],[-68.71199,-16.00117],[-68.71183,-16.0],[-68.73158,-15.99946],[-68.7449,-15.98613],[-68.76727,-15.97662],[-68.79575,-15.96969],[-68.81755,-15.96456],[-68.84212,-15.96087],[-68.93169,-15.94982],[-68.94708,-15.94212],[-68.96632,-15.92545],[-68.97144,-15.91455],[-68.98316,-15.86518],[-68.99485,-15.84103],[-69.0,-15.83673],[-69.00387,-15.83504],[-69.00551,-15.8338],[-69.00784,-15.83183],[-69.0107,-15.82932],[-69.013,-15.82731],[-69.01527,-15.82499],[-69.02129,-15.81637],[-69.02332,-15.81373],[-69.02569,-15.81008],[-69.02795,-15.80648],[-69.03158,-15.80118],[-69.03519,-15.7966],[-69.03654,-15.79459],[-69.03743,-15.79325],[-69.04019,-15.78998],[-69.04202,-15.78813],[-69.04507,-15.78564],[-69.04862,-15.78335],[-69.05065,-15.78178],[-69.05265,-15.77979],[-69.0537,-15.77813],[-69.0537,-15.77486],[-69.05307,-15.77122],[-69.0516,-15.76883],[-69.05073,-15.76638],[-69.0507,-15.76224],[-69.05035,-15.75973],[-69.04999,-15.75613],[-69.05014,-15.75415],[-69.0509,-15.75211],[-69.05213,-15.75012],[-69.05397,-15.74837],[-69.05805,-15.74484],[-69.05994,-15.74331],[-69.06241,-15.74149],[-69.06408,-15.74033],[-69.06671,-15.73863],[-69.06912,-15.73605],[-69.07007,-15.73451],[-69.07151,-15.73156],[-69.07158,-15.7306],[-69.07083,-15.72718],[-69.07047,-15.7247],[-69.07111,-15.72366],[-69.07156,-15.72341],[-69.07238,-15.72349],[-69.07443,-15.7243],[-69.07539,-15.72424],[-69.07708,-15.72334],[-69.07983,-15.72103],[-69.08139,-15.72058],[-69.08421,-15.72024],[-69.08772,-15.71848],[-69.08975,-15.71737],[-69.09337,-15.71773],[-69.09512,-15.71753],[-69.09695,-15.71666],[-69.09821,-15.71559],[-69.09947,-15.71381],[-69.10029,-15.7107],[-69.10093,-15.70662],[-69.10099,-15.70489],[-69.10141,-15.70282],[-69.10216,-15.70141],[-69.1036,-15.69971],[-69.10523,-15.69841],[-69.10817,-15.69623],[-69.11067,-15.69419],[-69.11195,-15.6934],[-69.11379,-15.69154],[-69.11427,-15.69061],[-69.11458,-15.68856],[-69.11501,-15.6866],[-69.11563,-15.68506],[-69.11695,-15.6822],[-69.1188,-15.67848],[-69.11958,-15.67647],[-69.12081,-15.67374],[-69.12308,-15.67078],[-69.1246,-15.66944],[-69.1259,-15.66876],[-69.12746,-15.66814],[-69.12877,-15.66803],[-69.13146,-15.66861],[-69.13335,-15.66877],[-69.13529,-15.66808],[-69.1358,-15.66745],[-69.13623,-15.66619],[-69.13766,-15.66311],[-69.13858,-15.66189],[-69.13968,-15.66137],[-69.14033,-15.66159],[-69.14366,-15.66414],[-69.14524,-15.66537],[-69.1466,-15.66617],[-69.14816,-15.66762],[-69.14906,-15.66878],[-69.15059,-15.67001],[-69.15206,-15.67098],[-69.15602,-15.67301],[-69.15908,-15.67388],[-69.16692,-15.6748],[-69.17156,-15.67531],[-69.17412,-15.67554],[-69.17759,-15.67577],[-69.18039,-15.67648],[-69.18267,-15.67714],[-69.1866,-15.67807],[-69.18868,-15.67868],[-69.19201,-15.67999],[-69.19393,-15.68034],[-69.19587,-15.67955],[-69.19722,-15.67834],[-69.1977,-15.67667],[-69.19756,-15.67389],[-69.19812,-15.67023],[-69.19863,-15.66834],[-69.19954,-15.66542],[-69.1998,-15.66257],[-69.19967,-15.66059],[-69.19919,-15.65811],[-69.19877,-15.65653],[-69.19772,-15.65457],[-69.19585,-15.65245],[-69.1917,-15.64901],[-69.18815,-15.64721],[-69.18541,-15.64552],[-69.18322,-15.64416],[-69.18093,-15.64259],[-69.17873,-15.64006],[-69.17778,-15.63793],[-69.17786,-15.63717],[-69.17834,-15.63679],[-69.17893,-15.63688],[-69.18196,-15.63734],[-69.18573,-15.63725],[-69.18784,-15.63654],[-69.19075,-15.6359],[-69.19255,-15.63499],[-69.19508,-15.63279],[-69.19778,-15.63079],[-69.19909,-15.62927],[-69.20161,-15.62653],[-69.20305,-15.62484],[-69.20369,-15.62323],[-69.20429,-15.62133],[-69.20424,-15.61893],[-69.20413,-15.61769],[-69.20442,-15.61557],[-69.20509,-15.61446],[-69.20611,-15.61364],[-69.20718,-15.61374],[-69.20866,-15.61451],[-69.21037,-15.61637],[-69.21167,-15.61749],[-69.21351,-15.61885],[-69.2152,-15.62076],[-69.21746,-15.62267],[-69.21844,-15.62339],[-69.22126,-15.62458],[-69.22238,-15.62459],[-69.22373,-15.62436],[-69.22525,-15.62392],[-69.22733,-15.6241],[-69.23006,-15.62429],[-69.23195,-15.62365],[-69.23308,-15.62282],[-69.23604,-15.61838],[-69.23721,-15.61721],[-69.23793,-15.61663],[-69.24078,-15.61291],[-69.24147,-15.61155],[-69.24258,-15.61056],[-69.244,-15.61027],[-69.24475,-15.61034],[-69.24536,-15.61075],[-69.24575,-15.61153],[-69.24496,-15.61314],[-69.2442,-15.61426],[-69.24422,-15.61561],[-69.24479,-15.61621],[-69.2458,-15.6162],[-69.24712,-15.61535],[-69.24881,-15.61345],[-69.25033,-15.61103],[-69.25136,-15.60972],[-69.25512,-15.60675],[-69.25627,-15.60523],[-69.25673,-15.60385],[-69.25632,-15.59876],[-69.25644,-15.59772],[-69.25752,-15.59622],[-69.25944,-15.59424],[-69.26084,-15.59284],[-69.26224,-15.59204],[-69.26687,-15.58966],[-69.26897,-15.58839],[-69.2714,-15.58697],[-69.27533,-15.58404],[-69.27652,-15.58294],[-69.27747,-15.58273],[-69.27803,-15.58218],[-69.27869,-15.58148],[-69.27948,-15.58153],[-69.28056,-15.58185],[-69.28337,-15.58215],[-69.28545,-15.58202],[-69.28677,-15.58177],[-69.2888,-15.58229],[-69.2897,-15.58195],[-69.29011,-15.58127],[-69.29083,-15.58104],[-69.29257,-15.5819],[-69.29441,-15.58184],[-69.29469,-15.5817],[-69.29548,-15.58099],[-69.29602,-15.57952],[-69.29563,-15.57836],[-69.29515,-15.57702],[-69.29378,-15.57555],[-69.29328,-15.57532],[-69.29224,-15.57552],[-69.29162,-15.57638],[-69.29091,-15.57664],[-69.29047,-15.57636],[-69.28924,-15.57561],[-69.28791,-15.57536],[-69.28618,-15.57537],[-69.28496,-15.57469],[-69.28414,-15.57462],[-69.28253,-15.57485],[-69.28183,-15.57521],[-69.281,-15.57502],[-69.28038,-15.57433],[-69.2793,-15.57286],[-69.27828,-15.57266],[-69.27789,-15.57284],[-69.27714,-15.57244],[-69.27719,-15.57223],[-69.27791,-15.57174],[-69.27845,-15.57178],[-69.27869,-15.57087],[-69.27847,-15.56883],[-69.27918,-15.56756],[-69.2802,-15.56649],[-69.28073,-15.56564],[-69.28146,-15.56313],[-69.2825,-15.56103],[-69.28355,-15.55988],[-69.28442,-15.55961],[-69.2852,-15.55933],[-69.28679,-15.55795],[-69.28833,-15.5569],[-69.2899,-15.55617],[-69.2915,-15.55452],[-69.29303,-15.55304],[-69.29478,-15.55278],[-69.29707,-15.55228],[-69.29894,-15.55228],[-69.30136,-15.5516],[-69.30225,-15.55129],[-69.30408,-15.55053],[-69.30562,-15.55083],[-69.30604,-15.55116],[-69.30714,-15.55138],[-69.30838,-15.55119],[-69.31054,-15.55013],[-69.31227,-15.54962],[-69.31401,-15.54843],[-69.31462,-15.54775],[-69.3155,-15.54706],[-69.31688,-15.54618],[-69.31755,-15.54624],[-69.3198,-15.5469],[-69.3208,-15.54647],[-69.32121,-15.54596],[-69.3223,-15.54449],[-69.32331,-15.54365],[-69.32484,-15.54341],[-69.3256,-15.54327],[-69.32588,-15.54287],[-69.32621,-15.54155],[-69.32615,-15.54008],[-69.32586,-15.53879],[-69.32605,-15.53834],[-69.32764,-15.53715],[-69.32877,-15.53668],[-69.32965,-15.53681],[-69.33065,-15.537],[-69.33094,-15.53776],[-69.33112,-15.53795],[-69.33264,-15.53759],[-69.33446,-15.53641],[-69.33688,-15.53585],[-69.33784,-15.53612],[-69.3398,-15.53604],[-69.34044,-15.53567],[-69.34062,-15.53507],[-69.34289,-15.53371],[-69.34427,-15.53328],[-69.34636,-15.53216],[-69.34817,-15.53156],[-69.35117,-15.53131],[-69.35306,-15.53087],[-69.35537,-15.53053],[-69.35709,-15.52973],[-69.35807,-15.52899],[-69.35901,-15.52797],[-69.35898,-15.52759],[-69.35766,-15.52717],[-69.357,-15.52688],[-69.35668,-15.52617],[-69.35648,-15.52446],[-69.35786,-15.52255],[-69.35872,-15.52166],[-69.35999,-15.52116],[-69.36067,-15.52144],[-69.36374,-15.52252],[-69.36484,-15.5226],[-69.36673,-15.52225],[-69.3673,-15.52227],[-69.36782,-15.52188],[-69.36905,-15.5213],[-69.37139,-15.52017],[-69.37254,-15.51907],[-69.37282,-15.5181],[-69.37355,-15.51699],[-69.37433,-15.51582],[-69.37624,-15.51431],[-69.37773,-15.51405],[-69.38213,-15.51339],[-69.38313,-15.51297],[-69.38545,-15.51129],[-69.38933,-15.50906],[-69.39015,-15.50818],[-69.39099,-15.5064],[-69.3913,-15.50545],[-69.39089,-15.50362],[-69.38992,-15.50144],[-69.38907,-15.50049],[-69.38839,-15.49971],[-69.38801,-15.4997],[-69.38773,-15.50062],[-69.38729,-15.50177],[-69.38668,-15.5027],[-69.3858,-15.50321],[-69.38461,-15.50288],[-69.38428,-15.50256],[-69.38368,-15.50077],[-69.38339,-15.5],[-69.38263,-15.4992],[-69.37975,-15.49794],[-69.37934,-15.49766],[-69.37903,-15.49676],[-69.37925,-15.49564],[-69.37988,-15.49349],[-69.37976,-15.4927],[-69.37923,-15.49228],[-69.37788,-15.4921],[-69.37679,-15.49225],[-69.37552,-15.49212],[-69.37484,-15.49147],[-69.37472,-15.4904],[-69.37526,-15.48887],[-69.37636,-15.48731],[-69.37708,-15.48615],[-69.37765,-15.4842],[-69.37816,-15.48277],[-69.37813,-15.48212],[-69.37708,-15.48202],[-69.37499,-15.4831],[-69.37435,-15.48385],[-69.3732,-15.48589],[-69.37327,-15.48748],[-69.37303,-15.48878],[-69.37267,-15.48945],[-69.3717,-15.48965],[-69.37094,-15.49015],[-69.3706,-15.49097],[-69.37114,-15.49158],[-69.37156,-15.49223],[-69.37134,-15.49327],[-69.37073,-15.49378],[-69.36918,-15.49446],[-69.36789,-15.49619],[-69.36783,-15.49682],[-69.3682,-15.49747],[-69.36977,-15.49796],[-69.37219,-15.49797],[-69.37274,-15.4982],[-69.3733,-15.49889],[-69.37311,-15.49969],[-69.37338,-15.50069],[-69.37311,-15.50195],[-69.37234,-15.50277],[-69.37154,-15.50284],[-69.37074,-15.5023],[-69.37047,-15.50245],[-69.37003,-15.50327],[-69.36951,-15.50328],[-69.36899,-15.50291],[-69.36778,-15.50253],[-69.36571,-15.50166],[-69.3654,-15.50096],[-69.36569,-15.49895],[-69.36527,-15.49793],[-69.36463,-15.49757],[-69.36286,-15.49812],[-69.36185,-15.49921],[-69.36159,-15.50027],[-69.36243,-15.50125],[-69.36263,-15.50221],[-69.362,-15.50328],[-69.36113,-15.50432],[-69.36029,-15.50575],[-69.35964,-15.50624],[-69.35935,-15.50687],[-69.35948,-15.50775],[-69.36149,-15.50965],[-69.36205,-15.51031],[-69.36233,-15.51133],[-69.36282,-15.51282],[-69.36315,-15.51393],[-69.36256,-15.51457],[-69.36154,-15.51506],[-69.3606,-15.51507],[-69.35963,-15.51537],[-69.35921,-15.51518],[-69.35826,-15.51323],[-69.35731,-15.51222],[-69.3567,-15.51105],[-69.35627,-15.50928],[-69.35597,-15.50882],[-69.35526,-15.50883],[-69.35459,-15.50921],[-69.35393,-15.51018],[-69.35381,-15.51121],[-69.3535,-15.51199],[-69.35288,-15.5122],[-69.35224,-15.51189],[-69.35008,-15.51097],[-69.35,-15.51063],[-69.35092,-15.50968],[-69.35259,-15.50818],[-69.35358,-15.50759],[-69.35476,-15.50665],[-69.3567,-15.50501],[-69.35812,-15.50373],[-69.3591,-15.50275],[-69.35936,-15.50188],[-69.35909,-15.50065],[-69.35841,-15.5],[-69.35759,-15.49897],[-69.3578,-15.49834],[-69.35754,-15.49806],[-69.35696,-15.49816],[-69.35635,-15.49834],[-69.35568,-15.498],[-69.3548,-15.49776],[-69.35464,-15.49741],[-69.35426,-15.49614],[-69.35557,-15.49448],[-69.35591,-15.49425],[-69.35604,-15.494],[-69.35554,-15.49378],[-69.35539,-15.49355],[-69.35577,-15.49319],[-69.35735,-15.49241],[-69.35787,-15.49056],[-69.35875,-15.48893],[-69.35858,-15.48866],[-69.3575,-15.48839],[-69.35683,-15.48787],[-69.35659,-15.48656],[-69.35674,-15.48622],[-69.35784,-15.48566],[-69.35795,-15.48541],[-69.35775,-15.48467],[-69.3584,-15.48388],[-69.35851,-15.48356],[-69.35827,-15.48323],[-69.35866,-15.4826],[-69.35955,-15.48198],[-69.36152,-15.48151],[-69.36408,-15.47944],[-69.36598,-15.47827],[-69.36748,-15.4772],[-69.37167,-15.47493],[-69.37364,-15.47395],[-69.37585,-15.47165],[-69.37663,-15.47151],[-69.37791,-15.47158],[-69.37956,-15.47119],[-69.38066,-15.47148],[-69.38238,-15.47218],[-69.3834,-15.47201],[-69.38458,-15.47175],[-69.38583,-15.47224],[-69.38697,-15.47318],[-69.38804,-15.47307],[-69.38967,-15.47311],[-69.39083,-15.47398],[-69.3915,-15.47539],[-69.39188,-15.47571],[-69.39385,-15.47631],[-69.39417,-15.47713],[-69.39438,-15.4798],[-69.39451,-15.48093],[-69.39639,-15.48186],[-69.39739,-15.48227],[-69.39773,-15.48252],[-69.39816,-15.48272],[-69.399,-15.48262],[-69.40045,-15.48188],[-69.4025,-15.48141],[-69.40406,-15.48164],[-69.40473,-15.4822],[-69.40562,-15.48302],[-69.40795,-15.4825],[-69.41067,-15.4824],[-69.41196,-15.48247],[-69.41465,-15.48158],[-69.4159,-15.48147],[-69.41746,-15.48147],[-69.41826,-15.48086],[-69.41917,-15.4805],[-69.42,-15.48014],[-69.42189,-15.48068],[-69.42251,-15.48117],[-69.42298,-15.48145],[-69.42332,-15.4812],[-69.42453,-15.4797],[-69.42539,-15.4792],[-69.42655,-15.47821],[-69.42775,-15.47784],[-69.42836,-15.47816],[-69.4285,-15.47885],[-69.42892,-15.47972],[-69.42977,-15.48023],[-69.43091,-15.47989],[-69.43207,-15.47863],[-69.43283,-15.47827],[-69.43316,-15.47844],[-69.43307,-15.47963],[-69.43334,-15.48031],[-69.43478,-15.4809],[-69.43505,-15.48216],[-69.43422,-15.48284],[-69.43403,-15.48312],[-69.43338,-15.48434],[-69.43248,-15.48638],[-69.43174,-15.48702],[-69.43017,-15.4878],[-69.4286,-15.4885],[-69.4271,-15.48998],[-69.42663,-15.4911],[-69.42646,-15.49194],[-69.42568,-15.49302],[-69.42464,-15.49374],[-69.42376,-15.49497],[-69.42281,-15.49566],[-69.42083,-15.49597],[-69.41991,-15.49633],[-69.41921,-15.49624],[-69.41812,-15.49692],[-69.41552,-15.49713],[-69.41499,-15.49798],[-69.41554,-15.49934],[-69.41603,-15.50027],[-69.41648,-15.50195],[-69.41672,-15.50355],[-69.41705,-15.5041],[-69.41829,-15.50417],[-69.4195,-15.50388],[-69.42168,-15.50413],[-69.42346,-15.50397],[-69.42518,-15.50291],[-69.42848,-15.50243],[-69.4313,-15.50326],[-69.43182,-15.50483],[-69.43183,-15.50578],[-69.43279,-15.50469],[-69.43272,-15.50338],[-69.43195,-15.50198],[-69.43216,-15.5],[-69.43333,-15.4985],[-69.43517,-15.49708],[-69.4374,-15.49495],[-69.43917,-15.4931],[-69.44037,-15.49263],[-69.44162,-15.49173],[-69.44183,-15.49062],[-69.4415,-15.48976],[-69.44072,-15.48855],[-69.44064,-15.48752],[-69.44114,-15.48423],[-69.44103,-15.48275],[-69.44027,-15.48204],[-69.43936,-15.48166],[-69.43793,-15.48151],[-69.43665,-15.48088],[-69.43605,-15.47999],[-69.43581,-15.47887],[-69.43573,-15.4764],[-69.4358,-15.47483],[-69.43657,-15.47149],[-69.43731,-15.46909],[-69.43783,-15.46743],[-69.43836,-15.46655],[-69.44001,-15.46514],[-69.44102,-15.46409],[-69.441,-15.46382],[-69.44027,-15.46275],[-69.44042,-15.46247],[-69.44074,-15.46242],[-69.4413,-15.46264],[-69.44188,-15.46321],[-69.4426,-15.46307],[-69.44325,-15.46297],[-69.44464,-15.46132],[-69.44638,-15.45833],[-69.44787,-15.457],[-69.45052,-15.45582],[-69.45216,-15.45538],[-69.45463,-15.45485],[-69.45718,-15.45408],[-69.45977,-15.45329],[-69.4611,-15.452],[-69.46218,-15.4501],[-69.46255,-15.44817],[-69.46366,-15.44439],[-69.46383,-15.44341],[-69.46471,-15.44095],[-69.4655,-15.44011],[-69.46675,-15.439],[-69.46829,-15.43788],[-69.46956,-15.43742],[-69.47007,-15.43714],[-69.47081,-15.43669],[-69.47198,-15.43583],[-69.47326,-15.43448],[-69.47433,-15.43336],[-69.47706,-15.43115],[-69.47786,-15.43013],[-69.47795,-15.42945],[-69.47737,-15.42841],[-69.47665,-15.42753],[-69.47737,-15.42619],[-69.47842,-15.42566],[-69.48035,-15.42548],[-69.48124,-15.42491],[-69.48309,-15.42305],[-69.48596,-15.42093],[-69.48783,-15.42015],[-69.4891,-15.41935],[-69.49106,-15.41762],[-69.49191,-15.41715],[-69.49338,-15.41738],[-69.49459,-15.41737],[-69.49651,-15.41623],[-69.49796,-15.41471],[-69.49943,-15.41339],[-69.49979,-15.41261],[-69.49985,-15.41052],[-69.49922,-15.40972],[-69.49802,-15.40895],[-69.49767,-15.4079],[-69.49766,-15.40659],[-69.49781,-15.40588],[-69.49777,-15.40548],[-69.49736,-15.40507],[-69.49761,-15.40482],[-69.49866,-15.40481],[-69.49966,-15.40439],[-69.50056,-15.40377],[-69.50217,-15.40398],[-69.50266,-15.40461],[-69.50293,-15.40605],[-69.50328,-15.40669],[-69.5042,-15.40743],[-69.50595,-15.40822],[-69.50649,-15.40887],[-69.50731,-15.4089],[-69.50959,-15.40839],[-69.51117,-15.40799],[-69.51318,-15.40688],[-69.51339,-15.40653],[-69.51531,-15.40295],[-69.5164,-15.40174],[-69.51746,-15.40112],[-69.51936,-15.4004],[-69.52042,-15.39935],[-69.52435,-15.39506],[-69.52591,-15.39383],[-69.52669,-15.39233],[-69.5281,-15.39012],[-69.52967,-15.3887],[-69.53087,-15.38784],[-69.53195,-15.38624],[-69.5317,-15.38582],[-69.53053,-15.3859],[-69.52958,-15.38602],[-69.52818,-15.38716],[-69.52722,-15.38693],[-69.52618,-15.38605],[-69.52519,-15.38506],[-69.5257,-15.38389],[-69.52644,-15.38296],[-69.52683,-15.38162],[-69.5267,-15.38093],[-69.5261,-15.3806],[-69.52499,-15.38099],[-69.52383,-15.38222],[-69.52334,-15.38217],[-69.52295,-15.38127],[-69.52242,-15.38104],[-69.52003,-15.38104],[-69.51915,-15.38058],[-69.5185,-15.38019],[-69.5173,-15.37975],[-69.51625,-15.37886],[-69.51583,-15.37773],[-69.51591,-15.37677],[-69.51615,-15.37618],[-69.51587,-15.3756],[-69.51592,-15.37522],[-69.5164,-15.37511],[-69.51692,-15.37568],[-69.51745,-15.37563],[-69.51804,-15.37491],[-69.51945,-15.37416],[-69.52003,-15.3736],[-69.52031,-15.37318],[-69.52006,-15.37269],[-69.52084,-15.3721],[-69.5216,-15.37106],[-69.52174,-15.37042],[-69.5229,-15.36994],[-69.52547,-15.36958],[-69.52649,-15.3697],[-69.52784,-15.36955],[-69.52859,-15.37001],[-69.53141,-15.37043],[-69.53232,-15.37113],[-69.53367,-15.37172],[-69.53459,-15.37315],[-69.53485,-15.37399],[-69.5341,-15.37487],[-69.53308,-15.37539],[-69.53274,-15.37588],[-69.5329,-15.37635],[-69.53426,-15.37669],[-69.53559,-15.37704],[-69.53807,-15.37691],[-69.53899,-15.37713],[-69.53985,-15.3779],[-69.54004,-15.37909],[-69.54033,-15.37958],[-69.54117,-15.37961],[-69.54326,-15.37918],[-69.54434,-15.37825],[-69.5457,-15.37764],[-69.54765,-15.37772],[-69.54916,-15.37714],[-69.55046,-15.37699],[-69.55322,-15.37602],[-69.55376,-15.37559],[-69.55435,-15.37458],[-69.55574,-15.3724],[-69.55614,-15.3715],[-69.55671,-15.37053],[-69.55631,-15.37018],[-69.55556,-15.37021],[-69.55482,-15.37048],[-69.55365,-15.37114],[-69.55297,-15.3713],[-69.55214,-15.37098],[-69.5521,-15.36892],[-69.5531,-15.36669],[-69.55516,-15.36498],[-69.55615,-15.36471],[-69.55801,-15.36457],[-69.55893,-15.36369],[-69.55906,-15.36287],[-69.5577,-15.36255],[-69.55741,-15.36241],[-69.55731,-15.36158],[-69.55618,-15.36117],[-69.55594,-15.3609],[-69.55554,-15.35962],[-69.55669,-15.35775],[-69.55761,-15.3569],[-69.55906,-15.35647],[-69.5599,-15.35634],[-69.5605,-15.35727],[-69.56121,-15.35841],[-69.56157,-15.35871],[-69.5623,-15.35848],[-69.5636,-15.35647],[-69.564,-15.35468],[-69.56377,-15.35264],[-69.56433,-15.3503],[-69.56485,-15.34957],[-69.56611,-15.34887],[-69.56632,-15.34784],[-69.56708,-15.34752],[-69.56893,-15.34729],[-69.56931,-15.34763],[-69.56971,-15.34877],[-69.57085,-15.34974],[-69.5726,-15.35046],[-69.57314,-15.351],[-69.57292,-15.35156],[-69.57128,-15.35199],[-69.56949,-15.35301],[-69.56896,-15.35415],[-69.56897,-15.35451],[-69.56987,-15.35522],[-69.57079,-15.35548],[-69.57304,-15.35593],[-69.57337,-15.35639],[-69.57328,-15.35724],[-69.57198,-15.35853],[-69.57161,-15.35916],[-69.57035,-15.36],[-69.56981,-15.36062],[-69.56838,-15.36124],[-69.56809,-15.36198],[-69.56841,-15.36248],[-69.56889,-15.36257],[-69.57069,-15.36187],[-69.57293,-15.3613],[-69.57439,-15.36155],[-69.57746,-15.36138],[-69.57916,-15.36225],[-69.57994,-15.36354],[-69.58006,-15.3644],[-69.57962,-15.36513],[-69.57843,-15.36615],[-69.578,-15.3666],[-69.57815,-15.36681],[-69.57856,-15.36691],[-69.57965,-15.36749],[-69.58116,-15.36808],[-69.5829,-15.36801],[-69.58453,-15.36772],[-69.58621,-15.36741],[-69.58834,-15.36788],[-69.58992,-15.36887],[-69.59039,-15.36992],[-69.59033,-15.37106],[-69.5897,-15.37135],[-69.58887,-15.37126],[-69.5885,-15.3717],[-69.58827,-15.37255],[-69.58905,-15.37304],[-69.5913,-15.37288],[-69.5929,-15.37227],[-69.59475,-15.37099],[-69.59602,-15.36999],[-69.59674,-15.36877],[-69.59706,-15.36757],[-69.59817,-15.36538],[-69.59904,-15.36389],[-69.59979,-15.36342],[-69.6029,-15.36251],[-69.6051,-15.36221],[-69.60585,-15.36179],[-69.60592,-15.36136],[-69.60553,-15.36113],[-69.60425,-15.3615],[-69.60356,-15.36145],[-69.60268,-15.36083],[-69.60177,-15.3612],[-69.60146,-15.36086],[-69.60168,-15.35992],[-69.60137,-15.35961],[-69.60117,-15.35892],[-69.60199,-15.35836],[-69.60252,-15.35771],[-69.6033,-15.3567],[-69.60359,-15.35603],[-69.60452,-15.35505],[-69.60527,-15.35483],[-69.60596,-15.35499],[-69.60677,-15.35438],[-69.60822,-15.35473],[-69.60911,-15.35541],[-69.61098,-15.35507],[-69.61317,-15.35486],[-69.61428,-15.35462],[-69.61496,-15.355],[-69.61519,-15.35418],[-69.61551,-15.35312],[-69.61601,-15.35232],[-69.61719,-15.35144],[-69.61912,-15.34792],[-69.62033,-15.34682],[-69.62082,-15.34611],[-69.62107,-15.34518],[-69.62214,-15.34436],[-69.6232,-15.34437],[-69.62458,-15.3441],[-69.62611,-15.34412],[-69.62733,-15.34423],[-69.62814,-15.3447],[-69.6292,-15.34577],[-69.62938,-15.34653],[-69.62785,-15.34889],[-69.62607,-15.35044],[-69.62409,-15.35207],[-69.62326,-15.35311],[-69.62327,-15.35349],[-69.62477,-15.35337],[-69.62619,-15.35349],[-69.62693,-15.35423],[-69.62722,-15.35573],[-69.62755,-15.35634],[-69.62841,-15.35651],[-69.63015,-15.35593],[-69.63174,-15.35488],[-69.63392,-15.35347],[-69.63465,-15.35282],[-69.63464,-15.35261],[-69.63356,-15.35285],[-69.63309,-15.35262],[-69.63262,-15.35181],[-69.6326,-15.35111],[-69.63377,-15.349],[-69.63461,-15.34792],[-69.63444,-15.34766],[-69.632,-15.34768],[-69.6316,-15.34756],[-69.63132,-15.34639],[-69.63108,-15.34591],[-69.62997,-15.34568],[-69.62982,-15.34542],[-69.6298,-15.34371],[-69.63042,-15.34288],[-69.63201,-15.3419],[-69.63403,-15.34083],[-69.63467,-15.34008],[-69.6369,-15.33764],[-69.63952,-15.3355],[-69.64052,-15.3342],[-69.64022,-15.33399],[-69.6382,-15.33498],[-69.63616,-15.3355],[-69.63235,-15.33704],[-69.63086,-15.33697],[-69.62985,-15.33578],[-69.62925,-15.33338],[-69.63001,-15.33187],[-69.63013,-15.33072],[-69.63045,-15.33019],[-69.63123,-15.32961],[-69.6319,-15.32851],[-69.63213,-15.32732],[-69.6329,-15.3249],[-69.63428,-15.32336],[-69.63522,-15.32294],[-69.63639,-15.32289],[-69.63794,-15.32221],[-69.64103,-15.32036],[-69.64225,-15.31986],[-69.64238,-15.31929],[-69.64258,-15.31888],[-69.64298,-15.31832],[-69.64287,-15.31718],[-69.64412,-15.31448],[-69.6449,-15.31228],[-69.64592,-15.30979],[-69.64706,-15.30751],[-69.64992,-15.30391],[-69.65216,-15.30101],[-69.65371,-15.2986],[-69.65387,-15.29789],[-69.65364,-15.29738],[-69.65322,-15.2973],[-69.65222,-15.29866],[-69.65006,-15.30119],[-69.64838,-15.30272],[-69.64654,-15.30466],[-69.64329,-15.30701],[-69.64076,-15.30946],[-69.63845,-15.31107],[-69.63594,-15.31348],[-69.63465,-15.31377],[-69.63335,-15.31299],[-69.63398,-15.31191],[-69.63441,-15.31109],[-69.63507,-15.30955],[-69.63499,-15.30803],[-69.6351,-15.30741],[-69.63636,-15.30578],[-69.63726,-15.30459],[-69.63769,-15.30382],[-69.63866,-15.30302],[-69.63912,-15.30235],[-69.63958,-15.30129],[-69.64056,-15.29872],[-69.64103,-15.29787],[-69.64272,-15.29699],[-69.64344,-15.29654],[-69.64394,-15.2959],[-69.64401,-15.29475],[-69.64329,-15.29129],[-69.64291,-15.28982],[-69.64305,-15.28878],[-69.64246,-15.28838],[-69.64124,-15.28823],[-69.64064,-15.28797],[-69.64059,-15.2875],[-69.64083,-15.28661],[-69.64042,-15.28615],[-69.64038,-15.2859],[-69.64175,-15.28635],[-69.64243,-15.28618],[-69.6427,-15.28482],[-69.64249,-15.28397],[-69.64186,-15.28308],[-69.64186,-15.28257],[-69.64253,-15.28216],[-69.6439,-15.28215],[-69.64508,-15.28329],[-69.64712,-15.28348],[-69.64822,-15.2833],[-69.65021,-15.28311],[-69.65097,-15.28285],[-69.653,-15.28224],[-69.65531,-15.28238],[-69.6571,-15.28257],[-69.65885,-15.2816],[-69.66169,-15.28001],[-69.66336,-15.2793],[-69.66427,-15.2782],[-69.66478,-15.2776],[-69.6656,-15.27727],[-69.66562,-15.27668],[-69.66546,-15.27614],[-69.66579,-15.27564],[-69.66716,-15.2753],[-69.66804,-15.27507],[-69.66839,-15.27425],[-69.6683,-15.27233],[-69.66839,-15.27138],[-69.66909,-15.2698],[-69.66909,-15.2686],[-69.66871,-15.2682],[-69.66808,-15.2681],[-69.66756,-15.26825],[-69.66673,-15.26885],[-69.66498,-15.26965],[-69.66072,-15.27146],[-69.65919,-15.27195],[-69.65839,-15.272],[-69.65593,-15.27164],[-69.65511,-15.27137],[-69.65502,-15.27083],[-69.65552,-15.27023],[-69.65511,-15.26955],[-69.65551,-15.26897],[-69.65636,-15.26874],[-69.6569,-15.26759],[-69.65896,-15.26535],[-69.65995,-15.26481],[-69.66093,-15.26388],[-69.66156,-15.26234],[-69.66298,-15.26025],[-69.66386,-15.25923],[-69.66415,-15.25831],[-69.66493,-15.25754],[-69.6663,-15.25695],[-69.66756,-15.2557],[-69.66898,-15.25462],[-69.6701,-15.25402],[-69.67015,-15.25317],[-69.66998,-15.25276],[-69.66972,-15.25224],[-69.66967,-15.25148],[-69.67058,-15.25077],[-69.67141,-15.25082],[-69.67197,-15.25119],[-69.67278,-15.25197],[-69.67354,-15.25209],[-69.67468,-15.2514],[-69.67495,-15.25087],[-69.67485,-15.2495],[-69.67436,-15.24862],[-69.67416,-15.24798],[-69.67434,-15.24729],[-69.67517,-15.2465],[-69.6761,-15.24599],[-69.67665,-15.24512],[-69.67684,-15.24381],[-69.67714,-15.24326],[-69.678,-15.24294],[-69.67847,-15.24259],[-69.67899,-15.24263],[-69.68058,-15.24342],[-69.68154,-15.24375],[-69.68201,-15.24432],[-69.68183,-15.24544],[-69.68201,-15.24611],[-69.68432,-15.24872],[-69.68523,-15.25029],[-69.68559,-15.25165],[-69.68544,-15.25246],[-69.68625,-15.25282],[-69.6873,-15.2534],[-69.68759,-15.25372],[-69.68744,-15.25444],[-69.68748,-15.25491],[-69.68843,-15.2551],[-69.68906,-15.25487],[-69.68949,-15.25401],[-69.68942,-15.25247],[-69.68964,-15.25132],[-69.68945,-15.25056],[-69.68888,-15.25],[-69.68768,-15.24954],[-69.68569,-15.24828],[-69.68499,-15.24708],[-69.6844,-15.24518],[-69.68344,-15.24361],[-69.6835,-15.2421],[-69.6841,-15.24102],[-69.68618,-15.23832],[-69.68666,-15.23791],[-69.68931,-15.23708],[-69.69197,-15.23633],[-69.69281,-15.23623],[-69.69364,-15.23612],[-69.69448,-15.23599],[-69.69538,-15.23558],[-69.69601,-15.23509],[-69.69673,-15.23468],[-69.69792,-15.23407],[-69.6995,-15.23363],[-69.70045,-15.23366],[-69.70126,-15.23389],[-69.70208,-15.23444],[-69.70289,-15.23505],[-69.70386,-15.23504],[-69.70546,-15.23431],[-69.7065,-15.23379],[-69.70735,-15.23334],[-69.70789,-15.23319],[-69.70873,-15.23315],[-69.70939,-15.23326],[-69.71076,-15.2337],[-69.71203,-15.23431],[-69.71287,-15.2349],[-69.71341,-15.23611],[-69.71463,-15.2372],[-69.71627,-15.23826],[-69.71728,-15.23906],[-69.71755,-15.24],[-69.71705,-15.24109],[-69.71685,-15.2419],[-69.71708,-15.24299],[-69.71763,-15.24366],[-69.71885,-15.24389],[-69.71943,-15.24369],[-69.71989,-15.24339],[-69.72068,-15.2425],[-69.72086,-15.24122],[-69.72115,-15.24026],[-69.72286,-15.23967],[-69.72386,-15.23903],[-69.72471,-15.2392],[-69.72542,-15.23911],[-69.72634,-15.23887],[-69.72756,-15.23908],[-69.72838,-15.2391],[-69.72969,-15.23988],[-69.73028,-15.24074],[-69.73074,-15.24133],[-69.73145,-15.24218],[-69.73122,-15.24273],[-69.7298,-15.24326],[-69.72888,-15.24398],[-69.72903,-15.2446],[-69.72953,-15.24495],[-69.73013,-15.24564],[-69.73061,-15.24596],[-69.73112,-15.24604],[-69.73163,-15.24564],[-69.73204,-15.24463],[-69.73197,-15.2438],[-69.73253,-15.24252],[-69.73301,-15.242],[-69.73508,-15.24129],[-69.73557,-15.24133],[-69.73585,-15.24216],[-69.73627,-15.24272],[-69.73715,-15.24311],[-69.73715,-15.24357],[-69.73655,-15.2441],[-69.73625,-15.24525],[-69.73652,-15.24594],[-69.7375,-15.24681],[-69.73783,-15.24768],[-69.73854,-15.24816],[-69.73881,-15.24862],[-69.73851,-15.24939],[-69.7384,-15.25037],[-69.73764,-15.25166],[-69.73777,-15.25223],[-69.73878,-15.25278],[-69.73985,-15.25455],[-69.73971,-15.25671],[-69.74002,-15.25732],[-69.74129,-15.25756],[-69.74313,-15.25678],[-69.74438,-15.25628],[-69.74558,-15.25534],[-69.7463,-15.25407],[-69.74619,-15.25225],[-69.74625,-15.25163],[-69.74668,-15.25126],[-69.74831,-15.25096],[-69.74899,-15.2502],[-69.74958,-15.24982],[-69.7504,-15.2499],[-69.75121,-15.25088],[-69.75204,-15.25142],[-69.75225,-15.25233],[-69.75277,-15.25268],[-69.7527,-15.2532],[-69.75279,-15.25369],[-69.75341,-15.25423],[-69.75407,-15.25453],[-69.75494,-15.25461],[-69.75658,-15.25414],[-69.75731,-15.25432],[-69.75815,-15.25558],[-69.75896,-15.25637],[-69.75929,-15.25789],[-69.75792,-15.25812],[-69.75699,-15.2576],[-69.75569,-15.25664],[-69.75365,-15.25528],[-69.7527,-15.25511],[-69.75205,-15.25533],[-69.75163,-15.25662],[-69.7511,-15.25723],[-69.74972,-15.25846],[-69.74886,-15.25898],[-69.74722,-15.2598],[-69.74626,-15.26105],[-69.74506,-15.26349],[-69.74444,-15.26447],[-69.74519,-15.26525],[-69.74663,-15.26632],[-69.74816,-15.2672],[-69.75016,-15.26854],[-69.75079,-15.2696],[-69.75027,-15.27077],[-69.749,-15.27166],[-69.748,-15.27131],[-69.74646,-15.27072],[-69.7453,-15.26984],[-69.74366,-15.26881],[-69.74237,-15.26875],[-69.73985,-15.26926],[-69.7382,-15.26948],[-69.73707,-15.26977],[-69.73583,-15.27021],[-69.73496,-15.27053],[-69.73436,-15.27151],[-69.73451,-15.27177],[-69.73647,-15.27218],[-69.73939,-15.2736],[-69.74063,-15.27466],[-69.74089,-15.27532],[-69.7411,-15.27573],[-69.74155,-15.27709],[-69.74157,-15.2775],[-69.74092,-15.27884],[-69.74037,-15.2792],[-69.7393,-15.27704],[-69.73778,-15.27579],[-69.73691,-15.27555],[-69.73437,-15.27561],[-69.73087,-15.2766],[-69.72847,-15.2773],[-69.7274,-15.27763],[-69.72548,-15.27808],[-69.72397,-15.27807],[-69.72349,-15.27767],[-69.72341,-15.2768],[-69.72391,-15.27618],[-69.7257,-15.27526],[-69.72615,-15.27473],[-69.72709,-15.27394],[-69.72753,-15.27342],[-69.72711,-15.27299],[-69.72631,-15.27295],[-69.72441,-15.27313],[-69.72307,-15.27357],[-69.71997,-15.27475],[-69.71832,-15.27547],[-69.71683,-15.27635],[-69.71446,-15.27792],[-69.71412,-15.2784],[-69.7154,-15.27972],[-69.71582,-15.2804],[-69.71557,-15.28145],[-69.71524,-15.28191],[-69.71475,-15.28272],[-69.71354,-15.28405],[-69.71255,-15.28555],[-69.7097,-15.28744],[-69.70808,-15.28918],[-69.7062,-15.29096],[-69.70544,-15.29196],[-69.70452,-15.29272],[-69.70317,-15.29461],[-69.70217,-15.2956],[-69.7021,-15.29624],[-69.70251,-15.29682],[-69.70303,-15.29667],[-69.70414,-15.29667],[-69.7052,-15.29622],[-69.7069,-15.29586],[-69.70777,-15.29603],[-69.70871,-15.29691],[-69.70907,-15.29788],[-69.70903,-15.29863],[-69.70667,-15.30105],[-69.70587,-15.3025],[-69.70514,-15.30323],[-69.70382,-15.30452],[-69.70058,-15.30738],[-69.69991,-15.30812],[-69.69945,-15.30941],[-69.69915,-15.30996],[-69.69909,-15.31023],[-69.69946,-15.31038],[-69.69992,-15.31008],[-69.70062,-15.30961],[-69.70155,-15.30884],[-69.70296,-15.30804],[-69.70344,-15.30749],[-69.70469,-15.30661],[-69.70642,-15.30606],[-69.70687,-15.3059],[-69.70803,-15.30611],[-69.70927,-15.3062],[-69.71063,-15.30672],[-69.71118,-15.3068],[-69.71192,-15.30689],[-69.71234,-15.30745],[-69.71226,-15.30804],[-69.71154,-15.30926],[-69.7101,-15.31048],[-69.71034,-15.31088],[-69.71089,-15.31075],[-69.71191,-15.30993],[-69.71286,-15.30963],[-69.71404,-15.30977],[-69.71548,-15.30961],[-69.71657,-15.3097],[-69.71718,-15.30929],[-69.71691,-15.3085],[-69.71561,-15.30683],[-69.7157,-15.30623],[-69.71627,-15.30557],[-69.71734,-15.30559],[-69.7181,-15.30567],[-69.71875,-15.30585],[-69.71948,-15.30548],[-69.72064,-15.30606],[-69.72113,-15.30661],[-69.72181,-15.30685],[-69.72242,-15.30746],[-69.7228,-15.30725],[-69.72277,-15.30696],[-69.72096,-15.3053],[-69.7204,-15.30452],[-69.72035,-15.30347],[-69.72076,-15.3025],[-69.72204,-15.3022],[-69.72264,-15.30192],[-69.72315,-15.30131],[-69.72328,-15.30081],[-69.72313,-15.29944],[-69.72328,-15.29881],[-69.72366,-15.29779],[-69.7241,-15.29689],[-69.72501,-15.29607],[-69.72633,-15.29564],[-69.728,-15.29523],[-69.72937,-15.29488],[-69.73017,-15.29453],[-69.73153,-15.29316],[-69.73297,-15.29236],[-69.73457,-15.29189],[-69.73557,-15.2911],[-69.73664,-15.28968],[-69.73949,-15.28721],[-69.74144,-15.28632],[-69.74511,-15.28525],[-69.74807,-15.28404],[-69.74908,-15.28344],[-69.7506,-15.28321],[-69.75165,-15.2835],[-69.75435,-15.28512],[-69.75541,-15.28641],[-69.75559,-15.28762],[-69.75567,-15.28855],[-69.75517,-15.28952],[-69.75379,-15.29167],[-69.75331,-15.29323],[-69.75332,-15.29407],[-69.7541,-15.29465],[-69.75588,-15.29503],[-69.75654,-15.29546],[-69.75678,-15.29613],[-69.75709,-15.2968],[-69.7577,-15.29716],[-69.75839,-15.29773],[-69.75825,-15.29828],[-69.75761,-15.29885],[-69.75708,-15.30004],[-69.75641,-15.30065],[-69.75602,-15.30111],[-69.75555,-15.30127],[-69.75402,-15.3014],[-69.75215,-15.30198],[-69.75166,-15.30248],[-69.75186,-15.30284],[-69.75434,-15.30385],[-69.75468,-15.30463],[-69.75559,-15.30564],[-69.75697,-15.30704],[-69.75905,-15.30832],[-69.76002,-15.30849],[-69.76196,-15.30791],[-69.76347,-15.30761],[-69.76568,-15.30837],[-69.76668,-15.30863],[-69.76862,-15.30943],[-69.76952,-15.3095],[-69.77046,-15.30907],[-69.77193,-15.30744],[-69.77347,-15.30609],[-69.774,-15.30581],[-69.77371,-15.30691],[-69.77294,-15.30837],[-69.7727,-15.30933],[-69.77256,-15.31042],[-69.77274,-15.31293],[-69.77282,-15.31497],[-69.77337,-15.31721],[-69.7737,-15.31906],[-69.77433,-15.3192],[-69.78026,-15.32005],[-69.7812,-15.31989],[-69.78259,-15.3186],[-69.78334,-15.31642],[-69.78353,-15.31549],[-69.7837,-15.31451],[-69.78453,-15.31213],[-69.78624,-15.30974],[-69.78721,-15.30828],[-69.78859,-15.30739],[-69.78905,-15.30573],[-69.78934,-15.3053],[-69.79,-15.30523],[-69.78991,-15.30475],[-69.79006,-15.30349],[-69.79057,-15.30276],[-69.79135,-15.30238],[-69.79173,-15.30122],[-69.79238,-15.30063],[-69.79338,-15.30006],[-69.79386,-15.2995],[-69.79429,-15.29889],[-69.79509,-15.299],[-69.79534,-15.29835],[-69.79582,-15.29798],[-69.7969,-15.29784],[-69.7981,-15.29698],[-69.79996,-15.29667],[-69.80177,-15.29631],[-69.80292,-15.29636],[-69.80368,-15.29434],[-69.8043,-15.29294],[-69.80469,-15.29232],[-69.80518,-15.29135],[-69.80568,-15.29137],[-69.80581,-15.29056],[-69.80611,-15.2905],[-69.80625,-15.29099],[-69.80652,-15.29102],[-69.80656,-15.29055],[-69.8068,-15.29009],[-69.80746,-15.28985],[-69.80769,-15.29002],[-69.80747,-15.29136],[-69.80748,-15.29234],[-69.8079,-15.29329],[-69.80826,-15.29351],[-69.80875,-15.29343],[-69.80883,-15.29294],[-69.80824,-15.29148],[-69.8081,-15.29007],[-69.80844,-15.28946],[-69.80886,-15.28969],[-69.80908,-15.29058],[-69.81014,-15.2921],[-69.81073,-15.29207],[-69.81082,-15.29153],[-69.80965,-15.29014],[-69.80961,-15.28939],[-69.81015,-15.28857],[-69.81111,-15.28722],[-69.81152,-15.28672],[-69.81218,-15.28663],[-69.81283,-15.28651],[-69.81303,-15.28688],[-69.81273,-15.28779],[-69.81257,-15.28845],[-69.8128,-15.28871],[-69.81344,-15.28856],[-69.81402,-15.28841],[-69.81475,-15.28849],[-69.81547,-15.28795],[-69.8163,-15.28759],[-69.81638,-15.28709],[-69.81575,-15.28674],[-69.81558,-15.28607],[-69.81514,-15.28534],[-69.81517,-15.28426],[-69.81476,-15.2833],[-69.81403,-15.2829],[-69.81359,-15.28239],[-69.8134,-15.28179],[-69.81291,-15.28153],[-69.81262,-15.28125],[-69.81222,-15.2799],[-69.81177,-15.27867],[-69.8117,-15.27813],[-69.81291,-15.27765],[-69.81359,-15.27726],[-69.81374,-15.27674],[-69.81323,-15.27589],[-69.81328,-15.27555],[-69.81387,-15.27536],[-69.81464,-15.27516],[-69.81491,-15.27488],[-69.81484,-15.27459],[-69.81482,-15.27414],[-69.81517,-15.27408],[-69.81539,-15.27428],[-69.81567,-15.2748],[-69.81523,-15.27608],[-69.81538,-15.27649],[-69.81595,-15.2759],[-69.81669,-15.27554],[-69.81754,-15.2756],[-69.81843,-15.27611],[-69.8206,-15.27595],[-69.82182,-15.27521],[-69.82225,-15.27538],[-69.82286,-15.27495],[-69.82355,-15.27501],[-69.82439,-15.27567],[-69.8249,-15.27587],[-69.8259,-15.27591],[-69.82706,-15.27647],[-69.8281,-15.27647],[-69.82954,-15.27717],[-69.82915,-15.27849],[-69.82934,-15.27922],[-69.82935,-15.28028],[-69.82972,-15.28103],[-69.83022,-15.2818],[-69.8303,-15.28232],[-69.83003,-15.28295],[-69.82907,-15.28368],[-69.82794,-15.28447],[-69.82667,-15.2863],[-69.82532,-15.28757],[-69.82415,-15.28837],[-69.8231,-15.28925],[-69.82257,-15.2911],[-69.82153,-15.2919],[-69.82049,-15.29255],[-69.82017,-15.29344],[-69.82043,-15.29625],[-69.82127,-15.29868],[-69.82188,-15.30017],[-69.82157,-15.30104],[-69.82063,-15.30213],[-69.82069,-15.30293],[-69.82068,-15.30362],[-69.82022,-15.30446],[-69.81931,-15.3049],[-69.81895,-15.30563],[-69.81823,-15.30644],[-69.81835,-15.30687],[-69.81901,-15.30681],[-69.82062,-15.3057],[-69.82196,-15.30439],[-69.82285,-15.3035],[-69.8238,-15.30246],[-69.82402,-15.30168],[-69.82431,-15.29994],[-69.82457,-15.29865],[-69.82552,-15.2961],[-69.82564,-15.29527],[-69.82556,-15.29394],[-69.82579,-15.29307],[-69.82635,-15.29151],[-69.82679,-15.29073],[-69.82838,-15.28842],[-69.8291,-15.28778],[-69.82973,-15.28744],[-69.83023,-15.28694],[-69.8306,-15.28719],[-69.83093,-15.28692],[-69.8313,-15.28581],[-69.83208,-15.28469],[-69.83217,-15.28344],[-69.83271,-15.28209],[-69.83334,-15.28114],[-69.83478,-15.28005],[-69.8367,-15.27897],[-69.83706,-15.27913],[-69.83689,-15.27941],[-69.83633,-15.27993],[-69.83664,-15.28042],[-69.83776,-15.27998],[-69.83858,-15.28002],[-69.83872,-15.28058],[-69.838,-15.28116],[-69.83774,-15.28188],[-69.83806,-15.28369],[-69.83811,-15.28527],[-69.83839,-15.28555],[-69.8388,-15.2853],[-69.83895,-15.28441],[-69.83928,-15.28386],[-69.83961,-15.28386],[-69.83998,-15.2843],[-69.84016,-15.28557],[-69.84036,-15.2856],[-69.84087,-15.28532],[-69.84127,-15.28505],[-69.84144,-15.28459],[-69.84146,-15.28314],[-69.84152,-15.28218],[-69.84185,-15.28209],[-69.84249,-15.28254],[-69.8432,-15.28337],[-69.84367,-15.28366],[-69.84408,-15.28372],[-69.84434,-15.28356],[-69.84426,-15.2833],[-69.84398,-15.28307],[-69.84353,-15.28284],[-69.84328,-15.28241],[-69.84319,-15.28208],[-69.84322,-15.28176],[-69.84339,-15.28159],[-69.84361,-15.28166],[-69.84404,-15.282],[-69.84431,-15.28206],[-69.8444,-15.28188],[-69.84424,-15.28143],[-69.84398,-15.28093],[-69.84398,-15.28065],[-69.84426,-15.28069],[-69.84533,-15.28183],[-69.84598,-15.28271],[-69.84707,-15.2835],[-69.84693,-15.28421],[-69.84631,-15.28473],[-69.84532,-15.28501],[-69.84401,-15.28534],[-69.84331,-15.2859],[-69.84303,-15.28606],[-69.84277,-15.28602],[-69.8425,-15.28581],[-69.8423,-15.28569],[-69.84207,-15.28572],[-69.84186,-15.28597],[-69.84168,-15.28668],[-69.84147,-15.28891],[-69.8415,-15.2901],[-69.84146,-15.29074],[-69.84153,-15.29084],[-69.84174,-15.29098],[-69.84184,-15.29088],[-69.84195,-15.29068],[-69.84214,-15.29066],[-69.84231,-15.2909],[-69.84292,-15.29211],[-69.84384,-15.29329],[-69.84495,-15.29375],[-69.84575,-15.29349],[-69.84669,-15.29295],[-69.84754,-15.29303],[-69.84848,-15.29329],[-69.84938,-15.29374],[-69.85024,-15.29378],[-69.85056,-15.29398],[-69.85087,-15.29457],[-69.85124,-15.29455],[-69.85147,-15.2943],[-69.8517,-15.29385],[-69.85193,-15.29383],[-69.85202,-15.29412],[-69.85198,-15.2946],[-69.85215,-15.29512],[-69.8526,-15.29538],[-69.85342,-15.29566],[-69.85364,-15.29563],[-69.85368,-15.29552],[-69.85355,-15.2952],[-69.85305,-15.29487],[-69.85263,-15.29453],[-69.85263,-15.2942],[-69.85287,-15.29402],[-69.85319,-15.29413],[-69.85393,-15.29424],[-69.85511,-15.29406],[-69.85575,-15.2942],[-69.85571,-15.29389],[-69.85506,-15.29355],[-69.85374,-15.29348],[-69.8534,-15.29316],[-69.85313,-15.29298],[-69.85277,-15.29312],[-69.8525,-15.2933],[-69.85234,-15.29323],[-69.85228,-15.29295],[-69.85232,-15.29267],[-69.85253,-15.29234],[-69.85281,-15.29219],[-69.85289,-15.29205],[-69.85306,-15.29172],[-69.85335,-15.29167],[-69.8537,-15.29147],[-69.85396,-15.29132],[-69.8544,-15.29126],[-69.85476,-15.29106],[-69.85557,-15.29114],[-69.85655,-15.29157],[-69.85711,-15.29172],[-69.8574,-15.29194],[-69.85726,-15.29218],[-69.85681,-15.29218],[-69.85656,-15.2923],[-69.85649,-15.29266],[-69.8565,-15.29472],[-69.85663,-15.29537],[-69.85655,-15.29612],[-69.85624,-15.29662],[-69.85647,-15.2971],[-69.85701,-15.29732],[-69.85753,-15.29736],[-69.85771,-15.29749],[-69.85756,-15.29768],[-69.85722,-15.2978],[-69.85684,-15.29811],[-69.85645,-15.29817],[-69.85609,-15.29811],[-69.85593,-15.29826],[-69.85595,-15.29851],[-69.8563,-15.29885],[-69.85653,-15.29932],[-69.85637,-15.30039],[-69.85587,-15.30176],[-69.85598,-15.30263],[-69.85622,-15.30269],[-69.85652,-15.30202],[-69.85694,-15.30114],[-69.85756,-15.29991],[-69.85831,-15.30006],[-69.85993,-15.29918],[-69.86116,-15.29836],[-69.8617,-15.29869],[-69.86288,-15.30031],[-69.8633,-15.30023],[-69.8635,-15.29935],[-69.86411,-15.29833],[-69.86449,-15.29834],[-69.86491,-15.29891],[-69.86468,-15.29977],[-69.86429,-15.30064],[-69.86443,-15.30133],[-69.86504,-15.30224],[-69.86586,-15.30275],[-69.86651,-15.30283],[-69.86707,-15.30262],[-69.86702,-15.30221],[-69.86612,-15.30199],[-69.86596,-15.30166],[-69.86612,-15.30143],[-69.86723,-15.30139],[-69.86745,-15.30058],[-69.86734,-15.29954],[-69.86767,-15.29951],[-69.86814,-15.30007],[-69.86845,-15.29993],[-69.86824,-15.29859],[-69.86768,-15.29821],[-69.86621,-15.29898],[-69.86573,-15.29891],[-69.86637,-15.29794],[-69.86692,-15.29724],[-69.86758,-15.29702],[-69.86868,-15.29724],[-69.86942,-15.29702],[-69.86981,-15.29653],[-69.86978,-15.29618],[-69.86884,-15.29634],[-69.86849,-15.29616],[-69.86861,-15.29582],[-69.86924,-15.29525],[-69.86934,-15.29454],[-69.86905,-15.29424],[-69.86772,-15.29443],[-69.8668,-15.29425],[-69.86645,-15.2938],[-69.8666,-15.2931],[-69.86721,-15.29258],[-69.86861,-15.29173],[-69.86902,-15.29059],[-69.86922,-15.29021],[-69.87002,-15.29026],[-69.8709,-15.29106],[-69.8714,-15.29144],[-69.87233,-15.29177],[-69.87313,-15.2924],[-69.87349,-15.29308],[-69.87366,-15.29364],[-69.87383,-15.29389],[-69.87396,-15.29384],[-69.87405,-15.2937],[-69.87424,-15.29355],[-69.87445,-15.29364],[-69.87471,-15.2939],[-69.87521,-15.29418],[-69.87574,-15.29418],[-69.876,-15.29436],[-69.876,-15.29463],[-69.87571,-15.29487],[-69.8742,-15.29725],[-69.87427,-15.2981],[-69.87503,-15.2988],[-69.87553,-15.29863],[-69.87533,-15.2972],[-69.87531,-15.2968],[-69.8755,-15.29662],[-69.87575,-15.29674],[-69.87597,-15.29699],[-69.87617,-15.2969],[-69.87624,-15.29663],[-69.87625,-15.29636],[-69.87649,-15.29634],[-69.87672,-15.29661],[-69.87674,-15.29697],[-69.87659,-15.29724],[-69.87671,-15.29764],[-69.87703,-15.2977],[-69.87729,-15.29704],[-69.87795,-15.29665],[-69.87844,-15.29693],[-69.87921,-15.29661],[-69.87968,-15.29654],[-69.88007,-15.29685],[-69.87988,-15.29733],[-69.87863,-15.2978],[-69.87821,-15.29822],[-69.87816,-15.29897],[-69.87838,-15.29956],[-69.87976,-15.30119],[-69.88087,-15.3015],[-69.88171,-15.30133],[-69.88266,-15.30007],[-69.88314,-15.29966],[-69.88389,-15.29958],[-69.88434,-15.29983],[-69.88483,-15.29999],[-69.88522,-15.29987],[-69.88543,-15.2996],[-69.88547,-15.29925],[-69.88534,-15.29885],[-69.88532,-15.2985],[-69.88537,-15.29835],[-69.88554,-15.2982],[-69.88576,-15.29816],[-69.88597,-15.2983],[-69.88621,-15.29858],[-69.88655,-15.29902],[-69.88682,-15.29934],[-69.88705,-15.29946],[-69.88716,-15.29934],[-69.88712,-15.29899],[-69.88673,-15.29809],[-69.88723,-15.29801],[-69.88776,-15.29891],[-69.88806,-15.29959],[-69.88832,-15.2996],[-69.88849,-15.29944],[-69.88872,-15.2993],[-69.8889,-15.29936],[-69.8891,-15.29946],[-69.88932,-15.29945],[-69.88947,-15.30037],[-69.88925,-15.30051],[-69.88887,-15.30135],[-69.88673,-15.30341],[-69.8852,-15.30448],[-69.88442,-15.30503],[-69.8837,-15.30524],[-69.88292,-15.30533],[-69.88235,-15.30562],[-69.88143,-15.3058],[-69.88067,-15.3057],[-69.88002,-15.30553],[-69.87951,-15.30542],[-69.87916,-15.30549],[-69.87903,-15.30571],[-69.87912,-15.30593],[-69.87945,-15.3062],[-69.87997,-15.30631],[-69.88046,-15.30634],[-69.88077,-15.30643],[-69.8808,-15.30659],[-69.88066,-15.30675],[-69.88007,-15.30739],[-69.87961,-15.30766],[-69.87933,-15.30719],[-69.879,-15.30713],[-69.87841,-15.30743],[-69.87783,-15.30671],[-69.87745,-15.30667],[-69.87738,-15.30695],[-69.8777,-15.30794],[-69.87756,-15.30831],[-69.87734,-15.3083],[-69.87703,-15.30821],[-69.87677,-15.30827],[-69.87656,-15.30849],[-69.87639,-15.30875],[-69.87615,-15.30881],[-69.87582,-15.30878],[-69.87562,-15.30895],[-69.87562,-15.30914],[-69.87577,-15.30937],[-69.8758,-15.30968],[-69.87577,-15.31005],[-69.87593,-15.31024],[-69.87641,-15.31029],[-69.87682,-15.30995],[-69.87725,-15.30971],[-69.8779,-15.30909],[-69.87818,-15.30895],[-69.87853,-15.30879],[-69.87898,-15.30861],[-69.87949,-15.30863],[-69.88004,-15.30877],[-69.88042,-15.30886],[-69.88054,-15.30873],[-69.88054,-15.30853],[-69.88058,-15.30825],[-69.88086,-15.30825],[-69.88125,-15.30839],[-69.88156,-15.30835],[-69.88182,-15.3081],[-69.88205,-15.30782],[-69.88231,-15.30766],[-69.88264,-15.30766],[-69.88293,-15.30763],[-69.88312,-15.30731],[-69.88295,-15.3069],[-69.88296,-15.30648],[-69.88318,-15.30624],[-69.88352,-15.30624],[-69.88399,-15.30639],[-69.88477,-15.30637],[-69.88525,-15.30615],[-69.88562,-15.30594],[-69.88585,-15.30604],[-69.8859,-15.30635],[-69.88563,-15.30708],[-69.88525,-15.30769],[-69.8853,-15.30794],[-69.88556,-15.30802],[-69.88591,-15.30786],[-69.88624,-15.30758],[-69.88644,-15.30713],[-69.8867,-15.30618],[-69.88684,-15.30549],[-69.88695,-15.30488],[-69.88722,-15.30441],[-69.88807,-15.30407],[-69.88869,-15.30475],[-69.88923,-15.30511],[-69.88952,-15.30494],[-69.88954,-15.30461],[-69.88904,-15.30337],[-69.88925,-15.30269],[-69.88959,-15.30238],[-69.88989,-15.30254],[-69.89027,-15.30341],[-69.89074,-15.30331],[-69.8914,-15.30242],[-69.89207,-15.3022],[-69.89227,-15.30245],[-69.89239,-15.3033],[-69.89264,-15.30341],[-69.89246,-15.30415],[-69.89181,-15.30427],[-69.89158,-15.30412],[-69.8907,-15.30405],[-69.89067,-15.30455],[-69.89123,-15.30535],[-69.89131,-15.30578],[-69.89108,-15.30616],[-69.89101,-15.30692],[-69.89065,-15.30759],[-69.8903,-15.30873],[-69.89038,-15.30928],[-69.89059,-15.30941],[-69.89051,-15.30956],[-69.89022,-15.30933],[-69.88974,-15.30948],[-69.88962,-15.30994],[-69.88904,-15.31048],[-69.8886,-15.31126],[-69.88785,-15.31222],[-69.88761,-15.31257],[-69.88745,-15.31288],[-69.88754,-15.31368],[-69.88789,-15.3138],[-69.88822,-15.3136],[-69.88881,-15.31379],[-69.88921,-15.3139],[-69.88983,-15.31375],[-69.89008,-15.31402],[-69.89055,-15.31421],[-69.89086,-15.3147],[-69.8904,-15.3149],[-69.8902,-15.31517],[-69.89084,-15.31594],[-69.89108,-15.31614],[-69.8914,-15.31709],[-69.89172,-15.31778],[-69.89188,-15.31808],[-69.89203,-15.31825],[-69.89252,-15.31873],[-69.89295,-15.3187],[-69.8933,-15.31864],[-69.89335,-15.31913],[-69.89303,-15.31933],[-69.89283,-15.32043],[-69.89245,-15.32057],[-69.89193,-15.32012],[-69.89165,-15.32036],[-69.89117,-15.32097],[-69.89009,-15.32092],[-69.88983,-15.32118],[-69.8898,-15.32277],[-69.88918,-15.32389],[-69.8893,-15.32468],[-69.88968,-15.3252],[-69.88976,-15.32619],[-69.88949,-15.32665],[-69.8893,-15.32772],[-69.88946,-15.32862],[-69.88904,-15.32941],[-69.88902,-15.32981],[-69.88917,-15.33016],[-69.88948,-15.33052],[-69.8899,-15.33099],[-69.88979,-15.33137],[-69.88947,-15.33168],[-69.88909,-15.3318],[-69.8881,-15.33182],[-69.88766,-15.33211],[-69.88738,-15.33216],[-69.88716,-15.33205],[-69.88686,-15.33188],[-69.88644,-15.33186],[-69.8862,-15.33176],[-69.88618,-15.3315],[-69.88638,-15.33131],[-69.88674,-15.33122],[-69.88694,-15.33104],[-69.88699,-15.33089],[-69.88687,-15.33077],[-69.88663,-15.3308],[-69.88641,-15.33092],[-69.88618,-15.33105],[-69.88598,-15.33103],[-69.8859,-15.33073],[-69.88584,-15.33051],[-69.88564,-15.3303],[-69.88545,-15.33008],[-69.88546,-15.32984],[-69.8857,-15.32965],[-69.88595,-15.32938],[-69.88594,-15.32921],[-69.88571,-15.3291],[-69.88537,-15.32926],[-69.8851,-15.32943],[-69.88488,-15.32954],[-69.88479,-15.32986],[-69.88467,-15.33059],[-69.8842,-15.33206],[-69.88373,-15.33236],[-69.88328,-15.33223],[-69.88223,-15.33249],[-69.88148,-15.33286],[-69.8807,-15.3325],[-69.87974,-15.33281],[-69.87979,-15.33301],[-69.88092,-15.33335],[-69.88154,-15.3334],[-69.88163,-15.33358],[-69.87988,-15.33389],[-69.87921,-15.33425],[-69.87851,-15.3348],[-69.87809,-15.33471],[-69.87798,-15.33453],[-69.87802,-15.33429],[-69.87829,-15.33415],[-69.87845,-15.33401],[-69.87843,-15.33379],[-69.87834,-15.33362],[-69.8781,-15.33362],[-69.87794,-15.33373],[-69.87778,-15.33383],[-69.87765,-15.33376],[-69.87759,-15.33357],[-69.87753,-15.33337],[-69.87735,-15.33323],[-69.87713,-15.33336],[-69.877,-15.33352],[-69.87686,-15.33369],[-69.87664,-15.33369],[-69.8764,-15.33359],[-69.87619,-15.33356],[-69.87597,-15.33363],[-69.87565,-15.33372],[-69.87521,-15.33372],[-69.87483,-15.33369],[-69.87457,-15.33384],[-69.87455,-15.3342],[-69.87443,-15.33431],[-69.8741,-15.3343],[-69.87344,-15.33418],[-69.87311,-15.33453],[-69.87264,-15.33462],[-69.87169,-15.33451],[-69.87143,-15.33462],[-69.87133,-15.33479],[-69.87137,-15.33495],[-69.87145,-15.33514],[-69.87141,-15.33528],[-69.87126,-15.33538],[-69.87103,-15.33546],[-69.87085,-15.33562],[-69.87087,-15.33583],[-69.87086,-15.33601],[-69.87067,-15.33619],[-69.87055,-15.33641],[-69.87057,-15.33664],[-69.87032,-15.337],[-69.86995,-15.33732],[-69.86926,-15.33785],[-69.86942,-15.33811],[-69.8704,-15.33804],[-69.87041,-15.33839],[-69.86983,-15.33897],[-69.86941,-15.33916],[-69.86909,-15.3391],[-69.86877,-15.33884],[-69.86847,-15.33871],[-69.86823,-15.3388],[-69.8682,-15.33897],[-69.86835,-15.33914],[-69.86872,-15.3394],[-69.86937,-15.33983],[-69.86916,-15.34008],[-69.86805,-15.33985],[-69.86727,-15.33934],[-69.86711,-15.3388],[-69.86585,-15.3379],[-69.86395,-15.33682],[-69.86366,-15.33694],[-69.86378,-15.33742],[-69.86584,-15.33851],[-69.86662,-15.33947],[-69.86682,-15.33975],[-69.86779,-15.34017],[-69.8684,-15.34075],[-69.86807,-15.3412],[-69.86708,-15.34153],[-69.86603,-15.34119],[-69.86558,-15.34059],[-69.86556,-15.34026],[-69.86554,-15.33992],[-69.86539,-15.33974],[-69.86509,-15.33982],[-69.86482,-15.34001],[-69.86456,-15.34002],[-69.86427,-15.34001],[-69.86406,-15.34011],[-69.86407,-15.34032],[-69.86438,-15.34036],[-69.86478,-15.3404],[-69.86505,-15.3406],[-69.8651,-15.34092],[-69.86499,-15.34125],[-69.86431,-15.3421],[-69.86327,-15.34308],[-69.86267,-15.34331],[-69.86239,-15.34367],[-69.86222,-15.34382],[-69.8619,-15.34383],[-69.86143,-15.34362],[-69.86113,-15.34355],[-69.86094,-15.3438],[-69.86115,-15.34426],[-69.86115,-15.34478],[-69.86052,-15.34518],[-69.8599,-15.34541],[-69.85972,-15.3457],[-69.85947,-15.3468],[-69.85881,-15.3472],[-69.85781,-15.34709],[-69.85714,-15.3472],[-69.85696,-15.34767],[-69.85711,-15.34822],[-69.85734,-15.3485],[-69.85789,-15.34811],[-69.85867,-15.34792],[-69.85958,-15.34794],[-69.86024,-15.34771],[-69.86069,-15.34804],[-69.861,-15.34802],[-69.86131,-15.34867],[-69.86125,-15.34933],[-69.86144,-15.34973],[-69.86227,-15.3487],[-69.86244,-15.34817],[-69.86435,-15.34736],[-69.8646,-15.34689],[-69.86456,-15.34618],[-69.86341,-15.34659],[-69.86254,-15.34667],[-69.86139,-15.34694],[-69.86135,-15.34663],[-69.8616,-15.34635],[-69.8615,-15.34608],[-69.86159,-15.34582],[-69.86182,-15.3458],[-69.86215,-15.34586],[-69.86245,-15.34589],[-69.86271,-15.34509],[-69.86363,-15.34408],[-69.86489,-15.34331],[-69.86599,-15.34266],[-69.86634,-15.34258],[-69.86655,-15.34268],[-69.8666,-15.34295],[-69.86653,-15.34317],[-69.86638,-15.34343],[-69.86638,-15.34372],[-69.86643,-15.34406],[-69.86635,-15.34433],[-69.86632,-15.34453],[-69.86651,-15.34462],[-69.86678,-15.34461],[-69.86714,-15.34457],[-69.86729,-15.34447],[-69.86724,-15.34428],[-69.86712,-15.34415],[-69.86709,-15.34389],[-69.86736,-15.34362],[-69.86779,-15.34344],[-69.86822,-15.34332],[-69.86859,-15.34328],[-69.86924,-15.34331],[-69.86967,-15.34321],[-69.87006,-15.34343],[-69.87032,-15.34397],[-69.87,-15.34435],[-69.87022,-15.34459],[-69.87079,-15.34506],[-69.87157,-15.34491],[-69.87252,-15.34502],[-69.87311,-15.34507],[-69.87303,-15.34527],[-69.87249,-15.34553],[-69.87313,-15.34593],[-69.87402,-15.34623],[-69.87489,-15.34722],[-69.87462,-15.34752],[-69.87401,-15.3475],[-69.87265,-15.34745],[-69.87186,-15.34729],[-69.87122,-15.34709],[-69.8712,-15.34782],[-69.87082,-15.34824],[-69.87093,-15.3486],[-69.8719,-15.34838],[-69.87339,-15.34839],[-69.87445,-15.34818],[-69.87551,-15.34844],[-69.87637,-15.34849],[-69.87681,-15.34839],[-69.8772,-15.34859],[-69.87745,-15.34853],[-69.87823,-15.34762],[-69.8782,-15.3474],[-69.8779,-15.34747],[-69.87749,-15.34772],[-69.8771,-15.34756],[-69.87732,-15.34713],[-69.87756,-15.34644],[-69.87719,-15.34485],[-69.87784,-15.34382],[-69.87915,-15.34342],[-69.87993,-15.34268],[-69.88043,-15.34175],[-69.88082,-15.34198],[-69.88138,-15.34206],[-69.88191,-15.342],[-69.88143,-15.34247],[-69.87995,-15.34335],[-69.87906,-15.34385],[-69.87921,-15.34407],[-69.87988,-15.34374],[-69.88089,-15.34338],[-69.88186,-15.34284],[-69.8823,-15.34298],[-69.88312,-15.34257],[-69.88384,-15.34271],[-69.8838,-15.34324],[-69.88351,-15.34372],[-69.88375,-15.34457],[-69.88405,-15.34518],[-69.88451,-15.3453],[-69.88459,-15.34467],[-69.88505,-15.34451],[-69.8851,-15.34432],[-69.8848,-15.34383],[-69.88481,-15.34348],[-69.88574,-15.34294],[-69.88644,-15.34285],[-69.8868,-15.34244],[-69.88754,-15.34213],[-69.88827,-15.34217],[-69.88837,-15.34179],[-69.88891,-15.34151],[-69.88932,-15.3407],[-69.88984,-15.34108],[-69.89039,-15.34152],[-69.89095,-15.34154],[-69.89191,-15.34094],[-69.89243,-15.3408],[-69.89296,-15.34148],[-69.89265,-15.34211],[-69.89199,-15.34332],[-69.89125,-15.34448],[-69.89119,-15.34556],[-69.89038,-15.34716],[-69.88998,-15.34763],[-69.88963,-15.34767],[-69.88808,-15.34731],[-69.88756,-15.34716],[-69.88768,-15.34661],[-69.88756,-15.34614],[-69.88678,-15.34608],[-69.88623,-15.34581],[-69.88601,-15.3458],[-69.88584,-15.34635],[-69.88478,-15.34653],[-69.88287,-15.34686],[-69.88238,-15.34598],[-69.88167,-15.34544],[-69.88076,-15.34539],[-69.88071,-15.34563],[-69.88151,-15.34611],[-69.88184,-15.3465],[-69.88131,-15.34732],[-69.88026,-15.34802],[-69.87971,-15.34877],[-69.87909,-15.34921],[-69.87849,-15.3499],[-69.87764,-15.34986],[-69.87704,-15.34972],[-69.87654,-15.3504],[-69.87558,-15.35136],[-69.87523,-15.35197],[-69.87481,-15.35212],[-69.87454,-15.35172],[-69.87506,-15.35081],[-69.87495,-15.35042],[-69.87472,-15.35041],[-69.87394,-15.35133],[-69.87387,-15.35172],[-69.87443,-15.35263],[-69.87521,-15.35283],[-69.87616,-15.35221],[-69.87714,-15.35168],[-69.87723,-15.35101],[-69.87768,-15.35114],[-69.87797,-15.35154],[-69.87806,-15.35213],[-69.8779,-15.35294],[-69.87822,-15.35296],[-69.87847,-15.35254],[-69.87885,-15.35221],[-69.87916,-15.3528],[-69.87955,-15.35485],[-69.87999,-15.35548],[-69.88,-15.3559],[-69.87972,-15.35591],[-69.87928,-15.35556],[-69.87903,-15.35585],[-69.87862,-15.35688],[-69.87882,-15.35717],[-69.87963,-15.35712],[-69.87975,-15.35775],[-69.8796,-15.35813],[-69.87913,-15.35881],[-69.87851,-15.35916],[-69.87824,-15.35893],[-69.87855,-15.35809],[-69.87798,-15.35797],[-69.87769,-15.35779],[-69.87762,-15.35698],[-69.87733,-15.35695],[-69.87667,-15.35779],[-69.87603,-15.35788],[-69.87528,-15.35818],[-69.8749,-15.35862],[-69.87486,-15.35932],[-69.87478,-15.36021],[-69.87468,-15.36079],[-69.87452,-15.36099],[-69.87434,-15.36109],[-69.87415,-15.36103],[-69.87371,-15.36053],[-69.87358,-15.36009],[-69.87389,-15.35962],[-69.87402,-15.35936],[-69.87389,-15.35925],[-69.87354,-15.35929],[-69.87321,-15.35912],[-69.87319,-15.35882],[-69.87346,-15.35856],[-69.87377,-15.35843],[-69.87409,-15.35819],[-69.8742,-15.35794],[-69.87492,-15.35719],[-69.8753,-15.35634],[-69.8751,-15.35606],[-69.87441,-15.35602],[-69.87362,-15.35728],[-69.87257,-15.35849],[-69.87229,-15.35899],[-69.8723,-15.35957],[-69.87291,-15.36018],[-69.87346,-15.36107],[-69.87412,-15.36163],[-69.87402,-15.36197],[-69.87351,-15.36312],[-69.87356,-15.36398],[-69.87334,-15.36508],[-69.87296,-15.36604],[-69.87213,-15.36646],[-69.87154,-15.36691],[-69.87125,-15.36662],[-69.87164,-15.36554],[-69.87196,-15.36511],[-69.87215,-15.36457],[-69.87139,-15.36405],[-69.87112,-15.36299],[-69.87054,-15.36191],[-69.87033,-15.36217],[-69.87056,-15.36289],[-69.8707,-15.36357],[-69.87097,-15.36436],[-69.87067,-15.36457],[-69.87026,-15.36427],[-69.86998,-15.3639],[-69.86961,-15.36412],[-69.86892,-15.3641],[-69.86804,-15.36398],[-69.86695,-15.36286],[-69.86662,-15.36234],[-69.86533,-15.36176],[-69.86264,-15.36075],[-69.86209,-15.36007],[-69.86197,-15.35971],[-69.86032,-15.35904],[-69.85955,-15.35861],[-69.85882,-15.35793],[-69.85673,-15.3576],[-69.85591,-15.35729],[-69.85442,-15.35637],[-69.8531,-15.35621],[-69.85214,-15.35589],[-69.85126,-15.35535],[-69.84968,-15.35502],[-69.84777,-15.35505],[-69.84608,-15.35504],[-69.84555,-15.35468],[-69.84462,-15.35344],[-69.84411,-15.35263],[-69.84426,-15.35199],[-69.84459,-15.35107],[-69.84511,-15.35021],[-69.84608,-15.34946],[-69.84631,-15.34921],[-69.8464,-15.34809],[-69.84658,-15.34695],[-69.84685,-15.34655],[-69.84758,-15.34657],[-69.84853,-15.34678],[-69.84922,-15.34658],[-69.84945,-15.346],[-69.84843,-15.34537],[-69.84813,-15.34476],[-69.84821,-15.34368],[-69.84771,-15.34229],[-69.84721,-15.34181],[-69.84617,-15.34144],[-69.8444,-15.34035],[-69.84288,-15.33985],[-69.83953,-15.3403],[-69.83898,-15.34003],[-69.83893,-15.33961],[-69.83934,-15.33923],[-69.84115,-15.33845],[-69.84257,-15.33708],[-69.84299,-15.33565],[-69.84368,-15.33449],[-69.84399,-15.33378],[-69.84451,-15.33318],[-69.84514,-15.33213],[-69.84533,-15.33133],[-69.84521,-15.33051],[-69.84463,-15.3303],[-69.84442,-15.33081],[-69.8445,-15.33138],[-69.84398,-15.33199],[-69.84355,-15.33216],[-69.84303,-15.33224],[-69.84274,-15.33238],[-69.84261,-15.33271],[-69.84245,-15.33302],[-69.84228,-15.33318],[-69.84225,-15.33352],[-69.84228,-15.3338],[-69.84211,-15.33413],[-69.84173,-15.33429],[-69.84112,-15.33429],[-69.8407,-15.33421],[-69.84043,-15.3345],[-69.84057,-15.33508],[-69.84139,-15.33575],[-69.84129,-15.3364],[-69.84025,-15.33706],[-69.84046,-15.33811],[-69.84031,-15.3383],[-69.83978,-15.33807],[-69.839,-15.33819],[-69.83776,-15.33835],[-69.83674,-15.33867],[-69.83664,-15.33917],[-69.83737,-15.34006],[-69.83828,-15.34115],[-69.83954,-15.34151],[-69.8398,-15.34179],[-69.84079,-15.34155],[-69.84206,-15.3413],[-69.84274,-15.34151],[-69.84309,-15.34288],[-69.84328,-15.34328],[-69.84437,-15.34374],[-69.84633,-15.34466],[-69.84649,-15.34518],[-69.84606,-15.34535],[-69.84542,-15.34489],[-69.84489,-15.3449],[-69.84413,-15.34549],[-69.84421,-15.34622],[-69.84379,-15.34635],[-69.84353,-15.34692],[-69.84348,-15.34783],[-69.84264,-15.34788],[-69.84162,-15.34743],[-69.84054,-15.34667],[-69.84002,-15.34659],[-69.83906,-15.34711],[-69.83897,-15.34768],[-69.83976,-15.34857],[-69.83962,-15.34942],[-69.83881,-15.34955],[-69.83706,-15.34968],[-69.83556,-15.35001],[-69.8346,-15.35053],[-69.83434,-15.35113],[-69.83364,-15.35129],[-69.833,-15.35108],[-69.83234,-15.35141],[-69.83146,-15.3523],[-69.83105,-15.35287],[-69.82971,-15.35297],[-69.82926,-15.35311],[-69.82895,-15.35286],[-69.82855,-15.35201],[-69.82906,-15.35185],[-69.82979,-15.35126],[-69.82978,-15.35051],[-69.82949,-15.34924],[-69.82917,-15.3476],[-69.82876,-15.34727],[-69.82747,-15.34724],[-69.82702,-15.34769],[-69.8271,-15.34846],[-69.82757,-15.34956],[-69.82746,-15.35092],[-69.82733,-15.3518],[-69.82692,-15.35231],[-69.82631,-15.35217],[-69.82551,-15.35106],[-69.82528,-15.35015],[-69.82402,-15.34876],[-69.82237,-15.34735],[-69.82189,-15.34704],[-69.82093,-15.34716],[-69.81825,-15.34849],[-69.81652,-15.34916],[-69.81394,-15.35004],[-69.81204,-15.35047],[-69.81018,-15.3497],[-69.80972,-15.34913],[-69.809,-15.34822],[-69.80815,-15.34709],[-69.80722,-15.34611],[-69.80771,-15.34557],[-69.80724,-15.34522],[-69.80693,-15.3451],[-69.80544,-15.34554],[-69.80438,-15.34631],[-69.80353,-15.34657],[-69.80199,-15.34728],[-69.8007,-15.3476],[-69.79971,-15.34789],[-69.79913,-15.34868],[-69.79844,-15.34876],[-69.79794,-15.34923],[-69.79556,-15.35021],[-69.79434,-15.35087],[-69.79306,-15.35132],[-69.79227,-15.35168],[-69.79199,-15.35177],[-69.79175,-15.35163],[-69.79139,-15.35139],[-69.79114,-15.35146],[-69.79105,-15.35163],[-69.79107,-15.35181],[-69.79125,-15.35206],[-69.79125,-15.35236],[-69.79145,-15.35262],[-69.7919,-15.35288],[-69.79222,-15.35321],[-69.79365,-15.35452],[-69.79393,-15.35527],[-69.79606,-15.35611],[-69.79792,-15.35746],[-69.79966,-15.358],[-69.80244,-15.35818],[-69.80516,-15.35787],[-69.80674,-15.35729],[-69.8078,-15.35642],[-69.8081,-15.35455],[-69.80794,-15.35324],[-69.80869,-15.35248],[-69.80945,-15.35243],[-69.81211,-15.35333],[-69.81454,-15.35408],[-69.81709,-15.35446],[-69.81781,-15.35471],[-69.82013,-15.35501],[-69.82255,-15.35531],[-69.8241,-15.35561],[-69.82527,-15.35628],[-69.82643,-15.35731],[-69.82723,-15.3578],[-69.82917,-15.35787],[-69.83027,-15.35818],[-69.83139,-15.35885],[-69.83371,-15.36038],[-69.83486,-15.36155],[-69.83575,-15.36302],[-69.83664,-15.36418],[-69.83754,-15.3661],[-69.83845,-15.36683],[-69.83948,-15.36775],[-69.84032,-15.3675],[-69.84044,-15.36723],[-69.8404,-15.36624],[-69.84052,-15.36526],[-69.84126,-15.3645],[-69.84281,-15.36389],[-69.84409,-15.36356],[-69.84552,-15.36338],[-69.84625,-15.36368],[-69.84792,-15.3638],[-69.84897,-15.36454],[-69.84948,-15.3652],[-69.8504,-15.36618],[-69.8515,-15.3667],[-69.85213,-15.36663],[-69.85239,-15.36598],[-69.85319,-15.3655],[-69.85364,-15.36517],[-69.85337,-15.36369],[-69.85285,-15.36287],[-69.85173,-15.36191],[-69.85164,-15.36114],[-69.8519,-15.36072],[-69.85256,-15.36045],[-69.85328,-15.36046],[-69.85563,-15.36081],[-69.8589,-15.36156],[-69.86236,-15.36238],[-69.86269,-15.36277],[-69.86433,-15.36513],[-69.86513,-15.36636],[-69.86557,-15.36741],[-69.86575,-15.3681],[-69.86672,-15.37089],[-69.86761,-15.37179],[-69.86828,-15.37157],[-69.86932,-15.37099],[-69.87147,-15.37106],[-69.87172,-15.37166],[-69.87183,-15.37301],[-69.8721,-15.37385],[-69.87315,-15.37581],[-69.87345,-15.37675],[-69.87386,-15.37716],[-69.87434,-15.37701],[-69.87445,-15.37665],[-69.87501,-15.37596],[-69.87512,-15.3752],[-69.87428,-15.37439],[-69.87373,-15.37373],[-69.87384,-15.37317],[-69.87436,-15.37266],[-69.87505,-15.37274],[-69.87601,-15.37364],[-69.8765,-15.37382],[-69.87671,-15.37337],[-69.87595,-15.37232],[-69.87532,-15.37119],[-69.87528,-15.37049],[-69.87498,-15.36971],[-69.87476,-15.36858],[-69.87451,-15.36702],[-69.87496,-15.36695],[-69.87535,-15.36801],[-69.87591,-15.36881],[-69.87633,-15.36874],[-69.87657,-15.36821],[-69.87615,-15.36679],[-69.87607,-15.36611],[-69.87721,-15.36511],[-69.87758,-15.36473],[-69.87723,-15.36437],[-69.87682,-15.36405],[-69.87689,-15.36305],[-69.87675,-15.3628],[-69.87644,-15.36242],[-69.87635,-15.36212],[-69.87668,-15.36173],[-69.87678,-15.36137],[-69.87654,-15.36092],[-69.87619,-15.36061],[-69.87596,-15.36035],[-69.8759,-15.36007],[-69.87602,-15.35991],[-69.87622,-15.35982],[-69.87651,-15.35981],[-69.8769,-15.35996],[-69.87767,-15.36034],[-69.87787,-15.36061],[-69.87762,-15.36088],[-69.87758,-15.36116],[-69.87783,-15.36148],[-69.87811,-15.36169],[-69.87846,-15.36199],[-69.8787,-15.36196],[-69.87903,-15.3618],[-69.87954,-15.3618],[-69.87999,-15.36209],[-69.88276,-15.36165],[-69.88426,-15.36164],[-69.88562,-15.36154],[-69.88749,-15.36153],[-69.8888,-15.36002],[-69.88931,-15.35991],[-69.88983,-15.36007],[-69.89052,-15.36005],[-69.89107,-15.3597],[-69.89112,-15.3591],[-69.89111,-15.35789],[-69.89126,-15.35771],[-69.89183,-15.35775],[-69.89353,-15.3583],[-69.89498,-15.35787],[-69.89569,-15.35818],[-69.89664,-15.35938],[-69.89744,-15.35971],[-69.899,-15.35891],[-69.901,-15.35769],[-69.90149,-15.35667],[-69.90222,-15.35595],[-69.90286,-15.35573],[-69.90447,-15.35575],[-69.90506,-15.35586],[-69.90528,-15.35662],[-69.90484,-15.35724],[-69.90364,-15.35809],[-69.90364,-15.3584],[-69.90407,-15.35853],[-69.9047,-15.3585],[-69.90482,-15.35904],[-69.90443,-15.3595],[-69.9033,-15.36016],[-69.90339,-15.36058],[-69.90424,-15.36068],[-69.90474,-15.36171],[-69.90564,-15.3628],[-69.90678,-15.36369],[-69.90707,-15.36455],[-69.90674,-15.36609],[-69.90635,-15.36718],[-69.90649,-15.36742],[-69.90675,-15.36733],[-69.90871,-15.36672],[-69.90908,-15.36541],[-69.90955,-15.36565],[-69.90951,-15.36669],[-69.90991,-15.3668],[-69.9104,-15.36589],[-69.91083,-15.36582],[-69.91208,-15.36704],[-69.91308,-15.36767],[-69.91408,-15.36813],[-69.91443,-15.36834],[-69.91473,-15.36884],[-69.91502,-15.36918],[-69.91533,-15.36923],[-69.91547,-15.36907],[-69.91552,-15.36893],[-69.91542,-15.36851],[-69.91571,-15.36799],[-69.91653,-15.36686],[-69.91718,-15.3667],[-69.9175,-15.36642],[-69.91781,-15.36579],[-69.91805,-15.36592],[-69.91823,-15.36652],[-69.91856,-15.36653],[-69.91945,-15.36621],[-69.92043,-15.36621],[-69.92097,-15.36642],[-69.92151,-15.36754],[-69.92142,-15.36821],[-69.92091,-15.36937],[-69.92042,-15.3697],[-69.9194,-15.36942],[-69.91894,-15.36913],[-69.91855,-15.36918],[-69.91806,-15.36949],[-69.91736,-15.36954],[-69.91665,-15.3693],[-69.9163,-15.36906],[-69.91594,-15.36908],[-69.91573,-15.3694],[-69.91552,-15.36958],[-69.91531,-15.36985],[-69.91522,-15.37015],[-69.91499,-15.3704],[-69.91477,-15.3705],[-69.91433,-15.37072],[-69.91449,-15.37118],[-69.91503,-15.37116],[-69.91577,-15.37092],[-69.91697,-15.37121],[-69.9176,-15.3712],[-69.91852,-15.37087],[-69.92005,-15.37104],[-69.92066,-15.37127],[-69.92081,-15.37163],[-69.92047,-15.37218],[-69.92082,-15.37317],[-69.92077,-15.37478],[-69.92096,-15.37573],[-69.92131,-15.37584],[-69.92151,-15.37526],[-69.92145,-15.37451],[-69.92157,-15.37406],[-69.9219,-15.3739],[-69.92217,-15.37401],[-69.92227,-15.37428],[-69.92225,-15.37485],[-69.92225,-15.37549],[-69.92244,-15.3757],[-69.92262,-15.37569],[-69.92277,-15.37544],[-69.92277,-15.37488],[-69.923,-15.3745],[-69.92324,-15.37438],[-69.92348,-15.37442],[-69.92365,-15.37556],[-69.92409,-15.37676],[-69.92395,-15.37774],[-69.92352,-15.37857],[-69.92187,-15.3798],[-69.92173,-15.3808],[-69.92156,-15.38128],[-69.92177,-15.38156],[-69.92235,-15.38119],[-69.9228,-15.3804],[-69.92454,-15.379],[-69.92502,-15.37923],[-69.9257,-15.38049],[-69.92539,-15.38264],[-69.92522,-15.38409],[-69.92553,-15.38427],[-69.92612,-15.38404],[-69.92649,-15.38318],[-69.92658,-15.38188],[-69.92641,-15.37986],[-69.92674,-15.37925],[-69.92752,-15.37934],[-69.92841,-15.3797],[-69.92871,-15.37949],[-69.92884,-15.37778],[-69.9285,-15.37733],[-69.92792,-15.37774],[-69.9275,-15.37759],[-69.92713,-15.37704],[-69.92675,-15.37734],[-69.92614,-15.37749],[-69.92616,-15.37698],[-69.92595,-15.37638],[-69.92529,-15.37623],[-69.92505,-15.3759],[-69.92501,-15.37557],[-69.92506,-15.37502],[-69.92511,-15.37441],[-69.92518,-15.37377],[-69.92579,-15.37288],[-69.92591,-15.3723],[-69.92631,-15.3715],[-69.92612,-15.37107],[-69.92528,-15.37091],[-69.92483,-15.37068],[-69.92447,-15.37073],[-69.92433,-15.3711],[-69.92435,-15.37142],[-69.92429,-15.3717],[-69.92404,-15.37198],[-69.924,-15.37225],[-69.92383,-15.37248],[-69.92355,-15.3726],[-69.92331,-15.37254],[-69.92265,-15.37173],[-69.92267,-15.37152],[-69.92282,-15.37135],[-69.92316,-15.37134],[-69.92338,-15.37115],[-69.92333,-15.37041],[-69.92357,-15.37002],[-69.92401,-15.36963],[-69.92361,-15.3692],[-69.92287,-15.36871],[-69.92313,-15.36782],[-69.9233,-15.36718],[-69.9232,-15.36596],[-69.92337,-15.36574],[-69.92372,-15.36575],[-69.92396,-15.36681],[-69.92427,-15.36725],[-69.92496,-15.36688],[-69.92545,-15.36618],[-69.92538,-15.36433],[-69.92579,-15.36288],[-69.92616,-15.36268],[-69.9265,-15.36338],[-69.92614,-15.36406],[-69.92605,-15.36449],[-69.9261,-15.36492],[-69.92632,-15.36518],[-69.92668,-15.36531],[-69.92699,-15.3652],[-69.92725,-15.36517],[-69.92765,-15.36539],[-69.928,-15.36573],[-69.92844,-15.36604],[-69.92874,-15.36649],[-69.9288,-15.36703],[-69.92871,-15.36742],[-69.92843,-15.36761],[-69.92804,-15.36755],[-69.9277,-15.36736],[-69.92732,-15.36743],[-69.92725,-15.36768],[-69.9274,-15.36835],[-69.92737,-15.37069],[-69.92586,-15.37403],[-69.9256,-15.37485],[-69.92573,-15.37503],[-69.92592,-15.37493],[-69.9261,-15.37467],[-69.92624,-15.37446],[-69.92645,-15.3744],[-69.92669,-15.37461],[-69.9271,-15.37483],[-69.92729,-15.37468],[-69.9274,-15.3745],[-69.92735,-15.37416],[-69.92724,-15.37352],[-69.92727,-15.37309],[-69.9275,-15.37263],[-69.92843,-15.36959],[-69.9288,-15.3684],[-69.92998,-15.36657],[-69.93036,-15.36548],[-69.93047,-15.36494],[-69.93055,-15.36408],[-69.93046,-15.36364],[-69.93026,-15.36351],[-69.93,-15.3637],[-69.92992,-15.36424],[-69.92979,-15.36489],[-69.92966,-15.36547],[-69.92949,-15.36572],[-69.92928,-15.36588],[-69.92903,-15.3658],[-69.92906,-15.36542],[-69.92933,-15.36494],[-69.92942,-15.36432],[-69.92948,-15.36361],[-69.92986,-15.36224],[-69.93043,-15.36169],[-69.93143,-15.36081],[-69.93181,-15.36067],[-69.93223,-15.36101],[-69.93312,-15.36125],[-69.93323,-15.36167],[-69.93297,-15.36314],[-69.93308,-15.36423],[-69.93356,-15.36549],[-69.93349,-15.36647],[-69.93159,-15.36799],[-69.93132,-15.36838],[-69.9318,-15.36987],[-69.93215,-15.37183],[-69.93259,-15.37225],[-69.93275,-15.37281],[-69.93266,-15.37361],[-69.93255,-15.37378],[-69.93228,-15.37372],[-69.93184,-15.37338],[-69.93097,-15.37311],[-69.93044,-15.37374],[-69.92982,-15.37556],[-69.92956,-15.37656],[-69.9296,-15.37756],[-69.93008,-15.37801],[-69.93085,-15.3778],[-69.93117,-15.37805],[-69.93102,-15.37879],[-69.93124,-15.37913],[-69.93239,-15.37942],[-69.93259,-15.37968],[-69.93302,-15.38088],[-69.93289,-15.38157],[-69.93202,-15.38188],[-69.93099,-15.38139],[-69.93023,-15.38139],[-69.92931,-15.38198],[-69.9284,-15.38348],[-69.92791,-15.38466],[-69.92811,-15.38511],[-69.92852,-15.38508],[-69.92921,-15.38469],[-69.92968,-15.38522],[-69.93103,-15.38637],[-69.93204,-15.38698],[-69.93197,-15.38757],[-69.93205,-15.38839],[-69.93221,-15.38888],[-69.93367,-15.38908],[-69.93459,-15.38892],[-69.93557,-15.38827],[-69.93627,-15.38843],[-69.9373,-15.3895],[-69.93813,-15.38955],[-69.93928,-15.39118],[-69.94028,-15.39249],[-69.94044,-15.39366],[-69.9407,-15.39432],[-69.94107,-15.39433],[-69.94139,-15.39415],[-69.9418,-15.3944],[-69.94252,-15.39601],[-69.94298,-15.39693],[-69.94273,-15.39773],[-69.94172,-15.39833],[-69.94112,-15.39915],[-69.94053,-15.40055],[-69.9396,-15.40121],[-69.93752,-15.40213],[-69.93692,-15.40288],[-69.93635,-15.40388],[-69.93491,-15.40565],[-69.9346,-15.40633],[-69.93445,-15.40733],[-69.93392,-15.40842],[-69.93294,-15.40943],[-69.93219,-15.41151],[-69.93223,-15.41261],[-69.93285,-15.41305],[-69.93356,-15.41217],[-69.93427,-15.41119],[-69.93477,-15.41107],[-69.93508,-15.41187],[-69.93458,-15.41326],[-69.93467,-15.414],[-69.93531,-15.41481],[-69.93596,-15.41484],[-69.93671,-15.41456],[-69.93755,-15.41491],[-69.93736,-15.41566],[-69.93661,-15.41725],[-69.93593,-15.41837],[-69.93487,-15.41973],[-69.93423,-15.42032],[-69.93313,-15.42049],[-69.93303,-15.42114],[-69.93321,-15.42169],[-69.9327,-15.42245],[-69.93116,-15.42389],[-69.93088,-15.4251],[-69.93005,-15.42557],[-69.92894,-15.42588],[-69.92832,-15.42664],[-69.92841,-15.42755],[-69.92885,-15.42878],[-69.92866,-15.42952],[-69.92802,-15.42982],[-69.92728,-15.43056],[-69.92704,-15.4315],[-69.92645,-15.43224],[-69.92614,-15.43321],[-69.92548,-15.43395],[-69.92472,-15.43447],[-69.92307,-15.43523],[-69.92187,-15.43583],[-69.92039,-15.43646],[-69.91937,-15.43668],[-69.91952,-15.43818],[-69.91891,-15.43879],[-69.91736,-15.43878],[-69.91724,-15.43923],[-69.91816,-15.43995],[-69.91903,-15.44012],[-69.91951,-15.44212],[-69.91939,-15.44382],[-69.91824,-15.4454],[-69.91829,-15.44581],[-69.91938,-15.4471],[-69.91971,-15.44787],[-69.91969,-15.45011],[-69.92063,-15.45132],[-69.92207,-15.45333],[-69.92229,-15.45439],[-69.92179,-15.45524],[-69.92094,-15.45643],[-69.92028,-15.45762],[-69.9195,-15.45846],[-69.91892,-15.45949],[-69.91875,-15.46006],[-69.91831,-15.46233],[-69.91774,-15.46307],[-69.91705,-15.46348],[-69.91585,-15.46458],[-69.91434,-15.46479],[-69.91363,-15.46519],[-69.91335,-15.46605],[-69.91268,-15.46634],[-69.91231,-15.46657],[-69.91213,-15.46697],[-69.91201,-15.46735],[-69.91163,-15.46765],[-69.91123,-15.46813],[-69.9111,-15.46858],[-69.91089,-15.46893],[-69.91062,-15.46937],[-69.9105,-15.46977],[-69.91048,-15.47007],[-69.91057,-15.4705],[-69.91051,-15.47094],[-69.91044,-15.47124],[-69.91042,-15.47175],[-69.91065,-15.47228],[-69.91075,-15.4728],[-69.91046,-15.4733],[-69.90995,-15.47384],[-69.90925,-15.47413],[-69.90878,-15.47456],[-69.90837,-15.47517],[-69.90831,-15.47549],[-69.9083,-15.47601],[-69.90817,-15.47627],[-69.90792,-15.4764],[-69.90762,-15.47657],[-69.90743,-15.47691],[-69.90719,-15.47718],[-69.90691,-15.47719],[-69.90655,-15.47741],[-69.90625,-15.47784],[-69.90606,-15.47839],[-69.90597,-15.47879],[-69.90575,-15.47916],[-69.90536,-15.47942],[-69.90486,-15.47976],[-69.90454,-15.48023],[-69.90444,-15.48056],[-69.90443,-15.48102],[-69.9045,-15.48153],[-69.90451,-15.48209],[-69.90423,-15.48289],[-69.9041,-15.48354],[-69.90396,-15.48426],[-69.90364,-15.48519],[-69.90304,-15.4861],[-69.90239,-15.48653],[-69.90156,-15.4869],[-69.90087,-15.48739],[-69.90064,-15.48799],[-69.90068,-15.48862],[-69.90074,-15.48935],[-69.90039,-15.49015],[-69.89979,-15.49104],[-69.89917,-15.4918],[-69.89871,-15.49266],[-69.89789,-15.49401],[-69.89694,-15.49462],[-69.89668,-15.49453],[-69.89683,-15.49354],[-69.89698,-15.49169],[-69.89713,-15.48965],[-69.89721,-15.48928],[-69.89676,-15.4878],[-69.89648,-15.48649],[-69.89639,-15.48518],[-69.89619,-15.48413],[-69.8951,-15.48221],[-69.89449,-15.48068],[-69.89421,-15.47906],[-69.89368,-15.47859],[-69.89313,-15.47882],[-69.89305,-15.47932],[-69.89419,-15.48247],[-69.89496,-15.48585],[-69.89505,-15.48647],[-69.89529,-15.48824],[-69.89572,-15.49062],[-69.89602,-15.4916],[-69.89611,-15.4926],[-69.89595,-15.49499],[-69.89555,-15.49585],[-69.89432,-15.49639],[-69.89376,-15.49735],[-69.89364,-15.49881],[-69.89371,-15.5],[-69.89317,-15.50068],[-69.89272,-15.50128],[-69.89185,-15.50209],[-69.89118,-15.503],[-69.89112,-15.50341],[-69.89056,-15.50346],[-69.8905,-15.50378],[-69.89044,-15.50425],[-69.89041,-15.50472],[-69.89036,-15.50517],[-69.89029,-15.50546],[-69.89,-15.50575],[-69.88988,-15.50599],[-69.88985,-15.50645],[-69.88991,-15.50692],[-69.88992,-15.50722],[-69.88995,-15.50762],[-69.88989,-15.50808],[-69.88977,-15.50855],[-69.8895,-15.50906],[-69.88939,-15.50915],[-69.88927,-15.50956],[-69.88912,-15.51],[-69.88891,-15.51046],[-69.88853,-15.51081],[-69.88826,-15.51116],[-69.88787,-15.51154],[-69.88757,-15.51177],[-69.88739,-15.51186],[-69.88727,-15.51197],[-69.88694,-15.51221],[-69.88661,-15.5125],[-69.88656,-15.51259],[-69.88641,-15.51265],[-69.8862,-15.51288],[-69.88593,-15.51303],[-69.88563,-15.51329],[-69.88528,-15.51361],[-69.88491,-15.5139],[-69.88476,-15.51405],[-69.88464,-15.51428],[-69.88444,-15.51466],[-69.88414,-15.51503],[-69.88381,-15.51541],[-69.88346,-15.51577],[-69.88304,-15.51617],[-69.88268,-15.51652],[-69.88235,-15.51684],[-69.8822,-15.51696],[-69.88203,-15.51713],[-69.88179,-15.51743],[-69.88154,-15.51768],[-69.88137,-15.51786],[-69.88128,-15.51797],[-69.88087,-15.51818],[-69.88038,-15.5183],[-69.88008,-15.51842],[-69.87985,-15.51848],[-69.87937,-15.5186],[-69.87895,-15.51874],[-69.87853,-15.51892],[-69.87818,-15.51903],[-69.87778,-15.51915],[-69.87734,-15.51927],[-69.87689,-15.51939],[-69.87647,-15.5195],[-69.87608,-15.51971],[-69.87569,-15.51998],[-69.87539,-15.52032],[-69.8751,-15.52073],[-69.87486,-15.52102],[-69.87465,-15.52131],[-69.87441,-15.52172],[-69.87414,-15.52207],[-69.87391,-15.52236],[-69.87367,-15.52265],[-69.8732,-15.52363],[-69.87311,-15.52379],[-69.87287,-15.52451],[-69.87246,-15.52532],[-69.8718,-15.52614],[-69.87126,-15.52693],[-69.87049,-15.52768],[-69.86978,-15.52821],[-69.86909,-15.52888],[-69.8685,-15.52963],[-69.86811,-15.53045],[-69.86772,-15.53126],[-69.86713,-15.53213],[-69.86644,-15.53295],[-69.86575,-15.53371],[-69.86507,-15.5342],[-69.86441,-15.53493],[-69.8642,-15.53548],[-69.86388,-15.53615],[-69.86341,-15.53694],[-69.86287,-15.53781],[-69.8626,-15.53813],[-69.8624,-15.53871],[-69.86198,-15.53953],[-69.8615,-15.54034],[-69.86103,-15.54115],[-69.86068,-15.54197],[-69.86041,-15.54278],[-69.8602,-15.54359],[-69.85985,-15.54441],[-69.85976,-15.54522],[-69.85933,-15.54719],[-69.85919,-15.54867],[-69.85938,-15.55206],[-69.85968,-15.55304],[-69.86038,-15.55332],[-69.86063,-15.5536],[-69.86073,-15.55375],[-69.86079,-15.55399],[-69.86093,-15.55462],[-69.86099,-15.55542],[-69.86091,-15.55624],[-69.8607,-15.55705],[-69.86042,-15.55759],[-69.86017,-15.55787],[-69.85873,-15.55955],[-69.85747,-15.56],[-69.85649,-15.55979],[-69.85581,-15.55882],[-69.85527,-15.5585],[-69.85456,-15.55888],[-69.85375,-15.55951],[-69.85325,-15.5599],[-69.85299,-15.55989],[-69.85282,-15.55968],[-69.85271,-15.55963],[-69.85245,-15.55975],[-69.8524,-15.55982],[-69.85216,-15.55995],[-69.85192,-15.56011],[-69.85121,-15.56069],[-69.85076,-15.56101],[-69.85027,-15.56116],[-69.85003,-15.5611],[-69.84992,-15.56101],[-69.84968,-15.56084],[-69.84955,-15.56076],[-69.84951,-15.5607],[-69.84946,-15.56069],[-69.84936,-15.56069],[-69.84925,-15.5608],[-69.84862,-15.56147],[-69.84851,-15.56156],[-69.84835,-15.56176],[-69.8483,-15.56192],[-69.8484,-15.56267],[-69.84831,-15.56314],[-69.84771,-15.56377],[-69.84682,-15.56433],[-69.84631,-15.56451],[-69.84612,-15.56464],[-69.84593,-15.56495],[-69.84586,-15.56509],[-69.84578,-15.5655],[-69.84578,-15.56617],[-69.84584,-15.56646],[-69.84596,-15.56697],[-69.84587,-15.56771],[-69.84573,-15.56855],[-69.84558,-15.56886],[-69.84525,-15.56936],[-69.84509,-15.56962],[-69.84477,-15.56992],[-69.84451,-15.57035],[-69.84416,-15.57082],[-69.84395,-15.57096],[-69.84356,-15.57134],[-69.84343,-15.57149],[-69.84328,-15.57173],[-69.84317,-15.57198],[-69.84299,-15.57256],[-69.84272,-15.57338],[-69.84251,-15.57418],[-69.84237,-15.575],[-69.84211,-15.57581],[-69.84178,-15.57636],[-69.84112,-15.5766],[-69.84041,-15.57672],[-69.83969,-15.57699],[-69.83947,-15.5771],[-69.83933,-15.5772],[-69.83897,-15.57754],[-69.83816,-15.57827],[-69.83727,-15.5789],[-69.83664,-15.57938],[-69.83646,-15.5796],[-69.8361,-15.57993],[-69.83587,-15.58019],[-69.83568,-15.5803],[-69.83486,-15.58109],[-69.83425,-15.58164],[-69.83395,-15.58179],[-69.83324,-15.58217],[-69.83252,-15.58252],[-69.8318,-15.58302],[-69.83106,-15.58377],[-69.83082,-15.58395],[-69.83047,-15.58415],[-69.82954,-15.58488],[-69.82867,-15.58567],[-69.82793,-15.5864],[-69.82692,-15.58716],[-69.8262,-15.5876],[-69.82545,-15.58802],[-69.82527,-15.58829],[-69.82509,-15.58893],[-69.8251,-15.58974],[-69.82512,-15.59028],[-69.82501,-15.59053],[-69.82403,-15.59128],[-69.82334,-15.59202],[-69.82191,-15.59342],[-69.82142,-15.59405],[-69.82143,-15.59513],[-69.82119,-15.59593],[-69.82111,-15.59632],[-69.82106,-15.5969],[-69.82108,-15.59722],[-69.821,-15.59769],[-69.82085,-15.59777],[-69.8203,-15.59789],[-69.81978,-15.59812],[-69.81915,-15.59861],[-69.81852,-15.59914],[-69.81796,-15.59975],[-69.81736,-15.60039],[-69.81685,-15.60104],[-69.81652,-15.60138],[-69.8164,-15.60147],[-69.81612,-15.60159],[-69.81593,-15.60182],[-69.81587,-15.60203],[-69.81575,-15.60225],[-69.81544,-15.60222],[-69.815,-15.60208],[-69.81453,-15.60187],[-69.81433,-15.60202],[-69.81401,-15.60229],[-69.81396,-15.6024],[-69.81398,-15.60261],[-69.81411,-15.6029],[-69.81417,-15.60345],[-69.81411,-15.60363],[-69.81411,-15.60418],[-69.81409,-15.60465],[-69.81383,-15.60469],[-69.81363,-15.60476],[-69.81315,-15.60494],[-69.81298,-15.60503],[-69.81286,-15.6052],[-69.81274,-15.60546],[-69.81244,-15.60586],[-69.81214,-15.60613],[-69.8119,-15.60622],[-69.81155,-15.60634],[-69.81145,-15.60645],[-69.8114,-15.60651],[-69.81106,-15.60709],[-69.81068,-15.60767],[-69.81056,-15.60804],[-69.81047,-15.60855],[-69.81031,-15.60893],[-69.8102,-15.60901],[-69.81015,-15.60907],[-69.8097,-15.60971],[-69.80941,-15.61029],[-69.80911,-15.61087],[-69.80872,-15.61143],[-69.80855,-15.61209],[-69.80854,-15.61249],[-69.80851,-15.61301],[-69.80848,-15.61338],[-69.80862,-15.61346],[-69.80922,-15.61293],[-69.80932,-15.61281],[-69.80948,-15.61274],[-69.81035,-15.61289],[-69.81055,-15.61294],[-69.81121,-15.61318],[-69.81205,-15.61339],[-69.81289,-15.61373],[-69.81307,-15.61396],[-69.81337,-15.61451],[-69.81388,-15.61529],[-69.8142,-15.61547],[-69.81434,-15.61557],[-69.81463,-15.61581],[-69.81503,-15.61616],[-69.81572,-15.61671],[-69.81617,-15.61697],[-69.8163,-15.61731],[-69.81626,-15.61793],[-69.81615,-15.61862],[-69.81616,-15.61895],[-69.81615,-15.61924],[-69.81605,-15.6194],[-69.81591,-15.61948],[-69.81563,-15.62034],[-69.81532,-15.62146],[-69.81523,-15.6217],[-69.81517,-15.62187],[-69.81472,-15.62269],[-69.81424,-15.6235],[-69.8135,-15.62432],[-69.81317,-15.62449],[-69.81303,-15.62458],[-69.81246,-15.62478],[-69.81174,-15.62499],[-69.81117,-15.62485],[-69.81081,-15.62462],[-69.81029,-15.62419],[-69.8101,-15.62399],[-69.80994,-15.62396],[-69.8098,-15.62397],[-69.80966,-15.624],[-69.80954,-15.62409],[-69.8091,-15.62424],[-69.80838,-15.62445],[-69.80776,-15.62472],[-69.80737,-15.62512],[-69.80742,-15.62597],[-69.80755,-15.62628],[-69.80779,-15.62683],[-69.80815,-15.62753],[-69.80851,-15.62787],[-69.80879,-15.62801],[-69.80926,-15.62837],[-69.80966,-15.62877],[-69.81016,-15.62923],[-69.81027,-15.62953],[-69.81038,-15.62967],[-69.81049,-15.62979],[-69.81058,-15.62984],[-69.81119,-15.62999],[-69.81134,-15.62992],[-69.81164,-15.62987],[-69.81236,-15.62966],[-69.81264,-15.62968],[-69.81275,-15.62975],[-69.81293,-15.63012],[-69.81308,-15.63082],[-69.81335,-15.63113],[-69.8136,-15.63193],[-69.81354,-15.6332],[-69.81354,-15.63401],[-69.81345,-15.63482],[-69.81337,-15.63564],[-69.81331,-15.63644],[-69.81323,-15.63726],[-69.81305,-15.63773],[-69.81286,-15.63792],[-69.81263,-15.63805],[-69.81245,-15.63812],[-69.81197,-15.63862],[-69.81177,-15.63891],[-69.81149,-15.63901],[-69.81077,-15.63904],[-69.81,-15.63918],[-69.8096,-15.63933],[-69.80892,-15.63997],[-69.80883,-15.64003],[-69.80866,-15.64015],[-69.80844,-15.64029],[-69.80778,-15.64053],[-69.80738,-15.64076],[-69.8071,-15.64102],[-69.80702,-15.64153],[-69.80707,-15.64215],[-69.80716,-15.64277],[-69.8073,-15.64297],[-69.80768,-15.64378],[-69.80807,-15.64459],[-69.80864,-15.6454],[-69.80868,-15.64621],[-69.80859,-15.64703],[-69.80841,-15.64743],[-69.80805,-15.64824],[-69.80752,-15.64903],[-69.80692,-15.64993],[-69.80636,-15.65069],[-69.80594,-15.65121],[-69.80558,-15.6515],[-69.80513,-15.65145],[-69.80477,-15.65115],[-69.80444,-15.65093],[-69.8043,-15.65103],[-69.80427,-15.65122],[-69.80437,-15.65168],[-69.80435,-15.652],[-69.80418,-15.65215],[-69.80375,-15.65256],[-69.80373,-15.65281],[-69.80388,-15.65305],[-69.8043,-15.65319],[-69.8046,-15.65342],[-69.80468,-15.65369],[-69.8046,-15.65396],[-69.80446,-15.65417],[-69.80382,-15.65475],[-69.80338,-15.6552],[-69.80261,-15.65579],[-69.80213,-15.65575],[-69.80196,-15.65597],[-69.8021,-15.65625],[-69.80208,-15.65645],[-69.80196,-15.65659],[-69.80164,-15.65677],[-69.80152,-15.65721],[-69.80108,-15.6577],[-69.80034,-15.65848],[-69.80013,-15.65867],[-69.79998,-15.65877],[-69.79938,-15.6591],[-69.79889,-15.65955],[-69.79869,-15.65974],[-69.79792,-15.66038],[-69.7975,-15.66084],[-69.79731,-15.66111],[-69.79646,-15.66181],[-69.79577,-15.66216],[-69.79506,-15.66236],[-69.79434,-15.66246],[-69.79362,-15.66263],[-69.7929,-15.6628],[-69.79218,-15.66287],[-69.7914,-15.66287],[-69.79056,-15.66276],[-69.78978,-15.66241],[-69.78927,-15.662],[-69.78858,-15.6621],[-69.78808,-15.6623],[-69.78793,-15.66253],[-69.78723,-15.66313],[-69.78653,-15.66328],[-69.7862,-15.66323],[-69.78588,-15.66316],[-69.78561,-15.66307],[-69.78488,-15.66282],[-69.78421,-15.66257],[-69.78382,-15.66232],[-69.78343,-15.66206],[-69.78271,-15.66159],[-69.78203,-15.66108],[-69.78139,-15.66041],[-69.78106,-15.6598],[-69.78091,-15.6592],[-69.78071,-15.65834],[-69.78052,-15.6576],[-69.7804,-15.6568],[-69.78023,-15.65594],[-69.78026,-15.6555],[-69.78041,-15.65498],[-69.78053,-15.65473],[-69.78075,-15.65392],[-69.78082,-15.65351],[-69.78077,-15.6533],[-69.78061,-15.65319],[-69.78029,-15.65325],[-69.7798,-15.65349],[-69.77965,-15.65367],[-69.77954,-15.65386],[-69.77933,-15.65462],[-69.77913,-15.65474],[-69.77874,-15.65474],[-69.77851,-15.65478],[-69.77848,-15.65488],[-69.77857,-15.65518],[-69.77863,-15.65532],[-69.7786,-15.65542],[-69.77852,-15.65552],[-69.77829,-15.65553],[-69.77803,-15.65558],[-69.7777,-15.6557],[-69.77756,-15.656],[-69.77741,-15.6564],[-69.77689,-15.6572],[-69.77653,-15.65753],[-69.77593,-15.6579],[-69.77552,-15.65807],[-69.77521,-15.65811],[-69.77505,-15.65819],[-69.77485,-15.65829],[-69.77413,-15.65879],[-69.77378,-15.65887],[-69.77327,-15.65878],[-69.77258,-15.65847],[-69.77174,-15.65812],[-69.77114,-15.65807],[-69.7709,-15.65818],[-69.77069,-15.65839],[-69.77063,-15.65854],[-69.77031,-15.65936],[-69.76996,-15.65984],[-69.7698,-15.66019],[-69.76984,-15.66071],[-69.76964,-15.66104],[-69.76954,-15.66115],[-69.76946,-15.66128],[-69.7694,-15.66146],[-69.76939,-15.66161],[-69.7693,-15.66219],[-69.76913,-15.66261],[-69.7687,-15.66307],[-69.76811,-15.66356],[-69.76805,-15.66362],[-69.76805,-15.66373],[-69.76813,-15.66388],[-69.76847,-15.66411],[-69.76856,-15.6642],[-69.7686,-15.66437],[-69.7686,-15.66449],[-69.76855,-15.66475],[-69.76844,-15.66545],[-69.76811,-15.66615],[-69.7677,-15.66731],[-69.76744,-15.66813],[-69.76733,-15.66868],[-69.7669,-15.66937],[-69.7666,-15.66987],[-69.76625,-15.67062],[-69.76574,-15.67138],[-69.76541,-15.67155],[-69.76514,-15.67182],[-69.76437,-15.67271],[-69.76407,-15.67353],[-69.76393,-15.67434],[-69.76374,-15.67516],[-69.7636,-15.67597],[-69.76327,-15.67678],[-69.7629,-15.6776],[-69.76267,-15.67779],[-69.76249,-15.67791],[-69.76226,-15.67803],[-69.76214,-15.67821],[-69.76178,-15.67905],[-69.76152,-15.6794],[-69.76113,-15.68027],[-69.76108,-15.6809],[-69.76114,-15.68117],[-69.76114,-15.68139],[-69.76106,-15.68155],[-69.76103,-15.68161],[-69.76105,-15.68175],[-69.76119,-15.68189],[-69.76189,-15.68233],[-69.76261,-15.68262],[-69.76303,-15.68264],[-69.76335,-15.68276],[-69.76387,-15.68296],[-69.76467,-15.68331],[-69.76487,-15.68341],[-69.76514,-15.68379],[-69.76511,-15.68408],[-69.76517,-15.68442],[-69.76566,-15.68446],[-69.76593,-15.68432],[-69.76608,-15.68423],[-69.76649,-15.6841],[-69.76677,-15.68414],[-69.76692,-15.68422],[-69.76744,-15.68446],[-69.76818,-15.68434],[-69.76845,-15.68416],[-69.76866,-15.68404],[-69.76908,-15.68402],[-69.76972,-15.6839],[-69.76992,-15.68395],[-69.77007,-15.68394],[-69.77034,-15.68387],[-69.77118,-15.68385],[-69.77127,-15.68385],[-69.77147,-15.68372],[-69.7716,-15.68363],[-69.77238,-15.68281],[-69.7725,-15.68267],[-69.77279,-15.68243],[-69.77306,-15.68231],[-69.77331,-15.68242],[-69.7738,-15.68249],[-69.77464,-15.68243],[-69.77548,-15.68231],[-69.77632,-15.68202],[-69.77688,-15.68163],[-69.77716,-15.68137],[-69.77802,-15.6807],[-69.77889,-15.67986],[-69.77901,-15.67974],[-69.77955,-15.67951],[-69.78039,-15.67907],[-69.78128,-15.67843],[-69.78209,-15.67797],[-69.78298,-15.67738],[-69.78391,-15.67697],[-69.78479,-15.67625],[-69.78515,-15.67579],[-69.7855,-15.67537],[-69.78589,-15.67509],[-69.78642,-15.6749],[-69.78728,-15.67431],[-69.78809,-15.67353],[-69.78825,-15.67332],[-69.7883,-15.67321],[-69.78839,-15.67304],[-69.78883,-15.67251],[-69.78958,-15.67236],[-69.79043,-15.6722],[-69.79127,-15.67187],[-69.79151,-15.67167],[-69.79198,-15.67126],[-69.79279,-15.6703],[-69.79319,-15.66981],[-69.79366,-15.6696],[-69.79449,-15.66922],[-69.79512,-15.66876],[-69.79554,-15.66845],[-69.79635,-15.66793],[-69.79713,-15.6675],[-69.79732,-15.66744],[-69.79798,-15.66724],[-69.7985,-15.66718],[-69.79933,-15.6672],[-69.79954,-15.66732],[-69.80104,-15.66861],[-69.80123,-15.6689],[-69.80156,-15.66957],[-69.80208,-15.67027],[-69.80258,-15.67096],[-69.80282,-15.67155],[-69.80286,-15.67189],[-69.80291,-15.67235],[-69.80304,-15.67305],[-69.80319,-15.67363],[-69.80326,-15.67423],[-69.80304,-15.67477],[-69.80269,-15.67508],[-69.80188,-15.67543],[-69.80155,-15.67568],[-69.80141,-15.67587],[-69.80138,-15.67628],[-69.80138,-15.67696],[-69.80122,-15.67721],[-69.80077,-15.67731],[-69.80063,-15.67747],[-69.80042,-15.6777],[-69.79994,-15.6784],[-69.79955,-15.67861],[-69.79885,-15.67877],[-69.79824,-15.67913],[-69.79816,-15.67955],[-69.7982,-15.67983],[-69.79809,-15.68002],[-69.79785,-15.68011],[-69.79769,-15.68041],[-69.79783,-15.68084],[-69.79781,-15.68119],[-69.79754,-15.68148],[-69.79693,-15.68189],[-69.79622,-15.68233],[-69.79559,-15.68268],[-69.79505,-15.68306],[-69.79451,-15.68358],[-69.79401,-15.68411],[-69.79347,-15.6846],[-69.79276,-15.68507],[-69.79216,-15.68553],[-69.79156,-15.686],[-69.79102,-15.68643],[-69.79036,-15.68681],[-69.78974,-15.68722],[-69.78905,-15.68758],[-69.78854,-15.68819],[-69.78834,-15.68857],[-69.78831,-15.68912],[-69.78801,-15.68938],[-69.78768,-15.68932],[-69.78723,-15.68935],[-69.78706,-15.68942],[-69.78694,-15.68969],[-69.78681,-15.68999],[-69.78679,-15.6905],[-69.78691,-15.69092],[-69.78684,-15.69122],[-69.78657,-15.69133],[-69.78629,-15.69158],[-69.78625,-15.69199],[-69.78599,-15.69243],[-69.78565,-15.69259],[-69.78542,-15.69304],[-69.78518,-15.69352],[-69.78476,-15.69385],[-69.78432,-15.69391],[-69.78401,-15.69416],[-69.78384,-15.69427],[-69.78348,-15.69444],[-69.78303,-15.69494],[-69.78237,-15.69561],[-69.78178,-15.69617],[-69.78163,-15.69625],[-69.78124,-15.69637],[-69.78057,-15.69643],[-69.78027,-15.69622],[-69.77999,-15.69611],[-69.77976,-15.69632],[-69.7795,-15.69653],[-69.77886,-15.69653],[-69.77832,-15.69677],[-69.77788,-15.6969],[-69.77707,-15.69716],[-69.77648,-15.69743],[-69.77634,-15.69763],[-69.7761,-15.69798],[-69.77573,-15.69813],[-69.77553,-15.69849],[-69.77531,-15.69876],[-69.775,-15.69885],[-69.7745,-15.69923],[-69.77393,-15.69964],[-69.77346,-15.69987],[-69.77315,-15.69996],[-69.7727,-15.70017],[-69.7725,-15.70031],[-69.77172,-15.70075],[-69.771,-15.7009],[-69.77028,-15.70099],[-69.77002,-15.7011],[-69.7699,-15.70119],[-69.76983,-15.70131],[-69.76986,-15.70188],[-69.7699,-15.70238],[-69.76985,-15.70259],[-69.76976,-15.70283],[-69.76963,-15.70319],[-69.76921,-15.70386],[-69.76861,-15.70416],[-69.76779,-15.70393],[-69.76735,-15.70364],[-69.76706,-15.70327],[-69.76683,-15.70318],[-69.76673,-15.70351],[-69.76675,-15.70409],[-69.76683,-15.70472],[-69.76665,-15.70491],[-69.76636,-15.70498],[-69.76603,-15.70522],[-69.76554,-15.70576],[-69.76524,-15.70593],[-69.76497,-15.70608],[-69.76446,-15.7064],[-69.76423,-15.70663],[-69.76381,-15.7071],[-69.76367,-15.70719],[-69.76322,-15.70755],[-69.76307,-15.70796],[-69.76296,-15.70831],[-69.76266,-15.70859],[-69.76215,-15.70851],[-69.76183,-15.70847],[-69.76133,-15.70881],[-69.76119,-15.70909],[-69.76107,-15.70925],[-69.76095,-15.70924],[-69.7609,-15.7092],[-69.7607,-15.70897],[-69.76059,-15.70886],[-69.76057,-15.70886],[-69.7605,-15.70886],[-69.76045,-15.70888],[-69.7602,-15.70911],[-69.76011,-15.70921],[-69.76001,-15.70931],[-69.75906,-15.70984],[-69.75845,-15.71042],[-69.75825,-15.71044],[-69.7581,-15.7103],[-69.75774,-15.71033],[-69.75752,-15.7105],[-69.75741,-15.71059],[-69.75735,-15.71064],[-69.75726,-15.71069],[-69.75666,-15.71102],[-69.75595,-15.71136],[-69.75555,-15.71165],[-69.7554,-15.71192],[-69.75484,-15.71204],[-69.7544,-15.71203],[-69.75385,-15.71235],[-69.75343,-15.71254],[-69.7533,-15.7127],[-69.75316,-15.71312],[-69.75293,-15.71332],[-69.75252,-15.71364],[-69.752,-15.71425],[-69.75191,-15.71445],[-69.7519,-15.71497],[-69.75171,-15.71526],[-69.75116,-15.71538],[-69.75092,-15.71547],[-69.75045,-15.71579],[-69.74973,-15.71626],[-69.74942,-15.71657],[-69.74921,-15.7169],[-69.74916,-15.71702],[-69.74908,-15.71716],[-69.74884,-15.71745],[-69.74862,-15.71762],[-69.74836,-15.71769],[-69.74686,-15.71874],[-69.74651,-15.71888],[-69.74631,-15.71901],[-69.74566,-15.71952],[-69.74531,-15.71976],[-69.74514,-15.72005],[-69.74518,-15.72025],[-69.74517,-15.72038],[-69.74506,-15.72047],[-69.74495,-15.7205],[-69.74486,-15.72063],[-69.74481,-15.72097],[-69.74464,-15.72134],[-69.74442,-15.72145],[-69.74412,-15.72162],[-69.74383,-15.72214],[-69.74376,-15.72269],[-69.74386,-15.72292],[-69.74416,-15.72325],[-69.7444,-15.7238],[-69.74449,-15.72397],[-69.74463,-15.72411],[-69.74476,-15.7242],[-69.74523,-15.72483],[-69.74554,-15.72502],[-69.74572,-15.72515],[-69.74581,-15.72521],[-69.7462,-15.72553],[-69.74689,-15.7259],[-69.74742,-15.72624],[-69.74759,-15.72634],[-69.74799,-15.72671],[-69.74832,-15.72701],[-69.74867,-15.72744],[-69.74892,-15.72766],[-69.7496,-15.72778],[-69.74995,-15.72785],[-69.75011,-15.72788],[-69.75073,-15.72812],[-69.75094,-15.72824],[-69.75107,-15.72848],[-69.75077,-15.72879],[-69.75077,-15.72908],[-69.75128,-15.72934],[-69.75143,-15.72942],[-69.75236,-15.72965],[-69.75302,-15.72974],[-69.75336,-15.72958],[-69.75352,-15.72939],[-69.75421,-15.72912],[-69.75459,-15.72908],[-69.75489,-15.72908],[-69.75502,-15.72898],[-69.75512,-15.72885],[-69.75542,-15.72843],[-69.75559,-15.7282],[-69.7559,-15.72797],[-69.75598,-15.72799],[-69.7569,-15.72787],[-69.75786,-15.72778],[-69.75882,-15.72771],[-69.75978,-15.72771],[-69.76074,-15.7278],[-69.7617,-15.72777],[-69.76265,-15.72765],[-69.76361,-15.7277],[-69.76457,-15.72769],[-69.76553,-15.72784],[-69.76649,-15.72812],[-69.76745,-15.72847],[-69.76787,-15.72885],[-69.76859,-15.72905],[-69.76916,-15.72875],[-69.77011,-15.72841],[-69.77119,-15.72776],[-69.77224,-15.72756],[-69.7732,-15.72764],[-69.77416,-15.72758],[-69.77511,-15.7274],[-69.77607,-15.72722],[-69.77655,-15.72746],[-69.77674,-15.72772],[-69.77703,-15.72784],[-69.77711,-15.72784],[-69.77734,-15.72779],[-69.77745,-15.72777],[-69.77847,-15.72759],[-69.77943,-15.72715],[-69.7798,-15.72681],[-69.78016,-15.72663],[-69.78056,-15.72656],[-69.78116,-15.72655],[-69.78224,-15.72657],[-69.7832,-15.7265],[-69.78416,-15.72635],[-69.78617,-15.72615],[-69.78721,-15.72614],[-69.78817,-15.7261],[-69.78913,-15.72616],[-69.79009,-15.72607],[-69.79106,-15.7258],[-69.79128,-15.72557],[-69.79172,-15.72536],[-69.79243,-15.72536],[-69.79338,-15.72536],[-69.7941,-15.72506],[-69.79422,-15.7249],[-69.79461,-15.72432],[-69.79472,-15.72405],[-69.79475,-15.72337],[-69.79481,-15.72316],[-69.79531,-15.72257],[-69.79538,-15.72243],[-69.79559,-15.72211],[-69.79621,-15.72124],[-69.79648,-15.72102],[-69.79677,-15.72084],[-69.79729,-15.72038],[-69.79839,-15.71951],[-69.79952,-15.71867],[-69.80048,-15.71794],[-69.80137,-15.71712],[-69.80251,-15.71625],[-69.80344,-15.71575],[-69.80455,-15.71528],[-69.8055,-15.71499],[-69.80633,-15.71417],[-69.80658,-15.71403],[-69.80693,-15.71382],[-69.80766,-15.71344],[-69.80861,-15.71309],[-69.80957,-15.71271],[-69.81049,-15.7123],[-69.8116,-15.71171],[-69.81258,-15.71104],[-69.81363,-15.71031],[-69.81459,-15.70976],[-69.81542,-15.7092],[-69.81614,-15.70886],[-69.81644,-15.70871],[-69.81702,-15.70847],[-69.81748,-15.7085],[-69.81836,-15.70847],[-69.81931,-15.7082],[-69.82028,-15.70776],[-69.82065,-15.70744],[-69.82118,-15.70701],[-69.82123,-15.70662],[-69.82073,-15.70671],[-69.82038,-15.70679],[-69.82045,-15.7065],[-69.82088,-15.70625],[-69.82135,-15.70602],[-69.8219,-15.70555],[-69.822,-15.70509],[-69.82185,-15.70441],[-69.82181,-15.70362],[-69.82243,-15.70312],[-69.82344,-15.70289],[-69.82379,-15.70265],[-69.82384,-15.70259],[-69.82391,-15.70253],[-69.82396,-15.70247],[-69.8242,-15.70218],[-69.82457,-15.7015],[-69.82468,-15.70139],[-69.825,-15.70133],[-69.82515,-15.70125],[-69.82569,-15.70079],[-69.82629,-15.70046],[-69.82689,-15.70038],[-69.82707,-15.70028],[-69.82725,-15.69988],[-69.82745,-15.6993],[-69.82769,-15.6988],[-69.8279,-15.69868],[-69.82805,-15.69857],[-69.82823,-15.69845],[-69.82868,-15.69827],[-69.82898,-15.69807],[-69.82927,-15.69769],[-69.82921,-15.6972],[-69.82921,-15.6968],[-69.82933,-15.69668],[-69.82939,-15.69659],[-69.82966,-15.69639],[-69.83023,-15.69615],[-69.83082,-15.69586],[-69.83097,-15.69557],[-69.83106,-15.69513],[-69.83142,-15.69475],[-69.83154,-15.69466],[-69.83166,-15.69461],[-69.83184,-15.69446],[-69.8325,-15.69412],[-69.83309,-15.69393],[-69.83369,-15.69388],[-69.83399,-15.69393],[-69.8346,-15.69404],[-69.83519,-15.69411],[-69.8357,-15.69392],[-69.83591,-15.69358],[-69.83633,-15.69305],[-69.83665,-15.69264],[-69.83671,-15.69247],[-69.83704,-15.69224],[-69.83769,-15.69214],[-69.83791,-15.69189],[-69.83835,-15.69127],[-69.83865,-15.69081],[-69.83872,-15.69017],[-69.83908,-15.68953],[-69.83951,-15.68913],[-69.84032,-15.68834],[-69.84074,-15.68784],[-69.84086,-15.6874],[-69.84103,-15.68709],[-69.84157,-15.68682],[-69.84205,-15.68673],[-69.84301,-15.68665],[-69.8437,-15.68653],[-69.84444,-15.68617],[-69.84492,-15.68571],[-69.84516,-15.68542],[-69.84546,-15.6851],[-69.84558,-15.68448],[-69.84584,-15.68356],[-69.84617,-15.68263],[-69.84607,-15.68217],[-69.84604,-15.68153],[-69.84643,-15.68083],[-69.84754,-15.67979],[-69.84794,-15.67951],[-69.84819,-15.67926],[-69.84887,-15.67856],[-69.84941,-15.6778],[-69.84983,-15.6771],[-69.85025,-15.6764],[-69.85054,-15.67571],[-69.85069,-15.67501],[-69.85081,-15.67431],[-69.85074,-15.67396],[-69.85047,-15.67326],[-69.85034,-15.67257],[-69.85046,-15.67187],[-69.85073,-15.67118],[-69.85079,-15.67048],[-69.8507,-15.67031],[-69.85037,-15.66978],[-69.85015,-15.66938],[-69.85009,-15.66923],[-69.85007,-15.66889],[-69.85024,-15.66839],[-69.85068,-15.66712],[-69.85078,-15.66676],[-69.85065,-15.66637],[-69.85059,-15.66616],[-69.85053,-15.66596],[-69.85038,-15.66515],[-69.85047,-15.66433],[-69.85076,-15.66352],[-69.85102,-15.6627],[-69.85105,-15.66189],[-69.85084,-15.66108],[-69.85051,-15.66027],[-69.85033,-15.65946],[-69.85032,-15.65865],[-69.85038,-15.65818],[-69.85037,-15.65745],[-69.85025,-15.6565],[-69.85031,-15.65517],[-69.85024,-15.65435],[-69.85018,-15.65354],[-69.85009,-15.65328],[-69.84973,-15.65273],[-69.84939,-15.65221],[-69.84943,-15.65165],[-69.84955,-15.65132],[-69.84983,-15.65053],[-69.84968,-15.64997],[-69.84957,-15.64977],[-69.84935,-15.64948],[-69.84911,-15.64884],[-69.84857,-15.64803],[-69.84793,-15.64722],[-69.84728,-15.64659],[-69.84698,-15.64624],[-69.847,-15.64549],[-69.847,-15.64468],[-69.84672,-15.64386],[-69.84657,-15.64325],[-69.84606,-15.64303],[-69.84573,-15.64271],[-69.84564,-15.6423],[-69.84546,-15.64169],[-69.84536,-15.64149],[-69.84528,-15.64131],[-69.84516,-15.6412],[-69.84491,-15.64068],[-69.84483,-15.64027],[-69.84479,-15.63958],[-69.84488,-15.63946],[-69.8452,-15.63917],[-69.84542,-15.63905],[-69.84547,-15.63835],[-69.84562,-15.63754],[-69.84591,-15.63673],[-69.846,-15.6365],[-69.84625,-15.63641],[-69.84681,-15.63588],[-69.84728,-15.63545],[-69.84818,-15.63513],[-69.84875,-15.6352],[-69.84966,-15.63488],[-69.8507,-15.63403],[-69.85102,-15.63369],[-69.85217,-15.63175],[-69.85299,-15.63081],[-69.85323,-15.62978],[-69.85298,-15.62896],[-69.85319,-15.62845],[-69.8538,-15.62805],[-69.85412,-15.62758],[-69.85402,-15.62685],[-69.85417,-15.62602],[-69.85487,-15.625],[-69.85672,-15.62298],[-69.85906,-15.62022],[-69.86016,-15.61918],[-69.86048,-15.61889],[-69.86078,-15.61862],[-69.86135,-15.61836],[-69.86207,-15.61816],[-69.86219,-15.61807],[-69.86236,-15.61795],[-69.86254,-15.61787],[-69.86288,-15.6176],[-69.86356,-15.61713],[-69.86431,-15.61649],[-69.86436,-15.61639],[-69.86437,-15.61577],[-69.86439,-15.61556],[-69.86457,-15.61539],[-69.86547,-15.6153],[-69.86577,-15.61512],[-69.86673,-15.6146],[-69.86744,-15.61407],[-69.86828,-15.61366],[-69.869,-15.61346],[-69.86969,-15.61316],[-69.87004,-15.61278],[-69.87034,-15.6124],[-69.87048,-15.61232],[-69.87058,-15.6122],[-69.87078,-15.61199],[-69.87086,-15.61196],[-69.87098,-15.61194],[-69.87102,-15.61197],[-69.87142,-15.61205],[-69.87162,-15.61188],[-69.87183,-15.61144],[-69.87191,-15.61128],[-69.87196,-15.61125],[-69.87205,-15.61124],[-69.87208,-15.61126],[-69.8724,-15.61132],[-69.8726,-15.61115],[-69.87285,-15.61115],[-69.87315,-15.61142],[-69.87354,-15.61135],[-69.87374,-15.61107],[-69.87399,-15.61043],[-69.87415,-15.6104],[-69.87465,-15.61087],[-69.87506,-15.61082],[-69.87532,-15.61061],[-69.87555,-15.61049],[-69.87562,-15.61076],[-69.87569,-15.61122],[-69.8761,-15.61126],[-69.87641,-15.61101],[-69.87668,-15.61079],[-69.87728,-15.61038],[-69.87766,-15.61026],[-69.87797,-15.61026],[-69.87821,-15.61023],[-69.87831,-15.61008],[-69.87853,-15.60956],[-69.87886,-15.60898],[-69.87915,-15.60865],[-69.87939,-15.60854],[-69.87975,-15.60816],[-69.87981,-15.60807],[-69.87996,-15.60787],[-69.88041,-15.60766],[-69.88085,-15.60752],[-69.88106,-15.60723],[-69.8813,-15.60665],[-69.88169,-15.60607],[-69.88186,-15.60549],[-69.88189,-15.6049],[-69.88183,-15.60444],[-69.88191,-15.60435],[-69.88213,-15.60369],[-69.88222,-15.60348],[-69.88239,-15.6031],[-69.88242,-15.60252],[-69.88232,-15.60194],[-69.88217,-15.60136],[-69.88221,-15.60093],[-69.8825,-15.60052],[-69.88303,-15.5999],[-69.88342,-15.59963],[-69.88394,-15.59944],[-69.88413,-15.59928],[-69.88447,-15.59906],[-69.88463,-15.59894],[-69.88474,-15.59886],[-69.88528,-15.59894],[-69.88557,-15.59894],[-69.88645,-15.59889],[-69.88694,-15.59846],[-69.88713,-15.59798],[-69.88772,-15.59719],[-69.8882,-15.59635],[-69.88892,-15.59632],[-69.88913,-15.59623],[-69.88954,-15.59582],[-69.88987,-15.59573],[-69.89108,-15.59528],[-69.8919,-15.59453],[-69.89203,-15.59436],[-69.89214,-15.59404],[-69.89226,-15.59395],[-69.89235,-15.59389],[-69.89247,-15.59381],[-69.89292,-15.59343],[-69.893,-15.59302],[-69.89292,-15.59261],[-69.89297,-15.59242],[-69.89304,-15.5923],[-69.89297,-15.59163],[-69.89267,-15.59093],[-69.89231,-15.59024],[-69.89227,-15.58962],[-69.89242,-15.58914],[-69.89253,-15.58832],[-69.89265,-15.58815],[-69.89272,-15.58809],[-69.8928,-15.58797],[-69.89322,-15.58757],[-69.89403,-15.5869],[-69.89477,-15.58611],[-69.89498,-15.58599],[-69.89522,-15.58584],[-69.89607,-15.58503],[-69.897,-15.58451],[-69.89747,-15.58394],[-69.89761,-15.58375],[-69.8979,-15.58314],[-69.89805,-15.58267],[-69.8982,-15.58192],[-69.89829,-15.58168],[-69.89856,-15.5811],[-69.89858,-15.5809],[-69.89873,-15.58029],[-69.89912,-15.57947],[-69.89959,-15.57866],[-69.89986,-15.57785],[-69.90021,-15.57704],[-69.90039,-15.57622],[-69.9003,-15.57601],[-69.90027,-15.57573],[-69.9003,-15.57562],[-69.90065,-15.57554],[-69.90099,-15.57581],[-69.90131,-15.57587],[-69.90203,-15.57549],[-69.90227,-15.57531],[-69.90299,-15.57476],[-69.90343,-15.57412],[-69.90355,-15.57383],[-69.90394,-15.57302],[-69.90432,-15.57235],[-69.90426,-15.57174],[-69.90414,-15.57139],[-69.90429,-15.57119],[-69.90467,-15.57057],[-69.90461,-15.5704],[-69.90452,-15.57023],[-69.90389,-15.57023],[-69.90366,-15.57012],[-69.90359,-15.56959],[-69.9038,-15.56901],[-69.904,-15.56843],[-69.9043,-15.56784],[-69.90469,-15.56726],[-69.90505,-15.56668],[-69.90546,-15.5661],[-69.90599,-15.56549],[-69.90663,-15.565],[-69.90722,-15.56461],[-69.90782,-15.56435],[-69.90841,-15.56418],[-69.90901,-15.56412],[-69.90962,-15.56412],[-69.91021,-15.56402],[-69.91081,-15.56385],[-69.91123,-15.56376],[-69.91153,-15.56392],[-69.91172,-15.56422],[-69.91184,-15.56436],[-69.91189,-15.56459],[-69.91189,-15.56478],[-69.91184,-15.56524],[-69.91205,-15.56548],[-69.91252,-15.5655],[-69.91282,-15.56529],[-69.91303,-15.56517],[-69.91344,-15.56473],[-69.9139,-15.56476],[-69.91425,-15.56496],[-69.91507,-15.5649],[-69.91554,-15.5651],[-69.91614,-15.56577],[-69.91641,-15.56614],[-69.91681,-15.56644],[-69.91723,-15.56625],[-69.91782,-15.56584],[-69.91809,-15.56495],[-69.91814,-15.56413],[-69.91808,-15.56342],[-69.91854,-15.56288],[-69.91874,-15.56269],[-69.91919,-15.56242],[-69.91981,-15.56201],[-69.92047,-15.56134],[-69.92059,-15.56105],[-69.92112,-15.56047],[-69.92121,-15.56035],[-69.92169,-15.56043],[-69.92181,-15.56058],[-69.92202,-15.56078],[-69.92241,-15.56112],[-69.92286,-15.56148],[-69.92346,-15.56185],[-69.92414,-15.56188],[-69.92432,-15.56186],[-69.92459,-15.56171],[-69.92473,-15.56151],[-69.92478,-15.56128],[-69.92483,-15.56086],[-69.92477,-15.56027],[-69.92465,-15.55993],[-69.9248,-15.55882],[-69.92551,-15.55828],[-69.9259,-15.55801],[-69.92617,-15.55784],[-69.92659,-15.55772],[-69.92677,-15.55777],[-69.92694,-15.55789],[-69.92721,-15.55806],[-69.92758,-15.55838],[-69.92837,-15.55945],[-69.92851,-15.55974],[-69.92868,-15.56028],[-69.92881,-15.56039],[-69.92921,-15.56049],[-69.92995,-15.5606],[-69.93067,-15.5606],[-69.93118,-15.56051],[-69.9313,-15.56043],[-69.93151,-15.5602],[-69.93161,-15.55992],[-69.93168,-15.55955],[-69.93187,-15.5587],[-69.93217,-15.5582],[-69.93258,-15.55805],[-69.93276,-15.55823],[-69.93247,-15.55894],[-69.93237,-15.55998],[-69.93279,-15.56048],[-69.93344,-15.5605],[-69.93434,-15.56026],[-69.93477,-15.55927],[-69.9355,-15.55841],[-69.93598,-15.55826],[-69.93645,-15.55828],[-69.93664,-15.55775],[-69.93664,-15.55699],[-69.93718,-15.55653],[-69.93858,-15.55698],[-69.94013,-15.55707],[-69.94179,-15.5569],[-69.94273,-15.55648],[-69.94367,-15.55674],[-69.94383,-15.55748],[-69.94409,-15.558],[-69.94485,-15.55833],[-69.94548,-15.55891],[-69.94535,-15.55976],[-69.94518,-15.55996],[-69.94482,-15.56019],[-69.94394,-15.56108],[-69.94312,-15.56127],[-69.94265,-15.56151],[-69.94168,-15.56159],[-69.94073,-15.56143],[-69.93995,-15.56146],[-69.93995,-15.56173],[-69.94021,-15.56203],[-69.94062,-15.56227],[-69.94077,-15.56241],[-69.94082,-15.56249],[-69.94084,-15.56268],[-69.94083,-15.56271],[-69.94072,-15.56287],[-69.94059,-15.5634],[-69.94041,-15.5639],[-69.94005,-15.56463],[-69.93988,-15.56495],[-69.93945,-15.56541],[-69.93913,-15.56599],[-69.9388,-15.56585],[-69.93876,-15.56496],[-69.93889,-15.56465],[-69.93886,-15.56413],[-69.93868,-15.5636],[-69.93813,-15.56359],[-69.93733,-15.56405],[-69.93667,-15.56394],[-69.93595,-15.56348],[-69.93499,-15.56337],[-69.93263,-15.56297],[-69.93218,-15.56286],[-69.93134,-15.56257],[-69.9305,-15.56228],[-69.92966,-15.562],[-69.92884,-15.56172],[-69.92873,-15.56165],[-69.92819,-15.56122],[-69.92777,-15.56085],[-69.92728,-15.56073],[-69.92709,-15.5609],[-69.92705,-15.56112],[-69.92711,-15.56125],[-69.92741,-15.56175],[-69.92741,-15.56204],[-69.92724,-15.56242],[-69.92691,-15.56256],[-69.92667,-15.56258],[-69.92659,-15.56272],[-69.92664,-15.56294],[-69.92688,-15.5632],[-69.92686,-15.56334],[-69.92677,-15.56343],[-69.92656,-15.56352],[-69.92644,-15.56367],[-69.92649,-15.56385],[-69.92679,-15.56407],[-69.92704,-15.56426],[-69.92714,-15.56442],[-69.92712,-15.5646],[-69.92705,-15.56469],[-69.92692,-15.56479],[-69.92658,-15.56518],[-69.92638,-15.56529],[-69.92584,-15.5657],[-69.92574,-15.56586],[-69.9256,-15.56606],[-69.92552,-15.56616],[-69.92525,-15.56651],[-69.92462,-15.56666],[-69.92399,-15.56675],[-69.92327,-15.56692],[-69.92256,-15.56719],[-69.9222,-15.56714],[-69.92217,-15.56691],[-69.9224,-15.5667],[-69.9229,-15.56619],[-69.92315,-15.56595],[-69.9233,-15.56579],[-69.92355,-15.56558],[-69.92422,-15.56557],[-69.92443,-15.5655],[-69.92458,-15.56539],[-69.92455,-15.56504],[-69.92422,-15.56478],[-69.92351,-15.56484],[-69.92333,-15.56466],[-69.92315,-15.56454],[-69.92289,-15.56453],[-69.92272,-15.56461],[-69.92264,-15.56481],[-69.92257,-15.56498],[-69.92246,-15.56517],[-69.92171,-15.56524],[-69.92158,-15.56527],[-69.92149,-15.56535],[-69.92143,-15.56543],[-69.92139,-15.56552],[-69.92148,-15.56575],[-69.9216,-15.56583],[-69.92162,-15.56589],[-69.92162,-15.56599],[-69.92159,-15.56615],[-69.92129,-15.56638],[-69.92114,-15.56654],[-69.92102,-15.56691],[-69.92082,-15.56731],[-69.92051,-15.56797],[-69.92017,-15.56806],[-69.91998,-15.56772],[-69.91963,-15.56735],[-69.91929,-15.56738],[-69.91891,-15.56778],[-69.91801,-15.56834],[-69.91768,-15.56826],[-69.9172,-15.56759],[-69.91657,-15.56759],[-69.91634,-15.56777],[-69.91562,-15.5682],[-69.91521,-15.56867],[-69.91511,-15.5689],[-69.91509,-15.56972],[-69.91494,-15.57021],[-69.91498,-15.57053],[-69.91511,-15.57058],[-69.91565,-15.5706],[-69.91595,-15.57061],[-69.91658,-15.57056],[-69.91682,-15.57054],[-69.91745,-15.57047],[-69.91803,-15.57036],[-69.91861,-15.57029],[-69.91864,-15.57034],[-69.9189,-15.57058],[-69.91986,-15.57097],[-69.92268,-15.57062],[-69.92339,-15.57087],[-69.92523,-15.57056],[-69.92807,-15.57015],[-69.92958,-15.57089],[-69.92971,-15.57116],[-69.92942,-15.57132],[-69.92914,-15.57123],[-69.92897,-15.57121],[-69.92893,-15.57129],[-69.92895,-15.57138],[-69.92921,-15.57155],[-69.92947,-15.5719],[-69.93037,-15.5732],[-69.93049,-15.57489],[-69.93,-15.57492],[-69.9299,-15.57365],[-69.92928,-15.57324],[-69.92933,-15.57494],[-69.92866,-15.57515],[-69.92725,-15.5755],[-69.92719,-15.57529],[-69.92817,-15.57436],[-69.92875,-15.57371],[-69.92861,-15.57289],[-69.92821,-15.57351],[-69.92761,-15.57372],[-69.92735,-15.57349],[-69.92738,-15.5732],[-69.92805,-15.57236],[-69.92825,-15.5716],[-69.9279,-15.57138],[-69.9265,-15.57201],[-69.9257,-15.57403],[-69.9247,-15.57656],[-69.92578,-15.57791],[-69.92731,-15.57929],[-69.93034,-15.58025],[-69.9308,-15.58156],[-69.92983,-15.58285],[-69.92984,-15.58389],[-69.93008,-15.5842],[-69.93116,-15.58419],[-69.9318,-15.58452],[-69.93196,-15.58536],[-69.9326,-15.58618],[-69.93294,-15.58775],[-69.93291,-15.58917],[-69.93161,-15.58987],[-69.93091,-15.58905],[-69.93008,-15.58906],[-69.92943,-15.58881],[-69.9292,-15.58855],[-69.92898,-15.58871],[-69.92881,-15.58967],[-69.92836,-15.58977],[-69.92804,-15.58942],[-69.92762,-15.58684],[-69.9278,-15.5866],[-69.92851,-15.58702],[-69.9287,-15.58702],[-69.92903,-15.58491],[-69.92936,-15.58427],[-69.9293,-15.58398],[-69.92916,-15.58386],[-69.92865,-15.58393],[-69.92762,-15.58302],[-69.92716,-15.58289],[-69.92633,-15.58363],[-69.92622,-15.58365],[-69.92603,-15.5838],[-69.92594,-15.58396],[-69.92585,-15.58483],[-69.92515,-15.58577],[-69.92523,-15.58602],[-69.92578,-15.58621],[-69.92553,-15.58726],[-69.92518,-15.58723],[-69.9251,-15.58657],[-69.92497,-15.58643],[-69.92379,-15.58789],[-69.92381,-15.58836],[-69.92456,-15.58856],[-69.9249,-15.58888],[-69.9243,-15.59035],[-69.92198,-15.59107],[-69.92102,-15.59144],[-69.92005,-15.59143],[-69.91859,-15.59081],[-69.91778,-15.591],[-69.91753,-15.5916],[-69.91801,-15.59232],[-69.91845,-15.59341],[-69.91876,-15.59415],[-69.91916,-15.59517],[-69.91939,-15.59626],[-69.92012,-15.59707],[-69.92084,-15.59738],[-69.92148,-15.59715],[-69.92159,-15.59758],[-69.92114,-15.59806],[-69.92113,-15.59831],[-69.92134,-15.5985],[-69.92182,-15.59871],[-69.92185,-15.59921],[-69.92246,-15.60038],[-69.92233,-15.60186],[-69.92207,-15.60243],[-69.92153,-15.60259],[-69.92152,-15.60289],[-69.92224,-15.60413],[-69.92236,-15.60447],[-69.92211,-15.60482],[-69.92214,-15.60519],[-69.92255,-15.60611],[-69.92326,-15.60608],[-69.92351,-15.6067],[-69.92396,-15.60817],[-69.92412,-15.60822],[-69.92423,-15.60804],[-69.92467,-15.60608],[-69.92453,-15.60503],[-69.92463,-15.60475],[-69.92498,-15.60476],[-69.92545,-15.60522],[-69.92619,-15.60514],[-69.92631,-15.60556],[-69.92558,-15.60628],[-69.92535,-15.60755],[-69.92591,-15.60864],[-69.92684,-15.6084],[-69.927,-15.60826],[-69.92704,-15.60818],[-69.92703,-15.60808],[-69.92699,-15.60805],[-69.92637,-15.6077],[-69.9265,-15.60732],[-69.92722,-15.60766],[-69.92784,-15.60765],[-69.92884,-15.60683],[-69.92874,-15.6059],[-69.9288,-15.60574],[-69.92885,-15.60567],[-69.92899,-15.60561],[-69.92913,-15.60563],[-69.92946,-15.6064],[-69.92978,-15.60659],[-69.9308,-15.60685],[-69.93088,-15.6069],[-69.93094,-15.607],[-69.93098,-15.60725],[-69.93096,-15.60733],[-69.93067,-15.60755],[-69.92979,-15.60763],[-69.92863,-15.60791],[-69.92768,-15.60869],[-69.92765,-15.60891],[-69.92759,-15.60914],[-69.92743,-15.60934],[-69.92739,-15.60947],[-69.92749,-15.60968],[-69.92761,-15.60979],[-69.92829,-15.6101],[-69.92835,-15.61013],[-69.92842,-15.61026],[-69.92844,-15.61042],[-69.92844,-15.61049],[-69.92845,-15.61067],[-69.92867,-15.61091],[-69.92899,-15.61094],[-69.92926,-15.61122],[-69.92942,-15.61185],[-69.92989,-15.61256],[-69.9302,-15.61295],[-69.93021,-15.6132],[-69.93053,-15.61377],[-69.93089,-15.61425],[-69.93085,-15.61493],[-69.93094,-15.61527],[-69.93071,-15.6166],[-69.93104,-15.61789],[-69.93046,-15.61719],[-69.93022,-15.6171],[-69.92995,-15.61683],[-69.92998,-15.61641],[-69.92983,-15.61604],[-69.92948,-15.61588],[-69.92916,-15.61531],[-69.92784,-15.6133],[-69.92745,-15.61294],[-69.92694,-15.61344],[-69.92562,-15.61372],[-69.92532,-15.61377],[-69.92512,-15.61332],[-69.92433,-15.61214],[-69.92275,-15.61146],[-69.92156,-15.61148],[-69.91937,-15.61202],[-69.91719,-15.61355],[-69.91596,-15.61551],[-69.91532,-15.61628],[-69.91379,-15.61756],[-69.91358,-15.61865],[-69.91418,-15.61861],[-69.91436,-15.61871],[-69.91433,-15.61902],[-69.91404,-15.61945],[-69.91421,-15.62079],[-69.91369,-15.62154],[-69.91366,-15.62185],[-69.9139,-15.62216],[-69.91441,-15.62277],[-69.91512,-15.62393],[-69.9155,-15.62396],[-69.91645,-15.62329],[-69.91688,-15.62368],[-69.91693,-15.62409],[-69.91655,-15.62417],[-69.91636,-15.62429],[-69.91634,-15.62455],[-69.91636,-15.62483],[-69.91687,-15.62539],[-69.9174,-15.62542],[-69.9175,-15.62559],[-69.91758,-15.62589],[-69.91814,-15.62659],[-69.91787,-15.6268],[-69.91631,-15.62594],[-69.91601,-15.62596],[-69.91596,-15.6267],[-69.91589,-15.62678],[-69.91585,-15.62699],[-69.91589,-15.62721],[-69.91603,-15.62742],[-69.91616,-15.62757],[-69.91628,-15.62774],[-69.9163,-15.62805],[-69.91632,-15.62841],[-69.91636,-15.62848],[-69.91647,-15.62859],[-69.9166,-15.62868],[-69.91747,-15.62882],[-69.91833,-15.62927],[-69.9191,-15.63036],[-69.91983,-15.63118],[-69.92079,-15.6322],[-69.92212,-15.63206],[-69.92465,-15.63001],[-69.92514,-15.62987],[-69.92556,-15.63024],[-69.92571,-15.63237],[-69.92602,-15.63285],[-69.92632,-15.63312],[-69.92662,-15.63402],[-69.92642,-15.63538],[-69.9257,-15.6364],[-69.92603,-15.63911],[-69.92683,-15.64087],[-69.92696,-15.64163],[-69.92668,-15.64192],[-69.92608,-15.64214],[-69.92593,-15.64317],[-69.92613,-15.64383],[-69.92627,-15.64455],[-69.92727,-15.64518],[-69.92842,-15.64576],[-69.93025,-15.64633],[-69.93237,-15.64757],[-69.93321,-15.64843],[-69.93384,-15.64978],[-69.9354,-15.65343],[-69.9359,-15.65424],[-69.93624,-15.65426],[-69.93644,-15.6539],[-69.93668,-15.65389],[-69.93698,-15.65419],[-69.93725,-15.65415],[-69.93756,-15.65377],[-69.938,-15.65415],[-69.93819,-15.65468],[-69.93845,-15.65472],[-69.93902,-15.65443],[-69.93913,-15.65424],[-69.93885,-15.65343],[-69.93892,-15.65277],[-69.93905,-15.6526],[-69.93908,-15.65261],[-69.93936,-15.65283],[-69.93939,-15.65304],[-69.93994,-15.65451],[-69.9401,-15.65466],[-69.94012,-15.6549],[-69.93999,-15.655],[-69.93987,-15.65545],[-69.94017,-15.6563],[-69.93973,-15.6566],[-69.93932,-15.65626],[-69.93894,-15.65614],[-69.93875,-15.65595],[-69.9387,-15.65576],[-69.93863,-15.65567],[-69.93849,-15.65555],[-69.93837,-15.65543],[-69.93823,-15.65538],[-69.9375,-15.65528],[-69.93724,-15.65506],[-69.9369,-15.65481],[-69.93685,-15.65481],[-69.93608,-15.65511],[-69.93541,-15.65553],[-69.93561,-15.65591],[-69.93607,-15.65698],[-69.93696,-15.65716],[-69.93708,-15.6572],[-69.9374,-15.65742],[-69.93751,-15.65758],[-69.93836,-15.65794],[-69.94072,-15.65734],[-69.94084,-15.65761],[-69.94045,-15.658],[-69.94008,-15.65849],[-69.9399,-15.65922],[-69.94025,-15.6613],[-69.94018,-15.66247],[-69.9396,-15.66361],[-69.94014,-15.66398],[-69.94134,-15.66451],[-69.9432,-15.66568],[-69.94535,-15.66878],[-69.94624,-15.67078],[-69.94679,-15.67157],[-69.94866,-15.67144],[-69.95034,-15.67032],[-69.9506,-15.67052],[-69.95035,-15.67123],[-69.94858,-15.67226],[-69.94728,-15.67275],[-69.94729,-15.67355],[-69.94825,-15.67503],[-69.94951,-15.67542],[-69.95065,-15.67466],[-69.95217,-15.67314],[-69.9545,-15.67156],[-69.95678,-15.67068],[-69.95702,-15.67042],[-69.95678,-15.67024],[-69.95592,-15.67028],[-69.95505,-15.66983],[-69.95438,-15.66899],[-69.95436,-15.66883],[-69.95497,-15.6691],[-69.95517,-15.66901],[-69.95517,-15.66877],[-69.9553,-15.66838],[-69.95545,-15.66805],[-69.9552,-15.66791],[-69.9551,-15.66787],[-69.95487,-15.66774],[-69.95472,-15.66756],[-69.95469,-15.66725],[-69.95474,-15.66702],[-69.95493,-15.6668],[-69.95507,-15.66677],[-69.95638,-15.66621],[-69.95774,-15.66569],[-69.95814,-15.66487],[-69.95843,-15.66384],[-69.95862,-15.66371],[-69.95878,-15.66375],[-69.9586,-15.66479],[-69.95854,-15.66567],[-69.95886,-15.66568],[-69.9592,-15.66466],[-69.95982,-15.66363],[-69.95991,-15.66354],[-69.96012,-15.66347],[-69.96023,-15.66348],[-69.96027,-15.66359],[-69.96029,-15.66369],[-69.96024,-15.66378],[-69.96004,-15.66447],[-69.9601,-15.66467],[-69.96021,-15.6648],[-69.96093,-15.66503],[-69.96186,-15.66594],[-69.96196,-15.66695],[-69.9617,-15.66837],[-69.96212,-15.66903],[-69.96271,-15.66945],[-69.96479,-15.66948],[-69.96504,-15.66925],[-69.96513,-15.66909],[-69.96514,-15.66887],[-69.9651,-15.6688],[-69.96498,-15.66868],[-69.9635,-15.66874],[-69.96295,-15.66879],[-69.96231,-15.66849],[-69.96225,-15.66806],[-69.96323,-15.6676],[-69.96406,-15.66648],[-69.96578,-15.66518],[-69.96686,-15.66508],[-69.96759,-15.66619],[-69.96753,-15.66778],[-69.96666,-15.66839],[-69.96503,-15.66983],[-69.96242,-15.66967],[-69.9617,-15.66984],[-69.96142,-15.67037],[-69.96294,-15.67191],[-69.96364,-15.67311],[-69.96351,-15.67444],[-69.96285,-15.67579],[-69.96193,-15.6771],[-69.96166,-15.67861],[-69.9618,-15.67941],[-69.96259,-15.67975],[-69.96373,-15.67931],[-69.96514,-15.67826],[-69.96673,-15.67775],[-69.96806,-15.67792],[-69.96815,-15.67805],[-69.96795,-15.67819],[-69.9657,-15.67865],[-69.96491,-15.67905],[-69.96345,-15.68005],[-69.96016,-15.68161],[-69.96007,-15.68211],[-69.96044,-15.68372],[-69.96121,-15.684],[-69.96158,-15.6843],[-69.96123,-15.68487],[-69.95931,-15.6851],[-69.95733,-15.68569],[-69.95634,-15.6864],[-69.95559,-15.68655],[-69.95512,-15.68721],[-69.95513,-15.68756],[-69.9555,-15.68767],[-69.95863,-15.68681],[-69.96098,-15.6868],[-69.96267,-15.68711],[-69.96317,-15.68717],[-69.9634,-15.68742],[-69.96362,-15.6876],[-69.96365,-15.68776],[-69.9634,-15.68802],[-69.96279,-15.68822],[-69.96262,-15.68842],[-69.9624,-15.68867],[-69.96221,-15.68877],[-69.96207,-15.68853],[-69.96182,-15.6881],[-69.96172,-15.68801],[-69.96148,-15.68806],[-69.96134,-15.68824],[-69.96111,-15.68826],[-69.96082,-15.688],[-69.96077,-15.68793],[-69.96063,-15.68782],[-69.96043,-15.68778],[-69.96015,-15.68795],[-69.96009,-15.68806],[-69.96003,-15.6881],[-69.95996,-15.68809],[-69.95847,-15.68756],[-69.95706,-15.68785],[-69.95605,-15.68802],[-69.95612,-15.68858],[-69.95625,-15.68972],[-69.95637,-15.68983],[-69.95656,-15.68987],[-69.95679,-15.68999],[-69.95686,-15.69007],[-69.9571,-15.69038],[-69.95754,-15.6906],[-69.95807,-15.69085],[-69.95878,-15.69088],[-69.95891,-15.69097],[-69.95916,-15.69116],[-69.95941,-15.69126],[-69.95991,-15.69139],[-69.96016,-15.69148],[-69.96031,-15.69163],[-69.96037,-15.69177],[-69.96066,-15.69234],[-69.9609,-15.6926],[-69.9611,-15.69282],[-69.96125,-15.69277],[-69.96133,-15.69261],[-69.96148,-15.69232],[-69.96198,-15.69177],[-69.96215,-15.69183],[-69.96243,-15.69196],[-69.96254,-15.69197],[-69.96266,-15.69192],[-69.96307,-15.69164],[-69.96367,-15.6915],[-69.96435,-15.6916],[-69.96446,-15.69174],[-69.9643,-15.69225],[-69.96426,-15.69282],[-69.96466,-15.69351],[-69.9647,-15.69373],[-69.96453,-15.69399],[-69.96437,-15.6942],[-69.9639,-15.6943],[-69.96292,-15.6941],[-69.96261,-15.69441],[-69.96266,-15.69484],[-69.96294,-15.69536],[-69.96275,-15.69602],[-69.96202,-15.69639],[-69.96189,-15.69669],[-69.96196,-15.69711],[-69.963,-15.69783],[-69.96347,-15.69975],[-69.96457,-15.70128],[-69.96528,-15.7016],[-69.96709,-15.70126],[-69.96847,-15.70175],[-69.96926,-15.70256],[-69.97005,-15.70396],[-69.97087,-15.70458],[-69.97273,-15.70476],[-69.97328,-15.7051],[-69.97403,-15.70535],[-69.97489,-15.70528],[-69.97774,-15.70361],[-69.98199,-15.70205],[-69.98398,-15.70076],[-69.98536,-15.69819],[-69.98528,-15.69677],[-69.9859,-15.69566],[-69.98746,-15.69452],[-69.98795,-15.69385],[-69.98849,-15.69234],[-69.98969,-15.69055],[-69.99048,-15.69028],[-69.9922,-15.69176],[-69.99306,-15.69185],[-69.99409,-15.69109],[-69.99622,-15.68895],[-69.99758,-15.68806],[-69.99915,-15.68695],[-70.0,-15.68684],[-70.00082,-15.68753],[-70.00119,-15.6877],[-70.00169,-15.68777],[-70.0019,-15.68794],[-70.0022,-15.68828],[-70.00237,-15.68859],[-70.0027,-15.68875],[-70.00298,-15.68875],[-70.00413,-15.68918],[-70.0051,-15.68916],[-70.00622,-15.6889],[-70.00735,-15.68842],[-70.00955,-15.68696],[-70.01067,-15.68657],[-70.0113,-15.68658],[-70.01159,-15.68665],[-70.01176,-15.68684],[-70.01217,-15.68715],[-70.01295,-15.68789],[-70.0131,-15.68813],[-70.01327,-15.68842],[-70.01349,-15.68878],[-70.01451,-15.68949],[-70.01534,-15.68991],[-70.01611,-15.69012],[-70.01708,-15.69052],[-70.01827,-15.69167],[-70.01863,-15.69211],[-70.01869,-15.69231],[-70.01906,-15.69311],[-70.01943,-15.69426],[-70.01982,-15.69518],[-70.01994,-15.69596],[-70.01913,-15.69719],[-70.01828,-15.69784],[-70.01853,-15.69825],[-70.0196,-15.6983],[-70.02011,-15.69912],[-70.02043,-15.70004],[-70.02065,-15.70041],[-70.02081,-15.70065],[-70.02116,-15.70106],[-70.02132,-15.70127],[-70.02125,-15.70204],[-70.02113,-15.70248],[-70.02107,-15.70292],[-70.02161,-15.7033],[-70.02194,-15.70348],[-70.02238,-15.70367],[-70.02271,-15.70351],[-70.02291,-15.70336],[-70.0231,-15.7034],[-70.02325,-15.70352],[-70.02319,-15.70372],[-70.02315,-15.70391],[-70.02349,-15.70444],[-70.02386,-15.70459],[-70.02399,-15.7048],[-70.02404,-15.70498],[-70.02382,-15.70596],[-70.02374,-15.70619],[-70.02344,-15.70691],[-70.02421,-15.70743],[-70.02437,-15.7071],[-70.02462,-15.70624],[-70.02477,-15.70557],[-70.0252,-15.70517],[-70.02642,-15.70556],[-70.02653,-15.70566],[-70.02731,-15.70631],[-70.02788,-15.7068],[-70.02799,-15.707],[-70.02765,-15.70755],[-70.02752,-15.70762],[-70.02719,-15.70773],[-70.02699,-15.70783],[-70.02664,-15.70806],[-70.02639,-15.70893],[-70.02637,-15.70926],[-70.02648,-15.70964],[-70.02669,-15.70974],[-70.02688,-15.70983],[-70.02717,-15.70969],[-70.02731,-15.70961],[-70.02736,-15.70949],[-70.02736,-15.70864],[-70.02759,-15.70839],[-70.02776,-15.70843],[-70.02815,-15.70871],[-70.02863,-15.7093],[-70.02989,-15.70929],[-70.03041,-15.70938],[-70.03064,-15.71008],[-70.03062,-15.7105],[-70.03035,-15.711],[-70.02991,-15.7118],[-70.0308,-15.71262],[-70.03088,-15.71302],[-70.03048,-15.7136],[-70.03017,-15.71393],[-70.03015,-15.71407],[-70.03034,-15.71455],[-70.03068,-15.71495],[-70.03077,-15.71529],[-70.03031,-15.71593],[-70.02964,-15.71663],[-70.02941,-15.71701],[-70.02946,-15.71732],[-70.0296,-15.71748],[-70.03026,-15.71735],[-70.03122,-15.71742],[-70.03149,-15.71773],[-70.03151,-15.7183],[-70.03154,-15.71927],[-70.03197,-15.71982],[-70.03262,-15.72046],[-70.03307,-15.72153],[-70.03418,-15.72262],[-70.03412,-15.72312],[-70.03331,-15.72399],[-70.03255,-15.72472],[-70.03228,-15.72544],[-70.03202,-15.72592],[-70.03176,-15.7263],[-70.03105,-15.72738],[-70.03095,-15.72819],[-70.03009,-15.72871],[-70.02989,-15.72903],[-70.02998,-15.72929],[-70.03053,-15.72932],[-70.03076,-15.72946],[-70.0306,-15.73001],[-70.03021,-15.7303],[-70.03003,-15.73067],[-70.02964,-15.73157],[-70.02952,-15.73172],[-70.02915,-15.7318],[-70.02876,-15.73151],[-70.02861,-15.73068],[-70.02834,-15.72991],[-70.02792,-15.72968],[-70.02744,-15.72982],[-70.02689,-15.7302],[-70.02663,-15.73061],[-70.02654,-15.73163],[-70.02637,-15.73194],[-70.02577,-15.73296],[-70.02577,-15.73347],[-70.02532,-15.73421],[-70.02517,-15.73479],[-70.02529,-15.735],[-70.02553,-15.73537],[-70.02534,-15.73654],[-70.02495,-15.73744],[-70.02508,-15.7377],[-70.02564,-15.73752],[-70.02625,-15.73723],[-70.02653,-15.73747],[-70.02647,-15.73786],[-70.02627,-15.73865],[-70.02668,-15.73907],[-70.02669,-15.73928],[-70.0265,-15.73957],[-70.02583,-15.73988],[-70.0261,-15.74036],[-70.02605,-15.74061],[-70.02535,-15.74072],[-70.02509,-15.74089],[-70.025,-15.74151],[-70.02446,-15.74163],[-70.02421,-15.74163],[-70.02387,-15.7421],[-70.02394,-15.74245],[-70.02458,-15.74276],[-70.02504,-15.74296],[-70.02533,-15.74361],[-70.02549,-15.74391],[-70.02532,-15.7446],[-70.02485,-15.74471],[-70.02501,-15.74496],[-70.02614,-15.74519],[-70.02711,-15.74512],[-70.02769,-15.74483],[-70.02775,-15.74432],[-70.02785,-15.74409],[-70.02807,-15.74416],[-70.02823,-15.74475],[-70.02842,-15.74506],[-70.02925,-15.74506],[-70.0294,-15.74526],[-70.0293,-15.74554],[-70.02936,-15.74589],[-70.02977,-15.74629],[-70.03053,-15.74649],[-70.03114,-15.74634],[-70.03206,-15.74675],[-70.03299,-15.74731],[-70.03299,-15.74765],[-70.03284,-15.74886],[-70.03263,-15.74984],[-70.03241,-15.75027],[-70.03253,-15.75064],[-70.03386,-15.75073],[-70.03422,-15.75094],[-70.03429,-15.75151],[-70.03463,-15.75249],[-70.03492,-15.753],[-70.03522,-15.75348],[-70.03572,-15.7541],[-70.0357,-15.75499],[-70.03494,-15.75615],[-70.03492,-15.75655],[-70.03526,-15.75716],[-70.03494,-15.7578],[-70.03497,-15.75834],[-70.03536,-15.75963],[-70.03508,-15.76048],[-70.03359,-15.76268],[-70.03281,-15.76324],[-70.03262,-15.76342],[-70.03259,-15.76371],[-70.0331,-15.76397],[-70.03441,-15.76403],[-70.03466,-15.76418],[-70.035,-15.76479],[-70.03468,-15.76494],[-70.03355,-15.76522],[-70.03349,-15.76551],[-70.03415,-15.76563],[-70.03409,-15.76656],[-70.03496,-15.76769],[-70.03503,-15.76896],[-70.03455,-15.76957],[-70.03407,-15.77003],[-70.03347,-15.77071],[-70.03286,-15.77144],[-70.03227,-15.77155],[-70.03184,-15.77134],[-70.03128,-15.7715],[-70.03099,-15.77205],[-70.03075,-15.77244],[-70.03015,-15.77234],[-70.02945,-15.77244],[-70.02849,-15.77385],[-70.02831,-15.77418],[-70.02798,-15.77497],[-70.02782,-15.77696],[-70.02752,-15.77846],[-70.02754,-15.77888],[-70.02734,-15.77952],[-70.02707,-15.77974],[-70.02689,-15.78001],[-70.02645,-15.78077],[-70.02619,-15.78094],[-70.0257,-15.78058],[-70.02545,-15.78062],[-70.02525,-15.78093],[-70.02496,-15.78122],[-70.02524,-15.7815],[-70.0254,-15.78176],[-70.02518,-15.7821],[-70.02484,-15.78237],[-70.02446,-15.78265],[-70.02419,-15.78275],[-70.02392,-15.78306],[-70.02407,-15.78351],[-70.02457,-15.78359],[-70.02488,-15.78372],[-70.02493,-15.78394],[-70.02463,-15.78432],[-70.02482,-15.78474],[-70.02473,-15.78538],[-70.02446,-15.78611],[-70.02429,-15.78642],[-70.02411,-15.78688],[-70.02302,-15.7879],[-70.02248,-15.78802],[-70.02126,-15.78825],[-70.02062,-15.78841],[-70.01947,-15.78937],[-70.01909,-15.79045],[-70.01895,-15.79156],[-70.01868,-15.79187],[-70.01797,-15.79218],[-70.01743,-15.79242],[-70.01707,-15.79287],[-70.01664,-15.79321],[-70.01572,-15.79287],[-70.0152,-15.79282],[-70.01492,-15.79326],[-70.01366,-15.7937],[-70.01245,-15.79413],[-70.01212,-15.79408],[-70.01192,-15.79314],[-70.01201,-15.79201],[-70.01241,-15.79156],[-70.01308,-15.79093],[-70.01346,-15.79014],[-70.01329,-15.7897],[-70.01291,-15.78949],[-70.01209,-15.78964],[-70.01101,-15.79087],[-70.01041,-15.79143],[-70.01007,-15.79156],[-70.00951,-15.79182],[-70.00864,-15.79195],[-70.00826,-15.79174],[-70.00809,-15.79145],[-70.00791,-15.7908],[-70.0078,-15.78933],[-70.00748,-15.78903],[-70.0069,-15.78901],[-70.00529,-15.78935],[-70.00391,-15.79116],[-70.00272,-15.79264],[-70.00117,-15.79663],[-70.0006,-15.79861],[-69.99974,-15.80027],[-69.99845,-15.80095],[-69.99738,-15.80156],[-69.99615,-15.80239],[-69.99489,-15.80217],[-69.99357,-15.80309],[-69.99256,-15.80541],[-69.99167,-15.80728],[-69.99185,-15.8084],[-69.99118,-15.80955],[-69.99102,-15.81087],[-69.99238,-15.81312],[-69.99211,-15.81417],[-69.992,-15.81507],[-69.99122,-15.81551],[-69.99054,-15.81591],[-69.98996,-15.81672],[-69.98924,-15.81769],[-69.98872,-15.81876],[-69.98871,-15.81934],[-69.98942,-15.8204],[-69.99095,-15.82129],[-69.99289,-15.82225],[-69.99395,-15.82319],[-69.99565,-15.82416],[-69.99813,-15.82478],[-69.99963,-15.8248],[-70.00079,-15.82508],[-70.00178,-15.82495],[-70.00262,-15.82412],[-70.00311,-15.82382],[-70.00396,-15.82382],[-70.00599,-15.82458],[-70.00694,-15.82474],[-70.00785,-15.82604],[-70.00837,-15.82669],[-70.00912,-15.827],[-70.00948,-15.82694],[-70.00966,-15.82667],[-70.00978,-15.82645],[-70.01041,-15.82616],[-70.01102,-15.82713],[-70.01128,-15.8275],[-70.01173,-15.82745],[-70.0124,-15.82722],[-70.0129,-15.82744],[-70.01358,-15.8276],[-70.01467,-15.82814],[-70.01583,-15.82889],[-70.01664,-15.82921],[-70.01826,-15.8297],[-70.01861,-15.83051],[-70.01831,-15.83142],[-70.01896,-15.83319],[-70.0191,-15.83408],[-70.01835,-15.83446],[-70.01734,-15.83459],[-70.01716,-15.83501],[-70.01632,-15.83527],[-70.01572,-15.83474],[-70.01543,-15.83447],[-70.01468,-15.83406],[-70.01429,-15.83428],[-70.01448,-15.83507],[-70.01372,-15.83613],[-70.01368,-15.83659],[-70.0151,-15.83727],[-70.01704,-15.83765],[-70.01737,-15.83773],[-70.01773,-15.83783],[-70.01832,-15.83833],[-70.01837,-15.83863],[-70.0182,-15.83898],[-70.0179,-15.8397],[-70.01747,-15.8404],[-70.01712,-15.84073],[-70.01612,-15.84135],[-70.01623,-15.84184],[-70.01646,-15.84205],[-70.01688,-15.84235],[-70.01699,-15.84276],[-70.01709,-15.8438],[-70.01754,-15.84468],[-70.01742,-15.84547],[-70.01706,-15.84595],[-70.01585,-15.84645],[-70.01531,-15.84747],[-70.0153,-15.84871],[-70.01523,-15.85008],[-70.01478,-15.85097],[-70.01406,-15.85106],[-70.01239,-15.85151],[-70.01111,-15.85153],[-70.00898,-15.85125],[-70.00855,-15.85193],[-70.00798,-15.85208],[-70.00697,-15.85182],[-70.00632,-15.85226],[-70.00538,-15.85245],[-70.00513,-15.85258],[-70.00423,-15.85326],[-70.00323,-15.85332],[-70.00271,-15.8536],[-70.00275,-15.85439],[-70.00319,-15.85581],[-70.0015,-15.85744],[-70.00181,-15.85843],[-70.00106,-15.8602],[-70.0,-15.86098],[-69.99981,-15.86114],[-69.99895,-15.86253],[-69.99727,-15.86369],[-69.99625,-15.86399],[-69.99442,-15.86397],[-69.99377,-15.86374],[-69.99321,-15.86368],[-69.9923,-15.86371],[-69.99142,-15.86358],[-69.99097,-15.86328],[-69.99081,-15.86314],[-69.99062,-15.86291],[-69.99058,-15.86257],[-69.99046,-15.86103],[-69.99,-15.86091],[-69.98968,-15.86125],[-69.98951,-15.86206],[-69.98942,-15.86217],[-69.98925,-15.86221],[-69.98912,-15.8622],[-69.98896,-15.86183],[-69.9889,-15.8616],[-69.98875,-15.86152],[-69.98851,-15.86174],[-69.98837,-15.862],[-69.98806,-15.86213],[-69.98755,-15.86175],[-69.98725,-15.86173],[-69.9868,-15.86205],[-69.98646,-15.86176],[-69.98634,-15.86166],[-69.98608,-15.86151],[-69.98596,-15.86149],[-69.98574,-15.86151],[-69.98547,-15.86169],[-69.98511,-15.86181],[-69.98468,-15.86152],[-69.98429,-15.86162],[-69.98377,-15.8615],[-69.98307,-15.8604],[-69.98213,-15.85851],[-69.98196,-15.85792],[-69.98177,-15.85766],[-69.98155,-15.85749],[-69.98105,-15.85676],[-69.98064,-15.85647],[-69.98018,-15.85645],[-69.97983,-15.85632],[-69.97963,-15.85619],[-69.97944,-15.85604],[-69.97934,-15.85583],[-69.97912,-15.85563],[-69.97815,-15.85502],[-69.977,-15.85457],[-69.97599,-15.85362],[-69.9745,-15.85287],[-69.97245,-15.85278],[-69.97114,-15.85208],[-69.97108,-15.85205],[-69.97098,-15.85204],[-69.97087,-15.85205],[-69.97078,-15.85209],[-69.97044,-15.85226],[-69.97006,-15.85211],[-69.96992,-15.85208],[-69.96978,-15.85211],[-69.96977,-15.85213],[-69.96806,-15.85237],[-69.96741,-15.85172],[-69.9672,-15.85162],[-69.96707,-15.85166],[-69.96699,-15.85174],[-69.96696,-15.85179],[-69.96663,-15.85254],[-69.96553,-15.85252],[-69.96483,-15.85246],[-69.96468,-15.85234],[-69.9647,-15.85223],[-69.96478,-15.85219],[-69.96485,-15.85212],[-69.96482,-15.85173],[-69.96431,-15.85149],[-69.964,-15.85136],[-69.964,-15.85127],[-69.96408,-15.85113],[-69.9643,-15.85087],[-69.96425,-15.85072],[-69.96407,-15.85064],[-69.96374,-15.85062],[-69.96246,-15.85209],[-69.96095,-15.85412],[-69.9584,-15.85645],[-69.9567,-15.85791],[-69.95569,-15.85885],[-69.9545,-15.85937],[-69.95423,-15.85978],[-69.9539,-15.86011],[-69.95344,-15.86054],[-69.95304,-15.86074],[-69.95276,-15.86097],[-69.95243,-15.86133],[-69.95212,-15.86169],[-69.95173,-15.86187],[-69.94985,-15.8626],[-69.94733,-15.86296],[-69.94178,-15.86479],[-69.94039,-15.86503],[-69.93977,-15.86533],[-69.93965,-15.86546],[-69.93952,-15.86564],[-69.93951,-15.8657],[-69.93942,-15.86595],[-69.93909,-15.86629],[-69.93884,-15.86637],[-69.93714,-15.867],[-69.93639,-15.86706],[-69.93396,-15.86859],[-69.93219,-15.86956],[-69.93108,-15.87046],[-69.92809,-15.87124],[-69.92672,-15.87174],[-69.92633,-15.87183],[-69.92578,-15.87197],[-69.92552,-15.87213],[-69.92423,-15.87345],[-69.92319,-15.87338],[-69.9225,-15.87296],[-69.92232,-15.87296],[-69.92216,-15.87319],[-69.92198,-15.87356],[-69.92105,-15.87444],[-69.92065,-15.87558],[-69.9199,-15.87647],[-69.91985,-15.87682],[-69.9201,-15.87715],[-69.92027,-15.87753],[-69.92034,-15.87822],[-69.92065,-15.87895],[-69.92021,-15.87953],[-69.91891,-15.88009],[-69.91781,-15.87996],[-69.91577,-15.87964],[-69.91512,-15.8794],[-69.91402,-15.87962],[-69.9136,-15.88086],[-69.91157,-15.88189],[-69.91072,-15.88239],[-69.90859,-15.88262],[-69.90826,-15.88276],[-69.9081,-15.8828],[-69.90778,-15.88272],[-69.90612,-15.8817],[-69.90524,-15.88183],[-69.90396,-15.88279],[-69.90216,-15.88294],[-69.90087,-15.88286],[-69.90034,-15.88378],[-69.8994,-15.88451],[-69.89889,-15.88482],[-69.89799,-15.88452],[-69.89721,-15.88401],[-69.8955,-15.8829],[-69.89358,-15.88193],[-69.8934,-15.88179],[-69.89325,-15.88175],[-69.89312,-15.88205],[-69.89312,-15.88248],[-69.8931,-15.8826],[-69.89297,-15.88267],[-69.89281,-15.88263],[-69.89257,-15.88219],[-69.8922,-15.8821],[-69.89164,-15.88233],[-69.89153,-15.88361],[-69.89144,-15.884],[-69.89117,-15.88435],[-69.89074,-15.88454],[-69.89001,-15.8849],[-69.88969,-15.88512],[-69.88899,-15.88552],[-69.8884,-15.88605],[-69.88752,-15.88682],[-69.88473,-15.88852],[-69.88277,-15.89056],[-69.88271,-15.89152],[-69.88328,-15.89236],[-69.88347,-15.89281],[-69.88366,-15.89309],[-69.88385,-15.8933],[-69.88383,-15.89361],[-69.8837,-15.89381],[-69.88367,-15.89406],[-69.88369,-15.89429],[-69.88387,-15.89453],[-69.88393,-15.8946],[-69.88393,-15.89474],[-69.88391,-15.89478],[-69.88377,-15.89496],[-69.88361,-15.89511],[-69.88352,-15.89518],[-69.8835,-15.8954],[-69.88345,-15.89618],[-69.88351,-15.89653],[-69.88345,-15.89672],[-69.88329,-15.89688],[-69.88315,-15.89699],[-69.88308,-15.89716],[-69.88318,-15.89731],[-69.88336,-15.89746],[-69.88335,-15.89798],[-69.8831,-15.89818],[-69.88303,-15.89836],[-69.88318,-15.89857],[-69.8837,-15.89935],[-69.8842,-15.90126],[-69.88431,-15.90166],[-69.88449,-15.90218],[-69.88447,-15.90247],[-69.88441,-15.9026],[-69.88418,-15.90306],[-69.88265,-15.90515],[-69.88229,-15.9059],[-69.88107,-15.90682],[-69.88055,-15.90783],[-69.87885,-15.90945],[-69.87733,-15.91006],[-69.87707,-15.91082],[-69.87732,-15.91144],[-69.87716,-15.9118],[-69.87536,-15.91228],[-69.87462,-15.91268],[-69.87453,-15.91313],[-69.87442,-15.91347],[-69.87417,-15.91375],[-69.87399,-15.91384],[-69.87279,-15.91387],[-69.87213,-15.91382],[-69.87087,-15.91442],[-69.87,-15.91649],[-69.8693,-15.91662],[-69.86873,-15.91573],[-69.86859,-15.91562],[-69.86844,-15.91558],[-69.86831,-15.91584],[-69.86827,-15.91635],[-69.86814,-15.9183],[-69.86744,-15.9192],[-69.86708,-15.92023],[-69.86601,-15.9244],[-69.8659,-15.92744],[-69.86567,-15.92803],[-69.86498,-15.9285],[-69.86368,-15.9285],[-69.8627,-15.92814],[-69.86242,-15.92834],[-69.86244,-15.92864],[-69.86351,-15.92971],[-69.86353,-15.93007],[-69.86237,-15.93018],[-69.86111,-15.93121],[-69.85987,-15.93165],[-69.85846,-15.93119],[-69.85769,-15.92985],[-69.85642,-15.92869],[-69.85597,-15.92863],[-69.85491,-15.92894],[-69.85428,-15.92839],[-69.85341,-15.92789],[-69.85304,-15.92802],[-69.85195,-15.92982],[-69.84949,-15.93257],[-69.8479,-15.93307],[-69.84582,-15.93351],[-69.8456,-15.93344],[-69.8453,-15.93284],[-69.84635,-15.93075],[-69.8465,-15.93004],[-69.84598,-15.92914],[-69.84754,-15.92828],[-69.84873,-15.92682],[-69.84944,-15.92601],[-69.84886,-15.92514],[-69.84639,-15.92213],[-69.84405,-15.92023],[-69.8429,-15.91885],[-69.84289,-15.91725],[-69.8433,-15.91569],[-69.84452,-15.91368],[-69.84649,-15.90992],[-69.84624,-15.90953],[-69.84583,-15.90975],[-69.84462,-15.91094],[-69.84349,-15.91308],[-69.84288,-15.91356],[-69.84136,-15.91604],[-69.84123,-15.91628],[-69.84127,-15.91668],[-69.84165,-15.9167],[-69.84167,-15.91671],[-69.84172,-15.91674],[-69.84175,-15.91675],[-69.84178,-15.91678],[-69.84181,-15.91685],[-69.84181,-15.91689],[-69.84173,-15.91724],[-69.84168,-15.91734],[-69.84158,-15.91758],[-69.84162,-15.91778],[-69.8417,-15.91809],[-69.84156,-15.9184],[-69.84157,-15.91877],[-69.8417,-15.91896],[-69.84172,-15.91913],[-69.84153,-15.91926],[-69.84122,-15.91901],[-69.84099,-15.919],[-69.8407,-15.91933],[-69.84057,-15.91946],[-69.8406,-15.91962],[-69.84092,-15.91963],[-69.84105,-15.91973],[-69.84089,-15.91998],[-69.8407,-15.92033],[-69.84042,-15.92069],[-69.83892,-15.92208],[-69.83751,-15.92273],[-69.83602,-15.92335],[-69.83484,-15.92276],[-69.83442,-15.92153],[-69.83435,-15.92137],[-69.83404,-15.92106],[-69.83371,-15.9208],[-69.83357,-15.92048],[-69.83357,-15.92042],[-69.83367,-15.9202],[-69.83397,-15.92008],[-69.83431,-15.9197],[-69.83438,-15.91885],[-69.835,-15.91838],[-69.83676,-15.91665],[-69.83718,-15.91479],[-69.8377,-15.91333],[-69.83807,-15.91223],[-69.83739,-15.91132],[-69.8365,-15.91077],[-69.83525,-15.91078],[-69.83505,-15.91106],[-69.83528,-15.91148],[-69.83497,-15.9117],[-69.8345,-15.91119],[-69.83414,-15.91023],[-69.83282,-15.91026],[-69.82972,-15.91041],[-69.82761,-15.91109],[-69.82687,-15.91097],[-69.82455,-15.91091],[-69.82247,-15.91121],[-69.81939,-15.91194],[-69.81751,-15.91181],[-69.81612,-15.9113],[-69.81591,-15.91077],[-69.81538,-15.91079],[-69.81505,-15.91093],[-69.81459,-15.9112],[-69.81445,-15.91143],[-69.81464,-15.91174],[-69.81507,-15.91207],[-69.81502,-15.91239],[-69.81444,-15.91204],[-69.81416,-15.91198],[-69.81387,-15.91208],[-69.81367,-15.91244],[-69.81394,-15.91318],[-69.81373,-15.91363],[-69.81344,-15.91376],[-69.81324,-15.91409],[-69.8132,-15.91451],[-69.81307,-15.9149],[-69.81281,-15.91512],[-69.81275,-15.9154],[-69.81307,-15.91603],[-69.81325,-15.91714],[-69.81304,-15.91754],[-69.81164,-15.91782],[-69.81066,-15.91934],[-69.80987,-15.92],[-69.80925,-15.92058],[-69.80879,-15.92047],[-69.80839,-15.92069],[-69.80824,-15.92086],[-69.80824,-15.92103],[-69.80853,-15.9212],[-69.80862,-15.92135],[-69.80859,-15.92155],[-69.80847,-15.9218],[-69.80835,-15.92209],[-69.80815,-15.92225],[-69.808,-15.92198],[-69.80781,-15.92189],[-69.80769,-15.92197],[-69.8069,-15.92268],[-69.80682,-15.92277],[-69.80671,-15.92279],[-69.8066,-15.92271],[-69.80664,-15.92257],[-69.80663,-15.92176],[-69.80459,-15.92315],[-69.80325,-15.92348],[-69.80303,-15.92359],[-69.80269,-15.92359],[-69.80242,-15.92323],[-69.80236,-15.92298],[-69.80213,-15.92279],[-69.80191,-15.92281],[-69.80183,-15.92287],[-69.80169,-15.92289],[-69.80139,-15.92272],[-69.80131,-15.92264],[-69.80089,-15.92186],[-69.80031,-15.92143],[-69.79964,-15.9218],[-69.799,-15.92177],[-69.79761,-15.92123],[-69.79708,-15.92119],[-69.79606,-15.92124],[-69.79543,-15.92111],[-69.79469,-15.92098],[-69.79436,-15.92122],[-69.79422,-15.92174],[-69.79461,-15.92274],[-69.79306,-15.9237],[-69.79215,-15.92354],[-69.7916,-15.92371],[-69.79035,-15.9235],[-69.78972,-15.92359],[-69.78927,-15.92347],[-69.78874,-15.92266],[-69.78827,-15.92151],[-69.78776,-15.92125],[-69.78764,-15.92135],[-69.78774,-15.92237],[-69.78761,-15.92342],[-69.78689,-15.92448],[-69.78524,-15.92559],[-69.78554,-15.92625],[-69.78644,-15.92643],[-69.78671,-15.9267],[-69.7864,-15.92698],[-69.78454,-15.92805],[-69.78381,-15.92795],[-69.78268,-15.92676],[-69.7823,-15.9255],[-69.78196,-15.92359],[-69.78259,-15.92285],[-69.78092,-15.92141],[-69.77934,-15.91909],[-69.77817,-15.91769],[-69.77798,-15.91742],[-69.77764,-15.91673],[-69.77765,-15.91661],[-69.77778,-15.91622],[-69.77798,-15.91583],[-69.77807,-15.91533],[-69.77826,-15.91499],[-69.78035,-15.91402],[-69.78111,-15.91396],[-69.7811,-15.91291],[-69.7804,-15.91154],[-69.77993,-15.9099],[-69.78003,-15.90888],[-69.78096,-15.90797],[-69.78207,-15.90634],[-69.78233,-15.90536],[-69.78201,-15.90384],[-69.78148,-15.90275],[-69.78238,-15.90212],[-69.78276,-15.90132],[-69.78111,-15.90047],[-69.78059,-15.90006],[-69.78071,-15.8991],[-69.78161,-15.89782],[-69.78207,-15.89793],[-69.78318,-15.89779],[-69.78402,-15.89753],[-69.78324,-15.89643],[-69.78281,-15.89555],[-69.78261,-15.89438],[-69.78246,-15.89225],[-69.78305,-15.89185],[-69.78343,-15.89117],[-69.78404,-15.89089],[-69.78529,-15.89131],[-69.78613,-15.89232],[-69.78651,-15.89204],[-69.7865,-15.89112],[-69.78691,-15.89092],[-69.78845,-15.89071],[-69.7886,-15.88976],[-69.78908,-15.88841],[-69.78958,-15.88848],[-69.79034,-15.88865],[-69.79157,-15.89079],[-69.79198,-15.8919],[-69.79255,-15.89261],[-69.79478,-15.89384],[-69.79537,-15.89398],[-69.79645,-15.89296],[-69.79737,-15.89356],[-69.79791,-15.89337],[-69.7973,-15.89253],[-69.79657,-15.8921],[-69.7959,-15.89143],[-69.79516,-15.89001],[-69.79459,-15.88756],[-69.7947,-15.8868],[-69.79472,-15.88609],[-69.79534,-15.88589],[-69.79641,-15.88617],[-69.79666,-15.88565],[-69.79666,-15.88381],[-69.79707,-15.88357],[-69.79748,-15.88388],[-69.79818,-15.88389],[-69.79945,-15.88398],[-69.80137,-15.88501],[-69.80171,-15.8855],[-69.80318,-15.88649],[-69.80464,-15.88593],[-69.80488,-15.88561],[-69.80481,-15.8833],[-69.80336,-15.88237],[-69.80251,-15.88213],[-69.80112,-15.88137],[-69.80024,-15.88147],[-69.79914,-15.88259],[-69.79847,-15.88285],[-69.79799,-15.88245],[-69.79781,-15.88176],[-69.79829,-15.88033],[-69.79887,-15.87826],[-69.8003,-15.87731],[-69.8013,-15.87625],[-69.80199,-15.87555],[-69.80269,-15.87483],[-69.80324,-15.87433],[-69.80521,-15.87379],[-69.80621,-15.87186],[-69.80781,-15.87008],[-69.80803,-15.86926],[-69.8088,-15.86877],[-69.80916,-15.86901],[-69.80941,-15.86883],[-69.80964,-15.86805],[-69.81053,-15.86775],[-69.81105,-15.86865],[-69.81049,-15.8693],[-69.81015,-15.87044],[-69.80957,-15.87127],[-69.8099,-15.87191],[-69.81056,-15.87161],[-69.81178,-15.87106],[-69.81227,-15.87202],[-69.8132,-15.87224],[-69.81411,-15.87243],[-69.81426,-15.87293],[-69.81342,-15.87415],[-69.81198,-15.87568],[-69.81172,-15.87626],[-69.81131,-15.8776],[-69.81141,-15.87851],[-69.81115,-15.8792],[-69.81088,-15.87997],[-69.81092,-15.88078],[-69.81113,-15.88148],[-69.81257,-15.8819],[-69.81473,-15.88176],[-69.8159,-15.88195],[-69.81732,-15.88186],[-69.81775,-15.88158],[-69.81894,-15.8813],[-69.81905,-15.88006],[-69.81869,-15.87885],[-69.81944,-15.87762],[-69.82022,-15.87813],[-69.82104,-15.87853],[-69.82178,-15.87835],[-69.82225,-15.87783],[-69.82205,-15.87654],[-69.82041,-15.87638],[-69.81961,-15.87681],[-69.81925,-15.87711],[-69.81786,-15.87582],[-69.81739,-15.87435],[-69.81764,-15.87368],[-69.81775,-15.87286],[-69.8174,-15.87256],[-69.81599,-15.87258],[-69.81459,-15.87211],[-69.81504,-15.8709],[-69.81567,-15.8701],[-69.8154,-15.86898],[-69.81543,-15.86827],[-69.81631,-15.86761],[-69.81691,-15.86666],[-69.81786,-15.866],[-69.82066,-15.86601],[-69.82218,-15.86657],[-69.82346,-15.86748],[-69.82453,-15.86899],[-69.82506,-15.86919],[-69.82664,-15.86849],[-69.82701,-15.86789],[-69.82693,-15.86703],[-69.8256,-15.86414],[-69.8257,-15.86352],[-69.82544,-15.86245],[-69.82521,-15.86155],[-69.82527,-15.86108],[-69.82662,-15.85964],[-69.82801,-15.85919],[-69.82904,-15.85938],[-69.8295,-15.85965],[-69.83056,-15.86008],[-69.83133,-15.86026],[-69.83203,-15.86009],[-69.83279,-15.85987],[-69.83395,-15.85985],[-69.83467,-15.8603],[-69.83557,-15.86259],[-69.8346,-15.86463],[-69.8341,-15.86522],[-69.83465,-15.8657],[-69.83591,-15.86666],[-69.83654,-15.8677],[-69.8365,-15.8687],[-69.83758,-15.8684],[-69.83917,-15.86821],[-69.84068,-15.86701],[-69.84222,-15.86596],[-69.84386,-15.86511],[-69.84535,-15.86501],[-69.84582,-15.86584],[-69.84671,-15.86677],[-69.8477,-15.86761],[-69.84797,-15.86758],[-69.84813,-15.86725],[-69.84798,-15.86663],[-69.84814,-15.86618],[-69.84826,-15.86594],[-69.84811,-15.86555],[-69.84802,-15.86525],[-69.84816,-15.86452],[-69.84852,-15.86411],[-69.84865,-15.8639],[-69.84852,-15.86356],[-69.84843,-15.86319],[-69.84878,-15.86259],[-69.84904,-15.86221],[-69.84941,-15.8615],[-69.84949,-15.86121],[-69.84942,-15.86096],[-69.84929,-15.86043],[-69.84945,-15.86006],[-69.84967,-15.85978],[-69.84949,-15.85947],[-69.84888,-15.85837],[-69.84877,-15.85816],[-69.84883,-15.85776],[-69.84896,-15.85762],[-69.84994,-15.85612],[-69.85022,-15.85557],[-69.85045,-15.85532],[-69.85054,-15.85498],[-69.8506,-15.85471],[-69.85044,-15.85329],[-69.85031,-15.85289],[-69.8502,-15.85259],[-69.85022,-15.85222],[-69.85031,-15.8521],[-69.8509,-15.85138],[-69.85105,-15.85023],[-69.85092,-15.84992],[-69.85074,-15.84976],[-69.8508,-15.84947],[-69.85081,-15.84865],[-69.85075,-15.84828],[-69.85078,-15.84807],[-69.85091,-15.84799],[-69.85103,-15.84787],[-69.85099,-15.84764],[-69.85072,-15.84737],[-69.85062,-15.84714],[-69.85048,-15.84629],[-69.85039,-15.84578],[-69.8504,-15.84554],[-69.85062,-15.84482],[-69.85051,-15.8438],[-69.84969,-15.84294],[-69.84828,-15.84225],[-69.84787,-15.84154],[-69.8477,-15.84145],[-69.84754,-15.84153],[-69.84729,-15.8419],[-69.84725,-15.842],[-69.84715,-15.84213],[-69.84705,-15.84204],[-69.84703,-15.8419],[-69.84694,-15.84139],[-69.84654,-15.84103],[-69.84634,-15.8408],[-69.84616,-15.84036],[-69.84596,-15.84015],[-69.84601,-15.83988],[-69.84609,-15.83958],[-69.846,-15.83936],[-69.84595,-15.83918],[-69.84592,-15.83889],[-69.84555,-15.83866],[-69.84494,-15.83842],[-69.8443,-15.83704],[-69.84411,-15.83676],[-69.844,-15.83648],[-69.84408,-15.83625],[-69.84425,-15.83601],[-69.84451,-15.8357],[-69.84458,-15.83542],[-69.84469,-15.83523],[-69.84474,-15.83521],[-69.84485,-15.83497],[-69.84485,-15.83487],[-69.84472,-15.83469],[-69.84455,-15.83446],[-69.84436,-15.83426],[-69.84407,-15.83422],[-69.84381,-15.83404],[-69.84373,-15.83343],[-69.84385,-15.83313],[-69.84389,-15.83301],[-69.84385,-15.83268],[-69.8438,-15.83254],[-69.84373,-15.83183],[-69.84374,-15.83143],[-69.84397,-15.83106],[-69.84527,-15.82936],[-69.84537,-15.82924],[-69.84547,-15.829],[-69.84542,-15.82889],[-69.84371,-15.82748],[-69.84347,-15.82708],[-69.84337,-15.82676],[-69.84307,-15.82644],[-69.84274,-15.82635],[-69.84243,-15.82577],[-69.84173,-15.82443],[-69.84137,-15.82385],[-69.84157,-15.82345],[-69.84184,-15.82333],[-69.84193,-15.82313],[-69.84218,-15.82289],[-69.84246,-15.82281],[-69.84262,-15.82264],[-69.84254,-15.82166],[-69.84265,-15.82108],[-69.84338,-15.81966],[-69.84359,-15.81863],[-69.84247,-15.81714],[-69.84233,-15.81681],[-69.84241,-15.81647],[-69.84242,-15.81617],[-69.84224,-15.8159],[-69.8422,-15.81577],[-69.84221,-15.81558],[-69.84229,-15.81544],[-69.8422,-15.81495],[-69.84198,-15.81444],[-69.84166,-15.81393],[-69.84158,-15.81357],[-69.84166,-15.81308],[-69.84177,-15.81291],[-69.8419,-15.81276],[-69.84232,-15.81245],[-69.84247,-15.81214],[-69.84242,-15.81181],[-69.84213,-15.81117],[-69.84195,-15.81044],[-69.84194,-15.81007],[-69.84206,-15.80974],[-69.84278,-15.80876],[-69.84283,-15.80866],[-69.84289,-15.80839],[-69.84283,-15.80819],[-69.84168,-15.8073],[-69.84016,-15.80583],[-69.83751,-15.80287],[-69.83511,-15.79995],[-69.8346,-15.79899],[-69.83391,-15.79835],[-69.83314,-15.797],[-69.83335,-15.79542],[-69.83331,-15.79441],[-69.83142,-15.79321],[-69.83123,-15.79263],[-69.83117,-15.79251],[-69.83104,-15.79236],[-69.83091,-15.79222],[-69.83085,-15.7922],[-69.82942,-15.7928],[-69.82894,-15.79283],[-69.82654,-15.78913],[-69.82573,-15.78787],[-69.82511,-15.78735],[-69.82531,-15.78715],[-69.82634,-15.78725],[-69.82717,-15.78751],[-69.82753,-15.78772],[-69.82762,-15.78791],[-69.82745,-15.78826],[-69.82775,-15.78839],[-69.82814,-15.78864],[-69.82835,-15.78885],[-69.82855,-15.78892],[-69.82895,-15.78876],[-69.8292,-15.78869],[-69.82942,-15.78884],[-69.82967,-15.78894],[-69.82981,-15.78866],[-69.82977,-15.78838],[-69.82938,-15.78758],[-69.82823,-15.78679],[-69.82385,-15.78589],[-69.82054,-15.78543],[-69.81735,-15.78561],[-69.81532,-15.78687],[-69.81304,-15.7872],[-69.81106,-15.78685],[-69.80934,-15.78532],[-69.80821,-15.784],[-69.80689,-15.78381],[-69.80556,-15.78339],[-69.80368,-15.78452],[-69.80252,-15.78528],[-69.80183,-15.78678],[-69.80096,-15.78826],[-69.80099,-15.78852],[-69.80119,-15.78879],[-69.80142,-15.78891],[-69.80176,-15.78903],[-69.80232,-15.78927],[-69.80239,-15.79002],[-69.80148,-15.79347],[-69.80044,-15.79744],[-69.79974,-15.79897],[-69.79907,-15.80138],[-69.79858,-15.80292],[-69.79753,-15.80603],[-69.79625,-15.80828],[-69.79465,-15.80976],[-69.79357,-15.81049],[-69.79234,-15.81124],[-69.79183,-15.81132],[-69.79132,-15.81154],[-69.79069,-15.81191],[-69.79006,-15.81224],[-69.78761,-15.81254],[-69.78503,-15.81331],[-69.78347,-15.81435],[-69.78196,-15.81596],[-69.78146,-15.81694],[-69.78063,-15.81796],[-69.78017,-15.81898],[-69.77922,-15.82125],[-69.77798,-15.82173],[-69.7762,-15.82368],[-69.77551,-15.82408],[-69.77475,-15.82661],[-69.77377,-15.82798],[-69.77155,-15.82926],[-69.7705,-15.82998],[-69.76953,-15.8306],[-69.76874,-15.83129],[-69.76747,-15.83181],[-69.76588,-15.83308],[-69.76594,-15.83337],[-69.76925,-15.83425],[-69.77142,-15.83581],[-69.77309,-15.83785],[-69.77359,-15.83991],[-69.77387,-15.84482],[-69.77337,-15.84675],[-69.77374,-15.84761],[-69.77486,-15.84762],[-69.77582,-15.84883],[-69.77658,-15.8495],[-69.77773,-15.85006],[-69.77908,-15.8518],[-69.77941,-15.85538],[-69.77867,-15.86129],[-69.77768,-15.86593],[-69.77652,-15.86914],[-69.77573,-15.87107],[-69.77472,-15.87172],[-69.77389,-15.87167],[-69.77321,-15.87107],[-69.77204,-15.87138],[-69.77167,-15.87176],[-69.7719,-15.87245],[-69.77292,-15.87286],[-69.77384,-15.87472],[-69.77364,-15.87793],[-69.77265,-15.88068],[-69.77118,-15.88276],[-69.77064,-15.88351],[-69.77049,-15.88364],[-69.77025,-15.8839],[-69.7701,-15.88428],[-69.76989,-15.88467],[-69.76998,-15.88499],[-69.77015,-15.88532],[-69.77007,-15.88584],[-69.76983,-15.88643],[-69.76974,-15.88672],[-69.76988,-15.88694],[-69.76987,-15.88734],[-69.76986,-15.88748],[-69.77032,-15.88769],[-69.77085,-15.8883],[-69.77086,-15.88856],[-69.77069,-15.88886],[-69.77048,-15.8891],[-69.77038,-15.88914],[-69.76908,-15.8893],[-69.76857,-15.89081],[-69.76842,-15.89154],[-69.76838,-15.89183],[-69.76818,-15.89221],[-69.76826,-15.89251],[-69.76866,-15.89288],[-69.76918,-15.89308],[-69.76927,-15.89337],[-69.76925,-15.89356],[-69.7694,-15.89457],[-69.76891,-15.89553],[-69.76738,-15.89794],[-69.76717,-15.89825],[-69.76709,-15.89833],[-69.76693,-15.89837],[-69.76635,-15.89823],[-69.76619,-15.89822],[-69.76589,-15.89828],[-69.76571,-15.89834],[-69.76499,-15.89894],[-69.76456,-15.89928],[-69.76435,-15.89926],[-69.76424,-15.89917],[-69.76378,-15.89908],[-69.76338,-15.89967],[-69.76337,-15.90002],[-69.7636,-15.90036],[-69.76404,-15.9007],[-69.76411,-15.90123],[-69.76384,-15.90169],[-69.76287,-15.90269],[-69.76111,-15.90346],[-69.75999,-15.90314],[-69.75976,-15.90348],[-69.76021,-15.90397],[-69.76193,-15.90399],[-69.76212,-15.90403],[-69.76232,-15.90415],[-69.76263,-15.90418],[-69.76291,-15.90403],[-69.76309,-15.90386],[-69.76325,-15.90384],[-69.76342,-15.90391],[-69.76357,-15.90403],[-69.76394,-15.90407],[-69.76403,-15.90419],[-69.76401,-15.90432],[-69.7639,-15.90441],[-69.7636,-15.90463],[-69.76321,-15.90479],[-69.76303,-15.90502],[-69.76292,-15.90518],[-69.76265,-15.9053],[-69.76252,-15.90554],[-69.7624,-15.90581],[-69.76217,-15.90595],[-69.76205,-15.90612],[-69.76207,-15.90654],[-69.76217,-15.90696],[-69.76272,-15.90744],[-69.76287,-15.90757],[-69.76297,-15.90785],[-69.7632,-15.90806],[-69.76324,-15.90833],[-69.76298,-15.90848],[-69.76193,-15.90857],[-69.76183,-15.9085],[-69.76157,-15.90841],[-69.76141,-15.90841],[-69.76095,-15.909],[-69.76076,-15.9102],[-69.76031,-15.91199],[-69.76015,-15.91207],[-69.75993,-15.91222],[-69.75973,-15.91245],[-69.75968,-15.91259],[-69.75955,-15.91279],[-69.75931,-15.91282],[-69.759,-15.91272],[-69.75871,-15.91221],[-69.75869,-15.9106],[-69.75905,-15.90625],[-69.75904,-15.90522],[-69.75906,-15.9046],[-69.75911,-15.90412],[-69.75902,-15.9038],[-69.75886,-15.90353],[-69.75887,-15.90326],[-69.75915,-15.90311],[-69.75932,-15.90293],[-69.7593,-15.90275],[-69.75925,-15.90263],[-69.75916,-15.90254],[-69.75852,-15.90227],[-69.75811,-15.90074],[-69.75797,-15.90054],[-69.75794,-15.90051],[-69.75787,-15.90046],[-69.75777,-15.90041],[-69.75763,-15.9004],[-69.75741,-15.90054],[-69.75722,-15.90074],[-69.75683,-15.90073],[-69.75662,-15.90092],[-69.75659,-15.90119],[-69.75513,-15.90275],[-69.75364,-15.90415],[-69.75173,-15.90677],[-69.75146,-15.90726],[-69.75117,-15.90764],[-69.75055,-15.90776],[-69.74846,-15.9083],[-69.74631,-15.90895],[-69.74579,-15.9098],[-69.74417,-15.90998],[-69.74336,-15.90989],[-69.74316,-15.90992],[-69.74305,-15.91001],[-69.74305,-15.91012],[-69.74342,-15.9104],[-69.74496,-15.91039],[-69.74535,-15.91041],[-69.74543,-15.9106],[-69.74519,-15.91099],[-69.7449,-15.91199],[-69.74349,-15.91305],[-69.74282,-15.91385],[-69.74271,-15.91784],[-69.74223,-15.91889],[-69.74137,-15.91923],[-69.7402,-15.91888],[-69.73961,-15.91814],[-69.73897,-15.91762],[-69.73889,-15.91693],[-69.73875,-15.91647],[-69.73864,-15.91633],[-69.7385,-15.91616],[-69.73848,-15.91596],[-69.73858,-15.91576],[-69.7386,-15.91544],[-69.73841,-15.91534],[-69.73804,-15.91521],[-69.73797,-15.91478],[-69.73777,-15.91459],[-69.73704,-15.9138],[-69.7368,-15.91335],[-69.73691,-15.91314],[-69.73712,-15.913],[-69.7375,-15.91152],[-69.73794,-15.91075],[-69.73917,-15.91041],[-69.74087,-15.91024],[-69.74148,-15.90912],[-69.74108,-15.9078],[-69.74029,-15.90745],[-69.74016,-15.90738],[-69.74002,-15.90726],[-69.73995,-15.90716],[-69.74,-15.90682],[-69.74013,-15.90664],[-69.74012,-15.90654],[-69.74003,-15.90633],[-69.73962,-15.90578],[-69.73948,-15.90485],[-69.73944,-15.90476],[-69.7394,-15.9047],[-69.73921,-15.90461],[-69.73909,-15.90458],[-69.73822,-15.90469],[-69.73706,-15.90378],[-69.7364,-15.90318],[-69.73612,-15.90252],[-69.73605,-15.90154],[-69.73577,-15.9015],[-69.73516,-15.90203],[-69.73362,-15.90359],[-69.73342,-15.90382],[-69.73319,-15.90395],[-69.73292,-15.90376],[-69.73259,-15.90297],[-69.73229,-15.90293],[-69.73175,-15.90367],[-69.7314,-15.90369],[-69.73082,-15.90344],[-69.73059,-15.90376],[-69.7305,-15.90536],[-69.73021,-15.90603],[-69.73008,-15.90642],[-69.72982,-15.90646],[-69.72938,-15.90646],[-69.72919,-15.90673],[-69.72909,-15.90782],[-69.72863,-15.90875],[-69.72809,-15.90924],[-69.72789,-15.90941],[-69.72781,-15.90967],[-69.72792,-15.91],[-69.72789,-15.9104],[-69.72734,-15.91085],[-69.72697,-15.91136],[-69.72673,-15.91256],[-69.72582,-15.91346],[-69.72574,-15.914],[-69.7253,-15.91455],[-69.72256,-15.91527],[-69.71799,-15.91601],[-69.71656,-15.9163],[-69.71526,-15.91633],[-69.71386,-15.91684],[-69.71371,-15.91747],[-69.71389,-15.91824],[-69.71369,-15.91871],[-69.71289,-15.91897],[-69.71203,-15.91895],[-69.71162,-15.91888],[-69.71098,-15.91906],[-69.7106,-15.91927],[-69.71005,-15.91924],[-69.70962,-15.91904],[-69.70944,-15.91891],[-69.70902,-15.91882],[-69.70887,-15.91891],[-69.70764,-15.91951],[-69.70716,-15.91976],[-69.70719,-15.92027],[-69.70683,-15.92153],[-69.70629,-15.92189],[-69.7048,-15.9215],[-69.70283,-15.92089],[-69.70167,-15.92015],[-69.70079,-15.92016],[-69.70075,-15.92059],[-69.70156,-15.92191],[-69.70144,-15.92261],[-69.70051,-15.92383],[-69.70029,-15.92445],[-69.6984,-15.92589],[-69.69702,-15.92885],[-69.69738,-15.93107],[-69.6972,-15.93143],[-69.69631,-15.9314],[-69.69569,-15.93098],[-69.69533,-15.93098],[-69.69472,-15.93132],[-69.69285,-15.93066],[-69.69248,-15.93071],[-69.69267,-15.93133],[-69.6937,-15.93316],[-69.69375,-15.93509],[-69.69421,-15.93573],[-69.69379,-15.9365],[-69.69369,-15.93681],[-69.69355,-15.93719],[-69.69305,-15.93703],[-69.69242,-15.9369],[-69.69232,-15.93716],[-69.69283,-15.93807],[-69.69259,-15.93948],[-69.69197,-15.94011],[-69.69141,-15.94022],[-69.69029,-15.93941],[-69.68887,-15.93827],[-69.68856,-15.93825],[-69.68873,-15.93977],[-69.68867,-15.94027],[-69.68852,-15.9406],[-69.68856,-15.94092],[-69.68883,-15.94118],[-69.68921,-15.94167],[-69.68923,-15.94229],[-69.68816,-15.94463],[-69.68725,-15.94523],[-69.68635,-15.94504],[-69.68592,-15.94466],[-69.68566,-15.94507],[-69.68582,-15.94598],[-69.6858,-15.9468],[-69.68561,-15.94691],[-69.68553,-15.9471],[-69.6857,-15.94739],[-69.68561,-15.94765],[-69.68478,-15.94772],[-69.68392,-15.94819],[-69.68321,-15.94862],[-69.68331,-15.94901],[-69.68403,-15.94992],[-69.68431,-15.95123],[-69.68369,-15.95239],[-69.68265,-15.95292],[-69.68118,-15.95307],[-69.681,-15.9539],[-69.68094,-15.95407],[-69.68017,-15.95407],[-69.67958,-15.95372],[-69.67942,-15.95414],[-69.67979,-15.95518],[-69.67968,-15.95624],[-69.67972,-15.95674],[-69.67966,-15.95712],[-69.67958,-15.95727],[-69.67946,-15.95736],[-69.67912,-15.95739],[-69.67873,-15.95739],[-69.67862,-15.95743],[-69.6785,-15.95753],[-69.67845,-15.95773],[-69.67825,-15.95797],[-69.678,-15.95789],[-69.67793,-15.95786],[-69.67778,-15.95794],[-69.67775,-15.958],[-69.67773,-15.95844],[-69.67747,-15.95874],[-69.67667,-15.95897],[-69.67658,-15.9592],[-69.67649,-15.95936],[-69.67619,-15.95934],[-69.67563,-15.95945],[-69.6753,-15.96015],[-69.67521,-15.9608],[-69.67495,-15.96161],[-69.67414,-15.96327],[-69.67367,-15.96354],[-69.67299,-15.96329],[-69.67213,-15.9635],[-69.67187,-15.96454],[-69.67102,-15.96473],[-69.67012,-15.9644],[-69.66916,-15.96439],[-69.66885,-15.96449],[-69.66876,-15.96468],[-69.66852,-15.96498],[-69.66832,-15.96522],[-69.66823,-15.96615],[-69.66753,-15.9663],[-69.6672,-15.96668],[-69.66716,-15.96718],[-69.66698,-15.96731],[-69.66674,-15.9674],[-69.66642,-15.96755],[-69.66632,-15.96769],[-69.66622,-15.96843],[-69.66608,-15.96846],[-69.66584,-15.96845],[-69.66548,-15.96822],[-69.66529,-15.9682],[-69.66515,-15.96842],[-69.66503,-15.96864],[-69.66464,-15.96858],[-69.66461,-15.96857],[-69.66454,-15.96858],[-69.66447,-15.9686],[-69.66444,-15.96861],[-69.66436,-15.96876],[-69.66439,-15.96899],[-69.66455,-15.9693],[-69.66451,-15.96944],[-69.66407,-15.96972],[-69.66297,-15.96902],[-69.66198,-15.96799],[-69.66218,-15.96723],[-69.66211,-15.96708],[-69.66197,-15.96701],[-69.66181,-15.96707],[-69.6611,-15.96732],[-69.6599,-15.9679],[-69.65862,-15.96902],[-69.65694,-15.96861],[-69.65537,-15.96723],[-69.65485,-15.96709],[-69.65459,-15.96736],[-69.65463,-15.96828],[-69.65515,-15.96954],[-69.6551,-15.97048],[-69.65522,-15.97135],[-69.65525,-15.97164],[-69.6551,-15.97183],[-69.65428,-15.97213],[-69.65189,-15.97297],[-69.65111,-15.97331],[-69.65029,-15.97403],[-69.64907,-15.97401],[-69.64833,-15.9743],[-69.64761,-15.97484],[-69.6468,-15.97544],[-69.64481,-15.97517],[-69.64423,-15.97536],[-69.64408,-15.97627],[-69.64347,-15.97662],[-69.63983,-15.97609],[-69.63768,-15.9759],[-69.63718,-15.97581],[-69.63677,-15.97601],[-69.63565,-15.97646],[-69.63336,-15.97735],[-69.6332,-15.97785],[-69.63281,-15.97806],[-69.63238,-15.97799],[-69.63139,-15.9785],[-69.63079,-15.97882],[-69.63005,-15.97934],[-69.63016,-15.98057],[-69.63005,-15.98074],[-69.62983,-15.9809],[-69.62976,-15.9811],[-69.62974,-15.98134],[-69.62983,-15.98178],[-69.6297,-15.98222],[-69.62932,-15.98308],[-69.62929,-15.9832],[-69.62913,-15.98342],[-69.62901,-15.98345],[-69.6286,-15.98374],[-69.62837,-15.98398],[-69.62798,-15.98396],[-69.62767,-15.98387],[-69.62747,-15.98411],[-69.62696,-15.98462],[-69.62675,-15.98492],[-69.62632,-15.9848],[-69.6262,-15.98462],[-69.62596,-15.98468],[-69.62578,-15.98486],[-69.62527,-15.98489],[-69.62508,-15.98487],[-69.62495,-15.98489],[-69.62488,-15.98497],[-69.62499,-15.98516],[-69.62502,-15.98547],[-69.62436,-15.98562],[-69.624,-15.98591],[-69.62336,-15.98771],[-69.62291,-15.98805],[-69.62181,-15.98795],[-69.62092,-15.98813],[-69.62065,-15.98831],[-69.62036,-15.98838],[-69.62015,-15.98833],[-69.61981,-15.98804],[-69.61966,-15.98784],[-69.61951,-15.98775],[-69.61936,-15.98774],[-69.61849,-15.98809],[-69.61812,-15.98806],[-69.61779,-15.98768],[-69.61745,-15.9877],[-69.61712,-15.98804],[-69.61685,-15.98863],[-69.61604,-15.98863],[-69.61551,-15.98772],[-69.61547,-15.98743],[-69.61563,-15.98715],[-69.6158,-15.9869],[-69.61585,-15.9865],[-69.61596,-15.98602],[-69.61593,-15.98575],[-69.61566,-15.98525],[-69.61545,-15.98495],[-69.61503,-15.98491],[-69.61479,-15.98492],[-69.61473,-15.98487],[-69.61431,-15.98411],[-69.61379,-15.984],[-69.61319,-15.98516],[-69.61223,-15.98639],[-69.61179,-15.98632],[-69.6118,-15.98517],[-69.61116,-15.98384],[-69.61059,-15.9834],[-69.60974,-15.98339],[-69.60923,-15.98363],[-69.60903,-15.98396],[-69.60904,-15.98428],[-69.6089,-15.9846],[-69.60887,-15.98491],[-69.60879,-15.98527],[-69.60861,-15.98538],[-69.60854,-15.98555],[-69.60855,-15.9858],[-69.60872,-15.98601],[-69.60872,-15.98617],[-69.60859,-15.98631],[-69.60841,-15.98639],[-69.60831,-15.9865],[-69.60823,-15.98671],[-69.60816,-15.98695],[-69.60799,-15.98714],[-69.60677,-15.98745],[-69.6065,-15.98752],[-69.60623,-15.98757],[-69.60597,-15.98748],[-69.60587,-15.98734],[-69.60574,-15.98707],[-69.60555,-15.98683],[-69.60536,-15.9867],[-69.60504,-15.98691],[-69.60475,-15.9872],[-69.60443,-15.98727],[-69.60416,-15.98714],[-69.60424,-15.98692],[-69.6045,-15.98668],[-69.60462,-15.9858],[-69.60424,-15.98537],[-69.60397,-15.98537],[-69.60366,-15.98548],[-69.60328,-15.98544],[-69.60293,-15.98552],[-69.60269,-15.98577],[-69.6025,-15.9867],[-69.60229,-15.98787],[-69.60186,-15.988],[-69.60074,-15.98785],[-69.59851,-15.98862],[-69.5984,-15.98869],[-69.59841,-15.9888],[-69.59892,-15.98929],[-69.59891,-15.99002],[-69.59883,-15.99012],[-69.59864,-15.99022],[-69.5985,-15.99023],[-69.59835,-15.99018],[-69.59821,-15.98998],[-69.59796,-15.98971],[-69.59766,-15.98963],[-69.59733,-15.98968],[-69.59707,-15.98947],[-69.59706,-15.98909],[-69.59683,-15.98865],[-69.59663,-15.98849],[-69.59607,-15.98764],[-69.59536,-15.98709],[-69.59429,-15.98689],[-69.5931,-15.98583],[-69.59179,-15.98535],[-69.59078,-15.98581],[-69.58943,-15.98575],[-69.58847,-15.98535],[-69.58676,-15.98502],[-69.58622,-15.98566],[-69.58478,-15.98689],[-69.58383,-15.98727],[-69.58241,-15.98739],[-69.58162,-15.98712],[-69.58107,-15.98711],[-69.58067,-15.9877],[-69.58042,-15.98774],[-69.58028,-15.98765],[-69.58013,-15.98754],[-69.57993,-15.98619],[-69.57958,-15.98484],[-69.57995,-15.9843],[-69.58044,-15.98392],[-69.58102,-15.98342],[-69.58113,-15.98316],[-69.58101,-15.98295],[-69.58009,-15.98179],[-69.5791,-15.98161],[-69.57807,-15.98202],[-69.57559,-15.98211],[-69.57494,-15.98183],[-69.57424,-15.98114],[-69.57398,-15.98114],[-69.57376,-15.9812],[-69.57354,-15.98136],[-69.57343,-15.9815],[-69.57337,-15.98214],[-69.57257,-15.98295],[-69.57241,-15.98294],[-69.57215,-15.98278],[-69.57205,-15.98265],[-69.57177,-15.98243],[-69.57122,-15.9826],[-69.57097,-15.98256],[-69.57093,-15.98222],[-69.57097,-15.98156],[-69.5709,-15.98147],[-69.57081,-15.98142],[-69.5706,-15.9814],[-69.57036,-15.98147],[-69.57013,-15.9812],[-69.57011,-15.98116],[-69.56982,-15.98088],[-69.56956,-15.98091],[-69.56949,-15.98095],[-69.569,-15.98106],[-69.56893,-15.9807],[-69.56913,-15.98053],[-69.56999,-15.98051],[-69.57015,-15.98043],[-69.57025,-15.98032],[-69.57033,-15.98021],[-69.57034,-15.98007],[-69.57026,-15.97989],[-69.57013,-15.9798],[-69.56973,-15.97953],[-69.56952,-15.97916],[-69.56936,-15.97894],[-69.56933,-15.97891],[-69.56915,-15.97888],[-69.56864,-15.97889],[-69.56727,-15.97834],[-69.56676,-15.97823],[-69.56614,-15.97855],[-69.5659,-15.97826],[-69.56633,-15.97769],[-69.56627,-15.97748],[-69.56614,-15.97742],[-69.56592,-15.97749],[-69.56541,-15.97804],[-69.56517,-15.97821],[-69.56494,-15.97796],[-69.56513,-15.9773],[-69.56472,-15.97723],[-69.5632,-15.9773],[-69.56189,-15.97733],[-69.56166,-15.97741],[-69.56149,-15.97756],[-69.56146,-15.97757],[-69.56038,-15.97779],[-69.55969,-15.97816],[-69.55943,-15.97816],[-69.55929,-15.97798],[-69.55948,-15.97769],[-69.56045,-15.9771],[-69.56026,-15.97687],[-69.56002,-15.97677],[-69.55986,-15.97651],[-69.55975,-15.9764],[-69.55951,-15.97626],[-69.5588,-15.97637],[-69.5586,-15.97667],[-69.55826,-15.97699],[-69.55799,-15.97668],[-69.55785,-15.97571],[-69.55734,-15.97532],[-69.55669,-15.97569],[-69.5561,-15.97589],[-69.55579,-15.97623],[-69.55564,-15.97658],[-69.55539,-15.97683],[-69.55504,-15.97703],[-69.55481,-15.97731],[-69.55467,-15.97765],[-69.55436,-15.97805],[-69.55409,-15.97822],[-69.55378,-15.97817],[-69.55336,-15.97792],[-69.55302,-15.97805],[-69.55257,-15.97812],[-69.55227,-15.97776],[-69.55191,-15.97714],[-69.55162,-15.9771],[-69.55141,-15.97726],[-69.55062,-15.97749],[-69.55045,-15.97773],[-69.55069,-15.97801],[-69.5508,-15.97835],[-69.55047,-15.97896],[-69.55009,-15.97928],[-69.54993,-15.97959],[-69.54982,-15.97987],[-69.54954,-15.98007],[-69.54907,-15.97987],[-69.54857,-15.97964],[-69.5481,-15.97873],[-69.54727,-15.97835],[-69.54632,-15.9786],[-69.54604,-15.97879],[-69.54566,-15.97887],[-69.54561,-15.97914],[-69.54558,-15.98044],[-69.5455,-15.98114],[-69.54527,-15.98178],[-69.54513,-15.98179],[-69.54466,-15.98147],[-69.5444,-15.98125],[-69.54407,-15.98116],[-69.5436,-15.98114],[-69.5433,-15.98118],[-69.54273,-15.98144],[-69.54172,-15.9815],[-69.54141,-15.98102],[-69.54149,-15.98036],[-69.54223,-15.97867],[-69.54226,-15.97857],[-69.54219,-15.97834],[-69.54196,-15.97828],[-69.54192,-15.97801],[-69.54224,-15.97754],[-69.54228,-15.97744],[-69.54229,-15.97732],[-69.54223,-15.97724],[-69.54215,-15.97718],[-69.54203,-15.97717],[-69.54164,-15.9775],[-69.54125,-15.97777],[-69.54123,-15.97744],[-69.54138,-15.977],[-69.54122,-15.97678],[-69.54101,-15.97672],[-69.54089,-15.97661],[-69.5408,-15.97644],[-69.54093,-15.97608],[-69.54093,-15.97577],[-69.54062,-15.97562],[-69.54037,-15.9758],[-69.54011,-15.97718],[-69.53984,-15.97751],[-69.53921,-15.97717],[-69.53908,-15.9772],[-69.53898,-15.97738],[-69.53903,-15.97753],[-69.53983,-15.97837],[-69.53991,-15.97856],[-69.53995,-15.979],[-69.53974,-15.97936],[-69.53941,-15.97968],[-69.53944,-15.97999],[-69.53937,-15.9807],[-69.53896,-15.98091],[-69.53864,-15.98048],[-69.53863,-15.98002],[-69.53856,-15.97994],[-69.53843,-15.97989],[-69.5383,-15.97994],[-69.53782,-15.98023],[-69.5377,-15.97979],[-69.53781,-15.97877],[-69.5379,-15.97849],[-69.53815,-15.97825],[-69.53817,-15.97797],[-69.53803,-15.97781],[-69.53782,-15.97748],[-69.53792,-15.97715],[-69.53782,-15.97651],[-69.53763,-15.97643],[-69.5375,-15.97635],[-69.53735,-15.97597],[-69.53615,-15.97657],[-69.5351,-15.97773],[-69.53443,-15.97764],[-69.53408,-15.97792],[-69.53255,-15.97856],[-69.53264,-15.97931],[-69.53215,-15.98045],[-69.53091,-15.98254],[-69.53028,-15.98312],[-69.5287,-15.98295],[-69.52806,-15.98307],[-69.52689,-15.98445],[-69.52579,-15.98528],[-69.52411,-15.98585],[-69.52173,-15.98635],[-69.51998,-15.98679],[-69.5196,-15.98654],[-69.51984,-15.9852],[-69.51979,-15.98399],[-69.51927,-15.98331],[-69.51859,-15.98247],[-69.51802,-15.98272],[-69.5174,-15.98414],[-69.51716,-15.98525],[-69.51653,-15.98526],[-69.51574,-15.98537],[-69.51552,-15.9861],[-69.51607,-15.98658],[-69.51719,-15.98714],[-69.51745,-15.98816],[-69.51723,-15.98901],[-69.51569,-15.98929],[-69.51339,-15.98966],[-69.51274,-15.99005],[-69.51203,-15.99235],[-69.51104,-15.99264],[-69.5104,-15.9931],[-69.50974,-15.99428],[-69.50938,-15.99499],[-69.50867,-15.99559],[-69.50671,-15.99571],[-69.50579,-15.996],[-69.50477,-15.99693],[-69.50379,-15.99783],[-69.50254,-15.99756],[-69.5011,-15.99788],[-69.49861,-15.99961],[-69.49798,-16.00033],[-69.49716,-16.00181],[-69.49684,-16.00329],[-69.49691,-16.00425],[-69.4976,-16.0052],[-69.4989,-16.00671],[-69.49987,-16.0075],[-69.49969,-16.00821],[-69.4984,-16.01007],[-69.49709,-16.0122],[-69.49634,-16.01457],[-69.49494,-16.01542],[-69.49403,-16.01586],[-69.49266,-16.01493],[-69.49049,-16.01411],[-69.48902,-16.01388],[-69.48821,-16.01331],[-69.48746,-16.01202],[-69.48621,-16.00972],[-69.48634,-16.00849],[-69.48644,-16.00574],[-69.48596,-16.0045],[-69.48287,-16.00405],[-69.4809,-16.0044],[-69.47914,-16.00411],[-69.47846,-16.00424],[-69.47811,-16.0051],[-69.47851,-16.00605],[-69.48042,-16.00794],[-69.48054,-16.0083],[-69.47967,-16.01003],[-69.47812,-16.01156],[-69.47778,-16.01266],[-69.47814,-16.01475],[-69.47753,-16.01641],[-69.47612,-16.01802],[-69.47521,-16.01862],[-69.47376,-16.01862],[-69.4703,-16.0181],[-69.46819,-16.01738],[-69.46645,-16.0161],[-69.4662,-16.01734],[-69.46608,-16.01945],[-69.46564,-16.02008],[-69.46446,-16.02016],[-69.46344,-16.01937],[-69.46217,-16.01738],[-69.46235,-16.01606],[-69.46359,-16.01468],[-69.46574,-16.01277],[-69.46747,-16.01115],[-69.47098,-16.00785],[-69.47503,-16.00436],[-69.47692,-16.00329],[-69.47859,-16.00184],[-69.47972,-16.00115],[-69.48122,-16.00032],[-69.48172,-16.0],[-69.48463,-15.99851],[-69.48847,-15.99768],[-69.48954,-15.99705],[-69.48991,-15.99631],[-69.49052,-15.99455],[-69.4912,-15.99347],[-69.49333,-15.99219],[-69.49523,-15.99063],[-69.4969,-15.98954],[-69.49857,-15.9883],[-69.49942,-15.98802],[-69.5,-15.98779],[-69.5037,-15.98463],[-69.50585,-15.9836],[-69.51019,-15.981],[-69.51226,-15.9799],[-69.51391,-15.97892],[-69.51611,-15.9787],[-69.51798,-15.97889],[-69.51817,-15.97927],[-69.51848,-15.98015],[-69.51895,-15.98005],[-69.52147,-15.97769],[-69.5223,-15.97617],[-69.52382,-15.97472],[-69.52585,-15.9739],[-69.53021,-15.97208],[-69.53308,-15.97082],[-69.53724,-15.96935],[-69.54021,-15.96834],[-69.54315,-15.96738],[-69.54681,-15.96576],[-69.54952,-15.96471],[-69.55738,-15.9626],[-69.56119,-15.96232],[-69.56677,-15.96123],[-69.56901,-15.96071],[-69.57196,-15.96058],[-69.57359,-15.9601],[-69.57615,-15.96041],[-69.57742,-15.96047],[-69.57877,-15.96015],[-69.58069,-15.96019],[-69.58148,-15.96061],[-69.58222,-15.96064],[-69.58356,-15.96023],[-69.58726,-15.96016],[-69.58884,-15.95998],[-69.59092,-15.95989],[-69.59415,-15.95909],[-69.59941,-15.95885],[-69.60163,-15.95884],[-69.60624,-15.95844],[-69.60921,-15.95878],[-69.61096,-15.9595],[-69.61279,-15.95967],[-69.61514,-15.95948],[-69.61664,-15.95981],[-69.61912,-15.96068],[-69.62111,-15.9603],[-69.62289,-15.9598],[-69.62377,-15.95998],[-69.62419,-15.96132],[-69.62378,-15.96178],[-69.62391,-15.96274],[-69.62474,-15.9638],[-69.62571,-15.96512],[-69.62574,-15.96637],[-69.62619,-15.967],[-69.62662,-15.96756],[-69.62696,-15.96768],[-69.62771,-15.96739],[-69.62871,-15.96765],[-69.62941,-15.96787],[-69.63043,-15.96762],[-69.63198,-15.96712],[-69.63216,-15.96616],[-69.63282,-15.96507],[-69.63261,-15.96386],[-69.63259,-15.96254],[-69.63265,-15.96149],[-69.633,-15.96107],[-69.63296,-15.95981],[-69.63239,-15.95959],[-69.63212,-15.95917],[-69.63269,-15.95889],[-69.63446,-15.95941],[-69.6356,-15.95951],[-69.63838,-15.95955],[-69.64099,-15.95968],[-69.64361,-15.96],[-69.644,-15.95978],[-69.6451,-15.95971],[-69.64676,-15.9588],[-69.64935,-15.95825],[-69.65481,-15.9581],[-69.65624,-15.95756],[-69.65742,-15.95751],[-69.6603,-15.95807],[-69.66319,-15.95868],[-69.66495,-15.9592],[-69.66705,-15.95993],[-69.66785,-15.96125],[-69.67016,-15.96033],[-69.67201,-15.95997],[-69.67363,-15.95755],[-69.67662,-15.95367],[-69.67911,-15.95035],[-69.68222,-15.94511],[-69.68325,-15.94304],[-69.68413,-15.94111],[-69.68458,-15.94015],[-69.6849,-15.93885],[-69.6852,-15.93871],[-69.68546,-15.93853],[-69.68553,-15.93844],[-69.68619,-15.93719],[-69.68703,-15.93623],[-69.68719,-15.93599],[-69.6872,-15.93588],[-69.68721,-15.93578],[-69.68719,-15.93575],[-69.6871,-15.93565],[-69.68699,-15.93564],[-69.68688,-15.93567],[-69.68675,-15.93552],[-69.68679,-15.93531],[-69.68762,-15.93398],[-69.68766,-15.93383],[-69.68778,-15.93355],[-69.68789,-15.93321],[-69.68787,-15.933],[-69.68775,-15.93278],[-69.68772,-15.93253],[-69.6878,-15.93239],[-69.68793,-15.9321],[-69.68792,-15.93167],[-69.68809,-15.93126],[-69.68837,-15.93111],[-69.68861,-15.9309],[-69.68914,-15.93045],[-69.68927,-15.93028],[-69.68926,-15.93017],[-69.68852,-15.92973],[-69.68852,-15.92885],[-69.68938,-15.92725],[-69.68982,-15.92691],[-69.68985,-15.92675],[-69.6898,-15.92656],[-69.68957,-15.92642],[-69.68933,-15.92623],[-69.6894,-15.92593],[-69.68952,-15.9257],[-69.68974,-15.92549],[-69.68989,-15.92528],[-69.68987,-15.925],[-69.68957,-15.92481],[-69.68928,-15.92457],[-69.6892,-15.92405],[-69.68914,-15.92383],[-69.68922,-15.9236],[-69.68928,-15.92355],[-69.68994,-15.92301],[-69.68994,-15.92298],[-69.68991,-15.92286],[-69.68983,-15.9228],[-69.68911,-15.92242],[-69.68868,-15.92204],[-69.68862,-15.92153],[-69.68866,-15.92113],[-69.6887,-15.92054],[-69.68884,-15.91863],[-69.68863,-15.91839],[-69.68845,-15.91838],[-69.68824,-15.91817],[-69.68812,-15.91759],[-69.68778,-15.91507],[-69.68796,-15.91442],[-69.68876,-15.91379],[-69.68852,-15.91349],[-69.68745,-15.91409],[-69.68721,-15.91426],[-69.68679,-15.91427],[-69.68652,-15.91398],[-69.6859,-15.91307],[-69.68563,-15.91319],[-69.68561,-15.91366],[-69.68621,-15.91473],[-69.6865,-15.91507],[-69.68692,-15.91561],[-69.68765,-15.9202],[-69.68779,-15.92506],[-69.6868,-15.93172],[-69.68602,-15.93366],[-69.68537,-15.93648],[-69.68455,-15.93841],[-69.68333,-15.94091],[-69.68115,-15.94538],[-69.67914,-15.94875],[-69.67607,-15.95311],[-69.67315,-15.95574],[-69.67174,-15.9566],[-69.66788,-15.9568],[-69.66558,-15.95674],[-69.66192,-15.95652],[-69.65825,-15.95625],[-69.65693,-15.9565],[-69.65404,-15.9569],[-69.64852,-15.9578],[-69.64598,-15.95782],[-69.64426,-15.95788],[-69.64117,-15.95779],[-69.63836,-15.95812],[-69.6371,-15.9581],[-69.63623,-15.95797],[-69.63319,-15.95796],[-69.63055,-15.95683],[-69.62925,-15.95589],[-69.62819,-15.95518],[-69.62617,-15.95536],[-69.62429,-15.95579],[-69.6212,-15.9565],[-69.61403,-15.95673],[-69.60943,-15.95662],[-69.60656,-15.9564],[-69.60245,-15.95665],[-69.60176,-15.95685],[-69.59793,-15.95658],[-69.5959,-15.95683],[-69.59223,-15.95684],[-69.59095,-15.95711],[-69.58867,-15.95729],[-69.58053,-15.95788],[-69.57818,-15.95815],[-69.5756,-15.95849],[-69.57078,-15.95896],[-69.5672,-15.95915],[-69.56064,-15.96002],[-69.55866,-15.9609],[-69.55345,-15.96192],[-69.55054,-15.96267],[-69.54796,-15.96359],[-69.54557,-15.96463],[-69.53826,-15.96665],[-69.53616,-15.96766],[-69.53322,-15.96868],[-69.53106,-15.96933],[-69.52818,-15.97081],[-69.52585,-15.97167],[-69.52112,-15.97372],[-69.51741,-15.97546],[-69.51014,-15.97873],[-69.50513,-15.98123],[-69.50384,-15.98155],[-69.50083,-15.98355],[-69.49994,-15.98451],[-69.49597,-15.98707],[-69.49236,-15.98943],[-69.48999,-15.99085],[-69.48674,-15.9921],[-69.48386,-15.99352],[-69.48144,-15.99422],[-69.48001,-15.99433],[-69.47913,-15.99429],[-69.47701,-15.99428],[-69.4758,-15.99423],[-69.47338,-15.9943],[-69.47063,-15.99434],[-69.46711,-15.99428],[-69.46558,-15.99419],[-69.46383,-15.99353],[-69.46008,-15.99213],[-69.45882,-15.99153],[-69.4578,-15.99139],[-69.45706,-15.992],[-69.457,-15.99243],[-69.4574,-15.99444],[-69.4583,-15.99589],[-69.4589,-15.99736],[-69.45982,-16.0],[-69.45915,-16.0],[-69.45897,-15.99894],[-69.45805,-15.99722],[-69.45659,-15.99556],[-69.45592,-15.99433],[-69.45568,-15.99291],[-69.45599,-15.99214],[-69.45624,-15.99152],[-69.45605,-15.99141],[-69.4555,-15.99216],[-69.45443,-15.99233],[-69.45402,-15.99274],[-69.45373,-15.99351],[-69.45264,-15.99348],[-69.45174,-15.99361],[-69.45095,-15.99504],[-69.44998,-15.99597],[-69.44882,-15.99658],[-69.44867,-15.99733],[-69.44894,-15.99867],[-69.44931,-16.0],[-69.44618,-16.00162],[-69.44573,-16.00166],[-69.44513,-16.00204],[-69.44409,-16.00326],[-69.44384,-16.00495],[-69.44402,-16.00728],[-69.44412,-16.00841],[-69.44512,-16.00858],[-69.44556,-16.00941],[-69.44542,-16.01177],[-69.44391,-16.01621],[-69.44203,-16.01844],[-69.44053,-16.02058],[-69.439,-16.02363],[-69.4373,-16.0252],[-69.43364,-16.03035],[-69.43131,-16.03391],[-69.42958,-16.03625],[-69.42549,-16.04251],[-69.42316,-16.04704],[-69.42265,-16.05241],[-69.42265,-16.05456],[-69.42222,-16.05614],[-69.42259,-16.05867],[-69.423,-16.06206],[-69.42331,-16.06415],[-69.42359,-16.06405],[-69.42378,-16.06324],[-69.42402,-16.06325],[-69.42414,-16.06499],[-69.42437,-16.06645],[-69.42534,-16.07137],[-69.42545,-16.07652],[-69.42576,-16.07816],[-69.42743,-16.08191],[-69.4276,-16.0854],[-69.42838,-16.08953],[-69.42943,-16.0926],[-69.43075,-16.09505],[-69.43295,-16.09717],[-69.4347,-16.09843],[-69.4367,-16.10071],[-69.43893,-16.10232],[-69.44017,-16.10351],[-69.44212,-16.10697],[-69.44359,-16.1105],[-69.44508,-16.11248],[-69.44663,-16.11331],[-69.44932,-16.11387],[-69.45251,-16.11451],[-69.45294,-16.11431],[-69.45278,-16.11379],[-69.47381,-16.11476],[-69.47383,-16.11587],[-69.47419,-16.11624],[-69.4758,-16.11545],[-69.47623,-16.1154],[-69.47651,-16.11591],[-69.47681,-16.11762],[-69.47762,-16.1175],[-69.47846,-16.11789],[-69.47996,-16.11885],[-69.48057,-16.11937],[-69.48059,-16.1198],[-69.48032,-16.12064],[-69.48068,-16.12079],[-69.48184,-16.12045],[-69.48389,-16.121],[-69.48533,-16.12186],[-69.48683,-16.1238],[-69.48767,-16.12424],[-69.48825,-16.12501],[-69.48898,-16.12648],[-69.48974,-16.12709],[-69.49002,-16.1269],[-69.49006,-16.1264],[-69.48982,-16.12502],[-69.49017,-16.12465],[-69.49135,-16.1242],[-69.49176,-16.12425],[-69.4918,-16.12461],[-69.49105,-16.12587],[-69.49099,-16.12806],[-69.49061,-16.12933],[-69.48949,-16.13048],[-69.48931,-16.13095],[-69.48942,-16.13199],[-69.48964,-16.13244],[-69.49047,-16.13175],[-69.49251,-16.13025],[-69.49307,-16.13022],[-69.49315,-16.13044],[-69.49292,-16.13155],[-69.49326,-16.13154],[-69.49411,-16.13116],[-69.49414,-16.13159],[-69.49364,-16.13273],[-69.49394,-16.13306],[-69.49497,-16.13293],[-69.49577,-16.1344],[-69.49649,-16.13468],[-69.49679,-16.13536],[-69.49689,-16.13687],[-69.49772,-16.13669],[-69.49817,-16.13699],[-69.49879,-16.1387],[-69.49918,-16.13886],[-69.50076,-16.13886],[-69.50118,-16.13914],[-69.50135,-16.13966],[-69.50132,-16.14054],[-69.50138,-16.14139],[-69.50188,-16.1421],[-69.50233,-16.14253],[-69.50284,-16.143],[-69.50324,-16.1431],[-69.50449,-16.14324],[-69.5052,-16.14351],[-69.50565,-16.14413],[-69.50575,-16.14504],[-69.50541,-16.14577],[-69.50481,-16.14635],[-69.50393,-16.14658],[-69.50288,-16.14684],[-69.50234,-16.14715],[-69.50219,-16.14752],[-69.50223,-16.14788],[-69.50244,-16.14829],[-69.50279,-16.14861],[-69.50315,-16.14894],[-69.50351,-16.15019],[-69.50345,-16.15085],[-69.5027,-16.15174],[-69.50142,-16.15234],[-69.50064,-16.15243],[-69.5,-16.15256],[-69.49951,-16.1532],[-69.49915,-16.1541],[-69.49863,-16.15532],[-69.49509,-16.15688],[-69.4923,-16.15829],[-69.49185,-16.16009],[-69.49227,-16.16071],[-69.49452,-16.16221],[-69.49736,-16.16511],[-69.49916,-16.16688],[-69.5,-16.16859],[-69.5008,-16.17021],[-69.50203,-16.172],[-69.50275,-16.17234],[-69.50291,-16.17262],[-69.50271,-16.17287],[-69.50245,-16.17336],[-69.50347,-16.17422],[-69.50505,-16.17488],[-69.50543,-16.1747],[-69.5048,-16.17359],[-69.50469,-16.17286],[-69.50501,-16.1718],[-69.50527,-16.17073],[-69.50582,-16.16996],[-69.50596,-16.16846],[-69.50644,-16.16721],[-69.50663,-16.16625],[-69.50709,-16.16588],[-69.50868,-16.165],[-69.50953,-16.16347],[-69.51006,-16.1627],[-69.5104,-16.16263],[-69.51117,-16.16274],[-69.51089,-16.16223],[-69.50918,-16.16108],[-69.50898,-16.1606],[-69.50924,-16.15989],[-69.51067,-16.15793],[-69.51117,-16.1581],[-69.51132,-16.15997],[-69.51176,-16.162],[-69.51226,-16.1628],[-69.51266,-16.16276],[-69.51288,-16.16133],[-69.51324,-16.16082],[-69.51373,-16.16076],[-69.51462,-16.16092],[-69.51606,-16.16053],[-69.51659,-16.16065],[-69.51663,-16.16121],[-69.51612,-16.16161],[-69.51522,-16.16218],[-69.51414,-16.16579],[-69.5132,-16.1678],[-69.51237,-16.16852],[-69.51106,-16.16897],[-69.51107,-16.16945],[-69.51233,-16.1705],[-69.51305,-16.17142],[-69.51333,-16.17284],[-69.51335,-16.17375],[-69.51391,-16.17542],[-69.51394,-16.17776],[-69.51389,-16.17997],[-69.5141,-16.18323],[-69.51398,-16.18487],[-69.5135,-16.18665],[-69.51311,-16.1882],[-69.51218,-16.19018],[-69.51079,-16.19223],[-69.50896,-16.19506],[-69.50729,-16.19672],[-69.50467,-16.1997],[-69.5033,-16.20113],[-69.50198,-16.20225],[-69.5,-16.20411],[-69.49856,-16.20546],[-69.496,-16.20727],[-69.49432,-16.20806],[-69.49284,-16.20841],[-69.49103,-16.20825],[-69.48766,-16.20703],[-69.48445,-16.2042],[-69.4829,-16.20348],[-69.48215,-16.20389],[-69.48158,-16.20452],[-69.48128,-16.20454],[-69.4809,-16.20439],[-69.47821,-16.20265],[-69.47731,-16.20151],[-69.47638,-16.20074],[-69.47372,-16.19878],[-69.47291,-16.19829],[-69.47207,-16.19821],[-69.46952,-16.19956],[-69.46566,-16.20129],[-69.46425,-16.20222],[-69.46257,-16.20273],[-69.46151,-16.20241],[-69.45996,-16.20207],[-69.45873,-16.20096],[-69.45746,-16.19958],[-69.45622,-16.19935],[-69.45559,-16.19895],[-69.45394,-16.19634],[-69.45316,-16.19479],[-69.45043,-16.19243],[-69.44908,-16.19001],[-69.44733,-16.18896],[-69.44564,-16.18806],[-69.44191,-16.18632],[-69.43791,-16.18391],[-69.43658,-16.18272],[-69.43626,-16.18182],[-69.43554,-16.18127],[-69.43385,-16.18055],[-69.43287,-16.18043],[-69.43104,-16.18069],[-69.42729,-16.17928],[-69.42489,-16.1788],[-69.42412,-16.17894],[-69.42179,-16.18127],[-69.42103,-16.18139],[-69.41965,-16.18149],[-69.41867,-16.18112],[-69.41775,-16.1813],[-69.41645,-16.18286],[-69.41598,-16.18412],[-69.41456,-16.18667],[-69.41202,-16.18792],[-69.41036,-16.18868],[-69.40878,-16.18925],[-69.40631,-16.18992],[-69.40401,-16.1904],[-69.40305,-16.19019],[-69.40198,-16.1889],[-69.40004,-16.1858],[-69.39697,-16.18394],[-69.395,-16.18296],[-69.39387,-16.18288],[-69.39197,-16.18152],[-69.39055,-16.18094],[-69.38901,-16.18012],[-69.38771,-16.1813],[-69.38764,-16.18189],[-69.38803,-16.18342],[-69.38612,-16.18433],[-69.38497,-16.18534],[-69.38349,-16.18876],[-69.38353,-16.19063],[-69.38389,-16.19152],[-69.38477,-16.19232],[-69.386,-16.19297],[-69.3869,-16.19498],[-69.3876,-16.19654],[-69.38818,-16.19722],[-69.38931,-16.19741],[-69.39065,-16.1983],[-69.39067,-16.19893],[-69.39118,-16.19918],[-69.39317,-16.19913],[-69.39442,-16.19824],[-69.39513,-16.198],[-69.39972,-16.19886],[-69.40072,-16.19988],[-69.40077,-16.20069],[-69.40039,-16.20108],[-69.39923,-16.20156],[-69.39892,-16.20247],[-69.39874,-16.20457],[-69.39927,-16.20578],[-69.39863,-16.20886],[-69.39707,-16.20959],[-69.39626,-16.21041],[-69.39559,-16.21185],[-69.39276,-16.21465],[-69.39208,-16.21614],[-69.39053,-16.21682],[-69.38821,-16.21825],[-69.38732,-16.21938],[-69.38688,-16.22075],[-69.38436,-16.2233],[-69.38313,-16.22536],[-69.38212,-16.22838],[-69.37985,-16.23065],[-69.37648,-16.23464],[-69.3743,-16.23643],[-69.37186,-16.23754],[-69.37213,-16.23801],[-69.37194,-16.23856],[-69.36941,-16.24064],[-69.36659,-16.24227],[-69.36516,-16.24366],[-69.36262,-16.24739],[-69.36084,-16.2486],[-69.35805,-16.25014],[-69.35222,-16.25173],[-69.34422,-16.25292],[-69.33361,-16.25453],[-69.3298,-16.25494],[-69.32826,-16.25515],[-69.32471,-16.25574],[-69.3227,-16.25604],[-69.31777,-16.25676],[-69.31138,-16.25711],[-69.30996,-16.25646],[-69.3071,-16.25472],[-69.30358,-16.25449],[-69.30039,-16.25432],[-69.29845,-16.25468],[-69.29654,-16.25406],[-69.29527,-16.2539],[-69.29436,-16.25441],[-69.294,-16.25572],[-69.29481,-16.25864],[-69.29522,-16.26012],[-69.29458,-16.26072],[-69.29375,-16.26063],[-69.29227,-16.25915],[-69.29042,-16.25801],[-69.28902,-16.25775],[-69.28764,-16.25825],[-69.28693,-16.25888],[-69.28652,-16.25981],[-69.28661,-16.26158],[-69.28612,-16.26332],[-69.28765,-16.26463],[-69.28877,-16.26652],[-69.28878,-16.26828],[-69.29019,-16.27083],[-69.28999,-16.27234],[-69.28967,-16.27386],[-69.2881,-16.27525],[-69.2867,-16.27588],[-69.28632,-16.27696],[-69.28445,-16.27857],[-69.28134,-16.28234],[-69.28166,-16.28372],[-69.28235,-16.28529],[-69.28205,-16.28688],[-69.28072,-16.2879],[-69.27973,-16.28784],[-69.27918,-16.28821],[-69.27899,-16.28895],[-69.2782,-16.28947],[-69.27507,-16.28966],[-69.27076,-16.28982],[-69.26964,-16.29034],[-69.26831,-16.29042],[-69.26665,-16.29169],[-69.2667,-16.2928],[-69.26646,-16.29378],[-69.26568,-16.29424],[-69.26517,-16.29607],[-69.26419,-16.29573],[-69.26372,-16.29598],[-69.26385,-16.29684],[-69.26268,-16.29736],[-69.26116,-16.29777],[-69.26031,-16.2983],[-69.25907,-16.29982],[-69.25748,-16.3001],[-69.25677,-16.29973],[-69.2562,-16.29809],[-69.25644,-16.29666],[-69.25627,-16.29562],[-69.25531,-16.29465],[-69.25471,-16.29215],[-69.2552,-16.29012],[-69.2556,-16.28951],[-69.25666,-16.28897],[-69.25712,-16.28812],[-69.25776,-16.28633],[-69.25777,-16.28583],[-69.25749,-16.28564],[-69.25488,-16.28479],[-69.25352,-16.28455],[-69.25264,-16.28481],[-69.24935,-16.28649],[-69.24848,-16.28636],[-69.24599,-16.28479],[-69.24524,-16.28367],[-69.24517,-16.28174],[-69.24476,-16.28046],[-69.24382,-16.27904],[-69.24376,-16.27825],[-69.24222,-16.2781],[-69.2411,-16.27745],[-69.23918,-16.27543],[-69.23853,-16.27418],[-69.23751,-16.27326],[-69.23819,-16.27248],[-69.24116,-16.27044],[-69.24286,-16.27069],[-69.24297,-16.2715],[-69.24364,-16.2716],[-69.24497,-16.27104],[-69.24638,-16.27093],[-69.24625,-16.27066],[-69.24265,-16.26931],[-69.239,-16.26787],[-69.23629,-16.26679],[-69.23591,-16.26612],[-69.23615,-16.26423],[-69.23526,-16.26229],[-69.23478,-16.2619],[-69.23184,-16.26225],[-69.2304,-16.26296],[-69.23029,-16.26386],[-69.2313,-16.26482],[-69.23196,-16.26571],[-69.23168,-16.26705],[-69.23008,-16.26786],[-69.22842,-16.26819],[-69.22655,-16.2677],[-69.22416,-16.26694],[-69.22279,-16.26732],[-69.22006,-16.26678],[-69.21738,-16.26633],[-69.2147,-16.26631],[-69.20989,-16.26752],[-69.20717,-16.26708],[-69.20218,-16.26491],[-69.19777,-16.26349],[-69.19131,-16.26213],[-69.18335,-16.25954],[-69.17938,-16.25804],[-69.17626,-16.25704],[-69.17361,-16.25666],[-69.17248,-16.2571],[-69.17112,-16.25831],[-69.17011,-16.25861],[-69.16702,-16.25834],[-69.1644,-16.2577],[-69.1603,-16.25755],[-69.15596,-16.25625],[-69.15328,-16.25542],[-69.15068,-16.25466],[-69.1483,-16.25427],[-69.14535,-16.25315],[-69.14214,-16.25146],[-69.13966,-16.2503],[-69.13623,-16.24885],[-69.13251,-16.24678],[-69.12843,-16.24484],[-69.12193,-16.24128],[-69.11598,-16.23774],[-69.11443,-16.23726],[-69.11374,-16.2379],[-69.11153,-16.2387],[-69.10821,-16.23989],[-69.10696,-16.24006],[-69.10728,-16.24041],[-69.10964,-16.24027],[-69.11115,-16.2401],[-69.11326,-16.2394],[-69.11428,-16.23978],[-69.11497,-16.2398],[-69.1168,-16.23947],[-69.11713,-16.23972],[-69.11636,-16.24008],[-69.11379,-16.24118],[-69.11219,-16.24162],[-69.10993,-16.24241],[-69.10801,-16.24293],[-69.10739,-16.24276],[-69.10731,-16.24185],[-69.1066,-16.24134],[-69.10581,-16.2415],[-69.10556,-16.24242],[-69.10469,-16.24396],[-69.10285,-16.24423],[-69.10088,-16.24392],[-69.09863,-16.24377],[-69.09731,-16.24382],[-69.09642,-16.24267],[-69.09523,-16.24103],[-69.09519,-16.24053],[-69.09674,-16.2394],[-69.09884,-16.23808],[-69.09884,-16.23752],[-69.09834,-16.23703],[-69.09691,-16.23695],[-69.09511,-16.23628],[-69.09495,-16.23556],[-69.09606,-16.23444],[-69.09771,-16.23293],[-69.09956,-16.2324],[-69.10052,-16.23093],[-69.10224,-16.22869],[-69.10235,-16.22745],[-69.10188,-16.22609],[-69.10274,-16.22466],[-69.1018,-16.22366],[-69.09924,-16.22256],[-69.09602,-16.22125],[-69.09383,-16.21988],[-69.09327,-16.21907],[-69.093,-16.21789],[-69.09142,-16.21726],[-69.0894,-16.21565],[-69.08853,-16.21408],[-69.08837,-16.21257],[-69.08875,-16.21091],[-69.08956,-16.20939],[-69.09021,-16.20882],[-69.09149,-16.20842],[-69.09158,-16.20827],[-69.09121,-16.20754],[-69.09042,-16.20593],[-69.09047,-16.20523],[-69.09142,-16.20479],[-69.0915,-16.20278],[-69.09205,-16.20231],[-69.09273,-16.2003],[-69.09355,-16.19993],[-69.09681,-16.20252],[-69.09813,-16.20315],[-69.09986,-16.20336],[-69.10076,-16.20346],[-69.10172,-16.20345],[-69.10226,-16.20457],[-69.10279,-16.20587],[-69.10439,-16.20662],[-69.10565,-16.20672],[-69.10735,-16.20563],[-69.10741,-16.20491],[-69.10682,-16.20351],[-69.10483,-16.20161],[-69.10494,-16.20115],[-69.10592,-16.20008],[-69.10757,-16.1979],[-69.1092,-16.19696],[-69.1122,-16.19593],[-69.11322,-16.1958],[-69.11479,-16.19602],[-69.11692,-16.19588],[-69.11874,-16.19414],[-69.12018,-16.1933],[-69.12173,-16.19377],[-69.1231,-16.19499],[-69.12391,-16.19798],[-69.12444,-16.19982],[-69.1252,-16.20019],[-69.12598,-16.19985],[-69.12715,-16.19858],[-69.12745,-16.19739],[-69.12718,-16.19609],[-69.12557,-16.19312],[-69.12457,-16.19039],[-69.12454,-16.18744],[-69.1239,-16.18401],[-69.12273,-16.1823],[-69.12097,-16.18092],[-69.11979,-16.18047],[-69.11642,-16.18001],[-69.11334,-16.17959],[-69.10868,-16.17902],[-69.10199,-16.17866],[-69.10068,-16.17813],[-69.09729,-16.17554],[-69.09424,-16.17198],[-69.09096,-16.16736],[-69.09081,-16.16565],[-69.0914,-16.16404],[-69.09209,-16.1636],[-69.09302,-16.16324],[-69.09446,-16.16063],[-69.09419,-16.15949],[-69.09275,-16.15833],[-69.09171,-16.15755],[-69.08952,-16.15719],[-69.08729,-16.15679],[-69.085,-16.15812],[-69.08368,-16.15829],[-69.08142,-16.15711],[-69.07976,-16.15721],[-69.07795,-16.15613],[-69.0761,-16.15534],[-69.07481,-16.15348],[-69.07447,-16.15224],[-69.07452,-16.15119],[-69.07516,-16.15055],[-69.07722,-16.14973],[-69.07784,-16.14892],[-69.07866,-16.14612],[-69.07977,-16.14501],[-69.08183,-16.14417],[-69.08262,-16.14238],[-69.08323,-16.14179],[-69.08469,-16.1417],[-69.08525,-16.14094],[-69.08646,-16.14041],[-69.08833,-16.14041],[-69.09107,-16.13975],[-69.09326,-16.1382],[-69.09522,-16.13684],[-69.09541,-16.13531],[-69.09521,-16.13437],[-69.09286,-16.13317],[-69.08957,-16.1315],[-69.08867,-16.13158],[-69.08797,-16.13285],[-69.08705,-16.13455],[-69.08616,-16.13614],[-69.08482,-16.13724],[-69.08284,-16.13818],[-69.08009,-16.13779],[-69.07886,-16.13777],[-69.07694,-16.13835],[-69.07314,-16.13762],[-69.07249,-16.13674],[-69.07264,-16.1361],[-69.07569,-16.13321],[-69.07681,-16.13138],[-69.07833,-16.13117],[-69.07918,-16.13088],[-69.08017,-16.12983],[-69.08135,-16.12753],[-69.08305,-16.12595],[-69.08398,-16.12411],[-69.08365,-16.12286],[-69.0827,-16.12137],[-69.083,-16.12043],[-69.08445,-16.1187],[-69.08369,-16.11703],[-69.08342,-16.11423],[-69.08294,-16.11221],[-69.08321,-16.11071],[-69.08375,-16.11],[-69.08553,-16.10983],[-69.08667,-16.11025],[-69.08679,-16.11193],[-69.08713,-16.1126],[-69.08767,-16.11267],[-69.08831,-16.11238],[-69.08945,-16.11072],[-69.09101,-16.10982],[-69.0934,-16.10805],[-69.09575,-16.1068],[-69.09771,-16.10614],[-69.10042,-16.10382],[-69.10296,-16.10223],[-69.10621,-16.09988],[-69.11017,-16.09745],[-69.1108,-16.09594],[-69.11237,-16.09395],[-69.11459,-16.09176],[-69.11529,-16.09033],[-69.11725,-16.08877],[-69.1194,-16.08703],[-69.12025,-16.08554],[-69.12084,-16.08302],[-69.12185,-16.08193],[-69.12328,-16.08071],[-69.12371,-16.07913],[-69.12538,-16.07654],[-69.12823,-16.07197],[-69.13049,-16.06925],[-69.13252,-16.06558],[-69.13551,-16.06139],[-69.13541,-16.05901],[-69.13471,-16.05824],[-69.13323,-16.05789],[-69.13178,-16.05749],[-69.12906,-16.05925],[-69.12689,-16.06097],[-69.12374,-16.06144],[-69.12162,-16.06144],[-69.12072,-16.06074],[-69.12005,-16.0593],[-69.11989,-16.05673],[-69.11928,-16.05591],[-69.11769,-16.0559],[-69.11678,-16.05632],[-69.11554,-16.05789],[-69.11539,-16.05867],[-69.1162,-16.06051],[-69.11601,-16.0616],[-69.11476,-16.06404],[-69.11506,-16.06771],[-69.11458,-16.06864],[-69.11124,-16.07055],[-69.10892,-16.07296],[-69.10792,-16.07479],[-69.10737,-16.07523],[-69.10593,-16.07514],[-69.10459,-16.0754],[-69.10118,-16.07776],[-69.09977,-16.07932],[-69.09879,-16.08023],[-69.09802,-16.08034],[-69.09672,-16.07908],[-69.09563,-16.07733],[-69.09473,-16.07704],[-69.09233,-16.07793],[-69.09076,-16.07847],[-69.0893,-16.08204],[-69.08849,-16.08317],[-69.0868,-16.08336],[-69.0831,-16.08089],[-69.08111,-16.07889],[-69.0795,-16.07741],[-69.07763,-16.07742],[-69.07684,-16.07784],[-69.07611,-16.07954],[-69.07525,-16.08215],[-69.07375,-16.08367],[-69.07178,-16.08527],[-69.07079,-16.08683],[-69.06912,-16.08948],[-69.06673,-16.09131],[-69.06448,-16.09242],[-69.06112,-16.09457],[-69.05953,-16.09536],[-69.05673,-16.09594],[-69.05415,-16.09298],[-69.05262,-16.09159],[-69.04646,-16.08984],[-69.04564,-16.09003],[-69.04459,-16.09108],[-69.04355,-16.09336],[-69.04323,-16.09677],[-69.04328,-16.09825],[-69.04204,-16.10211],[-69.04092,-16.10394],[-69.03951,-16.10647],[-69.03945,-16.10953],[-69.03892,-16.11093],[-69.03771,-16.11254],[-69.03584,-16.1139],[-69.03413,-16.11382],[-69.0332,-16.11401],[-69.03157,-16.11465],[-69.02982,-16.11442],[-69.02834,-16.11445],[-69.02413,-16.11628],[-69.02155,-16.11673],[-69.01959,-16.11631],[-69.01829,-16.11669],[-69.01639,-16.118],[-69.01337,-16.11949],[-69.00961,-16.12046],[-69.00865,-16.12093],[-69.00837,-16.12234],[-69.0075,-16.12379],[-69.00662,-16.12421],[-69.00493,-16.12333],[-69.00403,-16.12329],[-69.00237,-16.12472],[-69.00141,-16.12471],[-69.001,-16.12504],[-69.00038,-16.12686],[-69.0,-16.12736],[-68.99786,-16.12905],[-68.99684,-16.13053],[-68.99511,-16.13247],[-68.99283,-16.13436],[-68.99201,-16.13556],[-68.99106,-16.13657],[-68.98916,-16.13764],[-68.98871,-16.13856],[-68.98923,-16.14032],[-68.98925,-16.14197],[-68.98868,-16.14381],[-68.98782,-16.14477],[-68.98632,-16.14537],[-68.98582,-16.14569],[-68.98541,-16.14768],[-68.98493,-16.14934],[-68.98415,-16.15042],[-68.9827,-16.15157],[-68.98061,-16.1522],[-68.97991,-16.15268],[-68.9794,-16.15372],[-68.97813,-16.15407],[-68.97625,-16.15425],[-68.97452,-16.15408],[-68.97246,-16.15435],[-68.97136,-16.15465],[-68.96986,-16.15459],[-68.96813,-16.1551],[-68.96701,-16.15617],[-68.96633,-16.15656],[-68.96504,-16.15906],[-68.96411,-16.16048],[-68.96385,-16.16132],[-68.96369,-16.16273],[-68.9631,-16.16414],[-68.96143,-16.16649],[-68.96047,-16.16861],[-68.96058,-16.16979],[-68.96078,-16.17075],[-68.96006,-16.17244],[-68.95917,-16.17359],[-68.95834,-16.17389],[-68.95665,-16.17444],[-68.95517,-16.1751],[-68.9541,-16.17525],[-68.95325,-16.17521],[-68.9526,-16.17365],[-68.95208,-16.17319],[-68.95157,-16.17344],[-68.95056,-16.17447],[-68.95025,-16.17556],[-68.95006,-16.17617],[-68.95026,-16.17662],[-68.95113,-16.17694],[-68.95115,-16.17751],[-68.95014,-16.17852],[-68.94932,-16.17863],[-68.94856,-16.1772],[-68.94795,-16.17686],[-68.94759,-16.17695],[-68.94686,-16.17732],[-68.94656,-16.17795],[-68.94606,-16.17963],[-68.94536,-16.18001],[-68.94501,-16.17986],[-68.9445,-16.1794],[-68.94411,-16.17983],[-68.9438,-16.18006],[-68.94354,-16.18004],[-68.9431,-16.17917],[-68.94227,-16.17831],[-68.94149,-16.17841],[-68.94099,-16.17821],[-68.94028,-16.18003],[-68.93969,-16.18089],[-68.9391,-16.18077],[-68.93832,-16.18026],[-68.93771,-16.18069],[-68.93757,-16.1809],[-68.93702,-16.18257],[-68.93668,-16.18285],[-68.9362,-16.18256],[-68.93536,-16.18229],[-68.93383,-16.18239],[-68.93298,-16.1824],[-68.93165,-16.18349],[-68.93025,-16.1831],[-68.92966,-16.18303],[-68.92921,-16.1833],[-68.92836,-16.18424],[-68.92732,-16.18411],[-68.92652,-16.18433],[-68.9256,-16.18481],[-68.92471,-16.18542],[-68.92396,-16.18528],[-68.92316,-16.1858],[-68.9221,-16.18574],[-68.92041,-16.18626],[-68.91993,-16.18669],[-68.91848,-16.18694],[-68.91675,-16.18782],[-68.91522,-16.18826],[-68.91336,-16.18748],[-68.91274,-16.18758],[-68.91227,-16.1884],[-68.91173,-16.18857],[-68.91036,-16.18765],[-68.90998,-16.18763],[-68.90927,-16.18802],[-68.90705,-16.18838],[-68.90561,-16.18832],[-68.90443,-16.18882],[-68.90271,-16.18969],[-68.90165,-16.19044],[-68.90003,-16.19231],[-68.89836,-16.19338],[-68.89735,-16.19329],[-68.89643,-16.1934],[-68.89605,-16.19367],[-68.89611,-16.19428],[-68.89565,-16.19594],[-68.89497,-16.1966],[-68.89389,-16.19671],[-68.89224,-16.19596],[-68.89168,-16.19604],[-68.89076,-16.19748],[-68.89062,-16.19871],[-68.89035,-16.19944],[-68.88837,-16.19997],[-68.88768,-16.20026],[-68.88714,-16.20063],[-68.88579,-16.20129],[-68.8846,-16.20101],[-68.88391,-16.20041],[-68.88338,-16.20026],[-68.88193,-16.20037],[-68.88102,-16.20022],[-68.88019,-16.20163],[-68.88003,-16.20296],[-68.87888,-16.20451],[-68.87797,-16.20469],[-68.8771,-16.20458],[-68.87627,-16.20483],[-68.87542,-16.20508],[-68.87369,-16.2057],[-68.87308,-16.20767],[-68.87243,-16.20903],[-68.87133,-16.21027],[-68.87099,-16.21072],[-68.86962,-16.21104],[-68.86823,-16.21076],[-68.86769,-16.21038],[-68.86692,-16.21022],[-68.86595,-16.21026],[-68.86502,-16.21112],[-68.86399,-16.21217],[-68.8636,-16.21327],[-68.86247,-16.21483],[-68.86133,-16.21587],[-68.86039,-16.21599],[-68.85817,-16.21524],[-68.85653,-16.21531],[-68.85404,-16.21755],[-68.85295,-16.21895],[-68.85271,-16.21945],[-68.85223,-16.21975],[-68.85152,-16.21998],[-68.85113,-16.22076],[-68.85028,-16.22179],[-68.84862,-16.22315],[-68.84716,-16.22394],[-68.84614,-16.22451],[-68.84549,-16.22523],[-68.84434,-16.22563],[-68.84349,-16.22669],[-68.84288,-16.227],[-68.84171,-16.22776],[-68.84051,-16.22796],[-68.83939,-16.22883],[-68.83847,-16.22907],[-68.83828,-16.22989],[-68.83758,-16.23096],[-68.83631,-16.23117],[-68.8352,-16.23202],[-68.83317,-16.23304],[-68.83178,-16.23392],[-68.83004,-16.23487],[-68.82876,-16.23611],[-68.82725,-16.23781],[-68.82695,-16.23884],[-68.82726,-16.24052],[-68.8282,-16.24308],[-68.82823,-16.24403],[-68.82846,-16.24609],[-68.82876,-16.24666],[-68.82935,-16.24733],[-68.83041,-16.24806],[-68.83171,-16.24885],[-68.83195,-16.25009],[-68.83155,-16.25148],[-68.83251,-16.25244],[-68.83318,-16.25276],[-68.83392,-16.2527],[-68.8343,-16.25283],[-68.83504,-16.25362],[-68.83585,-16.25405],[-68.83733,-16.2544],[-68.83575,-16.25616],[-68.83456,-16.2576],[-68.83364,-16.25959],[-68.83294,-16.26068],[-68.83155,-16.26222],[-68.83115,-16.26394],[-68.83154,-16.26417],[-68.83312,-16.26318],[-68.83479,-16.26186],[-68.83568,-16.26141],[-68.83655,-16.26129],[-68.83689,-16.26172],[-68.83693,-16.26312],[-68.83696,-16.26487],[-68.83664,-16.26655],[-68.83594,-16.26775],[-68.83547,-16.26927],[-68.83467,-16.27014],[-68.83448,-16.27107],[-68.83459,-16.27208],[-68.83501,-16.27247],[-68.83582,-16.2724],[-68.83777,-16.27171],[-68.83973,-16.27081],[-68.84148,-16.26972],[-68.84207,-16.26913],[-68.8425,-16.26824],[-68.84326,-16.2678],[-68.8446,-16.2678],[-68.84545,-16.26733],[-68.84603,-16.26681],[-68.84688,-16.26704],[-68.84834,-16.26688],[-68.84951,-16.26681],[-68.85042,-16.26661],[-68.85195,-16.26692],[-68.85336,-16.26663],[-68.85452,-16.26595],[-68.85521,-16.26566],[-68.85648,-16.26559],[-68.85766,-16.2657],[-68.85903,-16.26615],[-68.86062,-16.26698],[-68.86211,-16.26716],[-68.86321,-16.26686],[-68.86516,-16.26606],[-68.86688,-16.26608],[-68.8689,-16.26578],[-68.87026,-16.26543],[-68.87186,-16.26583],[-68.87403,-16.26619],[-68.87557,-16.26581],[-68.87752,-16.26525],[-68.87889,-16.26519],[-68.87958,-16.26552],[-68.88034,-16.26537],[-68.88193,-16.26497],[-68.88311,-16.2647],[-68.88451,-16.26453],[-68.8855,-16.264],[-68.88693,-16.26284],[-68.88763,-16.26216],[-68.8889,-16.26146],[-68.88956,-16.26082],[-68.88981,-16.26041],[-68.8902,-16.25947],[-68.89077,-16.25855],[-68.89107,-16.25803],[-68.89242,-16.25705],[-68.89337,-16.25665],[-68.89355,-16.25601],[-68.89364,-16.25394],[-68.89432,-16.2529],[-68.89505,-16.25114],[-68.89511,-16.24979],[-68.89525,-16.24925],[-68.89584,-16.24838],[-68.89642,-16.24682],[-68.8964,-16.24615],[-68.89638,-16.24491],[-68.89561,-16.2432],[-68.89423,-16.24211],[-68.8924,-16.24094],[-68.892,-16.24007],[-68.89117,-16.23916],[-68.89093,-16.23812],[-68.89088,-16.23608],[-68.89001,-16.23465],[-68.88891,-16.23417],[-68.88791,-16.23364],[-68.88809,-16.23295],[-68.88988,-16.2322],[-68.89103,-16.23138],[-68.89252,-16.22973],[-68.89434,-16.22885],[-68.89565,-16.22802],[-68.89738,-16.22778],[-68.89832,-16.22744],[-68.89987,-16.22661],[-68.90078,-16.22614],[-68.90257,-16.2245],[-68.90455,-16.22303],[-68.9067,-16.22113],[-68.90723,-16.21999],[-68.90764,-16.21902],[-68.90791,-16.21795],[-68.90899,-16.21741],[-68.9097,-16.21749],[-68.91053,-16.21753],[-68.91121,-16.2179],[-68.91198,-16.21743],[-68.91283,-16.21655],[-68.91421,-16.21602],[-68.91499,-16.21564],[-68.9165,-16.21512],[-68.91738,-16.21423],[-68.91843,-16.21141],[-68.91837,-16.21044],[-68.91791,-16.2098],[-68.91817,-16.20871],[-68.91833,-16.20794],[-68.91826,-16.20728],[-68.91778,-16.20589],[-68.91756,-16.20486],[-68.91809,-16.203],[-68.91913,-16.20171],[-68.92149,-16.20136],[-68.92215,-16.20094],[-68.92274,-16.1998],[-68.92371,-16.19959],[-68.92543,-16.19947],[-68.92711,-16.19938],[-68.92877,-16.19958],[-68.92977,-16.19939],[-68.93119,-16.19854],[-68.93189,-16.19734],[-68.93364,-16.19618],[-68.93625,-16.19405],[-68.93834,-16.19351],[-68.94084,-16.19299],[-68.94239,-16.19299],[-68.94328,-16.19306],[-68.94548,-16.1935],[-68.94785,-16.19342],[-68.94946,-16.19313],[-68.95165,-16.19363],[-68.9528,-16.19363],[-68.95419,-16.19428],[-68.95499,-16.19468],[-68.95583,-16.19497],[-68.95642,-16.19506],[-68.9565,-16.19619],[-68.95675,-16.19684],[-68.95765,-16.19965],[-68.95784,-16.20049],[-68.95832,-16.20124],[-68.95924,-16.20163],[-68.96015,-16.20212],[-68.96105,-16.20372],[-68.96165,-16.20447],[-68.96129,-16.20562],[-68.96141,-16.20645],[-68.96183,-16.20718],[-68.96142,-16.20782],[-68.96127,-16.20869],[-68.96108,-16.20934],[-68.96179,-16.20959],[-68.9628,-16.20982],[-68.96304,-16.21006],[-68.96342,-16.21137],[-68.96399,-16.21321],[-68.9642,-16.21405],[-68.96505,-16.2156],[-68.96505,-16.21707],[-68.96516,-16.21783],[-68.96545,-16.21875],[-68.96426,-16.22009],[-68.96304,-16.22114],[-68.96163,-16.22246],[-68.96082,-16.22323],[-68.9609,-16.22398],[-68.96096,-16.2249],[-68.96038,-16.22534],[-68.95908,-16.22628],[-68.95872,-16.22664],[-68.95903,-16.22707],[-68.95983,-16.2274],[-68.96132,-16.22751],[-68.96241,-16.22733],[-68.96415,-16.22633],[-68.965,-16.22642],[-68.96594,-16.2264],[-68.96669,-16.22656],[-68.96702,-16.22676],[-68.9671,-16.22727],[-68.96663,-16.22798],[-68.9669,-16.22868],[-68.96862,-16.22905],[-68.96963,-16.22966],[-68.9703,-16.2306],[-68.97087,-16.23259],[-68.97129,-16.23327],[-68.97163,-16.23367],[-68.9716,-16.23389],[-68.97116,-16.23401],[-68.96956,-16.23413],[-68.96886,-16.23451],[-68.96818,-16.23497],[-68.9671,-16.23484],[-68.96686,-16.23493],[-68.96647,-16.23621],[-68.96555,-16.23737],[-68.96575,-16.23854],[-68.96596,-16.23982],[-68.96632,-16.24014],[-68.96677,-16.23978],[-68.96708,-16.23839],[-68.96769,-16.23724],[-68.96861,-16.23643],[-68.9703,-16.2356],[-68.9718,-16.23594],[-68.97205,-16.23644],[-68.97144,-16.23761],[-68.97053,-16.23954],[-68.97025,-16.24054],[-68.96965,-16.24067],[-68.9696,-16.24084],[-68.9703,-16.24243],[-68.97149,-16.24453],[-68.97199,-16.24566],[-68.97353,-16.24909],[-68.97497,-16.25183],[-68.97562,-16.25394],[-68.97628,-16.25561],[-68.97712,-16.25766],[-68.97789,-16.25917],[-68.97838,-16.26159],[-68.97886,-16.26165],[-68.97955,-16.25951],[-68.97998,-16.25786],[-68.98023,-16.25731],[-68.98052,-16.25721],[-68.98087,-16.25753],[-68.98138,-16.25883],[-68.98218,-16.25924],[-68.98244,-16.26001],[-68.9821,-16.26138],[-68.98246,-16.26291],[-68.98266,-16.26452],[-68.98297,-16.2653],[-68.98341,-16.26544],[-68.98417,-16.26523],[-68.98496,-16.2645],[-68.9853,-16.26314],[-68.98572,-16.26113],[-68.98611,-16.25944],[-68.98647,-16.258],[-68.98724,-16.25804],[-68.98824,-16.25855],[-68.98797,-16.25966],[-68.98818,-16.26063],[-68.98798,-16.26204],[-68.9886,-16.26368],[-68.98982,-16.26537],[-68.99131,-16.26583],[-68.99208,-16.26627],[-68.9915,-16.2674],[-68.99086,-16.26792],[-68.99017,-16.26828],[-68.99011,-16.2688],[-68.99079,-16.26952],[-68.99243,-16.26971],[-68.99378,-16.26952],[-68.99417,-16.2698],[-68.99465,-16.2703],[-68.99485,-16.27021],[-68.9952,-16.26952],[-68.99561,-16.26973],[-68.99615,-16.27079],[-68.99602,-16.27145],[-68.99569,-16.27191],[-68.99534,-16.27185],[-68.99522,-16.27104],[-68.99507,-16.27086],[-68.99473,-16.27093],[-68.99465,-16.27197],[-68.99526,-16.2732],[-68.99642,-16.27393],[-68.99923,-16.27435],[-69.0,-16.27438],[-69.00211,-16.27359],[-69.00393,-16.27327],[-69.00588,-16.27219],[-69.00647,-16.27139],[-69.00615,-16.27109],[-69.00467,-16.27215],[-69.00384,-16.27093],[-69.0028,-16.26885],[-69.00174,-16.26732],[-69.00094,-16.26501],[-69.0,-16.26144],[-68.99987,-16.26104],[-68.99904,-16.25876],[-68.99881,-16.25767],[-68.99905,-16.25646],[-68.99856,-16.25495],[-68.99766,-16.25347],[-68.996,-16.25209],[-68.99557,-16.25152],[-68.9958,-16.25021],[-68.99572,-16.24936],[-68.99506,-16.24727],[-68.99426,-16.24364],[-68.99387,-16.24266],[-68.99323,-16.2409],[-68.99213,-16.23997],[-68.9905,-16.23909],[-68.98995,-16.23846],[-68.98963,-16.23758],[-68.99004,-16.23653],[-68.99086,-16.23633],[-68.99165,-16.23691],[-68.99271,-16.2379],[-68.99339,-16.23837],[-68.99452,-16.23862],[-68.99556,-16.23873],[-68.99654,-16.24008],[-68.9975,-16.24122],[-68.99757,-16.24267],[-68.99809,-16.24384],[-68.99899,-16.24415],[-68.99979,-16.24408],[-69.0,-16.2441],[-69.0007,-16.24516],[-69.00041,-16.24751],[-69.00057,-16.24848],[-69.00228,-16.24952],[-69.00391,-16.24952],[-69.00424,-16.24967],[-69.00401,-16.25139],[-69.00447,-16.25445],[-69.00538,-16.25679],[-69.00512,-16.25779],[-69.00603,-16.25894],[-69.00709,-16.2603],[-69.00893,-16.26017],[-69.01034,-16.25992],[-69.01064,-16.26012],[-69.01102,-16.26209],[-69.01188,-16.2635],[-69.01345,-16.26444],[-69.01492,-16.2646],[-69.01602,-16.26422],[-69.0173,-16.26218],[-69.01833,-16.2612],[-69.0211,-16.26097],[-69.02186,-16.26127],[-69.02195,-16.26207],[-69.02293,-16.26353],[-69.02402,-16.26411],[-69.02515,-16.2641],[-69.02642,-16.26375],[-69.02715,-16.26415],[-69.02751,-16.26458],[-69.02736,-16.26494],[-69.0259,-16.26563],[-69.02514,-16.26739],[-69.02503,-16.26857],[-69.02546,-16.26886],[-69.02629,-16.26797],[-69.02754,-16.26759],[-69.0284,-16.26731],[-69.02873,-16.26766],[-69.02853,-16.26837],[-69.02921,-16.26851],[-69.02938,-16.26867],[-69.02854,-16.27101],[-69.02897,-16.27228],[-69.03052,-16.27396],[-69.03136,-16.27471],[-69.0318,-16.27447],[-69.03181,-16.27309],[-69.03257,-16.26956],[-69.03345,-16.2688],[-69.03481,-16.26958],[-69.03672,-16.2699],[-69.03817,-16.26911],[-69.04019,-16.26677],[-69.04197,-16.26636],[-69.04338,-16.26664],[-69.04396,-16.26666],[-69.04448,-16.26602],[-69.04372,-16.26392],[-69.04292,-16.26055],[-69.04306,-16.25929],[-69.0438,-16.25898],[-69.04507,-16.25998],[-69.0463,-16.2605],[-69.0474,-16.26007],[-69.04804,-16.25923],[-69.04899,-16.25768],[-69.05106,-16.25684],[-69.0535,-16.25529],[-69.05338,-16.25369],[-69.053,-16.25261],[-69.05335,-16.25155],[-69.05349,-16.25014],[-69.05507,-16.24906],[-69.05626,-16.24927],[-69.05806,-16.2494],[-69.05972,-16.2502],[-69.06131,-16.25052],[-69.06286,-16.25058],[-69.06348,-16.2515],[-69.06332,-16.25262],[-69.06273,-16.25314],[-69.06134,-16.25243],[-69.06115,-16.25269],[-69.06152,-16.25326],[-69.06259,-16.2552],[-69.06311,-16.25628],[-69.06349,-16.25623],[-69.06425,-16.25638],[-69.06516,-16.25695],[-69.06576,-16.25601],[-69.06657,-16.25575],[-69.06783,-16.25565],[-69.0682,-16.25699],[-69.06888,-16.2573],[-69.0722,-16.25658],[-69.07409,-16.25645],[-69.07573,-16.25777],[-69.07707,-16.26048],[-69.07718,-16.26242],[-69.0773,-16.26395],[-69.07617,-16.26643],[-69.07583,-16.26823],[-69.0766,-16.27063],[-69.07665,-16.27129],[-69.07663,-16.27246],[-69.07789,-16.27432],[-69.07813,-16.27593],[-69.07779,-16.27595],[-69.0771,-16.27554],[-69.07547,-16.27528],[-69.07533,-16.2764],[-69.075,-16.27683],[-69.07414,-16.27752],[-69.0735,-16.27986],[-69.07326,-16.2799],[-69.07229,-16.2795],[-69.07115,-16.2802],[-69.07072,-16.28127],[-69.07007,-16.28153],[-69.06721,-16.28223],[-69.06671,-16.28235],[-69.06553,-16.28197],[-69.06444,-16.28125],[-69.0634,-16.28109],[-69.06237,-16.28058],[-69.06166,-16.28013],[-69.06098,-16.28045],[-69.05908,-16.27991],[-69.0574,-16.27845],[-69.05635,-16.27755],[-69.05588,-16.27772],[-69.05601,-16.27894],[-69.0563,-16.28021],[-69.0558,-16.28104],[-69.05412,-16.28148],[-69.05237,-16.28206],[-69.05001,-16.28311],[-69.04964,-16.28377],[-69.04963,-16.2852],[-69.04838,-16.28636],[-69.04719,-16.28749],[-69.04641,-16.28875],[-69.04556,-16.29017],[-69.04375,-16.29247],[-69.04265,-16.29344],[-69.04142,-16.29513],[-69.04053,-16.29625],[-69.03989,-16.29706],[-69.03883,-16.29632],[-69.03812,-16.29602],[-69.03786,-16.29649],[-69.0383,-16.29729],[-69.03918,-16.29826],[-69.03908,-16.2986],[-69.03837,-16.29892],[-69.03729,-16.30051],[-69.03691,-16.30185],[-69.03623,-16.3029],[-69.03721,-16.30536],[-69.03763,-16.30702],[-69.0379,-16.30826],[-69.0375,-16.30898],[-69.03561,-16.31029],[-69.03446,-16.31117],[-69.03205,-16.31327],[-69.0311,-16.3147],[-69.02992,-16.31752],[-69.02851,-16.32007],[-69.02701,-16.32127],[-69.02597,-16.32416],[-69.02566,-16.32571],[-69.02196,-16.33191],[-69.02192,-16.33373],[-69.02243,-16.33565],[-69.02329,-16.33616],[-69.0236,-16.3381],[-69.02435,-16.33961],[-69.02634,-16.34206],[-69.02647,-16.34298],[-69.0251,-16.34439],[-69.02253,-16.34797],[-69.0222,-16.34971],[-69.02313,-16.35168],[-69.02503,-16.35361],[-69.02586,-16.35475],[-69.02611,-16.3561],[-69.02551,-16.35786],[-69.02436,-16.36057],[-69.02609,-16.36217],[-69.02644,-16.36214],[-69.02709,-16.36152],[-69.02774,-16.36162],[-69.02772,-16.36344],[-69.02847,-16.36553],[-69.02861,-16.368],[-69.02818,-16.36978],[-69.02848,-16.37122],[-69.02899,-16.37306],[-69.02993,-16.37377],[-69.03073,-16.37521],[-69.03078,-16.37597],[-69.02954,-16.37708],[-69.02799,-16.38007],[-69.02662,-16.38353],[-69.02648,-16.38553],[-69.02635,-16.38881],[-69.02603,-16.38983],[-69.02606,-16.39128],[-69.02564,-16.39303],[-69.02467,-16.39551],[-69.02348,-16.39973],[-69.0235,-16.40223],[-69.02314,-16.40394],[-69.02353,-16.40448],[-69.02525,-16.40589],[-69.02622,-16.40644],[-69.02661,-16.40641],[-69.02806,-16.40579],[-69.02981,-16.406],[-69.0337,-16.40734],[-69.03622,-16.40935],[-69.03617,-16.41121],[-69.03459,-16.41239],[-69.0339,-16.41309],[-69.03406,-16.4136],[-69.03511,-16.41407],[-69.03557,-16.4144],[-69.03611,-16.41539],[-69.03698,-16.41583],[-69.03817,-16.41566],[-69.03896,-16.41635],[-69.04012,-16.4171],[-69.04104,-16.41714],[-69.04163,-16.41799],[-69.04288,-16.41976],[-69.04327,-16.42178],[-69.04292,-16.42273],[-69.04364,-16.42458],[-69.04405,-16.4274],[-69.04376,-16.42807],[-69.04251,-16.42877],[-69.04248,-16.42898],[-69.04266,-16.43031],[-69.04417,-16.43147],[-69.04461,-16.43241],[-69.0452,-16.43273],[-69.04623,-16.43272],[-69.04645,-16.4331],[-69.04651,-16.43449],[-69.04698,-16.4348],[-69.04821,-16.43481],[-69.04887,-16.43446],[-69.04916,-16.43396],[-69.04932,-16.4331],[-69.04993,-16.43319],[-69.05117,-16.43445],[-69.05176,-16.43446],[-69.0529,-16.43424],[-69.05391,-16.43454],[-69.05461,-16.43383],[-69.05488,-16.43261],[-69.05529,-16.43255],[-69.05574,-16.4339],[-69.056,-16.43517],[-69.05564,-16.43694],[-69.05649,-16.43725],[-69.05767,-16.43726],[-69.05884,-16.43842],[-69.05874,-16.43976],[-69.05832,-16.441],[-69.0592,-16.44126],[-69.05965,-16.44188],[-69.06098,-16.44344],[-69.06153,-16.44481],[-69.06212,-16.44534],[-69.06371,-16.44564],[-69.06546,-16.44795],[-69.06545,-16.44877],[-69.06524,-16.44998],[-69.06603,-16.45057],[-69.06619,-16.45113],[-69.06597,-16.45223],[-69.06626,-16.4525],[-69.06744,-16.45195],[-69.0689,-16.45279],[-69.06886,-16.45384],[-69.06939,-16.45422],[-69.07014,-16.45407],[-69.07079,-16.4545],[-69.07204,-16.45508],[-69.07307,-16.45634],[-69.07432,-16.45629],[-69.07477,-16.45654],[-69.0748,-16.45747],[-69.0748,-16.45841],[-69.07513,-16.45859],[-69.07676,-16.45833],[-69.07726,-16.45853],[-69.07787,-16.45978],[-69.07849,-16.46116],[-69.07868,-16.46241],[-69.07919,-16.46265],[-69.07981,-16.46232],[-69.08089,-16.46167],[-69.08225,-16.46136],[-69.08401,-16.46265],[-69.08429,-16.46334],[-69.08419,-16.4645],[-69.08484,-16.46582],[-69.08529,-16.46748],[-69.08474,-16.46889],[-69.0855,-16.46946],[-69.08611,-16.46983],[-69.08792,-16.47004],[-69.09005,-16.4702],[-69.09136,-16.46998],[-69.09183,-16.47016],[-69.09179,-16.4722],[-69.0922,-16.47286],[-69.09301,-16.47346],[-69.09291,-16.47379],[-69.0921,-16.47357],[-69.09146,-16.47377],[-69.09032,-16.47445],[-69.09027,-16.47484],[-69.09101,-16.47557],[-69.09143,-16.47679],[-69.09195,-16.47728],[-69.09284,-16.47724],[-69.09388,-16.47828],[-69.09373,-16.47896],[-69.09271,-16.48013],[-69.09152,-16.47995],[-69.09082,-16.48038],[-69.0909,-16.48067],[-69.0916,-16.48096],[-69.09115,-16.48181],[-69.09125,-16.48238],[-69.09234,-16.48297],[-69.09271,-16.4835],[-69.09307,-16.48478],[-69.09641,-16.4867],[-69.09691,-16.48729],[-69.09637,-16.48856],[-69.09632,-16.48972],[-69.09714,-16.49051],[-69.09784,-16.49042],[-69.09847,-16.49048],[-69.09825,-16.49155],[-69.09845,-16.49303],[-69.09848,-16.49431],[-69.09832,-16.4952],[-69.09785,-16.49628],[-69.098,-16.49777],[-69.09779,-16.49786],[-69.09689,-16.49722],[-69.09622,-16.49737],[-69.09562,-16.49809],[-69.09472,-16.49775],[-69.09442,-16.49786],[-69.09376,-16.4993],[-69.09329,-16.49961],[-69.09242,-16.49891],[-69.09147,-16.49835],[-69.09013,-16.49761],[-69.08939,-16.49644],[-69.08856,-16.49593],[-69.08843,-16.49612],[-69.08866,-16.49695],[-69.08813,-16.4971],[-69.08711,-16.49743],[-69.08544,-16.49689],[-69.08456,-16.49713],[-69.08346,-16.49815],[-69.08199,-16.49845],[-69.08111,-16.49901],[-69.08135,-16.4996],[-69.08163,-16.5],[-69.0796,-16.49993],[-69.0793,-16.49968],[-69.07876,-16.49929],[-69.07867,-16.49914],[-69.07889,-16.49875],[-69.07907,-16.49847],[-69.0789,-16.49807],[-69.07825,-16.49768],[-69.07789,-16.49679],[-69.07696,-16.49673],[-69.07662,-16.49698],[-69.07673,-16.49766],[-69.07681,-16.49837],[-69.07631,-16.49888],[-69.07611,-16.49959],[-69.07581,-16.49967],[-69.07567,-16.5],[-69.06932,-16.5],[-69.06957,-16.50271],[-69.06995,-16.50418],[-69.07187,-16.50529],[-69.07399,-16.50585],[-69.0747,-16.5059],[-69.07518,-16.50558],[-69.07543,-16.50475],[-69.07558,-16.504],[-69.07613,-16.50353],[-69.07667,-16.50277],[-69.07697,-16.50237],[-69.07751,-16.50185],[-69.07781,-16.50121],[-69.07817,-16.50092],[-69.07853,-16.50046],[-69.07967,-16.50145],[-69.08162,-16.5019],[-69.08231,-16.50248],[-69.08207,-16.50306],[-69.08147,-16.50358],[-69.08057,-16.50399],[-69.07961,-16.50422],[-69.07913,-16.50433],[-69.07823,-16.50457],[-69.07853,-16.50509],[-69.07883,-16.50526],[-69.07907,-16.50543],[-69.07943,-16.50561],[-69.07967,-16.50584],[-69.07973,-16.50653],[-69.07985,-16.50717],[-69.07979,-16.50804],[-69.07913,-16.50896],[-69.07883,-16.50943],[-69.07871,-16.50978],[-69.07847,-16.51035],[-69.07829,-16.51128],[-69.07811,-16.51192],[-69.07793,-16.51221],[-69.07757,-16.51255],[-69.07721,-16.51267],[-69.07673,-16.51255],[-69.07613,-16.51279],[-69.07625,-16.51308],[-69.07643,-16.51331],[-69.07655,-16.5136],[-69.07685,-16.51383],[-69.07667,-16.51441],[-69.07601,-16.51475],[-69.07547,-16.51493],[-69.07505,-16.51516],[-69.07481,-16.51551],[-69.07463,-16.5158],[-69.07451,-16.51742],[-69.07457,-16.51839],[-69.07449,-16.51945],[-69.07401,-16.51999],[-69.07205,-16.52081],[-69.07124,-16.5213],[-69.07075,-16.5221],[-69.07038,-16.5228],[-69.07002,-16.52309],[-69.06978,-16.52321],[-69.0693,-16.52332],[-69.06882,-16.5235],[-69.0684,-16.52373],[-69.06798,-16.52402],[-69.0678,-16.5246],[-69.06798,-16.52564],[-69.06822,-16.5261],[-69.0684,-16.52651],[-69.06865,-16.52716],[-69.06894,-16.52782],[-69.06902,-16.52814],[-69.06878,-16.52875],[-69.06773,-16.53095],[-69.06747,-16.5315],[-69.06608,-16.53317],[-69.06479,-16.53434],[-69.06394,-16.53506],[-69.06269,-16.53575],[-69.06098,-16.53601],[-69.05873,-16.53656],[-69.05671,-16.53747],[-69.05563,-16.53821],[-69.05446,-16.5393],[-69.05418,-16.53988],[-69.05394,-16.54057],[-69.05382,-16.54127],[-69.05346,-16.54196],[-69.05304,-16.54266],[-69.05244,-16.54335],[-69.0516,-16.54405],[-69.05088,-16.54474],[-69.0501,-16.54544],[-69.04962,-16.54613],[-69.04926,-16.54665],[-69.0489,-16.54706],[-69.04866,-16.54746],[-69.04836,-16.54775],[-69.04818,-16.54793],[-69.04722,-16.5488],[-69.04662,-16.54949],[-69.0459,-16.55018],[-69.0453,-16.55088],[-69.0447,-16.55152],[-69.04386,-16.55238],[-69.0432,-16.55308],[-69.04242,-16.55377],[-69.04194,-16.55447],[-69.04134,-16.55516],[-69.04068,-16.5558],[-69.03978,-16.55667],[-69.03918,-16.5573],[-69.0384,-16.55812],[-69.03779,-16.55879],[-69.03677,-16.5599],[-69.03647,-16.56066],[-69.03664,-16.56101],[-69.03715,-16.56166],[-69.03713,-16.56203],[-69.03669,-16.56232],[-69.03596,-16.56289],[-69.03587,-16.56302],[-69.03554,-16.56323],[-69.03501,-16.56399],[-69.03471,-16.56422],[-69.03438,-16.56421],[-69.0339,-16.56391],[-69.03312,-16.56321],[-69.03276,-16.56286],[-69.03204,-16.56217],[-69.03138,-16.56182],[-69.0309,-16.56171],[-69.03041,-16.56171],[-69.02988,-16.56158],[-69.02966,-16.56122],[-69.02953,-16.5606],[-69.02936,-16.56002],[-69.0291,-16.55954],[-69.0291,-16.55933],[-69.0288,-16.55864],[-69.02868,-16.55771],[-69.0285,-16.55679],[-69.02868,-16.55598],[-69.0291,-16.55528],[-69.0297,-16.55459],[-69.03012,-16.55389],[-69.02988,-16.55337],[-69.0297,-16.5532],[-69.02886,-16.5532],[-69.02766,-16.55331],[-69.0267,-16.55366],[-69.02574,-16.55401],[-69.02478,-16.55447],[-69.02382,-16.55511],[-69.02286,-16.55574],[-69.0222,-16.55609],[-69.02142,-16.55627],[-69.02046,-16.55632],[-69.01998,-16.5565],[-69.01902,-16.55702],[-69.01872,-16.55708],[-69.01806,-16.55725],[-69.0171,-16.5576],[-69.01614,-16.558],[-69.01518,-16.55841],[-69.01422,-16.55881],[-69.01326,-16.55933],[-69.01254,-16.55945],[-69.01182,-16.55968],[-69.01086,-16.55991],[-69.0099,-16.56009],[-69.00894,-16.56026],[-69.00828,-16.56043],[-69.00804,-16.56067],[-69.00792,-16.56072],[-69.00768,-16.56084],[-69.00744,-16.56095],[-69.00702,-16.56107],[-69.00654,-16.56142],[-69.00612,-16.56171],[-69.00588,-16.56182],[-69.0051,-16.56229],[-69.00414,-16.56286],[-69.00318,-16.5631],[-69.00246,-16.56339],[-69.00234,-16.56379],[-69.00156,-16.56454],[-69.00054,-16.56443],[-69.0,-16.56445],[-68.97205,-16.57854],[-68.94462,-16.58885],[-68.88878,-16.59896],[-68.87225,-16.59051],[-68.86895,-16.57981],[-68.86584,-16.57043],[-68.86021,-16.56255],[-68.85788,-16.55392],[-68.86002,-16.5451],[-68.85906,-16.53703],[-68.85284,-16.52259],[-68.85207,-16.5132],[-68.85111,-16.5042],[-68.85405,-16.5],[-68.85435,-16.49861],[-68.85519,-16.49729]]]}},{"type":"Feature","properties":{"Name":"LAGO TITICACA","description":"<html xmlns:fo=\"http://www.w3.org/1999/XSL/Format\" xmlns:msxsl=\"urn:schemas-microsoft-com:xslt\">\n\n<head>\n\n<META http-equiv=\"Content-Type\" content=\"text/html\">\n\n<meta http-equiv=\"content-type\" content=\"text/html; charset=UTF-8\">\n\n</head>\n\n<body style=\"margin:0px 0px 0px 0px;overflow:auto;background:#FFFFFF;\">\n\n<table style=\"font-family:Arial,Verdana,Times;font-size:12px;text-align:left;width:100%;border-collapse:collapse;padding:3px 3px 3px 3px\">\n\n<tr style=\"text-align:center;font-weight:bold;background:#9CBCE2\">\n\n<td>LAGO TITICACA</td>\n\n</tr>\n\n<tr>\n\n<td>\n\n<table style=\"font-family:Arial,Verdana,Times;font-size:12px;text-align:left;width:100%;border-spacing:0px; padding:3px 3px 3px 3px\">\n\n<tr>\n\n<td>FID</td>\n\n<td>1</td>\n\n</tr>\n\n<tr bgcolor=\"#D4E4F3\">\n\n<td>OBJECTID_1</td>\n\n<td>2</td>\n\n</tr>\n\n<tr>\n\n<td>RASGO_PRIN</td>\n\n<td>Lago</td>\n\n</tr>\n\n<tr bgcolor=\"#D4E4F3\">\n\n<td>RASGO_SECU</td>\n\n<td>Perenne</td>\n\n</tr>\n\n<tr>\n\n<td>NOMBRE</td>\n\n<td>LAGO TITICACA</td>\n\n</tr>\n\n<tr bgcolor=\"#D4E4F3\">\n\n<td>DISTRITO</td>\n\n<td></td>\n\n</tr>\n\n<tr>\n\n<td>PROVINCIA</td>\n\n<td>Puno</td>\n\n</tr>\n\n<tr bgcolor=\"#D4E4F3\">\n\n<td>DPTO</td>\n\n<td>Puno</td>\n\n</tr>\n\n<tr>\n\n<td>CUENCA</td>\n\n<td></td>\n\n</tr>\n\n<tr bgcolor=\"#D4E4F3\">\n\n<td>LONGITUD</td>\n\n<td>-69.364495</td>\n\n</tr>\n\n<tr>\n\n<td>LATITUD</td>\n\n<td>-15.869998</td>\n\n</tr>\n\n<tr bgcolor=\"#D4E4F3\">\n\n<td>ALTITUD</td>\n\n<td>0</td>\n\n</tr>\n\n<tr>\n\n<td>PERIMETRO</td>\n\n<td>317111.659</td>\n\n</tr>\n\n<tr bgcolor=\"#D4E4F3\">\n\n<td>SIGNACIONA</td>\n\n<td>1734522997.23</td>\n\n</tr>\n\n<tr>\n\n<td>CCPP_BENEF</td>\n\n<td></td>\n\n</tr>\n\n<tr bgcolor=\"#D4E4F3\">\n\n<td>Shape_STAr</td>\n\n<td>0.710664</td>\n\n</tr>\n\n<tr>\n\n<td>Shape_STLe</td>\n\n<td>16.144505</td>\n\n</tr>\n\n<tr bgcolor=\"#D4E4F3\">\n\n<td>Shape_ST_1</td>\n\n<td>0.710664</td>\n\n</tr>\n\n<tr>\n\n<td>Shape_ST_2</td>\n\n<td>16.144505</td>\n\n</tr>\n\n<tr bgcolor=\"#D4E4F3\">\n\n<td>ORIG_FID</td>\n\n<td>0</td>\n\n</tr>\n\n<tr>\n\n<td>Shape_Leng</td>\n\n<td>0.000895</td>\n\n</tr>\n\n</table>\n\n</td>\n\n</tr>\n\n</table>\n\n</body><script type=\"text/javascript\">\n\n\t\t\t\tfunction changeImage(attElement, nameElement) {\n\n\t\t\t\tdocument.getElementById('imageAttachment').src = attElement;\n\n\t\t\t\tdocument.getElementById('imageName').innerHTML = nameElement;}\n\n\t\t\t</script></html>\n\n"},"geometry":{"type":"Polygon","coordinates":[[[-69.66551,-15.31533],[-69.66551,-15.31533],[-69.6652,-15.31565],[-69.66531,-15.31553],[-69.66551,-15.31533]]]}},{"type":"Feature","properties":{"Name":"LAGO TITICACA","description":"<html xmlns:fo=\"http://www.w3.org/1999/XSL/Format\" xmlns:msxsl=\"urn:schemas-microsoft-com:xslt\">\n\n<head>\n\n<META http-equiv=\"Content-Type\" content=\"text/html\">\n\n<meta http-equiv=\"content-type\" content=\"text/html; charset=UTF-8\">\n\n</head>\n\n<body style=\"margin:0px 0px 0px 0px;overflow:auto;background:#FFFFFF;\">\n\n<table style=\"font-family:Arial,Verdana,Times;font-size:12px;text-align:left;width:100%;border-collapse:collapse;padding:3px 3px 3px 3px\">\n\n<tr style=\"text-align:center;font-weight:bold;background:#9CBCE2\">\n\n<td>LAGO TITICACA</td>\n\n</tr>\n\n<tr>\n\n<td>\n\n<table style=\"font-family:Arial,Verdana,Times;font-size:12px;text-align:left;width:100%;border-spacing:0px; padding:3px 3px 3px 3px\">\n\n<tr>\n\n<td>FID</td>\n\n<td>2</td>\n\n</tr>\n\n<tr bgcolor=\"#D4E4F3\">\n\n<td>OBJECTID_1</td>\n\n<td>3</td>\n\n</tr>\n\n<tr>\n\n<td>RASGO_PRIN</td>\n\n<td>Lago</td>\n\n</tr>\n\n<tr bgcolor=\"#D4E4F3\">\n\n<td>RASGO_SECU</td>\n\n<td>Perenne</td>\n\n</tr>\n\n<tr>\n\n<td>NOMBRE</td>\n\n<td>LAGO TITICACA</td>\n\n</tr>\n\n<tr bgcolor=\"#D4E4F3\">\n\n<td>DISTRITO</td>\n\n<td></td>\n\n</tr>\n\n<tr>\n\n<td>PROVINCIA</td>\n\n<td>Puno</td>\n\n</tr>\n\n<tr bgcolor=\"#D4E4F3\">\n\n<td>DPTO</td>\n\n<td>Puno</td>\n\n</tr>\n\n<tr>\n\n<td>CUENCA</td>\n\n<td></td>\n\n</tr>\n\n<tr bgcolor=\"#D4E4F3\">\n\n<td>LONGITUD</td>\n\n<td>-69.364495</td>\n\n</tr>\n\n<tr>\n\n<td>LATITUD</td>\n\n<td>-15.869998</td>\n\n</tr>\n\n<tr bgcolor=\"#D4E4F3\">\n\n<td>ALTITUD</td>\n\n<td>0</td>\n\n</tr>\n\n<tr>\n\n<td>PERIMETRO</td>\n\n<td>317111.659</td>\n\n</tr>\n\n<tr bgcolor=\"#D4E4F3\">\n\n<td>SIGNACIONA</td>\n\n<td>1734522997.23</td>\n\n</tr>\n\n<tr>\n\n<td>CCPP_BENEF</td>\n\n<td></td>\n\n</tr>\n\n<tr bgcolor=\"#D4E4F3\">\n\n<td>Shape_STAr</td>\n\n<td>0.710664</td>\n\n</tr>\n\n<tr>\n\n<td>Shape_STLe</td>\n\n<td>16.144505</td>\n\n</tr>\n\n<tr bgcolor=\"#D4E4F3\">\n\n<td>Shape_ST_1</td>\n\n<td>0.710664</td>\n\n</tr>\n\n<tr>\n\n<td>Shape_ST_2</td>\n\n<td>16.144505</td>\n\n</tr>\n\n<tr bgcolor=\"#D4E4F3\">\n\n<td>ORIG_FID</td>\n\n<td>0</td>\n\n</tr>\n\n<tr>\n\n<td>Shape_Leng</td>\n\n<td>0.000722</td>\n\n</tr>\n\n</table>\n\n</td>\n\n</tr>\n\n</table>\n\n</body><script type=\"text/javascript\">\n\n\t\t\t\tfunction changeImage(attElement, nameElement) {\n\n\t\t\t\tdocument.getElementById('imageAttachment').src = attElement;\n\n\t\t\t\tdocument.getElementById('imageName').innerHTML = nameElement;}\n\n\t\t\t</script></html>\n\n"},"geometry":{"type":"Polygon","coordinates":[[[-69.66621,-15.31463],[-69.66605,-15.31478],[-69.6663,-15.31452],[-69.66621,-15.31463]]]}},{"type":"Feature","properties":{"Name":"LAGO TITICACA","description":"<html xmlns:fo=\"http://www.w3.org/1999/XSL/Format\" xmlns:msxsl=\"urn:schemas-microsoft-com:xslt\">\n\n<head>\n\n<META http-equiv=\"Content-Type\" content=\"text/html\">\n\n<meta http-equiv=\"content-type\" content=\"text/html; charset=UTF-8\">\n\n</head>\n\n<body style=\"margin:0px 0px 0px 0px;overflow:auto;background:#FFFFFF;\">\n\n<table style=\"font-family:Arial,Verdana,Times;font-size:12px;text-align:left;width:100%;border-collapse:collapse;padding:3px 3px 3px 3px\">\n\n<tr style=\"text-align:center;font-weight:bold;background:#9CBCE2\">\n\n<td>LAGO TITICACA</td>\n\n</tr>\n\n<tr>\n\n<td>\n\n<table style=\"font-family:Arial,Verdana,Times;font-size:12px;text-align:left;width:100%;border-spacing:0px; padding:3px 3px 3px 3px\">\n\n<tr>\n\n<td>FID</td>\n\n<td>3</td>\n\n</tr>\n\n<tr bgcolor=\"#D4E4F3\">\n\n<td>OBJECTID_1</td>\n\n<td>4</td>\n\n</tr>\n\n<tr>\n\n<td>RASGO_PRIN</td>\n\n<td>Lago</td>\n\n</tr>\n\n<tr bgcolor=\"#D4E4F3\">\n\n<td>RASGO_SECU</td>\n\n<td>Perenne</td>\n\n</tr>\n\n<tr>\n\n<td>NOMBRE</td>\n\n<td>LAGO TITICACA</td>\n\n</tr>\n\n<tr bgcolor=\"#D4E4F3\">\n\n<td>DISTRITO</td>\n\n<td></td>\n\n</tr>\n\n<tr>\n\n<td>PROVINCIA</td>\n\n<td>Puno</td>\n\n</tr>\n\n<tr bgcolor=\"#D4E4F3\">\n\n<td>DPTO</td>\n\n<td>Puno</td>\n\n</tr>\n\n<tr>\n\n<td>CUENCA</td>\n\n<td></td>\n\n</tr>\n\n<tr bgcolor=\"#D4E4F3\">\n\n<td>LONGITUD</td>\n\n<td>-69.364495</td>\n\n</tr>\n\n<tr>\n\n<td>LATITUD</td>\n\n<td>-15.869998</td>\n\n</tr>\n\n<tr bgcolor=\"#D4E4F3\">\n\n<td>ALTITUD</td>\n\n<td>0</td>\n\n</tr>\n\n<tr>\n\n<td>PERIMETRO</td>\n\n<td>317111.659</td>\n\n</tr>\n\n<tr bgcolor=\"#D4E4F3\">\n\n<td>SIGNACIONA</td>\n\n<td>1734522997.23</td>\n\n</tr>\n\n<tr>\n\n<td>CCPP_BENEF</td>\n\n<td></td>\n\n</tr>\n\n<tr bgcolor=\"#D4E4F3\">\n\n<td>Shape_STAr</td>\n\n<td>0.710664</td>\n\n</tr>\n\n<tr>\n\n<td>Shape_STLe</td>\n\n<td>16.144505</td>\n\n</tr>\n\n<tr bgcolor=\"#D4E4F3\">\n\n<td>Shape_ST_1</td>\n\n<td>0.710664</td>\n\n</tr>\n\n<tr>\n\n<td>Shape_ST_2</td>\n\n<td>16.144505</td>\n\n</tr>\n\n<tr bgcolor=\"#D4E4F3\">\n\n<td>ORIG_FID</td>\n\n<td>0</td>\n\n</tr>\n\n<tr>\n\n<td>Shape_Leng</td>\n\n<td>0.000494</td>\n\n</tr>\n\n</table>\n\n</td>\n\n</tr>\n\n</table>\n\n</body><script type=\"text/javascript\">\n\n\t\t\t\tfunction changeImage(attElement, nameElement) {\n\n\t\t\t\tdocument.getElementById('imageAttachment').src = attElement;\n\n\t\t\t\tdocument.getElementById('imageName').innerHTML = nameElement;}\n\n\t\t\t</script></html>\n\n"},"geometry":{"type":"Polygon","coordinates":[[[-69.66605,-15.31478],[-69.66592,-15.31492],[-69.66587,-15.31495],[-69.66594,-15.31489],[-69.66605,-15.31478]]]}},{"type":"Feature","properties":{"Name":"LAGO TITICACA","description":"<html xmlns:fo=\"http://www.w3.org/1999/XSL/Format\" xmlns:msxsl=\"urn:schemas-microsoft-com:xslt\">\n\n<head>\n\n<META http-equiv=\"Content-Type\" content=\"text/html\">\n\n<meta http-equiv=\"content-type\" content=\"text/html; charset=UTF-8\">\n\n</head>\n\n<body style=\"margin:0px 0px 0px 0px;overflow:auto;background:#FFFFFF;\">\n\n<table style=\"font-family:Arial,Verdana,Times;font-size:12px;text-align:left;width:100%;border-collapse:collapse;padding:3px 3px 3px 3px\">\n\n<tr style=\"text-align:center;font-weight:bold;background:#9CBCE2\">\n\n<td>LAGO TITICACA</td>\n\n</tr>\n\n<tr>\n\n<td>\n\n<table style=\"font-family:Arial,Verdana,Times;font-size:12px;text-align:left;width:100%;border-spacing:0px; padding:3px 3px 3px 3px\">\n\n<tr>\n\n<td>FID</td>\n\n<td>4</td>\n\n</tr>\n\n<tr bgcolor=\"#D4E4F3\">\n\n<td>OBJECTID_1</td>\n\n<td>5</td>\n\n</tr>\n\n<tr>\n\n<td>RASGO_PRIN</td>\n\n<td>Lago</td>\n\n</tr>\n\n<tr bgcolor=\"#D4E4F3\">\n\n<td>RASGO_SECU</td>\n\n<td>Perenne</td>\n\n</tr>\n\n<tr>\n\n<td>NOMBRE</td>\n\n<td>LAGO TITICACA</td>\n\n</tr>\n\n<tr bgcolor=\"#D4E4F3\">\n\n<td>DISTRITO</td>\n\n<td></td>\n\n</tr>\n\n<tr>\n\n<td>PROVINCIA</td>\n\n<td>Puno</td>\n\n</tr>\n\n<tr bgcolor=\"#D4E4F3\">\n\n<td>DPTO</td>\n\n<td>Puno</td>\n\n</tr>\n\n<tr>\n\n<td>CUENCA</td>\n\n<td></td>\n\n</tr>\n\n<tr bgcolor=\"#D4E4F3\">\n\n<td>LONGITUD</td>\n\n<td>-69.364495</td>\n\n</tr>\n\n<tr>\n\n<td>LATITUD</td>\n\n<td>-15.869998</td>\n\n</tr>\n\n<tr bgcolor=\"#D4E4F3\">\n\n<td>ALTITUD</td>\n\n<td>0</td>\n\n</tr>\n\n<tr>\n\n<td>PERIMETRO</td>\n\n<td>317111.659</td>\n\n</tr>\n\n<tr bgcolor=\"#D4E4F3\">\n\n<td>SIGNACIONA</td>\n\n<td>1734522997.23</td>\n\n</tr>\n\n<tr>\n\n<td>CCPP_BENEF</td>\n\n<td></td>\n\n</tr>\n\n<tr bgcolor=\"#D4E4F3\">\n\n<td>Shape_STAr</td>\n\n<td>0.710664</td>\n\n</tr>\n\n<tr>\n\n<td>Shape_STLe</td>\n\n<td>16.144505</td>\n\n</tr>\n\n<tr bgcolor=\"#D4E4F3\">\n\n<td>Shape_ST_1</td>\n\n<td>0.710664</td>\n\n</tr>\n\n<tr>\n\n<td>Shape_ST_2</td>\n\n<td>16.144505</td>\n\n</tr>\n\n<tr bgcolor=\"#D4E4F3\">\n\n<td>ORIG_FID</td>\n\n<td>0</td>\n\n</tr>\n\n<tr>\n\n<td>Shape_Leng</td>\n\n<td>0.000438</td>\n\n</tr>\n\n</table>\n\n</td>\n\n</tr>\n\n</table>\n\n</body><script type=\"text/javascript\">\n\n\t\t\t\tfunction changeImage(attElement, nameElement) {\n\n\t\t\t\tdocument.getElementById('imageAttachment').src = attElement;\n\n\t\t\t\tdocument.getElementById('imageName').innerHTML = nameElement;}\n\n\t\t\t</script></html>\n\n"},"geometry":{"type":"Polygon","coordinates":[[[-69.66587,-15.31495],[-69.66572,-15.31511],[-69.66583,-15.31499],[-69.66587,-15.31495]]]}},{"type":"Feature","properties":{"Name":"LAGO TITICACA","description":"<html xmlns:fo=\"http://www.w3.org/1999/XSL/Format\" xmlns:msxsl=\"urn:schemas-microsoft-com:xslt\">\n\n<head>\n\n<META http-equiv=\"Content-Type\" content=\"text/html\">\n\n<meta http-equiv=\"content-type\" content=\"text/html; charset=UTF-8\">\n\n</head>\n\n<body style=\"margin:0px 0px 0px 0px;overflow:auto;background:#FFFFFF;\">\n\n<table style=\"font-family:Arial,Verdana,Times;font-size:12px;text-align:left;width:100%;border-collapse:collapse;padding:3px 3px 3px 3px\">\n\n<tr style=\"text-align:center;font-weight:bold;background:#9CBCE2\">\n\n<td>LAGO TITICACA</td>\n\n</tr>\n\n<tr>\n\n<td>\n\n<table style=\"font-family:Arial,Verdana,Times;font-size:12px;text-align:left;width:100%;border-spacing:0px; padding:3px 3px 3px 3px\">\n\n<tr>\n\n<td>FID</td>\n\n<td>5</td>\n\n</tr>\n\n<tr bgcolor=\"#D4E4F3\">\n\n<td>OBJECTID_1</td>\n\n<td>6</td>\n\n</tr>\n\n<tr>\n\n<td>RASGO_PRIN</td>\n\n<td>Lago</td>\n\n</tr>\n\n<tr bgcolor=\"#D4E4F3\">\n\n<td>RASGO_SECU</td>\n\n<td>Perenne</td>\n\n</tr>\n\n<tr>\n\n<td>NOMBRE</td>\n\n<td>LAGO TITICACA</td>\n\n</tr>\n\n<tr bgcolor=\"#D4E4F3\">\n\n<td>DISTRITO</td>\n\n<td></td>\n\n</tr>\n\n<tr>\n\n<td>PROVINCIA</td>\n\n<td>Puno</td>\n\n</tr>\n\n<tr bgcolor=\"#D4E4F3\">\n\n<td>DPTO</td>\n\n<td>Puno</td>\n\n</tr>\n\n<tr>\n\n<td>CUENCA</td>\n\n<td></td>\n\n</tr>\n\n<tr bgcolor=\"#D4E4F3\">\n\n<td>LONGITUD</td>\n\n<td>-69.364495</td>\n\n</tr>\n\n<tr>\n\n<td>LATITUD</td>\n\n<td>-15.869998</td>\n\n</tr>\n\n<tr bgcolor=\"#D4E4F3\">\n\n<td>ALTITUD</td>\n\n<td>0</td>\n\n</tr>\n\n<tr>\n\n<td>PERIMETRO</td>\n\n<td>317111.659</td>\n\n</tr>\n\n<tr bgcolor=\"#D4E4F3\">\n\n<td>SIGNACIONA</td>\n\n<td>1734522997.23</td>\n\n</tr>\n\n<tr>\n\n<td>CCPP_BENEF</td>\n\n<td></td>\n\n</tr>\n\n<tr bgcolor=\"#D4E4F3\">\n\n<td>Shape_STAr</td>\n\n<td>0.710664</td>\n\n</tr>\n\n<tr>\n\n<td>Shape_STLe</td>\n\n<td>16.144505</td>\n\n</tr>\n\n<tr bgcolor=\"#D4E4F3\">\n\n<td>Shape_ST_1</td>\n\n<td>0.710664</td>\n\n</tr>\n\n<tr>\n\n<td>Shape_ST_2</td>\n\n<td>16.144505</td>\n\n</tr>\n\n<tr bgcolor=\"#D4E4F3\">\n\n<td>ORIG_FID</td>\n\n<td>0</td>\n\n</tr>\n\n<tr>\n\n<td>Shape_Leng</td>\n\n<td>0.000602</td>\n\n</tr>\n\n</table>\n\n</td>\n\n</tr>\n\n</table>\n\n</body><script type=\"text/javascript\">\n\n\t\t\t\tfunction changeImage(attElement, nameElement) {\n\n\t\t\t\tdocument.getElementById('imageAttachment').src = attElement;\n\n\t\t\t\tdocument.getElementById('imageName').innerHTML = nameElement;}\n\n\t\t\t</script></html>\n\n"},"geometry":{"type":"Polygon","coordinates":[[[-69.66572,-15.31511],[-69.66567,-15.31517],[-69.66553,-15.31531],[-69.66551,-15.31533],[-69.66572,-15.31511]]]}},{"type":"Feature","properties":{"Name":"LAGO TITICACA","description":"<html xmlns:fo=\"http://www.w3.org/1999/XSL/Format\" xmlns:msxsl=\"urn:schemas-microsoft-com:xslt\">\n\n<head>\n\n<META http-equiv=\"Content-Type\" content=\"text/html\">\n\n<meta http-equiv=\"content-type\" content=\"text/html; charset=UTF-8\">\n\n</head>\n\n<body style=\"margin:0px 0px 0px 0px;overflow:auto;background:#FFFFFF;\">\n\n<table style=\"font-family:Arial,Verdana,Times;font-size:12px;text-align:left;width:100%;border-collapse:collapse;padding:3px 3px 3px 3px\">\n\n<tr style=\"text-align:center;font-weight:bold;background:#9CBCE2\">\n\n<td>LAGO TITICACA</td>\n\n</tr>\n\n<tr>\n\n<td>\n\n<table style=\"font-family:Arial,Verdana,Times;font-size:12px;text-align:left;width:100%;border-spacing:0px; padding:3px 3px 3px 3px\">\n\n<tr>\n\n<td>FID</td>\n\n<td>6</td>\n\n</tr>\n\n<tr bgcolor=\"#D4E4F3\">\n\n<td>OBJECTID_1</td>\n\n<td>7</td>\n\n</tr>\n\n<tr>\n\n<td>RASGO_PRIN</td>\n\n<td>Lago</td>\n\n</tr>\n\n<tr bgcolor=\"#D4E4F3\">\n\n<td>RASGO_SECU</td>\n\n<td>Perenne</td>\n\n</tr>\n\n<tr>\n\n<td>NOMBRE</td>\n\n<td>LAGO TITICACA</td>\n\n</tr>\n\n<tr bgcolor=\"#D4E4F3\">\n\n<td>DISTRITO</td>\n\n<td></td>\n\n</tr>\n\n<tr>\n\n<td>PROVINCIA</td>\n\n<td>Puno</td>\n\n</tr>\n\n<tr bgcolor=\"#D4E4F3\">\n\n<td>DPTO</td>\n\n<td>Puno</td>\n\n</tr>\n\n<tr>\n\n<td>CUENCA</td>\n\n<td></td>\n\n</tr>\n\n<tr bgcolor=\"#D4E4F3\">\n\n<td>LONGITUD</td>\n\n<td>-69.364495</td>\n\n</tr>\n\n<tr>\n\n<td>LATITUD</td>\n\n<td>-15.869998</td>\n\n</tr>\n\n<tr bgcolor=\"#D4E4F3\">\n\n<td>ALTITUD</td>\n\n<td>0</td>\n\n</tr>\n\n<tr>\n\n<td>PERIMETRO</td>\n\n<td>317111.659</td>\n\n</tr>\n\n<tr bgcolor=\"#D4E4F3\">\n\n<td>SIGNACIONA</td>\n\n<td>1734522997.23</td>\n\n</tr>\n\n<tr>\n\n<td>CCPP_BENEF</td>\n\n<td></td>\n\n</tr>\n\n<tr bgcolor=\"#D4E4F3\">\n\n<td>Shape_STAr</td>\n\n<td>0.710664</td>\n\n</tr>\n\n<tr>\n\n<td>Shape_STLe</td>\n\n<td>16.144505</td>\n\n</tr>\n\n<tr bgcolor=\"#D4E4F3\">\n\n<td>Shape_ST_1</td>\n\n<td>0.710664</td>\n\n</tr>\n\n<tr>\n\n<td>Shape_ST_2</td>\n\n<td>16.144505</td>\n\n</tr>\n\n<tr bgcolor=\"#D4E4F3\">\n\n<td>ORIG_FID</td>\n\n<td>0</td>\n\n</tr>\n\n<tr>\n\n<td>Shape_Leng</td>\n\n<td>0.000145</td>\n\n</tr>\n\n</table>\n\n</td>\n\n</tr>\n\n</table>\n\n</body><script type=\"text/javascript\">\n\n\t\t\t\tfunction changeImage(attElement, nameElement) {\n\n\t\t\t\tdocument.getElementById('imageAttachment').src = attElement;\n\n\t\t\t\tdocument.getElementById('imageName').innerHTML = nameElement;}\n\n\t\t\t</script></html>\n\n"},"geometry":{"type":"Polygon","coordinates":[[[-69.6652,-15.31565],[-69.6652,-15.31565],[-69.66515,-15.3157],[-69.6652,-15.31565]]]}}]}