{"type":"FeatureCollection","features":[{"type":"Feature","properties":{"Name":"CAUCE DE LA QUEBRADA TUCUMAN","description":"","OBJECTID":"178248","CODIGO":"OT000112","NOMBRE":"CAUCE DE LA QUEBRADA TUCUMAN","CATEGORI":" ","CLASE":" ","ZONA":"19","HAS":"15.127600000000001","ZONEX":"19","NORMA":"LEY N\u00b0 29338","ARCHIVO":"TC25L4921","FEC_ING":"21/07/2025","ENTIDAD":"AUTORIDAD NACIONAL DEL AGUA","USO":" ","EST_GRAF":"SIN INF. COMPLETA","LEYENDA":"SIN INF. COMPLETA","SHAPE.AREA":"1.2845985548855499e-05","SHAPE.LEN":"0.0320927202680744","FEC_PUB":"1238475600000","MINERIA":"NO","TP_AREA":"FAJA MARGINAL","ORDENANZA":" ","NM_AREA":"CAUCE DE LA QUEBRADA TUCUMAN - FAJA MARGINAL","CREATOR":"FLAT1065","CREATIONDA":"1753112034000","EDITOR":"FLAT1065","EDITDATE":"1753112034000","IDENTI":"b055ff00c64f4969a39d8da5c7407663","ESTILO":"ZONA RESERVADA"},"geometry":{"type":"Polygon","coordinates":[[[-70.8946,-17.17462],[-70.89449,-17.17474],[-70.89426,-17.17488],[-70.89413,-17.17502],[-70.89399,-17.1751],[-70.8939,-17.17522],[-70.89375,-17.17545],[-70.89361,-17.17572],[-70.89352,-17.1759],[-70.89337,-17.17602],[-70.89326,-17.17616],[-70.89319,-17.17629],[-70.89305,-17.17639],[-70.89277,-17.17653],[-70.89233,-17.17676],[-70.89182,-17.17671],[-70.89152,-17.17678],[-70.89126,-17.17688],[-70.89091,-17.17693],[-70.89044,-17.17696],[-70.89004,-17.17702],[-70.88987,-17.17709],[-70.88971,-17.17725],[-70.88946,-17.17741],[-70.88927,-17.17758],[-70.88872,-17.17804],[-70.8883,-17.17811],[-70.88782,-17.17813],[-70.88721,-17.17799],[-70.88693,-17.17792],[-70.8867,-17.17793],[-70.88639,-17.17825],[-70.88611,-17.17845],[-70.88592,-17.17859],[-70.88543,-17.17875],[-70.88491,-17.17864],[-70.88416,-17.17882],[-70.88352,-17.17909],[-70.88309,-17.17932],[-70.88257,-17.17962],[-70.88241,-17.17982],[-70.88238,-17.18003],[-70.88239,-17.18033],[-70.88133,-17.17967],[-70.88154,-17.17955],[-70.88204,-17.17928],[-70.88243,-17.17891],[-70.88258,-17.17869],[-70.88273,-17.1786],[-70.88286,-17.17858],[-70.88339,-17.17838],[-70.88377,-17.17833],[-70.88402,-17.17828],[-70.88423,-17.17818],[-70.88444,-17.17807],[-70.88496,-17.17782],[-70.8851,-17.17772],[-70.88523,-17.17742],[-70.88545,-17.17717],[-70.88567,-17.17704],[-70.88593,-17.17703],[-70.8862,-17.17726],[-70.88654,-17.17735],[-70.88693,-17.17736],[-70.88751,-17.17747],[-70.88788,-17.17741],[-70.88805,-17.17734],[-70.88827,-17.17718],[-70.88831,-17.17699],[-70.88846,-17.17686],[-70.88891,-17.17669],[-70.8891,-17.17661],[-70.88922,-17.1765],[-70.88958,-17.17628],[-70.88985,-17.17621],[-70.89025,-17.17604],[-70.89053,-17.17595],[-70.89081,-17.17594],[-70.89106,-17.17589],[-70.89136,-17.17583],[-70.89156,-17.17566],[-70.89175,-17.1755],[-70.89193,-17.17536],[-70.89216,-17.17525],[-70.89243,-17.1752],[-70.89266,-17.17526],[-70.8929,-17.17533],[-70.89298,-17.17528],[-70.89281,-17.17505],[-70.89288,-17.17485],[-70.89307,-17.17474],[-70.89339,-17.17464],[-70.89354,-17.17464],[-70.89375,-17.17449],[-70.89391,-17.17436],[-70.89424,-17.17407],[-70.8946,-17.17462]]]}},{"type":"Feature","properties":{"Name":"U.H.CUENCAS CAPLINA, HOSPICIO, LLUTA, SAMA; INTERCUENCA 13155","description":"","OBJECTID":"184963","CODIGO":"FM000005","NOMBRE":"U.H.CUENCAS CAPLINA, HOSPICIO, LLUTA, SAMA; INTERCUENCA 13155","CATEGORI":" ","CLASE":" ","ZONA":"19","HAS":"166.2644","ZONEX":"19","NORMA":"LEY N\u00b0 29338","ARCHIVO":"CH26E4926","FEC_ING":"21/01/2026","ENTIDAD":"AUTORIDAD NACIONAL DEL AGUA","USO":" ","EST_GRAF":"SIN INF. COMPLETA","LEYENDA":"SIN INF. COMPLETA","SHAPE.AREA":"0.00014188377685593902","SHAPE.LEN":"0.0911599277005299","FEC_PUB":"1238475600000","MINERIA":"NO","TP_AREA":"FAJA MARGINAL","ORDENANZA":" ","NM_AREA":"U.H.CUENCAS CAPLINA, HOSPICIO, LLUTA, SAMA; INTERCUENCA 13155 - FAJA MARGINAL","CREATOR":"WVAL0398","CREATIONDA":"1769027045000","EDITOR":"WVAL0398","EDITDATE":"1769027045000","IDENTI":"e6139af778c54c25a180adbfa66c673c","ESTILO":"ZONA RESERVADA"},"geometry":{"type":"Polygon","coordinates":[[[-70.12646,-17.96273],[-70.13067,-17.96592],[-70.13322,-17.96641],[-70.13587,-17.9681],[-70.13826,-17.96875],[-70.14287,-17.96876],[-70.144,-17.96855],[-70.14651,-17.96848],[-70.14837,-17.96814],[-70.14973,-17.96855],[-70.14995,-17.97219],[-70.15064,-17.97281],[-70.15708,-17.9749],[-70.1637,-17.9782],[-70.16071,-17.98024],[-70.15622,-17.97772],[-70.14686,-17.97393],[-70.13999,-17.97291],[-70.138,-17.97206],[-70.13464,-17.96995],[-70.1331,-17.97046],[-70.13078,-17.96959],[-70.12637,-17.96699],[-70.12498,-17.96726],[-70.12517,-17.9662],[-70.12646,-17.96273]]]}},{"type":"Feature","properties":{"Name":"U.H.CUENCAS CAPLINA, HOSPICIO, LLUTA, SAMA; INTERCUENCA 13155","description":"","OBJECTID":"184964","CODIGO":"FM000005","NOMBRE":"U.H.CUENCAS CAPLINA, HOSPICIO, LLUTA, SAMA; INTERCUENCA 13155","CATEGORI":" ","CLASE":" ","ZONA":"19","HAS":"394.24260000000004","ZONEX":"19","NORMA":"LEY N\u00b0 29338","ARCHIVO":"CH26E4926","FEC_ING":"21/01/2026","ENTIDAD":"AUTORIDAD NACIONAL DEL AGUA","USO":" ","EST_GRAF":"SIN INF. COMPLETA","LEYENDA":"SIN INF. COMPLETA","SHAPE.AREA":"0.00033632709041138403","SHAPE.LEN":"0.554871214419685","FEC_PUB":"1238475600000","MINERIA":"NO","TP_AREA":"FAJA MARGINAL","ORDENANZA":" ","NM_AREA":"U.H.CUENCAS CAPLINA, HOSPICIO, LLUTA, SAMA; INTERCUENCA 13155 - FAJA MARGINAL","CREATOR":"WVAL0398","CREATIONDA":"1769027045000","EDITOR":"WVAL0398","EDITDATE":"1769027045000","IDENTI":"7179cd762f954ddbbdb7e348c1d44f7d","ESTILO":"ZONA RESERVADA"},"geometry":{"type":"Polygon","coordinates":[[[-70.2171,-18.014],[-70.21668,-18.01296],[-70.21632,-18.01223],[-70.21599,-18.01162],[-70.21538,-18.01068],[-70.21502,-18.01],[-70.21484,-18.00947],[-70.21424,-18.00952],[-70.21385,-18.00896],[-70.21289,-18.00864],[-70.21176,-18.00802],[-70.21165,-18.00747],[-70.21136,-18.00707],[-70.21088,-18.00649],[-70.21098,-18.00572],[-70.21109,-18.00504],[-70.21102,-18.0042],[-70.21034,-18.0031],[-70.20968,-18.00231],[-70.2093,-18.00176],[-70.20896,-18.00099],[-70.20873,-18.00044],[-70.20781,-18.00027],[-70.20657,-17.99991],[-70.20535,-17.99917],[-70.20475,-17.99883],[-70.20389,-17.99827],[-70.2031,-17.99775],[-70.20229,-17.99756],[-70.20142,-17.99816],[-70.20109,-17.99767],[-70.20051,-17.99733],[-70.19956,-17.99709],[-70.19849,-17.99678],[-70.19741,-17.99605],[-70.19742,-17.99536],[-70.19767,-17.99466],[-70.1975,-17.99444],[-70.19724,-17.99408],[-70.19687,-17.99362],[-70.19696,-17.99311],[-70.19668,-17.99267],[-70.19628,-17.9926],[-70.19669,-17.99196],[-70.1967,-17.99153],[-70.19605,-17.99094],[-70.19587,-17.99031],[-70.1956,-17.98972],[-70.19525,-17.98902],[-70.19499,-17.98816],[-70.19464,-17.98759],[-70.19417,-17.98719],[-70.19362,-17.98699],[-70.19406,-17.9863],[-70.19386,-17.98548],[-70.19352,-17.98453],[-70.19286,-17.98373],[-70.19232,-17.98318],[-70.19229,-17.98251],[-70.19184,-17.98217],[-70.19149,-17.98184],[-70.19193,-17.98145],[-70.19186,-17.98074],[-70.19146,-17.97981],[-70.19116,-17.97888],[-70.19082,-17.97825],[-70.19038,-17.97744],[-70.19006,-17.97648],[-70.18971,-17.97536],[-70.18942,-17.9742],[-70.1895,-17.97346],[-70.18942,-17.97284],[-70.18945,-17.97224],[-70.18936,-17.97152],[-70.18915,-17.97082],[-70.18907,-17.97021],[-70.18882,-17.96963],[-70.18845,-17.96906],[-70.1881,-17.96836],[-70.18714,-17.968],[-70.18704,-17.96727],[-70.18735,-17.96648],[-70.18753,-17.96598],[-70.18795,-17.96567],[-70.18837,-17.96533],[-70.18865,-17.96507],[-70.1889,-17.96468],[-70.18908,-17.96423],[-70.18932,-17.96352],[-70.1896,-17.96303],[-70.18988,-17.96237],[-70.18999,-17.9616],[-70.18991,-17.96061],[-70.18976,-17.95971],[-70.18958,-17.95905],[-70.18938,-17.95848],[-70.18932,-17.9578],[-70.18933,-17.95701],[-70.18919,-17.95659],[-70.1888,-17.95601],[-70.1885,-17.95529],[-70.18845,-17.95469],[-70.18832,-17.95398],[-70.18813,-17.95339],[-70.18788,-17.95256],[-70.18769,-17.95198],[-70.1878,-17.95142],[-70.18773,-17.95097],[-70.1876,-17.95036],[-70.18772,-17.94995],[-70.18721,-17.94971],[-70.18684,-17.94903],[-70.18671,-17.94827],[-70.18665,-17.94748],[-70.18649,-17.94683],[-70.18602,-17.94638],[-70.18576,-17.94527],[-70.18559,-17.94461],[-70.18555,-17.9439],[-70.18561,-17.94327],[-70.18517,-17.94218],[-70.18468,-17.94137],[-70.1841,-17.9406],[-70.18394,-17.93976],[-70.18353,-17.9389],[-70.18309,-17.93816],[-70.18247,-17.93766],[-70.18223,-17.93718],[-70.1817,-17.93678],[-70.18146,-17.936],[-70.18112,-17.93545],[-70.18064,-17.93495],[-70.17999,-17.93438],[-70.17944,-17.9339],[-70.17906,-17.93344],[-70.17896,-17.93298],[-70.17888,-17.93239],[-70.17843,-17.93187],[-70.17795,-17.9313],[-70.17729,-17.93094],[-70.17682,-17.93033],[-70.17641,-17.92962],[-70.17596,-17.92877],[-70.17562,-17.92811],[-70.17533,-17.92757],[-70.17541,-17.92682],[-70.17534,-17.92605],[-70.17512,-17.92489],[-70.17509,-17.92404],[-70.17509,-17.92332],[-70.17469,-17.92261],[-70.17416,-17.92204],[-70.17333,-17.9216],[-70.17268,-17.92051],[-70.17238,-17.9194],[-70.172,-17.91803],[-70.17173,-17.91675],[-70.17142,-17.91572],[-70.17079,-17.9147],[-70.17022,-17.91356],[-70.16959,-17.91277],[-70.1691,-17.91203],[-70.16839,-17.91134],[-70.1678,-17.91076],[-70.16688,-17.91008],[-70.16663,-17.90943],[-70.16599,-17.90883],[-70.16538,-17.90849],[-70.16491,-17.90792],[-70.16468,-17.90746],[-70.16458,-17.9069],[-70.16418,-17.90644],[-70.16322,-17.90611],[-70.16265,-17.90563],[-70.16196,-17.9053],[-70.16143,-17.90498],[-70.1611,-17.90463],[-70.16092,-17.90391],[-70.16076,-17.90297],[-70.16034,-17.9023],[-70.16011,-17.90156],[-70.15976,-17.90095],[-70.15943,-17.90033],[-70.15921,-17.8998],[-70.15892,-17.89907],[-70.15836,-17.89816],[-70.1579,-17.89738],[-70.15742,-17.89667],[-70.15695,-17.89614],[-70.15663,-17.89574],[-70.15639,-17.89496],[-70.15615,-17.89422],[-70.15577,-17.89371],[-70.15553,-17.89319],[-70.15512,-17.89268],[-70.15496,-17.89213],[-70.15477,-17.89161],[-70.15405,-17.89111],[-70.15362,-17.8904],[-70.15298,-17.88988],[-70.15262,-17.88936],[-70.15234,-17.88877],[-70.15197,-17.88827],[-70.15123,-17.88796],[-70.15048,-17.88748],[-70.14986,-17.88705],[-70.14914,-17.88676],[-70.14841,-17.88655],[-70.14772,-17.88622],[-70.14684,-17.88578],[-70.14642,-17.88523],[-70.14573,-17.88433],[-70.14498,-17.88361],[-70.14371,-17.88289],[-70.14231,-17.88228],[-70.14163,-17.88151],[-70.14089,-17.88091],[-70.1399,-17.87994],[-70.13949,-17.87913],[-70.13902,-17.87845],[-70.13841,-17.8777],[-70.13761,-17.87704],[-70.13711,-17.87647],[-70.13669,-17.87564],[-70.13602,-17.87487],[-70.13543,-17.87434],[-70.13483,-17.87346],[-70.13401,-17.87257],[-70.13312,-17.872],[-70.13198,-17.87197],[-70.13076,-17.87153],[-70.1311,-17.87067],[-70.13037,-17.86984],[-70.12954,-17.86873],[-70.12864,-17.868],[-70.12748,-17.86742],[-70.12693,-17.86689],[-70.12646,-17.86633],[-70.12585,-17.86591],[-70.12521,-17.86541],[-70.12466,-17.86472],[-70.12458,-17.86398],[-70.12418,-17.86312],[-70.12421,-17.86244],[-70.12402,-17.86162],[-70.12293,-17.86124],[-70.12227,-17.86062],[-70.12206,-17.85969],[-70.12193,-17.85895],[-70.12163,-17.85819],[-70.12164,-17.85723],[-70.12203,-17.85663],[-70.12213,-17.85594],[-70.12159,-17.85526],[-70.12122,-17.85476],[-70.12085,-17.85391],[-70.12101,-17.85309],[-70.12115,-17.85239],[-70.12104,-17.85147],[-70.12089,-17.85036],[-70.12074,-17.84944],[-70.12048,-17.84848],[-70.12019,-17.84727],[-70.12014,-17.84629],[-70.11805,-17.84623],[-70.11609,-17.84612],[-70.11772,-17.84575],[-70.11909,-17.84553],[-70.12013,-17.84518],[-70.11941,-17.84435],[-70.11855,-17.84367],[-70.11779,-17.84315],[-70.11697,-17.84266],[-70.11626,-17.84193],[-70.11546,-17.84113],[-70.11484,-17.84056],[-70.11431,-17.83982],[-70.11365,-17.83932],[-70.11319,-17.83875],[-70.11269,-17.83818],[-70.11222,-17.83756],[-70.11167,-17.83722],[-70.1112,-17.83666],[-70.1109,-17.8362],[-70.11052,-17.83522],[-70.11013,-17.83447],[-70.1096,-17.83387],[-70.10912,-17.83331],[-70.10878,-17.83302],[-70.10816,-17.83187],[-70.10797,-17.831],[-70.10778,-17.83012],[-70.10736,-17.82906],[-70.10648,-17.82758],[-70.10586,-17.82662],[-70.10522,-17.82563],[-70.10471,-17.82519],[-70.10403,-17.824],[-70.10366,-17.82292],[-70.1034,-17.82209],[-70.10308,-17.82145],[-70.10257,-17.82088],[-70.10179,-17.82054],[-70.10116,-17.82012],[-70.1006,-17.81969],[-70.10041,-17.81925],[-70.10011,-17.81877],[-70.09953,-17.81845],[-70.09897,-17.81806],[-70.09879,-17.8175],[-70.09892,-17.81669],[-70.09902,-17.81587],[-70.09863,-17.81436],[-70.09806,-17.81321],[-70.09753,-17.8125],[-70.09707,-17.81202],[-70.09619,-17.81126],[-70.09566,-17.81078],[-70.09553,-17.80983],[-70.09476,-17.8092],[-70.09587,-17.80847],[-70.09651,-17.80958],[-70.09692,-17.81011],[-70.09754,-17.8111],[-70.09816,-17.81187],[-70.09862,-17.81259],[-70.09869,-17.8136],[-70.0992,-17.81405],[-70.09986,-17.81511],[-70.09985,-17.8159],[-70.09949,-17.81709],[-70.09971,-17.8177],[-70.10078,-17.81818],[-70.10155,-17.81869],[-70.10208,-17.81928],[-70.10316,-17.81988],[-70.10406,-17.82041],[-70.10431,-17.82135],[-70.10486,-17.82215],[-70.10583,-17.82332],[-70.1062,-17.8245],[-70.10712,-17.82538],[-70.10792,-17.82619],[-70.10876,-17.82743],[-70.10888,-17.82849],[-70.1091,-17.82954],[-70.10939,-17.83081],[-70.10991,-17.83193],[-70.11057,-17.83272],[-70.11121,-17.83367],[-70.11196,-17.8345],[-70.11269,-17.83565],[-70.11319,-17.8362],[-70.11369,-17.83703],[-70.11445,-17.83829],[-70.11501,-17.83921],[-70.116,-17.84051],[-70.11835,-17.84204],[-70.11974,-17.8431],[-70.12108,-17.84371],[-70.12214,-17.84486],[-70.12267,-17.84657],[-70.1218,-17.84786],[-70.12237,-17.84967],[-70.12195,-17.8507],[-70.12215,-17.8517],[-70.12221,-17.8529],[-70.12242,-17.85403],[-70.1227,-17.85555],[-70.12281,-17.85684],[-70.12263,-17.8576],[-70.12224,-17.85808],[-70.12258,-17.85906],[-70.12278,-17.8598],[-70.12284,-17.86048],[-70.12316,-17.86077],[-70.12387,-17.86106],[-70.12457,-17.86165],[-70.12461,-17.86237],[-70.12472,-17.86287],[-70.12514,-17.86344],[-70.12529,-17.86405],[-70.12516,-17.8644],[-70.12549,-17.8648],[-70.12577,-17.86516],[-70.12636,-17.86558],[-70.12701,-17.86623],[-70.12776,-17.86672],[-70.12824,-17.86697],[-70.12899,-17.8676],[-70.12977,-17.86805],[-70.13022,-17.86866],[-70.13077,-17.86916],[-70.13104,-17.8698],[-70.13151,-17.87044],[-70.13224,-17.87088],[-70.1332,-17.87153],[-70.13439,-17.87223],[-70.13521,-17.87281],[-70.13556,-17.87329],[-70.13618,-17.87412],[-70.13723,-17.87507],[-70.13789,-17.87554],[-70.13881,-17.87633],[-70.13919,-17.87728],[-70.13982,-17.87808],[-70.1404,-17.87874],[-70.14113,-17.87936],[-70.14238,-17.87999],[-70.14308,-17.88085],[-70.14386,-17.88169],[-70.14485,-17.8822],[-70.1456,-17.88279],[-70.14618,-17.88344],[-70.14657,-17.88423],[-70.14705,-17.8848],[-70.14787,-17.88526],[-70.1488,-17.88574],[-70.15003,-17.88621],[-70.15084,-17.88691],[-70.15173,-17.88757],[-70.15267,-17.88809],[-70.15297,-17.88719],[-70.15385,-17.88774],[-70.15413,-17.88869],[-70.15511,-17.88978],[-70.15646,-17.89093],[-70.15756,-17.89217],[-70.15758,-17.89394],[-70.15808,-17.89542],[-70.15856,-17.8968],[-70.15956,-17.89749],[-70.16046,-17.89864],[-70.16149,-17.90015],[-70.16226,-17.90199],[-70.1628,-17.9034],[-70.16479,-17.90421],[-70.16608,-17.90533],[-70.16734,-17.90597],[-70.16757,-17.90751],[-70.16752,-17.90873],[-70.16776,-17.90983],[-70.16889,-17.9108],[-70.16962,-17.91188],[-70.17031,-17.91269],[-70.17096,-17.91381],[-70.17161,-17.91497],[-70.17211,-17.91614],[-70.17222,-17.91714],[-70.17253,-17.91809],[-70.17281,-17.91912],[-70.17302,-17.92],[-70.17364,-17.92074],[-70.17444,-17.92131],[-70.17527,-17.92225],[-70.17568,-17.92323],[-70.17583,-17.92398],[-70.17597,-17.92492],[-70.17605,-17.92576],[-70.17627,-17.92629],[-70.17624,-17.92677],[-70.17631,-17.92734],[-70.17648,-17.92824],[-70.17664,-17.92881],[-70.17714,-17.92938],[-70.17778,-17.92998],[-70.17808,-17.93046],[-70.17859,-17.93076],[-70.17897,-17.93106],[-70.17959,-17.93156],[-70.18008,-17.93204],[-70.18027,-17.93241],[-70.18076,-17.93275],[-70.18125,-17.93303],[-70.18177,-17.93349],[-70.18207,-17.93377],[-70.18235,-17.93431],[-70.18259,-17.9348],[-70.18292,-17.9353],[-70.18314,-17.93583],[-70.1835,-17.93615],[-70.18381,-17.93662],[-70.18386,-17.93739],[-70.1839,-17.9379],[-70.18418,-17.93842],[-70.18483,-17.93912],[-70.18485,-17.9399],[-70.18495,-17.94066],[-70.18541,-17.94144],[-70.18594,-17.94246],[-70.18622,-17.94293],[-70.18637,-17.94375],[-70.18648,-17.94441],[-70.18676,-17.94489],[-70.18699,-17.94542],[-70.1881,-17.94601],[-70.18778,-17.94646],[-70.1873,-17.94688],[-70.18754,-17.94771],[-70.18762,-17.94837],[-70.18801,-17.94887],[-70.18844,-17.94968],[-70.18834,-17.95039],[-70.18833,-17.9514],[-70.18859,-17.95216],[-70.18883,-17.95289],[-70.1891,-17.9534],[-70.18933,-17.95382],[-70.18976,-17.95409],[-70.19014,-17.95437],[-70.19055,-17.95528],[-70.19074,-17.95608],[-70.19102,-17.95699],[-70.19096,-17.95782],[-70.1911,-17.95869],[-70.19108,-17.95932],[-70.1911,-17.95993],[-70.19135,-17.96081],[-70.19126,-17.96146],[-70.19103,-17.9622],[-70.19054,-17.96315],[-70.19036,-17.96393],[-70.1906,-17.96456],[-70.19094,-17.96508],[-70.19135,-17.96569],[-70.19162,-17.96622],[-70.19174,-17.96665],[-70.19168,-17.9673],[-70.1918,-17.96811],[-70.19218,-17.96887],[-70.19273,-17.96966],[-70.19321,-17.9703],[-70.19345,-17.97082],[-70.19352,-17.97145],[-70.19364,-17.97221],[-70.19348,-17.97299],[-70.19337,-17.97349],[-70.19352,-17.97437],[-70.1923,-17.97481],[-70.19144,-17.97335],[-70.19096,-17.97207],[-70.19038,-17.97218],[-70.19012,-17.97281],[-70.19027,-17.9734],[-70.19041,-17.97406],[-70.19049,-17.9749],[-70.19072,-17.97564],[-70.19083,-17.97629],[-70.19105,-17.9769],[-70.19137,-17.97745],[-70.19158,-17.97791],[-70.19178,-17.97831],[-70.19205,-17.97884],[-70.1923,-17.97955],[-70.19243,-17.98005],[-70.19269,-17.98055],[-70.19303,-17.98101],[-70.19328,-17.98151],[-70.19337,-17.98207],[-70.19344,-17.98257],[-70.1938,-17.98313],[-70.19399,-17.98376],[-70.1942,-17.98436],[-70.1942,-17.98473],[-70.19433,-17.98515],[-70.19463,-17.98554],[-70.19479,-17.98578],[-70.19494,-17.98602],[-70.19519,-17.9865],[-70.19559,-17.98712],[-70.1959,-17.9877],[-70.19618,-17.9883],[-70.19652,-17.98888],[-70.19682,-17.98944],[-70.1971,-17.99],[-70.1974,-17.99059],[-70.198,-17.99101],[-70.19845,-17.99144],[-70.19879,-17.99155],[-70.19928,-17.99201],[-70.19964,-17.99238],[-70.19996,-17.99259],[-70.20051,-17.99293],[-70.20106,-17.99319],[-70.20159,-17.99359],[-70.20243,-17.99405],[-70.20329,-17.99452],[-70.20366,-17.99503],[-70.20341,-17.99495],[-70.2033,-17.99566],[-70.20334,-17.99608],[-70.20305,-17.9963],[-70.20274,-17.99684],[-70.20339,-17.99711],[-70.2038,-17.99731],[-70.2041,-17.99752],[-70.20451,-17.99775],[-70.20499,-17.99819],[-70.20545,-17.99843],[-70.20573,-17.9987],[-70.20613,-17.99899],[-70.20674,-17.99927],[-70.20707,-17.99947],[-70.20753,-17.99971],[-70.20815,-17.99987],[-70.20864,-17.99989],[-70.20895,-18.00006],[-70.20921,-18.0005],[-70.20941,-18.00088],[-70.20964,-18.00129],[-70.21008,-18.0016],[-70.2105,-18.00213],[-70.21088,-18.00262],[-70.21124,-18.00308],[-70.21138,-18.00359],[-70.21163,-18.00408],[-70.21186,-18.00439],[-70.21231,-18.00445],[-70.21259,-18.00444],[-70.21305,-18.00458],[-70.21325,-18.00516],[-70.21368,-18.00469],[-70.2145,-18.0044],[-70.21494,-18.0043],[-70.2147,-18.00465],[-70.21423,-18.0051],[-70.21375,-18.00537],[-70.21363,-18.00573],[-70.21385,-18.00614],[-70.21404,-18.00639],[-70.21425,-18.00674],[-70.21441,-18.00705],[-70.21461,-18.00737],[-70.21486,-18.00777],[-70.2151,-18.00815],[-70.21537,-18.00855],[-70.21561,-18.00895],[-70.21598,-18.00947],[-70.21618,-18.00995],[-70.21627,-18.01035],[-70.21642,-18.01062],[-70.21654,-18.01089],[-70.21671,-18.01123],[-70.21693,-18.01155],[-70.2172,-18.01186],[-70.2172,-18.01216],[-70.21714,-18.01247],[-70.21702,-18.01281],[-70.21717,-18.01305],[-70.21744,-18.01329],[-70.21767,-18.01352],[-70.2171,-18.014]]]}},{"type":"Feature","properties":{"Name":"U.H.CUENCAS CAPLINA, HOSPICIO, LLUTA, SAMA; INTERCUENCA 13155","description":"","OBJECTID":"184965","CODIGO":"FM000005","NOMBRE":"U.H.CUENCAS CAPLINA, HOSPICIO, LLUTA, SAMA; INTERCUENCA 13155","CATEGORI":" ","CLASE":" ","ZONA":"19","HAS":"478.8242","ZONEX":"19","NORMA":"LEY N\u00b0 29338","ARCHIVO":"CH26E4926","FEC_ING":"21/01/2026","ENTIDAD":"AUTORIDAD NACIONAL DEL AGUA","USO":" ","EST_GRAF":"SIN INF. COMPLETA","LEYENDA":"SIN INF. COMPLETA","SHAPE.AREA":"0.000409100034534339","SHAPE.LEN":"0.486452545333824","FEC_PUB":"1238475600000","MINERIA":"NO","TP_AREA":"FAJA MARGINAL","ORDENANZA":" ","NM_AREA":"U.H.CUENCAS CAPLINA, HOSPICIO, LLUTA, SAMA; INTERCUENCA 13155 - FAJA MARGINAL","CREATOR":"WVAL0398","CREATIONDA":"1769027045000","EDITOR":"WVAL0398","EDITDATE":"1769027045000","IDENTI":"5e4fc6a5e359464bb27061c1d49783ed","ESTILO":"ZONA RESERVADA"},"geometry":{"type":"Polygon","coordinates":[[[-70.44451,-18.29814],[-70.44195,-18.3005],[-70.44156,-18.29994],[-70.44148,-18.2993],[-70.44078,-18.29839],[-70.44023,-18.2981],[-70.43943,-18.29711],[-70.4387,-18.29681],[-70.43843,-18.29612],[-70.43837,-18.29539],[-70.43758,-18.29515],[-70.43619,-18.29428],[-70.43554,-18.29379],[-70.4345,-18.29382],[-70.43365,-18.29411],[-70.43273,-18.29412],[-70.43122,-18.29242],[-70.43119,-18.29111],[-70.43092,-18.2893],[-70.42857,-18.28828],[-70.42736,-18.28713],[-70.42582,-18.28631],[-70.42445,-18.28639],[-70.42403,-18.28604],[-70.42408,-18.28529],[-70.42355,-18.28483],[-70.42222,-18.28452],[-70.42115,-18.28345],[-70.42032,-18.28294],[-70.41813,-18.2811],[-70.41648,-18.28028],[-70.41538,-18.279],[-70.4152,-18.27829],[-70.41501,-18.27714],[-70.41413,-18.27677],[-70.41349,-18.27552],[-70.41247,-18.27464],[-70.41233,-18.27397],[-70.41239,-18.27359],[-70.41266,-18.27302],[-70.41225,-18.27227],[-70.41164,-18.27193],[-70.41089,-18.27184],[-70.40999,-18.27101],[-70.40973,-18.27041],[-70.40853,-18.2699],[-70.40793,-18.26946],[-70.40671,-18.2693],[-70.40537,-18.26777],[-70.4046,-18.26734],[-70.4045,-18.26657],[-70.40426,-18.26613],[-70.4039,-18.26588],[-70.40313,-18.26585],[-70.40108,-18.26511],[-70.40006,-18.26371],[-70.39871,-18.26324],[-70.39841,-18.26277],[-70.39867,-18.26173],[-70.39836,-18.26133],[-70.39759,-18.26152],[-70.39625,-18.26039],[-70.39603,-18.2597],[-70.3954,-18.25902],[-70.39483,-18.2582],[-70.39374,-18.25779],[-70.39245,-18.2575],[-70.39217,-18.25711],[-70.39207,-18.25666],[-70.39099,-18.2562],[-70.39015,-18.25564],[-70.38956,-18.25343],[-70.38975,-18.25263],[-70.38955,-18.2518],[-70.38879,-18.25098],[-70.38868,-18.24994],[-70.38828,-18.24908],[-70.38756,-18.24829],[-70.38601,-18.24713],[-70.3843,-18.24543],[-70.38467,-18.24436],[-70.38442,-18.24371],[-70.3829,-18.24147],[-70.38147,-18.24067],[-70.38039,-18.24029],[-70.37942,-18.23986],[-70.3783,-18.23822],[-70.37713,-18.23684],[-70.37618,-18.23658],[-70.37571,-18.23542],[-70.37479,-18.23454],[-70.37401,-18.23443],[-70.37341,-18.2347],[-70.37307,-18.23468],[-70.37268,-18.23444],[-70.37261,-18.23365],[-70.37313,-18.23298],[-70.37275,-18.23172],[-70.37288,-18.23084],[-70.37201,-18.2306],[-70.37028,-18.22864],[-70.36912,-18.22734],[-70.36883,-18.22629],[-70.36769,-18.22573],[-70.36712,-18.22597],[-70.36631,-18.22564],[-70.36596,-18.22506],[-70.36579,-18.22345],[-70.36485,-18.22284],[-70.36407,-18.22065],[-70.36363,-18.21889],[-70.36147,-18.21599],[-70.3609,-18.21442],[-70.35999,-18.21261],[-70.35945,-18.21129],[-70.35954,-18.21059],[-70.3597,-18.20961],[-70.3597,-18.20828],[-70.35935,-18.20717],[-70.35867,-18.20529],[-70.35711,-18.20407],[-70.35598,-18.20319],[-70.35558,-18.20224],[-70.35589,-18.2005],[-70.35435,-18.19816],[-70.35258,-18.1962],[-70.35132,-18.19484],[-70.35093,-18.19394],[-70.351,-18.19314],[-70.34912,-18.1905],[-70.34851,-18.1885],[-70.34777,-18.18581],[-70.34718,-18.18492],[-70.34725,-18.18262],[-70.34713,-18.18163],[-70.34618,-18.18079],[-70.34564,-18.17992],[-70.34489,-18.17917],[-70.34544,-18.17727],[-70.34423,-18.17414],[-70.34406,-18.17303],[-70.34338,-18.1722],[-70.34281,-18.17028],[-70.34319,-18.16937],[-70.34333,-18.16462],[-70.34361,-18.16204],[-70.34356,-18.15959],[-70.34269,-18.15693],[-70.34268,-18.15565],[-70.34186,-18.15219],[-70.34091,-18.15106],[-70.34037,-18.14898],[-70.3393,-18.14791],[-70.3352,-18.14076],[-70.33427,-18.13859],[-70.33346,-18.13552],[-70.33279,-18.13231],[-70.33257,-18.13175],[-70.33182,-18.13109],[-70.33096,-18.12926],[-70.33025,-18.12663],[-70.32965,-18.1242],[-70.32732,-18.12178],[-70.32725,-18.12013],[-70.32607,-18.11747],[-70.32574,-18.11709],[-70.32483,-18.11655],[-70.32536,-18.11588],[-70.32595,-18.11626],[-70.32634,-18.11662],[-70.3273,-18.11801],[-70.32814,-18.11956],[-70.32885,-18.122],[-70.33028,-18.12389],[-70.33078,-18.12509],[-70.33092,-18.12623],[-70.33152,-18.12799],[-70.33206,-18.12929],[-70.33283,-18.12982],[-70.33329,-18.13074],[-70.33369,-18.13177],[-70.33414,-18.13241],[-70.33455,-18.1342],[-70.33556,-18.13554],[-70.33661,-18.13657],[-70.33767,-18.13918],[-70.33823,-18.14001],[-70.3382,-18.14066],[-70.33848,-18.14141],[-70.33911,-18.14172],[-70.33991,-18.14308],[-70.33976,-18.14416],[-70.3403,-18.14624],[-70.3408,-18.14659],[-70.34175,-18.14744],[-70.34307,-18.14847],[-70.34334,-18.14954],[-70.34447,-18.15093],[-70.34517,-18.15255],[-70.34509,-18.15453],[-70.34517,-18.15604],[-70.34511,-18.15788],[-70.34484,-18.1597],[-70.34479,-18.16185],[-70.34465,-18.16325],[-70.3447,-18.16511],[-70.34486,-18.16657],[-70.34472,-18.16816],[-70.34501,-18.16927],[-70.34491,-18.17057],[-70.34564,-18.1718],[-70.34619,-18.17351],[-70.34656,-18.17457],[-70.34658,-18.17613],[-70.34719,-18.1765],[-70.34743,-18.17793],[-70.3473,-18.1787],[-70.34747,-18.17995],[-70.34815,-18.1803],[-70.34907,-18.1819],[-70.3491,-18.18365],[-70.3497,-18.18427],[-70.34993,-18.18481],[-70.34981,-18.18578],[-70.35011,-18.18773],[-70.35099,-18.18861],[-70.35113,-18.18938],[-70.35198,-18.19074],[-70.35212,-18.19202],[-70.35237,-18.19229],[-70.35311,-18.19296],[-70.3536,-18.19371],[-70.35364,-18.19477],[-70.35495,-18.1956],[-70.35535,-18.19637],[-70.35559,-18.19777],[-70.35599,-18.19803],[-70.3564,-18.19857],[-70.35738,-18.19932],[-70.35878,-18.20085],[-70.35901,-18.20155],[-70.3594,-18.20201],[-70.35957,-18.20286],[-70.35976,-18.20345],[-70.36054,-18.20412],[-70.36092,-18.20501],[-70.36062,-18.20598],[-70.36132,-18.20722],[-70.36126,-18.20885],[-70.36209,-18.21001],[-70.36209,-18.21187],[-70.36273,-18.21312],[-70.36358,-18.21384],[-70.36374,-18.21511],[-70.36428,-18.21581],[-70.36565,-18.21635],[-70.36612,-18.21727],[-70.36615,-18.21831],[-70.36584,-18.21883],[-70.36574,-18.21976],[-70.36585,-18.2204],[-70.36557,-18.22096],[-70.36556,-18.22121],[-70.36647,-18.22206],[-70.36738,-18.22248],[-70.36784,-18.2234],[-70.36795,-18.22397],[-70.36868,-18.22445],[-70.36978,-18.22569],[-70.37074,-18.22613],[-70.37148,-18.22698],[-70.37222,-18.22875],[-70.3736,-18.22976],[-70.37488,-18.23163],[-70.37548,-18.23295],[-70.37588,-18.23387],[-70.3759,-18.23431],[-70.37665,-18.23507],[-70.37722,-18.23556],[-70.37799,-18.23592],[-70.37933,-18.23843],[-70.37996,-18.23919],[-70.38176,-18.23972],[-70.38227,-18.24006],[-70.38341,-18.23999],[-70.38452,-18.24035],[-70.38486,-18.24069],[-70.38471,-18.24122],[-70.38413,-18.24162],[-70.38452,-18.24225],[-70.38482,-18.24281],[-70.38502,-18.24348],[-70.3855,-18.24388],[-70.38582,-18.24476],[-70.38574,-18.2453],[-70.38602,-18.24576],[-70.38616,-18.24625],[-70.38656,-18.24659],[-70.38744,-18.2469],[-70.38791,-18.2475],[-70.38909,-18.24763],[-70.3894,-18.248],[-70.3896,-18.24838],[-70.3895,-18.24932],[-70.38989,-18.25032],[-70.39076,-18.25177],[-70.39061,-18.25254],[-70.39064,-18.25333],[-70.39052,-18.2543],[-70.39124,-18.2551],[-70.39173,-18.25505],[-70.39214,-18.25511],[-70.39231,-18.25525],[-70.39291,-18.2563],[-70.39415,-18.25676],[-70.39539,-18.25686],[-70.39678,-18.2589],[-70.39758,-18.2594],[-70.39824,-18.2598],[-70.39931,-18.26071],[-70.39986,-18.26159],[-70.39987,-18.26197],[-70.39963,-18.26235],[-70.39971,-18.26269],[-70.40149,-18.26388],[-70.40221,-18.26433],[-70.40269,-18.26466],[-70.40341,-18.26477],[-70.40424,-18.26505],[-70.40534,-18.26622],[-70.4054,-18.26697],[-70.40591,-18.2675],[-70.40743,-18.26803],[-70.40838,-18.26881],[-70.41013,-18.26975],[-70.41063,-18.27017],[-70.4116,-18.27093],[-70.41293,-18.27198],[-70.41324,-18.27264],[-70.41451,-18.27508],[-70.416,-18.27646],[-70.41594,-18.27816],[-70.41669,-18.27918],[-70.4179,-18.27961],[-70.41854,-18.28034],[-70.42024,-18.28036],[-70.42085,-18.281],[-70.42222,-18.28137],[-70.42296,-18.28222],[-70.42408,-18.28259],[-70.42528,-18.28346],[-70.42646,-18.28368],[-70.42788,-18.28497],[-70.42931,-18.28681],[-70.43101,-18.28716],[-70.43276,-18.28845],[-70.43332,-18.28974],[-70.43507,-18.29032],[-70.43643,-18.2915],[-70.43806,-18.29197],[-70.44271,-18.29682],[-70.44397,-18.29777],[-70.44451,-18.29814]]]}},{"type":"Feature","properties":{"Name":"U.H.CUENCAS CAPLINA, HOSPICIO, LLUTA, SAMA; INTERCUENCA 13155","description":"","OBJECTID":"184966","CODIGO":"FM000005","NOMBRE":"U.H.CUENCAS CAPLINA, HOSPICIO, LLUTA, SAMA; INTERCUENCA 13155","CATEGORI":" ","CLASE":" ","ZONA":"19","HAS":"3.3357","ZONEX":"19","NORMA":"LEY N\u00b0 29338","ARCHIVO":"CH26E4926","FEC_ING":"21/01/2026","ENTIDAD":"AUTORIDAD NACIONAL DEL AGUA","USO":" ","EST_GRAF":"SIN INF. COMPLETA","LEYENDA":"SIN INF. COMPLETA","SHAPE.AREA":"2.843683133981e-06","SHAPE.LEN":"0.0330018076462978","FEC_PUB":"1238475600000","MINERIA":"NO","TP_AREA":"FAJA MARGINAL","ORDENANZA":" ","NM_AREA":"U.H.CUENCAS CAPLINA, HOSPICIO, LLUTA, SAMA; INTERCUENCA 13155 - FAJA MARGINAL","CREATOR":"WVAL0398","CREATIONDA":"1769027045000","EDITOR":"WVAL0398","EDITDATE":"1769027045000","IDENTI":"59e805afb6e74ed4a5b24bb784812e2c","ESTILO":"ZONA RESERVADA"},"geometry":{"type":"Polygon","coordinates":[[[-69.83259,-17.76123],[-69.83228,-17.76116],[-69.83201,-17.76109],[-69.83164,-17.76086],[-69.83126,-17.76075],[-69.83101,-17.76055],[-69.83069,-17.76051],[-69.83052,-17.76035],[-69.83032,-17.76026],[-69.83016,-17.76007],[-69.83001,-17.7601],[-69.82997,-17.75998],[-69.82925,-17.75967],[-69.82888,-17.75963],[-69.8288,-17.75951],[-69.82856,-17.75933],[-69.82828,-17.75935],[-69.82766,-17.75901],[-69.8275,-17.759],[-69.82732,-17.7588],[-69.82692,-17.75842],[-69.8268,-17.75823],[-69.82651,-17.75809],[-69.82631,-17.75779],[-69.82613,-17.75771],[-69.82605,-17.75761],[-69.82585,-17.75766],[-69.82571,-17.7576],[-69.82555,-17.7576],[-69.82495,-17.75744],[-69.82469,-17.75755],[-69.82449,-17.75749],[-69.82402,-17.75753],[-69.82377,-17.75774],[-69.82346,-17.75769],[-69.82321,-17.75741],[-69.82292,-17.75731],[-69.82235,-17.75713],[-69.82231,-17.75705],[-69.82181,-17.75697],[-69.82156,-17.75666],[-69.82116,-17.75668],[-69.82107,-17.75681],[-69.82086,-17.75683],[-69.82077,-17.75675],[-69.8202,-17.75684],[-69.82011,-17.75669],[-69.81995,-17.75662],[-69.81995,-17.75646],[-69.8197,-17.75642],[-69.81955,-17.75631],[-69.81913,-17.75623],[-69.81876,-17.7566],[-69.81872,-17.75637],[-69.81909,-17.75607],[-69.81964,-17.75623],[-69.81996,-17.75616],[-69.82,-17.75627],[-69.82016,-17.7564],[-69.82034,-17.75649],[-69.82054,-17.75648],[-69.82059,-17.75637],[-69.82075,-17.75631],[-69.82095,-17.75653],[-69.82115,-17.75635],[-69.82151,-17.75625],[-69.82192,-17.75649],[-69.82236,-17.75657],[-69.82251,-17.75672],[-69.82249,-17.75684],[-69.8227,-17.75689],[-69.82337,-17.75739],[-69.82372,-17.75755],[-69.82382,-17.75749],[-69.82448,-17.75736],[-69.8247,-17.75742],[-69.825,-17.7573],[-69.82549,-17.75746],[-69.82567,-17.75743],[-69.82585,-17.75755],[-69.82611,-17.7575],[-69.82619,-17.7576],[-69.82634,-17.75765],[-69.82656,-17.75798],[-69.82686,-17.75807],[-69.82697,-17.7583],[-69.82736,-17.75853],[-69.82729,-17.75864],[-69.82745,-17.75878],[-69.82758,-17.7589],[-69.82771,-17.75888],[-69.82809,-17.75906],[-69.82832,-17.75909],[-69.82849,-17.75921],[-69.82866,-17.75925],[-69.82896,-17.75946],[-69.82905,-17.75956],[-69.82927,-17.75957],[-69.83005,-17.75988],[-69.83007,-17.76],[-69.8302,-17.75996],[-69.83037,-17.76014],[-69.83057,-17.76025],[-69.83076,-17.76042],[-69.83103,-17.76044],[-69.83127,-17.76063],[-69.83169,-17.76074],[-69.83218,-17.76103],[-69.8323,-17.76101],[-69.83259,-17.76123]]]}},{"type":"Feature","properties":{"Name":"U.H.CUENCAS CAPLINA, HOSPICIO, LLUTA, SAMA; INTERCUENCA 13155","description":"","OBJECTID":"184962","CODIGO":"FM000005","NOMBRE":"U.H.CUENCAS CAPLINA, HOSPICIO, LLUTA, SAMA; INTERCUENCA 13155","CATEGORI":" ","CLASE":" ","ZONA":"19","HAS":"161.124","ZONEX":"19","NORMA":"LEY N\u00b0 29338","ARCHIVO":"CH26E4926","FEC_ING":"21/01/2026","ENTIDAD":"AUTORIDAD NACIONAL DEL AGUA","USO":" ","EST_GRAF":"SIN INF. COMPLETA","LEYENDA":"SIN INF. COMPLETA","SHAPE.AREA":"0.000137544924140713","SHAPE.LEN":"0.0810297918492701","FEC_PUB":"1238475600000","MINERIA":"NO","TP_AREA":"FAJA MARGINAL","ORDENANZA":" ","NM_AREA":"U.H.CUENCAS CAPLINA, HOSPICIO, LLUTA, SAMA; INTERCUENCA 13155 - FAJA MARGINAL","CREATOR":"WVAL0398","CREATIONDA":"1769027045000","EDITOR":"WVAL0398","EDITDATE":"1769027045000","IDENTI":"2833dfe12f8a4ebab5cb7618597e5f81","ESTILO":"ZONA RESERVADA"},"geometry":{"type":"Polygon","coordinates":[[[-70.22431,-18.05704],[-70.22378,-18.05628],[-70.22351,-18.05542],[-70.22358,-18.05452],[-70.22375,-18.05363],[-70.22316,-18.05292],[-70.22232,-18.05251],[-70.22193,-18.05168],[-70.22161,-18.05084],[-70.22172,-18.04994],[-70.22211,-18.04912],[-70.22189,-18.04824],[-70.22201,-18.04735],[-70.22255,-18.0466],[-70.22264,-18.0457],[-70.22284,-18.04482],[-70.22301,-18.04393],[-70.22325,-18.04305],[-70.22382,-18.04234],[-70.22428,-18.04155],[-70.2248,-18.04079],[-70.22555,-18.04025],[-70.22625,-18.03965],[-70.22708,-18.03922],[-70.22798,-18.03897],[-70.22877,-18.03847],[-70.22951,-18.0379],[-70.23045,-18.03788],[-70.23124,-18.03738],[-70.23218,-18.03753],[-70.2331,-18.03771],[-70.23403,-18.03784],[-70.23498,-18.03788],[-70.23591,-18.03776],[-70.23684,-18.03761],[-70.23775,-18.03737],[-70.23867,-18.03715],[-70.23962,-18.03709],[-70.24046,-18.03667],[-70.24133,-18.03633],[-70.24159,-18.03547],[-70.2413,-18.03462],[-70.24073,-18.0339],[-70.24038,-18.03305],[-70.23994,-18.03226],[-70.23939,-18.03152],[-70.23897,-18.03071],[-70.23952,-18.03047],[-70.23994,-18.03128],[-70.24055,-18.03196],[-70.24099,-18.03277],[-70.24147,-18.03355],[-70.2419,-18.03435],[-70.24221,-18.03521],[-70.24213,-18.03611],[-70.24154,-18.03681],[-70.24157,-18.03771],[-70.24118,-18.03854],[-70.24061,-18.03927],[-70.23973,-18.03955],[-70.23885,-18.03921],[-70.23795,-18.0395],[-70.23711,-18.03988],[-70.23627,-18.04031],[-70.23566,-18.04099],[-70.23496,-18.0416],[-70.23428,-18.04222],[-70.23367,-18.04292],[-70.23301,-18.04356],[-70.23207,-18.04355],[-70.23152,-18.04428],[-70.231,-18.04505],[-70.23022,-18.04556],[-70.22937,-18.04595],[-70.22903,-18.04679],[-70.22828,-18.04735],[-70.22794,-18.04819],[-70.22751,-18.04899],[-70.22688,-18.04966],[-70.22631,-18.05038],[-70.22602,-18.05123],[-70.22573,-18.0521],[-70.22578,-18.05301],[-70.22584,-18.05391],[-70.22568,-18.0548],[-70.22587,-18.05568],[-70.22639,-18.05644],[-70.22431,-18.05704]]]}},{"type":"Feature","properties":{"Name":"U.H.CUENCAS CAPLINA, HOSPICIO, LLUTA, SAMA; INTERCUENCA 13155","description":"","OBJECTID":"184967","CODIGO":"FM000005","NOMBRE":"U.H.CUENCAS CAPLINA, HOSPICIO, LLUTA, SAMA; INTERCUENCA 13155","CATEGORI":" ","CLASE":" ","ZONA":"19","HAS":"7.6574","ZONEX":"19","NORMA":"LEY N\u00b0 29338","ARCHIVO":"CH26E4926","FEC_ING":"21/01/2026","ENTIDAD":"AUTORIDAD NACIONAL DEL AGUA","USO":" ","EST_GRAF":"SIN INF. COMPLETA","LEYENDA":"SIN INF. COMPLETA","SHAPE.AREA":"6.5278973358025e-06","SHAPE.LEN":"0.0401316962078904","FEC_PUB":"1238475600000","MINERIA":"NO","TP_AREA":"FAJA MARGINAL","ORDENANZA":" ","NM_AREA":"U.H.CUENCAS CAPLINA, HOSPICIO, LLUTA, SAMA; INTERCUENCA 13155 - FAJA MARGINAL","CREATOR":"WVAL0398","CREATIONDA":"1769027045000","EDITOR":"WVAL0398","EDITDATE":"1769027045000","IDENTI":"1abfa29d65b747a0889aafc892660599","ESTILO":"ZONA RESERVADA"},"geometry":{"type":"Polygon","coordinates":[[[-69.81864,-17.75637],[-69.81855,-17.75661],[-69.81841,-17.75721],[-69.81824,-17.75755],[-69.81759,-17.75813],[-69.81716,-17.75867],[-69.817,-17.75866],[-69.81683,-17.75877],[-69.81668,-17.75915],[-69.81634,-17.75954],[-69.81613,-17.75957],[-69.81599,-17.75978],[-69.81582,-17.75984],[-69.8157,-17.75993],[-69.81559,-17.75995],[-69.81514,-17.76036],[-69.81441,-17.76065],[-69.81413,-17.76094],[-69.81368,-17.76117],[-69.81332,-17.76144],[-69.81273,-17.76162],[-69.81259,-17.76122],[-69.81291,-17.76119],[-69.81348,-17.76087],[-69.81394,-17.76066],[-69.81428,-17.76036],[-69.81462,-17.76028],[-69.81475,-17.7603],[-69.81501,-17.76014],[-69.81506,-17.76006],[-69.81542,-17.75978],[-69.81581,-17.75962],[-69.8159,-17.75941],[-69.81601,-17.7593],[-69.81612,-17.75927],[-69.81643,-17.75904],[-69.81653,-17.75888],[-69.8166,-17.75863],[-69.8168,-17.75847],[-69.81725,-17.75816],[-69.81738,-17.75787],[-69.81795,-17.75733],[-69.81811,-17.75706],[-69.8182,-17.75665],[-69.81836,-17.75634],[-69.81855,-17.75609],[-69.81853,-17.75592],[-69.81857,-17.75582],[-69.81885,-17.75553],[-69.81883,-17.75529],[-69.81892,-17.75512],[-69.81905,-17.75501],[-69.8192,-17.75478],[-69.81922,-17.75466],[-69.81971,-17.75414],[-69.81994,-17.7538],[-69.81998,-17.75365],[-69.82042,-17.75317],[-69.82073,-17.75236],[-69.8208,-17.75175],[-69.82095,-17.75115],[-69.82104,-17.75024],[-69.82102,-17.75018],[-69.82131,-17.74938],[-69.82125,-17.74925],[-69.82121,-17.74883],[-69.82113,-17.74808],[-69.8209,-17.74703],[-69.82082,-17.74684],[-69.82083,-17.74656],[-69.8207,-17.74625],[-69.82057,-17.74606],[-69.82058,-17.74584],[-69.82075,-17.74582],[-69.82116,-17.74662],[-69.82135,-17.74737],[-69.8216,-17.74852],[-69.82166,-17.74899],[-69.82159,-17.74929],[-69.8216,-17.7495],[-69.82148,-17.75078],[-69.8214,-17.75115],[-69.82134,-17.75128],[-69.82133,-17.75161],[-69.82124,-17.75198],[-69.82108,-17.7528],[-69.8205,-17.75351],[-69.82027,-17.75389],[-69.82011,-17.75395],[-69.81994,-17.75429],[-69.81939,-17.75485],[-69.81925,-17.75514],[-69.8191,-17.75528],[-69.81905,-17.75558],[-69.81892,-17.75597],[-69.81864,-17.75637]]]}},{"type":"Feature","properties":{"Name":"U.H.CUENCAS CAPLINA, HOSPICIO, LLUTA, SAMA; INTERCUENCA 13155","description":"","OBJECTID":"184968","CODIGO":"FM000005","NOMBRE":"U.H.CUENCAS CAPLINA, HOSPICIO, LLUTA, SAMA; INTERCUENCA 13155","CATEGORI":" ","CLASE":" ","ZONA":"19","HAS":"211.7517","ZONEX":"19","NORMA":"LEY N\u00b0 29338","ARCHIVO":"CH26E4926","FEC_ING":"21/01/2026","ENTIDAD":"AUTORIDAD NACIONAL DEL AGUA","USO":" ","EST_GRAF":"SIN INF. COMPLETA","LEYENDA":"SIN INF. COMPLETA","SHAPE.AREA":"0.000180430742879796","SHAPE.LEN":"0.22061568757713","FEC_PUB":"1238475600000","MINERIA":"NO","TP_AREA":"FAJA MARGINAL","ORDENANZA":" ","NM_AREA":"U.H.CUENCAS CAPLINA, HOSPICIO, LLUTA, SAMA; INTERCUENCA 13155 - FAJA MARGINAL","CREATOR":"WVAL0398","CREATIONDA":"1769027045000","EDITOR":"WVAL0398","EDITDATE":"1769027045000","IDENTI":"5f2557937055469a8b292d4efaa35e4d","ESTILO":"ZONA RESERVADA"},"geometry":{"type":"Polygon","coordinates":[[[-70.47683,-17.70787],[-70.47656,-17.70835],[-70.47618,-17.70863],[-70.47573,-17.70879],[-70.47544,-17.70907],[-70.47521,-17.70953],[-70.47499,-17.71003],[-70.47475,-17.71038],[-70.47451,-17.71083],[-70.47436,-17.71118],[-70.47397,-17.71149],[-70.47385,-17.71173],[-70.47367,-17.71234],[-70.4736,-17.7127],[-70.47365,-17.71318],[-70.47378,-17.71353],[-70.474,-17.71406],[-70.4739,-17.71447],[-70.47359,-17.71483],[-70.47338,-17.71506],[-70.47335,-17.71536],[-70.47358,-17.71583],[-70.47403,-17.71613],[-70.47427,-17.71644],[-70.47463,-17.71685],[-70.47455,-17.71743],[-70.47413,-17.71779],[-70.47366,-17.71792],[-70.4735,-17.71831],[-70.47378,-17.71875],[-70.47408,-17.71923],[-70.47394,-17.7198],[-70.4735,-17.72024],[-70.47293,-17.72053],[-70.47236,-17.72052],[-70.47175,-17.72043],[-70.47119,-17.72031],[-70.47122,-17.72062],[-70.47136,-17.72093],[-70.47151,-17.7212],[-70.47181,-17.72162],[-70.47196,-17.72219],[-70.47195,-17.72256],[-70.47177,-17.72298],[-70.47136,-17.72326],[-70.47123,-17.72367],[-70.4713,-17.72401],[-70.47139,-17.72454],[-70.47125,-17.72493],[-70.47121,-17.72535],[-70.47116,-17.7258],[-70.4711,-17.72624],[-70.47096,-17.72673],[-70.47079,-17.72708],[-70.47043,-17.72745],[-70.47015,-17.7278],[-70.46981,-17.72822],[-70.46959,-17.72852],[-70.46968,-17.72894],[-70.46984,-17.72931],[-70.46996,-17.72987],[-70.46997,-17.7303],[-70.46995,-17.7308],[-70.46996,-17.73121],[-70.4703,-17.73143],[-70.47077,-17.73159],[-70.47078,-17.732],[-70.47073,-17.73233],[-70.47061,-17.73264],[-70.47062,-17.73306],[-70.47101,-17.73346],[-70.47124,-17.73395],[-70.47148,-17.73434],[-70.47166,-17.73489],[-70.47137,-17.73517],[-70.47106,-17.73546],[-70.47105,-17.73584],[-70.47114,-17.73624],[-70.47159,-17.73653],[-70.47164,-17.73706],[-70.47155,-17.73755],[-70.47144,-17.73804],[-70.47137,-17.73849],[-70.4712,-17.7391],[-70.47102,-17.73966],[-70.47106,-17.74013],[-70.47157,-17.74047],[-70.47189,-17.7406],[-70.47203,-17.74105],[-70.47203,-17.74148],[-70.47209,-17.74191],[-70.47246,-17.74223],[-70.47269,-17.74259],[-70.47229,-17.74312],[-70.47194,-17.74339],[-70.47185,-17.74366],[-70.47222,-17.744],[-70.47275,-17.74423],[-70.47297,-17.74475],[-70.47276,-17.74531],[-70.47271,-17.74569],[-70.47278,-17.74614],[-70.47263,-17.74658],[-70.47262,-17.74704],[-70.47292,-17.74747],[-70.47307,-17.748],[-70.4731,-17.74853],[-70.47319,-17.74899],[-70.47368,-17.74931],[-70.4741,-17.7498],[-70.47431,-17.75018],[-70.47436,-17.75062],[-70.47447,-17.75113],[-70.4744,-17.75191],[-70.47438,-17.75242],[-70.47425,-17.75287],[-70.47442,-17.75398],[-70.47422,-17.7543],[-70.47434,-17.75481],[-70.47478,-17.75505],[-70.47506,-17.75536],[-70.47498,-17.75592],[-70.47496,-17.75629],[-70.47495,-17.75673],[-70.47507,-17.75719],[-70.47504,-17.7577],[-70.4751,-17.75808],[-70.47535,-17.75848],[-70.4756,-17.75893],[-70.47576,-17.75935],[-70.47601,-17.75984],[-70.47617,-17.76027],[-70.47636,-17.76076],[-70.47645,-17.76122],[-70.4766,-17.76178],[-70.47672,-17.76227],[-70.47682,-17.76276],[-70.47688,-17.76324],[-70.47697,-17.76372],[-70.47702,-17.7641],[-70.47715,-17.76453],[-70.47741,-17.76494],[-70.47772,-17.76544],[-70.47772,-17.76596],[-70.47787,-17.76635],[-70.47804,-17.7667],[-70.47819,-17.76705],[-70.47841,-17.76739],[-70.47874,-17.76772],[-70.47895,-17.76805],[-70.47938,-17.76826],[-70.47996,-17.76837],[-70.48057,-17.76852],[-70.48111,-17.76882],[-70.48158,-17.76919],[-70.48201,-17.76966],[-70.48214,-17.77016],[-70.48232,-17.77058],[-70.48262,-17.77118],[-70.48285,-17.77161],[-70.48304,-17.772],[-70.48324,-17.77243],[-70.48354,-17.77313],[-70.48385,-17.77375],[-70.48422,-17.77417],[-70.48455,-17.77454],[-70.48473,-17.77495],[-70.48493,-17.77533],[-70.48499,-17.77577],[-70.48497,-17.77621],[-70.48525,-17.77668],[-70.48569,-17.77708],[-70.48607,-17.77739],[-70.48635,-17.77797],[-70.48657,-17.77862],[-70.4868,-17.77924],[-70.4871,-17.77972],[-70.48399,-17.78155],[-70.48377,-17.78086],[-70.48351,-17.78049],[-70.48327,-17.78012],[-70.48286,-17.77954],[-70.48254,-17.77909],[-70.48222,-17.77857],[-70.48211,-17.77816],[-70.4823,-17.77766],[-70.48231,-17.7772],[-70.48203,-17.77652],[-70.48221,-17.77601],[-70.48208,-17.77543],[-70.48195,-17.77493],[-70.48191,-17.77446],[-70.48187,-17.77391],[-70.48175,-17.77354],[-70.4815,-17.77312],[-70.48122,-17.77266],[-70.48103,-17.77218],[-70.48079,-17.77159],[-70.48039,-17.77109],[-70.47993,-17.77081],[-70.47927,-17.7708],[-70.47895,-17.77073],[-70.47806,-17.76949],[-70.47792,-17.76913],[-70.47759,-17.76881],[-70.4773,-17.76841],[-70.47705,-17.76805],[-70.47674,-17.76762],[-70.47642,-17.76732],[-70.47615,-17.76693],[-70.47593,-17.76654],[-70.47574,-17.76611],[-70.47563,-17.76572],[-70.47554,-17.76533],[-70.47552,-17.76479],[-70.47521,-17.76449],[-70.47484,-17.76419],[-70.47462,-17.7639],[-70.47425,-17.76374],[-70.47376,-17.76352],[-70.47334,-17.7633],[-70.47301,-17.76286],[-70.47285,-17.76233],[-70.47277,-17.76185],[-70.47272,-17.76129],[-70.47266,-17.76065],[-70.4728,-17.76019],[-70.47285,-17.75971],[-70.47289,-17.75938],[-70.47281,-17.75905],[-70.47266,-17.75879],[-70.47243,-17.75843],[-70.47239,-17.75792],[-70.47247,-17.75735],[-70.47262,-17.75682],[-70.47295,-17.75647],[-70.47299,-17.75601],[-70.47293,-17.75561],[-70.47286,-17.75518],[-70.47272,-17.75471],[-70.47263,-17.75426],[-70.47272,-17.75381],[-70.47271,-17.75326],[-70.47253,-17.75277],[-70.47261,-17.75233],[-70.4727,-17.7519],[-70.47265,-17.7516],[-70.47256,-17.75126],[-70.47236,-17.75081],[-70.47212,-17.7503],[-70.47198,-17.74976],[-70.47187,-17.74926],[-70.47169,-17.74884],[-70.4715,-17.74843],[-70.47124,-17.74807],[-70.47108,-17.74754],[-70.47104,-17.74708],[-70.47099,-17.74667],[-70.47116,-17.7462],[-70.47127,-17.7458],[-70.47132,-17.74538],[-70.47125,-17.74501],[-70.47115,-17.74456],[-70.47105,-17.74411],[-70.47086,-17.74379],[-70.471,-17.74334],[-70.47112,-17.74283],[-70.4711,-17.7425],[-70.47082,-17.74207],[-70.47054,-17.74172],[-70.47017,-17.74148],[-70.46978,-17.74114],[-70.46978,-17.74063],[-70.46987,-17.74021],[-70.46994,-17.73968],[-70.46987,-17.73901],[-70.46996,-17.73857],[-70.46994,-17.73812],[-70.46978,-17.73773],[-70.46964,-17.73727],[-70.46959,-17.73674],[-70.46961,-17.73629],[-70.4695,-17.73583],[-70.46927,-17.73553],[-70.46907,-17.73514],[-70.46874,-17.73474],[-70.46856,-17.73415],[-70.46868,-17.73355],[-70.46884,-17.73319],[-70.46905,-17.73279],[-70.46907,-17.73247],[-70.46879,-17.7322],[-70.46845,-17.73175],[-70.4685,-17.7311],[-70.46859,-17.73066],[-70.46861,-17.73015],[-70.46855,-17.72981],[-70.46827,-17.72955],[-70.46799,-17.72921],[-70.46793,-17.72855],[-70.46813,-17.72798],[-70.46835,-17.72761],[-70.46866,-17.727],[-70.46923,-17.72672],[-70.4695,-17.7264],[-70.46981,-17.72597],[-70.46997,-17.7257],[-70.47009,-17.7252],[-70.47023,-17.72473],[-70.47027,-17.72432],[-70.47018,-17.72392],[-70.47002,-17.72347],[-70.47016,-17.72301],[-70.4705,-17.72265],[-70.47072,-17.72218],[-70.47068,-17.72171],[-70.47038,-17.72142],[-70.4702,-17.72102],[-70.47,-17.72062],[-70.46996,-17.72001],[-70.47017,-17.71955],[-70.47048,-17.71924],[-70.47126,-17.71917],[-70.4719,-17.71907],[-70.47162,-17.71868],[-70.47157,-17.71814],[-70.47172,-17.7176],[-70.47217,-17.71723],[-70.47262,-17.71696],[-70.47284,-17.71672],[-70.47273,-17.71645],[-70.47245,-17.71604],[-70.4723,-17.71556],[-70.47222,-17.71508],[-70.47233,-17.71455],[-70.47242,-17.71414],[-70.47234,-17.71355],[-70.47231,-17.71309],[-70.47225,-17.71277],[-70.47213,-17.71236],[-70.47222,-17.71183],[-70.47214,-17.71136],[-70.472,-17.71097],[-70.47212,-17.71048],[-70.47237,-17.71012],[-70.47266,-17.70991],[-70.47303,-17.70973],[-70.47347,-17.7095],[-70.47372,-17.70911],[-70.47389,-17.70867],[-70.47407,-17.70812],[-70.47452,-17.70787],[-70.47488,-17.70776],[-70.47517,-17.70745],[-70.47517,-17.70711],[-70.47488,-17.70689],[-70.4744,-17.70667],[-70.47405,-17.70643],[-70.47368,-17.70595],[-70.47348,-17.70555],[-70.47333,-17.705],[-70.47315,-17.70465],[-70.47291,-17.70413],[-70.47267,-17.70392],[-70.47229,-17.7038],[-70.47197,-17.70367],[-70.47162,-17.70322],[-70.47159,-17.70283],[-70.47185,-17.70245],[-70.47236,-17.70222],[-70.47267,-17.70202],[-70.47309,-17.70182],[-70.47342,-17.7016],[-70.47365,-17.70126],[-70.47377,-17.70089],[-70.47404,-17.70048],[-70.47423,-17.70009],[-70.47443,-17.6997],[-70.47439,-17.69931],[-70.4744,-17.69898],[-70.47466,-17.69842],[-70.47468,-17.69805],[-70.47434,-17.69766],[-70.47384,-17.69746],[-70.47336,-17.69732],[-70.47288,-17.6969],[-70.47282,-17.69643],[-70.47276,-17.69605],[-70.47289,-17.69572],[-70.47356,-17.6955],[-70.47393,-17.69541],[-70.47396,-17.69496],[-70.47369,-17.69461],[-70.47334,-17.69446],[-70.47254,-17.69461],[-70.47214,-17.69431],[-70.47186,-17.69394],[-70.47172,-17.69369],[-70.4716,-17.69323],[-70.47131,-17.69299],[-70.47224,-17.6925],[-70.47239,-17.69297],[-70.47252,-17.69323],[-70.47277,-17.69349],[-70.47312,-17.69369],[-70.4735,-17.69369],[-70.47401,-17.69379],[-70.47446,-17.69424],[-70.47483,-17.69479],[-70.47494,-17.6953],[-70.47487,-17.69569],[-70.47445,-17.69598],[-70.47404,-17.69612],[-70.47399,-17.69636],[-70.47442,-17.69648],[-70.47477,-17.69688],[-70.475,-17.69719],[-70.47549,-17.6976],[-70.47585,-17.69808],[-70.47593,-17.69852],[-70.47572,-17.69898],[-70.47535,-17.69942],[-70.47535,-17.69984],[-70.47506,-17.70016],[-70.47487,-17.70051],[-70.47476,-17.70098],[-70.47466,-17.70145],[-70.4744,-17.70184],[-70.4742,-17.70211],[-70.47382,-17.70231],[-70.47347,-17.70247],[-70.47301,-17.70269],[-70.47277,-17.7029],[-70.47293,-17.70316],[-70.47339,-17.70342],[-70.47365,-17.70366],[-70.47401,-17.70396],[-70.47425,-17.7043],[-70.47458,-17.70462],[-70.47496,-17.70491],[-70.47529,-17.7052],[-70.47574,-17.70552],[-70.47644,-17.70582],[-70.47702,-17.70611],[-70.47715,-17.70677],[-70.47703,-17.70735],[-70.47683,-17.70787]]]}},{"type":"Feature","properties":{"Name":"U.H.CUENCAS CAPLINA, HOSPICIO, LLUTA, SAMA; INTERCUENCA 13155","description":"","OBJECTID":"184970","CODIGO":"FM000005","NOMBRE":"U.H.CUENCAS CAPLINA, HOSPICIO, LLUTA, SAMA; INTERCUENCA 13155","CATEGORI":" ","CLASE":" ","ZONA":"19","HAS":"113.512","ZONEX":"19","NORMA":"LEY N\u00b0 29338","ARCHIVO":"CH26E4926","FEC_ING":"21/01/2026","ENTIDAD":"AUTORIDAD NACIONAL DEL AGUA","USO":" ","EST_GRAF":"SIN INF. COMPLETA","LEYENDA":"SIN INF. COMPLETA","SHAPE.AREA":"9.6912429327231e-05","SHAPE.LEN":"0.285759568738349","FEC_PUB":"1238475600000","MINERIA":"NO","TP_AREA":"FAJA MARGINAL","ORDENANZA":" ","NM_AREA":"U.H.CUENCAS CAPLINA, HOSPICIO, LLUTA, SAMA; INTERCUENCA 13155 - FAJA MARGINAL","CREATOR":"WVAL0398","CREATIONDA":"1769027045000","EDITOR":"WVAL0398","EDITDATE":"1769027045000","IDENTI":"3551fd81dc024d74b6eb90a197c086dc","ESTILO":"ZONA RESERVADA"},"geometry":{"type":"Polygon","coordinates":[[[-70.29108,-18.1027],[-70.29059,-18.10243],[-70.29014,-18.10218],[-70.28979,-18.10155],[-70.28913,-18.10116],[-70.28854,-18.10141],[-70.28792,-18.10151],[-70.28719,-18.10126],[-70.28643,-18.10146],[-70.2856,-18.10133],[-70.28467,-18.10147],[-70.28395,-18.1011],[-70.28342,-18.1005],[-70.28296,-18.1],[-70.28207,-18.09983],[-70.2811,-18.09982],[-70.28011,-18.09956],[-70.27918,-18.09933],[-70.27834,-18.09892],[-70.27782,-18.09891],[-70.27707,-18.09896],[-70.27638,-18.09881],[-70.27576,-18.0989],[-70.27491,-18.09858],[-70.27443,-18.0985],[-70.27435,-18.0992],[-70.27353,-18.09877],[-70.27267,-18.09865],[-70.27194,-18.09864],[-70.27135,-18.09909],[-70.27015,-18.09908],[-70.26937,-18.09873],[-70.26838,-18.09859],[-70.26734,-18.09798],[-70.26631,-18.09734],[-70.2659,-18.09654],[-70.26547,-18.09622],[-70.26452,-18.09606],[-70.26363,-18.09596],[-70.26278,-18.09646],[-70.26155,-18.09626],[-70.26011,-18.09608],[-70.25863,-18.09575],[-70.25798,-18.09539],[-70.2574,-18.09498],[-70.25675,-18.09446],[-70.25626,-18.09445],[-70.25573,-18.09443],[-70.25525,-18.09387],[-70.25447,-18.09329],[-70.25407,-18.09241],[-70.25204,-18.09092],[-70.25157,-18.0904],[-70.25077,-18.0905],[-70.24964,-18.09039],[-70.24878,-18.08992],[-70.24824,-18.08962],[-70.24731,-18.08904],[-70.24635,-18.08869],[-70.24529,-18.08807],[-70.2445,-18.08752],[-70.24394,-18.08708],[-70.24333,-18.08689],[-70.24273,-18.08645],[-70.24195,-18.08601],[-70.24144,-18.08526],[-70.2407,-18.08467],[-70.23988,-18.08474],[-70.23941,-18.0842],[-70.23887,-18.08376],[-70.23789,-18.0838],[-70.23761,-18.08331],[-70.23732,-18.08295],[-70.23697,-18.08265],[-70.23633,-18.0823],[-70.23561,-18.08196],[-70.23498,-18.08148],[-70.23494,-18.08103],[-70.23513,-18.08052],[-70.23498,-18.07979],[-70.23417,-18.07917],[-70.23355,-18.0785],[-70.23292,-18.07792],[-70.23234,-18.07717],[-70.23171,-18.07639],[-70.23117,-18.0757],[-70.23033,-18.07501],[-70.22989,-18.07331],[-70.22975,-18.07223],[-70.23018,-18.07143],[-70.23011,-18.07077],[-70.22976,-18.06973],[-70.22989,-18.06895],[-70.22987,-18.06806],[-70.22967,-18.0669],[-70.22939,-18.06611],[-70.2292,-18.06513],[-70.22846,-18.06464],[-70.22793,-18.06395],[-70.22725,-18.06318],[-70.22717,-18.0622],[-70.22703,-18.06164],[-70.22666,-18.06082],[-70.22642,-18.06013],[-70.2262,-18.0594],[-70.22586,-18.05859],[-70.22555,-18.05765],[-70.22557,-18.05685],[-70.22534,-18.05632],[-70.22545,-18.05552],[-70.22558,-18.05496],[-70.22579,-18.05414],[-70.22529,-18.05322],[-70.22501,-18.05234],[-70.22519,-18.05158],[-70.22528,-18.05066],[-70.22557,-18.04984],[-70.22623,-18.04906],[-70.22731,-18.04826],[-70.22839,-18.04803],[-70.22967,-18.04797],[-70.23046,-18.0476],[-70.23081,-18.04722],[-70.23139,-18.04658],[-70.23191,-18.04605],[-70.23273,-18.04554],[-70.23309,-18.04498],[-70.23357,-18.04429],[-70.23449,-18.0441],[-70.23547,-18.04408],[-70.23616,-18.04375],[-70.23663,-18.04335],[-70.23708,-18.04279],[-70.2375,-18.04253],[-70.23816,-18.04197],[-70.23866,-18.04132],[-70.23913,-18.04071],[-70.23975,-18.04057],[-70.24068,-18.0404],[-70.24164,-18.04023],[-70.24251,-18.0399],[-70.24316,-18.03959],[-70.2436,-18.0391],[-70.2434,-18.03838],[-70.24295,-18.03748],[-70.24266,-18.03693],[-70.24217,-18.03616],[-70.24158,-18.03528],[-70.24118,-18.03445],[-70.24066,-18.03385],[-70.24022,-18.03325],[-70.23975,-18.0326],[-70.23922,-18.03199],[-70.23878,-18.03133],[-70.23825,-18.03066],[-70.23772,-18.03007],[-70.23679,-18.02967],[-70.23604,-18.02896],[-70.23529,-18.02837],[-70.23443,-18.02792],[-70.23397,-18.02741],[-70.23318,-18.02701],[-70.23233,-18.02666],[-70.23174,-18.02632],[-70.23128,-18.02581],[-70.23144,-18.02529],[-70.23186,-18.0258],[-70.23234,-18.02611],[-70.2328,-18.02661],[-70.23373,-18.02683],[-70.2344,-18.0273],[-70.23486,-18.02754],[-70.23546,-18.02789],[-70.23607,-18.0284],[-70.23654,-18.02909],[-70.2373,-18.02969],[-70.2382,-18.03011],[-70.23886,-18.03086],[-70.23939,-18.0314],[-70.23979,-18.03219],[-70.24023,-18.03293],[-70.24063,-18.03348],[-70.24106,-18.034],[-70.24189,-18.03478],[-70.24235,-18.0356],[-70.24262,-18.03632],[-70.24306,-18.03695],[-70.2436,-18.03784],[-70.24381,-18.03867],[-70.24377,-18.03946],[-70.24303,-18.03996],[-70.24215,-18.04029],[-70.24126,-18.04051],[-70.24035,-18.04066],[-70.23947,-18.04088],[-70.23895,-18.04144],[-70.23846,-18.04238],[-70.23771,-18.04293],[-70.23714,-18.04347],[-70.23659,-18.04396],[-70.23606,-18.04453],[-70.23547,-18.04525],[-70.23501,-18.04574],[-70.23454,-18.04638],[-70.23375,-18.04694],[-70.23321,-18.04716],[-70.23246,-18.04756],[-70.23185,-18.04805],[-70.2312,-18.04855],[-70.23062,-18.04931],[-70.22986,-18.04955],[-70.22874,-18.04993],[-70.22776,-18.05058],[-70.22708,-18.05123],[-70.22657,-18.05197],[-70.22653,-18.05262],[-70.22681,-18.05313],[-70.2273,-18.05456],[-70.22733,-18.05528],[-70.22709,-18.05625],[-70.22699,-18.05708],[-70.22701,-18.05788],[-70.22708,-18.05879],[-70.22718,-18.0596],[-70.22741,-18.06037],[-70.22769,-18.06111],[-70.22765,-18.0619],[-70.22804,-18.06262],[-70.22837,-18.06355],[-70.22914,-18.06443],[-70.22964,-18.06509],[-70.22994,-18.06589],[-70.23046,-18.0667],[-70.23072,-18.06771],[-70.23072,-18.06859],[-70.2307,-18.06946],[-70.23078,-18.07042],[-70.23063,-18.0711],[-70.23087,-18.07198],[-70.23115,-18.07267],[-70.23146,-18.07343],[-70.2319,-18.0742],[-70.23237,-18.07505],[-70.23271,-18.07571],[-70.23301,-18.07631],[-70.2335,-18.07705],[-70.23404,-18.07763],[-70.23482,-18.07823],[-70.23539,-18.07925],[-70.23532,-18.07968],[-70.23536,-18.08055],[-70.23535,-18.08125],[-70.23576,-18.08165],[-70.23659,-18.08175],[-70.2373,-18.08225],[-70.23787,-18.0829],[-70.23823,-18.08351],[-70.23913,-18.08343],[-70.2398,-18.08383],[-70.24061,-18.08406],[-70.2413,-18.08461],[-70.24219,-18.0851],[-70.24289,-18.08555],[-70.24351,-18.08611],[-70.24414,-18.08645],[-70.24467,-18.08672],[-70.24528,-18.08717],[-70.24598,-18.08752],[-70.24632,-18.08783],[-70.24725,-18.08836],[-70.2481,-18.08867],[-70.2489,-18.0892],[-70.24959,-18.0897],[-70.2506,-18.08953],[-70.25151,-18.08981],[-70.25174,-18.09022],[-70.2524,-18.0906],[-70.25286,-18.09112],[-70.25333,-18.09143],[-70.25361,-18.09174],[-70.25385,-18.092],[-70.25479,-18.09266],[-70.25498,-18.09309],[-70.25562,-18.09374],[-70.25754,-18.09467],[-70.25812,-18.09508],[-70.2585,-18.09535],[-70.25886,-18.09543],[-70.2598,-18.09564],[-70.26033,-18.09545],[-70.2615,-18.09554],[-70.2625,-18.09548],[-70.26334,-18.09562],[-70.2641,-18.09571],[-70.26503,-18.09584],[-70.26572,-18.096],[-70.2664,-18.09642],[-70.26668,-18.09723],[-70.26753,-18.09736],[-70.26859,-18.09807],[-70.26947,-18.09835],[-70.27029,-18.09849],[-70.27118,-18.09868],[-70.27192,-18.09841],[-70.27268,-18.09842],[-70.27362,-18.09849],[-70.2743,-18.09818],[-70.27499,-18.09821],[-70.27602,-18.0984],[-70.27665,-18.09831],[-70.27726,-18.09861],[-70.27772,-18.09833],[-70.27827,-18.09846],[-70.2791,-18.09881],[-70.27972,-18.0992],[-70.28022,-18.09931],[-70.2809,-18.09944],[-70.28169,-18.09926],[-70.28253,-18.09936],[-70.28316,-18.09981],[-70.28366,-18.1004],[-70.28424,-18.10068],[-70.28517,-18.10078],[-70.28613,-18.10101],[-70.28675,-18.10084],[-70.28774,-18.10116],[-70.28841,-18.1012],[-70.28926,-18.10085],[-70.29011,-18.10136],[-70.29046,-18.10186],[-70.2909,-18.10206],[-70.29108,-18.1027]]]}},{"type":"Feature","properties":{"Name":"U.H.CUENCAS CAPLINA, HOSPICIO, LLUTA, SAMA; INTERCUENCA 13155","description":"","OBJECTID":"184969","CODIGO":"FM000005","NOMBRE":"U.H.CUENCAS CAPLINA, HOSPICIO, LLUTA, SAMA; INTERCUENCA 13155","CATEGORI":" ","CLASE":" ","ZONA":"19","HAS":"1340.5128","ZONEX":"19","NORMA":"LEY N\u00b0 29338","ARCHIVO":"CH26E4926","FEC_ING":"21/01/2026","ENTIDAD":"AUTORIDAD NACIONAL DEL AGUA","USO":" ","EST_GRAF":"SIN INF. COMPLETA","LEYENDA":"SIN INF. COMPLETA","SHAPE.AREA":"0.0011436402140324702","SHAPE.LEN":"1.01772005320796","FEC_PUB":"1238475600000","MINERIA":"NO","TP_AREA":"FAJA MARGINAL","ORDENANZA":" ","NM_AREA":"U.H.CUENCAS CAPLINA, HOSPICIO, LLUTA, SAMA; INTERCUENCA 13155 - FAJA MARGINAL","CREATOR":"WVAL0398","CREATIONDA":"1769027045000","EDITOR":"WVAL0398","EDITDATE":"1769027045000","IDENTI":"b1773e537851440882048c4a1877a64f","ESTILO":"ZONA RESERVADA"},"geometry":{"type":"Polygon","coordinates":[[[-70.67533,-18.16227],[-70.66973,-18.16328],[-70.66967,-18.1625],[-70.66925,-18.1616],[-70.66891,-18.15899],[-70.66859,-18.15787],[-70.66857,-18.15683],[-70.66875,-18.15554],[-70.66841,-18.15334],[-70.66835,-18.15194],[-70.66925,-18.15121],[-70.66875,-18.15051],[-70.66908,-18.14895],[-70.67115,-18.147],[-70.67089,-18.14661],[-70.67128,-18.14549],[-70.67198,-18.14453],[-70.67174,-18.14389],[-70.67164,-18.14289],[-70.67123,-18.14197],[-70.66823,-18.1413],[-70.6677,-18.13897],[-70.66657,-18.13683],[-70.66611,-18.13581],[-70.66588,-18.13443],[-70.66454,-18.1335],[-70.66314,-18.13229],[-70.66268,-18.13019],[-70.66281,-18.12942],[-70.66358,-18.12785],[-70.66383,-18.12635],[-70.66376,-18.12565],[-70.66385,-18.12445],[-70.66331,-18.12368],[-70.6638,-18.12298],[-70.66277,-18.12191],[-70.66273,-18.12096],[-70.66239,-18.12017],[-70.6632,-18.11866],[-70.66303,-18.1182],[-70.66215,-18.11799],[-70.66158,-18.1166],[-70.66032,-18.11541],[-70.66147,-18.11252],[-70.66245,-18.10984],[-70.66321,-18.10799],[-70.66317,-18.10609],[-70.66427,-18.10419],[-70.66434,-18.10155],[-70.66497,-18.09924],[-70.66595,-18.09827],[-70.66551,-18.09702],[-70.66609,-18.0951],[-70.66688,-18.09174],[-70.66673,-18.09054],[-70.66649,-18.08931],[-70.66632,-18.0876],[-70.66684,-18.08606],[-70.66801,-18.08498],[-70.66877,-18.08425],[-70.67021,-18.0842],[-70.67086,-18.08339],[-70.67133,-18.08216],[-70.67244,-18.08029],[-70.6724,-18.0796],[-70.67278,-18.07837],[-70.67309,-18.07729],[-70.67257,-18.07733],[-70.67202,-18.07702],[-70.67152,-18.07543],[-70.67038,-18.07418],[-70.66889,-18.07306],[-70.66647,-18.07038],[-70.66617,-18.06853],[-70.66598,-18.06602],[-70.66513,-18.06359],[-70.66406,-18.06182],[-70.66453,-18.06069],[-70.66404,-18.05964],[-70.66368,-18.05835],[-70.66244,-18.05751],[-70.66174,-18.05641],[-70.66086,-18.05543],[-70.66024,-18.0541],[-70.66001,-18.0527],[-70.65959,-18.0521],[-70.65957,-18.05118],[-70.66048,-18.04997],[-70.66021,-18.04878],[-70.66108,-18.04812],[-70.66281,-18.04631],[-70.66344,-18.04556],[-70.66336,-18.04349],[-70.66301,-18.04227],[-70.66391,-18.04089],[-70.66333,-18.04004],[-70.66333,-18.03794],[-70.66308,-18.0349],[-70.66284,-18.0332],[-70.66213,-18.03226],[-70.66179,-18.02745],[-70.6622,-18.02605],[-70.66261,-18.02551],[-70.66229,-18.02509],[-70.66221,-18.02478],[-70.6619,-18.02355],[-70.6624,-18.02283],[-70.66301,-18.02213],[-70.66279,-18.02178],[-70.6625,-18.02163],[-70.66208,-18.02102],[-70.66218,-18.02019],[-70.66247,-18.01946],[-70.662,-18.01881],[-70.66121,-18.01784],[-70.66086,-18.01745],[-70.66028,-18.01705],[-70.66131,-18.01569],[-70.6627,-18.01509],[-70.66275,-18.01456],[-70.66241,-18.01461],[-70.66179,-18.01455],[-70.66038,-18.01395],[-70.65953,-18.01338],[-70.65875,-18.0117],[-70.65829,-18.01145],[-70.6581,-18.01074],[-70.65769,-18.01008],[-70.65778,-18.00968],[-70.65787,-18.0094],[-70.6574,-18.00861],[-70.65716,-18.00764],[-70.65713,-18.00711],[-70.65818,-18.00658],[-70.6578,-18.0059],[-70.65736,-18.00545],[-70.65713,-18.00439],[-70.65678,-18.00379],[-70.65651,-18.00323],[-70.65671,-18.00269],[-70.65682,-18.00204],[-70.65593,-18.00124],[-70.65569,-18.00079],[-70.65539,-17.99989],[-70.65464,-17.99943],[-70.65439,-17.99863],[-70.65399,-17.99884],[-70.65342,-17.99843],[-70.6527,-17.99786],[-70.65248,-17.99671],[-70.65255,-17.99617],[-70.65217,-17.99546],[-70.65269,-17.99482],[-70.65272,-17.99443],[-70.65243,-17.99379],[-70.65225,-17.99329],[-70.65181,-17.99294],[-70.65133,-17.99229],[-70.65156,-17.99193],[-70.65126,-17.99138],[-70.65056,-17.9909],[-70.64987,-17.98993],[-70.64999,-17.98859],[-70.64989,-17.98806],[-70.64927,-17.98758],[-70.649,-17.98697],[-70.64878,-17.98602],[-70.64755,-17.98524],[-70.64684,-17.98495],[-70.64544,-17.98464],[-70.64448,-17.98362],[-70.64334,-17.98278],[-70.64216,-17.98184],[-70.64145,-17.98046],[-70.64137,-17.97971],[-70.64138,-17.97881],[-70.64107,-17.97785],[-70.64063,-17.97719],[-70.64009,-17.97645],[-70.64001,-17.97517],[-70.63963,-17.97488],[-70.63949,-17.97429],[-70.63913,-17.97378],[-70.63846,-17.97345],[-70.63788,-17.97291],[-70.63769,-17.9721],[-70.6372,-17.97139],[-70.63664,-17.9704],[-70.63624,-17.96943],[-70.63594,-17.96821],[-70.63619,-17.96757],[-70.63588,-17.96751],[-70.63507,-17.96706],[-70.63476,-17.9664],[-70.63439,-17.96606],[-70.63397,-17.96533],[-70.63377,-17.96461],[-70.63346,-17.96407],[-70.63329,-17.96307],[-70.63369,-17.96267],[-70.6335,-17.96233],[-70.63306,-17.96202],[-70.63268,-17.96161],[-70.63234,-17.96033],[-70.63223,-17.95985],[-70.63183,-17.95943],[-70.63065,-17.95908],[-70.62912,-17.95796],[-70.62836,-17.95723],[-70.62831,-17.95644],[-70.62796,-17.95587],[-70.6275,-17.95549],[-70.62634,-17.95537],[-70.62544,-17.95481],[-70.62507,-17.95428],[-70.62525,-17.9539],[-70.62365,-17.95336],[-70.62304,-17.95282],[-70.62247,-17.95245],[-70.62245,-17.95208],[-70.6228,-17.95201],[-70.6222,-17.95152],[-70.62121,-17.95045],[-70.62081,-17.94994],[-70.6202,-17.94991],[-70.61939,-17.94943],[-70.61858,-17.94862],[-70.61886,-17.94808],[-70.61874,-17.94746],[-70.61805,-17.94663],[-70.61777,-17.94633],[-70.61717,-17.94618],[-70.61692,-17.9458],[-70.6159,-17.94519],[-70.61483,-17.9444],[-70.61447,-17.94392],[-70.6144,-17.94367],[-70.61396,-17.9434],[-70.61384,-17.94288],[-70.61341,-17.94279],[-70.61241,-17.94242],[-70.61231,-17.94208],[-70.61158,-17.94216],[-70.61075,-17.94152],[-70.61028,-17.9407],[-70.60999,-17.94025],[-70.60961,-17.93965],[-70.60952,-17.93926],[-70.60916,-17.93894],[-70.60863,-17.93844],[-70.60821,-17.93814],[-70.60754,-17.93662],[-70.60706,-17.93588],[-70.60615,-17.9348],[-70.60458,-17.93458],[-70.60309,-17.93341],[-70.60183,-17.9322],[-70.6013,-17.93165],[-70.60127,-17.93115],[-70.60118,-17.93066],[-70.60083,-17.93028],[-70.60083,-17.92969],[-70.60087,-17.92936],[-70.59991,-17.92854],[-70.59947,-17.9282],[-70.5988,-17.92763],[-70.59795,-17.92728],[-70.59714,-17.92655],[-70.59647,-17.92587],[-70.59603,-17.92514],[-70.59601,-17.92406],[-70.59538,-17.92347],[-70.59518,-17.92298],[-70.59469,-17.92281],[-70.59419,-17.92237],[-70.59398,-17.92195],[-70.59346,-17.92191],[-70.59294,-17.92132],[-70.59288,-17.92018],[-70.59256,-17.91984],[-70.59242,-17.91902],[-70.59175,-17.91731],[-70.59112,-17.9167],[-70.59036,-17.91632],[-70.59014,-17.91564],[-70.58971,-17.91545],[-70.58933,-17.91532],[-70.58889,-17.91468],[-70.58738,-17.91426],[-70.58593,-17.91323],[-70.58546,-17.91327],[-70.58467,-17.91242],[-70.58456,-17.91155],[-70.58448,-17.91094],[-70.58472,-17.91059],[-70.58444,-17.91039],[-70.58377,-17.91034],[-70.58317,-17.91009],[-70.58159,-17.90911],[-70.58099,-17.90903],[-70.58028,-17.90818],[-70.5803,-17.90721],[-70.58032,-17.907],[-70.57966,-17.90662],[-70.57961,-17.90597],[-70.57955,-17.90551],[-70.57941,-17.90509],[-70.57784,-17.90394],[-70.57809,-17.90332],[-70.57808,-17.90293],[-70.57747,-17.90235],[-70.57661,-17.90201],[-70.57581,-17.90175],[-70.5757,-17.90057],[-70.57517,-17.89997],[-70.57334,-17.89855],[-70.57223,-17.89734],[-70.57087,-17.89589],[-70.57076,-17.89453],[-70.56972,-17.89401],[-70.56856,-17.8928],[-70.56664,-17.8914],[-70.56554,-17.89073],[-70.56448,-17.8892],[-70.56405,-17.88792],[-70.56255,-17.88633],[-70.56115,-17.88561],[-70.5588,-17.88382],[-70.557,-17.88126],[-70.55476,-17.87966],[-70.55396,-17.87896],[-70.55305,-17.878],[-70.55129,-17.87693],[-70.54911,-17.87444],[-70.54644,-17.8728],[-70.54564,-17.87175],[-70.54468,-17.87128],[-70.54356,-17.86991],[-70.54194,-17.86804],[-70.53926,-17.86503],[-70.53779,-17.8627],[-70.53557,-17.86119],[-70.53442,-17.85976],[-70.53257,-17.85781],[-70.53132,-17.85644],[-70.5298,-17.8551],[-70.52979,-17.85434],[-70.52819,-17.85344],[-70.52765,-17.85239],[-70.52629,-17.85178],[-70.5238,-17.84932],[-70.52173,-17.8469],[-70.52025,-17.84511],[-70.51963,-17.84371],[-70.51984,-17.84216],[-70.51834,-17.84123],[-70.51626,-17.83952],[-70.51395,-17.83622],[-70.51234,-17.83406],[-70.50863,-17.82957],[-70.50696,-17.82662],[-70.50279,-17.82113],[-70.50036,-17.81897],[-70.49919,-17.81767],[-70.49889,-17.81556],[-70.49759,-17.81393],[-70.49691,-17.81229],[-70.49664,-17.81182],[-70.49634,-17.81134],[-70.4965,-17.81009],[-70.49605,-17.80947],[-70.49581,-17.80816],[-70.49569,-17.80721],[-70.49496,-17.80657],[-70.49416,-17.8037],[-70.49356,-17.80231],[-70.49235,-17.80121],[-70.49107,-17.79942],[-70.48999,-17.79789],[-70.48939,-17.79702],[-70.48731,-17.79336],[-70.48689,-17.79236],[-70.48644,-17.79103],[-70.48645,-17.78998],[-70.48594,-17.78859],[-70.48611,-17.78775],[-70.48541,-17.78622],[-70.48526,-17.78504],[-70.48478,-17.78385],[-70.48429,-17.78211],[-70.48441,-17.78095],[-70.48357,-17.77955],[-70.48504,-17.77997],[-70.4857,-17.78343],[-70.48677,-17.78477],[-70.48759,-17.78735],[-70.48725,-17.78913],[-70.48769,-17.79042],[-70.4888,-17.79236],[-70.49063,-17.7948],[-70.49073,-17.79571],[-70.49222,-17.79715],[-70.49323,-17.79837],[-70.49372,-17.79951],[-70.49489,-17.80121],[-70.49541,-17.80224],[-70.4962,-17.80381],[-70.49671,-17.80507],[-70.49714,-17.80746],[-70.49753,-17.80859],[-70.49837,-17.81031],[-70.49951,-17.81253],[-70.50016,-17.81369],[-70.50048,-17.81467],[-70.50101,-17.81525],[-70.50136,-17.81605],[-70.50187,-17.81847],[-70.50386,-17.8205],[-70.50418,-17.82122],[-70.50481,-17.82182],[-70.50506,-17.82229],[-70.50626,-17.82388],[-70.507,-17.82489],[-70.50748,-17.82561],[-70.50896,-17.82639],[-70.50985,-17.82732],[-70.51052,-17.82865],[-70.51093,-17.82959],[-70.51247,-17.83151],[-70.51404,-17.83313],[-70.51429,-17.83414],[-70.51494,-17.83494],[-70.51551,-17.83579],[-70.51693,-17.83654],[-70.51816,-17.83728],[-70.5186,-17.83862],[-70.51986,-17.83959],[-70.52043,-17.84089],[-70.52081,-17.84188],[-70.52155,-17.84359],[-70.52309,-17.846],[-70.52436,-17.84783],[-70.52515,-17.84767],[-70.52572,-17.8479],[-70.52673,-17.84993],[-70.52768,-17.85075],[-70.52946,-17.85207],[-70.53093,-17.85304],[-70.53207,-17.85379],[-70.53381,-17.85602],[-70.53478,-17.8571],[-70.53628,-17.85845],[-70.53767,-17.85974],[-70.53841,-17.86121],[-70.54147,-17.86408],[-70.5434,-17.86537],[-70.54464,-17.86657],[-70.54526,-17.86958],[-70.54649,-17.87022],[-70.54831,-17.87051],[-70.55036,-17.87233],[-70.55138,-17.87393],[-70.55356,-17.87541],[-70.55482,-17.87677],[-70.55677,-17.87853],[-70.55794,-17.87973],[-70.55843,-17.88003],[-70.55926,-17.88188],[-70.56009,-17.88243],[-70.56095,-17.88382],[-70.56195,-17.88464],[-70.56377,-17.88542],[-70.56508,-17.88675],[-70.56664,-17.88777],[-70.56766,-17.88891],[-70.56968,-17.8896],[-70.5721,-17.89249],[-70.57381,-17.89399],[-70.57718,-17.89911],[-70.57989,-17.90247],[-70.58213,-17.90587],[-70.58536,-17.90979],[-70.58608,-17.9121],[-70.58783,-17.91395],[-70.59054,-17.91492],[-70.59281,-17.91783],[-70.5935,-17.91993],[-70.59437,-17.92144],[-70.59538,-17.92238],[-70.59663,-17.92372],[-70.59756,-17.9256],[-70.59891,-17.92721],[-70.60068,-17.92873],[-70.60161,-17.9292],[-70.60165,-17.92977],[-70.60184,-17.93048],[-70.60179,-17.93134],[-70.60385,-17.93343],[-70.60569,-17.93407],[-70.60629,-17.93366],[-70.60887,-17.93386],[-70.6119,-17.93877],[-70.6119,-17.93967],[-70.61279,-17.94058],[-70.61654,-17.9415],[-70.61921,-17.94372],[-70.61987,-17.94629],[-70.62256,-17.94892],[-70.62686,-17.95177],[-70.6287,-17.95286],[-70.63134,-17.95442],[-70.63312,-17.95624],[-70.63481,-17.95918],[-70.63579,-17.96344],[-70.63629,-17.96454],[-70.63704,-17.96545],[-70.63786,-17.96731],[-70.63848,-17.96865],[-70.63928,-17.96922],[-70.64008,-17.96981],[-70.63978,-17.97058],[-70.63925,-17.97089],[-70.63928,-17.9716],[-70.6397,-17.97193],[-70.63997,-17.9717],[-70.64061,-17.97183],[-70.64091,-17.97272],[-70.64127,-17.9733],[-70.64167,-17.97499],[-70.64211,-17.97544],[-70.64269,-17.97638],[-70.64321,-17.97701],[-70.643,-17.97738],[-70.64301,-17.97763],[-70.6436,-17.97849],[-70.64382,-17.97901],[-70.64364,-17.97966],[-70.6434,-17.98017],[-70.64342,-17.98065],[-70.64366,-17.98072],[-70.64406,-17.98073],[-70.64448,-17.98088],[-70.64473,-17.98132],[-70.64508,-17.98177],[-70.64548,-17.9817],[-70.64622,-17.98129],[-70.647,-17.98126],[-70.64803,-17.98093],[-70.64886,-17.98107],[-70.64923,-17.98164],[-70.6501,-17.98231],[-70.65081,-17.98347],[-70.65153,-17.98448],[-70.652,-17.98596],[-70.65218,-17.98691],[-70.65216,-17.98742],[-70.65186,-17.98816],[-70.6512,-17.98843],[-70.65134,-17.98882],[-70.65217,-17.98961],[-70.65259,-17.99037],[-70.65276,-17.99115],[-70.65302,-17.99162],[-70.65263,-17.9921],[-70.65293,-17.99254],[-70.65377,-17.99331],[-70.65443,-17.99441],[-70.65467,-17.99506],[-70.65463,-17.99567],[-70.65473,-17.99604],[-70.65502,-17.99668],[-70.65503,-17.99729],[-70.65505,-17.99779],[-70.6553,-17.99881],[-70.65599,-17.99932],[-70.65625,-18.00015],[-70.65652,-18.00092],[-70.65766,-18.00128],[-70.65787,-18.00194],[-70.6577,-18.0024],[-70.65777,-18.00292],[-70.65809,-18.00319],[-70.65925,-18.00368],[-70.65924,-18.00473],[-70.65957,-18.00517],[-70.66,-18.00586],[-70.6607,-18.00668],[-70.66128,-18.00727],[-70.66157,-18.00804],[-70.66121,-18.00861],[-70.66123,-18.00946],[-70.6614,-18.00996],[-70.66183,-18.01068],[-70.66226,-18.0111],[-70.66229,-18.01203],[-70.66294,-18.01359],[-70.66343,-18.01427],[-70.66314,-18.0156],[-70.66322,-18.01627],[-70.66383,-18.01703],[-70.66394,-18.0177],[-70.66414,-18.01848],[-70.66485,-18.01928],[-70.66504,-18.02077],[-70.66498,-18.02204],[-70.66561,-18.02343],[-70.66579,-18.02452],[-70.66573,-18.02577],[-70.66566,-18.02615],[-70.66602,-18.02649],[-70.66585,-18.02706],[-70.66562,-18.02754],[-70.66571,-18.02819],[-70.66618,-18.02889],[-70.66671,-18.03081],[-70.66716,-18.03206],[-70.66774,-18.03288],[-70.66799,-18.03387],[-70.6675,-18.03482],[-70.66774,-18.03599],[-70.66757,-18.0374],[-70.6682,-18.03783],[-70.66899,-18.0384],[-70.66931,-18.03945],[-70.66813,-18.04106],[-70.66784,-18.04205],[-70.6669,-18.04502],[-70.66706,-18.0465],[-70.66683,-18.04751],[-70.6643,-18.04815],[-70.66306,-18.04878],[-70.66254,-18.04948],[-70.66236,-18.05061],[-70.66326,-18.05284],[-70.66445,-18.05447],[-70.66559,-18.05664],[-70.66633,-18.05783],[-70.66657,-18.05894],[-70.66723,-18.05989],[-70.66844,-18.06176],[-70.66873,-18.06403],[-70.66847,-18.06537],[-70.66934,-18.06611],[-70.66977,-18.06783],[-70.67104,-18.06971],[-70.67222,-18.07057],[-70.67309,-18.07115],[-70.67431,-18.07239],[-70.67422,-18.07353],[-70.67423,-18.0749],[-70.67504,-18.07623],[-70.67559,-18.07835],[-70.67578,-18.0798],[-70.67558,-18.08079],[-70.67461,-18.08207],[-70.67344,-18.08421],[-70.6701,-18.08612],[-70.66982,-18.08713],[-70.669,-18.08875],[-70.66879,-18.08992],[-70.66953,-18.0908],[-70.66948,-18.09256],[-70.66913,-18.09405],[-70.66874,-18.09557],[-70.66861,-18.09804],[-70.66806,-18.09906],[-70.66731,-18.10036],[-70.66722,-18.10111],[-70.6675,-18.10181],[-70.66784,-18.10262],[-70.66795,-18.10409],[-70.6678,-18.1061],[-70.66765,-18.10728],[-70.66735,-18.10902],[-70.6667,-18.10965],[-70.66691,-18.11138],[-70.6659,-18.11357],[-70.66451,-18.11487],[-70.66411,-18.11602],[-70.66448,-18.11699],[-70.6643,-18.11822],[-70.66421,-18.11953],[-70.66432,-18.12051],[-70.66473,-18.12195],[-70.66498,-18.12371],[-70.66534,-18.12596],[-70.6658,-18.1274],[-70.66567,-18.12853],[-70.66635,-18.13025],[-70.66752,-18.1309],[-70.66885,-18.13263],[-70.66981,-18.1347],[-70.66932,-18.13667],[-70.67017,-18.13891],[-70.67188,-18.14023],[-70.67343,-18.14102],[-70.67428,-18.14313],[-70.67395,-18.14422],[-70.67362,-18.14524],[-70.67361,-18.14636],[-70.67332,-18.1477],[-70.67312,-18.14874],[-70.67267,-18.14927],[-70.67272,-18.14997],[-70.67251,-18.15124],[-70.67187,-18.15248],[-70.67122,-18.15314],[-70.67097,-18.15376],[-70.67172,-18.15408],[-70.67197,-18.15475],[-70.67265,-18.15742],[-70.67298,-18.15838],[-70.67371,-18.16122],[-70.67533,-18.16227]]]}},{"type":"Feature","properties":{"Name":"CANAL DE RIEGO LOS ARCES 5L","description":"","OBJECTID":"177931","CODIGO":"OT000110","NOMBRE":"CANAL DE RIEGO LOS ARCES 5L","CATEGORI":" ","CLASE":" ","ZONA":"19","HAS":"0.0632","ZONEX":"19","NORMA":"LEY N\u00b0 29338","ARCHIVO":"LR25L4916","FEC_ING":"12/07/2025","ENTIDAD":"AUTORIDAD NACIONAL DEL AGUA","USO":" ","EST_GRAF":"SIN INF. COMPLETA","LEYENDA":"SIN INF. COMPLETA","SHAPE.AREA":"5.341452202e-08","SHAPE.LEN":"0.00307837541476679","FEC_PUB":"1238475600000","MINERIA":"NO","TP_AREA":"FAJA MARGINAL","ORDENANZA":" ","NM_AREA":"CANAL DE RIEGO LOS ARCES 5L - FAJA MARGINAL","CREATOR":"CEGO0891","CREATIONDA":"1752337666000","EDITOR":" ","EDITDATE":"1752337666000","IDENTI":"38b8c53693614a8b9f90b10572ebb2b7","ESTILO":"ZONA RESERVADA"},"geometry":{"type":"Polygon","coordinates":[[[-71.55322,-16.38366],[-71.55309,-16.38377],[-71.55302,-16.38382],[-71.5529,-16.38389],[-71.55283,-16.38394],[-71.55277,-16.38397],[-71.55276,-16.384],[-71.55272,-16.38403],[-71.5527,-16.38414],[-71.55268,-16.38422],[-71.55266,-16.38432],[-71.55263,-16.3844],[-71.55261,-16.38444],[-71.55258,-16.3845],[-71.55258,-16.38453],[-71.55254,-16.38456],[-71.5525,-16.38453],[-71.55245,-16.38449],[-71.55241,-16.38446],[-71.55235,-16.38443],[-71.55229,-16.38442],[-71.55227,-16.38434],[-71.55237,-16.38439],[-71.55243,-16.38443],[-71.55248,-16.38447],[-71.55253,-16.38451],[-71.55256,-16.38448],[-71.55258,-16.38443],[-71.5526,-16.38439],[-71.55263,-16.38431],[-71.55265,-16.38422],[-71.55267,-16.38413],[-71.55269,-16.38402],[-71.55272,-16.38397],[-71.55276,-16.38394],[-71.55281,-16.38391],[-71.55288,-16.38386],[-71.55294,-16.38383],[-71.55305,-16.38376],[-71.5532,-16.38363],[-71.55322,-16.38366]]]}},{"type":"Feature","properties":{"Name":"TRAMO DEL CAUCE DE LA QUEBRADA HONDA","description":"","OBJECTID":"183367","CODIGO":"OT000117","NOMBRE":"TRAMO DEL CAUCE DE LA QUEBRADA HONDA","CATEGORI":" ","CLASE":" ","ZONA":"19","HAS":"281.7532","ZONEX":"19","NORMA":"LEY N\u00b0 29338","ARCHIVO":"HN25D4906","FEC_ING":"04/12/2025","ENTIDAD":"AUTORIDAD NACIONAL DEL AGUA","USO":" ","EST_GRAF":"SIN INF. COMPLETA","LEYENDA":"SIN INF. COMPLETA","SHAPE.AREA":"0.0002397181573169","SHAPE.LEN":"0.186399246497932","FEC_PUB":"1238475600000","MINERIA":"NO","TP_AREA":"FAJA MARGINAL","ORDENANZA":" ","NM_AREA":"TRAMO DEL CAUCE DE LA QUEBRADA HONDA - FAJA MARGINAL","CREATOR":"FLAT1065","CREATIONDA":"1764863126000","EDITOR":"FLAT1065","EDITDATE":"1764863126000","IDENTI":"76f6c05b95e54c5bbe7a5f8928f427e0","ESTILO":"ZONA RESERVADA"},"geometry":{"type":"Polygon","coordinates":[[[-71.22367,-17.59668],[-71.22408,-17.59719],[-71.2237,-17.59776],[-71.22339,-17.59823],[-71.2232,-17.5987],[-71.22189,-17.59867],[-71.22082,-17.59908],[-71.21981,-17.59967],[-71.21828,-17.60027],[-71.21712,-17.60061],[-71.21512,-17.60108],[-71.21419,-17.60215],[-71.21285,-17.60363],[-71.21082,-17.60494],[-71.20838,-17.60611],[-71.20354,-17.60631],[-71.1983,-17.60649],[-71.19439,-17.60677],[-71.18894,-17.60815],[-71.18385,-17.60801],[-71.18161,-17.60673],[-71.18006,-17.60584],[-71.17759,-17.60178],[-71.17478,-17.60003],[-71.17093,-17.59802],[-71.16884,-17.59572],[-71.16529,-17.59431],[-71.1611,-17.59497],[-71.15786,-17.59281],[-71.15383,-17.59243],[-71.15066,-17.5898],[-71.14729,-17.58779],[-71.14433,-17.58619],[-71.14237,-17.58323],[-71.14741,-17.58355],[-71.15081,-17.58622],[-71.15397,-17.58848],[-71.15801,-17.58991],[-71.16214,-17.59088],[-71.16596,-17.59139],[-71.17115,-17.59349],[-71.17228,-17.59598],[-71.17708,-17.59869],[-71.18048,-17.60133],[-71.1813,-17.60323],[-71.18313,-17.60425],[-71.18553,-17.60544],[-71.18892,-17.6048],[-71.19104,-17.60393],[-71.19276,-17.6036],[-71.19552,-17.60295],[-71.19808,-17.60306],[-71.20167,-17.60326],[-71.2057,-17.6042],[-71.20862,-17.60423],[-71.21037,-17.60307],[-71.21156,-17.60263],[-71.21254,-17.60134],[-71.21456,-17.60018],[-71.21615,-17.59993],[-71.21785,-17.59953],[-71.21903,-17.59924],[-71.21996,-17.59859],[-71.22045,-17.59825],[-71.22162,-17.59763],[-71.22269,-17.59718],[-71.22367,-17.59668]]]}},{"type":"Feature","properties":{"Name":"R\u00cdO MAURI DE LA UNIDAD HIDROGR\u00c1FICA NIVEL 5 SAMA LOCUMBA","description":"","OBJECTID":"183368","CODIGO":"OT000120","NOMBRE":"R\u00cdO MAURI DE LA UNIDAD HIDROGR\u00c1FICA NIVEL 5 SAMA LOCUMBA","CATEGORI":" ","CLASE":" ","ZONA":"19","HAS":"19.8591","ZONEX":"19","NORMA":"LEY N\u00b0 29338","ARCHIVO":"MR25D4909","FEC_ING":"04/12/2025","ENTIDAD":"AUTORIDAD NACIONAL DEL AGUA","USO":" ","EST_GRAF":"SIN INF. COMPLETA","LEYENDA":"SIN INF. COMPLETA","SHAPE.AREA":"1.6882644131381e-05","SHAPE.LEN":"0.023820777146833203","FEC_PUB":"1238475600000","MINERIA":"NO","TP_AREA":"FAJA MARGINAL","ORDENANZA":" ","NM_AREA":"R\u00cdO MAURI DE LA UNIDAD HIDROGR\u00c1FICA NIVEL 5 SAMA LOCUMBA - FAJA MARGINAL","CREATOR":"FLAT1065","CREATIONDA":"1764863107000","EDITOR":"FLAT1065","EDITDATE":"1764863107000","IDENTI":"f1069b888a1144f9922e93875434ee52","ESTILO":"ZONA RESERVADA"},"geometry":{"type":"Polygon","coordinates":[[[-69.79671,-17.23206],[-69.7969,-17.23198],[-69.79711,-17.23183],[-69.7974,-17.23165],[-69.79771,-17.23152],[-69.79809,-17.23149],[-69.79849,-17.23135],[-69.79884,-17.23113],[-69.79923,-17.23103],[-69.79974,-17.23104],[-69.80022,-17.23108],[-69.80074,-17.2312],[-69.80111,-17.23132],[-69.80157,-17.23141],[-69.80193,-17.23143],[-69.80245,-17.23156],[-69.80274,-17.23191],[-69.80326,-17.23213],[-69.80372,-17.23234],[-69.80411,-17.23266],[-69.80464,-17.23269],[-69.80533,-17.23264],[-69.8058,-17.23256],[-69.80636,-17.23235],[-69.80582,-17.23441],[-69.80532,-17.23442],[-69.80488,-17.23443],[-69.80426,-17.23437],[-69.80369,-17.2343],[-69.80313,-17.23416],[-69.80263,-17.23392],[-69.80224,-17.23366],[-69.80203,-17.23334],[-69.80188,-17.23309],[-69.80148,-17.23304],[-69.80101,-17.23295],[-69.80048,-17.23276],[-69.80009,-17.2325],[-69.79971,-17.23241],[-69.79959,-17.23267],[-69.79938,-17.23298],[-69.79906,-17.23319],[-69.79865,-17.23331],[-69.7983,-17.23352],[-69.79785,-17.2335],[-69.79744,-17.23331],[-69.79713,-17.23321],[-69.79673,-17.23314],[-69.79671,-17.23206]]]}},{"type":"Feature","properties":{"Name":"CAUCE DE LA QUEBRADA EL PATO (SECTOR NUEVO AMANECER)","description":"","OBJECTID":"183369","CODIGO":"OT000119","NOMBRE":"CAUCE DE LA QUEBRADA EL PATO (SECTOR NUEVO AMANECER)","CATEGORI":" ","CLASE":" ","ZONA":"19","HAS":"30.0836","ZONEX":"19","NORMA":"LEY N\u00b0 29338","ARCHIVO":"LP25D4908","FEC_ING":"04/12/2025","ENTIDAD":"AUTORIDAD NACIONAL DEL AGUA","USO":" ","EST_GRAF":"SIN INF. COMPLETA","LEYENDA":"SIN INF. COMPLETA","SHAPE.AREA":"2.54160377779335e-05","SHAPE.LEN":"0.0256440781151311","FEC_PUB":"1238475600000","MINERIA":"NO","TP_AREA":"FAJA MARGINAL","ORDENANZA":" ","NM_AREA":"CAUCE DE LA QUEBRADA EL PATO (SECTOR NUEVO AMANECER) - FAJA MARGINAL","CREATOR":"FLAT1065","CREATIONDA":"1764863117000","EDITOR":"FLAT1065","EDITDATE":"1764863117000","IDENTI":"e883439c4f204e4c808c8a421b976dbb","ESTILO":"ZONA RESERVADA"},"geometry":{"type":"Polygon","coordinates":[[[-71.51906,-16.3328],[-71.51901,-16.33536],[-71.51842,-16.33559],[-71.51789,-16.33555],[-71.51752,-16.33529],[-71.51704,-16.33498],[-71.51663,-16.33471],[-71.51591,-16.3345],[-71.51535,-16.33437],[-71.51478,-16.33461],[-71.5142,-16.33472],[-71.5137,-16.33466],[-71.51321,-16.33453],[-71.5127,-16.33415],[-71.51205,-16.33424],[-71.51114,-16.33427],[-71.51053,-16.33422],[-71.50951,-16.33384],[-71.50891,-16.33366],[-71.50931,-16.33142],[-71.50963,-16.33158],[-71.51003,-16.33177],[-71.51057,-16.33193],[-71.51108,-16.33194],[-71.51175,-16.33196],[-71.5125,-16.33203],[-71.51317,-16.33214],[-71.51361,-16.33215],[-71.51426,-16.33197],[-71.51463,-16.33193],[-71.51511,-16.33191],[-71.51559,-16.33195],[-71.5161,-16.33191],[-71.51661,-16.3319],[-71.51714,-16.3321],[-71.51769,-16.33225],[-71.51852,-16.33252],[-71.51906,-16.3328]]]}},{"type":"Feature","properties":{"Name":"TRAMO DE LA QUEBRADA APACHETA U. H. 13253 (SECTOR PAMPA CHICAYO)","description":"","OBJECTID":"183370","CODIGO":"OT000122","NOMBRE":"TRAMO DE LA QUEBRADA APACHETA U. H. 13253 (SECTOR PAMPA CHICAYO)","CATEGORI":" ","CLASE":" ","ZONA":"19","HAS":"42.577600000000004","ZONEX":"19","NORMA":"LEY N\u00b0 29338","ARCHIVO":"PC25D4911","FEC_ING":"04/12/2025","ENTIDAD":"AUTORIDAD NACIONAL DEL AGUA","USO":" ","EST_GRAF":"SIN INF. COMPLETA","LEYENDA":"SIN INF. COMPLETA","SHAPE.AREA":"3.5961507478342494e-05","SHAPE.LEN":"0.0295644927511087","FEC_PUB":"1238475600000","MINERIA":"NO","TP_AREA":"FAJA MARGINAL","ORDENANZA":" ","NM_AREA":"TRAMO DE LA QUEBRADA APACHETA U. H. 13253 (SECTOR PAMPA CHICAYO) - FAJA MARGINAL","CREATOR":"FLAT1065","CREATIONDA":"1764863098000","EDITOR":"FLAT1065","EDITDATE":"1764863098000","IDENTI":"75c2c20f9a4e42f985af56644f750f39","ESTILO":"ZONA RESERVADA"},"geometry":{"type":"Polygon","coordinates":[[[-71.66984,-16.3272],[-71.66716,-16.32711],[-71.66741,-16.32657],[-71.66718,-16.32585],[-71.66661,-16.32488],[-71.66611,-16.32416],[-71.66569,-16.32331],[-71.66513,-16.32263],[-71.66472,-16.322],[-71.66409,-16.32156],[-71.66345,-16.32103],[-71.6627,-16.31979],[-71.66141,-16.31864],[-71.66442,-16.31653],[-71.66475,-16.31746],[-71.6654,-16.31814],[-71.66612,-16.31896],[-71.66673,-16.31957],[-71.66769,-16.3204],[-71.66845,-16.32146],[-71.66896,-16.32273],[-71.66953,-16.32371],[-71.66997,-16.32592],[-71.66984,-16.3272]]]}},{"type":"Feature","properties":{"Name":"TRAMO DEL CAUCE DE LA QUEBRADA SAN CARA","description":"","OBJECTID":"183371","CODIGO":"OT000118","NOMBRE":"TRAMO DEL CAUCE DE LA QUEBRADA SAN CARA","CATEGORI":" ","CLASE":" ","ZONA":"19","HAS":"3.9837000000000002","ZONEX":"19","NORMA":"LEY N\u00b0 29338","ARCHIVO":"SC25D4907","FEC_ING":"04/12/2025","ENTIDAD":"AUTORIDAD NACIONAL DEL AGUA","USO":" ","EST_GRAF":"SIN INF. COMPLETA","LEYENDA":"SIN INF. COMPLETA","SHAPE.AREA":"3.382892426002e-06","SHAPE.LEN":"0.0135259179557755","FEC_PUB":"1238475600000","MINERIA":"NO","TP_AREA":"FAJA MARGINAL","ORDENANZA":" ","NM_AREA":"TRAMO DEL CAUCE DE LA QUEBRADA SAN CARA - FAJA MARGINAL","CREATOR":"FLAT1065","CREATIONDA":"1764863089000","EDITOR":"FLAT1065","EDITDATE":"1764863089000","IDENTI":"c315e460883e447f947f8ffefeb3fd2a","ESTILO":"ZONA RESERVADA"},"geometry":{"type":"Polygon","coordinates":[[[-70.89184,-17.17702],[-70.89222,-17.17716],[-70.8922,-17.17745],[-70.89201,-17.17772],[-70.89191,-17.17784],[-70.89185,-17.17801],[-70.89174,-17.1785],[-70.8917,-17.17872],[-70.89153,-17.17904],[-70.89139,-17.1793],[-70.8913,-17.17951],[-70.89107,-17.17966],[-70.89104,-17.18002],[-70.89102,-17.18022],[-70.89089,-17.18053],[-70.89078,-17.18087],[-70.89068,-17.18113],[-70.8905,-17.18148],[-70.89038,-17.18175],[-70.89034,-17.18207],[-70.89017,-17.18276],[-70.8894,-17.18182],[-70.88965,-17.18152],[-70.88983,-17.18136],[-70.89001,-17.18118],[-70.89008,-17.18089],[-70.89019,-17.18055],[-70.89024,-17.18034],[-70.89031,-17.18016],[-70.89027,-17.17982],[-70.89056,-17.17948],[-70.89065,-17.1792],[-70.89089,-17.17905],[-70.89119,-17.17885],[-70.89134,-17.17859],[-70.8914,-17.17831],[-70.89138,-17.17786],[-70.89147,-17.1776],[-70.89176,-17.17752],[-70.89186,-17.17728],[-70.89184,-17.17702]]]}},{"type":"Feature","properties":{"Name":"TRAMO DE LA QUEBRADA CARAMOLLE","description":"","OBJECTID":"183372","CODIGO":"OT000123","NOMBRE":"TRAMO DE LA QUEBRADA CARAMOLLE","CATEGORI":" ","CLASE":" ","ZONA":"19","HAS":"156.124","ZONEX":"19","NORMA":"LEY N\u00b0 29338","ARCHIVO":"CR25D4912","FEC_ING":"04/12/2025","ENTIDAD":"AUTORIDAD NACIONAL DELAGUA","USO":" ","EST_GRAF":"SIN INF. COMPLETA","LEYENDA":"SIN INF. COMPLETA","SHAPE.AREA":"0.00013321394831313201","SHAPE.LEN":"0.103706415335415","FEC_PUB":"1238475600000","MINERIA":"NO","TP_AREA":"FAJA MARGINAL","ORDENANZA":" ","NM_AREA":"TRAMO DE LA QUEBRADA CARAMOLLE - FAJA MARGINAL","CREATOR":"FLAT1065","CREATIONDA":"1764863058000","EDITOR":"FLAT1065","EDITDATE":"1764863058000","IDENTI":"9f4da9548514448ca0e003a5a2459564","ESTILO":"ZONA RESERVADA"},"geometry":{"type":"Polygon","coordinates":[[[-70.22681,-17.97493],[-70.22501,-17.97382],[-70.22544,-17.97352],[-70.22531,-17.97316],[-70.22471,-17.97145],[-70.22426,-17.97012],[-70.22385,-17.96902],[-70.22344,-17.9682],[-70.22285,-17.96698],[-70.22252,-17.9664],[-70.22228,-17.966],[-70.2219,-17.96533],[-70.22138,-17.96446],[-70.22101,-17.9628],[-70.22106,-17.96252],[-70.22181,-17.96194],[-70.22252,-17.96108],[-70.22332,-17.96018],[-70.22366,-17.95997],[-70.22387,-17.95986],[-70.22459,-17.9596],[-70.22683,-17.95848],[-70.22723,-17.9582],[-70.22753,-17.95776],[-70.2278,-17.95713],[-70.22795,-17.95663],[-70.2284,-17.95601],[-70.22909,-17.95568],[-70.2296,-17.95545],[-70.22983,-17.95508],[-70.23002,-17.95456],[-70.22999,-17.95429],[-70.2299,-17.95399],[-70.2298,-17.95358],[-70.22981,-17.95309],[-70.22972,-17.95242],[-70.22965,-17.95198],[-70.22952,-17.95155],[-70.22925,-17.95106],[-70.22935,-17.95058],[-70.22952,-17.95011],[-70.22938,-17.94994],[-70.22907,-17.94983],[-70.22897,-17.94973],[-70.22882,-17.94953],[-70.22881,-17.94932],[-70.22881,-17.94912],[-70.22876,-17.94902],[-70.22867,-17.94897],[-70.22829,-17.94874],[-70.22805,-17.94848],[-70.22785,-17.94815],[-70.22761,-17.94792],[-70.22725,-17.94776],[-70.22695,-17.94754],[-70.22665,-17.94725],[-70.22656,-17.94691],[-70.22642,-17.94665],[-70.22632,-17.94654],[-70.22622,-17.9465],[-70.22602,-17.94623],[-70.22592,-17.94592],[-70.22592,-17.94568],[-70.22597,-17.94553],[-70.22593,-17.94532],[-70.22603,-17.94514],[-70.2262,-17.94496],[-70.22645,-17.94481],[-70.2265,-17.94465],[-70.22634,-17.94448],[-70.22614,-17.9441],[-70.226,-17.94343],[-70.22588,-17.94305],[-70.22584,-17.94286],[-70.22578,-17.94268],[-70.22562,-17.94232],[-70.22562,-17.94213],[-70.22575,-17.94188],[-70.22605,-17.94167],[-70.22637,-17.94154],[-70.22662,-17.94143],[-70.22695,-17.94111],[-70.22715,-17.94064],[-70.227,-17.94028],[-70.22682,-17.93998],[-70.22678,-17.9395],[-70.22692,-17.93876],[-70.22702,-17.93856],[-70.22705,-17.93846],[-70.22701,-17.93828],[-70.22714,-17.93774],[-70.22714,-17.93764],[-70.22701,-17.93743],[-70.2269,-17.93723],[-70.22679,-17.93697],[-70.22674,-17.9367],[-70.22688,-17.9364],[-70.22713,-17.93578],[-70.22719,-17.93557],[-70.2272,-17.93534],[-70.22714,-17.93513],[-70.22701,-17.93503],[-70.2268,-17.93479],[-70.22809,-17.93405],[-70.2282,-17.93427],[-70.22833,-17.93492],[-70.22839,-17.9354],[-70.22834,-17.93573],[-70.22804,-17.93599],[-70.22801,-17.93627],[-70.22805,-17.93671],[-70.22828,-17.937],[-70.22835,-17.93714],[-70.22846,-17.93741],[-70.22846,-17.93766],[-70.22842,-17.93784],[-70.2283,-17.93799],[-70.22827,-17.9381],[-70.22827,-17.93826],[-70.2282,-17.93854],[-70.22815,-17.9388],[-70.22824,-17.93912],[-70.22842,-17.93939],[-70.22861,-17.93973],[-70.22867,-17.94005],[-70.22867,-17.94026],[-70.22866,-17.94063],[-70.22855,-17.94098],[-70.22838,-17.94136],[-70.22831,-17.94154],[-70.22812,-17.94183],[-70.22786,-17.94207],[-70.22765,-17.94226],[-70.22748,-17.94239],[-70.22728,-17.94245],[-70.22711,-17.94247],[-70.22704,-17.94256],[-70.22708,-17.94279],[-70.22723,-17.9431],[-70.22743,-17.94342],[-70.22757,-17.94364],[-70.22771,-17.94391],[-70.2278,-17.94432],[-70.22774,-17.94465],[-70.22763,-17.94493],[-70.22761,-17.94522],[-70.22774,-17.94549],[-70.22819,-17.94588],[-70.22856,-17.94598],[-70.22904,-17.94612],[-70.22953,-17.94641],[-70.2298,-17.94667],[-70.23024,-17.94716],[-70.23052,-17.94768],[-70.23086,-17.9483],[-70.23105,-17.9485],[-70.23116,-17.94899],[-70.23125,-17.94975],[-70.23132,-17.95039],[-70.23122,-17.9511],[-70.23128,-17.95141],[-70.23134,-17.95173],[-70.23152,-17.95307],[-70.23161,-17.95344],[-70.23185,-17.95392],[-70.23211,-17.95439],[-70.23268,-17.95493],[-70.23288,-17.95513],[-70.23333,-17.95569],[-70.2334,-17.95582],[-70.23351,-17.95641],[-70.23339,-17.95707],[-70.23331,-17.95748],[-70.2331,-17.95802],[-70.23251,-17.95878],[-70.2312,-17.95958],[-70.22993,-17.96021],[-70.22837,-17.96089],[-70.22754,-17.96121],[-70.22726,-17.96144],[-70.22662,-17.96191],[-70.22618,-17.96224],[-70.22563,-17.96267],[-70.2255,-17.96277],[-70.22548,-17.96288],[-70.22549,-17.96293],[-70.22552,-17.96308],[-70.22555,-17.9633],[-70.22561,-17.96343],[-70.22574,-17.96375],[-70.22585,-17.96402],[-70.22602,-17.96436],[-70.22617,-17.96463],[-70.22632,-17.9649],[-70.22661,-17.9654],[-70.22692,-17.96592],[-70.22721,-17.96642],[-70.22742,-17.96674],[-70.22756,-17.96702],[-70.22779,-17.96739],[-70.22802,-17.96779],[-70.22852,-17.96856],[-70.22882,-17.96844],[-70.22917,-17.96931],[-70.22966,-17.97059],[-70.22997,-17.97139],[-70.22994,-17.97156],[-70.22906,-17.97198],[-70.22864,-17.97254],[-70.22786,-17.97358],[-70.22747,-17.97415],[-70.22733,-17.97418],[-70.22681,-17.97493]]]}},{"type":"Feature","properties":{"Name":"CANAL DE DESAGUE DE LIMPIEZA DEL VASO REGULADOR VR12","description":"","OBJECTID":"187525","CODIGO":"FM000012","NOMBRE":"CANAL DE DESAGUE DE LIMPIEZA DEL VASO REGULADOR VR12","CATEGORI":" ","CLASE":" ","ZONA":"18","HAS":"2.6799","ZONEX":"18","NORMA":"LEY N\u00b0 29338","ARCHIVO":"CD26A4805","FEC_ING":"16/04/2026","ENTIDAD":"AUTORIDAD NACIONAL DEL AGUA","USO":" ","EST_GRAF":"SIN INF. COMPLETA","LEYENDA":"SIN INF. COMPLETA","SHAPE.AREA":"2.262456997229e-06","SHAPE.LEN":"0.0110492446095028","FEC_PUB":"1238475600000","MINERIA":"NO","TP_AREA":"FAJA MARGINAL","ORDENANZA":" ","NM_AREA":"CANAL DE DESAGUE DE LIMPIEZA DEL VASO REGULADOR VR12 - FAJA MARGINAL","CREATOR":"WVAL0398","CREATIONDA":"1776350704000","EDITOR":"WVAL0398","EDITDATE":"1776350704000","IDENTI":"8214e9b3304c4ebeb4d513696feeca69","ESTILO":"ZONA RESERVADA"},"geometry":{"type":"Polygon","coordinates":[[[-72.22239,-16.26832],[-72.22242,-16.2681],[-72.22277,-16.26812],[-72.22316,-16.26782],[-72.22373,-16.26737],[-72.22418,-16.26699],[-72.22478,-16.2664],[-72.22538,-16.26624],[-72.22623,-16.2657],[-72.22703,-16.26632],[-72.22595,-16.26682],[-72.22499,-16.26695],[-72.22442,-16.26716],[-72.22388,-16.26755],[-72.22334,-16.26796],[-72.22286,-16.26833],[-72.22239,-16.26832]]]}},{"type":"Feature","properties":{"Name":"U.H. CUENCA ILO-MOQUEGUA, INTERCUENCA 13173","description":"","OBJECTID":"184973","CODIGO":"FM000006","NOMBRE":"U.H. CUENCA ILO-MOQUEGUA, INTERCUENCA 13173","CATEGORI":" ","CLASE":" ","ZONA":"19","HAS":"72.4013","ZONEX":"19","NORMA":"LEY N\u00b0 29338","ARCHIVO":"IM26E4930","FEC_ING":"22/01/2026","ENTIDAD":"AUTORIDAD NACIONAL DEL AGUA","USO":" ","EST_GRAF":"SIN INF. COMPLETA","LEYENDA":"SIN INF. COMPLETA","SHAPE.AREA":"6.15885857514565e-05","SHAPE.LEN":"0.11673645979988999","FEC_PUB":"1238475600000","MINERIA":"NO","TP_AREA":"FAJA MARGINAL","ORDENANZA":" ","NM_AREA":"U.H. CUENCA ILO-MOQUEGUA, INTERCUENCA 13173 - FAJA MARGINAL","CREATOR":"WVAL0398","CREATIONDA":"1769110425000","EDITOR":"WVAL0398","EDITDATE":"1769110425000","IDENTI":"66aecb879c19425c9e26e826cc9626f1","ESTILO":"ZONA RESERVADA"},"geometry":{"type":"Polygon","coordinates":[[[-71.34775,-17.60541],[-71.34696,-17.60467],[-71.34613,-17.60391],[-71.34557,-17.60301],[-71.34528,-17.60263],[-71.34454,-17.60248],[-71.34408,-17.60244],[-71.34353,-17.60237],[-71.34286,-17.60217],[-71.34249,-17.60203],[-71.342,-17.60176],[-71.34162,-17.60155],[-71.34106,-17.60138],[-71.34062,-17.60124],[-71.34025,-17.60113],[-71.33984,-17.60102],[-71.33917,-17.60094],[-71.33826,-17.6006],[-71.33769,-17.60023],[-71.33712,-17.59974],[-71.33654,-17.59934],[-71.33586,-17.59916],[-71.3352,-17.59934],[-71.33423,-17.5993],[-71.33195,-17.5987],[-71.33053,-17.59813],[-71.3293,-17.59761],[-71.32703,-17.59753],[-71.32508,-17.59752],[-71.32347,-17.59756],[-71.32197,-17.59749],[-71.32075,-17.59783],[-71.31893,-17.59783],[-71.31699,-17.59774],[-71.31526,-17.59737],[-71.31394,-17.59713],[-71.31201,-17.5968],[-71.31062,-17.59692],[-71.30952,-17.59687],[-71.3067,-17.59675],[-71.30364,-17.59663],[-71.301,-17.59591],[-71.29981,-17.59641],[-71.29847,-17.59653],[-71.2977,-17.59581],[-71.29733,-17.59512],[-71.29628,-17.59521],[-71.29515,-17.59471],[-71.29547,-17.59388],[-71.29612,-17.59412],[-71.2974,-17.59414],[-71.29825,-17.59452],[-71.29842,-17.59515],[-71.29899,-17.59538],[-71.30006,-17.59496],[-71.30092,-17.59499],[-71.3038,-17.59538],[-71.30663,-17.59534],[-71.30772,-17.59476],[-71.30976,-17.59458],[-71.31135,-17.59481],[-71.31174,-17.59555],[-71.31305,-17.59605],[-71.3155,-17.59636],[-71.31717,-17.59687],[-71.31878,-17.59691],[-71.3205,-17.59695],[-71.32228,-17.59677],[-71.32345,-17.59687],[-71.3255,-17.59679],[-71.32717,-17.59658],[-71.32849,-17.59645],[-71.33028,-17.59674],[-71.3312,-17.59686],[-71.33228,-17.59722],[-71.33385,-17.59802],[-71.33509,-17.59857],[-71.33642,-17.59866],[-71.33732,-17.59897],[-71.33843,-17.59955],[-71.33884,-17.59992],[-71.3393,-17.60027],[-71.33997,-17.60035],[-71.34032,-17.60045],[-71.34076,-17.60057],[-71.34126,-17.60081],[-71.34182,-17.60109],[-71.34221,-17.6013],[-71.34278,-17.60167],[-71.34335,-17.60193],[-71.34379,-17.602],[-71.34428,-17.60206],[-71.34533,-17.60204],[-71.34595,-17.60194],[-71.348,-17.60269],[-71.34946,-17.60365],[-71.34775,-17.60541]]]}},{"type":"Feature","properties":{"Name":"U.H. CUENCA ILO-MOQUEGUA, INTERCUENCA 13173","description":"","OBJECTID":"184974","CODIGO":"FM000006","NOMBRE":"U.H. CUENCA ILO-MOQUEGUA, INTERCUENCA 13173","CATEGORI":" ","CLASE":" ","ZONA":"19","HAS":"354.89680000000004","ZONEX":"19","NORMA":"LEY N\u00b0 29338","ARCHIVO":"IM26E4930","FEC_ING":"22/01/2026","ENTIDAD":"AUTORIDAD NACIONAL DEL AGUA","USO":" ","EST_GRAF":"SIN INF. COMPLETA","LEYENDA":"SIN INF. COMPLETA","SHAPE.AREA":"0.000301928215942904","SHAPE.LEN":"0.389852439214368","FEC_PUB":"1238475600000","MINERIA":"NO","TP_AREA":"FAJA MARGINAL","ORDENANZA":" ","NM_AREA":"U.H. CUENCA ILO-MOQUEGUA, INTERCUENCA 13173 - FAJA MARGINAL","CREATOR":"WVAL0398","CREATIONDA":"1769110425000","EDITOR":"WVAL0398","EDITDATE":"1769110425000","IDENTI":"1c7ff6e3be5144f5a2e4ec1b6aba1868","ESTILO":"ZONA RESERVADA"},"geometry":{"type":"Polygon","coordinates":[[[-71.32354,-17.62352],[-71.32263,-17.62329],[-71.32126,-17.62295],[-71.31966,-17.62259],[-71.31922,-17.62243],[-71.31864,-17.62204],[-71.31836,-17.62168],[-71.31818,-17.62127],[-71.31802,-17.62061],[-71.31783,-17.6202],[-71.31746,-17.61992],[-71.31657,-17.61967],[-71.31565,-17.61948],[-71.31499,-17.61923],[-71.31453,-17.6192],[-71.31385,-17.61939],[-71.31349,-17.61967],[-71.31282,-17.62051],[-71.31208,-17.62143],[-71.31166,-17.62226],[-71.31143,-17.62246],[-71.3111,-17.62258],[-71.31032,-17.62255],[-71.309,-17.62252],[-71.30689,-17.62238],[-71.30618,-17.62243],[-71.30487,-17.62292],[-71.30394,-17.62322],[-71.30308,-17.62347],[-71.30241,-17.62367],[-71.30156,-17.62377],[-71.30126,-17.62404],[-71.30083,-17.62425],[-71.30038,-17.62443],[-71.29957,-17.6245],[-71.29888,-17.62439],[-71.29795,-17.62452],[-71.29749,-17.62464],[-71.29662,-17.62497],[-71.29619,-17.62515],[-71.29595,-17.62553],[-71.2956,-17.62583],[-71.29481,-17.62633],[-71.29456,-17.6267],[-71.29379,-17.62819],[-71.29312,-17.62868],[-71.29241,-17.62867],[-71.29171,-17.62859],[-71.29079,-17.6284],[-71.29015,-17.62836],[-71.2897,-17.6281],[-71.28929,-17.6279],[-71.28881,-17.6277],[-71.28869,-17.62734],[-71.28815,-17.62673],[-71.2875,-17.6263],[-71.28693,-17.62589],[-71.28637,-17.62517],[-71.28601,-17.62459],[-71.28542,-17.62423],[-71.28451,-17.62402],[-71.28309,-17.62409],[-71.28263,-17.62418],[-71.28175,-17.6245],[-71.28083,-17.62469],[-71.28039,-17.62484],[-71.27931,-17.62528],[-71.27838,-17.62544],[-71.27765,-17.62554],[-71.27722,-17.62556],[-71.27676,-17.62562],[-71.27652,-17.62564],[-71.27615,-17.62538],[-71.27591,-17.62524],[-71.27459,-17.6249],[-71.27361,-17.62429],[-71.27144,-17.62341],[-71.27073,-17.62282],[-71.27001,-17.62224],[-71.26953,-17.62175],[-71.26884,-17.62114],[-71.26835,-17.62065],[-71.26803,-17.61981],[-71.26783,-17.6194],[-71.26707,-17.61854],[-71.2667,-17.61826],[-71.26627,-17.61807],[-71.26582,-17.61795],[-71.26535,-17.61796],[-71.26489,-17.61804],[-71.26449,-17.61826],[-71.26365,-17.61905],[-71.26324,-17.61925],[-71.26209,-17.61918],[-71.26104,-17.61854],[-71.26016,-17.61821],[-71.25971,-17.61809],[-71.25909,-17.61742],[-71.25812,-17.61645],[-71.25773,-17.6162],[-71.25687,-17.61583],[-71.25596,-17.6156],[-71.25457,-17.61534],[-71.2541,-17.61531],[-71.25293,-17.61534],[-71.25247,-17.61545],[-71.25205,-17.61565],[-71.25136,-17.6158],[-71.25066,-17.61586],[-71.2502,-17.61579],[-71.24954,-17.61554],[-71.24885,-17.61542],[-71.24791,-17.61544],[-71.24744,-17.61548],[-71.24699,-17.61536],[-71.24664,-17.61507],[-71.24646,-17.61465],[-71.24636,-17.61398],[-71.24632,-17.61353],[-71.24618,-17.61311],[-71.24585,-17.61278],[-71.24542,-17.61261],[-71.24501,-17.61241],[-71.24483,-17.612],[-71.24412,-17.61141],[-71.24371,-17.61119],[-71.24325,-17.61117],[-71.24234,-17.61143],[-71.2416,-17.61162],[-71.23948,-17.6105],[-71.23924,-17.61005],[-71.23905,-17.6097],[-71.23896,-17.60926],[-71.23893,-17.60881],[-71.23879,-17.60838],[-71.23831,-17.60735],[-71.23781,-17.60585],[-71.23759,-17.60545],[-71.2368,-17.60478],[-71.23619,-17.60428],[-71.23479,-17.60345],[-71.23421,-17.60305],[-71.23327,-17.60243],[-71.23285,-17.60225],[-71.23214,-17.60231],[-71.23121,-17.60217],[-71.23083,-17.60193],[-71.23051,-17.6016],[-71.22942,-17.60074],[-71.22851,-17.60002],[-71.22805,-17.59951],[-71.22754,-17.59875],[-71.22716,-17.59793],[-71.22693,-17.59706],[-71.22665,-17.5967],[-71.22575,-17.59597],[-71.22508,-17.59534],[-71.22454,-17.59459],[-71.22423,-17.59426],[-71.22347,-17.59339],[-71.22286,-17.59271],[-71.22228,-17.59227],[-71.22105,-17.5913],[-71.22013,-17.59055],[-71.21924,-17.58966],[-71.21862,-17.58889],[-71.21839,-17.5883],[-71.21798,-17.5881],[-71.21732,-17.58788],[-71.21618,-17.58697],[-71.21583,-17.58653],[-71.21546,-17.58596],[-71.21444,-17.58541],[-71.21388,-17.58499],[-71.21366,-17.5846],[-71.21346,-17.58326],[-71.21317,-17.58253],[-71.213,-17.58194],[-71.21274,-17.58112],[-71.21255,-17.58074],[-71.21206,-17.57988],[-71.21172,-17.57868],[-71.21124,-17.57752],[-71.21081,-17.57685],[-71.21051,-17.5765],[-71.2102,-17.57616],[-71.21,-17.57576],[-71.20943,-17.57498],[-71.20895,-17.57374],[-71.20851,-17.57294],[-71.20813,-17.57238],[-71.20744,-17.5712],[-71.20695,-17.57042],[-71.20631,-17.56949],[-71.20598,-17.56916],[-71.20558,-17.56834],[-71.20537,-17.56747],[-71.20515,-17.56659],[-71.20479,-17.56576],[-71.20402,-17.56472],[-71.2034,-17.56375],[-71.20296,-17.56287],[-71.20257,-17.56204],[-71.20232,-17.56173],[-71.20197,-17.56145],[-71.20098,-17.56085],[-71.20051,-17.5608],[-71.19994,-17.56061],[-71.19863,-17.5603],[-71.19821,-17.5599],[-71.19771,-17.55943],[-71.19725,-17.55934],[-71.19655,-17.55935],[-71.1961,-17.55922],[-71.19545,-17.55897],[-71.19498,-17.55891],[-71.19453,-17.55879],[-71.19411,-17.55724],[-71.19558,-17.5573],[-71.1967,-17.55682],[-71.19852,-17.55672],[-71.19904,-17.55741],[-71.1989,-17.55928],[-71.19942,-17.55953],[-71.20021,-17.55998],[-71.2011,-17.56026],[-71.20201,-17.56047],[-71.20293,-17.56068],[-71.20574,-17.56167],[-71.20811,-17.56611],[-71.20867,-17.56947],[-71.20928,-17.57068],[-71.20933,-17.57113],[-71.20952,-17.57247],[-71.20978,-17.5733],[-71.2106,-17.5744],[-71.2108,-17.57504],[-71.2115,-17.57622],[-71.2119,-17.57703],[-71.21242,-17.57778],[-71.2129,-17.57881],[-71.21478,-17.58168],[-71.21742,-17.58484],[-71.22202,-17.58856],[-71.229,-17.59664],[-71.23339,-17.60014],[-71.23673,-17.60236],[-71.23888,-17.60503],[-71.23989,-17.60652],[-71.24003,-17.608],[-71.24037,-17.60866],[-71.24089,-17.60963],[-71.24181,-17.61031],[-71.24274,-17.61037],[-71.2438,-17.60991],[-71.24446,-17.6097],[-71.24508,-17.61001],[-71.24554,-17.61052],[-71.24584,-17.61088],[-71.24631,-17.61142],[-71.25289,-17.61315],[-71.25406,-17.61478],[-71.25453,-17.61482],[-71.25594,-17.61489],[-71.25732,-17.61513],[-71.25816,-17.61553],[-71.25965,-17.61621],[-71.26035,-17.61682],[-71.26074,-17.61737],[-71.26211,-17.61825],[-71.26279,-17.61841],[-71.26381,-17.61789],[-71.26537,-17.61635],[-71.26715,-17.61749],[-71.26798,-17.61849],[-71.26878,-17.61967],[-71.26991,-17.62112],[-71.27114,-17.62218],[-71.27198,-17.6228],[-71.27319,-17.62303],[-71.27424,-17.62308],[-71.27515,-17.62332],[-71.27587,-17.62389],[-71.27664,-17.62441],[-71.27776,-17.62475],[-71.27822,-17.62471],[-71.27951,-17.62416],[-71.28175,-17.62347],[-71.28451,-17.62259],[-71.28693,-17.62353],[-71.28942,-17.62662],[-71.29126,-17.62771],[-71.2919,-17.62782],[-71.29261,-17.62762],[-71.29328,-17.62713],[-71.29347,-17.62644],[-71.29363,-17.62611],[-71.29429,-17.62372],[-71.3007,-17.62215],[-71.30648,-17.62138],[-71.31021,-17.62171],[-71.31071,-17.62133],[-71.31143,-17.6205],[-71.31289,-17.61889],[-71.31354,-17.61798],[-71.31741,-17.61739],[-71.31928,-17.62039],[-71.31956,-17.62075],[-71.32005,-17.62154],[-71.32033,-17.62174],[-71.32063,-17.6218],[-71.322,-17.62225],[-71.3234,-17.62286],[-71.32432,-17.62282],[-71.32688,-17.62245],[-71.32828,-17.62249],[-71.32922,-17.62261],[-71.32992,-17.62249],[-71.33086,-17.62247],[-71.3317,-17.62283],[-71.33208,-17.62308],[-71.33326,-17.62307],[-71.33466,-17.62294],[-71.33557,-17.6231],[-71.33725,-17.62334],[-71.3385,-17.6229],[-71.33997,-17.62178],[-71.34103,-17.62253],[-71.34057,-17.62264],[-71.33997,-17.62298],[-71.33919,-17.6235],[-71.33787,-17.62397],[-71.33693,-17.624],[-71.336,-17.62386],[-71.3353,-17.62375],[-71.33464,-17.62357],[-71.33417,-17.62356],[-71.33348,-17.6237],[-71.33278,-17.62364],[-71.3316,-17.62365],[-71.33047,-17.62359],[-71.32908,-17.62349],[-71.32839,-17.62334],[-71.32749,-17.62317],[-71.3268,-17.62309],[-71.32587,-17.62327],[-71.32425,-17.6235],[-71.32354,-17.62352]]]}},{"type":"Feature","properties":{"Name":"TRAMO DE LA QUEBRADA EL TUCUM\u00c1N","description":"","OBJECTID":"184961","CODIGO":"FM000004","NOMBRE":"TRAMO DE LA QUEBRADA EL TUCUM\u00c1N","CATEGORI":" ","CLASE":" ","ZONA":"19","HAS":"14.2827","ZONEX":"19","NORMA":"LEY N\u00b0 29338","ARCHIVO":"QT26E4925","FEC_ING":"16/01/2026","ENTIDAD":"AUTORIDAD NACIONAL DEL AGUA","USO":" ","EST_GRAF":"SIN INF. COMPLETA","LEYENDA":"SIN INF. COMPLETA","SHAPE.AREA":"1.2128511619956e-05","SHAPE.LEN":"0.034395849656708305","FEC_PUB":"1238475600000","MINERIA":"NO","TP_AREA":"FAJA MARGINAL","ORDENANZA":" ","NM_AREA":"TRAMO DE LA QUEBRADA EL TUCUM\u00c1N - FAJA MARGINAL","CREATOR":"WVAL0398","CREATIONDA":"1768592507000","EDITOR":"WVAL0398","EDITDATE":"1768592507000","IDENTI":"44b236a87c004e00832d79ff4e245a85","ESTILO":"ZONA RESERVADA"},"geometry":{"type":"Polygon","coordinates":[[[-70.89491,-17.17318],[-70.89503,-17.17306],[-70.89523,-17.17317],[-70.89463,-17.1741],[-70.89447,-17.17462],[-70.89443,-17.17469],[-70.89434,-17.17475],[-70.89422,-17.17481],[-70.89411,-17.1749],[-70.89396,-17.17505],[-70.89384,-17.17517],[-70.89369,-17.17538],[-70.89349,-17.17571],[-70.89345,-17.17582],[-70.89331,-17.17595],[-70.89312,-17.17603],[-70.89311,-17.1762],[-70.89297,-17.17635],[-70.89268,-17.17646],[-70.89233,-17.1765],[-70.89197,-17.17661],[-70.8917,-17.17665],[-70.89126,-17.17688],[-70.89091,-17.17693],[-70.89044,-17.17696],[-70.89004,-17.17702],[-70.88987,-17.17709],[-70.88971,-17.17725],[-70.88946,-17.17741],[-70.88927,-17.17758],[-70.88872,-17.17804],[-70.8883,-17.17811],[-70.88782,-17.17813],[-70.88721,-17.17799],[-70.88693,-17.17792],[-70.8867,-17.17793],[-70.88639,-17.17825],[-70.88611,-17.17845],[-70.88592,-17.17859],[-70.88543,-17.17875],[-70.88491,-17.17864],[-70.88416,-17.17882],[-70.88352,-17.17909],[-70.88309,-17.17932],[-70.88257,-17.17962],[-70.88241,-17.17982],[-70.88238,-17.18003],[-70.88239,-17.18033],[-70.88133,-17.17967],[-70.88146,-17.1796],[-70.88154,-17.17955],[-70.88172,-17.17947],[-70.88187,-17.17939],[-70.88204,-17.17928],[-70.88217,-17.17916],[-70.88228,-17.17903],[-70.88243,-17.17891],[-70.88258,-17.17869],[-70.88264,-17.17863],[-70.88273,-17.1786],[-70.88286,-17.17858],[-70.88307,-17.1785],[-70.88324,-17.17844],[-70.88339,-17.17838],[-70.88377,-17.17833],[-70.88402,-17.17828],[-70.88423,-17.17818],[-70.88444,-17.17807],[-70.88464,-17.17797],[-70.88481,-17.17789],[-70.88496,-17.17782],[-70.8851,-17.17772],[-70.88523,-17.17742],[-70.88545,-17.17717],[-70.88567,-17.17704],[-70.88593,-17.17703],[-70.8862,-17.17726],[-70.88654,-17.17735],[-70.88693,-17.17736],[-70.88751,-17.17747],[-70.88788,-17.17741],[-70.88805,-17.17734],[-70.88827,-17.17718],[-70.88831,-17.17699],[-70.88846,-17.17686],[-70.88891,-17.17669],[-70.8891,-17.17661],[-70.88922,-17.1765],[-70.88958,-17.17628],[-70.88985,-17.17621],[-70.89018,-17.1761],[-70.89062,-17.17607],[-70.89089,-17.17615],[-70.89127,-17.17614],[-70.89155,-17.17604],[-70.89184,-17.17591],[-70.89205,-17.17576],[-70.89207,-17.17559],[-70.89216,-17.17549],[-70.89244,-17.17541],[-70.89269,-17.17535],[-70.89291,-17.17536],[-70.89299,-17.17528],[-70.89294,-17.17511],[-70.89298,-17.17488],[-70.89314,-17.17474],[-70.89339,-17.17464],[-70.89354,-17.17464],[-70.89375,-17.17449],[-70.89391,-17.17436],[-70.89424,-17.17407],[-70.89491,-17.17318]]]}},{"type":"Feature","properties":{"Name":"QUEBRADA MONTALVO","description":"","OBJECTID":"183681","CODIGO":"OT000125","NOMBRE":"QUEBRADA MONTALVO","CATEGORI":" ","CLASE":" ","ZONA":"19","HAS":"33.1912","ZONEX":"19","NORMA":"LEY N\u00b0 29338","ARCHIVO":"QM25D4914","FEC_ING":"16/12/2025","ENTIDAD":"AUTORIDAD NACIONAL DEL AGUA","USO":" ","EST_GRAF":"SIN INF. COMPLETA","LEYENDA":"SIN INF. COMPLETA","SHAPE.AREA":"2.81927343241685e-05","SHAPE.LEN":"0.0351109558989788","FEC_PUB":"1238475600000","MINERIA":"NO","TP_AREA":"FAJA MARGINAL","ORDENANZA":" ","NM_AREA":"QUEBRADA MONTALVO - FAJA MARGINAL","CREATOR":"WVAL0398","CREATIONDA":"1765905625000","EDITOR":"WVAL0398","EDITDATE":"1765905625000","IDENTI":"bc33140580c2425aa59e9089a3b6efd0","ESTILO":"ZONA RESERVADA"},"geometry":{"type":"Polygon","coordinates":[[[-70.91549,-17.23127],[-70.91526,-17.23328],[-70.91467,-17.23322],[-70.91424,-17.23315],[-70.91374,-17.23301],[-70.91337,-17.23286],[-70.91296,-17.23297],[-70.9124,-17.23286],[-70.91192,-17.23277],[-70.91145,-17.23264],[-70.911,-17.23248],[-70.91057,-17.23235],[-70.91015,-17.23226],[-70.90964,-17.23221],[-70.90924,-17.23204],[-70.9088,-17.23198],[-70.90815,-17.23188],[-70.90774,-17.23187],[-70.9073,-17.23193],[-70.90679,-17.23207],[-70.90626,-17.23208],[-70.90585,-17.23201],[-70.90534,-17.23277],[-70.90483,-17.23252],[-70.90448,-17.23272],[-70.90395,-17.23279],[-70.90347,-17.23271],[-70.90302,-17.23266],[-70.90274,-17.23268],[-70.90225,-17.23279],[-70.90194,-17.23277],[-70.90158,-17.23285],[-70.90109,-17.2329],[-70.90063,-17.23278],[-70.90021,-17.23282],[-70.90044,-17.23102],[-70.90081,-17.23106],[-70.90114,-17.23112],[-70.90155,-17.2312],[-70.90193,-17.23125],[-70.90228,-17.23123],[-70.90266,-17.23114],[-70.90307,-17.23103],[-70.90361,-17.23096],[-70.90405,-17.23089],[-70.90451,-17.23078],[-70.90498,-17.23068],[-70.90542,-17.23053],[-70.9059,-17.23046],[-70.90647,-17.23032],[-70.90692,-17.23024],[-70.90745,-17.23012],[-70.90792,-17.22997],[-70.90846,-17.23007],[-70.90891,-17.23005],[-70.90941,-17.23002],[-70.90992,-17.23012],[-70.91038,-17.23028],[-70.91083,-17.23039],[-70.91137,-17.23048],[-70.91184,-17.23063],[-70.91232,-17.23083],[-70.91269,-17.23095],[-70.91316,-17.23102],[-70.91365,-17.23119],[-70.91408,-17.23118],[-70.91456,-17.23122],[-70.91501,-17.2313],[-70.91549,-17.23127]]]}},{"type":"Feature","properties":{"Name":"QUEBRADA MONTALVO","description":"","OBJECTID":"183682","CODIGO":"OT000125","NOMBRE":"QUEBRADA MONTALVO","CATEGORI":" ","CLASE":" ","ZONA":"19","HAS":"9.2217","ZONEX":"19","NORMA":"LEY N\u00b0 29338","ARCHIVO":"QM25D4914","FEC_ING":"16/12/2025","ENTIDAD":"AUTORIDAD NACIONAL DEL AGUA","USO":" ","EST_GRAF":"SIN INF. COMPLETA","LEYENDA":"SIN INF. COMPLETA","SHAPE.AREA":"7.833209343866e-06","SHAPE.LEN":"0.021172815562666602","FEC_PUB":"1238475600000","MINERIA":"NO","TP_AREA":"FAJA MARGINAL","ORDENANZA":" ","NM_AREA":"QUEBRADA MONTALVO - FAJA MARGINAL","CREATOR":"WVAL0398","CREATIONDA":"1765905625000","EDITOR":"WVAL0398","EDITDATE":"1765905625000","IDENTI":"b3f87e7c1fc1445f9e3a55ed90fda404","ESTILO":"ZONA RESERVADA"},"geometry":{"type":"Polygon","coordinates":[[[-70.90447,-17.23297],[-70.9053,-17.23301],[-70.90534,-17.23351],[-70.90532,-17.23398],[-70.90532,-17.23457],[-70.90515,-17.23509],[-70.9049,-17.23562],[-70.90471,-17.23613],[-70.90455,-17.23661],[-70.90434,-17.23698],[-70.90397,-17.23737],[-70.9035,-17.2378],[-70.90306,-17.23815],[-70.9026,-17.23832],[-70.90196,-17.23839],[-70.90178,-17.2387],[-70.9016,-17.23908],[-70.90146,-17.23951],[-70.9014,-17.23984],[-70.90136,-17.24014],[-70.90129,-17.24037],[-70.89996,-17.23897],[-70.90014,-17.23893],[-70.90032,-17.23887],[-70.90051,-17.23869],[-70.90093,-17.23837],[-70.90084,-17.23748],[-70.90127,-17.23739],[-70.9019,-17.23727],[-70.90235,-17.23728],[-70.90284,-17.23721],[-70.90336,-17.23683],[-70.90379,-17.23658],[-70.90425,-17.2365],[-70.90436,-17.23602],[-70.90449,-17.23548],[-70.90454,-17.23512],[-70.90449,-17.2346],[-70.90437,-17.23397],[-70.90439,-17.23348],[-70.90447,-17.23297]]]}},{"type":"Feature","properties":{"Name":"QUEBRADA MONTALVO","description":"","OBJECTID":"183683","CODIGO":"OT000125","NOMBRE":"QUEBRADA MONTALVO","CATEGORI":" ","CLASE":" ","ZONA":"19","HAS":"7.0944","ZONEX":"19","NORMA":"LEY N\u00b0 29338","ARCHIVO":"QM25D4914","FEC_ING":"16/12/2025","ENTIDAD":"AUTORIDAD NACIONAL DEL AGUA","USO":" ","EST_GRAF":"SIN INF. COMPLETA","LEYENDA":"SIN INF. COMPLETA","SHAPE.AREA":"6.0261932326215e-06","SHAPE.LEN":"0.0290457253687058","FEC_PUB":"1238475600000","MINERIA":"NO","TP_AREA":"FAJA MARGINAL","ORDENANZA":" ","NM_AREA":"QUEBRADA MONTALVO - FAJA MARGINAL","CREATOR":"WVAL0398","CREATIONDA":"1765905625000","EDITOR":"WVAL0398","EDITDATE":"1765905625000","IDENTI":"d1463c9909ee4cdd8a217c06a36bb25d","ESTILO":"ZONA RESERVADA"},"geometry":{"type":"Polygon","coordinates":[[[-70.91356,-17.23308],[-70.91389,-17.23338],[-70.91349,-17.23357],[-70.91307,-17.23371],[-70.91257,-17.23379],[-70.91217,-17.23399],[-70.91175,-17.23439],[-70.91127,-17.23477],[-70.91102,-17.23518],[-70.91079,-17.23576],[-70.91046,-17.23607],[-70.90988,-17.23641],[-70.90983,-17.2368],[-70.90942,-17.23686],[-70.90924,-17.23721],[-70.90905,-17.23743],[-70.90874,-17.23763],[-70.9085,-17.23793],[-70.90794,-17.23816],[-70.90778,-17.23859],[-70.90788,-17.23897],[-70.90786,-17.23926],[-70.90822,-17.23991],[-70.90847,-17.24015],[-70.90867,-17.24064],[-70.90872,-17.24132],[-70.90872,-17.24175],[-70.90869,-17.24221],[-70.90852,-17.24254],[-70.90836,-17.24284],[-70.90826,-17.24309],[-70.9082,-17.24339],[-70.90803,-17.24368],[-70.90782,-17.24349],[-70.90796,-17.24331],[-70.90803,-17.24302],[-70.90811,-17.24273],[-70.90829,-17.24242],[-70.90845,-17.24208],[-70.90846,-17.24172],[-70.90845,-17.24133],[-70.90842,-17.24071],[-70.90832,-17.24032],[-70.90805,-17.24008],[-70.90793,-17.23983],[-70.90757,-17.23931],[-70.90754,-17.23893],[-70.90746,-17.23858],[-70.90759,-17.23794],[-70.90813,-17.23772],[-70.90833,-17.23744],[-70.90861,-17.23724],[-70.90885,-17.23695],[-70.90892,-17.23676],[-70.9091,-17.23651],[-70.90948,-17.23613],[-70.91005,-17.2358],[-70.91022,-17.23552],[-70.91053,-17.23509],[-70.91061,-17.23447],[-70.91112,-17.23381],[-70.91183,-17.23343],[-70.91237,-17.23323],[-70.91268,-17.23317],[-70.9131,-17.23314],[-70.91356,-17.23308]]]}},{"type":"Feature","properties":{"Name":"QUEBRADA MONTALVO","description":"","OBJECTID":"183684","CODIGO":"OT000125","NOMBRE":"QUEBRADA MONTALVO","CATEGORI":" ","CLASE":" ","ZONA":"19","HAS":"0.8252","ZONEX":"19","NORMA":"LEY N\u00b0 29338","ARCHIVO":"QM25D4914","FEC_ING":"16/12/2025","ENTIDAD":"AUTORIDAD NACIONAL DEL AGUA","USO":" ","EST_GRAF":"SIN INF. COMPLETA","LEYENDA":"SIN INF. COMPLETA","SHAPE.AREA":"7.009518913085e-07","SHAPE.LEN":"0.004531768236609951","FEC_PUB":"1238475600000","MINERIA":"NO","TP_AREA":"FAJA MARGINAL","ORDENANZA":" ","NM_AREA":"QUEBRADA MONTALVO - FAJA MARGINAL","CREATOR":"WVAL0398","CREATIONDA":"1765905625000","EDITOR":"WVAL0398","EDITDATE":"1765905625000","IDENTI":"5c58eb8a1c97460b94c3eac1289577ee","ESTILO":"ZONA RESERVADA"},"geometry":{"type":"Polygon","coordinates":[[[-70.9094,-17.23715],[-70.90983,-17.23718],[-70.90962,-17.23759],[-70.90932,-17.23792],[-70.90901,-17.2383],[-70.90855,-17.23872],[-70.9083,-17.23853],[-70.90865,-17.23811],[-70.90893,-17.23782],[-70.90919,-17.2375],[-70.9094,-17.23715]]]}},{"type":"Feature","properties":{"Name":"QUEBRADA SAN L\u00c1ZARO","description":"","OBJECTID":"183685","CODIGO":"OT000126","NOMBRE":"QUEBRADA SAN L\u00c1ZARO","CATEGORI":" ","CLASE":" ","ZONA":"19","HAS":"9.7882","ZONEX":"19","NORMA":"LEY N\u00b0 29338","ARCHIVO":"QS25D4915","FEC_ING":"16/12/2025","ENTIDAD":"AUTORIDAD NACIONAL DEL AGUA","USO":" ","EST_GRAF":"SIN INF. COMPLETA","LEYENDA":"SIN INF. COMPLETA","SHAPE.AREA":"8.2713389723055e-06","SHAPE.LEN":"0.0285494571570077","FEC_PUB":"1238475600000","MINERIA":"NO","TP_AREA":"FAJA MARGINAL","ORDENANZA":" ","NM_AREA":"QUEBRADA SAN L\u00c1ZARO - FAJA MARGINAL","CREATOR":"WVAL0398","CREATIONDA":"1765906010000","EDITOR":"WVAL0398","EDITDATE":"1765906010000","IDENTI":"6399c256c0ea48d8bb8842e265a4935d","ESTILO":"ZONA RESERVADA"},"geometry":{"type":"Polygon","coordinates":[[[-71.5139,-16.38081],[-71.51361,-16.38083],[-71.51371,-16.38053],[-71.51383,-16.38038],[-71.51392,-16.38023],[-71.51395,-16.38009],[-71.51391,-16.37994],[-71.51388,-16.37981],[-71.51379,-16.37968],[-71.51347,-16.37927],[-71.51321,-16.37914],[-71.51242,-16.37879],[-71.51187,-16.37821],[-71.51175,-16.37755],[-71.51167,-16.37744],[-71.51127,-16.37693],[-71.51102,-16.37673],[-71.51041,-16.37644],[-71.51011,-16.37625],[-71.50991,-16.37614],[-71.50912,-16.37566],[-71.50847,-16.37525],[-71.50767,-16.37469],[-71.50694,-16.37417],[-71.50635,-16.3738],[-71.50573,-16.37341],[-71.50493,-16.37289],[-71.50428,-16.37244],[-71.50468,-16.37177],[-71.50569,-16.37233],[-71.50619,-16.37269],[-71.50701,-16.37331],[-71.50743,-16.37363],[-71.50857,-16.3746],[-71.50923,-16.37502],[-71.51004,-16.3756],[-71.51053,-16.37586],[-71.51095,-16.37621],[-71.51177,-16.37672],[-71.51219,-16.37705],[-71.51234,-16.37723],[-71.51251,-16.3777],[-71.51263,-16.3779],[-71.5127,-16.37812],[-71.51278,-16.37831],[-71.51299,-16.37849],[-71.51321,-16.37868],[-71.5135,-16.37885],[-71.51379,-16.37902],[-71.51401,-16.37929],[-71.51429,-16.37963],[-71.51437,-16.37987],[-71.51433,-16.38012],[-71.51421,-16.38038],[-71.5139,-16.38081]]]}},{"type":"Feature","properties":{"Name":"QUEBRADA LOS ANDENES","description":"","OBJECTID":"183686","CODIGO":"OT000127","NOMBRE":"QUEBRADA LOS ANDENES","CATEGORI":" ","CLASE":" ","ZONA":"19","HAS":"12.3812","ZONEX":"19","NORMA":"LEY N\u00b0 29338","ARCHIVO":"QL25D4916","FEC_ING":"16/12/2025","ENTIDAD":"AUTORIDAD NACIONAL DEL AGUA","USO":" ","EST_GRAF":"SIN INF. COMPLETA","LEYENDA":"SIN INF. COMPLETA","SHAPE.AREA":"1.0458880311678e-05","SHAPE.LEN":"0.037772461394605","FEC_PUB":"1238475600000","MINERIA":"NO","TP_AREA":"FAJA MARGINAL","ORDENANZA":" ","NM_AREA":"QUEBRADA LOS ANDENES - FAJA MARGINAL","CREATOR":"WVAL0398","CREATIONDA":"1765906386000","EDITOR":"WVAL0398","EDITDATE":"1765906386000","IDENTI":"e672d22e32f044feba5dde5cd0a41182","ESTILO":"ZONA RESERVADA"},"geometry":{"type":"Polygon","coordinates":[[[-71.65557,-16.34251],[-71.65567,-16.34274],[-71.65567,-16.34289],[-71.65565,-16.34307],[-71.65569,-16.34321],[-71.65579,-16.34332],[-71.65586,-16.34349],[-71.6559,-16.34359],[-71.65599,-16.34373],[-71.65615,-16.3438],[-71.65631,-16.34388],[-71.6565,-16.34401],[-71.65667,-16.34419],[-71.65672,-16.34439],[-71.65685,-16.34456],[-71.6568,-16.34491],[-71.65673,-16.34501],[-71.65668,-16.34516],[-71.65685,-16.34531],[-71.65685,-16.34554],[-71.65692,-16.34569],[-71.65704,-16.34586],[-71.65706,-16.34599],[-71.65712,-16.34608],[-71.65722,-16.34623],[-71.65737,-16.34643],[-71.65745,-16.3466],[-71.65754,-16.34674],[-71.65763,-16.34689],[-71.65774,-16.34703],[-71.65784,-16.34713],[-71.65796,-16.34727],[-71.6581,-16.34745],[-71.6582,-16.3476],[-71.6583,-16.34784],[-71.65835,-16.34808],[-71.65832,-16.34826],[-71.65824,-16.34845],[-71.65822,-16.34863],[-71.6582,-16.34876],[-71.65828,-16.34892],[-71.65832,-16.349],[-71.65835,-16.34914],[-71.65852,-16.34924],[-71.65857,-16.34943],[-71.6587,-16.34965],[-71.6588,-16.34983],[-71.65888,-16.34995],[-71.65894,-16.35008],[-71.65903,-16.35024],[-71.65911,-16.3504],[-71.65918,-16.35057],[-71.65923,-16.35083],[-71.65916,-16.35107],[-71.65916,-16.35118],[-71.65916,-16.35135],[-71.65921,-16.35143],[-71.65928,-16.3516],[-71.65936,-16.35183],[-71.6594,-16.352],[-71.65938,-16.35222],[-71.65937,-16.35238],[-71.65939,-16.35258],[-71.65942,-16.35276],[-71.65948,-16.35291],[-71.65949,-16.35304],[-71.65954,-16.3532],[-71.65956,-16.35331],[-71.65966,-16.35338],[-71.65982,-16.35336],[-71.65997,-16.35324],[-71.6603,-16.35316],[-71.66062,-16.35336],[-71.66076,-16.35358],[-71.66077,-16.35381],[-71.66099,-16.35382],[-71.66129,-16.35406],[-71.66141,-16.35421],[-71.66157,-16.35433],[-71.66175,-16.35447],[-71.66185,-16.35471],[-71.66176,-16.35505],[-71.66171,-16.35518],[-71.66172,-16.35537],[-71.66171,-16.35554],[-71.66169,-16.35568],[-71.66174,-16.35581],[-71.66197,-16.35581],[-71.66201,-16.35606],[-71.66208,-16.35623],[-71.66204,-16.35645],[-71.66215,-16.3566],[-71.66237,-16.35662],[-71.66246,-16.35678],[-71.66258,-16.35682],[-71.6627,-16.35685],[-71.66248,-16.35735],[-71.66235,-16.35729],[-71.6622,-16.3572],[-71.66201,-16.3571],[-71.66186,-16.357],[-71.66169,-16.35684],[-71.66155,-16.35666],[-71.66147,-16.35652],[-71.66135,-16.35639],[-71.66127,-16.35628],[-71.6612,-16.35599],[-71.66114,-16.35573],[-71.6611,-16.35556],[-71.66115,-16.35535],[-71.66113,-16.35517],[-71.66117,-16.35495],[-71.66116,-16.35486],[-71.66112,-16.35478],[-71.66109,-16.3547],[-71.66093,-16.35451],[-71.66085,-16.35444],[-71.6605,-16.35436],[-71.66025,-16.35412],[-71.6602,-16.35392],[-71.66017,-16.35386],[-71.6601,-16.35383],[-71.6599,-16.35406],[-71.6594,-16.35404],[-71.65916,-16.35383],[-71.65905,-16.35357],[-71.65898,-16.35338],[-71.65894,-16.35319],[-71.65886,-16.35298],[-71.65877,-16.35277],[-71.65868,-16.35261],[-71.65861,-16.3524],[-71.65865,-16.35224],[-71.65869,-16.35209],[-71.65871,-16.35194],[-71.65873,-16.3518],[-71.6587,-16.35167],[-71.65858,-16.3514],[-71.65863,-16.35121],[-71.65867,-16.35094],[-71.65871,-16.35083],[-71.65861,-16.35064],[-71.65848,-16.35049],[-71.6584,-16.35031],[-71.65833,-16.35016],[-71.65828,-16.34995],[-71.65825,-16.34979],[-71.65821,-16.34972],[-71.6581,-16.34953],[-71.65795,-16.34937],[-71.65787,-16.34921],[-71.65776,-16.34896],[-71.65773,-16.34879],[-71.65777,-16.34854],[-71.65777,-16.34836],[-71.65781,-16.34819],[-71.65774,-16.34803],[-71.65773,-16.34796],[-71.65772,-16.34789],[-71.65765,-16.34772],[-71.65757,-16.34763],[-71.65742,-16.34752],[-71.65727,-16.34737],[-71.65716,-16.34718],[-71.65705,-16.34699],[-71.65696,-16.34683],[-71.65686,-16.34668],[-71.6568,-16.34661],[-71.65671,-16.3465],[-71.65651,-16.34625],[-71.65643,-16.34608],[-71.65638,-16.34592],[-71.6564,-16.34573],[-71.65634,-16.34548],[-71.65616,-16.34518],[-71.65616,-16.34496],[-71.65621,-16.3448],[-71.65616,-16.3447],[-71.65612,-16.34456],[-71.65608,-16.34452],[-71.65598,-16.34445],[-71.65586,-16.3443],[-71.65571,-16.34418],[-71.65557,-16.34405],[-71.65537,-16.3438],[-71.65526,-16.34365],[-71.65516,-16.3435],[-71.65502,-16.34336],[-71.65493,-16.34324],[-71.65488,-16.34303],[-71.65557,-16.34251]]]}},{"type":"Feature","properties":{"Name":"R\u00cdO CINTO, SECTOR CAO\u00d1A-MATOGROSO","description":"","OBJECTID":"183687","CODIGO":"OT000129","NOMBRE":"R\u00cdO CINTO, SECTOR CAO\u00d1A-MATOGROSO","CATEGORI":" ","CLASE":" ","ZONA":"19","HAS":"278.9438","ZONEX":"19","NORMA":"LEY N\u00b0 29338","ARCHIVO":"RC25D4917","FEC_ING":"16/12/2025","ENTIDAD":"AUTORIDAD NACIONAL DEL AGUA","USO":" ","EST_GRAF":"SIN INF. COMPLETA","LEYENDA":"SIN INF. COMPLETA","SHAPE.AREA":"0.00023725835255806001","SHAPE.LEN":"0.212908644253563","FEC_PUB":"1238475600000","MINERIA":"NO","TP_AREA":"FAJA MARGINAL","ORDENANZA":" ","NM_AREA":"R\u00cdO CINTO, SECTOR CAO\u00d1A-MATOGROSO - FAJA MARGINAL","CREATOR":"WVAL0398","CREATIONDA":"1765906628000","EDITOR":"WVAL0398","EDITDATE":"1765906628000","IDENTI":"b993f3f04719497f82486e2173e2a268","ESTILO":"ZONA RESERVADA"},"geometry":{"type":"Polygon","coordinates":[[[-70.69718,-17.46584],[-70.69478,-17.46646],[-70.69394,-17.46549],[-70.69284,-17.4642],[-70.69127,-17.46286],[-70.69062,-17.46178],[-70.69016,-17.46074],[-70.68981,-17.46008],[-70.68953,-17.45941],[-70.68924,-17.45859],[-70.68904,-17.45806],[-70.68893,-17.45768],[-70.68864,-17.45711],[-70.68837,-17.45662],[-70.6881,-17.45622],[-70.68765,-17.45591],[-70.6868,-17.45604],[-70.67884,-17.45239],[-70.6795,-17.4516],[-70.67935,-17.45058],[-70.67926,-17.44992],[-70.67939,-17.44933],[-70.67926,-17.44878],[-70.67912,-17.44816],[-70.67881,-17.44742],[-70.67828,-17.44636],[-70.67761,-17.44525],[-70.67667,-17.44429],[-70.67758,-17.44369],[-70.67744,-17.44337],[-70.67713,-17.443],[-70.67697,-17.4426],[-70.67668,-17.44226],[-70.67649,-17.44192],[-70.67626,-17.44166],[-70.67596,-17.44133],[-70.67563,-17.44109],[-70.67538,-17.44086],[-70.67509,-17.44063],[-70.67474,-17.4406],[-70.67364,-17.44039],[-70.67264,-17.43971],[-70.6719,-17.43937],[-70.67089,-17.43888],[-70.66987,-17.43832],[-70.66935,-17.4375],[-70.66862,-17.4371],[-70.6679,-17.43687],[-70.66736,-17.43651],[-70.66697,-17.43574],[-70.66645,-17.4355],[-70.665,-17.43491],[-70.66499,-17.43413],[-70.66457,-17.43386],[-70.66409,-17.43405],[-70.66333,-17.43287],[-70.66305,-17.43255],[-70.66228,-17.4321],[-70.66149,-17.4317],[-70.66063,-17.43113],[-70.65972,-17.43062],[-70.65863,-17.42979],[-70.65819,-17.42927],[-70.65756,-17.42887],[-70.65684,-17.4286],[-70.65603,-17.42851],[-70.6553,-17.42844],[-70.65508,-17.42795],[-70.65451,-17.42762],[-70.65383,-17.4274],[-70.65292,-17.42723],[-70.65205,-17.42687],[-70.65135,-17.42646],[-70.65055,-17.42608],[-70.65005,-17.42588],[-70.64955,-17.42574],[-70.64867,-17.4255],[-70.6479,-17.42515],[-70.64723,-17.42473],[-70.64696,-17.42406],[-70.64646,-17.42333],[-70.64537,-17.4223],[-70.64503,-17.42149],[-70.64481,-17.4208],[-70.64453,-17.42021],[-70.64395,-17.41945],[-70.64325,-17.41896],[-70.64292,-17.41866],[-70.64254,-17.41831],[-70.64229,-17.41803],[-70.64198,-17.4178],[-70.64161,-17.41753],[-70.64137,-17.4172],[-70.64098,-17.41688],[-70.64065,-17.41663],[-70.64036,-17.41652],[-70.6401,-17.41641],[-70.63989,-17.41625],[-70.63967,-17.41613],[-70.63936,-17.41594],[-70.63905,-17.41582],[-70.63865,-17.41563],[-70.63828,-17.41537],[-70.638,-17.41489],[-70.63766,-17.41443],[-70.63745,-17.41417],[-70.63707,-17.41398],[-70.63667,-17.41377],[-70.63605,-17.41359],[-70.63557,-17.41339],[-70.63512,-17.41313],[-70.63469,-17.41292],[-70.63435,-17.41262],[-70.63396,-17.4124],[-70.63363,-17.4122],[-70.6334,-17.41206],[-70.63306,-17.41192],[-70.63269,-17.41176],[-70.63208,-17.41147],[-70.63148,-17.41136],[-70.63087,-17.41139],[-70.63032,-17.41116],[-70.62992,-17.41098],[-70.62963,-17.41067],[-70.62931,-17.41049],[-70.62922,-17.41002],[-70.62906,-17.40971],[-70.62895,-17.4094],[-70.62876,-17.40919],[-70.62863,-17.40889],[-70.62848,-17.40846],[-70.62814,-17.40813],[-70.6277,-17.40791],[-70.62741,-17.40761],[-70.62724,-17.40735],[-70.6269,-17.40716],[-70.62666,-17.40691],[-70.62657,-17.40657],[-70.62619,-17.40635],[-70.62597,-17.40598],[-70.62572,-17.40563],[-70.62557,-17.40537],[-70.62556,-17.40496],[-70.62581,-17.40509],[-70.62584,-17.40536],[-70.62595,-17.40564],[-70.62603,-17.40579],[-70.62616,-17.40593],[-70.62634,-17.40613],[-70.62662,-17.40626],[-70.62681,-17.40643],[-70.62701,-17.40659],[-70.62725,-17.40689],[-70.62776,-17.40728],[-70.62784,-17.40759],[-70.62816,-17.40778],[-70.62852,-17.40793],[-70.62876,-17.40834],[-70.62894,-17.40876],[-70.62912,-17.40902],[-70.62916,-17.40929],[-70.62929,-17.40953],[-70.62951,-17.40977],[-70.62972,-17.41004],[-70.63002,-17.41031],[-70.63029,-17.41066],[-70.63077,-17.41079],[-70.63127,-17.41083],[-70.63172,-17.4108],[-70.63216,-17.41097],[-70.63258,-17.41116],[-70.63292,-17.41137],[-70.63328,-17.41148],[-70.63358,-17.41159],[-70.63401,-17.41174],[-70.63442,-17.4119],[-70.63483,-17.41216],[-70.63523,-17.4124],[-70.63552,-17.41263],[-70.63591,-17.41282],[-70.63633,-17.413],[-70.63664,-17.41319],[-70.63705,-17.41339],[-70.6375,-17.41363],[-70.63797,-17.41392],[-70.63837,-17.41414],[-70.63875,-17.41446],[-70.63911,-17.4147],[-70.63954,-17.41501],[-70.64007,-17.41538],[-70.64055,-17.41579],[-70.64102,-17.41612],[-70.64158,-17.41637],[-70.64206,-17.4167],[-70.64241,-17.41697],[-70.64277,-17.41723],[-70.64307,-17.41752],[-70.64345,-17.4178],[-70.64381,-17.41804],[-70.64423,-17.41831],[-70.64468,-17.41875],[-70.64502,-17.41916],[-70.64532,-17.41971],[-70.64554,-17.42025],[-70.64584,-17.42071],[-70.64614,-17.42092],[-70.64631,-17.42118],[-70.64649,-17.4214],[-70.64729,-17.42225],[-70.64803,-17.42309],[-70.649,-17.4239],[-70.65003,-17.42425],[-70.65101,-17.42428],[-70.65163,-17.42453],[-70.65215,-17.42502],[-70.65264,-17.42565],[-70.65301,-17.4261],[-70.65331,-17.42628],[-70.65381,-17.42635],[-70.65425,-17.42646],[-70.65468,-17.42657],[-70.65512,-17.42677],[-70.65574,-17.42671],[-70.65608,-17.42698],[-70.65665,-17.42703],[-70.65738,-17.42734],[-70.65798,-17.42758],[-70.65891,-17.42766],[-70.65963,-17.42805],[-70.66002,-17.42856],[-70.66052,-17.42868],[-70.66134,-17.429],[-70.66208,-17.42918],[-70.66254,-17.42942],[-70.6631,-17.4298],[-70.66341,-17.42999],[-70.66388,-17.43006],[-70.66435,-17.43023],[-70.6647,-17.43055],[-70.66526,-17.43098],[-70.66554,-17.43154],[-70.66597,-17.43184],[-70.66636,-17.43212],[-70.66695,-17.43245],[-70.66749,-17.43286],[-70.66808,-17.43319],[-70.66846,-17.43351],[-70.66887,-17.43413],[-70.66936,-17.43471],[-70.66979,-17.43521],[-70.67012,-17.4356],[-70.67079,-17.43577],[-70.67142,-17.43647],[-70.6724,-17.43743],[-70.67387,-17.43798],[-70.67505,-17.4384],[-70.67592,-17.43886],[-70.67685,-17.43926],[-70.67764,-17.43968],[-70.67872,-17.4398],[-70.67974,-17.43982],[-70.68274,-17.44166],[-70.68254,-17.44382],[-70.68252,-17.44507],[-70.68254,-17.44609],[-70.68241,-17.44676],[-70.68222,-17.44737],[-70.68192,-17.44796],[-70.68168,-17.44826],[-70.68139,-17.44849],[-70.68149,-17.44874],[-70.68154,-17.44897],[-70.68165,-17.44916],[-70.68209,-17.4494],[-70.68258,-17.44976],[-70.68288,-17.45023],[-70.6836,-17.45089],[-70.68428,-17.45063],[-70.6851,-17.4509],[-70.68611,-17.45068],[-70.68696,-17.45041],[-70.6873,-17.45077],[-70.6879,-17.45096],[-70.68828,-17.45127],[-70.68866,-17.45145],[-70.68954,-17.45138],[-70.6906,-17.45227],[-70.6908,-17.45341],[-70.69122,-17.45414],[-70.69175,-17.45459],[-70.69207,-17.45521],[-70.69225,-17.45607],[-70.69296,-17.45686],[-70.6934,-17.45748],[-70.69356,-17.45814],[-70.69363,-17.45845],[-70.69392,-17.45882],[-70.69407,-17.45908],[-70.6943,-17.45955],[-70.69458,-17.46004],[-70.69499,-17.46048],[-70.69538,-17.46086],[-70.69592,-17.46137],[-70.69681,-17.46216],[-70.69721,-17.463],[-70.69754,-17.46349],[-70.69753,-17.46422],[-70.69735,-17.46501],[-70.69718,-17.46584]]]}},{"type":"Feature","properties":{"Name":"QUEBRADA SIN NOMBRE SECTOR AV. LOS INCAS","description":"","OBJECTID":"183688","CODIGO":"OT000130","NOMBRE":"QUEBRADA SIN NOMBRE SECTOR AV. LOS INCAS","CATEGORI":" ","CLASE":" ","ZONA":"19","HAS":"3.583","ZONEX":"19","NORMA":"LEY N\u00b0 29338","ARCHIVO":"QS25D4918","FEC_ING":"16/12/2025","ENTIDAD":"AUTORIDAD NACIONAL DEL AGUA","USO":" ","EST_GRAF":"SIN INF. COMPLETA","LEYENDA":"SIN INF. COMPLETA","SHAPE.AREA":"3.0283112865170005e-06","SHAPE.LEN":"0.030353403623579498","FEC_PUB":"1238475600000","MINERIA":"NO","TP_AREA":"FAJA MARGINAL","ORDENANZA":" ","NM_AREA":"QUEBRADA SIN NOMBRE SECTOR AV. LOS INCAS - FAJA MARGINAL","CREATOR":"WVAL0398","CREATIONDA":"1765906876000","EDITOR":"WVAL0398","EDITDATE":"1765906876000","IDENTI":"a8ed7a22bf2940b1921e508810f1bb95","ESTILO":"ZONA RESERVADA"},"geometry":{"type":"Polygon","coordinates":[[[-71.54109,-16.42137],[-71.54099,-16.4215],[-71.54082,-16.42148],[-71.54036,-16.42119],[-71.54022,-16.42114],[-71.5397,-16.42102],[-71.53914,-16.42088],[-71.53858,-16.4207],[-71.53816,-16.42052],[-71.53791,-16.42036],[-71.53745,-16.42005],[-71.53707,-16.41978],[-71.53676,-16.41961],[-71.53643,-16.41948],[-71.53617,-16.41927],[-71.53594,-16.41902],[-71.53565,-16.41871],[-71.53532,-16.41832],[-71.53493,-16.41807],[-71.53465,-16.4179],[-71.53404,-16.41767],[-71.53369,-16.41754],[-71.53322,-16.41737],[-71.53291,-16.41724],[-71.53263,-16.41713],[-71.53209,-16.41683],[-71.53149,-16.41652],[-71.53121,-16.41638],[-71.53066,-16.41609],[-71.53039,-16.41593],[-71.52977,-16.41559],[-71.52928,-16.41531],[-71.52894,-16.41512],[-71.52856,-16.4149],[-71.52824,-16.41471],[-71.52791,-16.41452],[-71.52805,-16.41433],[-71.52836,-16.41453],[-71.52883,-16.41482],[-71.52915,-16.41501],[-71.52963,-16.41529],[-71.52995,-16.41548],[-71.53043,-16.41575],[-71.53075,-16.41594],[-71.53123,-16.41622],[-71.53156,-16.41639],[-71.53205,-16.41665],[-71.53239,-16.41682],[-71.53288,-16.41704],[-71.53324,-16.41718],[-71.53374,-16.4174],[-71.53409,-16.41751],[-71.53464,-16.41768],[-71.53479,-16.41776],[-71.53497,-16.41786],[-71.53546,-16.41818],[-71.53568,-16.41843],[-71.53587,-16.41866],[-71.53612,-16.41888],[-71.53636,-16.41904],[-71.53665,-16.41923],[-71.53688,-16.41939],[-71.53712,-16.41956],[-71.53758,-16.41987],[-71.53789,-16.42007],[-71.53835,-16.42037],[-71.53868,-16.42051],[-71.5392,-16.42067],[-71.53959,-16.42075],[-71.54018,-16.42088],[-71.54049,-16.42101],[-71.54096,-16.42129],[-71.54109,-16.42137]]]}},{"type":"Feature","properties":{"Name":"QUEBRADA SIN NOMBRE, SECTOR PAMPA CONDORMICO","description":"","OBJECTID":"183689","CODIGO":"OT000132","NOMBRE":"QUEBRADA SIN NOMBRE, SECTOR PAMPA CONDORMICO","CATEGORI":" ","CLASE":" ","ZONA":"19","HAS":"7.091","ZONEX":"19","NORMA":"LEY N\u00b0 29338","ARCHIVO":"QS25D4920","FEC_ING":"16/12/2025","ENTIDAD":"AUTORIDAD NACIONAL DEL AGUA","USO":" ","EST_GRAF":"SIN INF. COMPLETA","LEYENDA":"SIN INF. COMPLETA","SHAPE.AREA":"5.989434864783001e-06","SHAPE.LEN":"0.0121063284140044","FEC_PUB":"1238475600000","MINERIA":"NO","TP_AREA":"FAJA MARGINAL","ORDENANZA":" ","NM_AREA":"QUEBRADA SIN NOMBRE, SECTOR PAMPA CONDORMICO - FAJA MARGINAL","CREATOR":"WVAL0398","CREATIONDA":"1765916559000","EDITOR":"WVAL0398","EDITDATE":"1765916559000","IDENTI":"a226f9dcc9ea4248946d68a94394aff8","ESTILO":"ZONA RESERVADA"},"geometry":{"type":"Polygon","coordinates":[[[-71.53873,-16.29552],[-71.53766,-16.29639],[-71.53723,-16.29603],[-71.53703,-16.2956],[-71.53701,-16.29515],[-71.5371,-16.2948],[-71.53702,-16.29444],[-71.53684,-16.29416],[-71.53653,-16.29378],[-71.53634,-16.29342],[-71.53621,-16.29298],[-71.53613,-16.29279],[-71.53581,-16.29263],[-71.53555,-16.29246],[-71.53682,-16.29166],[-71.53697,-16.29207],[-71.53727,-16.2924],[-71.53741,-16.29272],[-71.53744,-16.29303],[-71.53774,-16.29323],[-71.53801,-16.29348],[-71.53823,-16.2939],[-71.53834,-16.29433],[-71.53839,-16.29469],[-71.53851,-16.29514],[-71.53873,-16.29552]]]}},{"type":"Feature","properties":{"Name":"QUEBRADA SIN NOMBRE, SECTOR TOMASA TITO CONDEMAYTA","description":"","OBJECTID":"183690","CODIGO":"OT000131","NOMBRE":"QUEBRADA SIN NOMBRE, SECTOR TOMASA TITO CONDEMAYTA","CATEGORI":" ","CLASE":" ","ZONA":"19","HAS":"23.249200000000002","ZONEX":"19","NORMA":"LEY N\u00b0 29338","ARCHIVO":"QS25D4919","FEC_ING":"16/12/2025","ENTIDAD":"AUTORIDAD NACIONAL DEL AGUA","USO":" ","EST_GRAF":"SIN INF. COMPLETA","LEYENDA":"SIN INF. COMPLETA","SHAPE.AREA":"1.9646767897056e-05","SHAPE.LEN":"0.034706577879549096","FEC_PUB":"1238475600000","MINERIA":"NO","TP_AREA":"FAJA MARGINAL","ORDENANZA":" ","NM_AREA":"QUEBRADA SIN NOMBRE, SECTOR TOMASA TITO CONDEMAYTA - FAJA MARGINAL","CREATOR":"WVAL0398","CREATIONDA":"1765916824000","EDITOR":"WVAL0398","EDITDATE":"1765916824000","IDENTI":"4e3c888139b2404a90bc6dea7d788ab5","ESTILO":"ZONA RESERVADA"},"geometry":{"type":"Polygon","coordinates":[[[-71.50757,-16.38127],[-71.50753,-16.38154],[-71.50708,-16.3815],[-71.50661,-16.38152],[-71.50612,-16.38147],[-71.50567,-16.3814],[-71.50528,-16.38128],[-71.5051,-16.38087],[-71.50516,-16.38033],[-71.50524,-16.37978],[-71.50563,-16.37937],[-71.50577,-16.37915],[-71.50554,-16.37902],[-71.50522,-16.37889],[-71.50484,-16.37893],[-71.50445,-16.37914],[-71.50409,-16.3794],[-71.5034,-16.3793],[-71.50273,-16.3792],[-71.50221,-16.37916],[-71.50166,-16.37896],[-71.50143,-16.37847],[-71.50087,-16.37854],[-71.50048,-16.3787],[-71.50009,-16.37889],[-71.49924,-16.379],[-71.49879,-16.3788],[-71.49824,-16.37851],[-71.49771,-16.37872],[-71.49717,-16.37862],[-71.49658,-16.37841],[-71.49623,-16.37793],[-71.49552,-16.37757],[-71.4953,-16.37711],[-71.49503,-16.37674],[-71.49547,-16.37637],[-71.49613,-16.37642],[-71.49653,-16.37657],[-71.49721,-16.3767],[-71.49757,-16.37684],[-71.49817,-16.37699],[-71.49878,-16.37719],[-71.49926,-16.37742],[-71.49966,-16.37763],[-71.49977,-16.3773],[-71.50006,-16.37685],[-71.50024,-16.3765],[-71.50046,-16.3763],[-71.5007,-16.37614],[-71.5013,-16.37616],[-71.50191,-16.37642],[-71.50242,-16.37677],[-71.50287,-16.37715],[-71.50385,-16.37802],[-71.50424,-16.37815],[-71.50454,-16.37827],[-71.50505,-16.37842],[-71.50537,-16.37851],[-71.50602,-16.37856],[-71.50625,-16.3789],[-71.5062,-16.37938],[-71.50584,-16.37974],[-71.50563,-16.38031],[-71.5057,-16.38068],[-71.5059,-16.38107],[-71.50617,-16.38114],[-71.50663,-16.38115],[-71.5071,-16.38121],[-71.50757,-16.38127]]]}},{"type":"Feature","properties":{"Name":"TRAMO DE LA QUEBRADA III TORRENTERA","description":"","OBJECTID":"184642","CODIGO":"FM000002","NOMBRE":"TRAMO DE LA QUEBRADA III TORRENTERA","CATEGORI":" ","CLASE":" ","ZONA":"19","HAS":"2.9279","ZONEX":"19","NORMA":"LEY N\u00b0 29338","ARCHIVO":"TR26E4923","FEC_ING":"15/01/2026","ENTIDAD":"AUTORIDAD NACIONAL DEL AGUA","USO":" ","EST_GRAF":"SIN INF. COMPLETA","LEYENDA":"SIN INF. COMPLETA","SHAPE.AREA":"2.4746995069935e-06","SHAPE.LEN":"0.00754916373814789","FEC_PUB":"1238475600000","MINERIA":"NO","TP_AREA":"FAJA MARGINAL","ORDENANZA":" ","NM_AREA":"TRAMO DE LA QUEBRADA III TORRENTERA - FJA MARGINAL","CREATOR":"FLAT1065","CREATIONDA":"1768491362000","EDITOR":"FLAT1065","EDITDATE":"1768491362000","IDENTI":"a3a63a5ac9e846e4a3083b5d27ea8436","ESTILO":"ZONA RESERVADA"},"geometry":{"type":"Polygon","coordinates":[[[-71.48498,-16.41237],[-71.48505,-16.41311],[-71.48459,-16.41305],[-71.48418,-16.41301],[-71.48355,-16.41304],[-71.48278,-16.41297],[-71.48198,-16.41292],[-71.48233,-16.41194],[-71.48302,-16.41206],[-71.48359,-16.41216],[-71.48416,-16.41222],[-71.48474,-16.41231],[-71.48498,-16.41237]]]}},{"type":"Feature","properties":{"Name":"TRAMO DE QUEBRADA SIN NOMBRE SECTOR PAMPA CONDORMICO","description":"","OBJECTID":"184643","CODIGO":"FM000003","NOMBRE":"TRAMO DE QUEBRADA SIN NOMBRE SECTOR PAMPA CONDORMICO","CATEGORI":" ","CLASE":" ","ZONA":"19","HAS":"4.3238","ZONEX":"19","NORMA":"LEY N\u00b0 29338","ARCHIVO":"PC26E4924","FEC_ING":"15/01/2026","ENTIDAD":"AUTORIDAD NACIONAL DEL AGUA","USO":" ","EST_GRAF":"SIN INF. COMPLETA","LEYENDA":"SIN INF. COMPLETA","SHAPE.AREA":"3.6520806399545e-06","SHAPE.LEN":"0.0180533841081144","FEC_PUB":"1238475600000","MINERIA":"NO","TP_AREA":"FAJA MARGINAL","ORDENANZA":" ","NM_AREA":"TRAMO DE QUEBRADA SIN NOMBRE SECTOR PAMPA CONDORMICO - FAJA MARGINAL","CREATOR":"FLAT1065","CREATIONDA":"1768491554000","EDITOR":"FLAT1065","EDITDATE":"1768491554000","IDENTI":"e042ee20390849d09d43b779a73384b0","ESTILO":"ZONA RESERVADA"},"geometry":{"type":"Polygon","coordinates":[[[-71.54255,-16.2947],[-71.54219,-16.2951],[-71.54154,-16.29486],[-71.54129,-16.29456],[-71.54109,-16.2943],[-71.54071,-16.29419],[-71.54025,-16.29409],[-71.5399,-16.29373],[-71.53959,-16.29342],[-71.5389,-16.29278],[-71.53833,-16.29263],[-71.53782,-16.29247],[-71.53751,-16.29226],[-71.53743,-16.29189],[-71.53724,-16.29116],[-71.53711,-16.2908],[-71.53686,-16.29042],[-71.53666,-16.29004],[-71.53664,-16.28969],[-71.53669,-16.28927],[-71.53709,-16.28935],[-71.53714,-16.28968],[-71.53717,-16.28995],[-71.5372,-16.29036],[-71.53742,-16.29071],[-71.53755,-16.29116],[-71.53774,-16.29161],[-71.53786,-16.29187],[-71.53807,-16.29219],[-71.53869,-16.29229],[-71.53917,-16.29255],[-71.53972,-16.293],[-71.54022,-16.29337],[-71.54081,-16.29377],[-71.54142,-16.29402],[-71.54194,-16.29429],[-71.54223,-16.29457],[-71.54255,-16.2947]]]}},{"type":"Feature","properties":{"Name":"TRAMO DEL CAUCE DE LA QUEBRADA TAMA\u00d1A","description":"","OBJECTID":"183043","CODIGO":"OT000114","NOMBRE":"TRAMO DEL CAUCE DE LA QUEBRADA TAMA\u00d1A","CATEGORI":" ","CLASE":" ","ZONA":"19","HAS":"3.8312000000000004","ZONEX":"19","NORMA":"LEY N\u00b0 29338","ARCHIVO":"TM25N4928","FEC_ING":"28/11/2025","ENTIDAD":"AUTORIDAD NACIONAL DEL AGUA","USO":" ","EST_GRAF":"SIN INF. COMPLETA","LEYENDA":"SIN INF. COMPLETA","SHAPE.AREA":"3.2444473806105e-06","SHAPE.LEN":"0.014869771834998501","FEC_PUB":"1238475600000","MINERIA":"NO","TP_AREA":"FAJA MARGINAL","ORDENANZA":" ","NM_AREA":"TRAMO DEL CAUCE DE LA QUEBRADA TAMA\u00d1A - FAJA MARGINAL","CREATOR":"FLAT1065","CREATIONDA":"1764359533000","EDITOR":"FLAT1065","EDITDATE":"1764359533000","IDENTI":"817c3ad7418642af865f7d3f99527d68","ESTILO":"ZONA RESERVADA"},"geometry":{"type":"Polygon","coordinates":[[[-70.98854,-16.66465],[-70.98843,-16.6649],[-70.98834,-16.66509],[-70.98832,-16.66534],[-70.98817,-16.66558],[-70.98811,-16.66579],[-70.98812,-16.66604],[-70.98806,-16.66631],[-70.98798,-16.66654],[-70.98793,-16.66678],[-70.98801,-16.66705],[-70.98782,-16.66735],[-70.98766,-16.66768],[-70.98751,-16.66786],[-70.98736,-16.66809],[-70.98721,-16.66829],[-70.98716,-16.66851],[-70.98713,-16.66875],[-70.98699,-16.66893],[-70.98694,-16.66909],[-70.98696,-16.6693],[-70.98692,-16.66948],[-70.98685,-16.66961],[-70.98684,-16.66975],[-70.98679,-16.66997],[-70.98673,-16.67019],[-70.98661,-16.67041],[-70.98644,-16.67055],[-70.98631,-16.67069],[-70.98618,-16.67084],[-70.98608,-16.671],[-70.9857,-16.67061],[-70.98586,-16.67051],[-70.98597,-16.67033],[-70.98607,-16.67015],[-70.9862,-16.67001],[-70.98629,-16.6699],[-70.98633,-16.66979],[-70.98639,-16.66963],[-70.98643,-16.66946],[-70.98653,-16.66929],[-70.98656,-16.66913],[-70.98655,-16.66897],[-70.98661,-16.66872],[-70.98671,-16.66851],[-70.98676,-16.6683],[-70.9868,-16.66807],[-70.98697,-16.6679],[-70.98712,-16.66762],[-70.98728,-16.66744],[-70.9874,-16.66718],[-70.98742,-16.6669],[-70.98743,-16.66669],[-70.98754,-16.66639],[-70.98765,-16.66621],[-70.98772,-16.666],[-70.9877,-16.66575],[-70.98772,-16.66547],[-70.98775,-16.66528],[-70.98776,-16.66506],[-70.98774,-16.66486],[-70.98783,-16.66464],[-70.98854,-16.66465]]]}},{"type":"Feature","properties":{"Name":"TRAMO DE TRES QUEBRADAS DE U.H. 13257 (SECTOR CERRO PAJONAL)","description":"","OBJECTID":"183044","CODIGO":"OT000115","NOMBRE":"TRAMO DE TRES QUEBRADAS DE U.H. 13257 (SECTOR CERRO PAJONAL)","CATEGORI":" ","CLASE":" ","ZONA":"19","HAS":"18.087400000000002","ZONEX":"19","NORMA":"LEY N\u00b0 29338","ARCHIVO":"CP25N4929","FEC_ING":"28/11/2025","ENTIDAD":"AUTORIDAD NACIONAL DEL AGUA","USO":" ","EST_GRAF":"SIN INF. COMPLETA","LEYENDA":"SIN INF. COMPLETA","SHAPE.AREA":"1.52841637677445e-05","SHAPE.LEN":"0.0371545570116778","FEC_PUB":"1238475600000","MINERIA":"NO","TP_AREA":"FAJA MARGINAL","ORDENANZA":" ","NM_AREA":"TRAMO DE TRES QUEBRADAS DE U.H. 13257 (SECTOR CERRO PAJONAL) - FAJA MARGINAL","CREATOR":"FLAT1065","CREATIONDA":"1764359779000","EDITOR":"FLAT1065","EDITDATE":"1764359779000","IDENTI":"ce3a3b45f7a541a286c66dc7fd39a40f","ESTILO":"ZONA RESERVADA"},"geometry":{"type":"Polygon","coordinates":[[[-71.48378,-16.36588],[-71.4824,-16.36657],[-71.48218,-16.36619],[-71.48197,-16.36583],[-71.48171,-16.36557],[-71.48155,-16.36537],[-71.48111,-16.36537],[-71.48075,-16.36528],[-71.48049,-16.36518],[-71.48015,-16.36507],[-71.47987,-16.3649],[-71.47933,-16.36472],[-71.4789,-16.36463],[-71.47851,-16.36453],[-71.47812,-16.36447],[-71.47771,-16.36441],[-71.47731,-16.36431],[-71.47685,-16.36418],[-71.47649,-16.36402],[-71.47624,-16.36388],[-71.47587,-16.36393],[-71.47556,-16.36395],[-71.47533,-16.36386],[-71.47502,-16.36367],[-71.4748,-16.3635],[-71.47448,-16.36328],[-71.47407,-16.36306],[-71.47367,-16.36282],[-71.47338,-16.36264],[-71.47315,-16.36247],[-71.47264,-16.36233],[-71.47239,-16.36228],[-71.472,-16.36216],[-71.47174,-16.36201],[-71.47159,-16.36191],[-71.47118,-16.36173],[-71.47088,-16.36169],[-71.47059,-16.36161],[-71.47028,-16.36145],[-71.46994,-16.36132],[-71.46966,-16.36127],[-71.46937,-16.36122],[-71.46897,-16.3612],[-71.46863,-16.36111],[-71.46842,-16.36099],[-71.46808,-16.36079],[-71.46773,-16.36055],[-71.46744,-16.36034],[-71.46724,-16.3602],[-71.46786,-16.35965],[-71.46813,-16.3599],[-71.46843,-16.36012],[-71.46867,-16.36027],[-71.46896,-16.36044],[-71.46923,-16.36052],[-71.46949,-16.3605],[-71.46979,-16.36049],[-71.4701,-16.36059],[-71.47052,-16.36069],[-71.47083,-16.3607],[-71.47109,-16.36072],[-71.47139,-16.36086],[-71.47167,-16.36096],[-71.47204,-16.36103],[-71.47237,-16.36101],[-71.47269,-16.36112],[-71.47284,-16.36134],[-71.47308,-16.36168],[-71.47338,-16.36186],[-71.47375,-16.36203],[-71.47409,-16.36219],[-71.47441,-16.36226],[-71.47484,-16.36248],[-71.47533,-16.3627],[-71.47555,-16.36287],[-71.47587,-16.36303],[-71.47622,-16.36309],[-71.47653,-16.3631],[-71.47696,-16.36325],[-71.47728,-16.36345],[-71.47775,-16.36362],[-71.47813,-16.36368],[-71.47847,-16.36368],[-71.479,-16.36381],[-71.47932,-16.36392],[-71.47988,-16.36403],[-71.48029,-16.36406],[-71.4807,-16.36412],[-71.48109,-16.36414],[-71.48148,-16.3641],[-71.4818,-16.36419],[-71.482,-16.36453],[-71.48217,-16.36484],[-71.48246,-16.36511],[-71.48282,-16.36538],[-71.48337,-16.36569],[-71.48378,-16.36588]]]}},{"type":"Feature","properties":{"Name":"LAGUNA ARICOTA","description":"","OBJECTID":"189136","CODIGO":"FM000017","NOMBRE":"LAGUNA ARICOTA","ZONA":"19","HAS":"1134.0119","ZONEX":"19","NORMA":"LEY N\u00b0 29338","ARCHIVO":"LG26J4905","FEC_ING":"09/06/2026","ENTIDAD":"AUTORIDAD NACIONAL DEL AGUA","EST_GRAF":"SIN INF. COMPLETA","LEYENDA":"SIN INF. COMPLETA","SHAPE.AREA":"0.0009643985543673861","SHAPE.LEN":"0.201595840832405","FEC_PUB":"1238475600000","MINERIA":"NO","TP_AREA":"FAJA MARGINAL","NM_AREA":"LAGUNA ARICOTA - FAJA MARGINAL","CREATOR":"WVAL0398","CREATIONDA":"1781018604000","EDITOR":"WVAL0398","EDITDATE":"1781018604000","IDENTI":"469f061fa3c84e9f8b13666a75881d02","ESTILO":"ZONA RESERVADA"},"geometry":{"type":"Polygon","coordinates":[[[-70.24571,-17.33956],[-70.24613,-17.33966],[-70.24681,-17.3396],[-70.24762,-17.33943],[-70.24769,-17.33892],[-70.24804,-17.33856],[-70.24865,-17.33814],[-70.2494,-17.33764],[-70.25008,-17.33732],[-70.25059,-17.33713],[-70.25132,-17.337],[-70.25224,-17.33691],[-70.25298,-17.33679],[-70.25374,-17.33688],[-70.25433,-17.33708],[-70.25485,-17.3364],[-70.2561,-17.33569],[-70.25736,-17.33617],[-70.25811,-17.33511],[-70.25902,-17.33425],[-70.25991,-17.33419],[-70.26064,-17.33425],[-70.26107,-17.33449],[-70.26115,-17.33494],[-70.26123,-17.33562],[-70.26203,-17.33573],[-70.26256,-17.33637],[-70.26249,-17.33728],[-70.26258,-17.33781],[-70.2628,-17.33826],[-70.26354,-17.33787],[-70.26411,-17.33836],[-70.26429,-17.33877],[-70.26454,-17.33902],[-70.26504,-17.33883],[-70.26546,-17.33843],[-70.26579,-17.33825],[-70.26623,-17.33824],[-70.26651,-17.33834],[-70.26677,-17.33838],[-70.26722,-17.33823],[-70.26751,-17.33819],[-70.26785,-17.33808],[-70.26808,-17.33796],[-70.26829,-17.33786],[-70.2687,-17.33788],[-70.26907,-17.33793],[-70.26966,-17.33806],[-70.27029,-17.3384],[-70.27074,-17.33865],[-70.27117,-17.33882],[-70.27163,-17.33886],[-70.27197,-17.33897],[-70.27223,-17.33918],[-70.27253,-17.33946],[-70.27271,-17.33975],[-70.27287,-17.34002],[-70.27311,-17.34022],[-70.27334,-17.34034],[-70.27358,-17.34049],[-70.27385,-17.34072],[-70.27407,-17.34093],[-70.27435,-17.3413],[-70.27451,-17.34159],[-70.2747,-17.34186],[-70.27486,-17.34215],[-70.27497,-17.34256],[-70.27499,-17.34311],[-70.27494,-17.34373],[-70.27487,-17.34402],[-70.27488,-17.34441],[-70.27518,-17.34462],[-70.27544,-17.34477],[-70.27575,-17.34496],[-70.27626,-17.34518],[-70.27651,-17.34514],[-70.27682,-17.34516],[-70.27714,-17.34525],[-70.27743,-17.34535],[-70.27761,-17.34543],[-70.27779,-17.34549],[-70.27796,-17.34553],[-70.27813,-17.34557],[-70.27832,-17.34564],[-70.27851,-17.34571],[-70.27879,-17.34578],[-70.27923,-17.34586],[-70.27963,-17.34588],[-70.28001,-17.34585],[-70.2805,-17.34577],[-70.28099,-17.34599],[-70.2814,-17.34625],[-70.28199,-17.34641],[-70.28252,-17.34643],[-70.28313,-17.34652],[-70.28336,-17.34687],[-70.28347,-17.34708],[-70.28353,-17.34723],[-70.28362,-17.34742],[-70.28389,-17.34791],[-70.28401,-17.34814],[-70.2841,-17.34834],[-70.28421,-17.34856],[-70.28429,-17.34874],[-70.28435,-17.34897],[-70.28443,-17.34919],[-70.28452,-17.34933],[-70.28466,-17.34951],[-70.28482,-17.3497],[-70.28498,-17.34986],[-70.28522,-17.35018],[-70.28547,-17.35044],[-70.28567,-17.35072],[-70.28576,-17.3509],[-70.28587,-17.35114],[-70.286,-17.3514],[-70.28623,-17.35146],[-70.28639,-17.35145],[-70.28657,-17.35153],[-70.2868,-17.35161],[-70.28697,-17.3517],[-70.28712,-17.35182],[-70.28728,-17.3519],[-70.28746,-17.35197],[-70.28768,-17.352],[-70.28787,-17.35192],[-70.28795,-17.35182],[-70.28804,-17.3517],[-70.28812,-17.35158],[-70.2882,-17.35147],[-70.28836,-17.35128],[-70.28845,-17.35115],[-70.28855,-17.35101],[-70.28869,-17.3509],[-70.28877,-17.35084],[-70.28907,-17.3508],[-70.2892,-17.35082],[-70.28931,-17.35086],[-70.28954,-17.35093],[-70.28968,-17.35102],[-70.2898,-17.35115],[-70.28987,-17.35125],[-70.28995,-17.35138],[-70.29002,-17.35151],[-70.29012,-17.3517],[-70.29019,-17.35188],[-70.29026,-17.35208],[-70.29033,-17.35226],[-70.29052,-17.35238],[-70.29062,-17.35253],[-70.29077,-17.35269],[-70.29102,-17.35273],[-70.2912,-17.35275],[-70.29141,-17.35272],[-70.29161,-17.3528],[-70.29179,-17.3529],[-70.29201,-17.35298],[-70.29216,-17.35299],[-70.29233,-17.35302],[-70.29249,-17.35304],[-70.29266,-17.35305],[-70.29286,-17.35299],[-70.29307,-17.35295],[-70.29332,-17.35303],[-70.29353,-17.35309],[-70.29373,-17.35319],[-70.29396,-17.35329],[-70.29413,-17.35339],[-70.29431,-17.35347],[-70.2945,-17.35347],[-70.29469,-17.35343],[-70.29481,-17.35339],[-70.295,-17.35341],[-70.29518,-17.35352],[-70.29528,-17.35367],[-70.29534,-17.35385],[-70.29544,-17.35407],[-70.29575,-17.35402],[-70.296,-17.35408],[-70.29615,-17.35423],[-70.29623,-17.35442],[-70.29633,-17.35454],[-70.29648,-17.35454],[-70.29664,-17.35452],[-70.29681,-17.35453],[-70.297,-17.35453],[-70.29715,-17.35451],[-70.29732,-17.3545],[-70.29751,-17.35448],[-70.29762,-17.35447],[-70.29772,-17.35449],[-70.29783,-17.35451],[-70.29796,-17.35454],[-70.29811,-17.35455],[-70.29829,-17.35454],[-70.29847,-17.35446],[-70.29861,-17.35437],[-70.29874,-17.35435],[-70.29894,-17.35438],[-70.29916,-17.35439],[-70.29934,-17.35439],[-70.29951,-17.35437],[-70.29965,-17.35436],[-70.29985,-17.35437],[-70.30006,-17.35434],[-70.30019,-17.35433],[-70.30034,-17.35437],[-70.30054,-17.35439],[-70.3008,-17.35435],[-70.30106,-17.35438],[-70.30137,-17.3544],[-70.30167,-17.35442],[-70.30201,-17.35443],[-70.30226,-17.35444],[-70.30256,-17.35444],[-70.30281,-17.35443],[-70.3031,-17.35447],[-70.30336,-17.35454],[-70.3037,-17.35463],[-70.304,-17.35468],[-70.30427,-17.35469],[-70.30445,-17.35469],[-70.30469,-17.3547],[-70.30486,-17.35472],[-70.305,-17.35474],[-70.30514,-17.35476],[-70.30526,-17.3548],[-70.30546,-17.35481],[-70.30562,-17.35482],[-70.30575,-17.3549],[-70.30583,-17.35507],[-70.30587,-17.35542],[-70.30586,-17.35571],[-70.30583,-17.35602],[-70.3058,-17.35634],[-70.30577,-17.35662],[-70.30579,-17.35687],[-70.30605,-17.3571],[-70.30634,-17.35723],[-70.3066,-17.35729],[-70.30686,-17.35738],[-70.30708,-17.35745],[-70.30725,-17.3575],[-70.30743,-17.35751],[-70.30759,-17.35748],[-70.30771,-17.35745],[-70.30789,-17.3574],[-70.30804,-17.35736],[-70.30819,-17.35731],[-70.30838,-17.35716],[-70.30853,-17.35705],[-70.30865,-17.35692],[-70.30874,-17.35673],[-70.30887,-17.35662],[-70.30908,-17.35653],[-70.30929,-17.35646],[-70.30942,-17.35636],[-70.30954,-17.35626],[-70.30963,-17.35616],[-70.30971,-17.35607],[-70.30978,-17.35598],[-70.30986,-17.35587],[-70.31012,-17.35585],[-70.31027,-17.35595],[-70.31042,-17.35609],[-70.31052,-17.35622],[-70.31062,-17.35633],[-70.31074,-17.35641],[-70.31089,-17.35649],[-70.31103,-17.35655],[-70.31121,-17.35661],[-70.31135,-17.35663],[-70.31168,-17.35664],[-70.3119,-17.35661],[-70.31232,-17.35653],[-70.31271,-17.35641],[-70.31305,-17.35627],[-70.31339,-17.35616],[-70.31376,-17.35619],[-70.31394,-17.35631],[-70.31418,-17.35636],[-70.3144,-17.35625],[-70.31459,-17.35609],[-70.31483,-17.35606],[-70.31498,-17.35607],[-70.31521,-17.35606],[-70.31544,-17.35605],[-70.31561,-17.35605],[-70.31584,-17.35605],[-70.31606,-17.35605],[-70.31664,-17.35613],[-70.31706,-17.35667],[-70.31772,-17.35715],[-70.3185,-17.35796],[-70.31903,-17.35946],[-70.31901,-17.36069],[-70.31848,-17.36127],[-70.31747,-17.36229],[-70.31712,-17.36272],[-70.31688,-17.36316],[-70.31663,-17.36371],[-70.31646,-17.36422],[-70.31626,-17.36467],[-70.31601,-17.3651],[-70.31594,-17.36575],[-70.31576,-17.36686],[-70.31572,-17.36745],[-70.31559,-17.36787],[-70.3154,-17.36832],[-70.31513,-17.36874],[-70.31475,-17.36904],[-70.31421,-17.36935],[-70.31383,-17.36966],[-70.31346,-17.37006],[-70.31308,-17.37041],[-70.31247,-17.37063],[-70.31187,-17.37082],[-70.31128,-17.37111],[-70.31088,-17.37131],[-70.31052,-17.37149],[-70.31006,-17.37151],[-70.30972,-17.37153],[-70.30944,-17.37154],[-70.30922,-17.37161],[-70.30894,-17.37164],[-70.30854,-17.37158],[-70.30814,-17.37167],[-70.3073,-17.37154],[-70.30633,-17.37128],[-70.30538,-17.37127],[-70.30465,-17.37124],[-70.30414,-17.37164],[-70.30333,-17.37185],[-70.30267,-17.37209],[-70.302,-17.3727],[-70.30141,-17.37283],[-70.30081,-17.37301],[-70.30002,-17.37282],[-70.29919,-17.3724],[-70.2982,-17.37213],[-70.29754,-17.37204],[-70.29648,-17.3704],[-70.29609,-17.36935],[-70.29513,-17.36889],[-70.29393,-17.36894],[-70.29283,-17.36826],[-70.2923,-17.36702],[-70.29227,-17.36651],[-70.29253,-17.36565],[-70.29257,-17.36502],[-70.29171,-17.36474],[-70.29088,-17.36434],[-70.28978,-17.36459],[-70.28851,-17.36452],[-70.28724,-17.36423],[-70.28582,-17.36388],[-70.28479,-17.36339],[-70.28383,-17.36261],[-70.28288,-17.36201],[-70.28181,-17.36138],[-70.28101,-17.36164],[-70.27981,-17.36165],[-70.27883,-17.36124],[-70.27805,-17.36032],[-70.27774,-17.35931],[-70.27685,-17.35823],[-70.27615,-17.35744],[-70.27513,-17.35726],[-70.27369,-17.35706],[-70.27229,-17.35708],[-70.27095,-17.35713],[-70.27017,-17.35758],[-70.2696,-17.35796],[-70.26663,-17.35714],[-70.26594,-17.35589],[-70.26641,-17.35447],[-70.26663,-17.3533],[-70.2662,-17.35213],[-70.26539,-17.35125],[-70.26502,-17.35049],[-70.26498,-17.34961],[-70.26473,-17.34875],[-70.26471,-17.3477],[-70.26362,-17.34776],[-70.26283,-17.34771],[-70.26199,-17.34814],[-70.26105,-17.34829],[-70.26009,-17.34815],[-70.25919,-17.34774],[-70.25842,-17.34736],[-70.25765,-17.34674],[-70.25679,-17.34605],[-70.25648,-17.34534],[-70.25561,-17.34511],[-70.25426,-17.34444],[-70.25327,-17.3442],[-70.25239,-17.34375],[-70.25194,-17.34343],[-70.25144,-17.34305],[-70.25078,-17.34273],[-70.25025,-17.342],[-70.24778,-17.34195],[-70.2473,-17.34216],[-70.24595,-17.34222],[-70.24471,-17.34232],[-70.24364,-17.34193],[-70.24307,-17.34157],[-70.24571,-17.33956]]]}},{"type":"Feature","properties":{"Name":"DREN DEL VASO REGULADOR EL ALTO","description":"","OBJECTID":"189441","CODIGO":"FM000016","NOMBRE":"DREN DEL VASO REGULADOR EL ALTO","ZONA":"18","HAS":"5.5151","ZONEX":"18","NORMA":"LEY N\u00b0 29338","ARCHIVO":"DV26J4804","FEC_ING":"09/06/2026","ENTIDAD":"AUTORIDAD NACIONAL DEL AGUA","EST_GRAF":"SIN INF. COMPLETA","LEYENDA":"SIN INF. COMPLETA","SHAPE.AREA":"4.657403760009499e-06","SHAPE.LEN":"0.0252933975455239","FEC_PUB":"1238475600000","MINERIA":"NO","TP_AREA":"FAJA MARGINAL","NM_AREA":"DREN DEL VASO REGULADOR EL ALTO - FAJA MARGINAL","CREATOR":"WVAL0398","CREATIONDA":"1781018921000","EDITOR":"WVAL0398","EDITDATE":"1781018921000","IDENTI":"6f6f8e0e2e12453dbf1997483134fa20","ESTILO":"ZONA RESERVADA"},"geometry":{"type":"Polygon","coordinates":[[[-72.14667,-16.34739],[-72.14616,-16.34707],[-72.1456,-16.34703],[-72.14511,-16.34701],[-72.14495,-16.34747],[-72.14473,-16.34797],[-72.14478,-16.34868],[-72.14485,-16.34937],[-72.14429,-16.35021],[-72.14413,-16.35051],[-72.14234,-16.35142],[-72.14091,-16.35213],[-72.13885,-16.35315],[-72.1382,-16.35346],[-72.13796,-16.35286],[-72.13868,-16.35281],[-72.1407,-16.3518],[-72.14214,-16.35108],[-72.1438,-16.35025],[-72.14397,-16.34997],[-72.14445,-16.34929],[-72.1444,-16.34864],[-72.14437,-16.3479],[-72.14463,-16.34724],[-72.14483,-16.34664],[-72.1453,-16.34666],[-72.14602,-16.34667],[-72.1462,-16.34671],[-72.14645,-16.34683],[-72.14667,-16.34739]]]}},{"type":"Feature","properties":{"Name":"FAJAS MARGINALES","description":"","OBJECTID":"148957","CODIGO":"OT000022","NOMBRE":"FAJAS MARGINALES","CATEGORI":" ","CLASE":" ","ZONA":"19","HAS":"49705.840299999996","ZONEX":"19","OBS":"R.A. N\u00ba 003-96-MA-DSRA-ATDR-RI","NORMA":"LEY N\u00b0 29338","ARCHIVO":"FM69S04","FEC_ING":"2008-09-10","ENTIDAD":"GOBIERNO REGIONAL DE MADRE DE DIOS","USO":" ","EST_GRAF":"CON INF. COMPLETA","LEYENDA":"CON INF. COMPLETA","SHAPE.AREA":"0.0413786797356578","SHAPE.LEN":"127.83523044117","FEC_PUB":"1238475600000","MINERIA":"NO","TP_AREA":"FAJA MARGINAL","ORDENANZA":" ","NM_AREA":"FAJAS MARGINALES - FAJA MARGINAL","EDITOR":" ","IDENTI":"688f7051d825414c9c87abf29a1da2e4","ESTILO":"ZONA RESERVADA"},"geometry":{"type":"Polygon","coordinates":[[[-70.23604,-11.82262],[-70.23544,-11.82136],[-70.23403,-11.81938],[-70.23437,-11.81728],[-70.23493,-11.81621],[-70.23533,-11.81591],[-70.23661,-11.816],[-70.23871,-11.81754],[-70.24123,-11.81889],[-70.24381,-11.8201],[-70.24506,-11.82044],[-70.2465,-11.82014],[-70.24936,-11.81849],[-70.25128,-11.81743],[-70.25436,-11.81654],[-70.25688,-11.81622],[-70.25904,-11.81652],[-70.26035,-11.81842],[-70.26131,-11.82029],[-70.26321,-11.82186],[-70.26617,-11.82342],[-70.26859,-11.82399],[-70.26954,-11.82411],[-70.26986,-11.82407],[-70.27276,-11.82342],[-70.27359,-11.82281],[-70.27397,-11.82189],[-70.27374,-11.82101],[-70.27347,-11.82045],[-70.2723,-11.81876],[-70.26917,-11.81565],[-70.26751,-11.81326],[-70.26599,-11.80873],[-70.26529,-11.80607],[-70.26313,-11.80087],[-70.26285,-11.79866],[-70.26103,-11.79576],[-70.25944,-11.79472],[-70.25671,-11.79373],[-70.2548,-11.79268],[-70.25252,-11.79168],[-70.25206,-11.79076],[-70.25239,-11.7898],[-70.25422,-11.78638],[-70.25479,-11.78452],[-70.25549,-11.78424],[-70.25664,-11.78483],[-70.25892,-11.78663],[-70.26598,-11.78938],[-70.26916,-11.78911],[-70.2703,-11.78839],[-70.27222,-11.78596],[-70.27598,-11.7825],[-70.2772,-11.78206],[-70.27866,-11.78271],[-70.28092,-11.78513],[-70.28199,-11.78605],[-70.28292,-11.78649],[-70.28334,-11.78649],[-70.28486,-11.78596],[-70.28672,-11.78375],[-70.28705,-11.78239],[-70.28665,-11.7794],[-70.28613,-11.77777],[-70.28464,-11.77609],[-70.28246,-11.77504],[-70.28016,-11.7741],[-70.27806,-11.77305],[-70.27704,-11.77188],[-70.27669,-11.77086],[-70.27673,-11.76939],[-70.27701,-11.76862],[-70.27874,-11.76685],[-70.28,-11.76625],[-70.28209,-11.76581],[-70.28398,-11.76498],[-70.28591,-11.76321],[-70.28645,-11.76114],[-70.28738,-11.75853],[-70.28911,-11.75605],[-70.29129,-11.75455],[-70.29268,-11.75405],[-70.29559,-11.75353],[-70.29799,-11.75273],[-70.29994,-11.75157],[-70.3025,-11.74924],[-70.30465,-11.7462],[-70.30574,-11.74402],[-70.30956,-11.73933],[-70.3118,-11.73785],[-70.31469,-11.73681],[-70.31822,-11.73541],[-70.3219,-11.73417],[-70.32941,-11.73193],[-70.33043,-11.73196],[-70.3316,-11.73234],[-70.33204,-11.73301],[-70.33269,-11.7363],[-70.33341,-11.73934],[-70.33479,-11.74301],[-70.33607,-11.7453],[-70.33726,-11.74678],[-70.34012,-11.74946],[-70.34204,-11.75014],[-70.34319,-11.74983],[-70.34575,-11.74768],[-70.34795,-11.74468],[-70.34883,-11.74267],[-70.35031,-11.73802],[-70.35007,-11.73487],[-70.34946,-11.73205],[-70.3496,-11.73039],[-70.3502,-11.72945],[-70.35116,-11.72885],[-70.35238,-11.72873],[-70.36256,-11.73136],[-70.3653,-11.73168],[-70.36687,-11.73135],[-70.36732,-11.73068],[-70.36726,-11.72971],[-70.36675,-11.7284],[-70.366,-11.72717],[-70.3646,-11.72465],[-70.36444,-11.72306],[-70.36465,-11.71832],[-70.365,-11.7172],[-70.36568,-11.71685],[-70.36721,-11.71703],[-70.36922,-11.71784],[-70.3727,-11.71842],[-70.37667,-11.71825],[-70.37962,-11.71747],[-70.38083,-11.71682],[-70.38324,-11.71374],[-70.38404,-11.71323],[-70.38385,-11.71405],[-70.38211,-11.71644],[-70.38204,-11.71653],[-70.38129,-11.71727],[-70.38117,-11.71736],[-70.38043,-11.7178],[-70.37989,-11.71805],[-70.37987,-11.71806],[-70.37828,-11.71857],[-70.37821,-11.71858],[-70.37673,-11.71888],[-70.37375,-11.71906],[-70.37371,-11.71906],[-70.3727,-11.71905],[-70.37128,-11.71892],[-70.37121,-11.71891],[-70.36905,-11.71844],[-70.36817,-11.71818],[-70.3681,-11.71815],[-70.36697,-11.71762],[-70.36581,-11.71748],[-70.36549,-11.71763],[-70.36529,-11.71836],[-70.3653,-11.72098],[-70.36508,-11.72308],[-70.36522,-11.72446],[-70.36652,-11.7268],[-70.36656,-11.72686],[-70.36727,-11.72803],[-70.36737,-11.72824],[-70.36783,-11.72943],[-70.36785,-11.72946],[-70.36798,-11.72999],[-70.36799,-11.73013],[-70.36796,-11.73071],[-70.36792,-11.7309],[-70.36777,-11.73128],[-70.36766,-11.73145],[-70.36763,-11.73149],[-70.36732,-11.7318],[-70.36704,-11.73196],[-70.36605,-11.73223],[-70.36537,-11.73231],[-70.36528,-11.73231],[-70.36453,-11.73227],[-70.36448,-11.73226],[-70.36242,-11.73197],[-70.35608,-11.73021],[-70.35191,-11.72937],[-70.35105,-11.72958],[-70.35045,-11.73015],[-70.35007,-11.7313],[-70.35033,-11.73363],[-70.35068,-11.73469],[-70.35105,-11.73653],[-70.35106,-11.73671],[-70.35094,-11.7381],[-70.35029,-11.74108],[-70.35025,-11.7412],[-70.34943,-11.7429],[-70.34917,-11.74371],[-70.34852,-11.74497],[-70.34847,-11.74504],[-70.3467,-11.74754],[-70.34624,-11.74809],[-70.34619,-11.74813],[-70.34466,-11.74957],[-70.34459,-11.74963],[-70.34348,-11.75038],[-70.34314,-11.75055],[-70.34311,-11.75056],[-70.34217,-11.75076],[-70.34203,-11.75077],[-70.34115,-11.75075],[-70.34083,-11.75065],[-70.33973,-11.74996],[-70.33914,-11.74947],[-70.3391,-11.74944],[-70.3368,-11.74721],[-70.33618,-11.74653],[-70.33614,-11.74648],[-70.33554,-11.74565],[-70.3348,-11.74447],[-70.33477,-11.74442],[-70.33421,-11.74327],[-70.33303,-11.74026],[-70.33301,-11.74022],[-70.33279,-11.73951],[-70.3325,-11.73805],[-70.33206,-11.73641],[-70.3319,-11.73494],[-70.33128,-11.73294],[-70.33101,-11.73274],[-70.32967,-11.73254],[-70.32512,-11.73398],[-70.32509,-11.73399],[-70.31973,-11.73547],[-70.31845,-11.736],[-70.31628,-11.73677],[-70.31492,-11.73739],[-70.31302,-11.73803],[-70.31089,-11.73913],[-70.30823,-11.7416],[-70.30558,-11.74567],[-70.30523,-11.74646],[-70.30469,-11.74742],[-70.30464,-11.74749],[-70.30296,-11.74968],[-70.30159,-11.75108],[-70.30158,-11.75108],[-70.30034,-11.75206],[-70.30029,-11.7521],[-70.29889,-11.75299],[-70.29829,-11.7533],[-70.29821,-11.75333],[-70.2965,-11.75395],[-70.29578,-11.75413],[-70.29441,-11.75459],[-70.29278,-11.75467],[-70.29161,-11.7551],[-70.28956,-11.7565],[-70.28796,-11.75881],[-70.28708,-11.76127],[-70.2868,-11.76281],[-70.28679,-11.76284],[-70.28648,-11.76349],[-70.28612,-11.76406],[-70.28598,-11.76421],[-70.28432,-11.76552],[-70.28311,-11.76613],[-70.28303,-11.76616],[-70.28227,-11.76642],[-70.28107,-11.76661],[-70.27968,-11.76706],[-70.2781,-11.76814],[-70.27744,-11.7692],[-70.27731,-11.77022],[-70.27738,-11.77106],[-70.27809,-11.77227],[-70.27941,-11.77314],[-70.28042,-11.77353],[-70.28126,-11.77394],[-70.28269,-11.77446],[-70.28437,-11.77516],[-70.28448,-11.77522],[-70.28507,-11.77562],[-70.28617,-11.77665],[-70.28618,-11.77665],[-70.28668,-11.77745],[-70.28672,-11.77753],[-70.28702,-11.77823],[-70.28705,-11.77833],[-70.2877,-11.78054],[-70.28773,-11.78074],[-70.28769,-11.78241],[-70.28769,-11.78246],[-70.28757,-11.78337],[-70.28731,-11.78399],[-70.28731,-11.78399],[-70.28629,-11.78538],[-70.28624,-11.78544],[-70.28532,-11.7864],[-70.28514,-11.78653],[-70.28449,-11.78684],[-70.28439,-11.78688],[-70.28335,-11.78712],[-70.28293,-11.78712],[-70.28293,-11.78712],[-70.28235,-11.78699],[-70.28218,-11.78692],[-70.28133,-11.78638],[-70.28048,-11.78559],[-70.28044,-11.78556],[-70.27829,-11.78323],[-70.2772,-11.78271],[-70.27637,-11.78301],[-70.27271,-11.78637],[-70.27146,-11.78802],[-70.27078,-11.7888],[-70.27074,-11.78884],[-70.27025,-11.78929],[-70.26944,-11.78969],[-70.26941,-11.7897],[-70.26753,-11.79006],[-70.2674,-11.79006],[-70.26595,-11.79001],[-70.26579,-11.78998],[-70.26312,-11.78916],[-70.2631,-11.78915],[-70.25865,-11.78721],[-70.25743,-11.78644],[-70.25733,-11.78636],[-70.25565,-11.78491],[-70.25539,-11.7849],[-70.25518,-11.78509],[-70.25481,-11.78662],[-70.25479,-11.78666],[-70.25328,-11.78964],[-70.25294,-11.79013],[-70.25272,-11.7907],[-70.25296,-11.7912],[-70.25503,-11.79209],[-70.25509,-11.79212],[-70.25582,-11.79248],[-70.25697,-11.79315],[-70.25848,-11.79362],[-70.2585,-11.79362],[-70.2597,-11.79414],[-70.26037,-11.7945],[-70.26045,-11.79454],[-70.26148,-11.79531],[-70.26258,-11.79666],[-70.26265,-11.79678],[-70.26343,-11.7984],[-70.26348,-11.79854],[-70.26368,-11.79963],[-70.26377,-11.80074],[-70.26588,-11.80581],[-70.2659,-11.80587],[-70.2664,-11.80734],[-70.26662,-11.80861],[-70.26809,-11.81299],[-70.26965,-11.81524],[-70.27275,-11.81831],[-70.27275,-11.81831],[-70.27371,-11.8195],[-70.27379,-11.81962],[-70.27442,-11.82095],[-70.27443,-11.82097],[-70.2746,-11.82177],[-70.2746,-11.82203],[-70.27445,-11.82266],[-70.27411,-11.82316],[-70.27404,-11.82325],[-70.27375,-11.82353],[-70.27364,-11.82362],[-70.27301,-11.82401],[-70.27097,-11.82457],[-70.27088,-11.82459],[-70.26955,-11.82475],[-70.26914,-11.8247],[-70.26732,-11.82445],[-70.26597,-11.82402],[-70.26593,-11.824],[-70.264,-11.82293],[-70.2629,-11.82241],[-70.26118,-11.8211],[-70.26109,-11.82101],[-70.2608,-11.82067],[-70.26033,-11.81991],[-70.26029,-11.81984],[-70.25921,-11.81767],[-70.25826,-11.8169],[-70.2556,-11.81696],[-70.25238,-11.81768],[-70.25052,-11.8185],[-70.24863,-11.81991],[-70.24847,-11.82],[-70.24675,-11.82072],[-70.24667,-11.82075],[-70.24553,-11.82104],[-70.24509,-11.82108],[-70.24506,-11.82108],[-70.2445,-11.82099],[-70.24439,-11.82097],[-70.24359,-11.82069],[-70.24352,-11.82066],[-70.241,-11.81948],[-70.24094,-11.81946],[-70.23953,-11.81876],[-70.23838,-11.81808],[-70.23829,-11.81802],[-70.23634,-11.81658],[-70.23555,-11.81652],[-70.23545,-11.8166],[-70.23499,-11.81746],[-70.23467,-11.81922],[-70.23594,-11.82097],[-70.23597,-11.82101],[-70.23645,-11.82174],[-70.23666,-11.82244],[-70.23668,-11.82262],[-70.23667,-11.82358],[-70.23666,-11.82371],[-70.23652,-11.82426],[-70.23651,-11.82428],[-70.23609,-11.82523],[-70.23567,-11.82593],[-70.23394,-11.82983],[-70.23395,-11.83226],[-70.23467,-11.83391],[-70.23621,-11.83593],[-70.23844,-11.83755],[-70.23975,-11.83821],[-70.24014,-11.83848],[-70.24025,-11.83859],[-70.24047,-11.83887],[-70.24071,-11.83934],[-70.24073,-11.83937],[-70.24086,-11.84016],[-70.24086,-11.84025],[-70.24085,-11.84067],[-70.24084,-11.8408],[-70.24069,-11.84137],[-70.24067,-11.84141],[-70.24025,-11.84221],[-70.23966,-11.84288],[-70.23962,-11.84291],[-70.23742,-11.8451],[-70.2374,-11.84512],[-70.2372,-11.84526],[-70.23718,-11.84526],[-70.23643,-11.84555],[-70.23445,-11.84616],[-70.22991,-11.84788],[-70.22911,-11.8487],[-70.22834,-11.85056],[-70.22832,-11.85446],[-70.22832,-11.85447],[-70.22822,-11.85542],[-70.22821,-11.85551],[-70.22788,-11.85677],[-70.22787,-11.85678],[-70.22715,-11.85841],[-70.22622,-11.85989],[-70.22573,-11.86083],[-70.22431,-11.86295],[-70.22429,-11.86299],[-70.22331,-11.86425],[-70.22256,-11.86504],[-70.22252,-11.86508],[-70.22027,-11.86709],[-70.21966,-11.86745],[-70.21887,-11.8681],[-70.21793,-11.86869],[-70.21784,-11.86874],[-70.21618,-11.86946],[-70.21604,-11.8695],[-70.21409,-11.86986],[-70.21328,-11.86991],[-70.21324,-11.86991],[-70.2127,-11.86987],[-70.21263,-11.86986],[-70.21037,-11.86941],[-70.21032,-11.86939],[-70.20972,-11.86906],[-70.2097,-11.86904],[-70.20932,-11.86858],[-70.20908,-11.86805],[-70.20907,-11.86804],[-70.20885,-11.86726],[-70.20883,-11.86719],[-70.20857,-11.86547],[-70.20857,-11.86544],[-70.2086,-11.86481],[-70.20872,-11.86406],[-70.20877,-11.86392],[-70.20943,-11.8624],[-70.20949,-11.8623],[-70.21241,-11.85757],[-70.21307,-11.85508],[-70.21304,-11.8544],[-70.21282,-11.85414],[-70.21221,-11.85415],[-70.21091,-11.8548],[-70.20925,-11.85671],[-70.20862,-11.85836],[-70.20877,-11.85973],[-70.20878,-11.85978],[-70.20889,-11.8612],[-70.20889,-11.86121],[-70.20889,-11.86328],[-70.2086,-11.8645],[-70.20852,-11.86469],[-70.20788,-11.86566],[-70.20708,-11.86659],[-70.20705,-11.86662],[-70.2062,-11.86719],[-70.20614,-11.86723],[-70.20416,-11.86821],[-70.20403,-11.86826],[-70.20346,-11.86838],[-70.20143,-11.86849],[-70.20137,-11.86849],[-70.20055,-11.86844],[-70.19987,-11.86822],[-70.19985,-11.86821],[-70.19927,-11.86789],[-70.19918,-11.86782],[-70.19859,-11.86731],[-70.19851,-11.86723],[-70.19793,-11.86644],[-70.19737,-11.86528],[-70.19735,-11.86525],[-70.19706,-11.86411],[-70.19705,-11.86399],[-70.19706,-11.86576],[-70.19706,-11.86578],[-70.1967,-11.86722],[-70.19668,-11.86729],[-70.19481,-11.8728],[-70.19447,-11.87502],[-70.19427,-11.87591],[-70.19451,-11.87787],[-70.19496,-11.87993],[-70.19515,-11.88137],[-70.19516,-11.88143],[-70.19519,-11.8823],[-70.19518,-11.88237],[-70.19505,-11.88352],[-70.19504,-11.88354],[-70.19489,-11.88388],[-70.1943,-11.88471],[-70.19421,-11.88481],[-70.1936,-11.88534],[-70.1935,-11.88541],[-70.19302,-11.88568],[-70.19214,-11.88592],[-70.19202,-11.88594],[-70.18995,-11.8861],[-70.18986,-11.8861],[-70.18911,-11.88601],[-70.18868,-11.88588],[-70.18865,-11.88587],[-70.18764,-11.88516],[-70.18748,-11.88501],[-70.18594,-11.88305],[-70.18587,-11.88296],[-70.18435,-11.88073],[-70.18382,-11.88047],[-70.17924,-11.87998],[-70.17904,-11.87993],[-70.1779,-11.87946],[-70.17722,-11.8793],[-70.17721,-11.8793],[-70.17688,-11.87916],[-70.17625,-11.87874],[-70.17619,-11.87869],[-70.17374,-11.87692],[-70.17248,-11.87664],[-70.17191,-11.87679],[-70.1714,-11.87734],[-70.1711,-11.87814],[-70.17121,-11.87942],[-70.17264,-11.88113],[-70.17265,-11.88114],[-70.17411,-11.88322],[-70.17474,-11.88395],[-70.17501,-11.88431],[-70.17524,-11.88466],[-70.1759,-11.886],[-70.17591,-11.88603],[-70.17616,-11.8868],[-70.17618,-11.88687],[-70.17631,-11.88754],[-70.17638,-11.88875],[-70.17638,-11.88879],[-70.17612,-11.88992],[-70.17608,-11.89003],[-70.17576,-11.89068],[-70.17572,-11.89075],[-70.17524,-11.89143],[-70.17448,-11.89198],[-70.17434,-11.89206],[-70.17364,-11.89232],[-70.17356,-11.89234],[-70.17282,-11.8925],[-70.17142,-11.89253],[-70.17141,-11.89253],[-70.17076,-11.89244],[-70.17065,-11.89241],[-70.16887,-11.89187],[-70.16874,-11.89182],[-70.16796,-11.89141],[-70.16689,-11.89049],[-70.16581,-11.8898],[-70.16478,-11.88903],[-70.16407,-11.88882],[-70.16349,-11.88913],[-70.16265,-11.89027],[-70.16227,-11.89147],[-70.16205,-11.89312],[-70.16187,-11.89356],[-70.16187,-11.89356],[-70.16153,-11.89411],[-70.16147,-11.89419],[-70.16081,-11.89495],[-70.16066,-11.89508],[-70.16008,-11.8954],[-70.15914,-11.8958],[-70.15913,-11.89581],[-70.1587,-11.89592],[-70.15854,-11.89594],[-70.15709,-11.89593],[-70.15703,-11.89592],[-70.15138,-11.89539],[-70.14857,-11.89572],[-70.14702,-11.8964],[-70.14534,-11.89885],[-70.14528,-11.89893],[-70.14473,-11.89959],[-70.1447,-11.89963],[-70.1439,-11.90031],[-70.14279,-11.90112],[-70.14274,-11.90116],[-70.14102,-11.90216],[-70.13869,-11.90271],[-70.13863,-11.90272],[-70.13744,-11.90288],[-70.13552,-11.90292],[-70.13038,-11.90341],[-70.12754,-11.90446],[-70.12541,-11.90507],[-70.12529,-11.90509],[-70.12454,-11.90516],[-70.12374,-11.90508],[-70.12361,-11.90505],[-70.122,-11.90453],[-70.12025,-11.9038],[-70.12012,-11.90373],[-70.11811,-11.90229],[-70.11494,-11.89977],[-70.11489,-11.89973],[-70.11336,-11.89822],[-70.11032,-11.89571],[-70.10854,-11.89504],[-70.10745,-11.89494],[-70.10656,-11.8951],[-70.10612,-11.89535],[-70.10579,-11.89718],[-70.10579,-11.90058],[-70.10664,-11.90447],[-70.10666,-11.90453],[-70.10731,-11.90781],[-70.10731,-11.90784],[-70.1079,-11.91007],[-70.10839,-11.91119],[-70.10888,-11.91258],[-70.1098,-11.91462],[-70.10983,-11.91472],[-70.11033,-11.91659],[-70.11095,-11.9199],[-70.11096,-11.92],[-70.11106,-11.9233],[-70.11105,-11.92342],[-70.11078,-11.92524],[-70.11076,-11.92536],[-70.11036,-11.92674],[-70.10979,-11.9278],[-70.10974,-11.92788],[-70.10932,-11.92842],[-70.10898,-11.92871],[-70.10887,-11.92878],[-70.10847,-11.92899],[-70.10807,-11.92911],[-70.10792,-11.92913],[-70.1075,-11.92914],[-70.10739,-11.92914],[-70.10649,-11.929],[-70.10572,-11.92876],[-70.10565,-11.92873],[-70.10481,-11.92834],[-70.10398,-11.92779],[-70.10388,-11.92771],[-70.10316,-11.92698],[-70.10312,-11.92694],[-70.10204,-11.92564],[-70.10079,-11.92396],[-70.10012,-11.9234],[-70.09955,-11.92349],[-70.09936,-11.9237],[-70.09839,-11.92673],[-70.09837,-11.92681],[-70.09741,-11.92908],[-70.09715,-11.92999],[-70.09715,-11.92999],[-70.09593,-11.9328],[-70.09533,-11.93394],[-70.09531,-11.93398],[-70.09369,-11.93683],[-70.09364,-11.9369],[-70.09229,-11.93875],[-70.09115,-11.93993],[-70.09065,-11.94054],[-70.09064,-11.94055],[-70.08789,-11.94322],[-70.08617,-11.94464],[-70.08436,-11.94648],[-70.08325,-11.94836],[-70.08241,-11.95121],[-70.08244,-11.95275],[-70.08243,-11.95286],[-70.08228,-11.95361],[-70.08226,-11.95365],[-70.08197,-11.95421],[-70.08154,-11.95478],[-70.08142,-11.95491],[-70.08094,-11.95524],[-70.08094,-11.95524],[-70.08058,-11.95539],[-70.07977,-11.95556],[-70.07967,-11.95558],[-70.07667,-11.95575],[-70.07492,-11.95566],[-70.07485,-11.95565],[-70.074,-11.95551],[-70.07338,-11.95532],[-70.07332,-11.9553],[-70.07257,-11.95497],[-70.07244,-11.9549],[-70.07184,-11.95444],[-70.07181,-11.95441],[-70.0715,-11.95406],[-70.07061,-11.95276],[-70.0705,-11.95249],[-70.07041,-11.95164],[-70.07041,-11.95159],[-70.07048,-11.95075],[-70.07073,-11.94971],[-70.07079,-11.94955],[-70.07144,-11.94847],[-70.07223,-11.94756],[-70.07226,-11.94753],[-70.07283,-11.94707],[-70.0729,-11.94702],[-70.07608,-11.94506],[-70.07619,-11.94477],[-70.07558,-11.94376],[-70.07488,-11.94339],[-70.06912,-11.94394],[-70.06908,-11.94394],[-70.06562,-11.94422],[-70.06394,-11.94427],[-70.06391,-11.94427],[-70.06159,-11.94423],[-70.05942,-11.94411],[-70.05259,-11.94488],[-70.0511,-11.94588],[-70.04997,-11.94755],[-70.04939,-11.94933],[-70.04877,-11.95098],[-70.04777,-11.95486],[-70.04777,-11.95487],[-70.04735,-11.95585],[-70.04679,-11.95683],[-70.04674,-11.95691],[-70.04569,-11.95841],[-70.04564,-11.95849],[-70.04322,-11.96149],[-70.04259,-11.96373],[-70.04259,-11.96582],[-70.04235,-11.96732],[-70.04232,-11.96743],[-70.04203,-11.96824],[-70.04199,-11.96834],[-70.04133,-11.96938],[-70.04132,-11.96939],[-70.04093,-11.96977],[-70.03913,-11.97103],[-70.03904,-11.97108],[-70.03806,-11.97156],[-70.03798,-11.97159],[-70.03738,-11.97175],[-70.03615,-11.97183],[-70.03612,-11.97183],[-70.03405,-11.97131],[-70.03399,-11.97128],[-70.0331,-11.97094],[-70.03301,-11.9709],[-70.03048,-11.96955],[-70.03039,-11.9695],[-70.02914,-11.96872],[-70.02882,-11.96872],[-70.02704,-11.97088],[-70.02703,-11.97151],[-70.02741,-11.97245],[-70.02875,-11.97413],[-70.02879,-11.97418],[-70.03006,-11.97564],[-70.03013,-11.97573],[-70.03264,-11.97891],[-70.03267,-11.97895],[-70.03354,-11.98009],[-70.03557,-11.98352],[-70.03561,-11.98361],[-70.03594,-11.98447],[-70.03598,-11.98463],[-70.03612,-11.98617],[-70.03612,-11.98621],[-70.03609,-11.98836],[-70.03609,-11.9884],[-70.03578,-11.98934],[-70.03578,-11.98937],[-70.03491,-11.99058],[-70.03468,-11.99078],[-70.03277,-11.99174],[-70.03259,-11.9918],[-70.03191,-11.99189],[-70.03186,-11.99189],[-70.03087,-11.99181],[-70.03048,-11.99173],[-70.03038,-11.9917],[-70.02949,-11.99132],[-70.02943,-11.9913],[-70.02616,-11.98981],[-70.02295,-11.98935],[-70.02281,-11.98932],[-70.02236,-11.98915],[-70.02226,-11.98911],[-70.02144,-11.9886],[-70.02142,-11.98859],[-70.02112,-11.98827],[-70.0203,-11.98711],[-70.02025,-11.98703],[-70.01937,-11.98552],[-70.01928,-11.98535],[-70.01911,-11.9848],[-70.01892,-11.98381],[-70.01891,-11.98374],[-70.01832,-11.97974],[-70.01742,-11.97853],[-70.01655,-11.97803],[-70.01238,-11.9774],[-70.01231,-11.97739],[-70.00833,-11.97717],[-70.00711,-11.97736],[-70.00644,-11.97801],[-70.00591,-11.97955],[-70.00581,-11.98091],[-70.00526,-11.98265],[-70.0055,-11.98819],[-70.00551,-11.98823],[-70.00586,-11.99163],[-70.00587,-11.99175],[-70.00586,-11.99256],[-70.00584,-11.99269],[-70.00554,-11.99395],[-70.00553,-11.99398],[-70.00438,-11.99641],[-70.00305,-11.99808],[-70.00294,-11.99818],[-70.00226,-11.99869],[-70.0016,-11.99906],[-70.00145,-11.99912],[-70.00019,-11.99949],[-70.00002,-11.99952],[-69.99916,-11.99956],[-69.99868,-11.99958],[-69.99727,-11.99954],[-69.99673,-11.99954],[-69.99468,-11.99928],[-69.99463,-11.99927],[-69.99344,-11.9991],[-69.99298,-11.99899],[-69.99172,-11.99893],[-69.99085,-11.99885],[-69.99041,-11.99892],[-69.99048,-11.99906],[-69.9905,-11.9991],[-69.99055,-11.99927],[-69.99083,-11.99948],[-69.99241,-12.00145],[-69.99427,-12.00345],[-69.99519,-12.00419],[-69.9963,-12.00491],[-69.99704,-12.00533],[-69.99753,-12.00566],[-69.99757,-12.00569],[-69.99798,-12.00602],[-69.99846,-12.00648],[-69.99945,-12.00724],[-70.0001,-12.0074],[-70.0004,-12.00753],[-70.0015,-12.0084],[-70.0025,-12.00936],[-70.00336,-12.00995],[-70.00415,-12.01056],[-70.00422,-12.01062],[-70.00467,-12.01111],[-70.00477,-12.01126],[-70.00488,-12.01148],[-70.00492,-12.01158],[-70.00515,-12.01259],[-70.0051,-12.01305],[-70.00504,-12.01323],[-70.00486,-12.01362],[-70.00475,-12.01377],[-70.00429,-12.01425],[-70.00423,-12.01431],[-70.00355,-12.01483],[-70.00296,-12.01519],[-70.00286,-12.01523],[-70.00252,-12.01537],[-70.00223,-12.01555],[-70.00197,-12.0156],[-70.00142,-12.01559],[-70.00115,-12.01552],[-69.99997,-12.01517],[-69.99873,-12.01526],[-69.99865,-12.01526],[-69.99658,-12.01512],[-69.99589,-12.01507],[-69.99446,-12.01493],[-69.99434,-12.01491],[-69.99227,-12.01433],[-69.99131,-12.01436],[-69.98997,-12.01494],[-69.98923,-12.01541],[-69.98784,-12.01622],[-69.987,-12.01674],[-69.98699,-12.01674],[-69.98625,-12.01703],[-69.98543,-12.01716],[-69.98524,-12.01716],[-69.98431,-12.017],[-69.98291,-12.01645],[-69.98118,-12.01614],[-69.98043,-12.01648],[-69.9793,-12.01786],[-69.97778,-12.02059],[-69.97777,-12.02061],[-69.97702,-12.02215],[-69.97668,-12.02374],[-69.97683,-12.02477],[-69.97774,-12.02635],[-69.97986,-12.02813],[-69.98274,-12.0298],[-69.98479,-12.0308],[-69.98587,-12.03161],[-69.98594,-12.03167],[-69.98654,-12.03226],[-69.98663,-12.03236],[-69.98743,-12.03359],[-69.98793,-12.03473],[-69.98793,-12.03473],[-69.98806,-12.03545],[-69.98807,-12.03556],[-69.98805,-12.03625],[-69.98803,-12.03641],[-69.98758,-12.03794],[-69.98757,-12.03798],[-69.98715,-12.03881],[-69.98707,-12.03894],[-69.98644,-12.03986],[-69.98642,-12.03988],[-69.98524,-12.04094],[-69.98402,-12.04161],[-69.98394,-12.04164],[-69.98316,-12.04192],[-69.98303,-12.04195],[-69.98195,-12.04208],[-69.98076,-12.04196],[-69.98072,-12.04195],[-69.978,-12.04154],[-69.97491,-12.04139],[-69.97365,-12.04162],[-69.97173,-12.04234],[-69.97173,-12.04234],[-69.97081,-12.04263],[-69.96958,-12.04308],[-69.96875,-12.04351],[-69.96875,-12.04351],[-69.96796,-12.04383],[-69.96636,-12.04424],[-69.96341,-12.04528],[-69.96211,-12.0458],[-69.96127,-12.04603],[-69.96119,-12.04604],[-69.95976,-12.04639],[-69.95861,-12.04747],[-69.95743,-12.04876],[-69.95692,-12.05016],[-69.95692,-12.05017],[-69.95664,-12.05112],[-69.95593,-12.05208],[-69.95592,-12.05209],[-69.95504,-12.05316],[-69.9544,-12.05382],[-69.9544,-12.05382],[-69.9537,-12.05437],[-69.95357,-12.05444],[-69.95274,-12.05481],[-69.95256,-12.05486],[-69.95196,-12.05492],[-69.95194,-12.05492],[-69.95126,-12.0549],[-69.95024,-12.05465],[-69.95004,-12.05456],[-69.94921,-12.054],[-69.94855,-12.0534],[-69.94854,-12.05339],[-69.94812,-12.05263],[-69.94812,-12.05263],[-69.94782,-12.05202],[-69.94777,-12.05188],[-69.94756,-12.0508],[-69.94756,-12.05078],[-69.94761,-12.04965],[-69.94788,-12.04873],[-69.94793,-12.04862],[-69.94838,-12.0478],[-69.94866,-12.04734],[-69.94874,-12.04723],[-69.94941,-12.04652],[-69.94945,-12.04647],[-69.95099,-12.04499],[-69.95144,-12.04393],[-69.95125,-12.04279],[-69.95067,-12.04198],[-69.94883,-12.04115],[-69.94745,-12.04085],[-69.94524,-12.04112],[-69.94399,-12.04186],[-69.94355,-12.04288],[-69.9431,-12.04533],[-69.94309,-12.04539],[-69.94268,-12.04693],[-69.94228,-12.04831],[-69.94219,-12.04848],[-69.94164,-12.04929],[-69.9409,-12.04988],[-69.94077,-12.04996],[-69.93986,-12.05038],[-69.93971,-12.05043],[-69.93892,-12.05054],[-69.93765,-12.05057],[-69.93499,-12.05136],[-69.93228,-12.05259],[-69.93051,-12.05363],[-69.9294,-12.05413],[-69.92936,-12.05415],[-69.92867,-12.05437],[-69.92806,-12.0544],[-69.92804,-12.0544],[-69.92722,-12.05418],[-69.92702,-12.05408],[-69.92647,-12.05365],[-69.92599,-12.05288],[-69.92597,-12.05285],[-69.92561,-12.0521],[-69.92509,-12.05079],[-69.92331,-12.04826],[-69.92144,-12.04624],[-69.91922,-12.04473],[-69.91751,-12.04403],[-69.91624,-12.0442],[-69.91535,-12.04488],[-69.91455,-12.04626],[-69.91431,-12.04755],[-69.91426,-12.04775],[-69.91396,-12.04836],[-69.9136,-12.04909],[-69.91227,-12.0506],[-69.91223,-12.05064],[-69.91155,-12.05128],[-69.91065,-12.05191],[-69.91053,-12.05198],[-69.90974,-12.05231],[-69.90965,-12.05234],[-69.90866,-12.05256],[-69.90747,-12.05267],[-69.9074,-12.05266],[-69.90643,-12.05262],[-69.90635,-12.05261],[-69.90561,-12.05248],[-69.90442,-12.05218],[-69.90354,-12.05204],[-69.90291,-12.05227],[-69.9024,-12.05356],[-69.90204,-12.05478],[-69.90154,-12.05623],[-69.90154,-12.05624],[-69.90107,-12.05793],[-69.90165,-12.06042],[-69.90167,-12.06052],[-69.90176,-12.06142],[-69.90178,-12.06236],[-69.90178,-12.0624],[-69.90169,-12.06494],[-69.90172,-12.06696],[-69.90172,-12.06706],[-69.90152,-12.06821],[-69.90125,-12.06891],[-69.90124,-12.06892],[-69.9011,-12.06913],[-69.90107,-12.06916],[-69.90032,-12.06978],[-69.89914,-12.0703],[-69.89913,-12.0703],[-69.8979,-12.07068],[-69.89776,-12.07071],[-69.89681,-12.07078],[-69.89667,-12.07078],[-69.89589,-12.07064],[-69.89528,-12.07046],[-69.89513,-12.07039],[-69.89462,-12.07008],[-69.89387,-12.06951],[-69.89386,-12.0695],[-69.89314,-12.0689],[-69.89269,-12.0683],[-69.89263,-12.06819],[-69.89231,-12.06748],[-69.89228,-12.06738],[-69.8915,-12.06484],[-69.89148,-12.0648],[-69.8909,-12.06372],[-69.88982,-12.06302],[-69.8888,-12.06284],[-69.88875,-12.06283],[-69.88808,-12.06268],[-69.88707,-12.06243],[-69.88698,-12.0624],[-69.88635,-12.06213],[-69.8863,-12.06211],[-69.88535,-12.06157],[-69.88481,-12.06104],[-69.88428,-12.06049],[-69.88417,-12.06033],[-69.88385,-12.05965],[-69.8838,-12.05954],[-69.88362,-12.05874],[-69.8836,-12.05775],[-69.8836,-12.05774],[-69.88385,-12.05653],[-69.88407,-12.05459],[-69.88347,-12.05346],[-69.88142,-12.05163],[-69.8788,-12.049],[-69.87875,-12.04894],[-69.87662,-12.04619],[-69.87528,-12.04417],[-69.87439,-12.04335],[-69.87347,-12.04344],[-69.87216,-12.04466],[-69.87089,-12.04659],[-69.87045,-12.04775],[-69.87044,-12.04778],[-69.86994,-12.04937],[-69.86992,-12.04941],[-69.86947,-12.05029],[-69.8689,-12.05114],[-69.86886,-12.0512],[-69.86786,-12.05236],[-69.86662,-12.05327],[-69.86648,-12.05335],[-69.86485,-12.05399],[-69.86476,-12.05402],[-69.86378,-12.05422],[-69.86304,-12.05429],[-69.86299,-12.05429],[-69.86171,-12.0541],[-69.86168,-12.0541],[-69.86059,-12.05388],[-69.85882,-12.05341],[-69.85877,-12.0534],[-69.85742,-12.05291],[-69.85589,-12.05228],[-69.85586,-12.05226],[-69.85308,-12.05094],[-69.85024,-12.04952],[-69.8476,-12.04861],[-69.84662,-12.04871],[-69.84537,-12.04962],[-69.84506,-12.0509],[-69.8454,-12.05281],[-69.84639,-12.05599],[-69.84641,-12.05607],[-69.84738,-12.06],[-69.84829,-12.06268],[-69.8492,-12.06543],[-69.8497,-12.06656],[-69.84974,-12.06667],[-69.85029,-12.06901],[-69.85031,-12.06983],[-69.85016,-12.07129],[-69.85023,-12.07232],[-69.85023,-12.07239],[-69.85013,-12.07321],[-69.84975,-12.0737],[-69.84972,-12.07373],[-69.84916,-12.07407],[-69.849,-12.07413],[-69.84737,-12.07458],[-69.84725,-12.0746],[-69.846,-12.07472],[-69.84531,-12.07455],[-69.84506,-12.07442],[-69.84454,-12.07396],[-69.84417,-12.07359],[-69.84409,-12.07348],[-69.8437,-12.07285],[-69.8437,-12.07285],[-69.84288,-12.07112],[-69.84145,-12.06967],[-69.84144,-12.06966],[-69.8409,-12.06916],[-69.8408,-12.06905],[-69.84036,-12.06836],[-69.84016,-12.06773],[-69.84013,-12.06757],[-69.8401,-12.06705],[-69.84012,-12.06689],[-69.84024,-12.06639],[-69.84037,-12.066],[-69.84038,-12.06596],[-69.84075,-12.06532],[-69.84084,-12.0652],[-69.84216,-12.06386],[-69.84257,-12.06347],[-69.84289,-12.06243],[-69.84243,-12.06092],[-69.84131,-12.05928],[-69.83855,-12.05663],[-69.8385,-12.05658],[-69.83685,-12.05482],[-69.83522,-12.05375],[-69.83406,-12.0535],[-69.8326,-12.0538],[-69.83088,-12.05489],[-69.83084,-12.05492],[-69.83002,-12.05542],[-69.83002,-12.05542],[-69.82943,-12.05566],[-69.82841,-12.05586],[-69.82828,-12.05587],[-69.82759,-12.05584],[-69.82733,-12.05577],[-69.82645,-12.0553],[-69.82588,-12.05476],[-69.82587,-12.05476],[-69.82541,-12.05413],[-69.82531,-12.05393],[-69.82514,-12.05324],[-69.82506,-12.05261],[-69.82506,-12.05252],[-69.8251,-12.05198],[-69.82515,-12.05177],[-69.82555,-12.0509],[-69.82559,-12.05085],[-69.82641,-12.04949],[-69.82724,-12.04834],[-69.8285,-12.04604],[-69.82844,-12.04537],[-69.82799,-12.04505],[-69.82662,-12.04488],[-69.82455,-12.04497],[-69.82347,-12.04496],[-69.82338,-12.04495],[-69.82066,-12.04453],[-69.81838,-12.04439],[-69.81743,-12.04477],[-69.81583,-12.04585],[-69.81511,-12.04666],[-69.81371,-12.04795],[-69.81266,-12.04893],[-69.81085,-12.0503],[-69.81084,-12.0503],[-69.80965,-12.05116],[-69.80806,-12.05225],[-69.80806,-12.05225],[-69.80664,-12.05327],[-69.80621,-12.0538],[-69.80628,-12.05412],[-69.80732,-12.05495],[-69.80964,-12.05589],[-69.81124,-12.05576],[-69.81209,-12.05546],[-69.81302,-12.05521],[-69.81319,-12.05519],[-69.8144,-12.05521],[-69.81448,-12.05521],[-69.81525,-12.05533],[-69.81635,-12.05571],[-69.81638,-12.05572],[-69.81754,-12.05632],[-69.81918,-12.05788],[-69.82034,-12.05926],[-69.82038,-12.05932],[-69.82104,-12.06034],[-69.82124,-12.06114],[-69.82125,-12.06117],[-69.82149,-12.06239],[-69.82155,-12.06289],[-69.82154,-12.06309],[-69.82136,-12.06387],[-69.82134,-12.06391],[-69.82098,-12.06461],[-69.82034,-12.06558],[-69.8202,-12.06573],[-69.81909,-12.0666],[-69.81742,-12.06767],[-69.81737,-12.0677],[-69.8164,-12.06819],[-69.81588,-12.06841],[-69.81588,-12.06841],[-69.81438,-12.06871],[-69.81328,-12.06872],[-69.81324,-12.06872],[-69.81141,-12.06862],[-69.80983,-12.0681],[-69.80979,-12.06809],[-69.80848,-12.06739],[-69.80843,-12.06736],[-69.8068,-12.0663],[-69.80552,-12.06528],[-69.80546,-12.06522],[-69.80447,-12.06411],[-69.80305,-12.06251],[-69.80224,-12.06133],[-69.80224,-12.06133],[-69.80114,-12.05969],[-69.80043,-12.05839],[-69.79955,-12.05686],[-69.79954,-12.05684],[-69.79922,-12.056],[-69.79854,-12.05405],[-69.79854,-12.05404],[-69.79777,-12.05228],[-69.79673,-12.0516],[-69.7941,-12.0509],[-69.79145,-12.05077],[-69.79004,-12.05099],[-69.7883,-12.05196],[-69.78756,-12.05283],[-69.7871,-12.05406],[-69.78653,-12.05539],[-69.78643,-12.05555],[-69.78586,-12.05622],[-69.78511,-12.05674],[-69.785,-12.05679],[-69.78419,-12.05714],[-69.78408,-12.05717],[-69.78278,-12.05747],[-69.78127,-12.05774],[-69.77864,-12.05915],[-69.77863,-12.05915],[-69.77753,-12.0598],[-69.77581,-12.06071],[-69.77579,-12.06072],[-69.77449,-12.06133],[-69.77437,-12.06137],[-69.7728,-12.0617],[-69.77136,-12.06182],[-69.77129,-12.06182],[-69.76984,-12.06177],[-69.76875,-12.06165],[-69.76723,-12.06187],[-69.76572,-12.06243],[-69.76397,-12.06351],[-69.76396,-12.06352],[-69.76055,-12.06615],[-69.76051,-12.06618],[-69.75899,-12.0672],[-69.75768,-12.06779],[-69.75766,-12.0678],[-69.75608,-12.06813],[-69.75608,-12.06813],[-69.75528,-12.06828],[-69.75329,-12.0685],[-69.75059,-12.06908],[-69.74926,-12.06958],[-69.74776,-12.07011],[-69.74764,-12.07014],[-69.74623,-12.07035],[-69.7446,-12.07021],[-69.7444,-12.07015],[-69.74336,-12.06969],[-69.74327,-12.06963],[-69.74266,-12.06922],[-69.74134,-12.06799],[-69.74133,-12.06798],[-69.74037,-12.06645],[-69.74032,-12.06637],[-69.73976,-12.06501],[-69.73975,-12.06499],[-69.73873,-12.06228],[-69.73781,-12.05955],[-69.73569,-12.05409],[-69.73567,-12.05406],[-69.7353,-12.05306],[-69.73477,-12.05131],[-69.73453,-12.05059],[-69.73427,-12.04962],[-69.7339,-12.04849],[-69.73384,-12.04782],[-69.73384,-12.04779],[-69.73389,-12.04754],[-69.73389,-12.04753],[-69.73466,-12.04538],[-69.73467,-12.04534],[-69.73569,-12.04262],[-69.73604,-12.04149],[-69.73635,-12.04056],[-69.73636,-12.04052],[-69.73676,-12.03977],[-69.73682,-12.03967],[-69.73761,-12.03866],[-69.73824,-12.03803],[-69.73824,-12.03802],[-69.73922,-12.03698],[-69.73923,-12.03658],[-69.73885,-12.03593],[-69.7377,-12.03486],[-69.73652,-12.03433],[-69.73542,-12.03439],[-69.73502,-12.03452],[-69.73463,-12.03463],[-69.73393,-12.03502],[-69.73294,-12.03607],[-69.73185,-12.03712],[-69.7318,-12.03716],[-69.73001,-12.03854],[-69.72907,-12.03922],[-69.729,-12.03926],[-69.72695,-12.04038],[-69.72693,-12.04039],[-69.72571,-12.04085],[-69.72403,-12.04117],[-69.72402,-12.04117],[-69.72316,-12.04131],[-69.72094,-12.0413],[-69.71825,-12.04117],[-69.71821,-12.04117],[-69.7154,-12.04104],[-69.71454,-12.04119],[-69.71301,-12.04207],[-69.71183,-12.04346],[-69.71182,-12.04348],[-69.71106,-12.04466],[-69.70966,-12.0464],[-69.70957,-12.04649],[-69.70827,-12.04757],[-69.70752,-12.04799],[-69.70745,-12.04803],[-69.70693,-12.04823],[-69.70671,-12.04827],[-69.70612,-12.04829],[-69.70561,-12.04829],[-69.70479,-12.04807],[-69.70458,-12.04796],[-69.70403,-12.04754],[-69.7035,-12.04705],[-69.70348,-12.04703],[-69.70299,-12.04638],[-69.70293,-12.04627],[-69.70268,-12.04576],[-69.70266,-12.0457],[-69.70235,-12.04474],[-69.70214,-12.04385],[-69.70176,-12.04275],[-69.70084,-12.04153],[-69.70018,-12.0412],[-69.69872,-12.04094],[-69.69805,-12.04099],[-69.69744,-12.04102],[-69.69538,-12.04173],[-69.69304,-12.04309],[-69.69302,-12.0431],[-69.69167,-12.04394],[-69.69034,-12.04533],[-69.6903,-12.04536],[-69.68874,-12.04712],[-69.68868,-12.04717],[-69.6883,-12.04751],[-69.68765,-12.04826],[-69.68754,-12.04836],[-69.68645,-12.04905],[-69.68563,-12.04942],[-69.68561,-12.04943],[-69.68464,-12.0496],[-69.68458,-12.04961],[-69.68392,-12.04964],[-69.68384,-12.04964],[-69.68241,-12.04951],[-69.68111,-12.04923],[-69.67933,-12.04908],[-69.67822,-12.04924],[-69.67648,-12.04996],[-69.6754,-12.05103],[-69.6743,-12.05255],[-69.6743,-12.05256],[-69.67289,-12.05475],[-69.67287,-12.05479],[-69.67176,-12.0564],[-69.67072,-12.05759],[-69.67069,-12.05763],[-69.6697,-12.0583],[-69.66957,-12.05836],[-69.66873,-12.05866],[-69.66861,-12.05869],[-69.66735,-12.05888],[-69.66667,-12.05895],[-69.66652,-12.05895],[-69.66528,-12.05885],[-69.66418,-12.05917],[-69.66413,-12.05919],[-69.66301,-12.05978],[-69.66226,-12.06089],[-69.66221,-12.06096],[-69.66129,-12.06219],[-69.65982,-12.06375],[-69.6598,-12.06376],[-69.65825,-12.06502],[-69.65821,-12.06505],[-69.65674,-12.06604],[-69.65561,-12.06654],[-69.65556,-12.06656],[-69.65389,-12.06711],[-69.65252,-12.06738],[-69.6524,-12.06739],[-69.65092,-12.06741],[-69.65086,-12.06741],[-69.65001,-12.06734],[-69.648,-12.0669],[-69.6479,-12.06687],[-69.64639,-12.06626],[-69.6462,-12.06614],[-69.64572,-12.0657],[-69.64561,-12.06557],[-69.64522,-12.06493],[-69.64508,-12.06419],[-69.64507,-12.06409],[-69.64508,-12.0635],[-69.64508,-12.06348],[-69.64512,-12.06273],[-69.6455,-12.06069],[-69.64543,-12.05978],[-69.64487,-12.05893],[-69.64389,-12.05857],[-69.64297,-12.05857],[-69.64208,-12.05898],[-69.6414,-12.05985],[-69.64083,-12.062],[-69.64044,-12.06357],[-69.64042,-12.06361],[-69.63977,-12.0649],[-69.63909,-12.06582],[-69.63908,-12.06584],[-69.63827,-12.06682],[-69.63737,-12.06774],[-69.63736,-12.06775],[-69.6362,-12.06847],[-69.63606,-12.06854],[-69.63516,-12.06882],[-69.6342,-12.06898],[-69.63416,-12.06898],[-69.63325,-12.06908],[-69.63267,-12.06902],[-69.63247,-12.06897],[-69.63178,-12.06864],[-69.63173,-12.06861],[-69.63093,-12.06812],[-69.63089,-12.06809],[-69.62939,-12.06706],[-69.62809,-12.06659],[-69.62743,-12.06629],[-69.62736,-12.06626],[-69.62664,-12.06583],[-69.62505,-12.0647],[-69.62497,-12.06464],[-69.62335,-12.06316],[-69.62076,-12.06181],[-69.62072,-12.06179],[-69.61998,-12.06135],[-69.61952,-12.06105],[-69.61928,-12.06077],[-69.61927,-12.06073],[-69.61908,-12.06018],[-69.61895,-12.05943],[-69.61896,-12.05922],[-69.61911,-12.05844],[-69.61933,-12.05785],[-69.61934,-12.05783],[-69.6199,-12.05712],[-69.62003,-12.057],[-69.62065,-12.0566],[-69.62147,-12.0561],[-69.62157,-12.05606],[-69.62239,-12.05573],[-69.62436,-12.05491],[-69.62507,-12.05464],[-69.62627,-12.05404],[-69.62682,-12.05331],[-69.62683,-12.05274],[-69.62634,-12.05159],[-69.62498,-12.05005],[-69.62263,-12.04765],[-69.62218,-12.0473],[-69.62182,-12.04701],[-69.62053,-12.04652],[-69.61767,-12.04597],[-69.61742,-12.04586],[-69.61656,-12.04525],[-69.61655,-12.04524],[-69.61597,-12.04456],[-69.61596,-12.04455],[-69.61566,-12.04367],[-69.61566,-12.04365],[-69.61568,-12.04301],[-69.61581,-12.04237],[-69.61591,-12.04214],[-69.61631,-12.04158],[-69.61689,-12.04125],[-69.61709,-12.04119],[-69.61784,-12.04107],[-69.61924,-12.04098],[-69.61928,-12.04098],[-69.62223,-12.04084],[-69.62451,-12.04022],[-69.6247,-12.03949],[-69.62412,-12.03854],[-69.62246,-12.03744],[-69.62032,-12.03629],[-69.61906,-12.0355],[-69.617,-12.03446],[-69.61496,-12.03391],[-69.61383,-12.03406],[-69.61247,-12.03474],[-69.61244,-12.03475],[-69.61092,-12.0353],[-69.60957,-12.03568],[-69.60944,-12.0357],[-69.60829,-12.03577],[-69.60655,-12.03574],[-69.60644,-12.03573],[-69.60366,-12.0354],[-69.6031,-12.03539],[-69.6009,-12.03528],[-69.59817,-12.03539],[-69.59686,-12.03574],[-69.59618,-12.03634],[-69.59615,-12.03639],[-69.59563,-12.0372],[-69.59513,-12.03875],[-69.5951,-12.03882],[-69.59483,-12.03938],[-69.59475,-12.0395],[-69.59389,-12.04056],[-69.5929,-12.04154],[-69.59284,-12.04159],[-69.59193,-12.04228],[-69.5909,-12.04286],[-69.58962,-12.0438],[-69.58895,-12.04489],[-69.58832,-12.04674],[-69.58804,-12.04794],[-69.58803,-12.04797],[-69.58755,-12.04894],[-69.58705,-12.04962],[-69.58691,-12.04975],[-69.58653,-12.05001],[-69.58613,-12.0502],[-69.5861,-12.05022],[-69.58578,-12.05026],[-69.58505,-12.05017],[-69.58417,-12.04991],[-69.58401,-12.04986],[-69.58299,-12.04916],[-69.58296,-12.04914],[-69.58192,-12.0483],[-69.5819,-12.04828],[-69.58008,-12.04633],[-69.57923,-12.04524],[-69.57784,-12.04355],[-69.57687,-12.04189],[-69.57684,-12.04181],[-69.57635,-12.04064],[-69.57632,-12.04057],[-69.57604,-12.03955],[-69.57564,-12.03784],[-69.57564,-12.03781],[-69.57506,-12.03503],[-69.57445,-12.03338],[-69.57375,-12.03264],[-69.57283,-12.03255],[-69.57159,-12.03325],[-69.57108,-12.03409],[-69.57104,-12.0356],[-69.57103,-12.03609],[-69.57105,-12.03722],[-69.57103,-12.03735],[-69.57078,-12.03852],[-69.5706,-12.03916],[-69.57057,-12.03923],[-69.56929,-12.04252],[-69.5688,-12.04417],[-69.56842,-12.04519],[-69.56814,-12.04598],[-69.5681,-12.04606],[-69.56763,-12.04685],[-69.56741,-12.04699],[-69.56666,-12.04729],[-69.56644,-12.04733],[-69.56584,-12.04735],[-69.56559,-12.0473],[-69.56509,-12.0471],[-69.56448,-12.04685],[-69.56433,-12.04676],[-69.56372,-12.04629],[-69.56321,-12.04542],[-69.56314,-12.04522],[-69.56297,-12.04416],[-69.56305,-12.04344],[-69.56307,-12.04334],[-69.56332,-12.04245],[-69.56378,-12.04122],[-69.5638,-12.04118],[-69.56463,-12.03867],[-69.56452,-12.03731],[-69.56391,-12.03666],[-69.56339,-12.03658],[-69.56298,-12.0365],[-69.56201,-12.03674],[-69.56079,-12.03804],[-69.56035,-12.03931],[-69.56028,-12.04091],[-69.56046,-12.04256],[-69.5605,-12.0439],[-69.5605,-12.04391],[-69.56021,-12.04535],[-69.5602,-12.04538],[-69.56006,-12.04585],[-69.55956,-12.04677],[-69.55947,-12.04689],[-69.55873,-12.04769],[-69.55861,-12.04779],[-69.55752,-12.04847],[-69.55603,-12.04909],[-69.55603,-12.04909],[-69.55504,-12.04937],[-69.55484,-12.04939],[-69.55428,-12.04936],[-69.55417,-12.04934],[-69.55327,-12.04911],[-69.55242,-12.04865],[-69.55237,-12.04862],[-69.5494,-12.04687],[-69.5494,-12.04687],[-69.54828,-12.04625],[-69.54713,-12.0454],[-69.54702,-12.04529],[-69.54655,-12.04471],[-69.5461,-12.04393],[-69.54606,-12.04385],[-69.54579,-12.04316],[-69.54575,-12.043],[-69.54567,-12.04223],[-69.54567,-12.04151],[-69.54579,-12.04018],[-69.54592,-12.0394],[-69.54596,-12.03928],[-69.54661,-12.03735],[-69.54662,-12.03731],[-69.54694,-12.03652],[-69.54777,-12.03469],[-69.54783,-12.03363],[-69.54749,-12.03286],[-69.54706,-12.03255],[-69.54612,-12.03229],[-69.54605,-12.03228],[-69.54528,-12.03209],[-69.54527,-12.03208],[-69.54442,-12.03171],[-69.54365,-12.03105],[-69.54362,-12.03102],[-69.54319,-12.03058],[-69.54277,-12.02993],[-69.54272,-12.02984],[-69.54244,-12.02917],[-69.54241,-12.02904],[-69.54228,-12.02833],[-69.54226,-12.02774],[-69.54194,-12.02627],[-69.54129,-12.02571],[-69.53934,-12.02498],[-69.53674,-12.02494],[-69.53671,-12.02494],[-69.53401,-12.02508],[-69.53397,-12.02509],[-69.53307,-12.02527],[-69.53306,-12.02528],[-69.532,-12.02559],[-69.53063,-12.02625],[-69.5306,-12.02627],[-69.52857,-12.0277],[-69.52738,-12.02869],[-69.52671,-12.02915],[-69.52591,-12.03015],[-69.52587,-12.03052],[-69.52621,-12.03131],[-69.52756,-12.03229],[-69.52845,-12.03268],[-69.52851,-12.0327],[-69.52906,-12.03286],[-69.52978,-12.03311],[-69.53124,-12.03319],[-69.53328,-12.03213],[-69.53399,-12.03157],[-69.534,-12.03156],[-69.5346,-12.03134],[-69.53536,-12.03125],[-69.53551,-12.03125],[-69.5362,-12.03137],[-69.53668,-12.03165],[-69.53691,-12.0319],[-69.53712,-12.03232],[-69.53718,-12.0325],[-69.53734,-12.0337],[-69.53722,-12.03444],[-69.53722,-12.03447],[-69.53705,-12.03521],[-69.53685,-12.03591],[-69.53648,-12.0375],[-69.53646,-12.03757],[-69.53618,-12.03836],[-69.53608,-12.03854],[-69.53562,-12.03909],[-69.53509,-12.03949],[-69.53502,-12.03954],[-69.53436,-12.0399],[-69.53434,-12.0399],[-69.53152,-12.04104],[-69.52935,-12.04277],[-69.52892,-12.04387],[-69.52905,-12.04466],[-69.52905,-12.04467],[-69.52948,-12.04597],[-69.53,-12.04761],[-69.53001,-12.04768],[-69.53024,-12.04888],[-69.53048,-12.05042],[-69.53049,-12.0505],[-69.5305,-12.0511],[-69.53049,-12.05126],[-69.53031,-12.05195],[-69.53031,-12.05196],[-69.52981,-12.05301],[-69.52928,-12.0535],[-69.52873,-12.05381],[-69.52869,-12.05383],[-69.52598,-12.05494],[-69.52432,-12.05617],[-69.52205,-12.05879],[-69.52115,-12.06044],[-69.52098,-12.06144],[-69.5212,-12.06291],[-69.52137,-12.06335],[-69.52169,-12.06421],[-69.52172,-12.06432],[-69.52185,-12.06514],[-69.52185,-12.06518],[-69.5218,-12.06582],[-69.52164,-12.06642],[-69.5216,-12.06651],[-69.52111,-12.06749],[-69.52103,-12.0676],[-69.52043,-12.06832],[-69.51958,-12.06874],[-69.51956,-12.06874],[-69.51894,-12.06887],[-69.51868,-12.06887],[-69.51698,-12.06854],[-69.51546,-12.06842],[-69.51431,-12.06833],[-69.51345,-12.06838],[-69.51271,-12.06837],[-69.51152,-12.06846],[-69.51006,-12.06869],[-69.50933,-12.06877],[-69.50864,-12.06878],[-69.50699,-12.06842],[-69.50697,-12.06841],[-69.50559,-12.06806],[-69.50284,-12.06743],[-69.50177,-12.06739],[-69.50095,-12.06716],[-69.50089,-12.06713],[-69.50017,-12.06683],[-69.49997,-12.06669],[-69.49966,-12.06638],[-69.49558,-12.06527],[-69.49324,-12.06533],[-69.49234,-12.06605],[-69.49119,-12.07051],[-69.49116,-12.0706],[-69.49053,-12.07218],[-69.49048,-12.07227],[-69.48899,-12.07483],[-69.48893,-12.07492],[-69.48656,-12.07872],[-69.48593,-12.08079],[-69.4849,-12.08232],[-69.48436,-12.08327],[-69.48398,-12.08378],[-69.48392,-12.08385],[-69.48334,-12.08444],[-69.48329,-12.08448],[-69.48215,-12.08541],[-69.47903,-12.08681],[-69.47901,-12.08682],[-69.47814,-12.08708],[-69.4781,-12.08709],[-69.47666,-12.08757],[-69.47612,-12.08875],[-69.4761,-12.09054],[-69.47594,-12.09249],[-69.47593,-12.09256],[-69.47558,-12.09444],[-69.47538,-12.09515],[-69.47535,-12.09523],[-69.47468,-12.09666],[-69.47465,-12.09674],[-69.47433,-12.0972],[-69.47382,-12.09771],[-69.47382,-12.09771],[-69.47286,-12.09841],[-69.47195,-12.09941],[-69.47202,-12.09981],[-69.47386,-12.10188],[-69.47391,-12.10194],[-69.47454,-12.10283],[-69.47558,-12.10507],[-69.4756,-12.10512],[-69.47596,-12.1061],[-69.4762,-12.10721],[-69.47622,-12.10735],[-69.4762,-12.1094],[-69.47619,-12.10948],[-69.47601,-12.11172],[-69.476,-12.11179],[-69.47541,-12.11675],[-69.4754,-12.11681],[-69.47517,-12.1181],[-69.47516,-12.11815],[-69.47485,-12.11932],[-69.47403,-12.12062],[-69.47393,-12.12073],[-69.47299,-12.12162],[-69.47278,-12.12175],[-69.47249,-12.12185],[-69.4723,-12.12189],[-69.47118,-12.12195],[-69.47115,-12.12195],[-69.46978,-12.12178],[-69.46969,-12.12176],[-69.46875,-12.1215],[-69.4686,-12.12144],[-69.46813,-12.12114],[-69.46767,-12.12055],[-69.46761,-12.12045],[-69.46743,-12.12007],[-69.46738,-12.11995],[-69.46725,-12.11929],[-69.46719,-12.11776],[-69.4664,-12.11373],[-69.46525,-12.10985],[-69.46526,-12.1098],[-69.46535,-12.10893],[-69.46565,-12.10813],[-69.46602,-12.1064],[-69.46528,-12.10545],[-69.46319,-12.10494],[-69.46314,-12.10493],[-69.45995,-12.10427],[-69.45619,-12.10465],[-69.45483,-12.10561],[-69.45444,-12.10866],[-69.45442,-12.1088],[-69.45422,-12.10961],[-69.45422,-12.10961],[-69.45372,-12.11078],[-69.45298,-12.11174],[-69.45292,-12.1118],[-69.44899,-12.11542],[-69.44894,-12.11546],[-69.44811,-12.11608],[-69.44721,-12.11665],[-69.44539,-12.11829],[-69.44537,-12.11831],[-69.44114,-12.12258],[-69.44112,-12.1226],[-69.43908,-12.12408],[-69.43773,-12.1261],[-69.43661,-12.13044],[-69.43515,-12.13496],[-69.43508,-12.13511],[-69.43391,-12.13689],[-69.43248,-12.13836],[-69.43247,-12.13837],[-69.43159,-12.13892],[-69.43149,-12.13896],[-69.43116,-12.13908],[-69.43096,-12.13912],[-69.43022,-12.13913],[-69.43005,-12.13911],[-69.42912,-12.13886],[-69.42766,-12.13804],[-69.42762,-12.13802],[-69.42454,-12.13654],[-69.42263,-12.13634],[-69.41872,-12.1379],[-69.41868,-12.13791],[-69.41778,-12.13819],[-69.41646,-12.13838],[-69.41634,-12.13838],[-69.41514,-12.13829],[-69.41495,-12.13825],[-69.41394,-12.13786],[-69.41388,-12.13784],[-69.41266,-12.13717],[-69.41265,-12.13716],[-69.41128,-12.13576],[-69.40976,-12.134],[-69.4097,-12.13392],[-69.4086,-12.13231],[-69.40731,-12.13163],[-69.40625,-12.13181],[-69.4058,-12.13233],[-69.40606,-12.13347],[-69.40644,-12.13443],[-69.40667,-12.13561],[-69.40746,-12.13756],[-69.40748,-12.1376],[-69.40826,-12.13923],[-69.40955,-12.14072],[-69.40956,-12.14073],[-69.41032,-12.14213],[-69.41077,-12.14264],[-69.41123,-12.14267],[-69.41267,-12.14183],[-69.41271,-12.14181],[-69.41497,-12.14063],[-69.41523,-12.14057],[-69.41547,-12.14055],[-69.41598,-12.14065],[-69.41667,-12.14107],[-69.41682,-12.14121],[-69.4177,-12.14235],[-69.41771,-12.14239],[-69.41866,-12.14512],[-69.41878,-12.14663],[-69.41878,-12.14667],[-69.41872,-12.14717],[-69.4187,-12.14726],[-69.41758,-12.15133],[-69.41712,-12.15217],[-69.41636,-12.15404],[-69.41634,-12.1541],[-69.41572,-12.15593],[-69.41577,-12.15746],[-69.41576,-12.15763],[-69.41556,-12.15863],[-69.4152,-12.15932],[-69.4151,-12.15946],[-69.41451,-12.16009],[-69.41433,-12.16022],[-69.41375,-12.16049],[-69.41365,-12.16054],[-69.41319,-12.16063],[-69.41317,-12.16063],[-69.4123,-12.1606],[-69.41046,-12.16011],[-69.41038,-12.16009],[-69.40744,-12.15903],[-69.40625,-12.15902],[-69.40393,-12.16048],[-69.40381,-12.16056],[-69.40297,-12.16095],[-69.40156,-12.16148],[-69.4015,-12.1615],[-69.40008,-12.16186],[-69.39838,-12.16204],[-69.39835,-12.16204],[-69.39545,-12.16233],[-69.39538,-12.16234],[-69.39393,-12.16253],[-69.39308,-12.16325],[-69.39283,-12.16397],[-69.39252,-12.16464],[-69.39259,-12.16555],[-69.39318,-12.16622],[-69.39322,-12.16626],[-69.39605,-12.16948],[-69.39618,-12.16968],[-69.39635,-12.17009],[-69.3964,-12.17034],[-69.39639,-12.17072],[-69.39631,-12.171],[-69.39593,-12.17165],[-69.3959,-12.17168],[-69.39514,-12.17233],[-69.39508,-12.17237],[-69.39327,-12.17347],[-69.39317,-12.17352],[-69.39171,-12.17407],[-69.38991,-12.17531],[-69.3872,-12.17765],[-69.38581,-12.17865],[-69.38521,-12.1792],[-69.3844,-12.17973],[-69.38414,-12.18014],[-69.38395,-12.1817],[-69.38474,-12.18434],[-69.38495,-12.18477],[-69.385,-12.18491],[-69.38516,-12.18572],[-69.38496,-12.18741],[-69.38495,-12.18749],[-69.38469,-12.18849],[-69.38417,-12.18939],[-69.38413,-12.18944],[-69.38315,-12.19075],[-69.38314,-12.19077],[-69.38218,-12.19166],[-69.38106,-12.19249],[-69.38101,-12.19253],[-69.38007,-12.19308],[-69.37826,-12.19355],[-69.37808,-12.19357],[-69.37711,-12.19354],[-69.37698,-12.19353],[-69.37601,-12.1933],[-69.37449,-12.19283],[-69.37435,-12.19277],[-69.37281,-12.19184],[-69.37205,-12.19118],[-69.37202,-12.19115],[-69.3708,-12.18964],[-69.37016,-12.18939],[-69.36787,-12.19267],[-69.36718,-12.19392],[-69.3668,-12.19434],[-69.36527,-12.19663],[-69.36377,-12.19844],[-69.36251,-12.20047],[-69.36246,-12.20055],[-69.36046,-12.2037],[-69.36043,-12.20374],[-69.35793,-12.20798],[-69.35773,-12.20824],[-69.35713,-12.20867],[-69.35614,-12.20913],[-69.35611,-12.20914],[-69.35499,-12.20934],[-69.3549,-12.20935],[-69.35361,-12.20938],[-69.35347,-12.20937],[-69.35253,-12.20917],[-69.35251,-12.20916],[-69.34944,-12.20781],[-69.34648,-12.2057],[-69.34642,-12.20565],[-69.34492,-12.20442],[-69.34416,-12.20446],[-69.34372,-12.20498],[-69.34316,-12.20625],[-69.34286,-12.20863],[-69.34343,-12.20907],[-69.3448,-12.20903],[-69.34751,-12.20856],[-69.34754,-12.20856],[-69.34963,-12.2087],[-69.35115,-12.20966],[-69.35121,-12.2097],[-69.35632,-12.21254],[-69.35637,-12.21257],[-69.35898,-12.2142],[-69.36016,-12.21501],[-69.36031,-12.21515],[-69.36095,-12.21602],[-69.3611,-12.21723],[-69.36109,-12.21741],[-69.36089,-12.2184],[-69.35984,-12.22036],[-69.35983,-12.22038],[-69.35839,-12.22282],[-69.35724,-12.22423],[-69.3556,-12.22654],[-69.35557,-12.22658],[-69.35378,-12.22879],[-69.35171,-12.23095],[-69.35169,-12.23098],[-69.35084,-12.23177],[-69.34967,-12.23261],[-69.34953,-12.23268],[-69.34798,-12.23326],[-69.34786,-12.23329],[-69.34652,-12.2335],[-69.34477,-12.23364],[-69.33926,-12.23445],[-69.33921,-12.23446],[-69.33831,-12.23461],[-69.33753,-12.23463],[-69.33311,-12.2359],[-69.32981,-12.23896],[-69.32977,-12.23899],[-69.32697,-12.24132],[-69.32582,-12.24188],[-69.32578,-12.24189],[-69.32425,-12.24247],[-69.32314,-12.24253],[-69.32312,-12.24253],[-69.322,-12.24229],[-69.3219,-12.24226],[-69.32112,-12.24194],[-69.32104,-12.2419],[-69.31874,-12.24054],[-69.31538,-12.23833],[-69.31343,-12.23747],[-69.31097,-12.23747],[-69.30855,-12.23869],[-69.30846,-12.23874],[-69.3062,-12.24096],[-69.30517,-12.24335],[-69.30527,-12.2464],[-69.30642,-12.24938],[-69.3121,-12.25452],[-69.31213,-12.25454],[-69.31301,-12.25567],[-69.31313,-12.25596],[-69.31327,-12.25695],[-69.31318,-12.25738],[-69.31312,-12.25753],[-69.31246,-12.25868],[-69.31243,-12.25871],[-69.31041,-12.2606],[-69.31041,-12.2606],[-69.30938,-12.26126],[-69.30927,-12.26132],[-69.30796,-12.26182],[-69.30771,-12.26186],[-69.30746,-12.26185],[-69.30733,-12.26182],[-69.30556,-12.26159],[-69.30358,-12.26184],[-69.3005,-12.26197],[-69.29847,-12.26221],[-69.29847,-12.26221],[-69.29163,-12.2623],[-69.29159,-12.2623],[-69.28987,-12.26197],[-69.28977,-12.26194],[-69.28937,-12.26179],[-69.28928,-12.26175],[-69.28792,-12.26093],[-69.28658,-12.25966],[-69.28655,-12.25964],[-69.28551,-12.25846],[-69.28551,-12.25845],[-69.28408,-12.25547],[-69.28404,-12.25538],[-69.28318,-12.25397],[-69.28311,-12.25385],[-69.28258,-12.2528],[-69.28126,-12.24894],[-69.28125,-12.24889],[-69.28023,-12.24594],[-69.27961,-12.2455],[-69.2786,-12.24542],[-69.27754,-12.24548],[-69.27657,-12.24641],[-69.27517,-12.24898],[-69.27513,-12.24904],[-69.27333,-12.25191],[-69.27329,-12.25194],[-69.27248,-12.25262],[-69.27132,-12.25333],[-69.27014,-12.25478],[-69.2702,-12.25583],[-69.27109,-12.25794],[-69.27217,-12.25958],[-69.27328,-12.26168],[-69.27409,-12.26302],[-69.27409,-12.26303],[-69.27446,-12.26397],[-69.27456,-12.26485],[-69.27455,-12.26502],[-69.27438,-12.26595],[-69.27399,-12.26663],[-69.27389,-12.26675],[-69.26885,-12.27249],[-69.26799,-12.27508],[-69.26833,-12.27837],[-69.26883,-12.27974],[-69.26883,-12.27975],[-69.26895,-12.28076],[-69.2689,-12.28106],[-69.26889,-12.2811],[-69.26849,-12.2818],[-69.26846,-12.28183],[-69.26818,-12.28203],[-69.26736,-12.28238],[-69.26735,-12.28238],[-69.26612,-12.2826],[-69.26593,-12.2826],[-69.26237,-12.28241],[-69.26222,-12.28239],[-69.25845,-12.28193],[-69.25648,-12.28202],[-69.2563,-12.282],[-69.25356,-12.28146],[-69.2531,-12.28169],[-69.25074,-12.28559],[-69.25026,-12.28727],[-69.25066,-12.28931],[-69.25068,-12.2894],[-69.25185,-12.29439],[-69.25236,-12.295],[-69.25267,-12.29516],[-69.25728,-12.29472],[-69.25734,-12.29471],[-69.25844,-12.29455],[-69.25847,-12.29455],[-69.25973,-12.29461],[-69.2615,-12.29507],[-69.26162,-12.29512],[-69.26287,-12.29577],[-69.26403,-12.29661],[-69.2641,-12.29667],[-69.26436,-12.29694],[-69.26447,-12.29708],[-69.26474,-12.29759],[-69.26488,-12.29921],[-69.26488,-12.29925],[-69.26464,-12.30013],[-69.26455,-12.30031],[-69.26354,-12.30176],[-69.26129,-12.30453],[-69.25989,-12.30669],[-69.25934,-12.30812],[-69.25931,-12.30818],[-69.25774,-12.31148],[-69.25752,-12.31331],[-69.25742,-12.31361],[-69.25626,-12.31583],[-69.25624,-12.31587],[-69.25401,-12.32071],[-69.25408,-12.32121],[-69.2544,-12.32122],[-69.25559,-12.32085],[-69.25715,-12.31931],[-69.25717,-12.3193],[-69.25804,-12.31862],[-69.25982,-12.317],[-69.26114,-12.31612],[-69.26458,-12.31342],[-69.26598,-12.3127],[-69.26611,-12.31265],[-69.26702,-12.31242],[-69.2684,-12.31233],[-69.26847,-12.31233],[-69.26942,-12.31239],[-69.26985,-12.3125],[-69.26999,-12.31256],[-69.271,-12.31318],[-69.2717,-12.31402],[-69.2718,-12.31418],[-69.27217,-12.31505],[-69.27221,-12.31522],[-69.27247,-12.31754],[-69.27212,-12.31968],[-69.2721,-12.31977],[-69.27155,-12.32173],[-69.27139,-12.32292],[-69.27088,-12.325],[-69.27085,-12.32509],[-69.27038,-12.32622],[-69.27036,-12.32627],[-69.26948,-12.32832],[-69.26947,-12.33019],[-69.27047,-12.33423],[-69.27082,-12.3352],[-69.27108,-12.33629],[-69.2711,-12.3364],[-69.27117,-12.3377],[-69.27112,-12.33796],[-69.27059,-12.33874],[-69.27038,-12.33893],[-69.26971,-12.33931],[-69.26691,-12.33993],[-69.26668,-12.33994],[-69.26603,-12.33984],[-69.26413,-12.33919],[-69.26161,-12.33912],[-69.2608,-12.3395],[-69.26065,-12.33955],[-69.25947,-12.33974],[-69.25865,-12.33961],[-69.25858,-12.33959],[-69.25678,-12.33913],[-69.25215,-12.33924],[-69.25091,-12.34017],[-69.25038,-12.34051],[-69.25027,-12.34056],[-69.24983,-12.34074],[-69.24972,-12.34077],[-69.24755,-12.34119],[-69.2475,-12.34119],[-69.24531,-12.34114],[-69.24258,-12.34225],[-69.2409,-12.34334],[-69.24026,-12.34386],[-69.23866,-12.3448],[-69.23587,-12.3472],[-69.23551,-12.34902],[-69.236,-12.35163],[-69.23741,-12.35391],[-69.23744,-12.35395],[-69.23887,-12.35587],[-69.23893,-12.35595],[-69.24014,-12.35763],[-69.24018,-12.35768],[-69.24258,-12.361],[-69.24262,-12.36106],[-69.2437,-12.36241],[-69.24588,-12.36377],[-69.24738,-12.36404],[-69.25284,-12.36365],[-69.25377,-12.36367],[-69.25468,-12.36362],[-69.25485,-12.36363],[-69.25714,-12.36405],[-69.25723,-12.36407],[-69.26306,-12.36461],[-69.26629,-12.36472],[-69.26717,-12.36485],[-69.26745,-12.36496],[-69.26841,-12.3655],[-69.27157,-12.36658],[-69.27433,-12.3677],[-69.27445,-12.36777],[-69.27537,-12.36839],[-69.27539,-12.36842],[-69.27616,-12.36932],[-69.27616,-12.36933],[-69.2765,-12.37018],[-69.27675,-12.37151],[-69.27676,-12.37159],[-69.2768,-12.37248],[-69.2768,-12.37251],[-69.27631,-12.37609],[-69.2763,-12.37613],[-69.27601,-12.3775],[-69.27551,-12.3784],[-69.27545,-12.37849],[-69.27483,-12.37924],[-69.27394,-12.38013],[-69.27394,-12.38014],[-69.27266,-12.38104],[-69.2726,-12.38108],[-69.27011,-12.38253],[-69.2696,-12.38333],[-69.2686,-12.38629],[-69.26776,-12.38846],[-69.26775,-12.38848],[-69.2673,-12.3892],[-69.26714,-12.38937],[-69.26676,-12.38964],[-69.26627,-12.38987],[-69.26624,-12.38989],[-69.26583,-12.39],[-69.26569,-12.39002],[-69.26397,-12.3901],[-69.2638,-12.39009],[-69.26241,-12.38973],[-69.26168,-12.38932],[-69.26159,-12.38925],[-69.26133,-12.38903],[-69.26088,-12.38849],[-69.26081,-12.38839],[-69.25998,-12.38686],[-69.25974,-12.38606],[-69.25905,-12.38523],[-69.25838,-12.385],[-69.25721,-12.38526],[-69.25369,-12.38568],[-69.2536,-12.38569],[-69.25316,-12.38568],[-69.25307,-12.38567],[-69.25042,-12.38537],[-69.24758,-12.38564],[-69.24751,-12.38564],[-69.24512,-12.38586],[-69.2425,-12.38693],[-69.24109,-12.38805],[-69.24045,-12.3889],[-69.24057,-12.39008],[-69.24058,-12.39019],[-69.24076,-12.39213],[-69.24167,-12.3948],[-69.24173,-12.39494],[-69.24249,-12.39796],[-69.24269,-12.39965],[-69.24304,-12.40186],[-69.24322,-12.40402],[-69.24381,-12.40625],[-69.24476,-12.40768],[-69.24825,-12.41085],[-69.24827,-12.41088],[-69.24889,-12.41167],[-69.25189,-12.41426],[-69.25316,-12.41486],[-69.25358,-12.41477],[-69.2544,-12.41373],[-69.2551,-12.41321],[-69.25525,-12.41313],[-69.25668,-12.41262],[-69.25678,-12.41259],[-69.25759,-12.41246],[-69.25823,-12.41243],[-69.25825,-12.41243],[-69.26003,-12.41288],[-69.26011,-12.41291],[-69.26079,-12.41319],[-69.26084,-12.41322],[-69.26157,-12.41361],[-69.26256,-12.41428],[-69.26271,-12.41442],[-69.26305,-12.41488],[-69.2633,-12.41534],[-69.26332,-12.41539],[-69.26341,-12.41726],[-69.26341,-12.41728],[-69.26301,-12.41879],[-69.26292,-12.41897],[-69.26203,-12.42028],[-69.26119,-12.4213],[-69.26114,-12.42136],[-69.25935,-12.423],[-69.2592,-12.4231],[-69.25738,-12.42417],[-69.2573,-12.42421],[-69.25351,-12.426],[-69.25343,-12.42603],[-69.25266,-12.42629],[-69.2514,-12.42717],[-69.25123,-12.42772],[-69.25135,-12.4281],[-69.25176,-12.42832],[-69.25263,-12.42827],[-69.25588,-12.42586],[-69.25593,-12.42582],[-69.25677,-12.42529],[-69.25679,-12.42529],[-69.2575,-12.42502],[-69.25835,-12.42482],[-69.25847,-12.4248],[-69.25964,-12.42474],[-69.25976,-12.42475],[-69.26073,-12.4249],[-69.2616,-12.42516],[-69.26168,-12.42519],[-69.26265,-12.42566],[-69.26445,-12.42621],[-69.26449,-12.42622],[-69.26542,-12.42668],[-69.26673,-12.42768],[-69.26884,-12.42822],[-69.272,-12.42829],[-69.27317,-12.42846],[-69.27337,-12.42852],[-69.2741,-12.42892],[-69.27437,-12.42918],[-69.27437,-12.42918],[-69.27459,-12.42956],[-69.27459,-12.42957],[-69.27469,-12.43031],[-69.27467,-12.43051],[-69.2743,-12.43201],[-69.27401,-12.43256],[-69.2739,-12.43271],[-69.27353,-12.4331],[-69.2734,-12.4332],[-69.27172,-12.43431],[-69.27023,-12.4378],[-69.27022,-12.43782],[-69.26972,-12.43853],[-69.26947,-12.43873],[-69.26834,-12.43925],[-69.26826,-12.43928],[-69.26636,-12.43984],[-69.26387,-12.4403],[-69.2621,-12.44113],[-69.26033,-12.44498],[-69.26001,-12.44592],[-69.25997,-12.44601],[-69.25949,-12.44684],[-69.25872,-12.44732],[-69.25855,-12.4474],[-69.25685,-12.44784],[-69.25563,-12.44803],[-69.25479,-12.44839],[-69.25468,-12.44843],[-69.25148,-12.44931],[-69.24946,-12.45108],[-69.24856,-12.4523],[-69.24795,-12.4537],[-69.24712,-12.45494],[-69.24699,-12.45741],[-69.24712,-12.45765],[-69.24819,-12.45816],[-69.24882,-12.45852],[-69.2493,-12.45859],[-69.24986,-12.45826],[-69.2507,-12.45746],[-69.25294,-12.45596],[-69.25303,-12.45591],[-69.25394,-12.4555],[-69.254,-12.45548],[-69.25509,-12.45514],[-69.25604,-12.45493],[-69.2562,-12.45492],[-69.25744,-12.45501],[-69.25759,-12.45503],[-69.25831,-12.45526],[-69.25878,-12.4555],[-69.25907,-12.45582],[-69.2592,-12.45612],[-69.25925,-12.4563],[-69.25927,-12.45656],[-69.25901,-12.45751],[-69.2589,-12.45809],[-69.25832,-12.45884],[-69.25827,-12.45889],[-69.25744,-12.45967],[-69.2569,-12.46082],[-69.25707,-12.46183],[-69.25982,-12.46416],[-69.25993,-12.46426],[-69.2628,-12.46739],[-69.26291,-12.46754],[-69.26395,-12.46962],[-69.26399,-12.46972],[-69.26428,-12.47081],[-69.26449,-12.47217],[-69.26449,-12.47232],[-69.26435,-12.4736],[-69.26415,-12.47433],[-69.26407,-12.4745],[-69.26386,-12.47481],[-69.26313,-12.47556],[-69.26312,-12.47557],[-69.2625,-12.47603],[-69.26244,-12.47607],[-69.26175,-12.47647],[-69.26172,-12.47648],[-69.26121,-12.47662],[-69.2612,-12.47662],[-69.26051,-12.47661],[-69.25993,-12.47646],[-69.25969,-12.47633],[-69.25909,-12.47582],[-69.25898,-12.47569],[-69.25864,-12.47513],[-69.25828,-12.47192],[-69.25707,-12.47033],[-69.25543,-12.46943],[-69.25337,-12.46961],[-69.25211,-12.47043],[-69.2519,-12.47125],[-69.25254,-12.47325],[-69.25267,-12.4741],[-69.25267,-12.47426],[-69.25252,-12.47544],[-69.25189,-12.47719],[-69.25188,-12.47721],[-69.25063,-12.47902],[-69.24985,-12.48174],[-69.24996,-12.48358],[-69.25051,-12.48491],[-69.2511,-12.48705],[-69.2511,-12.48709],[-69.25141,-12.4886],[-69.25141,-12.48862],[-69.25133,-12.48962],[-69.25095,-12.49053],[-69.25095,-12.49053],[-69.25067,-12.4909],[-69.25064,-12.49092],[-69.24862,-12.49197],[-69.24859,-12.49199],[-69.24596,-12.49319],[-69.24574,-12.49358],[-69.24548,-12.49551],[-69.24547,-12.49558],[-69.24516,-12.49754],[-69.2446,-12.49949],[-69.24459,-12.49953],[-69.24432,-12.50022],[-69.24427,-12.50034],[-69.24182,-12.50462],[-69.2417,-12.507],[-69.24185,-12.50793],[-69.24186,-12.50795],[-69.24216,-12.50817],[-69.24288,-12.50806],[-69.24463,-12.50736],[-69.24464,-12.50736],[-69.24515,-12.50722],[-69.24736,-12.50605],[-69.24739,-12.50603],[-69.24901,-12.50517],[-69.24902,-12.50517],[-69.25036,-12.50463],[-69.25136,-12.5045],[-69.25163,-12.50453],[-69.25236,-12.50477],[-69.25245,-12.50481],[-69.25301,-12.50513],[-69.25327,-12.50532],[-69.25344,-12.5055],[-69.25377,-12.50608],[-69.2541,-12.50716],[-69.25412,-12.50727],[-69.25417,-12.50777],[-69.25417,-12.50781],[-69.25411,-12.50888],[-69.25374,-12.51064],[-69.25373,-12.51125],[-69.25362,-12.51241],[-69.25368,-12.5144],[-69.25368,-12.51447],[-69.25377,-12.51675],[-69.25393,-12.51778],[-69.25401,-12.51858],[-69.25401,-12.51865],[-69.25395,-12.52003],[-69.25394,-12.52013],[-69.25376,-12.52092],[-69.25376,-12.52093],[-69.25351,-12.52138],[-69.25296,-12.52181],[-69.25281,-12.52189],[-69.25231,-12.52209],[-69.25208,-12.52214],[-69.25175,-12.52214],[-69.25163,-12.52213],[-69.25081,-12.52197],[-69.25079,-12.52196],[-69.24945,-12.52136],[-69.24866,-12.52087],[-69.24722,-12.52033],[-69.24701,-12.52019],[-69.24617,-12.51939],[-69.24612,-12.51932],[-69.24507,-12.51798],[-69.24438,-12.51674],[-69.24347,-12.51571],[-69.24249,-12.51505],[-69.24141,-12.51459],[-69.23848,-12.51377],[-69.23445,-12.51351],[-69.23436,-12.5135],[-69.23125,-12.51318],[-69.22939,-12.51333],[-69.22937,-12.51333],[-69.22812,-12.51329],[-69.22733,-12.51318],[-69.22728,-12.51317],[-69.22594,-12.51287],[-69.22433,-12.51238],[-69.22427,-12.51235],[-69.22353,-12.51204],[-69.22341,-12.51197],[-69.22129,-12.51044],[-69.22101,-12.51017],[-69.221,-12.51016],[-69.22069,-12.50977],[-69.22075,-12.51029],[-69.22021,-12.50959],[-69.22015,-12.5095],[-69.21958,-12.50858],[-69.21942,-12.50942],[-69.21937,-12.50958],[-69.21865,-12.51127],[-69.21862,-12.51133],[-69.21764,-12.51359],[-69.21759,-12.51391],[-69.21738,-12.51475],[-69.21737,-12.5148],[-69.21683,-12.51647],[-69.21638,-12.51756],[-69.21599,-12.5201],[-69.21604,-12.52191],[-69.21605,-12.52196],[-69.21626,-12.52475],[-69.21689,-12.52653],[-69.21776,-12.52778],[-69.21839,-12.5282],[-69.21993,-12.52851],[-69.22326,-12.52826],[-69.22338,-12.52825],[-69.22555,-12.52828],[-69.22572,-12.52829],[-69.22612,-12.52838],[-69.22731,-12.52876],[-69.22737,-12.52878],[-69.2295,-12.52985],[-69.2296,-12.52991],[-69.23026,-12.53037],[-69.23216,-12.53178],[-69.2322,-12.53182],[-69.23346,-12.53292],[-69.23513,-12.53467],[-69.23519,-12.53473],[-69.23615,-12.53598],[-69.23699,-12.53751],[-69.23702,-12.53759],[-69.23724,-12.53812],[-69.23727,-12.53819],[-69.23753,-12.53906],[-69.23766,-12.53977],[-69.23767,-12.53987],[-69.2377,-12.54063],[-69.23768,-12.54124],[-69.23788,-12.54239],[-69.23788,-12.54239],[-69.23788,-12.54347],[-69.23766,-12.54466],[-69.23763,-12.54479],[-69.23713,-12.54614],[-69.23709,-12.54624],[-69.23629,-12.54775],[-69.23581,-12.54838],[-69.23571,-12.54848],[-69.23538,-12.54878],[-69.23523,-12.54889],[-69.23322,-12.55018],[-69.23317,-12.55022],[-69.23235,-12.55068],[-69.23111,-12.55107],[-69.23057,-12.55127],[-69.22848,-12.55182],[-69.22833,-12.55184],[-69.2263,-12.55213],[-69.22625,-12.55214],[-69.22402,-12.55244],[-69.22399,-12.55244],[-69.2215,-12.55244],[-69.21985,-12.55282],[-69.21747,-12.55442],[-69.21737,-12.55448],[-69.21669,-12.55487],[-69.21639,-12.55497],[-69.21392,-12.55743],[-69.21177,-12.56005],[-69.21027,-12.56268],[-69.20952,-12.56469],[-69.2089,-12.56766],[-69.20852,-12.56896],[-69.20834,-12.5697],[-69.20806,-12.57041],[-69.20741,-12.57328],[-69.20755,-12.57518],[-69.20782,-12.57631],[-69.20812,-12.57672],[-69.20976,-12.57778],[-69.20986,-12.57785],[-69.21151,-12.57912],[-69.21267,-12.57962],[-69.21432,-12.57994],[-69.21546,-12.57979],[-69.21686,-12.57935],[-69.21799,-12.57914],[-69.22214,-12.57772],[-69.22215,-12.57772],[-69.22297,-12.5775],[-69.22452,-12.57697],[-69.22538,-12.57672],[-69.22552,-12.57669],[-69.22695,-12.57651],[-69.227,-12.57651],[-69.22819,-12.57651],[-69.2283,-12.5765],[-69.22999,-12.57635],[-69.23208,-12.57574],[-69.23213,-12.57572],[-69.23323,-12.57543],[-69.23394,-12.5753],[-69.23659,-12.57429],[-69.23659,-12.57429],[-69.23708,-12.57418],[-69.23729,-12.57407],[-69.23734,-12.57405],[-69.23954,-12.57317],[-69.23963,-12.57314],[-69.24145,-12.57247],[-69.24149,-12.57246],[-69.24355,-12.57182],[-69.24469,-12.57155],[-69.24626,-12.57088],[-69.24763,-12.56978],[-69.24799,-12.56936],[-69.24845,-12.56898],[-69.24868,-12.56884],[-69.24891,-12.56874],[-69.2491,-12.56869],[-69.25025,-12.56843],[-69.25081,-12.56815],[-69.25084,-12.56814],[-69.25147,-12.56792],[-69.25325,-12.56763],[-69.25369,-12.56749],[-69.25415,-12.56743],[-69.25439,-12.56743],[-69.25524,-12.56758],[-69.25618,-12.56781],[-69.2578,-12.56806],[-69.2593,-12.56857],[-69.25934,-12.56859],[-69.26058,-12.56927],[-69.26071,-12.56936],[-69.26305,-12.57117],[-69.26388,-12.57157],[-69.26405,-12.57164],[-69.2642,-12.57172],[-69.26438,-12.57185],[-69.26481,-12.57223],[-69.26483,-12.57225],[-69.26559,-12.57321],[-69.26566,-12.57332],[-69.26771,-12.57653],[-69.26776,-12.5766],[-69.26839,-12.57771],[-69.26856,-12.57812],[-69.26856,-12.57813],[-69.26916,-12.57994],[-69.27075,-12.58375],[-69.27139,-12.58591],[-69.27141,-12.58598],[-69.27162,-12.58705],[-69.27178,-12.58918],[-69.27178,-12.58926],[-69.2718,-12.59059],[-69.2727,-12.59279],[-69.27436,-12.59565],[-69.27506,-12.59614],[-69.27559,-12.59617],[-69.2779,-12.5958],[-69.27915,-12.59501],[-69.27922,-12.59497],[-69.2808,-12.59401],[-69.28147,-12.59367],[-69.28429,-12.59179],[-69.28548,-12.59056],[-69.28564,-12.59044],[-69.28792,-12.58891],[-69.28802,-12.58885],[-69.2897,-12.58772],[-69.29249,-12.58532],[-69.29256,-12.58526],[-69.29459,-12.58358],[-69.29472,-12.58349],[-69.29661,-12.58219],[-69.29669,-12.58211],[-69.29699,-12.58191],[-69.2984,-12.58092],[-69.3001,-12.57937],[-69.30097,-12.57868],[-69.30107,-12.57862],[-69.30193,-12.57812],[-69.30198,-12.5781],[-69.30426,-12.57725],[-69.30704,-12.57545],[-69.30709,-12.57542],[-69.30847,-12.57455],[-69.30923,-12.57414],[-69.30931,-12.5741],[-69.30994,-12.57385],[-69.3121,-12.57158],[-69.31214,-12.57154],[-69.31343,-12.57048],[-69.31359,-12.57038],[-69.31509,-12.56963],[-69.31512,-12.56962],[-69.31789,-12.5686],[-69.3184,-12.56845],[-69.31861,-12.56842],[-69.31993,-12.56837],[-69.32005,-12.56838],[-69.32095,-12.56849],[-69.32322,-12.56911],[-69.32331,-12.56914],[-69.32408,-12.56944],[-69.32466,-12.56972],[-69.32474,-12.56976],[-69.32581,-12.57043],[-69.32802,-12.57205],[-69.32983,-12.57324],[-69.3309,-12.57404],[-69.33207,-12.57472],[-69.33716,-12.57615],[-69.33973,-12.57601],[-69.34153,-12.57542],[-69.34355,-12.5745],[-69.34481,-12.57343],[-69.34678,-12.57025],[-69.34805,-12.56751],[-69.34812,-12.56667],[-69.34749,-12.565],[-69.34556,-12.56186],[-69.34548,-12.56172],[-69.34531,-12.56139],[-69.34519,-12.56114],[-69.34487,-12.56054],[-69.34484,-12.56048],[-69.34395,-12.55878],[-69.34393,-12.55875],[-69.34346,-12.55743],[-69.34341,-12.55695],[-69.34329,-12.55639],[-69.34311,-12.55325],[-69.34295,-12.55253],[-69.34285,-12.55225],[-69.34277,-12.55211],[-69.34267,-12.55175],[-69.34264,-12.55154],[-69.34263,-12.5509],[-69.34263,-12.55082],[-69.34298,-12.54586],[-69.34293,-12.54486],[-69.34297,-12.54383],[-69.34298,-12.54376],[-69.34317,-12.54241],[-69.34342,-12.54127],[-69.34352,-12.54101],[-69.34407,-12.5398],[-69.3441,-12.53973],[-69.34469,-12.5385],[-69.34525,-12.53748],[-69.34527,-12.53743],[-69.34599,-12.53627],[-69.34713,-12.53474],[-69.34719,-12.53467],[-69.34872,-12.53297],[-69.34876,-12.53292],[-69.35034,-12.5311],[-69.35039,-12.53104],[-69.35238,-12.52882],[-69.35243,-12.52876],[-69.35422,-12.5269],[-69.35482,-12.52634],[-69.3549,-12.52627],[-69.35547,-12.52587],[-69.35682,-12.52516],[-69.35711,-12.52475],[-69.35738,-12.52329],[-69.35704,-12.52072],[-69.35703,-12.52057],[-69.35706,-12.51952],[-69.35708,-12.51933],[-69.35724,-12.51873],[-69.35792,-12.51761],[-69.35801,-12.51749],[-69.35902,-12.51637],[-69.36075,-12.51474],[-69.36089,-12.51463],[-69.36447,-12.51214],[-69.3655,-12.51089],[-69.36692,-12.50937],[-69.36694,-12.50934],[-69.36791,-12.50855],[-69.36988,-12.50649],[-69.37057,-12.50492],[-69.37058,-12.5049],[-69.37076,-12.50458],[-69.37114,-12.50423],[-69.37127,-12.50418],[-69.37153,-12.50409],[-69.37259,-12.50395],[-69.37295,-12.50394],[-69.37297,-12.50394],[-69.37385,-12.50415],[-69.37394,-12.50418],[-69.37536,-12.50459],[-69.37549,-12.50463],[-69.37911,-12.50576],[-69.37924,-12.5058],[-69.38296,-12.50705],[-69.38533,-12.50748],[-69.38721,-12.50744],[-69.38726,-12.50744],[-69.38783,-12.5075],[-69.38808,-12.50756],[-69.38852,-12.50774],[-69.38859,-12.50777],[-69.39116,-12.50901],[-69.39198,-12.50915],[-69.39344,-12.50946],[-69.39352,-12.50949],[-69.39494,-12.50996],[-69.3975,-12.51118],[-69.3976,-12.51124],[-69.39808,-12.51155],[-69.39917,-12.51242],[-69.40034,-12.51279],[-69.40371,-12.51351],[-69.40479,-12.5139],[-69.40483,-12.51391],[-69.40569,-12.51445],[-69.4067,-12.515],[-69.40733,-12.51547],[-69.40739,-12.51552],[-69.40793,-12.51602],[-69.40799,-12.51608],[-69.40954,-12.51763],[-69.40956,-12.51765],[-69.41017,-12.51836],[-69.41025,-12.51847],[-69.41077,-12.51935],[-69.41118,-12.5208],[-69.4112,-12.52088],[-69.41168,-12.52369],[-69.41176,-12.52478],[-69.41187,-12.52554],[-69.41198,-12.5273],[-69.41198,-12.52736],[-69.4119,-12.52788],[-69.41163,-12.52911],[-69.41162,-12.52914],[-69.41129,-12.52986],[-69.41067,-12.53093],[-69.41062,-12.53099],[-69.41001,-12.53202],[-69.40995,-12.53212],[-69.40909,-12.53336],[-69.40818,-12.53442],[-69.40812,-12.53449],[-69.40757,-12.53501],[-69.40742,-12.53512],[-69.40593,-12.53604],[-69.40506,-12.53649],[-69.405,-12.53652],[-69.40368,-12.53708],[-69.40114,-12.53796],[-69.401,-12.538],[-69.40019,-12.53813],[-69.39946,-12.5382],[-69.39937,-12.5382],[-69.39897,-12.53819],[-69.39804,-12.53831],[-69.39767,-12.53833],[-69.39573,-12.53876],[-69.39568,-12.53877],[-69.39297,-12.53955],[-69.3929,-12.53957],[-69.3894,-12.54064],[-69.38485,-12.54319],[-69.3825,-12.54479],[-69.38103,-12.54674],[-69.38097,-12.54682],[-69.37963,-12.5485],[-69.37938,-12.54991],[-69.37988,-12.55194],[-69.37998,-12.55272],[-69.37999,-12.55284],[-69.37996,-12.5536],[-69.38021,-12.5554],[-69.38023,-12.55553],[-69.38055,-12.55806],[-69.38085,-12.55859],[-69.38183,-12.55937],[-69.38186,-12.5594],[-69.38256,-12.56023],[-69.38258,-12.56028],[-69.38291,-12.56138],[-69.38291,-12.56139],[-69.38291,-12.56238],[-69.38281,-12.56318],[-69.38279,-12.56329],[-69.38266,-12.56378],[-69.38244,-12.56433],[-69.38244,-12.56434],[-69.38206,-12.56497],[-69.38137,-12.56644],[-69.38137,-12.56708],[-69.38229,-12.5689],[-69.38343,-12.57011],[-69.3839,-12.57076],[-69.384,-12.57096],[-69.38406,-12.5711],[-69.38472,-12.57188],[-69.38477,-12.57193],[-69.38516,-12.57246],[-69.3864,-12.57325],[-69.38656,-12.57336],[-69.38747,-12.57422],[-69.38756,-12.57431],[-69.39021,-12.57729],[-69.39154,-12.57828],[-69.39233,-12.57871],[-69.39248,-12.5788],[-69.3932,-12.57916],[-69.39408,-12.57997],[-69.3941,-12.57998],[-69.39584,-12.58169],[-69.39586,-12.58171],[-69.39645,-12.58247],[-69.39728,-12.58339],[-69.39803,-12.58481],[-69.39806,-12.58487],[-69.39834,-12.58599],[-69.3994,-12.58801],[-69.39944,-12.58812],[-69.39973,-12.58895],[-69.40038,-12.58968],[-69.40093,-12.58982],[-69.40154,-12.59027],[-69.40159,-12.59032],[-69.40204,-12.59114],[-69.40205,-12.59117],[-69.40239,-12.59225],[-69.40307,-12.59286],[-69.4033,-12.59271],[-69.40404,-12.59212],[-69.40405,-12.59211],[-69.40475,-12.59159],[-69.40547,-12.5912],[-69.40552,-12.59117],[-69.40602,-12.59095],[-69.40624,-12.59088],[-69.40719,-12.59074],[-69.40723,-12.59074],[-69.40826,-12.59079],[-69.40903,-12.59099],[-69.40914,-12.59102],[-69.41007,-12.59142],[-69.4102,-12.59148],[-69.41208,-12.59259],[-69.41211,-12.59261],[-69.41395,-12.5937],[-69.41581,-12.59403],[-69.41686,-12.59399],[-69.41851,-12.59394],[-69.41853,-12.59394],[-69.41961,-12.59413],[-69.42085,-12.5937],[-69.42086,-12.5937],[-69.42148,-12.5935],[-69.42162,-12.59348],[-69.42181,-12.59345],[-69.42209,-12.59339],[-69.42327,-12.5932],[-69.42462,-12.59252],[-69.42465,-12.59251],[-69.42706,-12.59155],[-69.42706,-12.59155],[-69.42771,-12.59146],[-69.42778,-12.59146],[-69.42918,-12.59163],[-69.42929,-12.59165],[-69.42985,-12.59181],[-69.4299,-12.59183],[-69.43036,-12.59205],[-69.43084,-12.59238],[-69.43167,-12.59276],[-69.43291,-12.59287],[-69.43313,-12.5929],[-69.43632,-12.59373],[-69.43776,-12.59385],[-69.43896,-12.59374],[-69.43896,-12.59374],[-69.43954,-12.59374],[-69.44068,-12.59384],[-69.44094,-12.59391],[-69.44137,-12.59408],[-69.4416,-12.59422],[-69.44419,-12.59589],[-69.44581,-12.59672],[-69.44701,-12.59741],[-69.44824,-12.59804],[-69.45078,-12.59952],[-69.45087,-12.59958],[-69.45142,-12.60001],[-69.45182,-12.60039],[-69.45182,-12.60039],[-69.45266,-12.60138],[-69.45335,-12.60202],[-69.45461,-12.60333],[-69.45556,-12.60395],[-69.45569,-12.60403],[-69.45713,-12.60513],[-69.45899,-12.60599],[-69.46094,-12.60654],[-69.46207,-12.60655],[-69.46396,-12.6069],[-69.46408,-12.60692],[-69.46519,-12.60729],[-69.4653,-12.60733],[-69.46656,-12.60789],[-69.46656,-12.60789],[-69.46872,-12.60902],[-69.46998,-12.60968],[-69.47077,-12.61031],[-69.47103,-12.61065],[-69.47127,-12.61122],[-69.47133,-12.61142],[-69.47174,-12.61335],[-69.4722,-12.61442],[-69.47224,-12.61453],[-69.47251,-12.61517],[-69.47432,-12.61661],[-69.47641,-12.61756],[-69.47975,-12.61948],[-69.4798,-12.61951],[-69.48106,-12.62036],[-69.48194,-12.62108],[-69.48247,-12.62151],[-69.48248,-12.62152],[-69.48393,-12.62302],[-69.48556,-12.6251],[-69.48568,-12.62531],[-69.48618,-12.62658],[-69.48671,-12.62738],[-69.48752,-12.62825],[-69.48826,-12.62931],[-69.48951,-12.63073],[-69.491,-12.63262],[-69.49106,-12.63271],[-69.49144,-12.63336],[-69.49148,-12.63393],[-69.49135,-12.63441],[-69.4918,-12.63502],[-69.49377,-12.63691],[-69.49381,-12.63695],[-69.49724,-12.63986],[-69.50023,-12.64137],[-69.50187,-12.64144],[-69.50266,-12.64139],[-69.50501,-12.64141],[-69.50559,-12.64132],[-69.50722,-12.6405],[-69.50844,-12.63965],[-69.511,-12.63831],[-69.51106,-12.63827],[-69.51168,-12.63801],[-69.51183,-12.63796],[-69.51229,-12.63788],[-69.51252,-12.6379],[-69.51305,-12.63816],[-69.51309,-12.63821],[-69.51333,-12.63855],[-69.51339,-12.63855],[-69.51342,-12.63851],[-69.51429,-12.63748],[-69.51504,-12.63663],[-69.51533,-12.63617],[-69.51573,-12.63565],[-69.51644,-12.6346],[-69.51734,-12.6335],[-69.51745,-12.63339],[-69.51842,-12.63261],[-69.51947,-12.6321],[-69.51992,-12.63184],[-69.52082,-12.63138],[-69.52308,-12.62982],[-69.52394,-12.62894],[-69.52459,-12.62837],[-69.5247,-12.62829],[-69.52505,-12.62809],[-69.5251,-12.62807],[-69.5258,-12.62788],[-69.52752,-12.62684],[-69.52725,-12.62602],[-69.52683,-12.62549],[-69.52652,-12.62495],[-69.52648,-12.62485],[-69.52632,-12.62429],[-69.52626,-12.62376],[-69.52614,-12.62323],[-69.52608,-12.62269],[-69.52601,-12.62212],[-69.52607,-12.62155],[-69.5261,-12.62143],[-69.52631,-12.6209],[-69.52655,-12.62037],[-69.52657,-12.62034],[-69.52688,-12.61979],[-69.52728,-12.61927],[-69.52753,-12.61878],[-69.52781,-12.61829],[-69.52796,-12.6178],[-69.52813,-12.61756],[-69.52825,-12.61737],[-69.52826,-12.61735],[-69.52852,-12.61698],[-69.52894,-12.61647],[-69.52898,-12.61643],[-69.52969,-12.61581],[-69.52972,-12.61579],[-69.53032,-12.61534],[-69.53092,-12.61496],[-69.53095,-12.61494],[-69.53157,-12.61459],[-69.5321,-12.6143],[-69.53215,-12.61428],[-69.53269,-12.61407],[-69.53275,-12.61405],[-69.53382,-12.61382],[-69.53386,-12.61381],[-69.53485,-12.61362],[-69.53488,-12.61361],[-69.53594,-12.61338],[-69.53687,-12.61307],[-69.53723,-12.61282],[-69.53808,-12.61178],[-69.53812,-12.61174],[-69.53878,-12.61106],[-69.53927,-12.61063],[-69.53938,-12.61056],[-69.53998,-12.6103],[-69.54051,-12.61009],[-69.54104,-12.60986],[-69.5411,-12.60984],[-69.54175,-12.60968],[-69.54212,-12.6097],[-69.54246,-12.6098],[-69.54247,-12.6098],[-69.54348,-12.61019],[-69.54447,-12.61028],[-69.54511,-12.61019],[-69.54555,-12.61022],[-69.54592,-12.61042],[-69.54601,-12.61048],[-69.54649,-12.61089],[-69.54656,-12.61099],[-69.54668,-12.61107],[-69.54693,-12.61149],[-69.54729,-12.61213],[-69.5473,-12.61215],[-69.5476,-12.61274],[-69.54762,-12.6128],[-69.54805,-12.6139],[-69.54805,-12.61392],[-69.54829,-12.6145],[-69.54848,-12.6151],[-69.54868,-12.61567],[-69.54886,-12.6162],[-69.54888,-12.61627],[-69.54898,-12.61686],[-69.54898,-12.6179],[-69.54901,-12.61892],[-69.54901,-12.61897],[-69.54898,-12.61952],[-69.54882,-12.62011],[-69.54881,-12.62013],[-69.54863,-12.62066],[-69.54842,-12.6212],[-69.54842,-12.62122],[-69.54806,-12.6222],[-69.54805,-12.62222],[-69.54788,-12.62274],[-69.54769,-12.62327],[-69.54749,-12.6238],[-69.54728,-12.62433],[-69.54728,-12.62434],[-69.54696,-12.6249],[-69.54691,-12.62498],[-69.54647,-12.62546],[-69.54573,-12.62612],[-69.54511,-12.62671],[-69.54428,-12.62727],[-69.54371,-12.62763],[-69.5432,-12.62805],[-69.54257,-12.62853],[-69.54252,-12.62856],[-69.54179,-12.62896],[-69.54123,-12.62905],[-69.541,-12.62902],[-69.54079,-12.62886],[-69.54061,-12.62861],[-69.5404,-12.62876],[-69.54017,-12.62888],[-69.54014,-12.62889],[-69.53987,-12.62898],[-69.53927,-12.62916],[-69.53918,-12.62918],[-69.53809,-12.62936],[-69.53701,-12.62979],[-69.53592,-12.63062],[-69.53591,-12.63063],[-69.53519,-12.63115],[-69.53517,-12.63116],[-69.53469,-12.6313],[-69.53436,-12.63117],[-69.53414,-12.63091],[-69.5341,-12.63082],[-69.53396,-12.6305],[-69.53406,-12.63022],[-69.5343,-12.62992],[-69.53445,-12.62975],[-69.53478,-12.62948],[-69.53481,-12.62946],[-69.53553,-12.62898],[-69.53591,-12.62869],[-69.53629,-12.62843],[-69.53661,-12.62818],[-69.53697,-12.6279],[-69.53702,-12.62787],[-69.53744,-12.62764],[-69.53788,-12.6274],[-69.53791,-12.62739],[-69.53874,-12.627],[-69.53915,-12.62677],[-69.53959,-12.62653],[-69.54001,-12.62631],[-69.54038,-12.62606],[-69.54077,-12.62581],[-69.54111,-12.62553],[-69.54147,-12.62527],[-69.54182,-12.62498],[-69.54223,-12.6247],[-69.54224,-12.62469],[-69.54296,-12.62423],[-69.5434,-12.62393],[-69.54341,-12.62392],[-69.54372,-12.62379],[-69.54401,-12.62366],[-69.54469,-12.62358],[-69.54508,-12.62347],[-69.54552,-12.62338],[-69.54555,-12.62337],[-69.54573,-12.62321],[-69.54582,-12.62313],[-69.54592,-12.62299],[-69.54599,-12.62288],[-69.54606,-12.6224],[-69.54607,-12.62196],[-69.54612,-12.62121],[-69.54622,-12.62071],[-69.54623,-12.62068],[-69.54641,-12.61995],[-69.54636,-12.61925],[-69.54635,-12.61881],[-69.54619,-12.61811],[-69.54586,-12.6174],[-69.54563,-12.61706],[-69.54536,-12.61665],[-69.54535,-12.61664],[-69.54483,-12.61582],[-69.54432,-12.61522],[-69.54384,-12.6149],[-69.5435,-12.61473],[-69.54276,-12.61439],[-69.54234,-12.61422],[-69.54196,-12.61406],[-69.5413,-12.61397],[-69.54061,-12.61402],[-69.54057,-12.61404],[-69.54076,-12.61409],[-69.54101,-12.61433],[-69.54108,-12.61458],[-69.54107,-12.61488],[-69.5409,-12.61508],[-69.54068,-12.61522],[-69.54061,-12.61526],[-69.54061,-12.61526],[-69.54048,-12.61532],[-69.54042,-12.61534],[-69.5401,-12.61543],[-69.53971,-12.6155],[-69.53971,-12.6155],[-69.53933,-12.61556],[-69.53899,-12.61559],[-69.5383,-12.61571],[-69.53826,-12.61571],[-69.53761,-12.61579],[-69.53692,-12.61596],[-69.53657,-12.61605],[-69.53657,-12.61605],[-69.53628,-12.61613],[-69.53622,-12.61616],[-69.53616,-12.61619],[-69.53616,-12.61619],[-69.53599,-12.61629],[-69.53598,-12.61629],[-69.53537,-12.61668],[-69.53492,-12.61699],[-69.5349,-12.617],[-69.53419,-12.6173],[-69.53413,-12.61732],[-69.53348,-12.61759],[-69.53348,-12.61759],[-69.53311,-12.61776],[-69.53274,-12.61792],[-69.53216,-12.61825],[-69.53215,-12.61825],[-69.53144,-12.61876],[-69.53081,-12.61933],[-69.53011,-12.6201],[-69.5298,-12.62057],[-69.5296,-12.62087],[-69.5293,-12.62167],[-69.52918,-12.62209],[-69.52903,-12.6225],[-69.52901,-12.62255],[-69.52863,-12.62332],[-69.52858,-12.6234],[-69.52822,-12.62388],[-69.52821,-12.62449],[-69.52833,-12.62459],[-69.52845,-12.62469],[-69.5286,-12.62487],[-69.52887,-12.62519],[-69.52895,-12.62533],[-69.52906,-12.62555],[-69.52909,-12.62578],[-69.52912,-12.62613],[-69.52912,-12.62621],[-69.52906,-12.62669],[-69.52905,-12.62672],[-69.52899,-12.62686],[-69.52891,-12.62703],[-69.52835,-12.62772],[-69.52678,-12.62872],[-69.5268,-12.62891],[-69.52666,-12.62945],[-69.52664,-12.6295],[-69.52591,-12.63054],[-69.52599,-12.63061],[-69.5295,-12.63116],[-69.52953,-12.63116],[-69.53128,-12.63139],[-69.53307,-12.63181],[-69.53314,-12.63183],[-69.53462,-12.63233],[-69.5367,-12.63319],[-69.53683,-12.63326],[-69.53986,-12.63483],[-69.54447,-12.63652],[-69.54453,-12.63655],[-69.54509,-12.63679],[-69.54574,-12.63714],[-69.54582,-12.63718],[-69.54657,-12.63769],[-69.54685,-12.63818],[-69.54692,-12.63821],[-69.54742,-12.63818],[-69.54757,-12.63818],[-69.54875,-12.63832],[-69.54934,-12.63845],[-69.55026,-12.63842],[-69.55062,-12.63843],[-69.55092,-12.6385],[-69.55106,-12.63856],[-69.55113,-12.63861],[-69.55141,-12.6388],[-69.55144,-12.63883],[-69.55175,-12.63929],[-69.55217,-12.63947],[-69.55418,-12.63995],[-69.55638,-12.64041],[-69.55691,-12.64056],[-69.55693,-12.64056],[-69.55814,-12.64085],[-69.56408,-12.64147],[-69.56536,-12.64075],[-69.56543,-12.64071],[-69.56588,-12.64042],[-69.56728,-12.63964],[-69.5673,-12.63963],[-69.57007,-12.63798],[-69.57013,-12.63794],[-69.57063,-12.63764],[-69.57177,-12.63734],[-69.57187,-12.63733],[-69.57363,-12.63708],[-69.57433,-12.63717],[-69.57456,-12.63724],[-69.57503,-12.63745],[-69.57516,-12.63751],[-69.57558,-12.63779],[-69.57751,-12.63921],[-69.57756,-12.63924],[-69.57814,-12.63973],[-69.57814,-12.63973],[-69.57894,-12.64052],[-69.57938,-12.64107],[-69.57944,-12.64115],[-69.58077,-12.64325],[-69.58111,-12.64385],[-69.58113,-12.64388],[-69.58194,-12.6455],[-69.58246,-12.64691],[-69.58247,-12.64694],[-69.58327,-12.64921],[-69.58329,-12.64927],[-69.58377,-12.65067],[-69.58379,-12.65074],[-69.58424,-12.65207],[-69.58533,-12.65375],[-69.5854,-12.65382],[-69.58639,-12.65503],[-69.5865,-12.65518],[-69.58698,-12.656],[-69.58707,-12.65765],[-69.58707,-12.6577],[-69.58701,-12.65937],[-69.58693,-12.66116],[-69.58726,-12.66285],[-69.58726,-12.6629],[-69.58718,-12.66544],[-69.58709,-12.66582],[-69.5866,-12.66681],[-69.58614,-12.66922],[-69.58653,-12.67132],[-69.58723,-12.67166],[-69.58911,-12.67218],[-69.5933,-12.67232],[-69.59338,-12.67232],[-69.59428,-12.67237],[-69.5948,-12.67251],[-69.59486,-12.67253],[-69.59534,-12.67284],[-69.59604,-12.67306],[-69.59654,-12.67315],[-69.59732,-12.67271],[-69.59734,-12.67271],[-69.59962,-12.67172],[-69.59973,-12.67167],[-69.60034,-12.67147],[-69.60164,-12.67117],[-69.60178,-12.67115],[-69.60282,-12.6711],[-69.60347,-12.67112],[-69.60353,-12.67113],[-69.60462,-12.67126],[-69.60522,-12.67141],[-69.60529,-12.67143],[-69.60584,-12.67162],[-69.60603,-12.67171],[-69.60709,-12.67244],[-69.6077,-12.67297],[-69.60777,-12.67304],[-69.6087,-12.67409],[-69.60917,-12.67467],[-69.60922,-12.67475],[-69.60958,-12.67533],[-69.60984,-12.6759],[-69.60985,-12.67592],[-69.61004,-12.67654],[-69.61005,-12.67659],[-69.61041,-12.67818],[-69.61048,-12.67877],[-69.61048,-12.67895],[-69.61044,-12.68044],[-69.61043,-12.68054],[-69.61035,-12.68114],[-69.6101,-12.68218],[-69.61008,-12.68226],[-69.6096,-12.68374],[-69.6095,-12.68398],[-69.60911,-12.68463],[-69.60866,-12.68529],[-69.60853,-12.68543],[-69.60799,-12.68592],[-69.60793,-12.68596],[-69.60719,-12.68651],[-69.60647,-12.68696],[-69.60624,-12.68706],[-69.60561,-12.68759],[-69.60505,-12.68834],[-69.60446,-12.68976],[-69.60428,-12.69036],[-69.6037,-12.69185],[-69.60308,-12.6943],[-69.60293,-12.69559],[-69.60266,-12.69731],[-69.60278,-12.69768],[-69.60293,-12.6979],[-69.6036,-12.69862],[-69.60402,-12.6992],[-69.60411,-12.69936],[-69.60433,-12.69988],[-69.60435,-12.69994],[-69.60455,-12.70058],[-69.60461,-12.70108],[-69.60461,-12.70128],[-69.60453,-12.70167],[-69.60435,-12.70215],[-69.60434,-12.70216],[-69.60403,-12.70274],[-69.60381,-12.70326],[-69.6039,-12.7036],[-69.6047,-12.70425],[-69.60618,-12.70506],[-69.60696,-12.70563],[-69.60767,-12.7059],[-69.6108,-12.70591],[-69.61081,-12.70591],[-69.61545,-12.7053],[-69.61549,-12.70529],[-69.61917,-12.70459],[-69.61942,-12.70457],[-69.62045,-12.70461],[-69.62057,-12.70462],[-69.62196,-12.70473],[-69.62375,-12.70408],[-69.62381,-12.70406],[-69.62604,-12.70328],[-69.62608,-12.70326],[-69.62703,-12.70295],[-69.62749,-12.70285],[-69.62759,-12.70284],[-69.62828,-12.70278],[-69.62935,-12.70274],[-69.63082,-12.7025],[-69.6315,-12.70231],[-69.63355,-12.70199],[-69.63363,-12.70199],[-69.63411,-12.70196],[-69.63526,-12.70194],[-69.63526,-12.70194],[-69.63609,-12.70204],[-69.63619,-12.70206],[-69.63675,-12.7022],[-69.63732,-12.7024],[-69.6374,-12.70243],[-69.63931,-12.70334],[-69.64027,-12.70395],[-69.64128,-12.70454],[-69.64239,-12.70548],[-69.64244,-12.70553],[-69.64354,-12.70656],[-69.64373,-12.70679],[-69.64413,-12.70744],[-69.6444,-12.70801],[-69.64499,-12.70906],[-69.6453,-12.70974],[-69.64605,-12.71124],[-69.64612,-12.71145],[-69.64618,-12.71176],[-69.64625,-12.71243],[-69.6463,-12.71298],[-69.64629,-12.71303],[-69.64626,-12.71348],[-69.64619,-12.71384],[-69.64614,-12.71397],[-69.64575,-12.71483],[-69.64572,-12.71488],[-69.64511,-12.71638],[-69.64507,-12.71856],[-69.64506,-12.71865],[-69.645,-12.71921],[-69.64491,-12.71975],[-69.64512,-12.72122],[-69.64555,-12.72167],[-69.64641,-12.72218],[-69.64672,-12.72229],[-69.64689,-12.72236],[-69.64744,-12.72243],[-69.64842,-12.7223],[-69.64867,-12.72229],[-69.64997,-12.72164],[-69.65136,-12.72053],[-69.65232,-12.72005],[-69.65376,-12.71892],[-69.65438,-12.71792],[-69.6548,-12.71689],[-69.6553,-12.71517],[-69.65567,-12.71419],[-69.65568,-12.71415],[-69.65599,-12.71357],[-69.65626,-12.713],[-69.65693,-12.71185],[-69.65754,-12.71049],[-69.65762,-12.71034],[-69.6581,-12.70964],[-69.65867,-12.70896],[-69.65873,-12.7089],[-69.65924,-12.70841],[-69.65938,-12.7083],[-69.65996,-12.70793],[-69.66097,-12.7074],[-69.66246,-12.70642],[-69.66295,-12.70614],[-69.66306,-12.7061],[-69.66329,-12.706],[-69.66344,-12.70596],[-69.66452,-12.70573],[-69.66578,-12.70567],[-69.66582,-12.70567],[-69.66751,-12.70586],[-69.66758,-12.70587],[-69.66942,-12.70622],[-69.67122,-12.70676],[-69.67292,-12.7071],[-69.67448,-12.70719],[-69.67507,-12.70725],[-69.67477,-12.70686],[-69.67476,-12.70682],[-69.67469,-12.70662],[-69.67455,-12.70547],[-69.67455,-12.70538],[-69.67456,-12.7047],[-69.67458,-12.70454],[-69.67472,-12.70395],[-69.67475,-12.70388],[-69.67494,-12.70358],[-69.6752,-12.70328],[-69.67522,-12.70325],[-69.67552,-12.70305],[-69.67554,-12.70304],[-69.67614,-12.70272],[-69.67677,-12.70248],[-69.67742,-12.70274],[-69.67767,-12.7033],[-69.67781,-12.70333],[-69.67794,-12.70338],[-69.67805,-12.70345],[-69.67814,-12.70353],[-69.67825,-12.70367],[-69.67831,-12.70381],[-69.67833,-12.70385],[-69.67841,-12.70416],[-69.6784,-12.70436],[-69.6784,-12.70443],[-69.67841,-12.70454],[-69.67841,-12.70456],[-69.67835,-12.70523],[-69.67802,-12.70576],[-69.67792,-12.70588],[-69.67754,-12.70614],[-69.67755,-12.70631],[-69.67755,-12.70631],[-69.67763,-12.7065],[-69.67772,-12.70695],[-69.67773,-12.7071],[-69.67772,-12.70733],[-69.67769,-12.70755],[-69.67758,-12.70816],[-69.67894,-12.70917],[-69.67899,-12.70921],[-69.67946,-12.70962],[-69.67963,-12.70982],[-69.68019,-12.71077],[-69.68041,-12.71128],[-69.6811,-12.71231],[-69.68166,-12.71279],[-69.68251,-12.7133],[-69.68334,-12.71385],[-69.6837,-12.71391],[-69.68393,-12.71395],[-69.68454,-12.71409],[-69.68462,-12.71411],[-69.68651,-12.71432],[-69.6899,-12.71415],[-69.69118,-12.71392],[-69.69232,-12.71386],[-69.69375,-12.71308],[-69.69375,-12.71308],[-69.69551,-12.7119],[-69.69562,-12.71183],[-69.69744,-12.7109],[-69.69965,-12.70995],[-69.69967,-12.70995],[-69.70027,-12.70976],[-69.70076,-12.70956],[-69.70096,-12.7095],[-69.70168,-12.70939],[-69.7017,-12.70939],[-69.7033,-12.70943],[-69.70496,-12.70965],[-69.70505,-12.70967],[-69.70621,-12.70996],[-69.70621,-12.70996],[-69.70685,-12.71022],[-69.70918,-12.71145],[-69.70972,-12.71167],[-69.71067,-12.71209],[-69.71169,-12.71243],[-69.71278,-12.71283],[-69.7135,-12.71294],[-69.71495,-12.7129],[-69.71583,-12.71271],[-69.71685,-12.71196],[-69.71728,-12.71095],[-69.71767,-12.71028],[-69.71771,-12.71022],[-69.71867,-12.70891],[-69.71915,-12.70837],[-69.71919,-12.70834],[-69.71964,-12.7079],[-69.72028,-12.7074],[-69.72035,-12.70735],[-69.72102,-12.70693],[-69.72203,-12.70644],[-69.72214,-12.70639],[-69.72266,-12.70622],[-69.72315,-12.7061],[-69.72336,-12.70608],[-69.72458,-12.70606],[-69.72471,-12.70607],[-69.72657,-12.70633],[-69.72689,-12.70644],[-69.72911,-12.70759],[-69.72931,-12.70773],[-69.72968,-12.70806],[-69.73056,-12.70894],[-69.73107,-12.70915],[-69.73211,-12.70942],[-69.73302,-12.7097],[-69.73315,-12.70976],[-69.73418,-12.71026],[-69.73446,-12.71027],[-69.73563,-12.71009],[-69.73623,-12.70991],[-69.73732,-12.70966],[-69.73929,-12.709],[-69.74035,-12.70836],[-69.74192,-12.70753],[-69.74196,-12.70751],[-69.74293,-12.70707],[-69.74358,-12.70684],[-69.74365,-12.70682],[-69.74473,-12.70655],[-69.74694,-12.70609],[-69.74703,-12.70608],[-69.75018,-12.70574],[-69.75246,-12.70564],[-69.75348,-12.70538],[-69.75687,-12.70366],[-69.75698,-12.70361],[-69.75763,-12.70336],[-69.7594,-12.70259],[-69.76053,-12.70216],[-69.76064,-12.70213],[-69.76239,-12.70173],[-69.76307,-12.70164],[-69.76371,-12.70153],[-69.76425,-12.70149],[-69.76716,-12.70067],[-69.77055,-12.69939],[-69.77055,-12.69939],[-69.7741,-12.69847],[-69.77417,-12.69845],[-69.77592,-12.69807],[-69.776,-12.69806],[-69.77671,-12.69793],[-69.77772,-12.69789],[-69.77775,-12.69789],[-69.77845,-12.69795],[-69.77863,-12.69799],[-69.77977,-12.69833],[-69.78079,-12.69888],[-69.78084,-12.69891],[-69.78228,-12.69912],[-69.78223,-12.69903],[-69.78168,-12.69795],[-69.78159,-12.69774],[-69.78145,-12.69721],[-69.78119,-12.69562],[-69.78118,-12.69549],[-69.78117,-12.69396],[-69.78117,-12.69387],[-69.78124,-12.69323],[-69.78138,-12.69261],[-69.78142,-12.69249],[-69.78183,-12.69141],[-69.7819,-12.69126],[-69.78225,-12.69071],[-69.78302,-12.68961],[-69.78308,-12.68952],[-69.78371,-12.68883],[-69.78526,-12.68733],[-69.78535,-12.68725],[-69.78742,-12.68572],[-69.78808,-12.68527],[-69.79069,-12.68312],[-69.79136,-12.68266],[-69.79144,-12.68261],[-69.7931,-12.6817],[-69.79316,-12.68167],[-69.79416,-12.68119],[-69.79476,-12.68095],[-69.79487,-12.68091],[-69.79711,-12.68038],[-69.79827,-12.68036],[-69.7987,-12.68032],[-69.79941,-12.67921],[-69.79963,-12.67896],[-69.80045,-12.67837],[-69.80238,-12.678],[-69.80256,-12.67799],[-69.8043,-12.67803],[-69.80577,-12.67791],[-69.806,-12.67762],[-69.80617,-12.67669],[-69.80618,-12.67658],[-69.80633,-12.67574],[-69.80657,-12.67515],[-69.80657,-12.67514],[-69.80685,-12.67468],[-69.8062,-12.67458],[-69.80611,-12.67456],[-69.80554,-12.67444],[-69.80511,-12.67428],[-69.80508,-12.67427],[-69.80453,-12.67392],[-69.80435,-12.67375],[-69.80404,-12.67337],[-69.80354,-12.67262],[-69.80353,-12.67261],[-69.80331,-12.67203],[-69.8032,-12.67082],[-69.80312,-12.67058],[-69.80294,-12.6694],[-69.80275,-12.66885],[-69.80269,-12.66844],[-69.8027,-12.66817],[-69.8028,-12.66775],[-69.803,-12.66738],[-69.8033,-12.66706],[-69.80364,-12.66686],[-69.80408,-12.66677],[-69.80433,-12.66677],[-69.80486,-12.66687],[-69.80491,-12.66689],[-69.80444,-12.66616],[-69.80441,-12.66612],[-69.80395,-12.66542],[-69.80366,-12.66488],[-69.80363,-12.66481],[-69.80303,-12.66331],[-69.8027,-12.66225],[-69.80266,-12.66202],[-69.80251,-12.6598],[-69.80251,-12.65971],[-69.8025,-12.65859],[-69.80251,-12.6585],[-69.80258,-12.65781],[-69.80274,-12.65705],[-69.80276,-12.65697],[-69.80293,-12.65647],[-69.80299,-12.65633],[-69.80343,-12.65562],[-69.80387,-12.65511],[-69.8039,-12.65508],[-69.80485,-12.65412],[-69.80495,-12.65403],[-69.80566,-12.65351],[-69.8073,-12.65267],[-69.80744,-12.65261],[-69.80898,-12.65214],[-69.81061,-12.65188],[-69.81199,-12.65146],[-69.81204,-12.65146],[-69.81264,-12.6515],[-69.81388,-12.6518],[-69.81648,-12.65187],[-69.81829,-12.65171],[-69.81837,-12.65171],[-69.81937,-12.65167],[-69.81948,-12.65167],[-69.82027,-12.65173],[-69.82084,-12.65181],[-69.82091,-12.65182],[-69.82267,-12.65216],[-69.82277,-12.65218],[-69.82447,-12.65262],[-69.82452,-12.65264],[-69.82574,-12.65296],[-69.82634,-12.65318],[-69.82739,-12.65339],[-69.82906,-12.65376],[-69.82918,-12.6538],[-69.83123,-12.65454],[-69.83265,-12.65469],[-69.83273,-12.6547],[-69.83343,-12.65483],[-69.83445,-12.65512],[-69.83603,-12.65552],[-69.83772,-12.65606],[-69.83918,-12.65641],[-69.83933,-12.65644],[-69.8404,-12.65684],[-69.84093,-12.65708],[-69.84102,-12.65714],[-69.84243,-12.65798],[-69.84249,-12.65802],[-69.84312,-12.65846],[-69.84422,-12.65948],[-69.84428,-12.65955],[-69.84568,-12.66114],[-69.84607,-12.66162],[-69.84617,-12.66178],[-69.84647,-12.6624],[-69.8467,-12.66298],[-69.84672,-12.66305],[-69.84711,-12.6644],[-69.84722,-12.66493],[-69.84724,-12.66506],[-69.84738,-12.66664],[-69.84827,-12.66772],[-69.84943,-12.66829],[-69.85004,-12.66835],[-69.85107,-12.66803],[-69.85206,-12.66736],[-69.85337,-12.6661],[-69.85468,-12.66423],[-69.85675,-12.662],[-69.85765,-12.66085],[-69.85815,-12.66035],[-69.85819,-12.66032],[-69.8592,-12.6594],[-69.85981,-12.65898],[-69.85988,-12.65893],[-69.86061,-12.65854],[-69.8616,-12.65813],[-69.8616,-12.65813],[-69.86239,-12.65794],[-69.86251,-12.65792],[-69.86411,-12.65778],[-69.86412,-12.65778],[-69.86621,-12.6578],[-69.86686,-12.65786],[-69.86697,-12.65788],[-69.86817,-12.65816],[-69.86871,-12.65842],[-69.86878,-12.65846],[-69.86973,-12.65898],[-69.87076,-12.65936],[-69.87132,-12.65959],[-69.87268,-12.65998],[-69.87512,-12.66002],[-69.87705,-12.65971],[-69.8776,-12.65954],[-69.87816,-12.6594],[-69.8794,-12.65894],[-69.87953,-12.65883],[-69.87981,-12.65862],[-69.88066,-12.65722],[-69.88142,-12.65508],[-69.88147,-12.65498],[-69.88178,-12.65433],[-69.88185,-12.65421],[-69.88229,-12.65359],[-69.88327,-12.65234],[-69.88466,-12.65019],[-69.88493,-12.64933],[-69.88489,-12.64887],[-69.88489,-12.64844],[-69.88472,-12.64738],[-69.88465,-12.64672],[-69.88465,-12.64663],[-69.88465,-12.64609],[-69.88465,-12.64601],[-69.88476,-12.64497],[-69.88488,-12.64422],[-69.88507,-12.64292],[-69.88508,-12.64288],[-69.88519,-12.64267],[-69.88549,-12.64219],[-69.88562,-12.64204],[-69.88591,-12.64176],[-69.886,-12.64168],[-69.88645,-12.64137],[-69.88697,-12.64112],[-69.888,-12.64051],[-69.88867,-12.64023],[-69.88974,-12.63968],[-69.88977,-12.63966],[-69.89135,-12.63906],[-69.89142,-12.63903],[-69.89297,-12.63853],[-69.89356,-12.63839],[-69.89363,-12.63837],[-69.89432,-12.63828],[-69.89434,-12.63828],[-69.89533,-12.63825],[-69.8954,-12.63824],[-69.89665,-12.63806],[-69.8985,-12.63724],[-69.89853,-12.63723],[-69.89942,-12.63706],[-69.90007,-12.63683],[-69.90076,-12.63666],[-69.90149,-12.6365],[-69.90255,-12.63642],[-69.90262,-12.63642],[-69.90574,-12.63635],[-69.90757,-12.63563],[-69.90767,-12.63557],[-69.9095,-12.63471],[-69.90968,-12.63464],[-69.91094,-12.6344],[-69.91099,-12.6344],[-69.9117,-12.63445],[-69.9123,-12.63459],[-69.91293,-12.63477],[-69.91398,-12.63541],[-69.91404,-12.63545],[-69.9145,-12.6358],[-69.91543,-12.63662],[-69.91546,-12.63665],[-69.91602,-12.63736],[-69.9161,-12.63749],[-69.91639,-12.63804],[-69.91657,-12.63864],[-69.91658,-12.63868],[-69.91713,-12.64073],[-69.91717,-12.64084],[-69.91727,-12.64136],[-69.91729,-12.6416],[-69.91756,-12.64216],[-69.91838,-12.64272],[-69.91847,-12.64278],[-69.91938,-12.64313],[-69.92011,-12.64309],[-69.92123,-12.64279],[-69.9214,-12.64276],[-69.92239,-12.64267],[-69.92277,-12.64271],[-69.92304,-12.64279],[-69.9233,-12.64291],[-69.9235,-12.64304],[-69.92456,-12.64392],[-69.92505,-12.64417],[-69.92801,-12.64388],[-69.9281,-12.64387],[-69.92909,-12.64384],[-69.93011,-12.64389],[-69.93017,-12.64389],[-69.93106,-12.644],[-69.93262,-12.64428],[-69.93268,-12.64429],[-69.93543,-12.64498],[-69.93708,-12.64564],[-69.93714,-12.64567],[-69.93807,-12.64613],[-69.93848,-12.64637],[-69.93858,-12.64644],[-69.93926,-12.64698],[-69.93928,-12.64701],[-69.93993,-12.64769],[-69.9401,-12.64791],[-69.94019,-12.64806],[-69.94061,-12.64894],[-69.94065,-12.64904],[-69.94154,-12.65183],[-69.94158,-12.65199],[-69.94171,-12.65295],[-69.94177,-12.65425],[-69.94189,-12.65535],[-69.94189,-12.65536],[-69.94189,-12.65583],[-69.94177,-12.65682],[-69.94173,-12.657],[-69.94148,-12.65786],[-69.94144,-12.658],[-69.9407,-12.65986],[-69.94066,-12.65994],[-69.94013,-12.66094],[-69.93951,-12.66201],[-69.93945,-12.6621],[-69.93897,-12.66271],[-69.93897,-12.66271],[-69.93858,-12.66309],[-69.93818,-12.66341],[-69.93804,-12.6635],[-69.93674,-12.66418],[-69.93548,-12.66472],[-69.93545,-12.66474],[-69.93273,-12.66583],[-69.93226,-12.66611],[-69.93162,-12.66679],[-69.93022,-12.66893],[-69.93013,-12.66975],[-69.93102,-12.67132],[-69.93182,-12.67179],[-69.93253,-12.67185],[-69.93261,-12.67186],[-69.93332,-12.67185],[-69.93499,-12.67133],[-69.93506,-12.67131],[-69.93641,-12.67086],[-69.93734,-12.67046],[-69.93742,-12.67043],[-69.93916,-12.66983],[-69.94042,-12.66903],[-69.94183,-12.66775],[-69.94188,-12.66771],[-69.94283,-12.66695],[-69.94346,-12.66658],[-69.94352,-12.66655],[-69.94429,-12.6662],[-69.94438,-12.66616],[-69.9451,-12.66593],[-69.94643,-12.66568],[-69.94748,-12.66549],[-69.9482,-12.66538],[-69.95055,-12.66452],[-69.95189,-12.66376],[-69.95328,-12.66261],[-69.95401,-12.66185],[-69.95412,-12.66176],[-69.95579,-12.66047],[-69.95588,-12.66039],[-69.95638,-12.65994],[-69.95715,-12.65887],[-69.9575,-12.65845],[-69.95764,-12.65832],[-69.95865,-12.65754],[-69.95916,-12.65722],[-69.96142,-12.65483],[-69.96146,-12.65479],[-69.96262,-12.65361],[-69.96266,-12.65357],[-69.96324,-12.65301],[-69.964,-12.65232],[-69.96406,-12.65228],[-69.96488,-12.65167],[-69.9654,-12.65137],[-69.96552,-12.65131],[-69.96637,-12.65101],[-69.96645,-12.65099],[-69.9673,-12.65078],[-69.96894,-12.65053],[-69.97074,-12.64991],[-69.97168,-12.64939],[-69.9717,-12.64938],[-69.97251,-12.64907],[-69.97405,-12.64853],[-69.97415,-12.6485],[-69.97473,-12.64838],[-69.97524,-12.6483],[-69.97532,-12.64829],[-69.97589,-12.64827],[-69.97651,-12.64829],[-69.97661,-12.6483],[-69.97763,-12.64844],[-69.97965,-12.6489],[-69.97979,-12.64895],[-69.98165,-12.64972],[-69.98212,-12.64986],[-69.98216,-12.64989],[-69.98575,-12.65149],[-69.98621,-12.65165],[-69.9867,-12.65186],[-69.98675,-12.65188],[-69.9879,-12.65249],[-69.98895,-12.6532],[-69.98901,-12.65325],[-69.9907,-12.65435],[-69.99137,-12.65457],[-69.9929,-12.6546],[-69.99366,-12.65443],[-69.99431,-12.65415],[-69.99478,-12.65398],[-69.99492,-12.65395],[-69.99738,-12.65343],[-69.99746,-12.65342],[-69.99942,-12.65292],[-69.99953,-12.6529],[-69.99979,-12.65285],[-70.00222,-12.65196],[-70.00319,-12.65135],[-70.00388,-12.65119],[-70.00502,-12.65064],[-70.00517,-12.65055],[-70.00587,-12.65026],[-70.0082,-12.64948],[-70.00851,-12.64929],[-70.00929,-12.64829],[-70.00961,-12.64763],[-70.00994,-12.64708],[-70.01057,-12.64512],[-70.01036,-12.64289],[-70.01002,-12.64222],[-70.00838,-12.6402],[-70.00544,-12.63829],[-70.00533,-12.6382],[-70.00355,-12.63688],[-70.00171,-12.63635],[-70.0015,-12.63628],[-70.00062,-12.63582],[-69.99949,-12.63506],[-69.99905,-12.63481],[-69.99828,-12.6343],[-69.99803,-12.63406],[-69.99736,-12.63306],[-69.99728,-12.63292],[-69.99652,-12.63164],[-69.99652,-12.63163],[-69.99617,-12.63078],[-69.99579,-12.62952],[-69.99579,-12.629],[-69.99616,-12.62769],[-69.9962,-12.62645],[-69.9962,-12.62642],[-69.99627,-12.62543],[-69.99651,-12.62501],[-69.99701,-12.62337],[-69.99737,-12.62227],[-69.99742,-12.62216],[-69.99775,-12.62151],[-69.9981,-12.62098],[-69.99824,-12.62083],[-69.99918,-12.62],[-69.99934,-12.61985],[-69.99935,-12.61984],[-70.00101,-12.61824],[-70.00116,-12.61813],[-70.00175,-12.61772],[-70.00178,-12.61769],[-70.00216,-12.61747],[-70.00236,-12.61736],[-70.00283,-12.61709],[-70.00428,-12.61596],[-70.00489,-12.61555],[-70.00529,-12.61494],[-70.00512,-12.61422],[-70.00475,-12.61358],[-70.00468,-12.61344],[-70.00441,-12.61278],[-70.00436,-12.61264],[-70.00426,-12.61209],[-70.00429,-12.61183],[-70.00439,-12.61153],[-70.00459,-12.61121],[-70.00504,-12.61065],[-70.00517,-12.61052],[-70.00619,-12.60972],[-70.00696,-12.60923],[-70.0072,-12.60912],[-70.00945,-12.60851],[-70.01021,-12.60844],[-70.01028,-12.60843],[-70.01145,-12.60872],[-70.01171,-12.60866],[-70.0131,-12.6071],[-70.01315,-12.60704],[-70.01358,-12.6066],[-70.01366,-12.60652],[-70.01478,-12.60564],[-70.01543,-12.60528],[-70.01553,-12.60524],[-70.01591,-12.6051],[-70.0161,-12.60505],[-70.01773,-12.6048],[-70.01985,-12.60464],[-70.02135,-12.60428],[-70.02162,-12.60424],[-70.02255,-12.60427],[-70.02307,-12.60445],[-70.02347,-12.60476],[-70.0238,-12.60507],[-70.0238,-12.60507],[-70.02435,-12.60578],[-70.02578,-12.60706],[-70.0268,-12.60812],[-70.02685,-12.60818],[-70.02816,-12.60963],[-70.02993,-12.61084],[-70.02997,-12.61086],[-70.03191,-12.61216],[-70.0332,-12.61202],[-70.03379,-12.61173],[-70.03507,-12.61056],[-70.03541,-12.60995],[-70.03589,-12.60833],[-70.03604,-12.60477],[-70.03562,-12.60152],[-70.03561,-12.60135],[-70.03562,-12.60071],[-70.0354,-12.59916],[-70.03538,-12.5982],[-70.03515,-12.59667],[-70.03514,-12.59576],[-70.03514,-12.59576],[-70.03519,-12.59529],[-70.03522,-12.59513],[-70.03555,-12.59403],[-70.03555,-12.59403],[-70.03647,-12.59185],[-70.03691,-12.59123],[-70.03778,-12.58956],[-70.03785,-12.58943],[-70.03858,-12.58836],[-70.03946,-12.58766],[-70.03962,-12.58756],[-70.04096,-12.58691],[-70.0423,-12.58641],[-70.04236,-12.58639],[-70.04334,-12.58611],[-70.04391,-12.586],[-70.04624,-12.58516],[-70.04662,-12.58493],[-70.04663,-12.58493],[-70.0474,-12.58453],[-70.04844,-12.58345],[-70.04888,-12.58263],[-70.04932,-12.5819],[-70.04944,-12.58175],[-70.05118,-12.57992],[-70.05176,-12.57942],[-70.05184,-12.57935],[-70.05257,-12.57889],[-70.05257,-12.57889],[-70.05398,-12.57801],[-70.05406,-12.57796],[-70.05507,-12.57743],[-70.05617,-12.57717],[-70.05638,-12.57715],[-70.05798,-12.57717],[-70.05935,-12.57706],[-70.05988,-12.57723],[-70.06023,-12.57748],[-70.06026,-12.57752],[-70.06309,-12.57762],[-70.06317,-12.57762],[-70.0648,-12.57765],[-70.06564,-12.57776],[-70.06731,-12.57764],[-70.06795,-12.57808],[-70.06747,-12.57853],[-70.06558,-12.57867],[-70.06315,-12.57853],[-70.06001,-12.57859],[-70.05958,-12.57812],[-70.05845,-12.57804],[-70.05637,-12.57805],[-70.05451,-12.57876],[-70.05293,-12.57973],[-70.05181,-12.58057],[-70.04968,-12.58306],[-70.04856,-12.58477],[-70.04779,-12.58536],[-70.04698,-12.58576],[-70.04617,-12.58617],[-70.04414,-12.58687],[-70.04262,-12.58726],[-70.04003,-12.58837],[-70.03862,-12.58993],[-70.03768,-12.59172],[-70.0364,-12.59437],[-70.03606,-12.59575],[-70.0363,-12.59812],[-70.03654,-12.60066],[-70.0368,-12.60286],[-70.03701,-12.60686],[-70.03652,-12.6096],[-70.03597,-12.61087],[-70.03495,-12.61197],[-70.0339,-12.61272],[-70.03248,-12.61311],[-70.03131,-12.61287],[-70.02838,-12.61096],[-70.02648,-12.60919],[-70.02514,-12.60769],[-70.02315,-12.60572],[-70.02252,-12.60517],[-70.02074,-12.60539],[-70.01782,-12.6057],[-70.01587,-12.60608],[-70.01424,-12.60722],[-70.01295,-12.60876],[-70.01203,-12.60954],[-70.01137,-12.60963],[-70.00959,-12.60939],[-70.00673,-12.61045],[-70.00534,-12.61172],[-70.00518,-12.61209],[-70.00553,-12.6131],[-70.00599,-12.61393],[-70.00619,-12.61516],[-70.00546,-12.61626],[-70.00336,-12.61782],[-70.00264,-12.61822],[-70.00244,-12.61833],[-70.00166,-12.61889],[-69.99997,-12.62051],[-69.99981,-12.62066],[-69.99932,-12.62109],[-69.99855,-12.62194],[-69.99789,-12.62365],[-69.99712,-12.62577],[-69.99716,-12.6271],[-69.99692,-12.62841],[-69.99667,-12.62926],[-69.99703,-12.63045],[-69.99808,-12.63248],[-69.99879,-12.63355],[-69.99953,-12.63404],[-69.99998,-12.63429],[-70.00107,-12.63504],[-70.00357,-12.63586],[-70.00522,-12.63693],[-70.00837,-12.63899],[-70.01023,-12.64092],[-70.01113,-12.64233],[-70.01152,-12.64404],[-70.01139,-12.64585],[-70.01043,-12.64802],[-70.00979,-12.64925],[-70.00884,-12.65013],[-70.0062,-12.65109],[-70.00507,-12.6517],[-70.00354,-12.65219],[-70.00113,-12.65348],[-70.0,-12.65374],[-69.99974,-12.65378],[-69.99912,-12.65395],[-69.99759,-12.65431],[-69.99508,-12.65484],[-69.99399,-12.65528],[-69.99299,-12.6555],[-69.9912,-12.65546],[-69.99031,-12.65517],[-69.98842,-12.65394],[-69.98632,-12.65268],[-69.98543,-12.65233],[-69.98177,-12.6507],[-69.97944,-12.64978],[-69.97648,-12.64919],[-69.97537,-12.6492],[-69.97436,-12.64938],[-69.97204,-12.65022],[-69.97004,-12.65119],[-69.96748,-12.65166],[-69.96585,-12.65215],[-69.96462,-12.65299],[-69.96332,-12.6542],[-69.9621,-12.65544],[-69.95971,-12.65795],[-69.95821,-12.65903],[-69.95709,-12.66052],[-69.95639,-12.66115],[-69.95467,-12.66248],[-69.95324,-12.66386],[-69.95157,-12.66503],[-69.94871,-12.66619],[-69.94762,-12.66638],[-69.9466,-12.66657],[-69.94535,-12.6668],[-69.94392,-12.66737],[-69.94247,-12.6684],[-69.941,-12.66974],[-69.93959,-12.67064],[-69.9377,-12.67129],[-69.93592,-12.67201],[-69.93444,-12.6725],[-69.93299,-12.6728],[-69.93204,-12.67275],[-69.93089,-12.67245],[-69.92943,-12.67044],[-69.92911,-12.6695],[-69.92938,-12.66856],[-69.93089,-12.66624],[-69.93166,-12.66543],[-69.93232,-12.66502],[-69.93511,-12.6639],[-69.93761,-12.6627],[-69.93832,-12.66207],[-69.93932,-12.66052],[-69.94058,-12.65767],[-69.94086,-12.65671],[-69.94097,-12.65535],[-69.94079,-12.653],[-69.94023,-12.65082],[-69.93936,-12.64844],[-69.93861,-12.64762],[-69.93764,-12.64692],[-69.93509,-12.64582],[-69.93093,-12.64489],[-69.92908,-12.64474],[-69.92585,-12.64509],[-69.92457,-12.64498],[-69.92363,-12.64437],[-69.92266,-12.64361],[-69.92149,-12.64366],[-69.92024,-12.64398],[-69.9192,-12.64402],[-69.91791,-12.6435],[-69.91683,-12.64272],[-69.91638,-12.64182],[-69.91627,-12.64103],[-69.91568,-12.63888],[-69.91528,-12.6379],[-69.9139,-12.63648],[-69.91258,-12.63561],[-69.91159,-12.63534],[-69.91095,-12.63531],[-69.90808,-12.63638],[-69.90589,-12.63724],[-69.90262,-12.63733],[-69.9016,-12.63739],[-69.90038,-12.63767],[-69.89966,-12.63794],[-69.89715,-12.63885],[-69.89595,-12.63914],[-69.89489,-12.6392],[-69.89377,-12.63927],[-69.89172,-12.63989],[-69.89009,-12.64051],[-69.88837,-12.64134],[-69.88688,-12.64216],[-69.88626,-12.64268],[-69.88592,-12.64326],[-69.88567,-12.64508],[-69.88557,-12.64663],[-69.88581,-12.64836],[-69.88586,-12.64937],[-69.8855,-12.65058],[-69.88402,-12.65287],[-69.88261,-12.65473],[-69.88194,-12.65651],[-69.8809,-12.65876],[-69.88015,-12.65949],[-69.87946,-12.6599],[-69.87786,-12.6604],[-69.8763,-12.6608],[-69.87354,-12.66093],[-69.87188,-12.66072],[-69.87043,-12.6602],[-69.86887,-12.65958],[-69.86782,-12.65899],[-69.8662,-12.6587],[-69.86259,-12.65882],[-69.86096,-12.65937],[-69.85981,-12.66008],[-69.85832,-12.66148],[-69.85537,-12.66482],[-69.85366,-12.66711],[-69.85214,-12.66847],[-69.85093,-12.66908],[-69.84999,-12.66925],[-69.84866,-12.66901],[-69.847,-12.66773],[-69.84639,-12.66615],[-69.84622,-12.66463],[-69.84563,-12.66275],[-69.84498,-12.66172],[-69.84249,-12.65912],[-69.84099,-12.6582],[-69.84004,-12.65766],[-69.83841,-12.65719],[-69.83576,-12.65639],[-69.83321,-12.6557],[-69.83154,-12.65551],[-69.83045,-12.65524],[-69.8272,-12.65427],[-69.82543,-12.65381],[-69.82366,-12.65338],[-69.82133,-12.65285],[-69.82019,-12.65263],[-69.81896,-12.65259],[-69.81805,-12.65266],[-69.81651,-12.65277],[-69.81368,-12.65269],[-69.81199,-12.65236],[-69.80921,-12.65301],[-69.80613,-12.65428],[-69.80456,-12.65571],[-69.80379,-12.65678],[-69.80349,-12.65793],[-69.80343,-12.65971],[-69.80358,-12.66199],[-69.80449,-12.66448],[-69.80517,-12.66562],[-69.80681,-12.66792],[-69.80702,-12.66883],[-69.80676,-12.66906],[-69.80586,-12.66867],[-69.80451,-12.66771],[-69.80399,-12.6677],[-69.80365,-12.6681],[-69.80363,-12.66862],[-69.80401,-12.67036],[-69.80418,-12.67175],[-69.80479,-12.67285],[-69.80507,-12.67318],[-69.80585,-12.67359],[-69.8069,-12.67374],[-69.80779,-12.67412],[-69.80797,-12.67441],[-69.80777,-12.67494],[-69.80719,-12.67606],[-69.80708,-12.67738],[-69.80654,-12.67847],[-69.80538,-12.67893],[-69.80255,-12.67889],[-69.8002,-12.67967],[-69.79936,-12.68096],[-69.79832,-12.68127],[-69.79509,-12.68179],[-69.79357,-12.68248],[-69.79188,-12.6834],[-69.78864,-12.68599],[-69.78591,-12.68797],[-69.78378,-12.69012],[-69.78269,-12.69173],[-69.78215,-12.69336],[-69.7821,-12.69548],[-69.78248,-12.6975],[-69.78308,-12.69867],[-69.78504,-12.70164],[-69.78732,-12.70357],[-69.78827,-12.70408],[-69.79019,-12.70461],[-69.79307,-12.70491],[-69.79495,-12.70481],[-69.7972,-12.70534],[-69.79838,-12.70577],[-69.79938,-12.70652],[-69.8005,-12.70819],[-69.80079,-12.7093],[-69.80084,-12.71028],[-69.80092,-12.71139],[-69.80057,-12.71333],[-69.80033,-12.71552],[-69.80033,-12.71883],[-69.79991,-12.7206],[-69.79914,-12.72401],[-69.79852,-12.72513],[-69.79798,-12.72564],[-69.79713,-12.72615],[-69.79594,-12.72664],[-69.79424,-12.7268],[-69.79162,-12.72668],[-69.79,-12.72617],[-69.78823,-12.72514],[-69.78749,-12.72439],[-69.78559,-12.72146],[-69.78477,-12.71864],[-69.78477,-12.71698],[-69.78517,-12.71463],[-69.78609,-12.71154],[-69.78655,-12.70959],[-69.78644,-12.70792],[-69.78594,-12.70573],[-69.78492,-12.7032],[-69.78412,-12.70233],[-69.78255,-12.70107],[-69.77942,-12.69917],[-69.77776,-12.69879],[-69.77618,-12.69894],[-69.77433,-12.69934],[-69.77025,-12.7005],[-69.76498,-12.70224],[-69.7638,-12.70243],[-69.76255,-12.70261],[-69.75975,-12.70342],[-69.75732,-12.70444],[-69.75382,-12.70623],[-69.75257,-12.70654],[-69.74713,-12.70698],[-69.74388,-12.70769],[-69.74235,-12.70833],[-69.73974,-12.70979],[-69.73755,-12.71054],[-69.73587,-12.71097],[-69.7345,-12.71118],[-69.73395,-12.71114],[-69.73274,-12.71056],[-69.73077,-12.71001],[-69.72997,-12.70963],[-69.72869,-12.7084],[-69.72644,-12.70723],[-69.72532,-12.70707],[-69.72337,-12.70698],[-69.72244,-12.70725],[-69.72085,-12.70811],[-69.71984,-12.70898],[-69.71846,-12.71074],[-69.71766,-12.71239],[-69.71666,-12.71331],[-69.71573,-12.71368],[-69.71443,-12.71385],[-69.71298,-12.7138],[-69.71139,-12.71328],[-69.70935,-12.71249],[-69.7065,-12.71106],[-69.70483,-12.71055],[-69.70168,-12.7103],[-69.70058,-12.71061],[-69.69782,-12.71173],[-69.6949,-12.71345],[-69.69359,-12.71423],[-69.69242,-12.71476],[-69.69124,-12.71482],[-69.68886,-12.71516],[-69.68501,-12.71515],[-69.68388,-12.71489],[-69.68323,-12.71478],[-69.68202,-12.71406],[-69.68063,-12.71313],[-69.68003,-12.7124],[-69.67957,-12.71164],[-69.67884,-12.71028],[-69.67696,-12.70884],[-69.6767,-12.70847],[-69.6768,-12.7073],[-69.67677,-12.70683],[-69.67632,-12.70618],[-69.67609,-12.70502],[-69.67635,-12.70423],[-69.67645,-12.70367],[-69.67566,-12.70412],[-69.67548,-12.70472],[-69.67557,-12.70637],[-69.67598,-12.70687],[-69.67618,-12.70757],[-69.67602,-12.70806],[-69.67572,-12.70819],[-69.67441,-12.70809],[-69.67244,-12.70794],[-69.66918,-12.70709],[-69.66582,-12.70658],[-69.66364,-12.70684],[-69.66293,-12.7072],[-69.66041,-12.70872],[-69.65938,-12.70954],[-69.65839,-12.71084],[-69.65774,-12.71227],[-69.65682,-12.71397],[-69.65617,-12.71547],[-69.65547,-12.71774],[-69.65495,-12.7188],[-69.6535,-12.72038],[-69.65273,-12.72085],[-69.65053,-12.72235],[-69.64885,-12.72321],[-69.64807,-12.72329],[-69.6466,-12.72325],[-69.64608,-12.72302],[-69.64502,-12.7224],[-69.64436,-12.72185],[-69.644,-12.72037],[-69.64409,-12.7191],[-69.64415,-12.71682],[-69.64438,-12.71543],[-69.64529,-12.71362],[-69.64533,-12.71342],[-69.64533,-12.71252],[-69.64522,-12.71164],[-69.64446,-12.71012],[-69.64358,-12.70842],[-69.64295,-12.70725],[-69.64178,-12.70616],[-69.63978,-12.70472],[-69.637,-12.70325],[-69.63597,-12.70294],[-69.63415,-12.70286],[-69.63171,-12.70319],[-69.62994,-12.70359],[-69.62831,-12.70368],[-69.62729,-12.70382],[-69.62527,-12.70454],[-69.62292,-12.70538],[-69.62218,-12.70561],[-69.62066,-12.70556],[-69.6194,-12.70547],[-69.61564,-12.70618],[-69.61086,-12.70681],[-69.60749,-12.70679],[-69.60649,-12.70641],[-69.60421,-12.70501],[-69.60314,-12.70413],[-69.6029,-12.70347],[-69.60298,-12.70283],[-69.60349,-12.70182],[-69.6037,-12.70116],[-69.60347,-12.70022],[-69.60292,-12.69922],[-69.60202,-12.69821],[-69.60173,-12.69745],[-69.60201,-12.69548],[-69.60238,-12.69314],[-69.60342,-12.69004],[-69.60395,-12.68848],[-69.60458,-12.6874],[-69.60571,-12.68627],[-69.60666,-12.68577],[-69.6079,-12.68478],[-69.6087,-12.68353],[-69.60921,-12.68197],[-69.60951,-12.68044],[-69.60957,-12.67887],[-69.60915,-12.67679],[-69.60875,-12.67571],[-69.608,-12.67468],[-69.60649,-12.67312],[-69.60499,-12.67228],[-69.60343,-12.67203],[-69.60184,-12.67206],[-69.60003,-12.67253],[-69.59767,-12.67355],[-69.59653,-12.67407],[-69.59501,-12.67369],[-69.59451,-12.67337],[-69.59334,-12.67322],[-69.58895,-12.67308],[-69.5869,-12.67251],[-69.58573,-12.67192],[-69.58523,-12.66933],[-69.58577,-12.66642],[-69.58626,-12.66415],[-69.58601,-12.66123],[-69.58615,-12.65767],[-69.58571,-12.65564],[-69.58465,-12.65436],[-69.58339,-12.65244],[-69.58291,-12.65099],[-69.58241,-12.64953],[-69.58159,-12.64721],[-69.58031,-12.64429],[-69.57866,-12.64163],[-69.57749,-12.64037],[-69.57506,-12.63853],[-69.57419,-12.63807],[-69.572,-12.63822],[-69.57063,-12.6387],[-69.56773,-12.64043],[-69.56593,-12.64146],[-69.56429,-12.64236],[-69.55886,-12.64187],[-69.55709,-12.64155],[-69.55666,-12.64143],[-69.55398,-12.64084],[-69.55189,-12.64033],[-69.55129,-12.64008],[-69.55101,-12.63984],[-69.55071,-12.6394],[-69.55025,-12.63931],[-69.5498,-12.63933],[-69.54861,-12.63921],[-69.54688,-12.63912],[-69.54632,-12.63896],[-69.54592,-12.63834],[-69.54471,-12.63762],[-69.54065,-12.63614],[-69.53715,-12.63452],[-69.5343,-12.63317],[-69.53111,-12.63228],[-69.52789,-12.63192],[-69.52468,-12.63119],[-69.52456,-12.63087],[-69.52476,-12.63045],[-69.52573,-12.62923],[-69.52548,-12.62911],[-69.52537,-12.62894],[-69.52457,-12.62959],[-69.52283,-12.63118],[-69.52036,-12.63264],[-69.51889,-12.63337],[-69.51717,-12.63514],[-69.51609,-12.63668],[-69.51498,-12.63807],[-69.51336,-12.64012],[-69.51251,-12.64084],[-69.51176,-12.64082],[-69.51159,-12.64031],[-69.5125,-12.63914],[-69.5124,-12.6388],[-69.51204,-12.63884],[-69.50891,-12.64042],[-69.50642,-12.64196],[-69.50548,-12.64228],[-69.5027,-12.64229],[-69.5009,-12.64233],[-69.49999,-12.64226],[-69.49916,-12.64188],[-69.49672,-12.64061],[-69.49314,-12.63757],[-69.49111,-12.63561],[-69.49038,-12.63458],[-69.49047,-12.63417],[-69.49027,-12.63317],[-69.48753,-12.62986],[-69.486,-12.62796],[-69.48535,-12.62698],[-69.48326,-12.62363],[-69.48201,-12.62241],[-69.48136,-12.62177],[-69.4805,-12.62107],[-69.47602,-12.61838],[-69.47319,-12.617],[-69.47149,-12.61526],[-69.47086,-12.61364],[-69.47042,-12.61157],[-69.46948,-12.61042],[-69.46621,-12.60872],[-69.46487,-12.60814],[-69.46206,-12.60745],[-69.4604,-12.60736],[-69.45791,-12.60652],[-69.45622,-12.60561],[-69.45462,-12.60447],[-69.4527,-12.60266],[-69.45117,-12.60103],[-69.45031,-12.6003],[-69.44656,-12.59821],[-69.44375,-12.59668],[-69.44101,-12.59492],[-69.43954,-12.59465],[-69.43778,-12.59476],[-69.43615,-12.59462],[-69.43286,-12.59377],[-69.43146,-12.59364],[-69.43034,-12.59314],[-69.4295,-12.59264],[-69.42778,-12.59236],[-69.42583,-12.59304],[-69.42363,-12.59404],[-69.42211,-12.5943],[-69.42176,-12.59436],[-69.42049,-12.59484],[-69.41854,-12.59485],[-69.41579,-12.59494],[-69.41353,-12.59451],[-69.41162,-12.59338],[-69.40971,-12.59225],[-69.40816,-12.59168],[-69.40639,-12.59177],[-69.40524,-12.59234],[-69.40395,-12.59334],[-69.40311,-12.59387],[-69.40209,-12.5933],[-69.4012,-12.59152],[-69.40058,-12.59065],[-69.39943,-12.59013],[-69.39859,-12.58843],[-69.39747,-12.5863],[-69.39654,-12.58391],[-69.39521,-12.58235],[-69.39343,-12.58061],[-69.39189,-12.5795],[-69.38961,-12.57797],[-69.38683,-12.57486],[-69.38483,-12.57336],[-69.38412,-12.57257],[-69.3839,-12.57235],[-69.38324,-12.57155],[-69.38287,-12.57089],[-69.38155,-12.56945],[-69.38047,-12.5673],[-69.38045,-12.56628],[-69.38125,-12.56453],[-69.3818,-12.56345],[-69.38199,-12.56237],[-69.38171,-12.56058],[-69.38018,-12.55923],[-69.37966,-12.5583],[-69.37931,-12.55559],[-69.37904,-12.5536],[-69.37898,-12.5521],[-69.37845,-12.54927],[-69.37943,-12.54713],[-69.38156,-12.54446],[-69.38231,-12.54376],[-69.38741,-12.54066],[-69.39049,-12.53927],[-69.39337,-12.53844],[-69.39615,-12.53767],[-69.39799,-12.53741],[-69.39938,-12.5373],[-69.40084,-12.53711],[-69.40463,-12.53569],[-69.40693,-12.53435],[-69.40837,-12.5328],[-69.40956,-12.53091],[-69.41046,-12.52948],[-69.41082,-12.52857],[-69.41106,-12.52736],[-69.41103,-12.52681],[-69.41084,-12.52488],[-69.4103,-12.52104],[-69.40946,-12.51894],[-69.40789,-12.51736],[-69.40676,-12.51618],[-69.40522,-12.51522],[-69.40341,-12.51436],[-69.39908,-12.51338],[-69.39753,-12.51227],[-69.3946,-12.51078],[-69.39181,-12.51003],[-69.39044,-12.50972],[-69.38773,-12.5084],[-69.38627,-12.5084],[-69.38472,-12.50838],[-69.38272,-12.50792],[-69.37892,-12.50665],[-69.37516,-12.50547],[-69.3736,-12.50502],[-69.37263,-12.50485],[-69.37166,-12.50499],[-69.37143,-12.50524],[-69.37118,-12.50587],[-69.37065,-12.507],[-69.36853,-12.50922],[-69.36618,-12.51149],[-69.36318,-12.51426],[-69.35968,-12.51699],[-69.35809,-12.51908],[-69.35795,-12.52059],[-69.35831,-12.52335],[-69.35795,-12.52513],[-69.35741,-12.52587],[-69.35545,-12.527],[-69.3531,-12.52938],[-69.35107,-12.53165],[-69.34944,-12.53353],[-69.34787,-12.53528],[-69.34606,-12.5379],[-69.34493,-12.54012],[-69.34432,-12.54146],[-69.34389,-12.54388],[-69.3439,-12.54586],[-69.34355,-12.55089],[-69.34362,-12.55176],[-69.34376,-12.55209],[-69.34402,-12.55313],[-69.34432,-12.55683],[-69.3448,-12.55843],[-69.34597,-12.56056],[-69.34619,-12.56105],[-69.34787,-12.56373],[-69.34888,-12.56583],[-69.34902,-12.56743],[-69.34836,-12.56909],[-69.34639,-12.57279],[-69.34502,-12.57458],[-69.34308,-12.57575],[-69.34072,-12.57667],[-69.33813,-12.57708],[-69.33528,-12.57675],[-69.33122,-12.57533],[-69.3293,-12.57397],[-69.32529,-12.57117],[-69.32371,-12.57026],[-69.32077,-12.56937],[-69.31865,-12.56932],[-69.31544,-12.57046],[-69.31279,-12.57217],[-69.31043,-12.57463],[-69.30893,-12.57533],[-69.30617,-12.5772],[-69.30398,-12.57837],[-69.30154,-12.57939],[-69.29899,-12.58161],[-69.29735,-12.58274],[-69.29574,-12.58394],[-69.29375,-12.58552],[-69.29131,-12.58761],[-69.28892,-12.58939],[-69.28745,-12.59036],[-69.28492,-12.59244],[-69.28193,-12.59445],[-69.27971,-12.59574],[-69.27823,-12.59665],[-69.27565,-12.59707],[-69.2747,-12.59698],[-69.27368,-12.59627],[-69.27187,-12.59317],[-69.27089,-12.59076],[-69.27086,-12.58924],[-69.27051,-12.58616],[-69.26829,-12.58025],[-69.26754,-12.57807],[-69.26577,-12.57536],[-69.26418,-12.57289],[-69.26375,-12.57251],[-69.26316,-12.57229],[-69.26254,-12.57193],[-69.26012,-12.57006],[-69.25753,-12.56892],[-69.25505,-12.56846],[-69.25392,-12.56836],[-69.25175,-12.56877],[-69.25059,-12.56928],[-69.24926,-12.56958],[-69.24864,-12.57],[-69.24787,-12.57082],[-69.24601,-12.57207],[-69.24381,-12.57268],[-69.23996,-12.57398],[-69.23764,-12.5749],[-69.23694,-12.57513],[-69.23415,-12.57618],[-69.23237,-12.57659],[-69.23018,-12.57724],[-69.22831,-12.5774],[-69.22695,-12.57741],[-69.22482,-12.57782],[-69.2225,-12.57855],[-69.21817,-12.58003],[-69.21568,-12.58067],[-69.21425,-12.58085],[-69.21239,-12.58049],[-69.21104,-12.5799],[-69.20927,-12.57855],[-69.20749,-12.57738],[-69.207,-12.57672],[-69.20664,-12.57532],[-69.20649,-12.5732],[-69.20718,-12.57014],[-69.20762,-12.56874],[-69.20862,-12.56446],[-69.20942,-12.56231],[-69.21101,-12.55954],[-69.21324,-12.55682],[-69.21597,-12.55415],[-69.2169,-12.5537],[-69.21946,-12.552],[-69.22141,-12.55154],[-69.22402,-12.55154],[-69.22725,-12.55102],[-69.23024,-12.55043],[-69.23199,-12.54985],[-69.23392,-12.54861],[-69.23508,-12.54782],[-69.23628,-12.54582],[-69.23696,-12.54347],[-69.23676,-12.54131],[-69.23675,-12.53992],[-69.23639,-12.53846],[-69.23538,-12.53645],[-69.23283,-12.53356],[-69.22972,-12.53109],[-69.22702,-12.52962],[-69.22554,-12.52918],[-69.22142,-12.5294],[-69.21871,-12.52926],[-69.2175,-12.52875],[-69.21656,-12.52773],[-69.21577,-12.52635],[-69.21516,-12.52315],[-69.21504,-12.52103],[-69.21523,-12.51858],[-69.21597,-12.51614],[-69.21669,-12.51375],[-69.21704,-12.51238],[-69.21852,-12.50923],[-69.21868,-12.50745],[-69.21885,-12.50679],[-69.21907,-12.50648],[-69.21972,-12.507],[-69.2205,-12.50827],[-69.22053,-12.50832],[-69.22145,-12.50971],[-69.22379,-12.51146],[-69.22611,-12.51226],[-69.22815,-12.51266],[-69.23122,-12.51254],[-69.23447,-12.51288],[-69.2386,-12.51315],[-69.24163,-12.51399],[-69.24281,-12.5145],[-69.2439,-12.51524],[-69.24492,-12.51639],[-69.24663,-12.51894],[-69.24895,-12.52031],[-69.25106,-12.52139],[-69.25207,-12.5215],[-69.25306,-12.52093],[-69.2533,-12.52001],[-69.2533,-12.51785],[-69.25304,-12.51584],[-69.25298,-12.51398],[-69.25309,-12.51124],[-69.25347,-12.50882],[-69.25348,-12.50734],[-69.25288,-12.50582],[-69.25214,-12.50536],[-69.2506,-12.50522],[-69.2477,-12.50659],[-69.24537,-12.50782],[-69.24357,-12.5085],[-69.24239,-12.5088],[-69.24136,-12.50844],[-69.24114,-12.50803],[-69.24105,-12.50576],[-69.2414,-12.50353],[-69.24373,-12.5],[-69.24398,-12.49932],[-69.24483,-12.49548],[-69.24514,-12.49336],[-69.24558,-12.49267],[-69.24833,-12.49141],[-69.25036,-12.49029],[-69.25077,-12.4886],[-69.24991,-12.48515],[-69.24922,-12.4829],[-69.24942,-12.48075],[-69.25128,-12.47697],[-69.25203,-12.47419],[-69.25124,-12.4713],[-69.25155,-12.4701],[-69.2532,-12.46899],[-69.25553,-12.4688],[-69.25747,-12.46982],[-69.25891,-12.47172],[-69.25952,-12.47536],[-69.26054,-12.47598],[-69.2615,-12.47588],[-69.26267,-12.47512],[-69.26353,-12.47416],[-69.26385,-12.47226],[-69.26337,-12.46988],[-69.26031,-12.46571],[-69.25717,-12.46294],[-69.2562,-12.46154],[-69.25658,-12.45974],[-69.25782,-12.45844],[-69.25838,-12.45737],[-69.25861,-12.45636],[-69.25806,-12.45585],[-69.25618,-12.45554],[-69.2542,-12.45608],[-69.25114,-12.45791],[-69.24979,-12.45912],[-69.249,-12.45923],[-69.24791,-12.45873],[-69.24645,-12.45784],[-69.24617,-12.45628],[-69.24736,-12.45344],[-69.24833,-12.45141],[-69.2506,-12.44912],[-69.25271,-12.44823],[-69.25544,-12.44742],[-69.25838,-12.44679],[-69.25941,-12.44571],[-69.26129,-12.44109],[-69.26251,-12.44015],[-69.2662,-12.43923],[-69.2692,-12.43816],[-69.27045,-12.43543],[-69.27151,-12.43358],[-69.27344,-12.43227],[-69.2739,-12.43096],[-69.274,-12.42981],[-69.27392,-12.42963],[-69.27307,-12.42908],[-69.2688,-12.42885],[-69.2664,-12.42824],[-69.26421,-12.42679],[-69.26142,-12.42576],[-69.25966,-12.42537],[-69.25772,-12.42562],[-69.25628,-12.42635],[-69.25287,-12.42888],[-69.25168,-12.42895],[-69.25084,-12.42852],[-69.25058,-12.42771],[-69.25085,-12.42682],[-69.25239,-12.42571],[-69.25445,-12.4248],[-69.25824,-12.42286],[-69.26069,-12.4209],[-69.26239,-12.41862],[-69.26272,-12.41563],[-69.2622,-12.4148],[-69.26053,-12.41377],[-69.25825,-12.41306],[-69.2569,-12.41321],[-69.25485,-12.41418],[-69.25368,-12.41547],[-69.25238,-12.4153],[-69.24919,-12.41298],[-69.24782,-12.41132],[-69.24427,-12.4081],[-69.24322,-12.40649],[-69.24258,-12.40411],[-69.24205,-12.39973],[-69.2411,-12.39509],[-69.24013,-12.39227],[-69.23994,-12.39023],[-69.23982,-12.38873],[-69.24062,-12.38762],[-69.24218,-12.38638],[-69.24496,-12.38525],[-69.24749,-12.38501],[-69.2504,-12.38473],[-69.25318,-12.38504],[-69.25711,-12.38464],[-69.25877,-12.38443],[-69.26014,-12.3855],[-69.26058,-12.38662],[-69.26178,-12.38859],[-69.26265,-12.38915],[-69.26566,-12.38939],[-69.26645,-12.38908],[-69.26716,-12.38824],[-69.269,-12.38308],[-69.26966,-12.38207],[-69.27229,-12.38053],[-69.27437,-12.3788],[-69.27541,-12.37726],[-69.27607,-12.37313],[-69.27616,-12.37251],[-69.27611,-12.37162],[-69.27556,-12.36956],[-69.27409,-12.36829],[-69.26818,-12.36609],[-69.26707,-12.36547],[-69.26302,-12.36524],[-69.25704,-12.36467],[-69.2547,-12.36425],[-69.25285,-12.36428],[-69.2463,-12.36458],[-69.24426,-12.36357],[-69.24277,-12.3624],[-69.2413,-12.36053],[-69.23884,-12.35706],[-69.23728,-12.35495],[-69.23588,-12.35286],[-69.23503,-12.35067],[-69.235,-12.34757],[-69.23595,-12.34599],[-69.23988,-12.34335],[-69.2415,-12.34214],[-69.24408,-12.34081],[-69.2463,-12.34047],[-69.24959,-12.34015],[-69.25054,-12.33966],[-69.25251,-12.33843],[-69.25748,-12.33861],[-69.25947,-12.33911],[-69.26141,-12.33852],[-69.26428,-12.33857],[-69.26677,-12.33932],[-69.27006,-12.33838],[-69.27046,-12.33643],[-69.26985,-12.33442],[-69.26883,-12.33029],[-69.26885,-12.32818],[-69.26978,-12.32597],[-69.27076,-12.32281],[-69.27122,-12.32035],[-69.27182,-12.31754],[-69.27121,-12.31442],[-69.26966,-12.31311],[-69.26844,-12.31296],[-69.26628,-12.31326],[-69.26152,-12.31663],[-69.25845,-12.3191],[-69.25651,-12.3209],[-69.25496,-12.32175],[-69.25402,-12.32188],[-69.25332,-12.32128],[-69.25409,-12.31847],[-69.25636,-12.31405],[-69.25697,-12.31209],[-69.25762,-12.30998],[-69.25931,-12.30642],[-69.26077,-12.30415],[-69.26402,-12.29995],[-69.26418,-12.29846],[-69.2639,-12.29738],[-69.26364,-12.29711],[-69.26133,-12.29568],[-69.25844,-12.29518],[-69.25552,-12.29582],[-69.25236,-12.29575],[-69.25141,-12.29492],[-69.25068,-12.29276],[-69.24966,-12.28846],[-69.24967,-12.28684],[-69.25138,-12.28292],[-69.25318,-12.28091],[-69.25431,-12.28084],[-69.25846,-12.28129],[-69.26237,-12.28178],[-69.26601,-12.28198],[-69.26792,-12.28146],[-69.26831,-12.28082],[-69.26794,-12.27931],[-69.26732,-12.27596],[-69.26757,-12.27367],[-69.26978,-12.27007],[-69.27378,-12.26571],[-69.27385,-12.26417],[-69.27272,-12.26198],[-69.27053,-12.25825],[-69.26958,-12.25601],[-69.26952,-12.25458],[-69.27092,-12.25284],[-69.27287,-12.25146],[-69.27537,-12.24707],[-69.27662,-12.24531],[-69.27752,-12.24482],[-69.27969,-12.24485],[-69.28043,-12.24526],[-69.28126,-12.24635],[-69.28317,-12.25256],[-69.28423,-12.25425],[-69.28522,-12.25605],[-69.28703,-12.25921],[-69.28961,-12.26121],[-69.29159,-12.26166],[-69.29847,-12.26158],[-69.30354,-12.26121],[-69.30659,-12.26096],[-69.30773,-12.26123],[-69.30995,-12.26016],[-69.31201,-12.25823],[-69.31262,-12.25695],[-69.31168,-12.25499],[-69.30589,-12.24977],[-69.30464,-12.24654],[-69.30453,-12.24329],[-69.30569,-12.24058],[-69.30818,-12.23817],[-69.31083,-12.23685],[-69.31359,-12.23685],[-69.31572,-12.23779],[-69.32137,-12.24136],[-69.32312,-12.2419],[-69.32554,-12.24131],[-69.32935,-12.23851],[-69.33273,-12.23537],[-69.33745,-12.234],[-69.3391,-12.23384],[-69.34471,-12.23301],[-69.34776,-12.23267],[-69.3504,-12.23131],[-69.35331,-12.22836],[-69.35626,-12.2244],[-69.35674,-12.22383],[-69.35787,-12.22246],[-69.3603,-12.21816],[-69.36036,-12.21627],[-69.35862,-12.21472],[-69.35162,-12.21086],[-69.34939,-12.20929],[-69.34489,-12.20965],[-69.34322,-12.20968],[-69.34223,-12.20883],[-69.34254,-12.2061],[-69.34319,-12.20463],[-69.34384,-12.2039],[-69.34516,-12.20381],[-69.34686,-12.20519],[-69.35278,-12.20858],[-69.35488,-12.20872],[-69.35683,-12.20811],[-69.35775,-12.20677],[-69.36093,-12.20147],[-69.36263,-12.19894],[-69.36476,-12.19625],[-69.36668,-12.19353],[-69.36941,-12.1889],[-69.3708,-12.18886],[-69.37247,-12.1907],[-69.37469,-12.19223],[-69.37713,-12.19291],[-69.37983,-12.19249],[-69.38174,-12.1912],[-69.38361,-12.18907],[-69.38432,-12.18734],[-69.38437,-12.18503],[-69.38335,-12.18236],[-69.38334,-12.18047],[-69.38382,-12.17942],[-69.38479,-12.17873],[-69.38678,-12.17716],[-69.39072,-12.17394],[-69.39293,-12.17293],[-69.39469,-12.17187],[-69.3952,-12.17144],[-69.39575,-12.17071],[-69.39558,-12.16992],[-69.39271,-12.16665],[-69.39198,-12.16577],[-69.39189,-12.16448],[-69.39251,-12.16293],[-69.39367,-12.16194],[-69.39534,-12.16171],[-69.39831,-12.16141],[-69.40133,-12.16089],[-69.40352,-12.15999],[-69.40612,-12.15839],[-69.40754,-12.1584],[-69.41063,-12.1595],[-69.41319,-12.16],[-69.41405,-12.15965],[-69.41496,-12.15839],[-69.41504,-12.15656],[-69.41536,-12.15455],[-69.41654,-12.15191],[-69.41808,-12.14709],[-69.41804,-12.14524],[-69.41631,-12.1416],[-69.41538,-12.14118],[-69.41301,-12.14237],[-69.41137,-12.1433],[-69.41043,-12.14319],[-69.40978,-12.14247],[-69.40841,-12.14052],[-69.40738,-12.13899],[-69.40636,-12.13685],[-69.40584,-12.13465],[-69.40515,-12.13261],[-69.4053,-12.13169],[-69.40673,-12.13098],[-69.40828,-12.13131],[-69.40972,-12.13271],[-69.41174,-12.13532],[-69.41418,-12.13728],[-69.41637,-12.13775],[-69.41848,-12.13731],[-69.42255,-12.13571],[-69.42472,-12.13593],[-69.42797,-12.13749],[-69.43022,-12.1385],[-69.43126,-12.13837],[-69.43343,-12.13646],[-69.436,-12.13025],[-69.43791,-12.12439],[-69.44066,-12.12216],[-69.44492,-12.11786],[-69.44683,-12.11613],[-69.44855,-12.11496],[-69.45313,-12.11054],[-69.4538,-12.10866],[-69.45426,-12.10528],[-69.45592,-12.10408],[-69.46001,-12.10363],[-69.46331,-12.10432],[-69.46565,-12.10492],[-69.46664,-12.10618],[-69.46626,-12.10834],[-69.4659,-12.10985],[-69.46749,-12.11559],[-69.46789,-12.11925],[-69.46819,-12.12017],[-69.46893,-12.12089],[-69.46978,-12.12113],[-69.47113,-12.12131],[-69.47177,-12.12128],[-69.4724,-12.12121],[-69.47348,-12.12028],[-69.47453,-12.11799],[-69.47467,-12.11724],[-69.47477,-12.11663],[-69.47536,-12.1117],[-69.47555,-12.10939],[-69.47535,-12.1063],[-69.47396,-12.10311],[-69.47192,-12.10077],[-69.47124,-12.09957],[-69.47163,-12.09866],[-69.47336,-12.09727],[-69.4741,-12.0964],[-69.47496,-12.09429],[-69.47546,-12.09053],[-69.4758,-12.08752],[-69.4768,-12.08673],[-69.47877,-12.08623],[-69.48288,-12.084],[-69.48382,-12.08293],[-69.48534,-12.08055],[-69.48665,-12.0768],[-69.48919,-12.07314],[-69.49056,-12.07037],[-69.49178,-12.06573],[-69.49299,-12.06474],[-69.49565,-12.06464],[-69.49854,-12.06526],[-69.49932,-12.06557],[-69.50042,-12.06625],[-69.50183,-12.06677],[-69.50432,-12.06709],[-69.50583,-12.06747],[-69.50705,-12.06778],[-69.50863,-12.06814],[-69.50998,-12.06807],[-69.51213,-12.06774],[-69.51343,-12.06776],[-69.51546,-12.06779],[-69.51707,-12.06791],[-69.51882,-12.06825],[-69.51998,-12.06787],[-69.52103,-12.06624],[-69.52121,-12.06514],[-69.52118,-12.06515],[-69.52109,-12.06442],[-69.52076,-12.06358],[-69.52077,-12.06358],[-69.52042,-12.06246],[-69.52037,-12.06087],[-69.52076,-12.05964],[-69.52279,-12.05695],[-69.52461,-12.05509],[-69.52742,-12.05357],[-69.52895,-12.05296],[-69.52972,-12.05171],[-69.52984,-12.05052],[-69.52938,-12.0478],[-69.52844,-12.04486],[-69.52827,-12.04382],[-69.52883,-12.04239],[-69.53123,-12.04047],[-69.53411,-12.03931],[-69.53516,-12.03864],[-69.53585,-12.03736],[-69.53623,-12.03576],[-69.53659,-12.03433],[-69.53654,-12.03258],[-69.53595,-12.03195],[-69.5348,-12.03194],[-69.53367,-12.03264],[-69.53131,-12.03382],[-69.52964,-12.03373],[-69.52832,-12.0333],[-69.52724,-12.03283],[-69.52568,-12.03167],[-69.52523,-12.03066],[-69.52532,-12.02988],[-69.5263,-12.02865],[-69.52817,-12.02721],[-69.53025,-12.02574],[-69.53181,-12.02498],[-69.53329,-12.02449],[-69.53519,-12.02431],[-69.53804,-12.02425],[-69.54083,-12.02473],[-69.54221,-12.02552],[-69.54275,-12.02676],[-69.54292,-12.0283],[-69.54331,-12.02959],[-69.54408,-12.03058],[-69.54552,-12.0315],[-69.54688,-12.03175],[-69.5476,-12.03211],[-69.54832,-12.03308],[-69.54847,-12.03407],[-69.54753,-12.03676],[-69.54683,-12.0388],[-69.54643,-12.04025],[-69.54632,-12.04223],[-69.54666,-12.04362],[-69.54752,-12.0449],[-69.54971,-12.04632],[-69.55273,-12.0481],[-69.55433,-12.04872],[-69.55578,-12.0485],[-69.55826,-12.04726],[-69.55947,-12.04561],[-69.55986,-12.04392],[-69.55964,-12.04096],[-69.55972,-12.03917],[-69.56023,-12.03773],[-69.56166,-12.03619],[-69.56302,-12.03587],[-69.56417,-12.03606],[-69.56514,-12.03709],[-69.56527,-12.03875],[-69.56439,-12.04144],[-69.56369,-12.04351],[-69.56377,-12.04512],[-69.56473,-12.04627],[-69.56583,-12.04672],[-69.56717,-12.04641],[-69.56781,-12.04498],[-69.56868,-12.04233],[-69.56998,-12.03899],[-69.57041,-12.03722],[-69.5704,-12.03558],[-69.57079,-12.03313],[-69.57184,-12.03221],[-69.57323,-12.03191],[-69.57445,-12.0324],[-69.57545,-12.03409],[-69.57597,-12.03607],[-69.57667,-12.03939],[-69.57743,-12.04157],[-69.57974,-12.04485],[-69.58237,-12.04786],[-69.58383,-12.04898],[-69.58436,-12.04931],[-69.58585,-12.04963],[-69.58653,-12.04924],[-69.58745,-12.0477],[-69.58806,-12.04539],[-69.58877,-12.04386],[-69.58971,-12.04286],[-69.59157,-12.04176],[-69.59343,-12.04011],[-69.59452,-12.03856],[-69.59503,-12.03697],[-69.59566,-12.03598],[-69.59661,-12.03515],[-69.59807,-12.03477],[-69.60092,-12.03465],[-69.6037,-12.03477],[-69.60656,-12.03511],[-69.60939,-12.03507],[-69.61222,-12.03416],[-69.61406,-12.03332],[-69.61588,-12.03343],[-69.61777,-12.03413],[-69.62064,-12.03574],[-69.6235,-12.03731],[-69.62519,-12.03876],[-69.62536,-12.03995],[-69.62356,-12.04138],[-69.62009,-12.04161],[-69.6179,-12.0417],[-69.61676,-12.04203],[-69.61632,-12.04304],[-69.61656,-12.04432],[-69.61779,-12.04534],[-69.62071,-12.04592],[-69.62215,-12.04645],[-69.62305,-12.04717],[-69.62545,-12.04962],[-69.62689,-12.05126],[-69.62746,-12.05259],[-69.62744,-12.05349],[-69.62667,-12.05454],[-69.62531,-12.05523],[-69.62263,-12.05632],[-69.62099,-12.05713],[-69.61993,-12.05807],[-69.61959,-12.05933],[-69.61988,-12.06052],[-69.62105,-12.06124],[-69.62372,-12.06264],[-69.62543,-12.06419],[-69.62769,-12.06572],[-69.62901,-12.06625],[-69.62968,-12.06649],[-69.63128,-12.06758],[-69.63202,-12.06805],[-69.63266,-12.06831],[-69.63274,-12.06839],[-69.63409,-12.06835],[-69.63586,-12.06793],[-69.63781,-12.06638],[-69.63921,-12.06459],[-69.64021,-12.06185],[-69.6408,-12.05961],[-69.64166,-12.05849],[-69.64285,-12.05795],[-69.64395,-12.05794],[-69.6453,-12.05845],[-69.64605,-12.0596],[-69.64615,-12.06073],[-69.64572,-12.06351],[-69.64581,-12.06468],[-69.64664,-12.06567],[-69.65009,-12.06671],[-69.65239,-12.06676],[-69.65535,-12.06596],[-69.65785,-12.06453],[-69.66082,-12.06176],[-69.66209,-12.05989],[-69.66333,-12.05882],[-69.66446,-12.05833],[-69.66588,-12.05824],[-69.66728,-12.05825],[-69.66934,-12.05778],[-69.67126,-12.056],[-69.67326,-12.0529],[-69.67414,-12.05167],[-69.67554,-12.0499],[-69.67691,-12.04901],[-69.6788,-12.04843],[-69.67972,-12.04846],[-69.68249,-12.04889],[-69.68454,-12.04898],[-69.68618,-12.04848],[-69.68784,-12.04707],[-69.68926,-12.04552],[-69.69066,-12.04395],[-69.69193,-12.04299],[-69.69349,-12.04206],[-69.69631,-12.04063],[-69.69801,-12.04036],[-69.69914,-12.04034],[-69.70078,-12.04073],[-69.70194,-12.04186],[-69.70261,-12.04312],[-69.70297,-12.04457],[-69.70351,-12.04601],[-69.70446,-12.04707],[-69.70561,-12.04766],[-69.70669,-12.04764],[-69.7079,-12.04706],[-69.71054,-12.04429],[-69.71164,-12.04254],[-69.7135,-12.04099],[-69.71489,-12.04046],[-69.71682,-12.0404],[-69.72072,-12.04063],[-69.72316,-12.04067],[-69.7255,-12.04025],[-69.72869,-12.03871],[-69.7314,-12.03667],[-69.73351,-12.03453],[-69.73439,-12.03404],[-69.73529,-12.03377],[-69.73662,-12.0337],[-69.73807,-12.03434],[-69.73936,-12.03555],[-69.73986,-12.03641],[-69.7398,-12.03728],[-69.7387,-12.03847],[-69.73733,-12.04006],[-69.73665,-12.04168],[-69.73569,-12.04446],[-69.73487,-12.04692],[-69.73452,-12.04838],[-69.73514,-12.0504],[-69.73591,-12.05285],[-69.73748,-12.05661],[-69.73933,-12.06207],[-69.74092,-12.06612],[-69.7431,-12.06875],[-69.74466,-12.06958],[-69.74754,-12.06951],[-69.75039,-12.06848],[-69.7532,-12.06788],[-69.75595,-12.06751],[-69.75871,-12.06664],[-69.76146,-12.06459],[-69.76425,-12.06249],[-69.76616,-12.06157],[-69.76807,-12.06106],[-69.76987,-12.06114],[-69.77272,-12.06108],[-69.77551,-12.06015],[-69.7783,-12.05861],[-69.78102,-12.05715],[-69.78265,-12.05685],[-69.78475,-12.05621],[-69.78594,-12.05515],[-69.78698,-12.05255],[-69.7879,-12.05146],[-69.78979,-12.05041],[-69.79144,-12.05014],[-69.79421,-12.05027],[-69.79699,-12.05102],[-69.79793,-12.0516],[-69.79825,-12.05185],[-69.79915,-12.05385],[-69.80014,-12.05662],[-69.8017,-12.05937],[-69.80355,-12.06211],[-69.80593,-12.06479],[-69.80878,-12.06684],[-69.81152,-12.068],[-69.81426,-12.06808],[-69.81614,-12.06761],[-69.81871,-12.06609],[-69.82042,-12.06431],[-69.82091,-12.06296],[-69.82062,-12.06128],[-69.81984,-12.05966],[-69.81724,-12.05688],[-69.81507,-12.05593],[-69.81319,-12.05582],[-69.81142,-12.05637],[-69.80954,-12.05652],[-69.807,-12.0555],[-69.80573,-12.05448],[-69.80555,-12.05367],[-69.80619,-12.05282],[-69.80769,-12.05173],[-69.81046,-12.04979],[-69.81327,-12.04749],[-69.81538,-12.0454],[-69.81712,-12.04422],[-69.81827,-12.04376],[-69.82074,-12.0439],[-69.82348,-12.04433],[-69.82664,-12.04424],[-69.82817,-12.04444],[-69.82901,-12.04507],[-69.82913,-12.04618],[-69.82777,-12.0487],[-69.82614,-12.05117],[-69.8257,-12.05254],[-69.82594,-12.05377],[-69.82687,-12.05483],[-69.82829,-12.05524],[-69.82978,-12.05484],[-69.83161,-12.05355],[-69.8333,-12.05295],[-69.83486,-12.05295],[-69.83615,-12.05359],[-69.83799,-12.05505],[-69.84056,-12.05756],[-69.84242,-12.05961],[-69.84342,-12.06161],[-69.84338,-12.06331],[-69.84261,-12.0643],[-69.84098,-12.0662],[-69.84074,-12.06703],[-69.84096,-12.06811],[-69.84188,-12.06919],[-69.84341,-12.07076],[-69.8443,-12.07261],[-69.84499,-12.07351],[-69.846,-12.07408],[-69.84818,-12.07368],[-69.84926,-12.07328],[-69.84959,-12.07234],[-69.84966,-12.06983],[-69.84951,-12.06852],[-69.8486,-12.06565],[-69.84677,-12.06018],[-69.84578,-12.0562],[-69.84477,-12.05295],[-69.84441,-12.0509],[-69.84481,-12.04927],[-69.84639,-12.04812],[-69.84771,-12.04799],[-69.85052,-12.04895],[-69.85614,-12.05169],[-69.85899,-12.0528],[-69.8618,-12.05348],[-69.8637,-12.0536],[-69.86624,-12.05276],[-69.86836,-12.05079],[-69.86935,-12.04913],[-69.87001,-12.04691],[-69.87095,-12.04516],[-69.87242,-12.04346],[-69.87379,-12.04268],[-69.87514,-12.04307],[-69.87714,-12.04582],[-69.88187,-12.05118],[-69.88458,-12.05388],[-69.88472,-12.05532],[-69.88424,-12.05774],[-69.88443,-12.05939],[-69.88527,-12.0606],[-69.88661,-12.06155],[-69.88823,-12.06207],[-69.88961,-12.06232],[-69.89073,-12.06278],[-69.89184,-12.06397],[-69.89239,-12.06521],[-69.89322,-12.06793],[-69.89427,-12.06901],[-69.89547,-12.06985],[-69.89678,-12.07016],[-69.89888,-12.06972],[-69.90065,-12.06868],[-69.90108,-12.06697],[-69.90104,-12.06419],[-69.90112,-12.06143],[-69.90053,-12.05873],[-69.90046,-12.05727],[-69.90143,-12.05458],[-69.90208,-12.05236],[-69.90284,-12.05155],[-69.90401,-12.05145],[-69.90575,-12.05186],[-69.90742,-12.05204],[-69.90949,-12.05172],[-69.91111,-12.05082],[-69.91306,-12.04875],[-69.91367,-12.04749],[-69.91394,-12.04603],[-69.91485,-12.04449],[-69.91598,-12.04362],[-69.91754,-12.0434],[-69.91954,-12.04419],[-69.92187,-12.04577],[-69.92381,-12.04785],[-69.92567,-12.05051],[-69.92655,-12.05257],[-69.92742,-12.05357],[-69.92857,-12.05375],[-69.93024,-12.05306],[-69.93391,-12.05114],[-69.93655,-12.05015],[-69.93891,-12.04991],[-69.9405,-12.04938],[-69.94166,-12.04814],[-69.94246,-12.04523],[-69.94292,-12.04274],[-69.9435,-12.04142],[-69.94505,-12.04051],[-69.94746,-12.04022],[-69.94905,-12.04055],[-69.95106,-12.04147],[-69.95185,-12.04255],[-69.95209,-12.04401],[-69.95152,-12.04536],[-69.94987,-12.04695],[-69.94894,-12.04811],[-69.94824,-12.04972],[-69.9484,-12.05175],[-69.94899,-12.05294],[-69.9504,-12.05404],[-69.95196,-12.05429],[-69.9533,-12.05387],[-69.95458,-12.05273],[-69.95605,-12.05088],[-69.95657,-12.04899],[-69.95657,-12.04898],[-69.95744,-12.04776],[-69.95895,-12.04622],[-69.96019,-12.04555],[-69.96187,-12.04522],[-69.96488,-12.04407],[-69.96771,-12.04325],[-69.96931,-12.0425],[-69.97061,-12.04203],[-69.97248,-12.04134],[-69.97429,-12.04081],[-69.97626,-12.04079],[-69.97909,-12.04105],[-69.98194,-12.04145],[-69.98371,-12.04105],[-69.98599,-12.03942],[-69.98597,-12.0394],[-69.98653,-12.03859],[-69.98678,-12.03801],[-69.98699,-12.0377],[-69.98743,-12.03555],[-69.98684,-12.03384],[-69.98548,-12.03212],[-69.98244,-12.03036],[-69.97948,-12.02864],[-69.97723,-12.02674],[-69.97621,-12.02495],[-69.97604,-12.02373],[-69.97641,-12.02196],[-69.97721,-12.0203],[-69.97876,-12.01752],[-69.98003,-12.01598],[-69.98113,-12.01551],[-69.9831,-12.01584],[-69.98534,-12.01654],[-69.98675,-12.01615],[-69.9889,-12.01487],[-69.99031,-12.01407],[-69.99182,-12.01368],[-69.99312,-12.0139],[-69.99593,-12.01444],[-69.99726,-12.01448],[-69.99766,-12.01455],[-69.99936,-12.01458],[-69.99997,-12.01454],[-69.99998,-12.01454],[-70.00062,-12.01463],[-70.00144,-12.01495],[-70.0022,-12.01481],[-70.00319,-12.01432],[-70.00428,-12.01334],[-70.00451,-12.01259],[-70.00419,-12.01153],[-70.00297,-12.01046],[-70.00105,-12.00886],[-70.0,-12.00802],[-69.99938,-12.0079],[-69.99854,-12.00736],[-69.99753,-12.00647],[-69.9967,-12.00587],[-69.99545,-12.00513],[-69.99425,-12.00426],[-69.99283,-12.00291],[-69.99114,-12.00096],[-69.99031,-11.99986],[-69.98992,-11.99937],[-69.98982,-11.99919],[-69.98968,-11.99859],[-69.9905,-11.99825],[-69.99175,-11.9983],[-69.99357,-11.99848],[-69.99543,-11.9987],[-69.99728,-11.99891],[-69.99913,-11.99893],[-70.0007,-11.99866],[-70.00191,-11.99817],[-70.00383,-11.9961],[-70.00521,-11.99255],[-70.00498,-11.99047],[-70.00451,-11.98527],[-70.00518,-11.9808],[-70.00557,-11.97827],[-70.00643,-11.97706],[-70.00719,-11.97666],[-70.01189,-11.97666],[-70.0155,-11.97707],[-70.01734,-11.97771],[-70.01832,-11.97853],[-70.01935,-11.98094],[-70.01973,-11.98464],[-70.02035,-11.9858],[-70.0216,-11.98785],[-70.02259,-11.98857],[-70.02486,-11.98893],[-70.02792,-11.98977],[-70.03063,-11.99111],[-70.03191,-11.99125],[-70.03439,-11.99022],[-70.03545,-11.9884],[-70.03547,-11.98617],[-70.03501,-11.98384],[-70.03216,-11.97933],[-70.0296,-11.97608],[-70.02828,-11.97455],[-70.02686,-11.97279],[-70.02639,-11.97161],[-70.02644,-11.97063],[-70.0285,-11.96816],[-70.02928,-11.96809],[-70.03076,-11.96899],[-70.03334,-11.97036],[-70.03611,-11.9712],[-70.0378,-11.97098],[-70.04048,-11.96931],[-70.04143,-11.96801],[-70.04195,-11.96582],[-70.04204,-11.96284],[-70.04373,-11.95973],[-70.04577,-11.95711],[-70.04676,-11.9556],[-70.04816,-11.95079],[-70.04938,-11.94731],[-70.05065,-11.94543],[-70.05238,-11.94428],[-70.05943,-11.94347],[-70.06392,-11.94364],[-70.06902,-11.94331],[-70.07493,-11.94276],[-70.07604,-11.9433],[-70.07684,-11.94473],[-70.07655,-11.9455],[-70.07323,-11.94757],[-70.07194,-11.94885],[-70.07111,-11.95084],[-70.07114,-11.95241],[-70.07229,-11.95399],[-70.07357,-11.95472],[-70.07495,-11.95503],[-70.07963,-11.95494],[-70.08069,-11.95466],[-70.08142,-11.9539],[-70.08179,-11.95275],[-70.08187,-11.95034],[-70.08299,-11.94735],[-70.08469,-11.94517],[-70.08744,-11.94277],[-70.09066,-11.93951],[-70.09312,-11.93654],[-70.09476,-11.93365],[-70.09656,-11.92975],[-70.09777,-11.92657],[-70.0988,-11.92338],[-70.09933,-11.92289],[-70.10035,-11.9228],[-70.10128,-11.92355],[-70.10362,-11.92654],[-70.1051,-11.92778],[-70.10665,-11.92839],[-70.1079,-11.9285],[-70.10856,-11.92823],[-70.10922,-11.9275],[-70.11014,-11.92519],[-70.11041,-11.92331],[-70.1097,-11.91673],[-70.10828,-11.91281],[-70.1073,-11.9103],[-70.10668,-11.90797],[-70.10602,-11.90462],[-70.10515,-11.90065],[-70.10515,-11.89711],[-70.10558,-11.89498],[-70.10634,-11.8945],[-70.10742,-11.89431],[-70.1087,-11.89442],[-70.11063,-11.89515],[-70.11381,-11.89776],[-70.11851,-11.90179],[-70.12222,-11.90394],[-70.12454,-11.90452],[-70.12732,-11.90386],[-70.13131,-11.90256],[-70.13743,-11.90225],[-70.14077,-11.90158],[-70.14349,-11.89982],[-70.14478,-11.89853],[-70.14664,-11.89589],[-70.1484,-11.89511],[-70.15138,-11.89476],[-70.1571,-11.89529],[-70.15888,-11.89522],[-70.16034,-11.89453],[-70.16127,-11.89332],[-70.16164,-11.89135],[-70.16208,-11.88997],[-70.16307,-11.88865],[-70.16394,-11.88818],[-70.16511,-11.88848],[-70.16728,-11.88999],[-70.16903,-11.89125],[-70.17086,-11.89181],[-70.17279,-11.89187],[-70.1741,-11.89147],[-70.17518,-11.8904],[-70.17574,-11.88879],[-70.17555,-11.88699],[-70.1748,-11.88521],[-70.17448,-11.88468],[-70.1741,-11.88418],[-70.1722,-11.88159],[-70.17059,-11.87961],[-70.17046,-11.87806],[-70.17083,-11.87705],[-70.17159,-11.87623],[-70.17242,-11.876],[-70.17401,-11.87634],[-70.17661,-11.87822],[-70.17747,-11.87872],[-70.17928,-11.87935],[-70.18401,-11.87987],[-70.18481,-11.88028],[-70.18642,-11.88264],[-70.18801,-11.88465],[-70.18927,-11.88541],[-70.19197,-11.88531],[-70.19318,-11.88486],[-70.19431,-11.8836],[-70.19454,-11.88231],[-70.19433,-11.88004],[-70.19364,-11.87632],[-70.19385,-11.87491],[-70.19463,-11.8708],[-70.19642,-11.86578],[-70.19623,-11.86101],[-70.19478,-11.85837],[-70.19387,-11.85626],[-70.19404,-11.8556],[-70.19458,-11.85515],[-70.19592,-11.85468],[-70.19645,-11.85472],[-70.19732,-11.85571],[-70.19763,-11.85874],[-70.19769,-11.86396],[-70.19849,-11.86615],[-70.1996,-11.86734],[-70.20068,-11.86783],[-70.2034,-11.86776],[-70.20585,-11.86666],[-70.20738,-11.86527],[-70.20825,-11.86327],[-70.20813,-11.85983],[-70.20797,-11.85828],[-70.20871,-11.85635],[-70.2105,-11.8543],[-70.21209,-11.85352],[-70.21318,-11.8536],[-70.21365,-11.85421],[-70.21371,-11.85514],[-70.213,-11.85781],[-70.21002,-11.86265],[-70.20924,-11.86485],[-70.20946,-11.86709],[-70.20989,-11.8683],[-70.21061,-11.86882],[-70.21324,-11.86928],[-70.21593,-11.86888],[-70.21848,-11.86759],[-70.21987,-11.8666],[-70.22284,-11.86382],[-70.22517,-11.86052],[-70.22656,-11.85814],[-70.22758,-11.85535],[-70.22764,-11.85225],[-70.22802,-11.84934],[-70.22899,-11.84781],[-70.23045,-11.84693],[-70.2362,-11.84496],[-70.23778,-11.84377],[-70.23973,-11.84185],[-70.24021,-11.84065],[-70.24013,-11.83961],[-70.23976,-11.83899],[-70.23812,-11.8381],[-70.23576,-11.83639],[-70.23412,-11.83424],[-70.23331,-11.83236],[-70.23324,-11.83117],[-70.23341,-11.82917],[-70.2351,-11.82562],[-70.23593,-11.82402],[-70.23604,-11.82262]]]}},{"type":"Feature","properties":{"Name":"TRAMO DE TRES QUEBRADAS DE U.H. 13257 (SECTOR CERRO PAJONAL)","description":"","OBJECTID":"183046","CODIGO":"OT000115","NOMBRE":"TRAMO DE TRES QUEBRADAS DE U.H. 13257 (SECTOR CERRO PAJONAL)","CATEGORI":" ","CLASE":" ","ZONA":"19","HAS":"8.674800000000001","ZONEX":"19","NORMA":"LEY N\u00b0 29338","ARCHIVO":"CP25N4929","FEC_ING":"28/11/2025","ENTIDAD":"AUTORIDAD NACIONAL DEL AGUA","USO":" ","EST_GRAF":"SIN INF. COMPLETA","LEYENDA":"SIN INF. COMPLETA","SHAPE.AREA":"7.330687461632e-06","SHAPE.LEN":"0.0302103986920965","FEC_PUB":"1238475600000","MINERIA":"NO","TP_AREA":"FAJA MARGINAL","ORDENANZA":" ","NM_AREA":"TRAMO DE TRES QUEBRADAS DE U.H. 13257 (SECTOR CERRO PAJONAL) - FAJA MARGINAL","CREATOR":"FLAT1065","CREATIONDA":"1764359779000","EDITOR":"FLAT1065","EDITDATE":"1764359779000","IDENTI":"bb51f5250b8b4840b5ba600b2a58bb69","ESTILO":"ZONA RESERVADA"},"geometry":{"type":"Polygon","coordinates":[[[-71.47868,-16.37001],[-71.47895,-16.37022],[-71.47925,-16.37035],[-71.47942,-16.37068],[-71.47954,-16.37091],[-71.47971,-16.37102],[-71.47983,-16.37114],[-71.48004,-16.3713],[-71.48027,-16.37156],[-71.4804,-16.37177],[-71.48057,-16.37195],[-71.48081,-16.3721],[-71.48119,-16.37218],[-71.48147,-16.37212],[-71.4818,-16.37212],[-71.48215,-16.37223],[-71.48236,-16.37244],[-71.48251,-16.37255],[-71.48279,-16.37283],[-71.48311,-16.37318],[-71.48342,-16.37337],[-71.48364,-16.37347],[-71.48391,-16.37358],[-71.48435,-16.37343],[-71.4848,-16.37354],[-71.48515,-16.37353],[-71.48558,-16.37348],[-71.48581,-16.37347],[-71.48628,-16.37369],[-71.48649,-16.37379],[-71.48675,-16.37384],[-71.48691,-16.37384],[-71.48711,-16.37399],[-71.48726,-16.37423],[-71.48744,-16.3743],[-71.48766,-16.37437],[-71.48786,-16.37444],[-71.48815,-16.3745],[-71.48827,-16.37461],[-71.48845,-16.37464],[-71.48864,-16.37466],[-71.48889,-16.37466],[-71.48915,-16.37458],[-71.48953,-16.37457],[-71.48981,-16.37462],[-71.49014,-16.3747],[-71.49039,-16.37482],[-71.49063,-16.37498],[-71.49121,-16.37564],[-71.49075,-16.37555],[-71.4904,-16.3754],[-71.49018,-16.37528],[-71.48995,-16.37524],[-71.48967,-16.37518],[-71.48944,-16.37515],[-71.48915,-16.37515],[-71.48872,-16.37516],[-71.4885,-16.37516],[-71.48829,-16.37513],[-71.48789,-16.37504],[-71.48764,-16.37489],[-71.48733,-16.37472],[-71.48704,-16.37461],[-71.48685,-16.37448],[-71.48658,-16.37442],[-71.48634,-16.37441],[-71.48621,-16.37431],[-71.48599,-16.37421],[-71.4858,-16.374],[-71.48559,-16.37393],[-71.48526,-16.37401],[-71.48498,-16.37401],[-71.48457,-16.37395],[-71.48435,-16.37394],[-71.48404,-16.37408],[-71.48381,-16.37412],[-71.48336,-16.37396],[-71.48306,-16.37378],[-71.48283,-16.37361],[-71.48253,-16.3734],[-71.48227,-16.37308],[-71.48204,-16.37279],[-71.48174,-16.37255],[-71.48128,-16.37268],[-71.48089,-16.37269],[-71.48072,-16.37265],[-71.48046,-16.37248],[-71.48023,-16.37226],[-71.48004,-16.37196],[-71.47984,-16.37173],[-71.47953,-16.3715],[-71.47927,-16.37124],[-71.479,-16.37108],[-71.4788,-16.37088],[-71.47872,-16.37057],[-71.47833,-16.37036],[-71.47868,-16.37001]]]}},{"type":"Feature","properties":{"Name":"TRAMO DE TRES QUEBRADAS DE U.H. 13257 (SECTOR CERRO PAJONAL)","description":"","OBJECTID":"183045","CODIGO":"OT000115","NOMBRE":"TRAMO DE TRES QUEBRADAS DE U.H. 13257 (SECTOR CERRO PAJONAL)","CATEGORI":" ","CLASE":" ","ZONA":"19","HAS":"10.054300000000001","ZONEX":"19","NORMA":"LEY N\u00b0 29338","ARCHIVO":"CP25N4929","FEC_ING":"28/11/2025","ENTIDAD":"AUTORIDAD NACIONAL DEL AGUA","USO":" ","EST_GRAF":"SIN INF. COMPLETA","LEYENDA":"SIN INF. COMPLETA","SHAPE.AREA":"8.4961932790055e-06","SHAPE.LEN":"0.0259966496440454","FEC_PUB":"1238475600000","MINERIA":"NO","TP_AREA":"FAJA MARGINAL","ORDENANZA":" ","NM_AREA":"TRAMO DE TRES QUEBRADAS DE U.H. 13257 (SECTOR CERRO PAJONAL) - FAJA MARGINAL","CREATOR":"FLAT1065","CREATIONDA":"1764359779000","EDITOR":"FLAT1065","EDITDATE":"1764359779000","IDENTI":"29910419915f4c0d9952000d787e229f","ESTILO":"ZONA RESERVADA"},"geometry":{"type":"Polygon","coordinates":[[[-71.46677,-16.36094],[-71.4676,-16.36144],[-71.46819,-16.36149],[-71.46847,-16.36186],[-71.46875,-16.36207],[-71.46918,-16.36229],[-71.46945,-16.36258],[-71.46985,-16.36284],[-71.47031,-16.36302],[-71.47075,-16.36328],[-71.47105,-16.36348],[-71.47134,-16.36376],[-71.47169,-16.36404],[-71.47192,-16.36436],[-71.47221,-16.36462],[-71.47255,-16.36489],[-71.47279,-16.3652],[-71.47289,-16.36556],[-71.47306,-16.36582],[-71.47335,-16.36598],[-71.4736,-16.36608],[-71.4738,-16.3663],[-71.47404,-16.36657],[-71.47418,-16.36701],[-71.47436,-16.3673],[-71.47458,-16.36746],[-71.47478,-16.36771],[-71.47496,-16.36797],[-71.47504,-16.36819],[-71.4751,-16.36855],[-71.47518,-16.36883],[-71.47515,-16.36913],[-71.47512,-16.36935],[-71.47473,-16.36962],[-71.47467,-16.3694],[-71.47465,-16.36915],[-71.47462,-16.36881],[-71.47457,-16.3685],[-71.4744,-16.36821],[-71.47421,-16.36804],[-71.47402,-16.36787],[-71.47388,-16.36769],[-71.47364,-16.3674],[-71.47348,-16.36718],[-71.47334,-16.36693],[-71.47316,-16.36671],[-71.4728,-16.36641],[-71.47247,-16.36614],[-71.47228,-16.36577],[-71.47214,-16.36557],[-71.47194,-16.3653],[-71.47168,-16.36506],[-71.47136,-16.36483],[-71.47103,-16.36456],[-71.47074,-16.36429],[-71.47046,-16.36406],[-71.4701,-16.36386],[-71.4697,-16.36362],[-71.4694,-16.36343],[-71.46909,-16.36322],[-71.46881,-16.36281],[-71.46847,-16.36259],[-71.46798,-16.36225],[-71.46753,-16.36202],[-71.46707,-16.36194],[-71.46666,-16.36178],[-71.46634,-16.36135],[-71.46677,-16.36094]]]}},{"type":"Feature","properties":{"Name":"TRAMO DE DOS QUEBRADAS DE U.H. NIVEL 5 13257 (SECTOR PAMPA CONDORMICO)","description":"","OBJECTID":"183047","CODIGO":"OT000116","NOMBRE":"TRAMO DE DOS QUEBRADAS DE U.H. NIVEL 5 13257 (SECTOR PAMPA CONDORMICO)","CATEGORI":" ","CLASE":" ","ZONA":"19","HAS":"8.1144","ZONEX":"19","NORMA":"LEY N\u00b0 29338","ARCHIVO":"PC25N4930","FEC_ING":"28/11/2025","ENTIDAD":"AUTORIDAD NACIONAL DEL AGUA","USO":" ","EST_GRAF":"SIN INF. COMPLETA","LEYENDA":"SIN INF. COMPLETA","SHAPE.AREA":"6.854371114017001e-06","SHAPE.LEN":"0.014846791283713901","FEC_PUB":"1238475600000","MINERIA":"NO","TP_AREA":"FAJA MARGINAL","ORDENANZA":" ","NM_AREA":"TRAMO DE DOS QUEBRADAS DE U.H. NIVEL 5 13257 (SECTOR PAMPA CONDORMICO) - FAJA MARGINAL","CREATOR":"FLAT1065","CREATIONDA":"1764360136000","EDITOR":"FLAT1065","EDITDATE":"1764360136000","IDENTI":"984b4065a30c4ff8adc0f7b84d281307","ESTILO":"ZONA RESERVADA"},"geometry":{"type":"Polygon","coordinates":[[[-71.51462,-16.30083],[-71.51547,-16.30157],[-71.51573,-16.30216],[-71.51597,-16.3027],[-71.51625,-16.30324],[-71.5165,-16.30362],[-71.51657,-16.3039],[-71.51649,-16.30423],[-71.51648,-16.30451],[-71.51643,-16.30474],[-71.51642,-16.30494],[-71.51635,-16.30517],[-71.51648,-16.30531],[-71.51665,-16.30549],[-71.51664,-16.30576],[-71.51657,-16.3061],[-71.51641,-16.30641],[-71.51484,-16.30579],[-71.51506,-16.3054],[-71.51473,-16.30499],[-71.51447,-16.3047],[-71.51545,-16.30392],[-71.51533,-16.30372],[-71.51517,-16.30349],[-71.51511,-16.30317],[-71.51501,-16.30289],[-71.51494,-16.30255],[-71.51476,-16.30213],[-71.5145,-16.30187],[-71.51422,-16.30165],[-71.51401,-16.30143],[-71.51384,-16.30121],[-71.51462,-16.30083]]]}},{"type":"Feature","properties":{"Name":"TRAMO DE DOS QUEBRADAS DE U.H. NIVEL 5 13257 (SECTOR PAMPA CONDORMICO)","description":"","OBJECTID":"183048","CODIGO":"OT000116","NOMBRE":"TRAMO DE DOS QUEBRADAS DE U.H. NIVEL 5 13257 (SECTOR PAMPA CONDORMICO)","CATEGORI":" ","CLASE":" ","ZONA":"19","HAS":"3.4998","ZONEX":"19","NORMA":"LEY N\u00b0 29338","ARCHIVO":"PC25N4930","FEC_ING":"28/11/2025","ENTIDAD":"AUTORIDAD NACIONAL DEL AGUA","USO":" ","EST_GRAF":"SIN INF. COMPLETA","LEYENDA":"SIN INF. COMPLETA","SHAPE.AREA":"2.956372611172e-06","SHAPE.LEN":"0.010450886400766501","FEC_PUB":"1238475600000","MINERIA":"NO","TP_AREA":"FAJA MARGINAL","ORDENANZA":" ","NM_AREA":"TRAMO DE DOS QUEBRADAS DE U.H. NIVEL 5 13257 (SECTOR PAMPA CONDORMICO) - FAJA MARGINAL","CREATOR":"FLAT1065","CREATIONDA":"1764360136000","EDITOR":"FLAT1065","EDITDATE":"1764360136000","IDENTI":"b1ed6445ac5445f3b94421c9319d81b1","ESTILO":"ZONA RESERVADA"},"geometry":{"type":"Polygon","coordinates":[[[-71.51747,-16.30177],[-71.51768,-16.30244],[-71.5178,-16.30284],[-71.518,-16.30333],[-71.51831,-16.30392],[-71.51853,-16.30428],[-71.51866,-16.30453],[-71.51876,-16.30477],[-71.51884,-16.305],[-71.519,-16.30542],[-71.5183,-16.30576],[-71.51819,-16.30537],[-71.51804,-16.30504],[-71.51796,-16.30483],[-71.51779,-16.30443],[-71.51767,-16.3041],[-71.51733,-16.30333],[-71.5171,-16.30279],[-71.51679,-16.30209],[-71.51635,-16.30168],[-71.51747,-16.30177]]]}},{"type":"Feature","properties":{"Name":"RIO MANTARO","description":"","OBJECTID":"149901","CODIGO":"OT000035","NOMBRE":"RIO MANTARO","CATEGORI":" ","CLASE":" ","ZONA":"18","HAS":"37.838100000000004","ZONEX":"18","OBS":" ","NORMA":"LEY N\u00b0 29338","ARCHIVO":"FM68J01","FEC_ING":"2010-03-22","ENTIDAD":"GOBIERNO REGIONAL DE JUNIN","USO":" ","EST_GRAF":"SIN INF. COMPLETA","LEYENDA":"SIN INF. COMPLETA","SHAPE.AREA":"3.1439497357224004e-05","SHAPE.LEN":"0.159587128001071","FEC_PUB":"1238475600000","MINERIA":"NO","TP_AREA":"FAJA MARGINAL","ORDENANZA":" ","NM_AREA":"RIO MANTARO - FAJA MARGINAL","EDITOR":" ","IDENTI":"9203d4b6365840e58e07e0675028348d","ESTILO":"ZONA RESERVADA"},"geometry":{"type":"Polygon","coordinates":[[[-74.69269,-12.04229],[-74.6927,-12.04218],[-74.6927,-12.04207],[-74.6927,-12.04192],[-74.69269,-12.04179],[-74.6929,-12.04189],[-74.69302,-12.04194],[-74.69306,-12.04196],[-74.69317,-12.04199],[-74.6933,-12.04202],[-74.69349,-12.04204],[-74.69379,-12.04204],[-74.69406,-12.04202],[-74.69425,-12.04201],[-74.69443,-12.04198],[-74.69456,-12.04196],[-74.69481,-12.0419],[-74.69493,-12.04187],[-74.69504,-12.04185],[-74.69515,-12.04185],[-74.69525,-12.04185],[-74.69528,-12.04186],[-74.69537,-12.04188],[-74.69547,-12.04193],[-74.69558,-12.04201],[-74.69576,-12.04214],[-74.69604,-12.04236],[-74.69631,-12.04255],[-74.69643,-12.04264],[-74.69668,-12.04281],[-74.69694,-12.04299],[-74.69711,-12.04311],[-74.6973,-12.04325],[-74.69746,-12.04335],[-74.69757,-12.04343],[-74.69774,-12.04353],[-74.6979,-12.04362],[-74.69818,-12.04376],[-74.69832,-12.04382],[-74.69857,-12.04392],[-74.69875,-12.04399],[-74.699,-12.04408],[-74.69918,-12.04414],[-74.69931,-12.04419],[-74.69944,-12.04424],[-74.69956,-12.04429],[-74.69965,-12.04434],[-74.69975,-12.0444],[-74.69991,-12.04449],[-74.70004,-12.04457],[-74.70021,-12.0447],[-74.70042,-12.04486],[-74.70052,-12.04494],[-74.70068,-12.04507],[-74.70083,-12.04519],[-74.70096,-12.0453],[-74.70119,-12.04552],[-74.70131,-12.04564],[-74.7014,-12.04574],[-74.70153,-12.04588],[-74.70174,-12.04612],[-74.70199,-12.04643],[-74.70224,-12.04674],[-74.70242,-12.04696],[-74.70252,-12.04708],[-74.70262,-12.04721],[-74.70268,-12.04729],[-74.70279,-12.04742],[-74.70289,-12.04756],[-74.70293,-12.04762],[-74.70301,-12.04773],[-74.70307,-12.04782],[-74.70311,-12.0479],[-74.70316,-12.04799],[-74.7032,-12.04806],[-74.70324,-12.04812],[-74.70328,-12.04821],[-74.70333,-12.04831],[-74.70337,-12.04841],[-74.7034,-12.04847],[-74.70346,-12.04863],[-74.70347,-12.04867],[-74.70352,-12.04883],[-74.7036,-12.04913],[-74.70366,-12.04938],[-74.70371,-12.04955],[-74.70373,-12.04962],[-74.70377,-12.04973],[-74.70386,-12.04993],[-74.70393,-12.05009],[-74.70408,-12.05036],[-74.70417,-12.0505],[-74.70428,-12.05067],[-74.70439,-12.05083],[-74.70446,-12.05092],[-74.70452,-12.051],[-74.7046,-12.0511],[-74.70475,-12.05126],[-74.70492,-12.05144],[-74.70502,-12.05154],[-74.70518,-12.05168],[-74.70538,-12.05184],[-74.70549,-12.05193],[-74.70559,-12.05201],[-74.70568,-12.05208],[-74.70577,-12.05215],[-74.7059,-12.05225],[-74.70607,-12.05239],[-74.70616,-12.05247],[-74.7063,-12.05258],[-74.70645,-12.05269],[-74.70652,-12.05275],[-74.70667,-12.05286],[-74.70682,-12.05297],[-74.70688,-12.05301],[-74.70701,-12.05309],[-74.70718,-12.05319],[-74.70739,-12.05331],[-74.70751,-12.05339],[-74.7076,-12.05344],[-74.70767,-12.05348],[-74.70774,-12.05352],[-74.70778,-12.05355],[-74.70788,-12.05362],[-74.70799,-12.0537],[-74.70807,-12.05376],[-74.70815,-12.05381],[-74.70824,-12.05389],[-74.70839,-12.05401],[-74.70854,-12.05415],[-74.70874,-12.05435],[-74.70891,-12.05453],[-74.70918,-12.05483],[-74.70935,-12.05504],[-74.70949,-12.05521],[-74.70972,-12.0555],[-74.70994,-12.0558],[-74.7101,-12.05601],[-74.71024,-12.05623],[-74.7103,-12.0563],[-74.71037,-12.05638],[-74.7104,-12.05642],[-74.71051,-12.05652],[-74.71062,-12.0566],[-74.71073,-12.05669],[-74.71081,-12.05676],[-74.71084,-12.05678],[-74.7109,-12.05685],[-74.71096,-12.05694],[-74.71097,-12.05695],[-74.71101,-12.05702],[-74.71109,-12.05713],[-74.71115,-12.05722],[-74.71116,-12.05723],[-74.71122,-12.05728],[-74.71124,-12.0573],[-74.71127,-12.05732],[-74.71133,-12.05736],[-74.71143,-12.05741],[-74.71146,-12.05741],[-74.71151,-12.05743],[-74.71157,-12.05745],[-74.71167,-12.05748],[-74.71179,-12.0575],[-74.71189,-12.05753],[-74.712,-12.05755],[-74.71208,-12.05757],[-74.71222,-12.05761],[-74.71237,-12.05766],[-74.71254,-12.05771],[-74.7127,-12.05776],[-74.71282,-12.0578],[-74.71298,-12.05786],[-74.71315,-12.05793],[-74.71335,-12.05801],[-74.71353,-12.05807],[-74.71363,-12.05812],[-74.71377,-12.05817],[-74.71393,-12.05824],[-74.71406,-12.0583],[-74.71419,-12.05836],[-74.71441,-12.05846],[-74.71449,-12.0585],[-74.71463,-12.05857],[-74.71477,-12.05864],[-74.715,-12.05876],[-74.71515,-12.05884],[-74.71537,-12.05896],[-74.71555,-12.05906],[-74.7157,-12.05913],[-74.71581,-12.05919],[-74.71602,-12.0593],[-74.71611,-12.05934],[-74.71627,-12.05941],[-74.71636,-12.05946],[-74.71646,-12.0595],[-74.7165,-12.05952],[-74.71663,-12.05957],[-74.71676,-12.05963],[-74.71684,-12.05966],[-74.71688,-12.05968],[-74.71704,-12.05974],[-74.71723,-12.0598],[-74.71733,-12.05983],[-74.71748,-12.05987],[-74.71766,-12.05992],[-74.71777,-12.05995],[-74.71788,-12.05996],[-74.71793,-12.05997],[-74.71804,-12.05997],[-74.71812,-12.05997],[-74.71831,-12.05994],[-74.7184,-12.05991],[-74.71847,-12.05989],[-74.71864,-12.05981],[-74.7187,-12.05979],[-74.7188,-12.05974],[-74.71888,-12.0597],[-74.71893,-12.05967],[-74.71904,-12.05962],[-74.7191,-12.05959],[-74.71918,-12.05956],[-74.71922,-12.05954],[-74.71928,-12.05951],[-74.71936,-12.05948],[-74.71942,-12.05946],[-74.7195,-12.05943],[-74.71957,-12.05941],[-74.71964,-12.05939],[-74.71972,-12.05937],[-74.71975,-12.05936],[-74.71983,-12.05935],[-74.71988,-12.05934],[-74.7201,-12.05932],[-74.72021,-12.05933],[-74.72022,-12.05933],[-74.72027,-12.05934],[-74.72033,-12.05935],[-74.72044,-12.05937],[-74.72046,-12.05938],[-74.72057,-12.05942],[-74.72066,-12.05947],[-74.72068,-12.05948],[-74.72076,-12.05954],[-74.72084,-12.05962],[-74.72092,-12.05975],[-74.72096,-12.05992],[-74.72098,-12.06002],[-74.72098,-12.06009],[-74.72099,-12.06017],[-74.72099,-12.06025],[-74.721,-12.06051],[-74.721,-12.06065],[-74.72099,-12.06072],[-74.72098,-12.06096],[-74.72098,-12.06109],[-74.72098,-12.06117],[-74.72098,-12.06119],[-74.72099,-12.06129],[-74.721,-12.06132],[-74.72102,-12.0614],[-74.72103,-12.06144],[-74.72106,-12.06151],[-74.72111,-12.06161],[-74.72111,-12.06161],[-74.72115,-12.06168],[-74.72117,-12.06171],[-74.72117,-12.06171],[-74.72118,-12.06172],[-74.72121,-12.06176],[-74.72126,-12.06182],[-74.7213,-12.06186],[-74.72133,-12.0619],[-74.7214,-12.06196],[-74.7214,-12.06196],[-74.72143,-12.06199],[-74.72149,-12.06204],[-74.72158,-12.0621],[-74.7216,-12.06211],[-74.72166,-12.06216],[-74.72169,-12.06218],[-74.72178,-12.06223],[-74.72186,-12.06229],[-74.72203,-12.06239],[-74.72209,-12.06242],[-74.72224,-12.06252],[-74.7224,-12.06261],[-74.72248,-12.06266],[-74.72257,-12.06271],[-74.72267,-12.06277],[-74.72274,-12.06281],[-74.72279,-12.06284],[-74.72291,-12.06291],[-74.72301,-12.06296],[-74.72306,-12.06299],[-74.72311,-12.06302],[-74.72319,-12.06306],[-74.72336,-12.06315],[-74.72344,-12.0632],[-74.72349,-12.06322],[-74.72358,-12.06328],[-74.72367,-12.06334],[-74.72374,-12.06339],[-74.72377,-12.06342],[-74.72382,-12.06347],[-74.72385,-12.06349],[-74.72389,-12.06353],[-74.72393,-12.06357],[-74.72398,-12.06363],[-74.724,-12.06366],[-74.72407,-12.06377],[-74.72411,-12.06385],[-74.72414,-12.06391],[-74.72419,-12.06408],[-74.72421,-12.06416],[-74.72421,-12.06421],[-74.72422,-12.06439],[-74.72422,-12.06449],[-74.72421,-12.06457],[-74.7242,-12.06464],[-74.72416,-12.06484],[-74.72416,-12.06488],[-74.72415,-12.06492],[-74.72411,-12.06509],[-74.7241,-12.06514],[-74.72409,-12.06519],[-74.72406,-12.0653],[-74.72405,-12.06534],[-74.72404,-12.06536],[-74.72403,-12.06541],[-74.72402,-12.06546],[-74.72399,-12.06555],[-74.72398,-12.06559],[-74.72395,-12.06569],[-74.72389,-12.06586],[-74.72384,-12.06601],[-74.72383,-12.06604],[-74.72378,-12.06616],[-74.72372,-12.06633],[-74.72366,-12.0665],[-74.7236,-12.06667],[-74.72357,-12.06677],[-74.72355,-12.06683],[-74.72353,-12.06689],[-74.72351,-12.06696],[-74.72349,-12.06702],[-74.72346,-12.0671],[-74.72345,-12.06715],[-74.72343,-12.06722],[-74.72342,-12.06726],[-74.7234,-12.06735],[-74.72337,-12.06746],[-74.72336,-12.0675],[-74.72336,-12.06755],[-74.72335,-12.06758],[-74.72334,-12.06765],[-74.72333,-12.06769],[-74.72331,-12.0678],[-74.72329,-12.06798],[-74.72328,-12.06802],[-74.72327,-12.06809],[-74.72326,-12.06819],[-74.72324,-12.06834],[-74.72322,-12.06851],[-74.7232,-12.06875],[-74.72319,-12.06888],[-74.72318,-12.06902],[-74.72318,-12.06914],[-74.72318,-12.06929],[-74.72327,-12.06988],[-74.72338,-12.07045],[-74.72353,-12.07097],[-74.72379,-12.07154],[-74.72421,-12.0721],[-74.725,-12.07284],[-74.72541,-12.07325],[-74.72559,-12.07348],[-74.72594,-12.07399],[-74.72646,-12.07475],[-74.72678,-12.0752],[-74.7272,-12.07588],[-74.7274,-12.07641],[-74.72748,-12.07684],[-74.72753,-12.07768],[-74.72755,-12.07811],[-74.7275,-12.07854],[-74.72729,-12.07921],[-74.72718,-12.07959],[-74.72713,-12.07984],[-74.72706,-12.08026],[-74.72696,-12.08074],[-74.72679,-12.08127],[-74.72655,-12.08179],[-74.72623,-12.08228],[-74.72593,-12.08262],[-74.72569,-12.08284],[-74.72553,-12.08293],[-74.72525,-12.08303],[-74.7248,-12.08316],[-74.72456,-12.08334],[-74.72415,-12.08379],[-74.72298,-12.08499],[-74.72247,-12.08541],[-74.72213,-12.08566],[-74.7217,-12.08592],[-74.72104,-12.08623],[-74.72069,-12.08636],[-74.72031,-12.08651],[-74.72014,-12.08656],[-74.7189,-12.08704],[-74.71807,-12.08736],[-74.71753,-12.08754],[-74.71694,-12.0877],[-74.71669,-12.08778],[-74.71582,-12.08797],[-74.71529,-12.08808],[-74.71462,-12.0882],[-74.71388,-12.08831],[-74.71327,-12.08838],[-74.71257,-12.08842],[-74.71209,-12.08846],[-74.71157,-12.08855],[-74.71116,-12.08871],[-74.71079,-12.08898],[-74.71052,-12.08926],[-74.71002,-12.08925],[-74.71007,-12.08912],[-74.71016,-12.08897],[-74.71024,-12.08887],[-74.71029,-12.08882],[-74.71033,-12.08878],[-74.71036,-12.08875],[-74.71039,-12.08872],[-74.71041,-12.0887],[-74.71044,-12.08868],[-74.71045,-12.08867],[-74.71046,-12.08866],[-74.71049,-12.08864],[-74.71051,-12.08862],[-74.71053,-12.0886],[-74.71055,-12.08858],[-74.71057,-12.08857],[-74.71059,-12.08855],[-74.71061,-12.08854],[-74.71063,-12.08852],[-74.71065,-12.0885],[-74.71067,-12.08849],[-74.7107,-12.08847],[-74.71071,-12.08846],[-74.71073,-12.08845],[-74.71075,-12.08844],[-74.71077,-12.08842],[-74.71079,-12.08841],[-74.71081,-12.0884],[-74.71084,-12.08838],[-74.71087,-12.08837],[-74.71089,-12.08835],[-74.71094,-12.08833],[-74.71097,-12.08831],[-74.71101,-12.08829],[-74.71107,-12.08827],[-74.71111,-12.08826],[-74.71113,-12.08825],[-74.71116,-12.08824],[-74.71119,-12.08823],[-74.71122,-12.08822],[-74.71126,-12.08821],[-74.71129,-12.0882],[-74.71132,-12.08819],[-74.71139,-12.08818],[-74.71144,-12.08817],[-74.71149,-12.08816],[-74.71154,-12.08815],[-74.71158,-12.08814],[-74.71168,-12.08813],[-74.71179,-12.08812],[-74.71188,-12.08811],[-74.71197,-12.0881],[-74.71203,-12.0881],[-74.71208,-12.08809],[-74.71211,-12.08809],[-74.71216,-12.08809],[-74.7122,-12.08809],[-74.71227,-12.08808],[-74.71232,-12.08808],[-74.71242,-12.08807],[-74.71251,-12.08806],[-74.71272,-12.08805],[-74.713,-12.08803],[-74.71329,-12.088],[-74.71356,-12.08797],[-74.71397,-12.08792],[-74.71416,-12.08789],[-74.71422,-12.08788],[-74.71438,-12.08785],[-74.71452,-12.08782],[-74.71469,-12.08779],[-74.71487,-12.08776],[-74.715,-12.08774],[-74.7152,-12.0877],[-74.71544,-12.08765],[-74.71555,-12.08763],[-74.71562,-12.08761],[-74.71567,-12.0876],[-74.71572,-12.08759],[-74.71578,-12.08757],[-74.71584,-12.08756],[-74.71588,-12.08755],[-74.71592,-12.08754],[-74.71595,-12.08754],[-74.71599,-12.08753],[-74.71604,-12.08752],[-74.71608,-12.08751],[-74.71612,-12.0875],[-74.71617,-12.08749],[-74.71629,-12.08746],[-74.71636,-12.08744],[-74.71642,-12.08742],[-74.71647,-12.08741],[-74.71651,-12.0874],[-74.71655,-12.08739],[-74.7166,-12.08738],[-74.71664,-12.08736],[-74.71669,-12.08735],[-74.71673,-12.08734],[-74.71678,-12.08733],[-74.71685,-12.08731],[-74.7169,-12.08729],[-74.71694,-12.08728],[-74.71699,-12.08727],[-74.71705,-12.08725],[-74.71711,-12.08723],[-74.71714,-12.08722],[-74.71722,-12.0872],[-74.71727,-12.08718],[-74.71734,-12.08716],[-74.7174,-12.08714],[-74.71748,-12.08711],[-74.71753,-12.08709],[-74.71759,-12.08707],[-74.71762,-12.08706],[-74.71768,-12.08704],[-74.71772,-12.08703],[-74.71775,-12.08702],[-74.71779,-12.087],[-74.71785,-12.08698],[-74.71788,-12.08697],[-74.71792,-12.08695],[-74.71797,-12.08694],[-74.71809,-12.08689],[-74.71811,-12.08688],[-74.71817,-12.08686],[-74.71823,-12.08684],[-74.71826,-12.08683],[-74.71831,-12.08681],[-74.71837,-12.08679],[-74.7184,-12.08678],[-74.71843,-12.08676],[-74.71846,-12.08675],[-74.71849,-12.08674],[-74.71854,-12.08672],[-74.71859,-12.0867],[-74.71864,-12.08668],[-74.71868,-12.08667],[-74.71873,-12.08665],[-74.71878,-12.08663],[-74.71897,-12.08655],[-74.71922,-12.08646],[-74.71939,-12.08639],[-74.71955,-12.08633],[-74.71977,-12.08625],[-74.71996,-12.08618],[-74.7201,-12.08613],[-74.72021,-12.08609],[-74.72034,-12.08604],[-74.72045,-12.086],[-74.72051,-12.08598],[-74.72074,-12.08589],[-74.72092,-12.08581],[-74.7211,-12.08573],[-74.72129,-12.08564],[-74.72146,-12.08554],[-74.7217,-12.0854],[-74.72192,-12.08525],[-74.72228,-12.08497],[-74.7225,-12.08479],[-74.72264,-12.08466],[-74.72292,-12.0844],[-74.72301,-12.0843],[-74.72312,-12.08419],[-74.72317,-12.08414],[-74.72341,-12.0839],[-74.72379,-12.08352],[-74.72412,-12.08316],[-74.72431,-12.08295],[-74.72445,-12.08284],[-74.72457,-12.08278],[-74.72469,-12.08275],[-74.72484,-12.08271],[-74.725,-12.08267],[-74.72514,-12.08263],[-74.72525,-12.08258],[-74.72534,-12.08253],[-74.72538,-12.0825],[-74.72544,-12.08245],[-74.72548,-12.08242],[-74.72558,-12.08233],[-74.72575,-12.08216],[-74.72588,-12.082],[-74.72596,-12.08189],[-74.72604,-12.08178],[-74.72617,-12.08158],[-74.72626,-12.08142],[-74.72636,-12.08124],[-74.72645,-12.08102],[-74.72653,-12.08083],[-74.72663,-12.0805],[-74.72674,-12.08009],[-74.72679,-12.0799],[-74.72689,-12.07954],[-74.72696,-12.07928],[-74.72702,-12.07906],[-74.72707,-12.07891],[-74.72711,-12.07876],[-74.72715,-12.07861],[-74.72721,-12.07841],[-74.72726,-12.07825],[-74.72728,-12.07774],[-74.72727,-12.07744],[-74.72721,-12.07701],[-74.72713,-12.07668],[-74.72702,-12.07641],[-74.7269,-12.07614],[-74.72678,-12.07595],[-74.72665,-12.07574],[-74.7265,-12.07552],[-74.72645,-12.07545],[-74.72631,-12.07525],[-74.72614,-12.07502],[-74.72583,-12.07458],[-74.72567,-12.07432],[-74.7255,-12.07407],[-74.72533,-12.07383],[-74.7251,-12.07356],[-74.72483,-12.07329],[-74.72464,-12.07312],[-74.72409,-12.0726],[-74.72357,-12.07192],[-74.72335,-12.07149],[-74.72322,-12.07113],[-74.72307,-12.07043],[-74.72295,-12.0697],[-74.72295,-12.06934],[-74.72297,-12.06894],[-74.72299,-12.0687],[-74.72301,-12.0684],[-74.72305,-12.06798],[-74.72309,-12.06772],[-74.72312,-12.06755],[-74.72319,-12.06725],[-74.72325,-12.06703],[-74.72334,-12.06676],[-74.72343,-12.06652],[-74.72353,-12.06622],[-74.72368,-12.06583],[-74.72384,-12.06535],[-74.72397,-12.0648],[-74.72387,-12.06421],[-74.72367,-12.06393],[-74.72334,-12.06367],[-74.72287,-12.06341],[-74.7223,-12.06308],[-74.72179,-12.06278],[-74.72136,-12.0625],[-74.72098,-12.06216],[-74.72087,-12.06198],[-74.72081,-12.06186],[-74.72073,-12.06163],[-74.72069,-12.06132],[-74.72068,-12.0611],[-74.72068,-12.06079],[-74.72068,-12.06057],[-74.72069,-12.06035],[-74.72068,-12.06013],[-74.72058,-12.05996],[-74.72043,-12.05985],[-74.72028,-12.05979],[-74.72015,-12.05975],[-74.72,-12.05972],[-74.71993,-12.05972],[-74.71977,-12.05972],[-74.71958,-12.05974],[-74.71935,-12.05979],[-74.71907,-12.05989],[-74.71877,-12.06002],[-74.71851,-12.06016],[-74.71819,-12.06029],[-74.71789,-12.06036],[-74.71765,-12.06035],[-74.71738,-12.0603],[-74.71715,-12.06024],[-74.7169,-12.06016],[-74.71634,-12.05994],[-74.71597,-12.05978],[-74.71558,-12.05958],[-74.71532,-12.05944],[-74.71509,-12.05932],[-74.71482,-12.05918],[-74.71444,-12.05898],[-74.71418,-12.05885],[-74.71395,-12.05874],[-74.71358,-12.05858],[-74.7132,-12.05843],[-74.71289,-12.05831],[-74.71263,-12.05821],[-74.71235,-12.05811],[-74.7121,-12.05803],[-74.71179,-12.05793],[-74.7116,-12.05788],[-74.71145,-12.05783],[-74.71133,-12.05779],[-74.71125,-12.05776],[-74.71116,-12.05772],[-74.71108,-12.05767],[-74.71102,-12.05763],[-74.71094,-12.05755],[-74.71086,-12.05746],[-74.71078,-12.05735],[-74.71065,-12.05721],[-74.71047,-12.05706],[-74.71036,-12.05698],[-74.71024,-12.05688],[-74.71017,-12.05681],[-74.71006,-12.05668],[-74.70999,-12.05658],[-74.70989,-12.05644],[-74.70978,-12.05628],[-74.70964,-12.0561],[-74.7094,-12.05578],[-74.70922,-12.05555],[-74.70888,-12.05514],[-74.70861,-12.05485],[-74.70826,-12.0545],[-74.70803,-12.0543],[-74.70788,-12.05418],[-74.70767,-12.05402],[-74.70752,-12.05392],[-74.70722,-12.05374],[-74.70685,-12.05352],[-74.7066,-12.05337],[-74.70634,-12.05318],[-74.70612,-12.05301],[-74.70601,-12.05292],[-74.70577,-12.05273],[-74.7055,-12.05251],[-74.70524,-12.05231],[-74.70504,-12.05215],[-74.70484,-12.05198],[-74.70462,-12.05177],[-74.70439,-12.05152],[-74.70416,-12.05123],[-74.70407,-12.0511],[-74.70395,-12.05092],[-74.7038,-12.05066],[-74.70362,-12.05031],[-74.70338,-12.04958],[-74.70324,-12.04906],[-74.70308,-12.04867],[-74.70296,-12.04842],[-74.70268,-12.04798],[-74.70242,-12.04763],[-74.70228,-12.04747],[-74.70203,-12.04716],[-74.70188,-12.04698],[-74.70175,-12.04682],[-74.70164,-12.04669],[-74.70147,-12.04648],[-74.70139,-12.04637],[-74.7012,-12.04616],[-74.70095,-12.04591],[-74.70064,-12.04561],[-74.70023,-12.04528],[-74.69999,-12.0451],[-74.69968,-12.04488],[-74.6994,-12.04472],[-74.69931,-12.04468],[-74.69916,-12.04461],[-74.69899,-12.04455],[-74.69865,-12.04443],[-74.69833,-12.04431],[-74.69802,-12.04418],[-74.69773,-12.04404],[-74.69729,-12.04378],[-74.69693,-12.04354],[-74.69671,-12.04338],[-74.69643,-12.04319],[-74.69613,-12.04298],[-74.69594,-12.04284],[-74.69566,-12.04264],[-74.69543,-12.04246],[-74.69518,-12.04229],[-74.695,-12.04224],[-74.69483,-12.04224],[-74.69452,-12.0423],[-74.69436,-12.04234],[-74.69411,-12.04239],[-74.69363,-12.04242],[-74.69324,-12.04243],[-74.69304,-12.04241],[-74.69287,-12.04236],[-74.69272,-12.0423],[-74.69269,-12.04229]]]}},{"type":"Feature","properties":{"Name":"QUEBRADA SIN NOMBRE DE LA U. HIDROGR\u00c1FICA N5 YARABAMBA","description":"","OBJECTID":"184004","CODIGO":"OT000133","NOMBRE":"QUEBRADA SIN NOMBRE DE LA U. HIDROGR\u00c1FICA N5 YARABAMBA","CATEGORI":" ","CLASE":" ","ZONA":"19","HAS":"4.4414","ZONEX":"19","NORMA":"LEY N\u00b0 29338","ARCHIVO":"QS25D4921","FEC_ING":"17/12/2025","ENTIDAD":"AUTORIDAD NACIONAL DEL AGUA","USO":" ","EST_GRAF":"SIN INF. COMPLETA","LEYENDA":"SIN INF. COMPLETA","SHAPE.AREA":"3.7555288473454997e-06","SHAPE.LEN":"0.015659547644477","FEC_PUB":"1238475600000","MINERIA":"NO","TP_AREA":"FAJA MARGINAL","ORDENANZA":" ","NM_AREA":"QUEBRADA SIN NOMBRE DE LA U. HIDROGR\u00c1FICA N5 YARABAMBA - FAJA MARGINAL","CREATOR":"WVAL0398","CREATIONDA":"1766001566000","EDITOR":"WVAL0398","EDITDATE":"1766001566000","IDENTI":"c9a7a942c8484ed7b304255f3a5a8134","ESTILO":"ZONA RESERVADA"},"geometry":{"type":"Polygon","coordinates":[[[-71.45124,-16.48647],[-71.45079,-16.48682],[-71.45043,-16.48689],[-71.44991,-16.48699],[-71.44942,-16.48715],[-71.44905,-16.48748],[-71.44846,-16.48791],[-71.4476,-16.48821],[-71.44666,-16.48834],[-71.4459,-16.48837],[-71.44515,-16.48848],[-71.44449,-16.48823],[-71.44456,-16.48773],[-71.44513,-16.48796],[-71.44573,-16.48784],[-71.44654,-16.48781],[-71.44749,-16.48776],[-71.44819,-16.4875],[-71.44866,-16.48703],[-71.44918,-16.48666],[-71.44986,-16.4865],[-71.45027,-16.48639],[-71.45072,-16.48619],[-71.45102,-16.48579],[-71.45124,-16.48647]]]}},{"type":"Feature","properties":{"Name":"QUEBRADA SIN NOMBRE DE LA U. HIDROGR\u00c1FICA N5 YARABAMBA","description":"","OBJECTID":"184002","CODIGO":"OT000133","NOMBRE":"QUEBRADA SIN NOMBRE DE LA U. HIDROGR\u00c1FICA N5 YARABAMBA","CATEGORI":" ","CLASE":" ","ZONA":"19","HAS":"29.7836","ZONEX":"19","NORMA":"LEY N\u00b0 29338","ARCHIVO":"QS25D4921","FEC_ING":"17/12/2025","ENTIDAD":"AUTORIDAD NACIONAL DEL AGUA","USO":" ","EST_GRAF":"SIN INF. COMPLETA","LEYENDA":"SIN INF. COMPLETA","SHAPE.AREA":"2.51839109489325e-05","SHAPE.LEN":"0.0523303463228426","FEC_PUB":"1238475600000","MINERIA":"NO","TP_AREA":"FAJA MARGINAL","ORDENANZA":" ","NM_AREA":"QUEBRADA SIN NOMBRE DE LA U. HIDROGR\u00c1FICA N5 YARABAMBA - FAJA MARGINAL","CREATOR":"WVAL0398","CREATIONDA":"1766001566000","EDITOR":"WVAL0398","EDITDATE":"1766001566000","IDENTI":"cbf3cb2b3f7940b28e2ff16a1ca3a7bc","ESTILO":"ZONA RESERVADA"},"geometry":{"type":"Polygon","coordinates":[[[-71.45282,-16.48067],[-71.45235,-16.48032],[-71.45148,-16.47964],[-71.45056,-16.47926],[-71.44963,-16.47891],[-71.44899,-16.47891],[-71.44834,-16.47901],[-71.448,-16.4799],[-71.44787,-16.48055],[-71.44706,-16.48073],[-71.44631,-16.48022],[-71.44545,-16.47987],[-71.44486,-16.47968],[-71.44417,-16.48038],[-71.44343,-16.4807],[-71.44275,-16.48104],[-71.44226,-16.48146],[-71.44178,-16.4819],[-71.44094,-16.48226],[-71.4402,-16.48286],[-71.44024,-16.48398],[-71.44021,-16.48523],[-71.44001,-16.4866],[-71.43963,-16.48716],[-71.43854,-16.48737],[-71.43772,-16.48729],[-71.43643,-16.48736],[-71.43524,-16.48769],[-71.43474,-16.48677],[-71.43608,-16.48637],[-71.43721,-16.48639],[-71.43798,-16.48639],[-71.43869,-16.48624],[-71.43883,-16.48555],[-71.43918,-16.48486],[-71.43923,-16.48403],[-71.43908,-16.48247],[-71.43964,-16.48153],[-71.44029,-16.48124],[-71.44127,-16.481],[-71.4417,-16.48035],[-71.44213,-16.47998],[-71.44319,-16.47969],[-71.44425,-16.47914],[-71.44423,-16.47824],[-71.44511,-16.4781],[-71.44593,-16.4791],[-71.44669,-16.47948],[-71.44744,-16.47936],[-71.44776,-16.47835],[-71.44841,-16.47819],[-71.4492,-16.47802],[-71.4498,-16.47819],[-71.45069,-16.4785],[-71.45164,-16.47879],[-71.45245,-16.47919],[-71.45294,-16.47955],[-71.45282,-16.48067]]]}},{"type":"Feature","properties":{"Name":"QUEBRADA SIN NOMBRE DE LA U. HIDROGR\u00c1FICA N5 YARABAMBA","description":"","OBJECTID":"184003","CODIGO":"OT000133","NOMBRE":"QUEBRADA SIN NOMBRE DE LA U. HIDROGR\u00c1FICA N5 YARABAMBA","CATEGORI":" ","CLASE":" ","ZONA":"19","HAS":"4.558","ZONEX":"19","NORMA":"LEY N\u00b0 29338","ARCHIVO":"QS25D4921","FEC_ING":"17/12/2025","ENTIDAD":"AUTORIDAD NACIONAL DEL AGUA","USO":" ","EST_GRAF":"SIN INF. COMPLETA","LEYENDA":"SIN INF. COMPLETA","SHAPE.AREA":"3.8540924900085e-06","SHAPE.LEN":"0.0162584468213849","FEC_PUB":"1238475600000","MINERIA":"NO","TP_AREA":"FAJA MARGINAL","ORDENANZA":" ","NM_AREA":"QUEBRADA SIN NOMBRE DE LA U. HIDROGR\u00c1FICA N5 YARABAMBA - FAJA MARGINAL","CREATOR":"WVAL0398","CREATIONDA":"1766001566000","EDITOR":"WVAL0398","EDITDATE":"1766001566000","IDENTI":"b7b9e602c42a47538417966b1dc62ac9","ESTILO":"ZONA RESERVADA"},"geometry":{"type":"Polygon","coordinates":[[[-71.45101,-16.48521],[-71.45074,-16.48479],[-71.45025,-16.48453],[-71.44978,-16.48449],[-71.44943,-16.48473],[-71.44887,-16.48499],[-71.44815,-16.48494],[-71.44728,-16.48507],[-71.44645,-16.48529],[-71.44546,-16.48533],[-71.44463,-16.48514],[-71.444,-16.48501],[-71.44404,-16.48453],[-71.44474,-16.48462],[-71.44554,-16.48479],[-71.44631,-16.48467],[-71.44715,-16.4846],[-71.44805,-16.48448],[-71.44873,-16.48445],[-71.44933,-16.48416],[-71.44985,-16.48409],[-71.45038,-16.48418],[-71.45096,-16.48435],[-71.45139,-16.48471],[-71.45101,-16.48521]]]}},{"type":"Feature","properties":{"Name":"TRAMO DEL CAUCE DE LA QUEBRADA OZORIN, U.H. 13172 (SECTOR PAMPA PIEDRA HUECA)","description":"","OBJECTID":"183373","CODIGO":"OT000121","NOMBRE":"TRAMO DEL CAUCE DE LA QUEBRADA OZORIN, U.H. 13172 (SECTOR PAMPA PIEDRA HUECA)","CATEGORI":" ","CLASE":" ","ZONA":"19","HAS":"11.036200000000001","ZONEX":"19","NORMA":"LEY N\u00b0 29338","ARCHIVO":"ZR25D4910","FEC_ING":"05/12/2025","ENTIDAD":"AUTORIDAD NACIONAL DEL AGUA","USO":" ","EST_GRAF":"SIN INF. COMPLETA","LEYENDA":"SIN INF. COMPLETA","SHAPE.AREA":"9.390803219576e-06","SHAPE.LEN":"0.0430571691566039","FEC_PUB":"1238475600000","MINERIA":"NO","TP_AREA":"FAJA MARGINAL","ORDENANZA":" ","NM_AREA":"TRAMO DEL CAUCE DE LA QUEBRADA OZORIN, U.H. 13172 (SECTOR PAMPA PIEDRA HUECA) - FAJA MARGINAL","CREATOR":"FLAT1065","CREATIONDA":"1764944637000","EDITOR":"FLAT1065","EDITDATE":"1764944637000","IDENTI":"7c02afd90c1247078637a672ab6fe20b","ESTILO":"ZONA RESERVADA"},"geometry":{"type":"Polygon","coordinates":[[[-71.19221,-17.61934],[-71.19258,-17.61957],[-71.19198,-17.62005],[-71.19155,-17.62035],[-71.19098,-17.62071],[-71.19053,-17.62094],[-71.19008,-17.62098],[-71.18958,-17.62097],[-71.18926,-17.62111],[-71.18893,-17.62113],[-71.18864,-17.62134],[-71.18803,-17.62139],[-71.18718,-17.62142],[-71.18676,-17.62135],[-71.18641,-17.62145],[-71.18603,-17.62133],[-71.18557,-17.62147],[-71.18554,-17.62166],[-71.18531,-17.62178],[-71.18498,-17.62176],[-71.18472,-17.62223],[-71.18442,-17.62228],[-71.18415,-17.62214],[-71.18374,-17.62227],[-71.18339,-17.62258],[-71.18281,-17.62269],[-71.1822,-17.62261],[-71.18175,-17.62251],[-71.18129,-17.62253],[-71.1807,-17.62257],[-71.18024,-17.62234],[-71.18028,-17.62203],[-71.18017,-17.62183],[-71.17992,-17.62186],[-71.17954,-17.62173],[-71.17916,-17.62145],[-71.1788,-17.62136],[-71.17818,-17.6213],[-71.17755,-17.62134],[-71.17688,-17.62156],[-71.17646,-17.62163],[-71.17612,-17.62188],[-71.17575,-17.6221],[-71.17521,-17.62202],[-71.17462,-17.62175],[-71.17435,-17.62174],[-71.17383,-17.62156],[-71.17315,-17.6211],[-71.17353,-17.62084],[-71.174,-17.62118],[-71.17465,-17.62139],[-71.17506,-17.62156],[-71.17558,-17.62165],[-71.17582,-17.62146],[-71.17626,-17.62129],[-71.17676,-17.62113],[-71.17729,-17.621],[-71.17781,-17.62089],[-71.17873,-17.62097],[-71.17946,-17.6211],[-71.17991,-17.62139],[-71.18022,-17.62131],[-71.18061,-17.6215],[-71.18097,-17.62215],[-71.18152,-17.62208],[-71.18215,-17.62218],[-71.18272,-17.62222],[-71.18307,-17.62224],[-71.18332,-17.62205],[-71.1837,-17.62182],[-71.18444,-17.62168],[-71.18487,-17.62134],[-71.18533,-17.6211],[-71.18596,-17.62094],[-71.18669,-17.62093],[-71.18741,-17.62096],[-71.18839,-17.62095],[-71.18852,-17.62078],[-71.18893,-17.62064],[-71.18963,-17.62057],[-71.1903,-17.62054],[-71.19073,-17.62023],[-71.19129,-17.61995],[-71.19156,-17.61962],[-71.19221,-17.61934]]]}},{"type":"Feature","properties":{"Name":"RIO PATISHGO","description":"","OBJECTID":"151505","CODIGO":"OT000067","NOMBRE":"RIO PATISHGO","CATEGORI":" ","CLASE":" ","ZONA":"18","HAS":"23.3655","ZONEX":"18","OBS":" ","NORMA":"LEY N\u00b0 29338","ARCHIVO":"FM48N10","FEC_ING":"12/07/2018","ENTIDAD":"MUNICIPALIDAD PROVINCIAL DE BOLOGNESI","USO":" ","EST_GRAF":"SIN INF. COMPLETA","LEYENDA":"SIN INF. COMPLETA","SHAPE.AREA":"1.92598249912375e-05","SHAPE.LEN":"0.0509027512909826","FEC_PUB":"1238475600000","MINERIA":"NO","TP_AREA":"FAJA MARGINAL","ORDENANZA":" ","NM_AREA":"RIO PATISHGO - FAJA MARGINAL","EDITOR":" ","EDITDATE":"1623180509000","IDENTI":"752206e190b44083b13a6ed61997a97c","ESTILO":"ZONA RESERVADA"},"geometry":{"type":"Polygon","coordinates":[[[-77.26075,-10.10889],[-77.26476,-10.11143],[-77.26701,-10.11173],[-77.26922,-10.11193],[-77.27108,-10.11209],[-77.27246,-10.11318],[-77.27573,-10.11462],[-77.27733,-10.11556],[-77.28056,-10.11647],[-77.28319,-10.11726],[-77.28329,-10.11798],[-77.2804,-10.11718],[-77.27689,-10.11609],[-77.27538,-10.11534],[-77.27205,-10.11378],[-77.27077,-10.11296],[-77.26912,-10.11285],[-77.26692,-10.11254],[-77.26452,-10.11226],[-77.26021,-10.10949],[-77.26075,-10.10889]]]}},{"type":"Feature","properties":{"Name":"TRAMO DEL CAUCE DE LA QUEBRADA POZO NEGRO","description":"","OBJECTID":"189134","CODIGO":"FM000015","NOMBRE":"TRAMO DEL CAUCE DE LA QUEBRADA POZO NEGRO","ZONA":"19","HAS":"1.9974","ZONEX":"19","NORMA":"LEY N\u00b0 29338","ARCHIVO":"PN26J4902","FEC_ING":"05/06/2026","ENTIDAD":"AUTORIDAD NACIONAL DEL AGUA","EST_GRAF":"SIN INF. COMPLETA","LEYENDA":"SIN INF. COMPLETA","SHAPE.AREA":"1.6883326968715e-06","SHAPE.LEN":"0.012074653685546602","FEC_PUB":"1238475600000","MINERIA":"NO","TP_AREA":"FAJA MARGINAL","NM_AREA":"TRAMO DEL CAUCE DE LA QUEBRADA POZO NEGRO - FAJA MARGINAL","CREATOR":"FLAT1065","CREATIONDA":"1780670139000","EDITOR":"FLAT1065","EDITDATE":"1780670139000","IDENTI":"8a234289aa8541a2a68861e055d1831a","ESTILO":"ZONA RESERVADA"},"geometry":{"type":"Polygon","coordinates":[[[-71.47666,-16.41802],[-71.47649,-16.41796],[-71.4763,-16.4179],[-71.47606,-16.41786],[-71.47588,-16.41783],[-71.47576,-16.41785],[-71.47567,-16.41783],[-71.4756,-16.41783],[-71.47554,-16.41782],[-71.47547,-16.41781],[-71.47541,-16.41779],[-71.47532,-16.41774],[-71.47526,-16.41771],[-71.47523,-16.41767],[-71.47522,-16.41765],[-71.47508,-16.41772],[-71.47491,-16.41773],[-71.47471,-16.41776],[-71.47457,-16.41766],[-71.47438,-16.41767],[-71.47422,-16.41771],[-71.47398,-16.41771],[-71.47386,-16.41772],[-71.4737,-16.41776],[-71.47349,-16.41784],[-71.47338,-16.41795],[-71.47319,-16.41806],[-71.47293,-16.41798],[-71.47275,-16.41801],[-71.47256,-16.41803],[-71.47234,-16.41804],[-71.47217,-16.41801],[-71.47199,-16.41804],[-71.4718,-16.41806],[-71.47162,-16.41806],[-71.47145,-16.41804],[-71.47123,-16.41804],[-71.47127,-16.41764],[-71.47147,-16.41765],[-71.47163,-16.41766],[-71.47176,-16.41771],[-71.47193,-16.41772],[-71.47215,-16.41769],[-71.47235,-16.41772],[-71.47254,-16.41772],[-71.47271,-16.41773],[-71.47287,-16.41773],[-71.47306,-16.41767],[-71.47322,-16.41762],[-71.47335,-16.41759],[-71.47354,-16.41752],[-71.4737,-16.4174],[-71.47381,-16.4173],[-71.4741,-16.4173],[-71.47424,-16.41736],[-71.47447,-16.41727],[-71.47464,-16.4173],[-71.47476,-16.41744],[-71.47497,-16.41742],[-71.47517,-16.41743],[-71.47528,-16.41751],[-71.47531,-16.41756],[-71.47536,-16.41758],[-71.4754,-16.41761],[-71.47545,-16.41765],[-71.4755,-16.41768],[-71.47553,-16.41767],[-71.47558,-16.41768],[-71.47562,-16.4177],[-71.47569,-16.41771],[-71.47584,-16.41759],[-71.47602,-16.41759],[-71.47627,-16.41757],[-71.47643,-16.41763],[-71.47666,-16.41802]]]}},{"type":"Feature","properties":{"Name":"TRAMO DE LA QUEBRADA DEL DIABLO","description":"","OBJECTID":"183374","CODIGO":"OT000124","NOMBRE":"TRAMO DE LA QUEBRADA DEL DIABLO","CATEGORI":" ","CLASE":" ","ZONA":"19","HAS":"191.65900000000002","ZONEX":"19","NORMA":"LEY N\u00b0 29338","ARCHIVO":"DB25D4913","FEC_ING":"05/12/2025","ENTIDAD":"AUTORIDAD NACIONAL DEL AGUA","USO":" ","EST_GRAF":"SIN INF. COMPLETA","LEYENDA":"SIN INF. COMPLETA","SHAPE.AREA":"0.000163532084600235","SHAPE.LEN":"0.21679895118834203","FEC_PUB":"1238475600000","MINERIA":"NO","TP_AREA":"FAJA MARGINAL","ORDENANZA":" ","NM_AREA":"TRAMO DE LA QUEBRADA DEL DIABLO - FAJA MARGINAL","CREATOR":"FLAT1065","CREATIONDA":"1764944618000","EDITOR":"FLAT1065","EDITDATE":"1764944618000","IDENTI":"55ae11fbcf5d4a7dbc2f5ef7c4da8a95","ESTILO":"ZONA RESERVADA"},"geometry":{"type":"Polygon","coordinates":[[[-70.2647,-18.00162],[-70.26049,-18.00008],[-70.26121,-17.99932],[-70.26193,-17.99845],[-70.2624,-17.99813],[-70.26281,-17.99765],[-70.2632,-17.99723],[-70.26387,-17.99692],[-70.26435,-17.99652],[-70.26499,-17.99603],[-70.2655,-17.99553],[-70.26565,-17.99516],[-70.26568,-17.99484],[-70.26548,-17.99447],[-70.26528,-17.99411],[-70.26507,-17.99379],[-70.26488,-17.99358],[-70.2647,-17.99337],[-70.26434,-17.993],[-70.26419,-17.99274],[-70.26387,-17.99245],[-70.26379,-17.99235],[-70.26326,-17.99156],[-70.26296,-17.99111],[-70.26283,-17.99083],[-70.26269,-17.99065],[-70.26261,-17.9904],[-70.26256,-17.99025],[-70.26238,-17.99001],[-70.26224,-17.98981],[-70.26206,-17.98955],[-70.26208,-17.98917],[-70.26212,-17.98869],[-70.26207,-17.98853],[-70.262,-17.98831],[-70.26194,-17.9882],[-70.26175,-17.98803],[-70.2617,-17.98801],[-70.26151,-17.98792],[-70.26134,-17.98783],[-70.26118,-17.98776],[-70.26102,-17.98764],[-70.26096,-17.98753],[-70.26084,-17.98729],[-70.2608,-17.98716],[-70.26073,-17.98694],[-70.26065,-17.98673],[-70.26049,-17.9863],[-70.26036,-17.98598],[-70.26032,-17.98586],[-70.26028,-17.9855],[-70.26018,-17.98522],[-70.26029,-17.98518],[-70.26024,-17.98494],[-70.26033,-17.98475],[-70.26033,-17.98425],[-70.26036,-17.98398],[-70.26052,-17.98373],[-70.26064,-17.98354],[-70.2607,-17.98329],[-70.26067,-17.98314],[-70.26054,-17.98257],[-70.26052,-17.98233],[-70.26057,-17.98197],[-70.26062,-17.98172],[-70.2606,-17.98143],[-70.26057,-17.98117],[-70.26053,-17.98097],[-70.26049,-17.98064],[-70.26049,-17.9805],[-70.26047,-17.98029],[-70.26046,-17.98012],[-70.2604,-17.97989],[-70.26035,-17.97971],[-70.26032,-17.97946],[-70.26024,-17.97924],[-70.26003,-17.97907],[-70.25988,-17.97897],[-70.25967,-17.97865],[-70.25956,-17.97833],[-70.25948,-17.97805],[-70.25942,-17.97785],[-70.25933,-17.97756],[-70.2593,-17.97744],[-70.25922,-17.97694],[-70.25919,-17.97671],[-70.25925,-17.97627],[-70.25927,-17.97617],[-70.25921,-17.97601],[-70.2591,-17.97586],[-70.25895,-17.97566],[-70.25888,-17.97538],[-70.25891,-17.97517],[-70.25909,-17.97484],[-70.25915,-17.97462],[-70.25911,-17.97439],[-70.25902,-17.97413],[-70.25898,-17.97381],[-70.25898,-17.97364],[-70.25906,-17.9734],[-70.25916,-17.97316],[-70.25917,-17.97299],[-70.2591,-17.97271],[-70.25905,-17.97247],[-70.25901,-17.97206],[-70.25899,-17.97179],[-70.25895,-17.97155],[-70.2589,-17.97124],[-70.25877,-17.97091],[-70.25863,-17.97057],[-70.25845,-17.9702],[-70.25826,-17.96988],[-70.25822,-17.96957],[-70.25821,-17.96933],[-70.25815,-17.96897],[-70.25808,-17.96859],[-70.25797,-17.9681],[-70.25784,-17.96778],[-70.25766,-17.96749],[-70.25746,-17.96717],[-70.25723,-17.96686],[-70.25704,-17.96652],[-70.25703,-17.96606],[-70.25708,-17.96565],[-70.25709,-17.96543],[-70.25709,-17.9651],[-70.25719,-17.96486],[-70.25733,-17.96466],[-70.25744,-17.96445],[-70.25742,-17.96428],[-70.25732,-17.96401],[-70.25732,-17.96362],[-70.25732,-17.96303],[-70.25721,-17.96259],[-70.25713,-17.96237],[-70.25693,-17.96208],[-70.25671,-17.96204],[-70.25651,-17.96195],[-70.25626,-17.96162],[-70.2559,-17.96121],[-70.25549,-17.96125],[-70.25539,-17.96111],[-70.25527,-17.9609],[-70.25519,-17.96069],[-70.25512,-17.96051],[-70.25508,-17.96023],[-70.25504,-17.95996],[-70.25505,-17.95968],[-70.25494,-17.9594],[-70.25473,-17.95889],[-70.25465,-17.95858],[-70.25457,-17.95828],[-70.25436,-17.95792],[-70.25432,-17.9576],[-70.25421,-17.95713],[-70.25409,-17.95654],[-70.25416,-17.95626],[-70.25417,-17.9561],[-70.25404,-17.95579],[-70.25388,-17.95545],[-70.25368,-17.95493],[-70.25348,-17.95434],[-70.2534,-17.95378],[-70.25337,-17.95321],[-70.25338,-17.95273],[-70.25332,-17.95231],[-70.25325,-17.95185],[-70.25324,-17.95152],[-70.25333,-17.95107],[-70.25328,-17.95071],[-70.25338,-17.95029],[-70.25351,-17.94982],[-70.25351,-17.94964],[-70.25336,-17.94927],[-70.25323,-17.9488],[-70.25323,-17.9483],[-70.25327,-17.9478],[-70.25325,-17.94745],[-70.25323,-17.94708],[-70.25341,-17.94665],[-70.2535,-17.94592],[-70.25377,-17.94535],[-70.254,-17.94491],[-70.25449,-17.94458],[-70.25473,-17.94409],[-70.25491,-17.94359],[-70.25509,-17.94302],[-70.25515,-17.94246],[-70.25516,-17.94183],[-70.25489,-17.94156],[-70.25476,-17.9412],[-70.2548,-17.9407],[-70.25444,-17.94028],[-70.2543,-17.93984],[-70.2541,-17.93909],[-70.25388,-17.93842],[-70.25364,-17.93789],[-70.2534,-17.9372],[-70.25318,-17.93687],[-70.2531,-17.93653],[-70.25267,-17.9356],[-70.25252,-17.93476],[-70.25258,-17.93422],[-70.25242,-17.93402],[-70.25195,-17.93364],[-70.25188,-17.93308],[-70.25189,-17.93251],[-70.25186,-17.932],[-70.25176,-17.93138],[-70.25152,-17.93093],[-70.2511,-17.93034],[-70.25076,-17.92972],[-70.25065,-17.92893],[-70.25083,-17.92838],[-70.25049,-17.92762],[-70.2498,-17.92653],[-70.24898,-17.9258],[-70.24844,-17.925],[-70.24808,-17.92438],[-70.24777,-17.92337],[-70.24761,-17.92283],[-70.24744,-17.92211],[-70.24714,-17.92154],[-70.24693,-17.92074],[-70.24667,-17.92014],[-70.24626,-17.91968],[-70.24593,-17.91907],[-70.24559,-17.91852],[-70.24526,-17.91792],[-70.24476,-17.91745],[-70.24457,-17.91694],[-70.24414,-17.91624],[-70.24355,-17.91569],[-70.24288,-17.91513],[-70.24259,-17.91443],[-70.24206,-17.91388],[-70.24163,-17.91366],[-70.24122,-17.91334],[-70.24108,-17.91291],[-70.24112,-17.9126],[-70.24109,-17.91234],[-70.24096,-17.91205],[-70.24062,-17.9117],[-70.24018,-17.91128],[-70.23963,-17.91077],[-70.23918,-17.91036],[-70.23877,-17.9101],[-70.23826,-17.90992],[-70.23759,-17.90969],[-70.23844,-17.90888],[-70.23899,-17.9091],[-70.23968,-17.90955],[-70.24011,-17.91014],[-70.2406,-17.91067],[-70.24117,-17.91121],[-70.24158,-17.91175],[-70.24184,-17.91237],[-70.24301,-17.91282],[-70.24337,-17.91328],[-70.24377,-17.91373],[-70.24435,-17.91468],[-70.24524,-17.91562],[-70.24592,-17.91629],[-70.24649,-17.91693],[-70.24702,-17.91756],[-70.24756,-17.91802],[-70.24826,-17.91875],[-70.24816,-17.9192],[-70.24801,-17.91954],[-70.24803,-17.91981],[-70.24826,-17.9204],[-70.24848,-17.92065],[-70.24885,-17.92095],[-70.24908,-17.92117],[-70.24935,-17.92145],[-70.2494,-17.92173],[-70.2493,-17.92193],[-70.24923,-17.92221],[-70.24928,-17.92255],[-70.24945,-17.92303],[-70.24992,-17.92361],[-70.25024,-17.92398],[-70.25083,-17.92485],[-70.2511,-17.92512],[-70.25142,-17.92554],[-70.25164,-17.92616],[-70.25178,-17.92676],[-70.25209,-17.92741],[-70.25205,-17.92786],[-70.25213,-17.92818],[-70.2523,-17.92871],[-70.25238,-17.92908],[-70.25255,-17.92953],[-70.25285,-17.9302],[-70.25315,-17.93062],[-70.25342,-17.93077],[-70.25368,-17.93081],[-70.25391,-17.93104],[-70.25401,-17.9313],[-70.25393,-17.93176],[-70.25428,-17.93239],[-70.25407,-17.93302],[-70.25435,-17.93367],[-70.25431,-17.93407],[-70.25424,-17.93468],[-70.2544,-17.9356],[-70.25463,-17.93632],[-70.25479,-17.93673],[-70.25527,-17.937],[-70.25547,-17.9373],[-70.2554,-17.93802],[-70.25529,-17.93855],[-70.25554,-17.93908],[-70.25556,-17.93947],[-70.25558,-17.94014],[-70.25563,-17.94065],[-70.25587,-17.94109],[-70.25597,-17.94144],[-70.25604,-17.94194],[-70.25588,-17.94271],[-70.25586,-17.94323],[-70.25565,-17.9439],[-70.25536,-17.9445],[-70.25505,-17.94509],[-70.25474,-17.94572],[-70.25457,-17.94615],[-70.2546,-17.94653],[-70.25493,-17.947],[-70.25495,-17.94745],[-70.2547,-17.94812],[-70.25458,-17.94844],[-70.25441,-17.94886],[-70.25432,-17.9492],[-70.25434,-17.94951],[-70.25427,-17.9498],[-70.25426,-17.94997],[-70.25429,-17.95012],[-70.25434,-17.95026],[-70.25442,-17.95047],[-70.25446,-17.95063],[-70.25432,-17.95089],[-70.25417,-17.95111],[-70.25409,-17.95121],[-70.25404,-17.95132],[-70.25405,-17.95159],[-70.25413,-17.95193],[-70.25433,-17.95257],[-70.25452,-17.9531],[-70.2546,-17.95352],[-70.25464,-17.95382],[-70.25469,-17.95417],[-70.25473,-17.95452],[-70.25505,-17.95488],[-70.25518,-17.95512],[-70.25514,-17.9555],[-70.25523,-17.9561],[-70.25521,-17.95642],[-70.2552,-17.95667],[-70.25533,-17.95703],[-70.25547,-17.95721],[-70.25564,-17.95753],[-70.2558,-17.95797],[-70.25583,-17.95828],[-70.25589,-17.95863],[-70.25613,-17.959],[-70.25632,-17.95934],[-70.25639,-17.95989],[-70.25632,-17.96027],[-70.25651,-17.96059],[-70.25702,-17.96089],[-70.25752,-17.96111],[-70.25787,-17.96124],[-70.2583,-17.96178],[-70.25869,-17.96234],[-70.25874,-17.96298],[-70.25887,-17.96374],[-70.25894,-17.96433],[-70.25893,-17.96487],[-70.25883,-17.96536],[-70.25868,-17.96585],[-70.25883,-17.96635],[-70.25893,-17.9668],[-70.25898,-17.96719],[-70.25912,-17.96764],[-70.25923,-17.96815],[-70.25933,-17.96868],[-70.25942,-17.96913],[-70.25948,-17.96947],[-70.25953,-17.96994],[-70.25973,-17.97041],[-70.25988,-17.97091],[-70.26,-17.97137],[-70.25994,-17.97193],[-70.25988,-17.97236],[-70.25992,-17.97294],[-70.25992,-17.97317],[-70.25991,-17.97343],[-70.25989,-17.97367],[-70.25988,-17.97392],[-70.25998,-17.97427],[-70.26009,-17.97465],[-70.26004,-17.97482],[-70.25996,-17.97497],[-70.25986,-17.97507],[-70.25986,-17.97523],[-70.25995,-17.97536],[-70.26008,-17.9755],[-70.26027,-17.97574],[-70.26031,-17.97601],[-70.26031,-17.97639],[-70.26034,-17.97677],[-70.26044,-17.97724],[-70.26052,-17.9776],[-70.26066,-17.97784],[-70.26082,-17.97811],[-70.26099,-17.97848],[-70.26109,-17.97882],[-70.26115,-17.97911],[-70.2612,-17.9795],[-70.26132,-17.97993],[-70.26136,-17.98039],[-70.26129,-17.98063],[-70.2614,-17.98094],[-70.26155,-17.98137],[-70.26163,-17.98178],[-70.26159,-17.98209],[-70.26157,-17.98255],[-70.26166,-17.98275],[-70.26177,-17.98291],[-70.26166,-17.984],[-70.26164,-17.98431],[-70.26163,-17.98453],[-70.26169,-17.9847],[-70.26185,-17.98497],[-70.26206,-17.98533],[-70.2622,-17.98554],[-70.26258,-17.98607],[-70.26273,-17.98625],[-70.26308,-17.98682],[-70.26346,-17.98744],[-70.26379,-17.98799],[-70.26401,-17.9884],[-70.26426,-17.98881],[-70.26453,-17.98925],[-70.26494,-17.98987],[-70.26535,-17.99043],[-70.26585,-17.99108],[-70.26618,-17.99139],[-70.26656,-17.99178],[-70.2669,-17.99201],[-70.26716,-17.99251],[-70.26753,-17.99325],[-70.26786,-17.99392],[-70.26805,-17.99462],[-70.2684,-17.99585],[-70.26841,-17.99633],[-70.26828,-17.99686],[-70.26787,-17.99733],[-70.26745,-17.99846],[-70.2669,-17.99934],[-70.26624,-17.99995],[-70.26575,-18.00053],[-70.26489,-18.0009],[-70.2647,-18.00162]]]}},{"type":"Feature","properties":{"Name":"FAJAS MARGINALES","description":"","OBJECTID":"154899","CODIGO":"OT000022","NOMBRE":"FAJAS MARGINALES","CATEGORI":" ","CLASE":" ","ZONA":"19","HAS":"1140.7765","ZONEX":"19","OBS":"R.A. N\u00ba 323-2008-ATDRM","NORMA":"LEY N\u00b0 29338","ARCHIVO":"FM69E08","FEC_ING":"2008-09-10","ENTIDAD":"GOBIERNO REGIONAL DE MADRE DE DIOS","USO":" ","EST_GRAF":"CON INF. COMPLETA","LEYENDA":"CON INF. COMPLETA","SHAPE.AREA":"0.00095151899920886","SHAPE.LEN":"2.60612723005217","FEC_PUB":"1238475600000","MINERIA":"NO","TP_AREA":"FAJA MARGINAL","ORDENANZA":" ","NM_AREA":"FAJAS MARGINALES - FAJA MARGINAL","EDITOR":" ","IDENTI":"f33720fb5ecf4633906f632f08293611","ESTILO":"ZONA RESERVADA"},"geometry":{"type":"Polygon","coordinates":[[[-70.8964,-13.36214],[-70.89552,-13.35798],[-70.89063,-13.35461],[-70.88434,-13.35342],[-70.87836,-13.34905],[-70.87521,-13.34737],[-70.8724,-13.34678],[-70.86539,-13.34567],[-70.8617,-13.34194],[-70.8553,-13.33754],[-70.85067,-13.33401],[-70.84788,-13.33118],[-70.84415,-13.32604],[-70.84087,-13.31761],[-70.83402,-13.31236],[-70.82253,-13.30619],[-70.80773,-13.30551],[-70.80253,-13.29976],[-70.79949,-13.29489],[-70.79475,-13.28744],[-70.79184,-13.27942],[-70.78725,-13.27526],[-70.78473,-13.27047],[-70.78326,-13.26545],[-70.78159,-13.26129],[-70.78022,-13.2578],[-70.77663,-13.25033],[-70.77182,-13.24265],[-70.76043,-13.23732],[-70.75345,-13.23401],[-70.74845,-13.22929],[-70.73975,-13.22371],[-70.73862,-13.22386],[-70.7377,-13.22244],[-70.73907,-13.22291],[-70.73824,-13.22205],[-70.73627,-13.22105],[-70.73451,-13.21928],[-70.72953,-13.21839],[-70.72323,-13.21761],[-70.71889,-13.21624],[-70.71252,-13.21644],[-70.7092,-13.21635],[-70.70031,-13.21733],[-70.68453,-13.22258],[-70.6762,-13.2305],[-70.66534,-13.24066],[-70.6573,-13.24665],[-70.64976,-13.24675],[-70.64389,-13.25096],[-70.6377,-13.25044],[-70.63468,-13.2464],[-70.63708,-13.24846],[-70.64179,-13.25001],[-70.64584,-13.24798],[-70.65471,-13.24596],[-70.66026,-13.24394],[-70.67072,-13.23698],[-70.67866,-13.22645],[-70.68962,-13.21847],[-70.70519,-13.21649],[-70.71099,-13.21529],[-70.71585,-13.2159],[-70.72123,-13.21636],[-70.72535,-13.21649],[-70.73051,-13.21742],[-70.73859,-13.22124],[-70.73949,-13.22132],[-70.7416,-13.22135],[-70.74271,-13.22114],[-70.74486,-13.22122],[-70.74685,-13.22201],[-70.7496,-13.22225],[-70.75107,-13.22391],[-70.75231,-13.22455],[-70.75446,-13.22403],[-70.75755,-13.2232],[-70.75971,-13.22372],[-70.76251,-13.22418],[-70.76465,-13.2244],[-70.76592,-13.22404],[-70.76725,-13.22482],[-70.7691,-13.22628],[-70.7719,-13.22735],[-70.77373,-13.23027],[-70.77403,-13.23069],[-70.77785,-13.23207],[-70.78071,-13.23443],[-70.78102,-13.23581],[-70.78239,-13.23785],[-70.78406,-13.23935],[-70.78412,-13.24001],[-70.78387,-13.24213],[-70.78303,-13.2436],[-70.78272,-13.24483],[-70.78248,-13.24566],[-70.78349,-13.24707],[-70.78351,-13.24836],[-70.78454,-13.24961],[-70.7855,-13.252],[-70.78642,-13.25397],[-70.78677,-13.25481],[-70.78821,-13.25501],[-70.78844,-13.25602],[-70.78729,-13.25556],[-70.78599,-13.25511],[-70.78521,-13.25342],[-70.78472,-13.25118],[-70.78346,-13.24948],[-70.78266,-13.24789],[-70.78239,-13.24655],[-70.78173,-13.24532],[-70.7822,-13.24384],[-70.78306,-13.24246],[-70.78244,-13.24166],[-70.78334,-13.2404],[-70.78323,-13.23926],[-70.78072,-13.23851],[-70.78165,-13.23782],[-70.78058,-13.23643],[-70.77997,-13.23482],[-70.7774,-13.23264],[-70.77399,-13.23149],[-70.77292,-13.23006],[-70.77152,-13.22799],[-70.76863,-13.22686],[-70.767,-13.22553],[-70.76582,-13.22499],[-70.76434,-13.22508],[-70.76237,-13.22493],[-70.7599,-13.22445],[-70.75901,-13.22427],[-70.75588,-13.22406],[-70.75365,-13.22497],[-70.75121,-13.22539],[-70.74944,-13.22371],[-70.74811,-13.22221],[-70.74642,-13.22262],[-70.74468,-13.22195],[-70.74286,-13.22187],[-70.74151,-13.22216],[-70.73983,-13.22196],[-70.73976,-13.2226],[-70.74152,-13.22277],[-70.74358,-13.22199],[-70.74584,-13.2226],[-70.74831,-13.22276],[-70.75032,-13.22489],[-70.752,-13.2257],[-70.75437,-13.2254],[-70.75867,-13.22469],[-70.76062,-13.22453],[-70.76386,-13.22528],[-70.76688,-13.22603],[-70.76892,-13.2273],[-70.77214,-13.22893],[-70.77186,-13.23077],[-70.77478,-13.23169],[-70.77698,-13.23293],[-70.77932,-13.23503],[-70.78004,-13.23652],[-70.77991,-13.2377],[-70.78086,-13.23903],[-70.78214,-13.23984],[-70.78289,-13.2411],[-70.78236,-13.24262],[-70.78174,-13.24415],[-70.78223,-13.24703],[-70.78296,-13.2497],[-70.78422,-13.25132],[-70.78517,-13.25408],[-70.78616,-13.25592],[-70.78845,-13.25643],[-70.78747,-13.25687],[-70.78475,-13.25542],[-70.78377,-13.25276],[-70.78313,-13.25093],[-70.78169,-13.24854],[-70.78053,-13.24586],[-70.78104,-13.24332],[-70.78076,-13.24122],[-70.78119,-13.23987],[-70.78056,-13.23973],[-70.77895,-13.23727],[-70.77833,-13.23556],[-70.77748,-13.23475],[-70.77561,-13.2327],[-70.77255,-13.23255],[-70.77159,-13.22989],[-70.77006,-13.22872],[-70.76732,-13.22721],[-70.76559,-13.22631],[-70.76165,-13.22576],[-70.75885,-13.22657],[-70.7566,-13.22508],[-70.75335,-13.22616],[-70.75087,-13.22678],[-70.74851,-13.22455],[-70.74672,-13.22421],[-70.74422,-13.22315],[-70.74265,-13.22306],[-70.74059,-13.22298],[-70.74567,-13.22584],[-70.7513,-13.23131],[-70.75686,-13.23511],[-70.76757,-13.23919],[-70.77716,-13.24354],[-70.77753,-13.25331],[-70.7818,-13.25822],[-70.78428,-13.26295],[-70.78451,-13.26728],[-70.78728,-13.27397],[-70.79106,-13.27569],[-70.79404,-13.28364],[-70.79599,-13.28941],[-70.80064,-13.29653],[-70.80495,-13.2999],[-70.81604,-13.30537],[-70.82704,-13.30874],[-70.83875,-13.31444],[-70.84332,-13.32095],[-70.84762,-13.32706],[-70.84824,-13.33388],[-70.85507,-13.33453],[-70.85945,-13.33817],[-70.86377,-13.34373],[-70.87032,-13.34517],[-70.87396,-13.34627],[-70.87621,-13.34795],[-70.8814,-13.35022],[-70.88822,-13.35228],[-70.89297,-13.35614],[-70.89665,-13.36126],[-70.89807,-13.36246],[-70.90304,-13.3658],[-70.9074,-13.36859],[-70.90816,-13.37404],[-70.91097,-13.37705],[-70.91519,-13.38064],[-70.91235,-13.37972],[-70.90954,-13.37572],[-70.90661,-13.37158],[-70.90572,-13.36702],[-70.90009,-13.36494],[-70.89916,-13.3661],[-70.90116,-13.3712],[-70.90122,-13.37663],[-70.90378,-13.38487],[-70.90339,-13.39331],[-70.90157,-13.39726],[-70.90253,-13.40527],[-70.90384,-13.41284],[-70.90582,-13.41594],[-70.90501,-13.42524],[-70.90621,-13.43284],[-70.90376,-13.43887],[-70.90381,-13.44726],[-70.90224,-13.45358],[-70.89852,-13.45885],[-70.89831,-13.46997],[-70.89271,-13.47772],[-70.89125,-13.48253],[-70.89677,-13.48604],[-70.89385,-13.48433],[-70.88989,-13.48158],[-70.8952,-13.47514],[-70.89801,-13.46377],[-70.89884,-13.45585],[-70.90315,-13.45035],[-70.90279,-13.4432],[-70.90533,-13.43746],[-70.90654,-13.42973],[-70.90439,-13.42053],[-70.9036,-13.41436],[-70.90427,-13.41011],[-70.90022,-13.40183],[-70.90068,-13.39421],[-70.90324,-13.38871],[-70.90192,-13.38015],[-70.90152,-13.37368],[-70.90022,-13.3685],[-70.89761,-13.36373],[-70.89624,-13.36276],[-70.8964,-13.36214]]]}},{"type":"Feature","properties":{"Name":"U.H. CUENCA MAYO-RIOJA","description":"","OBJECTID":"186563","CODIGO":"FM000009","NOMBRE":"U.H. CUENCA MAYO-RIOJA","CATEGORI":" ","CLASE":" ","ZONA":"18","HAS":"1.0524","ZONEX":"18","NORMA":"LEY N\u00b0 29338","ARCHIVO":"MR26M4810","FEC_ING":"12/03/2026","ENTIDAD":"AUTORIDAD NACIONAL DEL AGUA","USO":" ","EST_GRAF":"SIN INF. COMPLETA","LEYENDA":"SIN INF. COMPLETA","SHAPE.AREA":"8.58608379524e-07","SHAPE.LEN":"0.012117709694389401","FEC_PUB":"1238475600000","MINERIA":"NO","TP_AREA":"FAJA MARGINAL","ORDENANZA":" ","NM_AREA":"U.H. CUENCA MAYO-RIOJA - FAJA MARGINAL","CREATOR":"WVAL0398","CREATIONDA":"1773332644000","EDITOR":"WVAL0398","EDITDATE":"1773332644000","IDENTI":"29381ff1c61f4cfe8fd7571e86ccc973","ESTILO":"ZONA RESERVADA"},"geometry":{"type":"Polygon","coordinates":[[[-77.39036,-5.89941],[-77.39025,-5.89945],[-77.38987,-5.89921],[-77.38964,-5.89885],[-77.38931,-5.89854],[-77.38886,-5.89856],[-77.38843,-5.89866],[-77.38812,-5.89837],[-77.38797,-5.89798],[-77.38798,-5.89755],[-77.38788,-5.89724],[-77.38756,-5.89709],[-77.38714,-5.89719],[-77.38673,-5.89709],[-77.38649,-5.89674],[-77.38628,-5.89637],[-77.38624,-5.89628],[-77.38633,-5.89623],[-77.38637,-5.89632],[-77.3866,-5.89669],[-77.38684,-5.89701],[-77.38727,-5.89703],[-77.3877,-5.89701],[-77.38803,-5.89717],[-77.38817,-5.89752],[-77.38811,-5.89793],[-77.38826,-5.89832],[-77.38858,-5.89846],[-77.38902,-5.8984],[-77.38945,-5.89847],[-77.38978,-5.89877],[-77.39007,-5.89911],[-77.39036,-5.89941]]]}},{"type":"Feature","properties":{"Name":"U.H. CUENCA MAYO-RIOJA","description":"","OBJECTID":"186564","CODIGO":"FM000009","NOMBRE":"U.H. CUENCA MAYO-RIOJA","CATEGORI":" ","CLASE":" ","ZONA":"18","HAS":"211.8719","ZONEX":"18","NORMA":"LEY N\u00b0 29338","ARCHIVO":"MR26M4810","FEC_ING":"12/03/2026","ENTIDAD":"AUTORIDAD NACIONAL DEL AGUA","USO":" ","EST_GRAF":"SIN INF. COMPLETA","LEYENDA":"SIN INF. COMPLETA","SHAPE.AREA":"0.000172866114082119","SHAPE.LEN":"0.615608035251888","FEC_PUB":"1238475600000","MINERIA":"NO","TP_AREA":"FAJA MARGINAL","ORDENANZA":" ","NM_AREA":"U.H. CUENCA MAYO-RIOJA - FAJA MARGINAL","CREATOR":"WVAL0398","CREATIONDA":"1773332644000","EDITOR":"WVAL0398","EDITDATE":"1773332644000","IDENTI":"18fd33f8515e437bb334d6abad67f340","ESTILO":"ZONA RESERVADA"},"geometry":{"type":"Polygon","coordinates":[[[-77.3563,-5.91847],[-77.35566,-5.91843],[-77.35535,-5.91793],[-77.3554,-5.9173],[-77.35497,-5.91691],[-77.35438,-5.91626],[-77.35391,-5.91557],[-77.35312,-5.91464],[-77.35195,-5.91414],[-77.35139,-5.91363],[-77.35162,-5.91312],[-77.35161,-5.91229],[-77.35152,-5.91213],[-77.35116,-5.91252],[-77.35068,-5.91246],[-77.35059,-5.91185],[-77.35034,-5.9112],[-77.34996,-5.91154],[-77.34957,-5.91141],[-77.34916,-5.91127],[-77.34895,-5.9107],[-77.34852,-5.91032],[-77.34768,-5.90936],[-77.34758,-5.90851],[-77.34753,-5.90799],[-77.3469,-5.90789],[-77.34615,-5.90797],[-77.34578,-5.90746],[-77.34532,-5.90677],[-77.34484,-5.90633],[-77.34426,-5.90587],[-77.34403,-5.9051],[-77.34432,-5.90473],[-77.34439,-5.90451],[-77.34445,-5.90406],[-77.34405,-5.904],[-77.34377,-5.9034],[-77.34334,-5.90309],[-77.34261,-5.90284],[-77.3425,-5.90231],[-77.34281,-5.90209],[-77.343,-5.90168],[-77.34323,-5.9014],[-77.34289,-5.90101],[-77.34225,-5.90111],[-77.34177,-5.90115],[-77.34157,-5.90066],[-77.34143,-5.90027],[-77.34122,-5.89961],[-77.34143,-5.8993],[-77.34145,-5.89865],[-77.34106,-5.89839],[-77.34098,-5.89759],[-77.34137,-5.89724],[-77.34193,-5.8978],[-77.34205,-5.89766],[-77.34227,-5.89727],[-77.34252,-5.89701],[-77.34265,-5.89656],[-77.3429,-5.8964],[-77.34274,-5.89603],[-77.34327,-5.89593],[-77.34318,-5.89563],[-77.34272,-5.89551],[-77.34255,-5.89495],[-77.34243,-5.89443],[-77.34293,-5.89424],[-77.34348,-5.89406],[-77.34348,-5.89352],[-77.34403,-5.89367],[-77.34415,-5.89333],[-77.34417,-5.89295],[-77.34404,-5.89228],[-77.34422,-5.89192],[-77.34468,-5.89191],[-77.34484,-5.8918],[-77.34524,-5.89175],[-77.3455,-5.89158],[-77.34536,-5.89128],[-77.34521,-5.89098],[-77.34505,-5.89071],[-77.34496,-5.89036],[-77.3448,-5.89002],[-77.34456,-5.88991],[-77.34452,-5.88959],[-77.34413,-5.88967],[-77.34402,-5.8893],[-77.34424,-5.88888],[-77.34408,-5.88854],[-77.34457,-5.8882],[-77.34508,-5.88834],[-77.34559,-5.88786],[-77.34605,-5.8874],[-77.34631,-5.88666],[-77.34683,-5.88642],[-77.34665,-5.8861],[-77.34636,-5.88577],[-77.34648,-5.88535],[-77.34595,-5.88522],[-77.34567,-5.88486],[-77.346,-5.88439],[-77.34627,-5.88415],[-77.34618,-5.88394],[-77.34586,-5.88375],[-77.34597,-5.88333],[-77.34616,-5.88284],[-77.34645,-5.88207],[-77.34672,-5.88146],[-77.34714,-5.8812],[-77.34758,-5.88101],[-77.3474,-5.8806],[-77.34794,-5.88038],[-77.34828,-5.87993],[-77.34862,-5.8795],[-77.34942,-5.87978],[-77.34962,-5.87957],[-77.34988,-5.87887],[-77.3502,-5.87848],[-77.34987,-5.87795],[-77.35015,-5.87756],[-77.35059,-5.87775],[-77.35073,-5.87729],[-77.35106,-5.87678],[-77.35079,-5.87654],[-77.35098,-5.87611],[-77.35117,-5.87574],[-77.35073,-5.87548],[-77.35024,-5.87526],[-77.35015,-5.87475],[-77.35049,-5.87437],[-77.3509,-5.87397],[-77.35041,-5.87386],[-77.35015,-5.87342],[-77.35033,-5.87293],[-77.35087,-5.87276],[-77.35082,-5.87271],[-77.35033,-5.87247],[-77.35028,-5.87209],[-77.3504,-5.87178],[-77.35047,-5.87133],[-77.35061,-5.87115],[-77.35001,-5.87071],[-77.35002,-5.87032],[-77.34978,-5.86982],[-77.35003,-5.86957],[-77.35021,-5.8691],[-77.3502,-5.86884],[-77.35034,-5.86825],[-77.35015,-5.86808],[-77.34981,-5.86778],[-77.34982,-5.86732],[-77.35009,-5.86693],[-77.35043,-5.86656],[-77.35025,-5.86621],[-77.3509,-5.86567],[-77.35123,-5.86511],[-77.35104,-5.86439],[-77.35077,-5.86401],[-77.35021,-5.8641],[-77.34996,-5.86364],[-77.35006,-5.86323],[-77.34972,-5.86293],[-77.34963,-5.86256],[-77.34941,-5.86212],[-77.34938,-5.86186],[-77.34908,-5.8616],[-77.34865,-5.86173],[-77.34801,-5.86157],[-77.34778,-5.86122],[-77.34686,-5.86084],[-77.34604,-5.86036],[-77.34593,-5.85978],[-77.34602,-5.85941],[-77.3455,-5.85898],[-77.34574,-5.8584],[-77.34586,-5.85805],[-77.34576,-5.85753],[-77.3452,-5.85742],[-77.34507,-5.85702],[-77.34505,-5.85658],[-77.34457,-5.85662],[-77.3442,-5.85636],[-77.34457,-5.85586],[-77.34511,-5.85563],[-77.34471,-5.85549],[-77.34432,-5.85531],[-77.34405,-5.85521],[-77.34416,-5.85554],[-77.34376,-5.85592],[-77.34292,-5.85571],[-77.3424,-5.85574],[-77.34192,-5.85562],[-77.34206,-5.85524],[-77.34184,-5.85492],[-77.34144,-5.85489],[-77.34107,-5.85513],[-77.34084,-5.85467],[-77.34038,-5.85455],[-77.34009,-5.85458],[-77.33962,-5.85477],[-77.33912,-5.85502],[-77.33869,-5.85435],[-77.3387,-5.8537],[-77.33909,-5.8537],[-77.33913,-5.85348],[-77.33862,-5.85312],[-77.33808,-5.85309],[-77.33771,-5.85279],[-77.33747,-5.85288],[-77.33722,-5.85321],[-77.33667,-5.85313],[-77.33625,-5.85335],[-77.3361,-5.8535],[-77.33562,-5.85361],[-77.33532,-5.85404],[-77.33471,-5.85398],[-77.3347,-5.85348],[-77.33452,-5.85349],[-77.33419,-5.8534],[-77.33365,-5.85354],[-77.33315,-5.8533],[-77.33316,-5.85281],[-77.33355,-5.85251],[-77.33319,-5.85236],[-77.33274,-5.85233],[-77.33274,-5.85188],[-77.33265,-5.85175],[-77.3321,-5.85199],[-77.33173,-5.85153],[-77.33154,-5.85213],[-77.33105,-5.85231],[-77.33091,-5.85185],[-77.33087,-5.85143],[-77.33048,-5.8517],[-77.33007,-5.85168],[-77.32982,-5.85225],[-77.32937,-5.8519],[-77.32903,-5.85167],[-77.32831,-5.85183],[-77.32782,-5.85147],[-77.32747,-5.85166],[-77.32675,-5.85173],[-77.32612,-5.85159],[-77.32574,-5.85144],[-77.32542,-5.85099],[-77.32497,-5.85106],[-77.32453,-5.85083],[-77.32448,-5.85141],[-77.32406,-5.85192],[-77.32373,-5.8518],[-77.32314,-5.85178],[-77.3234,-5.85218],[-77.32309,-5.85262],[-77.32284,-5.8529],[-77.32265,-5.85349],[-77.32219,-5.85356],[-77.32182,-5.85374],[-77.32153,-5.85323],[-77.32127,-5.85317],[-77.32087,-5.85288],[-77.32043,-5.85241],[-77.32013,-5.85264],[-77.31974,-5.85239],[-77.31933,-5.85233],[-77.31924,-5.85281],[-77.31877,-5.85298],[-77.31827,-5.85288],[-77.31784,-5.85303],[-77.31749,-5.8526],[-77.31731,-5.85212],[-77.3171,-5.85204],[-77.31663,-5.85187],[-77.31622,-5.85214],[-77.31569,-5.85185],[-77.31558,-5.85129],[-77.31533,-5.85085],[-77.31567,-5.85038],[-77.31562,-5.84996],[-77.31598,-5.84979],[-77.31581,-5.84975],[-77.31548,-5.84953],[-77.31512,-5.8495],[-77.31484,-5.84946],[-77.31447,-5.8491],[-77.31423,-5.84864],[-77.31395,-5.84852],[-77.31382,-5.849],[-77.3134,-5.84914],[-77.31272,-5.84895],[-77.31209,-5.84867],[-77.31187,-5.84846],[-77.31184,-5.84889],[-77.31149,-5.84914],[-77.31126,-5.84961],[-77.31115,-5.85001],[-77.31083,-5.85035],[-77.31041,-5.84989],[-77.31041,-5.85021],[-77.30986,-5.85042],[-77.30928,-5.84999],[-77.30871,-5.85047],[-77.30785,-5.85067],[-77.30737,-5.85029],[-77.30683,-5.8503],[-77.30646,-5.84993],[-77.30606,-5.84973],[-77.30566,-5.85004],[-77.30528,-5.85024],[-77.3049,-5.85004],[-77.30426,-5.85006],[-77.30393,-5.8503],[-77.30347,-5.84997],[-77.30331,-5.84995],[-77.30329,-5.85024],[-77.3031,-5.85061],[-77.30229,-5.85084],[-77.30236,-5.85129],[-77.30207,-5.85151],[-77.30219,-5.8521],[-77.30164,-5.8522],[-77.30118,-5.85216],[-77.30091,-5.85252],[-77.30051,-5.85233],[-77.30016,-5.85195],[-77.29971,-5.85173],[-77.29896,-5.85204],[-77.29851,-5.85236],[-77.29812,-5.85208],[-77.29793,-5.85188],[-77.29744,-5.85179],[-77.29746,-5.85119],[-77.29694,-5.85123],[-77.29638,-5.85141],[-77.29599,-5.85151],[-77.29557,-5.85119],[-77.29563,-5.85057],[-77.29587,-5.85014],[-77.29551,-5.85008],[-77.29503,-5.84965],[-77.29464,-5.84915],[-77.29441,-5.84888],[-77.29443,-5.84837],[-77.2945,-5.84803],[-77.29404,-5.84817],[-77.29369,-5.84851],[-77.29325,-5.8481],[-77.2932,-5.84747],[-77.29254,-5.84752],[-77.29235,-5.84754],[-77.2916,-5.84776],[-77.29107,-5.84748],[-77.29083,-5.84719],[-77.29084,-5.84772],[-77.29012,-5.84779],[-77.2896,-5.84768],[-77.28902,-5.84752],[-77.28873,-5.84783],[-77.28826,-5.84789],[-77.28775,-5.8483],[-77.28715,-5.84798],[-77.2872,-5.84732],[-77.28691,-5.84706],[-77.28646,-5.84723],[-77.28622,-5.84692],[-77.28586,-5.84678],[-77.28581,-5.8462],[-77.28533,-5.84628],[-77.28503,-5.84592],[-77.28483,-5.84568],[-77.28417,-5.84587],[-77.28414,-5.84512],[-77.28434,-5.84452],[-77.28399,-5.84475],[-77.28363,-5.84537],[-77.28295,-5.84524],[-77.282,-5.84518],[-77.28108,-5.84529],[-77.28118,-5.84591],[-77.28064,-5.84599],[-77.28033,-5.84592],[-77.27985,-5.84632],[-77.2793,-5.84662],[-77.27909,-5.84708],[-77.27832,-5.84697],[-77.27795,-5.84645],[-77.27777,-5.84669],[-77.27731,-5.84699],[-77.27668,-5.84655],[-77.27637,-5.84659],[-77.27635,-5.8469],[-77.27612,-5.84743],[-77.27545,-5.84769],[-77.27535,-5.84818],[-77.27479,-5.84846],[-77.2742,-5.84827],[-77.27355,-5.84839],[-77.27296,-5.84815],[-77.27251,-5.84873],[-77.27243,-5.84923],[-77.27232,-5.84957],[-77.27217,-5.84994],[-77.27208,-5.85044],[-77.27205,-5.85098],[-77.27166,-5.85158],[-77.27104,-5.85151],[-77.27106,-5.85168],[-77.27097,-5.85206],[-77.27035,-5.85226],[-77.27011,-5.85249],[-77.27012,-5.85317],[-77.26992,-5.85364],[-77.27019,-5.85394],[-77.27078,-5.85375],[-77.27121,-5.85422],[-77.27083,-5.8547],[-77.27019,-5.85482],[-77.26993,-5.85508],[-77.27014,-5.85559],[-77.27061,-5.85539],[-77.27078,-5.85585],[-77.27025,-5.85633],[-77.27021,-5.85692],[-77.26968,-5.85735],[-77.2689,-5.8573],[-77.26881,-5.85739],[-77.26854,-5.85788],[-77.26808,-5.85787],[-77.26783,-5.85757],[-77.26744,-5.85784],[-77.26696,-5.85807],[-77.26649,-5.85772],[-77.2662,-5.85749],[-77.26637,-5.85805],[-77.2664,-5.85895],[-77.26605,-5.85935],[-77.26593,-5.85966],[-77.2655,-5.86023],[-77.26469,-5.86012],[-77.26435,-5.86027],[-77.26411,-5.86076],[-77.26363,-5.8605],[-77.26353,-5.86034],[-77.26345,-5.86088],[-77.263,-5.86099],[-77.26271,-5.86107],[-77.26228,-5.861],[-77.26264,-5.86146],[-77.26238,-5.86218],[-77.26165,-5.86188],[-77.261,-5.86139],[-77.26089,-5.86167],[-77.26043,-5.86195],[-77.26009,-5.86178],[-77.26005,-5.86195],[-77.26017,-5.86253],[-77.25943,-5.86297],[-77.25868,-5.86337],[-77.25811,-5.86321],[-77.25792,-5.8629],[-77.25743,-5.86313],[-77.25711,-5.86282],[-77.25687,-5.86307],[-77.2562,-5.86301],[-77.2559,-5.86343],[-77.25576,-5.8639],[-77.25573,-5.86455],[-77.25521,-5.86524],[-77.25476,-5.8652],[-77.25426,-5.86583],[-77.25366,-5.86593],[-77.254,-5.86646],[-77.25392,-5.86694],[-77.25412,-5.86714],[-77.25461,-5.86775],[-77.25392,-5.86881],[-77.25309,-5.86885],[-77.2528,-5.86902],[-77.25274,-5.86959],[-77.25205,-5.86979],[-77.25251,-5.86981],[-77.25308,-5.86996],[-77.25331,-5.87031],[-77.25386,-5.87031],[-77.25397,-5.87086],[-77.25359,-5.87182],[-77.2536,-5.87242],[-77.25319,-5.873],[-77.25303,-5.8735],[-77.25238,-5.87393],[-77.25148,-5.87444],[-77.25044,-5.8747],[-77.24933,-5.87509],[-77.24882,-5.87596],[-77.24856,-5.87672],[-77.24826,-5.87675],[-77.24827,-5.87602],[-77.24873,-5.87507],[-77.24929,-5.87452],[-77.25017,-5.87422],[-77.25076,-5.8741],[-77.25126,-5.87394],[-77.25202,-5.87358],[-77.25259,-5.8733],[-77.25277,-5.87272],[-77.25312,-5.87232],[-77.25319,-5.87148],[-77.25338,-5.87098],[-77.25316,-5.87099],[-77.25283,-5.87065],[-77.25267,-5.87026],[-77.25189,-5.87029],[-77.25149,-5.86982],[-77.25161,-5.86943],[-77.25216,-5.86927],[-77.25219,-5.86893],[-77.25214,-5.86845],[-77.25237,-5.8682],[-77.25292,-5.86832],[-77.25351,-5.86844],[-77.25373,-5.86829],[-77.25404,-5.86789],[-77.25409,-5.86771],[-77.25355,-5.86752],[-77.25302,-5.86725],[-77.25299,-5.86686],[-77.2533,-5.86663],[-77.25334,-5.86636],[-77.25318,-5.86581],[-77.25343,-5.86546],[-77.25412,-5.86536],[-77.25423,-5.86523],[-77.25434,-5.86473],[-77.25478,-5.86457],[-77.25511,-5.86464],[-77.25531,-5.8642],[-77.255,-5.86386],[-77.25509,-5.86357],[-77.25547,-5.86318],[-77.25552,-5.86283],[-77.2558,-5.86256],[-77.25626,-5.86254],[-77.25669,-5.86253],[-77.25681,-5.86209],[-77.25719,-5.86196],[-77.25746,-5.86241],[-77.2577,-5.86244],[-77.25809,-5.8624],[-77.2585,-5.86289],[-77.25897,-5.86257],[-77.25963,-5.86225],[-77.25929,-5.86193],[-77.2594,-5.86149],[-77.2601,-5.86122],[-77.26049,-5.86125],[-77.26077,-5.8606],[-77.26136,-5.86034],[-77.26169,-5.86046],[-77.26191,-5.86031],[-77.26227,-5.86007],[-77.26257,-5.86015],[-77.26308,-5.85976],[-77.26349,-5.85943],[-77.26404,-5.8595],[-77.26447,-5.85955],[-77.26502,-5.85976],[-77.26543,-5.8597],[-77.26532,-5.85921],[-77.2656,-5.85887],[-77.26589,-5.85876],[-77.26591,-5.85827],[-77.26571,-5.85797],[-77.26564,-5.85742],[-77.26606,-5.85686],[-77.26655,-5.85691],[-77.26691,-5.85745],[-77.2672,-5.85734],[-77.26786,-5.85704],[-77.26838,-5.85727],[-77.26816,-5.85683],[-77.26832,-5.85651],[-77.26896,-5.85649],[-77.26935,-5.85673],[-77.26965,-5.85685],[-77.26962,-5.85656],[-77.26982,-5.85604],[-77.26954,-5.85546],[-77.2695,-5.85477],[-77.26986,-5.85431],[-77.26933,-5.85388],[-77.2692,-5.85336],[-77.26958,-5.85314],[-77.26962,-5.85247],[-77.26973,-5.85191],[-77.26972,-5.8514],[-77.27031,-5.85082],[-77.2708,-5.85078],[-77.27131,-5.85121],[-77.27162,-5.85102],[-77.27135,-5.85074],[-77.27151,-5.85036],[-77.27166,-5.85015],[-77.27151,-5.84974],[-77.27147,-5.84929],[-77.27159,-5.8489],[-77.27192,-5.84872],[-77.27221,-5.84826],[-77.27249,-5.84774],[-77.27314,-5.84769],[-77.27381,-5.84794],[-77.27442,-5.84773],[-77.27497,-5.84792],[-77.27481,-5.8474],[-77.2749,-5.84683],[-77.27533,-5.84659],[-77.27568,-5.84689],[-77.2759,-5.84698],[-77.27553,-5.84642],[-77.27564,-5.84601],[-77.27598,-5.84606],[-77.27625,-5.84602],[-77.27662,-5.84596],[-77.2771,-5.84634],[-77.27737,-5.84606],[-77.27785,-5.84595],[-77.27834,-5.84622],[-77.27872,-5.84672],[-77.27868,-5.84657],[-77.27874,-5.84607],[-77.27922,-5.84597],[-77.2795,-5.84601],[-77.27995,-5.84571],[-77.28018,-5.84522],[-77.2806,-5.84528],[-77.2806,-5.84486],[-77.28093,-5.84442],[-77.28126,-5.84454],[-77.28141,-5.8448],[-77.28205,-5.84457],[-77.28245,-5.84402],[-77.28349,-5.84411],[-77.28374,-5.8441],[-77.28437,-5.84401],[-77.28493,-5.84434],[-77.28474,-5.8449],[-77.28468,-5.84522],[-77.28544,-5.84512],[-77.28546,-5.84579],[-77.28592,-5.84573],[-77.28628,-5.84601],[-77.28651,-5.84626],[-77.28666,-5.84658],[-77.28702,-5.84643],[-77.28735,-5.8469],[-77.28782,-5.84692],[-77.28826,-5.84722],[-77.28835,-5.8471],[-77.28885,-5.84695],[-77.28932,-5.8471],[-77.28967,-5.84701],[-77.29008,-5.84731],[-77.29021,-5.84708],[-77.2907,-5.84664],[-77.29121,-5.84669],[-77.29154,-5.84722],[-77.29202,-5.84712],[-77.2923,-5.84653],[-77.29278,-5.84653],[-77.29281,-5.847],[-77.29312,-5.84699],[-77.29372,-5.84704],[-77.29388,-5.84752],[-77.29409,-5.84705],[-77.29468,-5.847],[-77.29497,-5.8474],[-77.29496,-5.84766],[-77.29514,-5.8481],[-77.29553,-5.84821],[-77.29588,-5.84863],[-77.29557,-5.84899],[-77.29513,-5.8492],[-77.29545,-5.84957],[-77.29595,-5.84961],[-77.29636,-5.84997],[-77.29621,-5.85067],[-77.29648,-5.85098],[-77.29665,-5.85088],[-77.2967,-5.8504],[-77.29731,-5.85039],[-77.29746,-5.85073],[-77.29789,-5.85063],[-77.29821,-5.85091],[-77.29807,-5.85122],[-77.29866,-5.851],[-77.29896,-5.85122],[-77.29901,-5.85153],[-77.29956,-5.8512],[-77.29998,-5.85088],[-77.30042,-5.85111],[-77.3004,-5.85151],[-77.30078,-5.85189],[-77.30092,-5.85162],[-77.30146,-5.85161],[-77.30148,-5.85145],[-77.3017,-5.85108],[-77.30185,-5.85055],[-77.30229,-5.85029],[-77.30234,-5.84992],[-77.30245,-5.84971],[-77.30259,-5.8494],[-77.30301,-5.84952],[-77.30315,-5.84911],[-77.30362,-5.84912],[-77.30397,-5.84929],[-77.30456,-5.8497],[-77.30487,-5.84948],[-77.30525,-5.84951],[-77.30563,-5.84956],[-77.30563,-5.8491],[-77.30586,-5.84873],[-77.30646,-5.84854],[-77.30685,-5.84886],[-77.30656,-5.84939],[-77.30672,-5.84942],[-77.30696,-5.84974],[-77.30717,-5.84988],[-77.30755,-5.84977],[-77.30779,-5.85018],[-77.30827,-5.85012],[-77.30844,-5.84969],[-77.30859,-5.84908],[-77.30928,-5.84913],[-77.3099,-5.84927],[-77.31041,-5.84931],[-77.31052,-5.84877],[-77.31099,-5.84802],[-77.31134,-5.84807],[-77.3117,-5.84755],[-77.31243,-5.84779],[-77.31235,-5.84825],[-77.31277,-5.84845],[-77.31347,-5.84871],[-77.31323,-5.84852],[-77.31297,-5.84811],[-77.3133,-5.84782],[-77.3141,-5.84799],[-77.31465,-5.84834],[-77.31491,-5.84881],[-77.31525,-5.84852],[-77.31578,-5.84889],[-77.31591,-5.84932],[-77.31657,-5.84949],[-77.31642,-5.85001],[-77.31682,-5.8503],[-77.31659,-5.85076],[-77.31701,-5.85068],[-77.3173,-5.85094],[-77.31701,-5.85142],[-77.31719,-5.85144],[-77.31755,-5.85119],[-77.31788,-5.85149],[-77.31776,-5.85206],[-77.31795,-5.85252],[-77.31846,-5.85235],[-77.31885,-5.85248],[-77.31869,-5.85203],[-77.31875,-5.85141],[-77.31904,-5.85115],[-77.31959,-5.85132],[-77.31967,-5.85169],[-77.31961,-5.85183],[-77.32001,-5.85185],[-77.3202,-5.85177],[-77.32066,-5.85187],[-77.3212,-5.85256],[-77.32144,-5.85204],[-77.32189,-5.85174],[-77.32237,-5.85166],[-77.32263,-5.85142],[-77.32315,-5.85132],[-77.32379,-5.85129],[-77.32402,-5.85093],[-77.32428,-5.8504],[-77.3249,-5.85026],[-77.32525,-5.85046],[-77.32586,-5.85058],[-77.32594,-5.85086],[-77.3263,-5.85084],[-77.32652,-5.85114],[-77.32705,-5.85133],[-77.3277,-5.851],[-77.32826,-5.85109],[-77.32839,-5.85136],[-77.32897,-5.85125],[-77.32958,-5.85109],[-77.32982,-5.85123],[-77.33011,-5.85109],[-77.33049,-5.85101],[-77.33097,-5.85094],[-77.33143,-5.85119],[-77.33182,-5.85102],[-77.33222,-5.85144],[-77.33238,-5.85111],[-77.33288,-5.85129],[-77.33332,-5.85166],[-77.33365,-5.85203],[-77.33407,-5.85246],[-77.33414,-5.85257],[-77.33454,-5.85255],[-77.33477,-5.85281],[-77.33504,-5.8531],[-77.33527,-5.85289],[-77.33557,-5.85292],[-77.33571,-5.85262],[-77.33613,-5.85253],[-77.33661,-5.85215],[-77.33701,-5.85274],[-77.33741,-5.85238],[-77.33802,-5.85235],[-77.33826,-5.85258],[-77.33906,-5.85271],[-77.33952,-5.85315],[-77.33973,-5.85396],[-77.34003,-5.8541],[-77.34047,-5.85383],[-77.34103,-5.85399],[-77.34107,-5.85423],[-77.34127,-5.85412],[-77.34172,-5.85406],[-77.34181,-5.85447],[-77.34214,-5.85442],[-77.34264,-5.8546],[-77.34269,-5.85508],[-77.34312,-5.85532],[-77.34308,-5.85498],[-77.34342,-5.8545],[-77.34389,-5.85473],[-77.34452,-5.85448],[-77.34507,-5.85444],[-77.34522,-5.85488],[-77.34542,-5.8553],[-77.34568,-5.85572],[-77.34527,-5.85603],[-77.34567,-5.85623],[-77.34575,-5.85658],[-77.34588,-5.857],[-77.34635,-5.85716],[-77.3463,-5.85762],[-77.34649,-5.8579],[-77.34644,-5.85833],[-77.34616,-5.85873],[-77.34625,-5.8589],[-77.34665,-5.85931],[-77.34649,-5.85983],[-77.34671,-5.86025],[-77.34759,-5.86066],[-77.3482,-5.86079],[-77.3484,-5.86119],[-77.34863,-5.86127],[-77.34918,-5.8608],[-77.34968,-5.86078],[-77.35005,-5.86115],[-77.34995,-5.86143],[-77.35038,-5.86162],[-77.35073,-5.86197],[-77.35073,-5.86231],[-77.35068,-5.86286],[-77.35054,-5.86314],[-77.35097,-5.86346],[-77.35152,-5.86422],[-77.35165,-5.86526],[-77.35109,-5.86605],[-77.35109,-5.86645],[-77.35074,-5.86683],[-77.35045,-5.8672],[-77.35107,-5.86762],[-77.35089,-5.86815],[-77.35073,-5.8684],[-77.35068,-5.86875],[-77.35089,-5.86925],[-77.35054,-5.86952],[-77.35064,-5.86992],[-77.3509,-5.87028],[-77.35086,-5.8707],[-77.35099,-5.87092],[-77.35116,-5.87151],[-77.35097,-5.87166],[-77.35127,-5.87205],[-77.35127,-5.87229],[-77.35155,-5.87279],[-77.3509,-5.87326],[-77.3508,-5.8735],[-77.35137,-5.87375],[-77.35142,-5.87421],[-77.35106,-5.87458],[-77.35066,-5.87495],[-77.3514,-5.87528],[-77.35167,-5.87584],[-77.3516,-5.87633],[-77.3516,-5.87689],[-77.35117,-5.87744],[-77.35104,-5.87808],[-77.35083,-5.87842],[-77.35063,-5.87866],[-77.35016,-5.87936],[-77.35014,-5.88014],[-77.34973,-5.88057],[-77.3489,-5.88004],[-77.34875,-5.88053],[-77.34824,-5.88074],[-77.34812,-5.88101],[-77.34775,-5.88142],[-77.34778,-5.8818],[-77.34706,-5.88201],[-77.34677,-5.88262],[-77.34645,-5.88342],[-77.34673,-5.88371],[-77.34666,-5.88453],[-77.34615,-5.88483],[-77.34706,-5.88482],[-77.34765,-5.88504],[-77.34733,-5.88571],[-77.34715,-5.88602],[-77.34757,-5.88656],[-77.34715,-5.88686],[-77.3468,-5.8872],[-77.34655,-5.88742],[-77.34603,-5.88817],[-77.34574,-5.88848],[-77.3455,-5.88901],[-77.34513,-5.88912],[-77.34474,-5.88905],[-77.34497,-5.88945],[-77.34535,-5.88971],[-77.34544,-5.89014],[-77.3456,-5.89033],[-77.34576,-5.89069],[-77.34572,-5.89097],[-77.34642,-5.89124],[-77.34647,-5.89185],[-77.34617,-5.89221],[-77.3458,-5.89204],[-77.34542,-5.89227],[-77.34527,-5.89261],[-77.34509,-5.89294],[-77.34462,-5.89286],[-77.34488,-5.89344],[-77.34453,-5.89373],[-77.34447,-5.89414],[-77.34404,-5.89419],[-77.34403,-5.89467],[-77.34357,-5.89468],[-77.3434,-5.89457],[-77.34298,-5.8947],[-77.34345,-5.89523],[-77.34391,-5.89571],[-77.3439,-5.89643],[-77.3435,-5.89692],[-77.34303,-5.89703],[-77.34295,-5.89762],[-77.34248,-5.89764],[-77.34251,-5.89825],[-77.34205,-5.89845],[-77.34183,-5.8988],[-77.34189,-5.8992],[-77.34218,-5.89961],[-77.34201,-5.89992],[-77.34207,-5.90005],[-77.34247,-5.90038],[-77.3427,-5.90059],[-77.34323,-5.90062],[-77.34369,-5.90111],[-77.34407,-5.90173],[-77.3436,-5.90205],[-77.34337,-5.90223],[-77.34297,-5.90251],[-77.34365,-5.90275],[-77.34418,-5.90314],[-77.3444,-5.90359],[-77.345,-5.90388],[-77.34487,-5.90439],[-77.34488,-5.9051],[-77.34461,-5.90555],[-77.34559,-5.90639],[-77.34642,-5.90753],[-77.34754,-5.90739],[-77.34803,-5.90809],[-77.34828,-5.90937],[-77.34929,-5.91064],[-77.34944,-5.91065],[-77.34969,-5.9103],[-77.3501,-5.91056],[-77.3507,-5.91083],[-77.351,-5.91144],[-77.35109,-5.91206],[-77.35157,-5.91156],[-77.35211,-5.91167],[-77.35212,-5.91225],[-77.35204,-5.91293],[-77.35219,-5.91344],[-77.35217,-5.91377],[-77.35307,-5.91414],[-77.35413,-5.91514],[-77.35487,-5.91621],[-77.35559,-5.91681],[-77.35596,-5.91756],[-77.35603,-5.91806],[-77.35693,-5.9182],[-77.35696,-5.91925],[-77.35671,-5.92005],[-77.35721,-5.92027],[-77.35808,-5.92029],[-77.35897,-5.92055],[-77.35983,-5.9208],[-77.36052,-5.92073],[-77.36118,-5.92106],[-77.36176,-5.92104],[-77.3623,-5.92126],[-77.36275,-5.92125],[-77.36323,-5.92066],[-77.36382,-5.92043],[-77.36423,-5.91997],[-77.3651,-5.91956],[-77.36552,-5.9193],[-77.36605,-5.91873],[-77.36696,-5.91834],[-77.36778,-5.91763],[-77.36778,-5.91681],[-77.36828,-5.91625],[-77.36902,-5.91629],[-77.36936,-5.91593],[-77.3698,-5.91553],[-77.37018,-5.91577],[-77.37058,-5.91594],[-77.37145,-5.91535],[-77.37229,-5.91471],[-77.37361,-5.91413],[-77.3742,-5.91379],[-77.37445,-5.91405],[-77.37363,-5.91454],[-77.37265,-5.91496],[-77.37196,-5.9155],[-77.37153,-5.91597],[-77.37079,-5.91628],[-77.37017,-5.91635],[-77.36965,-5.91637],[-77.36904,-5.91676],[-77.36836,-5.91666],[-77.36821,-5.91718],[-77.36797,-5.91808],[-77.36731,-5.9186],[-77.36679,-5.91898],[-77.3662,-5.91917],[-77.36575,-5.91974],[-77.36492,-5.9201],[-77.36444,-5.92047],[-77.36377,-5.92088],[-77.36323,-5.92128],[-77.36287,-5.92201],[-77.36233,-5.92226],[-77.36196,-5.92173],[-77.36145,-5.92157],[-77.36072,-5.92127],[-77.36005,-5.92123],[-77.35912,-5.92105],[-77.35825,-5.92075],[-77.35732,-5.92071],[-77.35641,-5.92074],[-77.35614,-5.92029],[-77.35638,-5.91973],[-77.35655,-5.91908],[-77.35663,-5.91864],[-77.3563,-5.91847]]]}},{"type":"Feature","properties":{"Name":"U.H. CUENCA MAYO-RIOJA","description":"","OBJECTID":"186565","CODIGO":"FM000009","NOMBRE":"U.H. CUENCA MAYO-RIOJA","CATEGORI":" ","CLASE":" ","ZONA":"18","HAS":"0.5786","ZONEX":"18","NORMA":"LEY N\u00b0 29338","ARCHIVO":"MR26M4810","FEC_ING":"12/03/2026","ENTIDAD":"AUTORIDAD NACIONAL DEL AGUA","USO":" ","EST_GRAF":"SIN INF. COMPLETA","LEYENDA":"SIN INF. COMPLETA","SHAPE.AREA":"4.72294775782e-07","SHAPE.LEN":"0.012263605519153899","FEC_PUB":"1238475600000","MINERIA":"NO","TP_AREA":"FAJA MARGINAL","ORDENANZA":" ","NM_AREA":"U.H. CUENCA MAYO-RIOJA - FAJA MARGINAL","CREATOR":"WVAL0398","CREATIONDA":"1773332644000","EDITOR":"WVAL0398","EDITDATE":"1773332644000","IDENTI":"93ee2805b8614461ba1dc2528f2157d6","ESTILO":"ZONA RESERVADA"},"geometry":{"type":"Polygon","coordinates":[[[-77.18112,-6.06864],[-77.18112,-6.06856],[-77.18133,-6.06854],[-77.1812,-6.06782],[-77.181,-6.06768],[-77.18055,-6.0674],[-77.17983,-6.06698],[-77.17897,-6.06649],[-77.17766,-6.06572],[-77.17685,-6.06534],[-77.17693,-6.06528],[-77.17768,-6.06565],[-77.179,-6.06641],[-77.17986,-6.06691],[-77.18061,-6.06735],[-77.18105,-6.06762],[-77.18127,-6.06777],[-77.18142,-6.06856],[-77.18112,-6.06864]]]}},{"type":"Feature","properties":{"Name":"U.H. CUENCA MAYO-RIOJA","description":"","OBJECTID":"186566","CODIGO":"FM000009","NOMBRE":"U.H. CUENCA MAYO-RIOJA","CATEGORI":" ","CLASE":" ","ZONA":"18","HAS":"1.9822000000000002","ZONEX":"18","NORMA":"LEY N\u00b0 29338","ARCHIVO":"MR26M4810","FEC_ING":"12/03/2026","ENTIDAD":"AUTORIDAD NACIONAL DEL AGUA","USO":" ","EST_GRAF":"SIN INF. COMPLETA","LEYENDA":"SIN INF. COMPLETA","SHAPE.AREA":"1.6173049941579999e-06","SHAPE.LEN":"0.0168231005710769","FEC_PUB":"1238475600000","MINERIA":"NO","TP_AREA":"FAJA MARGINAL","ORDENANZA":" ","NM_AREA":"U.H. CUENCA MAYO-RIOJA - FAJA MARGINAL","CREATOR":"WVAL0398","CREATIONDA":"1773332644000","EDITOR":"WVAL0398","EDITDATE":"1773332644000","IDENTI":"d23d91b54a62433eb6bd4a68a5191be6","ESTILO":"ZONA RESERVADA"},"geometry":{"type":"Polygon","coordinates":[[[-77.35398,-5.89627],[-77.35383,-5.89587],[-77.35394,-5.89586],[-77.35403,-5.89615],[-77.35463,-5.89611],[-77.35538,-5.89667],[-77.35597,-5.89778],[-77.35687,-5.89811],[-77.35707,-5.89814],[-77.35737,-5.89836],[-77.35757,-5.89864],[-77.35796,-5.8989],[-77.35855,-5.899],[-77.35873,-5.89927],[-77.35919,-5.89923],[-77.35981,-5.89946],[-77.36014,-5.89927],[-77.36041,-5.89953],[-77.36032,-5.89958],[-77.36012,-5.89938],[-77.35982,-5.89959],[-77.35914,-5.89937],[-77.35856,-5.89942],[-77.35846,-5.89914],[-77.35777,-5.89902],[-77.35748,-5.89878],[-77.35589,-5.89806],[-77.35569,-5.89776],[-77.35519,-5.89675],[-77.35455,-5.89623],[-77.35398,-5.89627]]]}},{"type":"Feature","properties":{"Name":"TRAMO DE QUEBRADA SECA SIN NOMBRE 01 - QUEBRADA SECA SIN NOMBRE 02 SECTOR PAMPA CONDORMICO","description":"","OBJECTID":"186255","CODIGO":"FM000010","NOMBRE":"TRAMO DE QUEBRADA SECA SIN NOMBRE 01 - QUEBRADA SECA SIN NOMBRE 02 SECTOR PAMPA CONDORMICO","CATEGORI":" ","CLASE":" ","ZONA":"19","HAS":"6.072500000000001","ZONEX":"19","NORMA":"LEY N\u00b0 29338","ARCHIVO":"PC26M4911","FEC_ING":"12/03/2026","ENTIDAD":"AUTORIDAD NACIONAL DEL AGUA","USO":" ","EST_GRAF":"SIN INF. COMPLETA","LEYENDA":"SIN INF. COMPLETA","SHAPE.AREA":"5.1291029085095e-06","SHAPE.LEN":"0.0161449707869902","FEC_PUB":"1238475600000","MINERIA":"NO","TP_AREA":"FAJA MARGINAL","ORDENANZA":" ","NM_AREA":"TRAMO DE QUEBRADA SECA SIN NOMBRE 01 - QUEBRADA SECA SIN NOMBRE 02 SECTOR PAMPA CONDORMICO - FAJA MARGINAL","CREATOR":"FLAT1065","CREATIONDA":"1773346795000","EDITOR":"FLAT1065","EDITDATE":"1773346795000","IDENTI":"2af30958054e49fb9e5f3ab6adc1e5a5","ESTILO":"ZONA RESERVADA"},"geometry":{"type":"Polygon","coordinates":[[[-71.53483,-16.28892],[-71.535,-16.28922],[-71.53526,-16.28957],[-71.53538,-16.28987],[-71.5355,-16.29006],[-71.5358,-16.29026],[-71.53599,-16.29038],[-71.53622,-16.29048],[-71.5364,-16.29058],[-71.53651,-16.29066],[-71.53658,-16.2908],[-71.5366,-16.29093],[-71.5366,-16.29108],[-71.53652,-16.29134],[-71.53661,-16.29152],[-71.53546,-16.29219],[-71.53527,-16.292],[-71.53499,-16.29181],[-71.53469,-16.29158],[-71.53433,-16.29127],[-71.53403,-16.29115],[-71.53377,-16.29096],[-71.53358,-16.29078],[-71.53331,-16.29062],[-71.53308,-16.29049],[-71.53286,-16.29033],[-71.53249,-16.29026],[-71.53303,-16.28986],[-71.53323,-16.29],[-71.53346,-16.29008],[-71.53364,-16.29027],[-71.5339,-16.29046],[-71.53415,-16.29066],[-71.53444,-16.29078],[-71.53475,-16.29089],[-71.535,-16.29117],[-71.53531,-16.29138],[-71.53548,-16.29132],[-71.53569,-16.29116],[-71.53558,-16.29101],[-71.53532,-16.29091],[-71.53507,-16.29074],[-71.53483,-16.2906],[-71.53463,-16.29048],[-71.5344,-16.29026],[-71.53423,-16.29007],[-71.53392,-16.28977],[-71.5337,-16.2895],[-71.53483,-16.28892]]]}},{"type":"Feature","properties":{"Name":"U.H. CUENCA MAYO-MOYOBAMBA","description":"","OBJECTID":"186571","CODIGO":"FM000008","NOMBRE":"U.H. CUENCA MAYO-MOYOBAMBA","CATEGORI":" ","CLASE":" ","ZONA":"18","HAS":"1055.1636","ZONEX":"18","NORMA":"LEY N\u00b0 29338","ARCHIVO":"MM26M4809","FEC_ING":"13/03/2026","ENTIDAD":"AUTORIDAD NACIONAL DEL AGUA","USO":" ","EST_GRAF":"SIN INF. COMPLETA","LEYENDA":"SIN INF. COMPLETA","SHAPE.AREA":"0.000861387204092529","SHAPE.LEN":"0.9622506750790999","FEC_PUB":"1238475600000","MINERIA":"NO","TP_AREA":"FAJA MARGINAL","ORDENANZA":" ","NM_AREA":"U.H. CUENCA MAYO-MOYOBAMBA - FAJA MARGINAL","CREATOR":"WVAL0398","CREATIONDA":"1773411297000","EDITOR":"WVAL0398","EDITDATE":"1773411297000","IDENTI":"cb1ece21bd71491dabbb86c7c26a29c5","ESTILO":"ZONA RESERVADA"},"geometry":{"type":"Polygon","coordinates":[[[-77.14051,-5.93916],[-77.1406,-5.93842],[-77.14083,-5.93771],[-77.14126,-5.93712],[-77.14168,-5.93663],[-77.14331,-5.93701],[-77.14236,-5.93813],[-77.14205,-5.93864],[-77.14197,-5.93919],[-77.14276,-5.93906],[-77.14376,-5.93918],[-77.14457,-5.93972],[-77.14497,-5.94061],[-77.14488,-5.94142],[-77.14463,-5.94227],[-77.144,-5.94292],[-77.14331,-5.94324],[-77.14179,-5.94303],[-77.1422,-5.94374],[-77.14236,-5.94468],[-77.14217,-5.94551],[-77.14137,-5.94654],[-77.14121,-5.94681],[-77.14119,-5.94696],[-77.14135,-5.94736],[-77.14175,-5.94767],[-77.14303,-5.94771],[-77.14419,-5.94792],[-77.14469,-5.94817],[-77.14512,-5.94861],[-77.14538,-5.94931],[-77.14528,-5.95085],[-77.1451,-5.95134],[-77.1447,-5.95178],[-77.14383,-5.95185],[-77.14247,-5.951],[-77.1421,-5.95095],[-77.14173,-5.95099],[-77.14105,-5.95145],[-77.14021,-5.95245],[-77.13984,-5.95298],[-77.14037,-5.95264],[-77.14149,-5.95226],[-77.14289,-5.9525],[-77.14369,-5.95316],[-77.14438,-5.95446],[-77.14465,-5.95483],[-77.14531,-5.95521],[-77.14611,-5.95524],[-77.14692,-5.95562],[-77.14736,-5.9562],[-77.14776,-5.9571],[-77.14824,-5.95741],[-77.14911,-5.95735],[-77.1498,-5.95801],[-77.14989,-5.95912],[-77.14908,-5.96055],[-77.14787,-5.96137],[-77.14666,-5.96103],[-77.14636,-5.95862],[-77.14607,-5.95819],[-77.14555,-5.95788],[-77.14497,-5.95785],[-77.14443,-5.95803],[-77.14389,-5.95869],[-77.14193,-5.96],[-77.14159,-5.96089],[-77.14166,-5.96147],[-77.14197,-5.9616],[-77.14225,-5.96153],[-77.14363,-5.96027],[-77.14485,-5.96],[-77.1458,-5.96034],[-77.14652,-5.9611],[-77.14682,-5.96276],[-77.14746,-5.96476],[-77.1473,-5.96592],[-77.14586,-5.96654],[-77.14543,-5.96684],[-77.14528,-5.9671],[-77.14479,-5.96783],[-77.14329,-5.96905],[-77.14229,-5.96992],[-77.14206,-5.97026],[-77.14164,-5.97145],[-77.14172,-5.97178],[-77.1423,-5.97272],[-77.14245,-5.97281],[-77.14392,-5.97277],[-77.14481,-5.97296],[-77.14552,-5.97344],[-77.14641,-5.97469],[-77.14705,-5.97525],[-77.1484,-5.97588],[-77.1502,-5.97627],[-77.15077,-5.97676],[-77.15096,-5.97777],[-77.15049,-5.97861],[-77.1494,-5.97938],[-77.14889,-5.97991],[-77.14768,-5.97982],[-77.14706,-5.97849],[-77.14684,-5.97793],[-77.14671,-5.97785],[-77.1463,-5.97891],[-77.14552,-5.97958],[-77.14421,-5.97964],[-77.14351,-5.97898],[-77.14339,-5.97806],[-77.14375,-5.97718],[-77.14394,-5.97679],[-77.1438,-5.9768],[-77.14277,-5.97711],[-77.14225,-5.97713],[-77.14133,-5.97726],[-77.14118,-5.97799],[-77.14096,-5.9789],[-77.14045,-5.97956],[-77.14046,-5.97974],[-77.14073,-5.98],[-77.14168,-5.98022],[-77.14311,-5.98078],[-77.14365,-5.98141],[-77.14389,-5.98206],[-77.14385,-5.98287],[-77.14349,-5.9836],[-77.14241,-5.98457],[-77.14192,-5.98492],[-77.14207,-5.9853],[-77.14221,-5.98634],[-77.14231,-5.98675],[-77.14319,-5.98714],[-77.14368,-5.98779],[-77.14392,-5.98868],[-77.1438,-5.98969],[-77.14381,-5.98983],[-77.14415,-5.99048],[-77.14425,-5.9912],[-77.14413,-5.99187],[-77.14376,-5.99253],[-77.14332,-5.99312],[-77.14319,-5.99348],[-77.14322,-5.99374],[-77.14336,-5.99515],[-77.14323,-5.99607],[-77.14328,-5.99623],[-77.14357,-5.99643],[-77.14387,-5.9965],[-77.14473,-5.99641],[-77.14505,-5.99629],[-77.14545,-5.99591],[-77.14548,-5.99567],[-77.1454,-5.99455],[-77.14573,-5.99366],[-77.14647,-5.993],[-77.14727,-5.99272],[-77.14839,-5.99291],[-77.14999,-5.99424],[-77.15085,-5.99529],[-77.15133,-5.99675],[-77.15143,-5.99772],[-77.15126,-5.99837],[-77.15136,-5.99863],[-77.15192,-5.99872],[-77.15266,-5.99908],[-77.15341,-5.99959],[-77.15384,-6.00014],[-77.15403,-6.00114],[-77.15369,-6.00198],[-77.15289,-6.00243],[-77.15196,-6.00247],[-77.15077,-6.00249],[-77.15047,-6.00266],[-77.14995,-6.0032],[-77.14989,-6.00346],[-77.14992,-6.00352],[-77.15007,-6.00358],[-77.15139,-6.00373],[-77.15235,-6.00412],[-77.15282,-6.0048],[-77.15291,-6.00555],[-77.15252,-6.00621],[-77.1518,-6.00675],[-77.15142,-6.00711],[-77.15125,-6.00748],[-77.15117,-6.00787],[-77.15115,-6.00849],[-77.15132,-6.00902],[-77.15154,-6.00928],[-77.15209,-6.00937],[-77.15273,-6.00888],[-77.15407,-6.00807],[-77.15499,-6.0079],[-77.15595,-6.00795],[-77.15666,-6.00783],[-77.15719,-6.00768],[-77.15791,-6.00756],[-77.15864,-6.00788],[-77.15889,-6.00843],[-77.15873,-6.00915],[-77.1582,-6.00969],[-77.15758,-6.01015],[-77.15716,-6.01053],[-77.15692,-6.01081],[-77.1568,-6.01119],[-77.15686,-6.01163],[-77.15713,-6.01206],[-77.15761,-6.0128],[-77.1576,-6.01363],[-77.15722,-6.01431],[-77.15666,-6.01474],[-77.1559,-6.01481],[-77.15517,-6.01447],[-77.15468,-6.01369],[-77.15448,-6.01208],[-77.1543,-6.0113],[-77.15415,-6.01112],[-77.15397,-6.01106],[-77.15386,-6.0111],[-77.1537,-6.01123],[-77.1536,-6.01202],[-77.15314,-6.01281],[-77.15241,-6.01338],[-77.15221,-6.01359],[-77.15185,-6.01421],[-77.15181,-6.01446],[-77.152,-6.01482],[-77.1524,-6.01512],[-77.15307,-6.01551],[-77.15402,-6.0161],[-77.15469,-6.01641],[-77.15531,-6.01693],[-77.15556,-6.01731],[-77.15571,-6.01778],[-77.15553,-6.01851],[-77.15491,-6.01908],[-77.15412,-6.01934],[-77.1541,-6.01946],[-77.15452,-6.02014],[-77.15463,-6.02077],[-77.15454,-6.02154],[-77.15415,-6.02213],[-77.15343,-6.02274],[-77.15253,-6.02283],[-77.15142,-6.02253],[-77.151,-6.02246],[-77.15065,-6.02248],[-77.15046,-6.02254],[-77.15019,-6.02276],[-77.14998,-6.02303],[-77.14986,-6.02342],[-77.14977,-6.02415],[-77.1494,-6.02523],[-77.14911,-6.02587],[-77.14884,-6.0265],[-77.14867,-6.02691],[-77.14955,-6.02765],[-77.14985,-6.02783],[-77.15002,-6.0278],[-77.15072,-6.02769],[-77.15157,-6.02772],[-77.15219,-6.02786],[-77.15332,-6.0285],[-77.15389,-6.02895],[-77.15433,-6.03012],[-77.15432,-6.03161],[-77.15412,-6.03251],[-77.15373,-6.03297],[-77.15327,-6.03327],[-77.15256,-6.03332],[-77.15169,-6.03283],[-77.15067,-6.03182],[-77.15008,-6.03173],[-77.15066,-6.0325],[-77.15136,-6.03338],[-77.15156,-6.03431],[-77.15137,-6.03507],[-77.15055,-6.03599],[-77.1502,-6.03641],[-77.15012,-6.03692],[-77.15034,-6.03777],[-77.15082,-6.03843],[-77.15161,-6.03862],[-77.15256,-6.03814],[-77.15508,-6.03755],[-77.15624,-6.03759],[-77.15697,-6.03802],[-77.15754,-6.03882],[-77.15752,-6.04011],[-77.15691,-6.04092],[-77.15577,-6.0415],[-77.15486,-6.04157],[-77.15386,-6.04157],[-77.15287,-6.04108],[-77.15211,-6.04088],[-77.15131,-6.04101],[-77.15082,-6.04102],[-77.15056,-6.04123],[-77.15055,-6.04138],[-77.15075,-6.04165],[-77.15162,-6.0418],[-77.15285,-6.04235],[-77.15364,-6.04295],[-77.15452,-6.04376],[-77.15497,-6.04459],[-77.15502,-6.04557],[-77.15463,-6.04652],[-77.154,-6.04711],[-77.15311,-6.04743],[-77.15222,-6.04758],[-77.15159,-6.04781],[-77.15098,-6.04818],[-77.15033,-6.04891],[-77.14978,-6.04966],[-77.14898,-6.05004],[-77.14838,-6.05004],[-77.14804,-6.0502],[-77.148,-6.05029],[-77.14805,-6.05064],[-77.14826,-6.05093],[-77.14934,-6.0514],[-77.15028,-6.05211],[-77.15065,-6.05268],[-77.15088,-6.05341],[-77.15082,-6.0544],[-77.15126,-6.05509],[-77.15256,-6.0554],[-77.15333,-6.05617],[-77.15367,-6.05707],[-77.15352,-6.05794],[-77.15303,-6.05869],[-77.15191,-6.05903],[-77.15112,-6.05911],[-77.15092,-6.05917],[-77.15051,-6.05934],[-77.15037,-6.0596],[-77.15044,-6.05989],[-77.15095,-6.06035],[-77.15189,-6.06134],[-77.15211,-6.0622],[-77.15214,-6.06318],[-77.15182,-6.06443],[-77.15085,-6.06612],[-77.15049,-6.06694],[-77.15054,-6.06725],[-77.15099,-6.06739],[-77.15252,-6.06774],[-77.15368,-6.06871],[-77.1541,-6.06928],[-77.15416,-6.06981],[-77.15365,-6.07097],[-77.15322,-6.07166],[-77.15218,-6.07203],[-77.15125,-6.07174],[-77.15054,-6.07147],[-77.15019,-6.07128],[-77.14972,-6.0713],[-77.14922,-6.07166],[-77.14914,-6.07217],[-77.1501,-6.07333],[-77.15029,-6.07412],[-77.15019,-6.07501],[-77.14976,-6.07589],[-77.14881,-6.07663],[-77.14687,-6.07761],[-77.14676,-6.07772],[-77.14653,-6.0784],[-77.14642,-6.07934],[-77.14613,-6.08019],[-77.14512,-6.08112],[-77.14376,-6.08138],[-77.14268,-6.08104],[-77.14184,-6.08016],[-77.14163,-6.07915],[-77.14263,-6.07707],[-77.14287,-6.07614],[-77.14283,-6.07543],[-77.14232,-6.07434],[-77.1416,-6.07398],[-77.14079,-6.07393],[-77.14027,-6.07421],[-77.14012,-6.07452],[-77.14016,-6.07519],[-77.14058,-6.07702],[-77.14061,-6.07817],[-77.14052,-6.08008],[-77.14049,-6.08055],[-77.1406,-6.08072],[-77.14133,-6.08126],[-77.14172,-6.08215],[-77.14183,-6.0829],[-77.14159,-6.08393],[-77.14091,-6.08494],[-77.14006,-6.08565],[-77.13905,-6.0858],[-77.1387,-6.08586],[-77.13812,-6.08642],[-77.13786,-6.08714],[-77.13787,-6.08739],[-77.13847,-6.08802],[-77.13854,-6.08799],[-77.13892,-6.08741],[-77.14029,-6.08614],[-77.14152,-6.08566],[-77.14285,-6.08566],[-77.14334,-6.08539],[-77.14412,-6.08466],[-77.14525,-6.08432],[-77.14599,-6.08446],[-77.14696,-6.08498],[-77.14764,-6.08523],[-77.14831,-6.08578],[-77.14857,-6.08649],[-77.14858,-6.08723],[-77.14823,-6.088],[-77.14743,-6.08864],[-77.14656,-6.08895],[-77.14572,-6.08898],[-77.1455,-6.08905],[-77.14529,-6.08932],[-77.1451,-6.08963],[-77.14506,-6.0898],[-77.14624,-6.09028],[-77.14751,-6.09129],[-77.14775,-6.0921],[-77.1479,-6.09395],[-77.14747,-6.0955],[-77.14683,-6.09649],[-77.14573,-6.097],[-77.145,-6.09743],[-77.14442,-6.09817],[-77.14417,-6.09879],[-77.14414,-6.0994],[-77.14443,-6.10055],[-77.14499,-6.10139],[-77.14561,-6.10296],[-77.14595,-6.10366],[-77.14682,-6.10429],[-77.14765,-6.10497],[-77.14825,-6.10589],[-77.14857,-6.10701],[-77.14831,-6.10826],[-77.14782,-6.10913],[-77.14717,-6.10975],[-77.14586,-6.10991],[-77.14515,-6.10944],[-77.14432,-6.10878],[-77.14358,-6.10796],[-77.14339,-6.10791],[-77.14306,-6.10804],[-77.1429,-6.10839],[-77.14291,-6.10902],[-77.14321,-6.11025],[-77.14318,-6.11169],[-77.14327,-6.11269],[-77.14325,-6.11387],[-77.14316,-6.11472],[-77.14285,-6.11533],[-77.14221,-6.11598],[-77.14096,-6.11609],[-77.13946,-6.11515],[-77.13875,-6.1145],[-77.13813,-6.11388],[-77.13778,-6.11293],[-77.1376,-6.11107],[-77.13761,-6.11017],[-77.13743,-6.10992],[-77.137,-6.10984],[-77.13647,-6.10992],[-77.13547,-6.11092],[-77.13499,-6.11156],[-77.13471,-6.11257],[-77.13433,-6.1134],[-77.13428,-6.11354],[-77.13501,-6.11463],[-77.13633,-6.11601],[-77.13699,-6.11719],[-77.13737,-6.11871],[-77.13699,-6.12014],[-77.13616,-6.1207],[-77.13514,-6.12059],[-77.13451,-6.12054],[-77.13366,-6.12051],[-77.13341,-6.12052],[-77.13344,-6.12087],[-77.13385,-6.12209],[-77.13406,-6.12329],[-77.13383,-6.12405],[-77.13304,-6.12505],[-77.13207,-6.12571],[-77.13136,-6.12629],[-77.1312,-6.12681],[-77.13101,-6.12777],[-77.13055,-6.12889],[-77.13061,-6.12982],[-77.13036,-6.13084],[-77.13026,-6.13134],[-77.12952,-6.13209],[-77.12778,-6.13287],[-77.12678,-6.13294],[-77.12551,-6.13348],[-77.12485,-6.13399],[-77.12479,-6.13487],[-77.12491,-6.13592],[-77.12495,-6.13715],[-77.12458,-6.13824],[-77.12451,-6.13853],[-77.125,-6.14013],[-77.12562,-6.14106],[-77.12645,-6.14231],[-77.12707,-6.14319],[-77.12741,-6.1439],[-77.12743,-6.14439],[-77.12761,-6.14466],[-77.12777,-6.14486],[-77.1285,-6.14447],[-77.13004,-6.14323],[-77.13072,-6.14286],[-77.13163,-6.14294],[-77.1322,-6.14328],[-77.13265,-6.1438],[-77.13298,-6.14437],[-77.13308,-6.14515],[-77.13291,-6.14585],[-77.13281,-6.14636],[-77.13247,-6.14721],[-77.13211,-6.14784],[-77.13177,-6.14838],[-77.13125,-6.14929],[-77.13081,-6.1498],[-77.13038,-6.15037],[-77.12937,-6.15136],[-77.12846,-6.15227],[-77.12798,-6.15304],[-77.1273,-6.15382],[-77.12641,-6.15439],[-77.12584,-6.15463],[-77.12527,-6.15509],[-77.12443,-6.15574],[-77.12375,-6.15634],[-77.12338,-6.15673],[-77.12328,-6.1572],[-77.12306,-6.158],[-77.12251,-6.15888],[-77.12172,-6.15953],[-77.12141,-6.15989],[-77.12114,-6.16052],[-77.12063,-6.16195],[-77.12129,-6.16301],[-77.12259,-6.1642],[-77.12324,-6.16479],[-77.12448,-6.16706],[-77.12508,-6.16852],[-77.12533,-6.17025],[-77.12537,-6.17168],[-77.12524,-6.17301],[-77.12487,-6.17461],[-77.1246,-6.17525],[-77.12477,-6.17549],[-77.12288,-6.17528],[-77.12314,-6.17465],[-77.12342,-6.17384],[-77.12356,-6.17316],[-77.12372,-6.1723],[-77.1238,-6.17079],[-77.12363,-6.16948],[-77.1232,-6.1683],[-77.1227,-6.16746],[-77.12203,-6.16648],[-77.12116,-6.16525],[-77.11967,-6.16365],[-77.11928,-6.16292],[-77.11888,-6.16188],[-77.11871,-6.16093],[-77.11896,-6.15985],[-77.11961,-6.15893],[-77.12014,-6.15828],[-77.12034,-6.15742],[-77.12094,-6.15661],[-77.12147,-6.15628],[-77.12209,-6.15557],[-77.12301,-6.15462],[-77.12439,-6.15356],[-77.12518,-6.15301],[-77.12582,-6.15262],[-77.12625,-6.15226],[-77.12678,-6.15171],[-77.12722,-6.15121],[-77.12782,-6.15047],[-77.12867,-6.14977],[-77.12912,-6.14944],[-77.12972,-6.14871],[-77.13008,-6.14792],[-77.1309,-6.14674],[-77.13116,-6.14584],[-77.13099,-6.145],[-77.13071,-6.14494],[-77.13035,-6.14517],[-77.12966,-6.14578],[-77.12868,-6.14623],[-77.12771,-6.14643],[-77.1268,-6.1461],[-77.12613,-6.14555],[-77.12528,-6.14455],[-77.12492,-6.1435],[-77.1248,-6.14284],[-77.12449,-6.14226],[-77.12395,-6.14175],[-77.12346,-6.14099],[-77.12313,-6.14001],[-77.12268,-6.13903],[-77.12285,-6.13795],[-77.12286,-6.1365],[-77.1229,-6.13452],[-77.12335,-6.13309],[-77.12454,-6.13139],[-77.12549,-6.13072],[-77.12661,-6.13027],[-77.12782,-6.13038],[-77.12792,-6.13032],[-77.12835,-6.12975],[-77.12853,-6.12888],[-77.12888,-6.12784],[-77.12938,-6.12711],[-77.12953,-6.12632],[-77.13006,-6.12534],[-77.13084,-6.12445],[-77.13177,-6.1239],[-77.13214,-6.12354],[-77.13231,-6.12312],[-77.13226,-6.12243],[-77.13199,-6.12166],[-77.13178,-6.12075],[-77.13242,-6.11936],[-77.1334,-6.11874],[-77.13473,-6.11878],[-77.13556,-6.11898],[-77.1356,-6.11782],[-77.13522,-6.11715],[-77.13394,-6.11578],[-77.13327,-6.11504],[-77.13282,-6.11413],[-77.13271,-6.11302],[-77.13305,-6.11182],[-77.13381,-6.11077],[-77.13399,-6.11041],[-77.13468,-6.10919],[-77.13589,-6.10852],[-77.13715,-6.10814],[-77.13822,-6.10836],[-77.13876,-6.10891],[-77.13926,-6.11002],[-77.13928,-6.11141],[-77.13933,-6.11219],[-77.13969,-6.11317],[-77.1404,-6.11388],[-77.14129,-6.1144],[-77.14148,-6.11437],[-77.14155,-6.11342],[-77.14164,-6.1122],[-77.14159,-6.10999],[-77.1413,-6.10915],[-77.1412,-6.10791],[-77.14156,-6.10698],[-77.1424,-6.10631],[-77.14329,-6.10603],[-77.14428,-6.10631],[-77.14519,-6.10706],[-77.14606,-6.10802],[-77.14644,-6.10777],[-77.14665,-6.107],[-77.14641,-6.10656],[-77.14564,-6.10587],[-77.14465,-6.10456],[-77.14413,-6.10355],[-77.14355,-6.10225],[-77.14314,-6.10144],[-77.14273,-6.10028],[-77.14257,-6.09928],[-77.14274,-6.09806],[-77.14317,-6.09708],[-77.14361,-6.09644],[-77.14403,-6.09585],[-77.14468,-6.09552],[-77.14556,-6.09529],[-77.14586,-6.09514],[-77.14614,-6.09471],[-77.14622,-6.09431],[-77.14621,-6.09329],[-77.14611,-6.09269],[-77.14583,-6.09215],[-77.1457,-6.09194],[-77.14526,-6.09167],[-77.14461,-6.09153],[-77.14406,-6.09126],[-77.1438,-6.09116],[-77.14322,-6.0909],[-77.14282,-6.09042],[-77.14267,-6.08959],[-77.143,-6.08856],[-77.14379,-6.08802],[-77.14452,-6.0876],[-77.1459,-6.08728],[-77.14687,-6.08716],[-77.14707,-6.087],[-77.14712,-6.08685],[-77.14703,-6.08671],[-77.14689,-6.08661],[-77.14646,-6.08651],[-77.14583,-6.08615],[-77.14538,-6.08586],[-77.14513,-6.08591],[-77.14442,-6.08644],[-77.14359,-6.087],[-77.1428,-6.08722],[-77.14202,-6.08732],[-77.1413,-6.08735],[-77.14077,-6.08766],[-77.14013,-6.08842],[-77.13958,-6.08918],[-77.13881,-6.08962],[-77.13763,-6.0895],[-77.13696,-6.08903],[-77.13645,-6.08825],[-77.13619,-6.08721],[-77.13653,-6.08588],[-77.1372,-6.08488],[-77.13802,-6.0844],[-77.13883,-6.08416],[-77.13933,-6.08408],[-77.13982,-6.08364],[-77.14002,-6.08271],[-77.13999,-6.08237],[-77.13923,-6.08142],[-77.13906,-6.08008],[-77.13918,-6.07943],[-77.13909,-6.07846],[-77.13891,-6.0777],[-77.13877,-6.07629],[-77.13862,-6.07425],[-77.13905,-6.07332],[-77.1398,-6.07274],[-77.14071,-6.07236],[-77.14203,-6.07251],[-77.14315,-6.07299],[-77.14374,-6.07381],[-77.14417,-6.07464],[-77.14443,-6.07547],[-77.14432,-6.07663],[-77.14406,-6.0774],[-77.14366,-6.07849],[-77.14328,-6.07926],[-77.14328,-6.07943],[-77.1436,-6.07968],[-77.14409,-6.07983],[-77.1446,-6.07967],[-77.14489,-6.07929],[-77.14498,-6.07874],[-77.1453,-6.07728],[-77.14584,-6.07655],[-77.14662,-6.07605],[-77.14751,-6.07556],[-77.14864,-6.07491],[-77.1487,-6.07465],[-77.14852,-6.074],[-77.14808,-6.07339],[-77.14762,-6.07265],[-77.14762,-6.07158],[-77.14812,-6.07056],[-77.14881,-6.06994],[-77.14969,-6.06966],[-77.15062,-6.06976],[-77.15133,-6.0699],[-77.15205,-6.07036],[-77.15223,-6.07028],[-77.15221,-6.06963],[-77.15201,-6.06947],[-77.1516,-6.06912],[-77.15139,-6.069],[-77.15101,-6.06892],[-77.15035,-6.06883],[-77.14954,-6.06841],[-77.14905,-6.06766],[-77.14889,-6.06665],[-77.14909,-6.06579],[-77.14954,-6.06502],[-77.15014,-6.06431],[-77.15043,-6.06377],[-77.15056,-6.06313],[-77.15063,-6.06256],[-77.15051,-6.06213],[-77.14996,-6.06155],[-77.14932,-6.06089],[-77.1489,-6.06123],[-77.14834,-6.06222],[-77.14791,-6.06263],[-77.14712,-6.06308],[-77.1462,-6.06327],[-77.14498,-6.0632],[-77.14365,-6.06218],[-77.1432,-6.06071],[-77.14323,-6.05954],[-77.14371,-6.05842],[-77.144,-6.05761],[-77.14392,-6.05581],[-77.14447,-6.05501],[-77.14528,-6.05471],[-77.14604,-6.05456],[-77.14694,-6.0548],[-77.148,-6.05505],[-77.14828,-6.05505],[-77.14885,-6.05474],[-77.1492,-6.05436],[-77.14938,-6.05367],[-77.14924,-6.05324],[-77.14876,-6.05284],[-77.14759,-6.05229],[-77.14681,-6.05161],[-77.14651,-6.0501],[-77.14707,-6.04913],[-77.14789,-6.04866],[-77.14835,-6.04842],[-77.14901,-6.04805],[-77.14953,-6.04755],[-77.15006,-6.04706],[-77.15096,-6.04654],[-77.15165,-6.04623],[-77.1523,-6.04609],[-77.15282,-6.04606],[-77.15326,-6.04582],[-77.15347,-6.04534],[-77.15341,-6.0448],[-77.15293,-6.04424],[-77.15206,-6.04358],[-77.15121,-6.04321],[-77.15027,-6.04302],[-77.14945,-6.04254],[-77.14897,-6.04183],[-77.1489,-6.04073],[-77.14943,-6.04],[-77.14994,-6.03969],[-77.14929,-6.03891],[-77.14876,-6.03784],[-77.14868,-6.03635],[-77.14919,-6.03526],[-77.15,-6.03455],[-77.15005,-6.03443],[-77.14996,-6.03398],[-77.14969,-6.03362],[-77.14921,-6.03322],[-77.14852,-6.03254],[-77.14829,-6.03144],[-77.14874,-6.03072],[-77.14952,-6.03034],[-77.15049,-6.03029],[-77.15117,-6.03045],[-77.15184,-6.03089],[-77.15233,-6.03135],[-77.15273,-6.03181],[-77.15284,-6.03177],[-77.15289,-6.03072],[-77.15279,-6.03018],[-77.15247,-6.02983],[-77.15173,-6.02935],[-77.15109,-6.02916],[-77.15026,-6.02921],[-77.14947,-6.02921],[-77.1488,-6.02898],[-77.14799,-6.02822],[-77.14754,-6.02786],[-77.1473,-6.02697],[-77.1475,-6.02601],[-77.14777,-6.0255],[-77.14798,-6.02489],[-77.14823,-6.02443],[-77.14834,-6.0239],[-77.14846,-6.0231],[-77.14879,-6.02221],[-77.14938,-6.02153],[-77.15035,-6.02108],[-77.15108,-6.02104],[-77.15209,-6.02117],[-77.15265,-6.02137],[-77.15287,-6.02131],[-77.15311,-6.021],[-77.15313,-6.0206],[-77.15295,-6.02035],[-77.15261,-6.02024],[-77.15181,-6.02027],[-77.15073,-6.0205],[-77.14984,-6.0207],[-77.14888,-6.02059],[-77.14797,-6.01986],[-77.14756,-6.01915],[-77.1472,-6.01784],[-77.14753,-6.01718],[-77.14848,-6.01658],[-77.14942,-6.01618],[-77.15058,-6.01624],[-77.15154,-6.01682],[-77.15208,-6.01773],[-77.15234,-6.01835],[-77.15255,-6.01844],[-77.15293,-6.01834],[-77.15354,-6.01805],[-77.15414,-6.01782],[-77.1538,-6.01761],[-77.15299,-6.01716],[-77.15211,-6.01653],[-77.1511,-6.01595],[-77.15054,-6.01524],[-77.15034,-6.01452],[-77.15054,-6.01354],[-77.15103,-6.01271],[-77.15201,-6.01188],[-77.15217,-6.01139],[-77.15227,-6.01093],[-77.15171,-6.0109],[-77.15073,-6.0105],[-77.15009,-6.0099],[-77.1498,-6.00914],[-77.14963,-6.00814],[-77.14984,-6.00706],[-77.15028,-6.00621],[-77.15084,-6.00562],[-77.15142,-6.00523],[-77.15115,-6.00513],[-77.15053,-6.00505],[-77.14985,-6.00504],[-77.14892,-6.00458],[-77.14845,-6.00346],[-77.1483,-6.00334],[-77.14768,-6.00312],[-77.14716,-6.0026],[-77.14659,-6.00129],[-77.14626,-5.9997],[-77.14661,-5.99873],[-77.14715,-5.99815],[-77.14782,-5.99784],[-77.14842,-5.99778],[-77.14963,-5.99791],[-77.14984,-5.99774],[-77.14995,-5.99738],[-77.14984,-5.99652],[-77.14944,-5.99576],[-77.1487,-5.99497],[-77.14807,-5.99442],[-77.14763,-5.99426],[-77.1473,-5.99429],[-77.14702,-5.99462],[-77.14696,-5.99489],[-77.14707,-5.9957],[-77.14695,-5.99636],[-77.14655,-5.9971],[-77.14588,-5.99768],[-77.14445,-5.99804],[-77.14329,-5.99794],[-77.14254,-5.99764],[-77.14194,-5.99705],[-77.14175,-5.99614],[-77.1418,-5.99564],[-77.14191,-5.99456],[-77.14178,-5.99345],[-77.14204,-5.99223],[-77.14268,-5.99155],[-77.14281,-5.99122],[-77.14281,-5.99114],[-77.14262,-5.99078],[-77.14237,-5.99017],[-77.14242,-5.98919],[-77.14242,-5.98865],[-77.14227,-5.98839],[-77.14191,-5.98813],[-77.14144,-5.98791],[-77.14092,-5.98734],[-77.14083,-5.98678],[-77.14079,-5.98622],[-77.1407,-5.98587],[-77.14044,-5.98516],[-77.14057,-5.98428],[-77.14109,-5.98366],[-77.14186,-5.98315],[-77.14224,-5.9829],[-77.14243,-5.98256],[-77.14242,-5.98224],[-77.14203,-5.98186],[-77.14149,-5.98168],[-77.1407,-5.98153],[-77.13979,-5.98113],[-77.1392,-5.98061],[-77.13893,-5.97981],[-77.13902,-5.97921],[-77.13959,-5.9782],[-77.13974,-5.97774],[-77.13971,-5.97717],[-77.13996,-5.97644],[-77.1406,-5.97601],[-77.14071,-5.97595],[-77.14134,-5.97574],[-77.14205,-5.9757],[-77.14271,-5.97568],[-77.14324,-5.97551],[-77.14381,-5.97534],[-77.14447,-5.97544],[-77.14512,-5.97592],[-77.14536,-5.97665],[-77.14524,-5.97742],[-77.14572,-5.97676],[-77.14637,-5.97642],[-77.14583,-5.97606],[-77.14518,-5.9754],[-77.14475,-5.97473],[-77.14452,-5.97447],[-77.14409,-5.97426],[-77.14358,-5.97424],[-77.14266,-5.97426],[-77.1418,-5.97413],[-77.14119,-5.97383],[-77.14101,-5.97327],[-77.14067,-5.9729],[-77.1403,-5.97226],[-77.14022,-5.97136],[-77.14046,-5.97036],[-77.14091,-5.96928],[-77.14177,-5.96848],[-77.14251,-5.96782],[-77.14314,-5.96741],[-77.14364,-5.96693],[-77.14411,-5.96625],[-77.14455,-5.96574],[-77.145,-5.96535],[-77.14545,-5.96508],[-77.14598,-5.96491],[-77.1457,-5.96437],[-77.14546,-5.96343],[-77.14533,-5.96228],[-77.14525,-5.96197],[-77.14494,-5.96164],[-77.14473,-5.96153],[-77.14438,-5.96156],[-77.14404,-5.96175],[-77.14366,-5.96215],[-77.14308,-5.96269],[-77.14218,-5.96308],[-77.14128,-5.963],[-77.14049,-5.96246],[-77.14022,-5.96151],[-77.14018,-5.96054],[-77.14049,-5.95945],[-77.1412,-5.95871],[-77.14183,-5.95838],[-77.1423,-5.95812],[-77.14253,-5.95793],[-77.14291,-5.95744],[-77.14343,-5.95697],[-77.14414,-5.95654],[-77.14416,-5.95636],[-77.1436,-5.95595],[-77.143,-5.95508],[-77.14267,-5.9543],[-77.14254,-5.95408],[-77.1423,-5.95389],[-77.14189,-5.95378],[-77.1415,-5.95381],[-77.141,-5.95403],[-77.14025,-5.95441],[-77.13969,-5.95451],[-77.13902,-5.95438],[-77.13836,-5.95366],[-77.13829,-5.95294],[-77.13859,-5.95233],[-77.13883,-5.95173],[-77.13945,-5.95099],[-77.14006,-5.95036],[-77.14083,-5.9498],[-77.14184,-5.94953],[-77.14271,-5.94959],[-77.14352,-5.94986],[-77.14385,-5.94985],[-77.14383,-5.94946],[-77.1437,-5.94927],[-77.14326,-5.9492],[-77.14221,-5.94919],[-77.14147,-5.94915],[-77.14078,-5.94886],[-77.14011,-5.94833],[-77.13969,-5.9474],[-77.13977,-5.94627],[-77.14046,-5.94536],[-77.14079,-5.94486],[-77.14082,-5.94467],[-77.14069,-5.9442],[-77.14042,-5.94379],[-77.13996,-5.94297],[-77.14001,-5.94201],[-77.14059,-5.94158],[-77.14168,-5.94136],[-77.1425,-5.94163],[-77.1428,-5.94174],[-77.14314,-5.94166],[-77.14337,-5.94146],[-77.14349,-5.94112],[-77.14344,-5.94068],[-77.14335,-5.94056],[-77.14322,-5.94052],[-77.14276,-5.94058],[-77.14224,-5.94067],[-77.1416,-5.94085],[-77.14105,-5.94066],[-77.14076,-5.94048],[-77.14057,-5.93982],[-77.14051,-5.93916]]]}},{"type":"Feature","properties":{"Name":"U.H. CUENCA MAYO-RIOJA","description":"","OBJECTID":"186256","CODIGO":"FM000009","NOMBRE":"U.H. CUENCA MAYO-RIOJA","CATEGORI":" ","CLASE":" ","ZONA":"18","HAS":"1.4897","ZONEX":"18","NORMA":"LEY N\u00b0 29338","ARCHIVO":"MR26M4810","FEC_ING":"12/03/2026","ENTIDAD":"AUTORIDAD NACIONAL DEL AGUA","USO":" ","EST_GRAF":"SIN INF. COMPLETA","LEYENDA":"SIN INF. COMPLETA","SHAPE.AREA":"1.214787673835e-06","SHAPE.LEN":"0.0148374080591127","FEC_PUB":"1238475600000","MINERIA":"NO","TP_AREA":"FAJA MARGINAL","ORDENANZA":" ","NM_AREA":"U.H. CUENCA MAYO-RIOJA - FAJA MARGINAL","CREATOR":"WVAL0398","CREATIONDA":"1773332644000","EDITOR":"WVAL0398","EDITDATE":"1773332644000","IDENTI":"6d47dbbe23a54954a99779945c4fcbfd","ESTILO":"ZONA RESERVADA"},"geometry":{"type":"Polygon","coordinates":[[[-77.51427,-5.70237],[-77.51422,-5.70249],[-77.51421,-5.70253],[-77.51417,-5.70258],[-77.51418,-5.70262],[-77.51417,-5.70266],[-77.51414,-5.70271],[-77.51414,-5.70273],[-77.51413,-5.70277],[-77.51412,-5.7029],[-77.51411,-5.70299],[-77.51406,-5.70305],[-77.51398,-5.70311],[-77.51396,-5.70312],[-77.51396,-5.70314],[-77.51391,-5.70323],[-77.51382,-5.70333],[-77.51379,-5.70334],[-77.51376,-5.70334],[-77.51372,-5.70335],[-77.51368,-5.70336],[-77.51365,-5.70336],[-77.51362,-5.70335],[-77.51358,-5.70334],[-77.51352,-5.70334],[-77.51349,-5.70333],[-77.51345,-5.70331],[-77.51342,-5.70331],[-77.51338,-5.70332],[-77.51331,-5.7033],[-77.51325,-5.70327],[-77.51323,-5.70327],[-77.5132,-5.70328],[-77.51315,-5.7033],[-77.51309,-5.70334],[-77.51309,-5.70336],[-77.51309,-5.70338],[-77.51311,-5.70343],[-77.51317,-5.7035],[-77.51317,-5.70357],[-77.51316,-5.70362],[-77.51309,-5.70366],[-77.51305,-5.70369],[-77.51294,-5.7037],[-77.51292,-5.7037],[-77.51291,-5.70374],[-77.51289,-5.70376],[-77.51289,-5.70382],[-77.51289,-5.70384],[-77.51288,-5.70384],[-77.51288,-5.70389],[-77.51284,-5.70404],[-77.51281,-5.70407],[-77.5128,-5.70411],[-77.51278,-5.70413],[-77.51278,-5.70416],[-77.51276,-5.70418],[-77.51275,-5.70423],[-77.51276,-5.70424],[-77.51281,-5.70424],[-77.51285,-5.70426],[-77.51287,-5.70429],[-77.51286,-5.70433],[-77.51289,-5.70435],[-77.51294,-5.70443],[-77.51294,-5.70446],[-77.51291,-5.7045],[-77.51296,-5.70465],[-77.51305,-5.70477],[-77.51307,-5.70481],[-77.51306,-5.70487],[-77.51305,-5.70489],[-77.51302,-5.70493],[-77.513,-5.70496],[-77.51301,-5.70503],[-77.51303,-5.70505],[-77.51307,-5.70508],[-77.5131,-5.70514],[-77.51311,-5.70518],[-77.51307,-5.70528],[-77.51308,-5.70531],[-77.51309,-5.70535],[-77.51313,-5.70535],[-77.51322,-5.70536],[-77.51326,-5.70542],[-77.51323,-5.70553],[-77.5132,-5.70561],[-77.51317,-5.70566],[-77.51318,-5.70572],[-77.51316,-5.70575],[-77.51298,-5.70582],[-77.51288,-5.70591],[-77.51285,-5.70592],[-77.5128,-5.70592],[-77.51277,-5.70592],[-77.51276,-5.70596],[-77.51274,-5.70601],[-77.51273,-5.70605],[-77.51272,-5.70608],[-77.51269,-5.70609],[-77.51267,-5.70613],[-77.51258,-5.7062],[-77.51252,-5.7062],[-77.51242,-5.70622],[-77.51235,-5.70625],[-77.51227,-5.70611],[-77.51233,-5.70605],[-77.51241,-5.70598],[-77.51246,-5.70596],[-77.51252,-5.70599],[-77.51255,-5.70602],[-77.51257,-5.70603],[-77.51258,-5.70602],[-77.51263,-5.70597],[-77.51269,-5.70583],[-77.51272,-5.70579],[-77.51282,-5.70571],[-77.51283,-5.70567],[-77.51284,-5.70563],[-77.51287,-5.70554],[-77.51291,-5.70545],[-77.51296,-5.70543],[-77.51299,-5.70538],[-77.51296,-5.70532],[-77.51292,-5.70518],[-77.5129,-5.70516],[-77.51287,-5.70511],[-77.51288,-5.70504],[-77.51286,-5.705],[-77.51281,-5.7048],[-77.51277,-5.70471],[-77.51277,-5.70468],[-77.51278,-5.70461],[-77.51276,-5.70459],[-77.51273,-5.70451],[-77.51271,-5.70442],[-77.51271,-5.70441],[-77.51272,-5.70438],[-77.51265,-5.7044],[-77.51262,-5.70438],[-77.51259,-5.70432],[-77.51261,-5.70419],[-77.51262,-5.70414],[-77.51263,-5.70402],[-77.51266,-5.70396],[-77.5127,-5.70395],[-77.51273,-5.70379],[-77.51276,-5.70374],[-77.51279,-5.70371],[-77.51279,-5.70368],[-77.51278,-5.70366],[-77.51279,-5.70357],[-77.51282,-5.70353],[-77.51287,-5.70351],[-77.51291,-5.70352],[-77.51294,-5.70356],[-77.51296,-5.70352],[-77.51288,-5.70341],[-77.51287,-5.70331],[-77.51291,-5.70328],[-77.51292,-5.70323],[-77.51297,-5.7032],[-77.51301,-5.70322],[-77.51304,-5.70319],[-77.51305,-5.70315],[-77.51313,-5.70315],[-77.51318,-5.70313],[-77.51325,-5.70311],[-77.51331,-5.70313],[-77.5134,-5.70314],[-77.51351,-5.70316],[-77.51354,-5.70318],[-77.5136,-5.70318],[-77.51363,-5.70317],[-77.51368,-5.70319],[-77.51374,-5.70319],[-77.51378,-5.70316],[-77.51377,-5.70312],[-77.51378,-5.70307],[-77.51382,-5.70304],[-77.51385,-5.70303],[-77.51386,-5.70301],[-77.51387,-5.70299],[-77.51389,-5.70299],[-77.51391,-5.70298],[-77.51395,-5.70298],[-77.51398,-5.70296],[-77.51399,-5.70294],[-77.51399,-5.70289],[-77.51398,-5.70285],[-77.51398,-5.70284],[-77.51401,-5.70273],[-77.51403,-5.70263],[-77.51406,-5.70247],[-77.51408,-5.70241],[-77.5141,-5.70233],[-77.51413,-5.70229],[-77.51417,-5.70223],[-77.51421,-5.70212],[-77.51421,-5.70201],[-77.51421,-5.70199],[-77.51422,-5.70198],[-77.51427,-5.70192],[-77.51427,-5.70189],[-77.51426,-5.70186],[-77.51425,-5.70183],[-77.51425,-5.70181],[-77.51425,-5.70179],[-77.51419,-5.70172],[-77.51414,-5.70167],[-77.5141,-5.70164],[-77.51402,-5.7016],[-77.514,-5.70157],[-77.514,-5.70155],[-77.51401,-5.70152],[-77.51395,-5.70139],[-77.5139,-5.70135],[-77.51389,-5.70132],[-77.51388,-5.70124],[-77.51404,-5.70116],[-77.51409,-5.70123],[-77.51412,-5.70127],[-77.51414,-5.70132],[-77.51413,-5.70137],[-77.51415,-5.70147],[-77.51416,-5.7015],[-77.51418,-5.70154],[-77.51422,-5.70157],[-77.51425,-5.7016],[-77.51426,-5.70161],[-77.5143,-5.70158],[-77.51433,-5.70158],[-77.51435,-5.7016],[-77.51437,-5.70161],[-77.51441,-5.70167],[-77.51444,-5.70172],[-77.51444,-5.70177],[-77.51443,-5.70186],[-77.51443,-5.70189],[-77.51442,-5.702],[-77.51443,-5.70205],[-77.51442,-5.70207],[-77.51439,-5.70209],[-77.51438,-5.70216],[-77.51438,-5.70219],[-77.51433,-5.70226],[-77.5143,-5.70231],[-77.51427,-5.70237]]]}},{"type":"Feature","properties":{"Name":"U.H. CUENCA MAYO-RIOJA","description":"","OBJECTID":"186561","CODIGO":"FM000009","NOMBRE":"U.H. CUENCA MAYO-RIOJA","CATEGORI":" ","CLASE":" ","ZONA":"18","HAS":"1.4973","ZONEX":"18","NORMA":"LEY N\u00b0 29338","ARCHIVO":"MR26M4810","FEC_ING":"12/03/2026","ENTIDAD":"AUTORIDAD NACIONAL DEL AGUA","USO":" ","EST_GRAF":"SIN INF. COMPLETA","LEYENDA":"SIN INF. COMPLETA","SHAPE.AREA":"1.2210432841999999e-06","SHAPE.LEN":"0.017346012655044703","FEC_PUB":"1238475600000","MINERIA":"NO","TP_AREA":"FAJA MARGINAL","ORDENANZA":" ","NM_AREA":"U.H. CUENCA MAYO-RIOJA - FAJA MARGINAL","CREATOR":"WVAL0398","CREATIONDA":"1773332644000","EDITOR":"WVAL0398","EDITDATE":"1773332644000","IDENTI":"4bfb5f9861da43a88ba4b8e580b4181f","ESTILO":"ZONA RESERVADA"},"geometry":{"type":"Polygon","coordinates":[[[-77.50002,-5.73717],[-77.49994,-5.73758],[-77.50025,-5.73778],[-77.50047,-5.73824],[-77.50043,-5.73872],[-77.50044,-5.73915],[-77.50069,-5.73953],[-77.50078,-5.73993],[-77.50083,-5.74035],[-77.50064,-5.74075],[-77.50089,-5.74105],[-77.50132,-5.74135],[-77.5017,-5.74166],[-77.50208,-5.74182],[-77.50249,-5.74194],[-77.50294,-5.7421],[-77.50317,-5.74252],[-77.50299,-5.74294],[-77.5029,-5.74335],[-77.50298,-5.74382],[-77.50286,-5.74379],[-77.50277,-5.74334],[-77.5029,-5.74286],[-77.50305,-5.7425],[-77.50285,-5.74222],[-77.50247,-5.74207],[-77.50203,-5.74196],[-77.50159,-5.7418],[-77.50119,-5.74148],[-77.5008,-5.74121],[-77.50048,-5.7407],[-77.50066,-5.74025],[-77.50063,-5.73993],[-77.50054,-5.73953],[-77.50027,-5.73919],[-77.50028,-5.73871],[-77.50031,-5.73824],[-77.50018,-5.73789],[-77.4998,-5.7376],[-77.49988,-5.73709],[-77.50002,-5.73717]]]}},{"type":"Feature","properties":{"Name":"U.H. CUENCA MAYO-RIOJA","description":"","OBJECTID":"186562","CODIGO":"FM000009","NOMBRE":"U.H. CUENCA MAYO-RIOJA","CATEGORI":" ","CLASE":" ","ZONA":"18","HAS":"1.1797","ZONEX":"18","NORMA":"LEY N\u00b0 29338","ARCHIVO":"MR26M4810","FEC_ING":"12/03/2026","ENTIDAD":"AUTORIDAD NACIONAL DEL AGUA","USO":" ","EST_GRAF":"SIN INF. COMPLETA","LEYENDA":"SIN INF. COMPLETA","SHAPE.AREA":"9.623432711145e-07","SHAPE.LEN":"0.00636279717391007","FEC_PUB":"1238475600000","MINERIA":"NO","TP_AREA":"FAJA MARGINAL","ORDENANZA":" ","NM_AREA":"U.H. CUENCA MAYO-RIOJA - FAJA MARGINAL","CREATOR":"WVAL0398","CREATIONDA":"1773332644000","EDITOR":"WVAL0398","EDITDATE":"1773332644000","IDENTI":"b48d8e7727d6478caf6666e6c328416a","ESTILO":"ZONA RESERVADA"},"geometry":{"type":"Polygon","coordinates":[[[-77.39492,-5.85377],[-77.39465,-5.85406],[-77.39451,-5.8541],[-77.39435,-5.85409],[-77.39422,-5.85399],[-77.39426,-5.8538],[-77.39425,-5.85367],[-77.39417,-5.85359],[-77.39394,-5.85358],[-77.39372,-5.85352],[-77.39368,-5.85375],[-77.39343,-5.85407],[-77.39313,-5.85435],[-77.39294,-5.85411],[-77.39318,-5.85387],[-77.39339,-5.85357],[-77.39327,-5.85337],[-77.39336,-5.85311],[-77.39351,-5.85308],[-77.3939,-5.85326],[-77.39408,-5.85325],[-77.39415,-5.85318],[-77.39443,-5.85337],[-77.39457,-5.85368],[-77.3947,-5.85354],[-77.39492,-5.85377]]]}},{"type":"Feature","properties":{"Name":"CAUCE DE LA QUEBRADA SAN L\u00c1ZARO SECTOR MATEO PUMACAHUA - MIRAFLORES","description":"","OBJECTID":"177935","CODIGO":"OT000111","NOMBRE":"CAUCE DE LA QUEBRADA SAN L\u00c1ZARO SECTOR MATEO PUMACAHUA - MIRAFLORES","CATEGORI":" ","CLASE":" ","ZONA":"19","HAS":"41.4119","ZONEX":"19","NORMA":"LEY N\u00b0 29338","ARCHIVO":"SL25L4917","FEC_ING":"16/07/2025","ENTIDAD":"AUTORIDAD NACIONAL DEL AGUA","USO":" ","EST_GRAF":"SIN INF. COMPLETA","LEYENDA":"SIN INF. COMPLETA","SHAPE.AREA":"3.49935793268675e-05","SHAPE.LEN":"0.045057419601810096","FEC_PUB":"1238475600000","MINERIA":"NO","TP_AREA":"FAJA MARGINAL","ORDENANZA":" ","NM_AREA":"CAUCE DE LA QUEBRADA SAN L\u00c1ZARO SECTOR MATEO PUMACAHUA - MIRAFLORES - FAJA MARGINAL","CREATOR":"FLAT1065","CREATIONDA":"1752676675000","EDITOR":"FLAT1065","EDITDATE":"1752676675000","IDENTI":"2dce83e36b7141df96ace8f37e918494","ESTILO":"ZONA RESERVADA"},"geometry":{"type":"Polygon","coordinates":[[[-71.50426,-16.37162],[-71.50382,-16.37212],[-71.50341,-16.37182],[-71.50306,-16.37159],[-71.5027,-16.37143],[-71.50215,-16.37129],[-71.50187,-16.37105],[-71.50139,-16.37066],[-71.50115,-16.37046],[-71.50081,-16.37021],[-71.50048,-16.37004],[-71.50008,-16.37008],[-71.49957,-16.37017],[-71.49902,-16.37035],[-71.49839,-16.37024],[-71.49808,-16.37006],[-71.4975,-16.37005],[-71.49697,-16.36967],[-71.4966,-16.36947],[-71.49619,-16.36924],[-71.4958,-16.3689],[-71.49542,-16.36852],[-71.49469,-16.36785],[-71.49348,-16.36762],[-71.49296,-16.36764],[-71.49194,-16.3677],[-71.49109,-16.36733],[-71.48974,-16.36649],[-71.48899,-16.36603],[-71.48806,-16.36545],[-71.48708,-16.3634],[-71.48653,-16.36276],[-71.48598,-16.3621],[-71.48961,-16.36177],[-71.48994,-16.36202],[-71.49041,-16.36208],[-71.49129,-16.36304],[-71.49109,-16.36396],[-71.4915,-16.36434],[-71.49213,-16.36513],[-71.49282,-16.36558],[-71.4935,-16.36583],[-71.49431,-16.36632],[-71.49507,-16.36672],[-71.49589,-16.36712],[-71.49668,-16.36776],[-71.49734,-16.3684],[-71.49785,-16.3689],[-71.49836,-16.36912],[-71.49887,-16.36917],[-71.4992,-16.36928],[-71.49962,-16.36943],[-71.5,-16.36942],[-71.50057,-16.36937],[-71.50107,-16.36963],[-71.5016,-16.36975],[-71.50196,-16.3702],[-71.50225,-16.37037],[-71.5026,-16.37071],[-71.50295,-16.37081],[-71.50338,-16.37097],[-71.50382,-16.37135],[-71.50426,-16.37162]]]}},{"type":"Feature","properties":{"Name":"U.H. CUENCA MAYO-RIOJA","description":"","OBJECTID":"186567","CODIGO":"FM000009","NOMBRE":"U.H. CUENCA MAYO-RIOJA","CATEGORI":" ","CLASE":" ","ZONA":"18","HAS":"26.8503","ZONEX":"18","NORMA":"LEY N\u00b0 29338","ARCHIVO":"MR26M4810","FEC_ING":"12/03/2026","ENTIDAD":"AUTORIDAD NACIONAL DEL AGUA","USO":" ","EST_GRAF":"SIN INF. COMPLETA","LEYENDA":"SIN INF. COMPLETA","SHAPE.AREA":"2.19187191288175e-05","SHAPE.LEN":"0.062631691878687","FEC_PUB":"1238475600000","MINERIA":"NO","TP_AREA":"FAJA MARGINAL","ORDENANZA":" ","NM_AREA":"U.H. CUENCA MAYO-RIOJA - FAJA MARGINAL","CREATOR":"WVAL0398","CREATIONDA":"1773332644000","EDITOR":"WVAL0398","EDITDATE":"1773332644000","IDENTI":"407d512578fb436081884bcf5db3704b","ESTILO":"ZONA RESERVADA"},"geometry":{"type":"Polygon","coordinates":[[[-77.16835,-6.05282],[-77.16877,-6.05114],[-77.16931,-6.05201],[-77.16986,-6.05278],[-77.1703,-6.05213],[-77.17094,-6.0517],[-77.17181,-6.05267],[-77.17221,-6.0532],[-77.17298,-6.05298],[-77.17399,-6.0528],[-77.17413,-6.05426],[-77.17444,-6.05464],[-77.17642,-6.05637],[-77.17825,-6.05754],[-77.18013,-6.05884],[-77.1844,-6.06072],[-77.18595,-6.06112],[-77.19033,-6.06718],[-77.1903,-6.06763],[-77.18975,-6.06752],[-77.18797,-6.06547],[-77.18778,-6.06517],[-77.18562,-6.0629],[-77.18565,-6.06126],[-77.1849,-6.06137],[-77.18445,-6.06116],[-77.18161,-6.06046],[-77.17973,-6.05926],[-77.17867,-6.0589],[-77.1781,-6.05797],[-77.17583,-6.05699],[-77.17484,-6.05641],[-77.17476,-6.05591],[-77.17364,-6.05562],[-77.17299,-6.05355],[-77.17184,-6.05333],[-77.17113,-6.05277],[-77.17051,-6.05241],[-77.1699,-6.05334],[-77.16961,-6.05329],[-77.16927,-6.05266],[-77.16835,-6.05282]]]}},{"type":"Feature","properties":{"Name":"U.H. CUENCA MAYO-MOYOBAMBA","description":"","OBJECTID":"186572","CODIGO":"FM000008","NOMBRE":"U.H. CUENCA MAYO-MOYOBAMBA","CATEGORI":" ","CLASE":" ","ZONA":"18","HAS":"2.7880000000000003","ZONEX":"18","NORMA":"LEY N\u00b0 29338","ARCHIVO":"MM26M4809","FEC_ING":"13/03/2026","ENTIDAD":"AUTORIDAD NACIONAL DEL AGUA","USO":" ","EST_GRAF":"SIN INF. COMPLETA","LEYENDA":"SIN INF. COMPLETA","SHAPE.AREA":"2.2763792457810003e-06","SHAPE.LEN":"0.0270983351569096","FEC_PUB":"1238475600000","MINERIA":"NO","TP_AREA":"FAJA MARGINAL","ORDENANZA":" ","NM_AREA":"U.H. CUENCA MAYO-MOYOBAMBA - FAJA MARGINAL","CREATOR":"WVAL0398","CREATIONDA":"1773411297000","EDITOR":"WVAL0398","EDITDATE":"1773411297000","IDENTI":"b782c12934944fed9281afb6e71fd0cf","ESTILO":"ZONA RESERVADA"},"geometry":{"type":"Polygon","coordinates":[[[-76.97745,-6.02133],[-76.97755,-6.02132],[-76.97771,-6.02134],[-76.9779,-6.02143],[-76.97783,-6.02154],[-76.97771,-6.02148],[-76.97747,-6.02149],[-76.97735,-6.02142],[-76.97722,-6.02132],[-76.97707,-6.02126],[-76.97698,-6.02109],[-76.97689,-6.02109],[-76.97673,-6.02108],[-76.97663,-6.02109],[-76.97653,-6.0211],[-76.97634,-6.02097],[-76.97622,-6.02088],[-76.97611,-6.0207],[-76.97606,-6.02054],[-76.97597,-6.02039],[-76.97589,-6.02023],[-76.97581,-6.02005],[-76.97577,-6.01989],[-76.97568,-6.01973],[-76.97562,-6.01955],[-76.97556,-6.01939],[-76.97544,-6.01924],[-76.9754,-6.01904],[-76.9754,-6.01889],[-76.97533,-6.01871],[-76.9752,-6.01856],[-76.97518,-6.01835],[-76.97522,-6.01818],[-76.97521,-6.01799],[-76.97516,-6.01788],[-76.97507,-6.01777],[-76.97495,-6.01763],[-76.9748,-6.01754],[-76.97468,-6.01737],[-76.97452,-6.01729],[-76.97444,-6.01713],[-76.97437,-6.01697],[-76.97437,-6.01677],[-76.97429,-6.01661],[-76.97413,-6.0165],[-76.97404,-6.01631],[-76.97398,-6.01617],[-76.97389,-6.016],[-76.9737,-6.01592],[-76.97358,-6.01564],[-76.97356,-6.01554],[-76.9735,-6.01554],[-76.97341,-6.01544],[-76.97322,-6.01533],[-76.97321,-6.01539],[-76.97309,-6.0154],[-76.97277,-6.01529],[-76.97272,-6.01531],[-76.97258,-6.01528],[-76.97242,-6.01522],[-76.97228,-6.0152],[-76.97211,-6.01527],[-76.97195,-6.01536],[-76.9718,-6.01544],[-76.97159,-6.01544],[-76.97142,-6.01531],[-76.97126,-6.01529],[-76.9711,-6.01523],[-76.97097,-6.01516],[-76.97079,-6.0151],[-76.97066,-6.01503],[-76.97048,-6.015],[-76.9704,-6.01478],[-76.97033,-6.0147],[-76.97022,-6.01452],[-76.97012,-6.01445],[-76.97003,-6.01445],[-76.97008,-6.01435],[-76.96994,-6.01433],[-76.96984,-6.01456],[-76.96969,-6.01435],[-76.96951,-6.01425],[-76.96947,-6.0141],[-76.96944,-6.01398],[-76.96949,-6.01397],[-76.96951,-6.01409],[-76.96962,-6.01417],[-76.96969,-6.01421],[-76.96976,-6.01435],[-76.9699,-6.01422],[-76.97014,-6.01423],[-76.97023,-6.01439],[-76.97034,-6.01454],[-76.9704,-6.01461],[-76.97051,-6.01479],[-76.97052,-6.01489],[-76.97069,-6.01491],[-76.97087,-6.01499],[-76.97104,-6.01505],[-76.9712,-6.01516],[-76.97135,-6.01524],[-76.97152,-6.01523],[-76.97162,-6.01531],[-76.97175,-6.0153],[-76.97205,-6.01512],[-76.97224,-6.01508],[-76.97244,-6.01509],[-76.97262,-6.01517],[-76.97274,-6.01517],[-76.9729,-6.01511],[-76.97303,-6.01495],[-76.9731,-6.01491],[-76.97339,-6.01503],[-76.97351,-6.01512],[-76.97367,-6.01523],[-76.97378,-6.01534],[-76.9739,-6.01553],[-76.97403,-6.01563],[-76.97412,-6.01579],[-76.97421,-6.01596],[-76.9743,-6.0161],[-76.97437,-6.01628],[-76.97438,-6.01641],[-76.97448,-6.01661],[-76.97449,-6.01674],[-76.97458,-6.0169],[-76.97467,-6.01707],[-76.97475,-6.01721],[-76.97484,-6.01738],[-76.97494,-6.01747],[-76.9751,-6.01752],[-76.97526,-6.01767],[-76.97535,-6.01784],[-76.97534,-6.01803],[-76.97535,-6.01818],[-76.97545,-6.01829],[-76.97541,-6.01839],[-76.97546,-6.01852],[-76.97547,-6.01869],[-76.97553,-6.01886],[-76.97558,-6.01903],[-76.97563,-6.01921],[-76.97569,-6.01938],[-76.97576,-6.01954],[-76.97584,-6.01969],[-76.97591,-6.01986],[-76.97598,-6.02004],[-76.97604,-6.02021],[-76.97612,-6.02035],[-76.97621,-6.02052],[-76.97628,-6.02068],[-76.97633,-6.02078],[-76.97649,-6.02091],[-76.97659,-6.02096],[-76.97678,-6.02095],[-76.97711,-6.02104],[-76.97717,-6.02119],[-76.97728,-6.02122],[-76.97745,-6.02133]]]}},{"type":"Feature","properties":{"Name":"U.H. CUENCA MAYO-MOYOBAMBA","description":"","OBJECTID":"186581","CODIGO":"FM000008","NOMBRE":"U.H. CUENCA MAYO-MOYOBAMBA","CATEGORI":" ","CLASE":" ","ZONA":"18","HAS":"0.9528000000000001","ZONEX":"18","NORMA":"LEY N\u00b0 29338","ARCHIVO":"MM26M4809","FEC_ING":"13/03/2026","ENTIDAD":"AUTORIDAD NACIONAL DEL AGUA","USO":" ","EST_GRAF":"SIN INF. COMPLETA","LEYENDA":"SIN INF. COMPLETA","SHAPE.AREA":"7.78126693297e-07","SHAPE.LEN":"0.0095577508008199","FEC_PUB":"1238475600000","MINERIA":"NO","TP_AREA":"FAJA MARGINAL","ORDENANZA":" ","NM_AREA":"U.H. CUENCA MAYO-MOYOBAMBA - FAJA MARGINAL","CREATOR":"WVAL0398","CREATIONDA":"1773411297000","EDITOR":"WVAL0398","EDITDATE":"1773411297000","IDENTI":"c72325a3d10345c98a9926143fe7456a","ESTILO":"ZONA RESERVADA"},"geometry":{"type":"Polygon","coordinates":[[[-76.91067,-6.1097],[-76.91054,-6.10988],[-76.91022,-6.10965],[-76.91008,-6.10935],[-76.91008,-6.1088],[-76.90968,-6.10852],[-76.90968,-6.10786],[-76.90945,-6.10729],[-76.90924,-6.10659],[-76.90892,-6.10581],[-76.90921,-6.10578],[-76.90938,-6.10658],[-76.9096,-6.10725],[-76.90983,-6.10783],[-76.90985,-6.10845],[-76.91024,-6.10872],[-76.91024,-6.10932],[-76.91045,-6.10952],[-76.91067,-6.1097]]]}},{"type":"Feature","properties":{"Name":"U.H. CUENCA MAYO-MOYOBAMBA","description":"","OBJECTID":"186579","CODIGO":"FM000008","NOMBRE":"U.H. CUENCA MAYO-MOYOBAMBA","CATEGORI":" ","CLASE":" ","ZONA":"18","HAS":"0.5155000000000001","ZONEX":"18","NORMA":"LEY N\u00b0 29338","ARCHIVO":"MM26M4809","FEC_ING":"13/03/2026","ENTIDAD":"AUTORIDAD NACIONAL DEL AGUA","USO":" ","EST_GRAF":"SIN INF. COMPLETA","LEYENDA":"SIN INF. COMPLETA","SHAPE.AREA":"4.209391492075e-07","SHAPE.LEN":"0.00779792169270487","FEC_PUB":"1238475600000","MINERIA":"NO","TP_AREA":"FAJA MARGINAL","ORDENANZA":" ","NM_AREA":"U.H. CUENCA MAYO-MOYOBAMBA - FAJA MARGINAL","CREATOR":"WVAL0398","CREATIONDA":"1773411297000","EDITOR":"WVAL0398","EDITDATE":"1773411297000","IDENTI":"d2da27dea2814dc2acd458b16ccc36c6","ESTILO":"ZONA RESERVADA"},"geometry":{"type":"Polygon","coordinates":[[[-76.97322,-6.07586],[-76.97309,-6.07587],[-76.97315,-6.0756],[-76.97311,-6.07521],[-76.97294,-6.07484],[-76.97272,-6.07462],[-76.97265,-6.07437],[-76.97254,-6.07422],[-76.97222,-6.07401],[-76.97199,-6.07376],[-76.97166,-6.07366],[-76.97123,-6.07296],[-76.97129,-6.07289],[-76.97171,-6.07356],[-76.97205,-6.0737],[-76.97227,-6.07393],[-76.97262,-6.07415],[-76.97277,-6.07428],[-76.97284,-6.07461],[-76.97307,-6.07476],[-76.97324,-6.07521],[-76.97329,-6.0756],[-76.97322,-6.07586]]]}},{"type":"Feature","properties":{"Name":"U.H. CUENCA MAYO-MOYOBAMBA","description":"","OBJECTID":"186580","CODIGO":"FM000008","NOMBRE":"U.H. CUENCA MAYO-MOYOBAMBA","CATEGORI":" ","CLASE":" ","ZONA":"18","HAS":"2.1464000000000003","ZONEX":"18","NORMA":"LEY N\u00b0 29338","ARCHIVO":"MM26M4809","FEC_ING":"13/03/2026","ENTIDAD":"AUTORIDAD NACIONAL DEL AGUA","USO":" ","EST_GRAF":"SIN INF. COMPLETA","LEYENDA":"SIN INF. COMPLETA","SHAPE.AREA":"1.752887899676e-06","SHAPE.LEN":"0.0150806964123599","FEC_PUB":"1238475600000","MINERIA":"NO","TP_AREA":"FAJA MARGINAL","ORDENANZA":" ","NM_AREA":"U.H. CUENCA MAYO-MOYOBAMBA - FAJA MARGINAL","CREATOR":"WVAL0398","CREATIONDA":"1773411297000","EDITOR":"WVAL0398","EDITDATE":"1773411297000","IDENTI":"102e336f2a324192bafd73c48b5c48f4","ESTILO":"ZONA RESERVADA"},"geometry":{"type":"Polygon","coordinates":[[[-76.92217,-6.10892],[-76.92216,-6.10923],[-76.92216,-6.10941],[-76.92218,-6.10952],[-76.92223,-6.1097],[-76.92227,-6.10987],[-76.92232,-6.11004],[-76.92232,-6.11016],[-76.92229,-6.11026],[-76.92231,-6.11033],[-76.92235,-6.11044],[-76.92235,-6.11056],[-76.92235,-6.11088],[-76.92236,-6.1112],[-76.92239,-6.11143],[-76.92242,-6.11171],[-76.92246,-6.11202],[-76.92247,-6.11208],[-76.92249,-6.11236],[-76.92252,-6.11269],[-76.92251,-6.11315],[-76.92251,-6.11323],[-76.92227,-6.11323],[-76.92224,-6.11279],[-76.92224,-6.1122],[-76.92222,-6.1119],[-76.92219,-6.11149],[-76.92215,-6.11115],[-76.92216,-6.11063],[-76.92215,-6.1105],[-76.92202,-6.11032],[-76.92206,-6.11009],[-76.92196,-6.10981],[-76.92189,-6.10957],[-76.92191,-6.10937],[-76.92193,-6.10906],[-76.92192,-6.10884],[-76.92191,-6.10864],[-76.9219,-6.10835],[-76.92186,-6.10825],[-76.92183,-6.10817],[-76.92185,-6.10796],[-76.92188,-6.10771],[-76.92187,-6.10747],[-76.92186,-6.10723],[-76.9219,-6.10699],[-76.92193,-6.10686],[-76.922,-6.10673],[-76.92208,-6.10659],[-76.9221,-6.10649],[-76.92211,-6.10635],[-76.92213,-6.10625],[-76.92219,-6.1062],[-76.92223,-6.10615],[-76.92227,-6.10608],[-76.92229,-6.10603],[-76.92248,-6.10614],[-76.92245,-6.10623],[-76.92243,-6.1063],[-76.92241,-6.10639],[-76.92238,-6.10655],[-76.9223,-6.10671],[-76.92223,-6.10683],[-76.9222,-6.10689],[-76.92218,-6.10692],[-76.92217,-6.10696],[-76.92217,-6.10702],[-76.92216,-6.1072],[-76.92215,-6.1073],[-76.9221,-6.10745],[-76.92209,-6.10749],[-76.92207,-6.10773],[-76.92206,-6.10794],[-76.92207,-6.10822],[-76.92214,-6.10844],[-76.92215,-6.1086],[-76.92217,-6.10872],[-76.92217,-6.10892]]]}},{"type":"Feature","properties":{"Name":"U.H. CUENCA MAYO-RIOJA","description":"","OBJECTID":"186568","CODIGO":"FM000009","NOMBRE":"U.H. CUENCA MAYO-RIOJA","CATEGORI":" ","CLASE":" ","ZONA":"18","HAS":"412.444","ZONEX":"18","NORMA":"LEY N\u00b0 29338","ARCHIVO":"MR26M4810","FEC_ING":"12/03/2026","ENTIDAD":"AUTORIDAD NACIONAL DEL AGUA","USO":" ","EST_GRAF":"SIN INF. COMPLETA","LEYENDA":"SIN INF. COMPLETA","SHAPE.AREA":"0.000336575446353868","SHAPE.LEN":"0.406741068541316","FEC_PUB":"1238475600000","MINERIA":"NO","TP_AREA":"FAJA MARGINAL","ORDENANZA":" ","NM_AREA":"U.H. CUENCA MAYO-RIOJA - FAJA MARGINAL","CREATOR":"WVAL0398","CREATIONDA":"1773332644000","EDITOR":"WVAL0398","EDITDATE":"1773332644000","IDENTI":"235adbde946a453082e791fa65bed3cd","ESTILO":"ZONA RESERVADA"},"geometry":{"type":"Polygon","coordinates":[[[-77.22025,-5.91985],[-77.22198,-5.92021],[-77.22349,-5.92019],[-77.22523,-5.92028],[-77.2266,-5.92133],[-77.22735,-5.92289],[-77.22801,-5.92448],[-77.22863,-5.92614],[-77.22971,-5.92743],[-77.23049,-5.9289],[-77.23012,-5.93068],[-77.2304,-5.93236],[-77.23007,-5.93398],[-77.23018,-5.93557],[-77.23159,-5.93658],[-77.23338,-5.93663],[-77.23511,-5.93668],[-77.2368,-5.93731],[-77.2384,-5.93815],[-77.23928,-5.93962],[-77.23926,-5.94139],[-77.24034,-5.94281],[-77.24199,-5.94291],[-77.24356,-5.94211],[-77.24512,-5.9413],[-77.24674,-5.94054],[-77.24834,-5.9398],[-77.25008,-5.93941],[-77.25189,-5.93937],[-77.2537,-5.93939],[-77.25548,-5.93968],[-77.2573,-5.93966],[-77.2591,-5.93981],[-77.26075,-5.94014],[-77.26231,-5.93985],[-77.26377,-5.93879],[-77.26542,-5.93855],[-77.2671,-5.93815],[-77.26884,-5.93838],[-77.27039,-5.93845],[-77.27163,-5.93947],[-77.27301,-5.93919],[-77.27476,-5.93941],[-77.27651,-5.93971],[-77.27821,-5.94018],[-77.27974,-5.94103],[-77.2815,-5.94071],[-77.28318,-5.94119],[-77.28459,-5.94228],[-77.28611,-5.94309],[-77.28769,-5.9438],[-77.28937,-5.94346],[-77.29112,-5.94334],[-77.29255,-5.94224],[-77.29408,-5.94127],[-77.29476,-5.93961],[-77.29602,-5.93876],[-77.2977,-5.93929],[-77.2994,-5.93882],[-77.30012,-5.93734],[-77.30078,-5.93677],[-77.30151,-5.93693],[-77.30167,-5.93733],[-77.30237,-5.93777],[-77.30281,-5.93818],[-77.30339,-5.93753],[-77.30426,-5.93735],[-77.30496,-5.93783],[-77.30587,-5.93733],[-77.3068,-5.93728],[-77.3077,-5.93716],[-77.30874,-5.93721],[-77.30954,-5.93756],[-77.31041,-5.93772],[-77.31128,-5.93794],[-77.31214,-5.93797],[-77.31299,-5.93797],[-77.31383,-5.93771],[-77.3145,-5.93754],[-77.31468,-5.93751],[-77.3151,-5.93767],[-77.31511,-5.93761],[-77.3153,-5.93764],[-77.31538,-5.93757],[-77.31556,-5.93767],[-77.31564,-5.93751],[-77.31578,-5.9377],[-77.316,-5.93766],[-77.31622,-5.93764],[-77.31641,-5.93762],[-77.31664,-5.93746],[-77.31677,-5.93771],[-77.31696,-5.93781],[-77.31716,-5.93794],[-77.31731,-5.93811],[-77.31745,-5.93828],[-77.3176,-5.93844],[-77.31776,-5.9386],[-77.31786,-5.93879],[-77.31813,-5.93888],[-77.31897,-5.93826],[-77.32061,-5.93823],[-77.32129,-5.93989],[-77.32273,-5.94088],[-77.32452,-5.94066],[-77.32626,-5.94107],[-77.32738,-5.94241],[-77.32882,-5.94343],[-77.32999,-5.94478],[-77.3317,-5.94524],[-77.33295,-5.94571],[-77.33455,-5.9451],[-77.33621,-5.94569],[-77.33793,-5.94617],[-77.33868,-5.94763],[-77.3395,-5.94895],[-77.33998,-5.95051],[-77.34011,-5.95158],[-77.34111,-5.95308],[-77.34237,-5.95415],[-77.34235,-5.95594],[-77.34268,-5.9576],[-77.34349,-5.95904],[-77.34507,-5.95977],[-77.34558,-5.96149],[-77.34674,-5.96278],[-77.34819,-5.96351],[-77.34978,-5.96428],[-77.35123,-5.96534],[-77.35219,-5.96687],[-77.35352,-5.9673],[-77.35502,-5.96634],[-77.35666,-5.96667],[-77.35742,-5.96828],[-77.35888,-5.9678],[-77.36064,-5.96753],[-77.36184,-5.96873],[-77.36148,-5.97046],[-77.36176,-5.97161],[-77.3634,-5.97228],[-77.36445,-5.97372],[-77.36489,-5.97547],[-77.36387,-5.97667],[-77.36358,-5.9749],[-77.36286,-5.97327],[-77.36126,-5.97287],[-77.36003,-5.97161],[-77.36035,-5.96997],[-77.36022,-5.96857],[-77.35891,-5.96956],[-77.35718,-5.96952],[-77.35607,-5.96814],[-77.35497,-5.96761],[-77.3535,-5.96861],[-77.35176,-5.96831],[-77.35091,-5.96674],[-77.34963,-5.96553],[-77.34804,-5.96476],[-77.34639,-5.96425],[-77.3452,-5.96305],[-77.3444,-5.96151],[-77.34361,-5.9602],[-77.34207,-5.95929],[-77.34145,-5.95773],[-77.34118,-5.956],[-77.3409,-5.95455],[-77.33989,-5.95309],[-77.33856,-5.95195],[-77.33835,-5.95023],[-77.33766,-5.94878],[-77.3373,-5.9471],[-77.33555,-5.94675],[-77.33401,-5.94647],[-77.33285,-5.94763],[-77.33131,-5.94689],[-77.32999,-5.94606],[-77.32863,-5.94496],[-77.32725,-5.94381],[-77.32617,-5.94247],[-77.32464,-5.94171],[-77.32285,-5.94195],[-77.32112,-5.94166],[-77.32,-5.94034],[-77.31918,-5.93959],[-77.31743,-5.93945],[-77.31743,-5.93881],[-77.31688,-5.93811],[-77.31603,-5.93801],[-77.31514,-5.9381],[-77.31426,-5.938],[-77.31341,-5.9383],[-77.31252,-5.93837],[-77.31161,-5.93839],[-77.31072,-5.93825],[-77.30984,-5.93807],[-77.30899,-5.93776],[-77.30813,-5.93759],[-77.30769,-5.9376],[-77.30727,-5.9378],[-77.30695,-5.93768],[-77.3067,-5.93766],[-77.30642,-5.93768],[-77.30625,-5.93766],[-77.30601,-5.93772],[-77.30568,-5.93821],[-77.30486,-5.93847],[-77.30406,-5.9381],[-77.30338,-5.93835],[-77.30261,-5.93878],[-77.302,-5.93831],[-77.3016,-5.93767],[-77.30108,-5.93705],[-77.30118,-5.93785],[-77.30069,-5.93942],[-77.2993,-5.94006],[-77.2975,-5.94053],[-77.29584,-5.9404],[-77.29507,-5.94203],[-77.29362,-5.94302],[-77.29258,-5.9443],[-77.29092,-5.9447],[-77.28928,-5.94495],[-77.28789,-5.94563],[-77.28652,-5.94469],[-77.28478,-5.94427],[-77.2845,-5.94348],[-77.28353,-5.94305],[-77.28214,-5.94196],[-77.28037,-5.94201],[-77.2786,-5.94193],[-77.27706,-5.941],[-77.27528,-5.94082],[-77.27351,-5.94046],[-77.27185,-5.94113],[-77.27051,-5.94011],[-77.26896,-5.94065],[-77.26812,-5.9392],[-77.26642,-5.93948],[-77.26484,-5.93946],[-77.26373,-5.94072],[-77.26278,-5.94203],[-77.26099,-5.9423],[-77.25925,-5.94213],[-77.25775,-5.94293],[-77.25627,-5.94358],[-77.25447,-5.94346],[-77.2527,-5.94355],[-77.25092,-5.94326],[-77.24914,-5.94334],[-77.24737,-5.94355],[-77.2458,-5.94442],[-77.2442,-5.94526],[-77.24268,-5.94623],[-77.24091,-5.94598],[-77.23919,-5.94542],[-77.23757,-5.94474],[-77.23646,-5.94331],[-77.23541,-5.94185],[-77.23413,-5.94059],[-77.23245,-5.94004],[-77.23093,-5.93908],[-77.22928,-5.93836],[-77.22768,-5.93757],[-77.22781,-5.9358],[-77.22797,-5.934],[-77.22798,-5.93219],[-77.22778,-5.9304],[-77.22745,-5.92862],[-77.22678,-5.92695],[-77.22593,-5.92535],[-77.22473,-5.92401],[-77.22312,-5.92325],[-77.22142,-5.9226],[-77.21982,-5.92206],[-77.21894,-5.92081],[-77.22025,-5.91985]]]}},{"type":"Feature","properties":{"Name":"U.H. CUENCA MAYO-RIOJA","description":"","OBJECTID":"186569","CODIGO":"FM000009","NOMBRE":"U.H. CUENCA MAYO-RIOJA","CATEGORI":" ","CLASE":" ","ZONA":"18","HAS":"1.9954","ZONEX":"18","NORMA":"LEY N\u00b0 29338","ARCHIVO":"MR26M4810","FEC_ING":"12/03/2026","ENTIDAD":"AUTORIDAD NACIONAL DEL AGUA","USO":" ","EST_GRAF":"SIN INF. COMPLETA","LEYENDA":"SIN INF. COMPLETA","SHAPE.AREA":"1.628860002862e-06","SHAPE.LEN":"0.025521158120985","FEC_PUB":"1238475600000","MINERIA":"NO","TP_AREA":"FAJA MARGINAL","ORDENANZA":" ","NM_AREA":"U.H. CUENCA MAYO-RIOJA - FAJA MARGINAL","CREATOR":"WVAL0398","CREATIONDA":"1773332644000","EDITOR":"WVAL0398","EDITDATE":"1773332644000","IDENTI":"776bee4f72db4e59aea846023165841e","ESTILO":"ZONA RESERVADA"},"geometry":{"type":"Polygon","coordinates":[[[-77.16497,-6.04929],[-77.16454,-6.04912],[-77.16393,-6.04883],[-77.16377,-6.04873],[-77.16352,-6.04841],[-77.16315,-6.04795],[-77.16296,-6.04768],[-77.16274,-6.0474],[-77.16254,-6.04699],[-77.16235,-6.04654],[-77.16205,-6.04623],[-77.1617,-6.04591],[-77.16127,-6.04554],[-77.16089,-6.04525],[-77.16032,-6.04481],[-77.16026,-6.04469],[-77.16017,-6.04382],[-77.15998,-6.04345],[-77.16007,-6.0434],[-77.16022,-6.04379],[-77.16034,-6.04468],[-77.16039,-6.04475],[-77.16096,-6.04518],[-77.16138,-6.04543],[-77.16177,-6.04578],[-77.16214,-6.04613],[-77.16244,-6.04646],[-77.16269,-6.04692],[-77.16286,-6.04731],[-77.16307,-6.04757],[-77.16327,-6.04784],[-77.16362,-6.0483],[-77.16389,-6.04863],[-77.16405,-6.04875],[-77.1646,-6.049],[-77.16505,-6.0492],[-77.16542,-6.04932],[-77.1656,-6.04934],[-77.16588,-6.04929],[-77.16655,-6.04929],[-77.16691,-6.0494],[-77.16753,-6.04954],[-77.16784,-6.04959],[-77.16802,-6.04971],[-77.16831,-6.0501],[-77.16851,-6.05042],[-77.16871,-6.05074],[-77.16888,-6.05099],[-77.16877,-6.0511],[-77.1686,-6.05083],[-77.16841,-6.05054],[-77.1682,-6.05019],[-77.16795,-6.04978],[-77.16779,-6.04972],[-77.16749,-6.04965],[-77.16685,-6.04951],[-77.16649,-6.04943],[-77.16584,-6.04946],[-77.16556,-6.04946],[-77.16537,-6.04943],[-77.16497,-6.04929]]]}},{"type":"Feature","properties":{"Name":"U.H. CUENCA MAYO-RIOJA","description":"","OBJECTID":"186570","CODIGO":"FM000009","NOMBRE":"U.H. CUENCA MAYO-RIOJA","CATEGORI":" ","CLASE":" ","ZONA":"18","HAS":"1.5694000000000001","ZONEX":"18","NORMA":"LEY N\u00b0 29338","ARCHIVO":"MR26M4810","FEC_ING":"12/03/2026","ENTIDAD":"AUTORIDAD NACIONAL DEL AGUA","USO":" ","EST_GRAF":"SIN INF. COMPLETA","LEYENDA":"SIN INF. COMPLETA","SHAPE.AREA":"1.2811939102944999e-06","SHAPE.LEN":"0.0173615140424742","FEC_PUB":"1238475600000","MINERIA":"NO","TP_AREA":"FAJA MARGINAL","ORDENANZA":" ","NM_AREA":"U.H. CUENCA MAYO-RIOJA - FAJA MARGINAL","CREATOR":"WVAL0398","CREATIONDA":"1773332644000","EDITOR":"WVAL0398","EDITDATE":"1773332644000","IDENTI":"d213d3aa6b474f07a1f412f677f2d3e5","ESTILO":"ZONA RESERVADA"},"geometry":{"type":"Polygon","coordinates":[[[-77.17456,-6.05618],[-77.17477,-6.05613],[-77.17483,-6.05632],[-77.17464,-6.05634],[-77.17452,-6.0565],[-77.17439,-6.05704],[-77.17431,-6.05728],[-77.17436,-6.05765],[-77.17438,-6.05785],[-77.17437,-6.05794],[-77.17449,-6.05841],[-77.17466,-6.05913],[-77.17469,-6.05929],[-77.17484,-6.05967],[-77.17499,-6.05985],[-77.17515,-6.06014],[-77.17521,-6.0603],[-77.17556,-6.06064],[-77.17608,-6.0612],[-77.1765,-6.06189],[-77.17656,-6.06196],[-77.17669,-6.06199],[-77.1768,-6.06212],[-77.17683,-6.06217],[-77.17712,-6.06243],[-77.17737,-6.06266],[-77.17736,-6.0628],[-77.17717,-6.06301],[-77.17756,-6.06323],[-77.1775,-6.06321],[-77.1771,-6.06302],[-77.17722,-6.0628],[-77.17696,-6.06259],[-77.17677,-6.06233],[-77.17673,-6.06231],[-77.17649,-6.06211],[-77.17637,-6.06192],[-77.1763,-6.06184],[-77.1759,-6.06137],[-77.17541,-6.06082],[-77.17509,-6.06048],[-77.17494,-6.0602],[-77.17482,-6.0599],[-77.17477,-6.05974],[-77.17462,-6.05931],[-77.17457,-6.05916],[-77.1744,-6.05841],[-77.17429,-6.05792],[-77.17428,-6.05784],[-77.17419,-6.05766],[-77.17414,-6.05725],[-77.17426,-6.05697],[-77.17442,-6.05645],[-77.17456,-6.05618]]]}},{"type":"Feature","properties":{"Name":"U.H. CUENCA MAYO-MOYOBAMBA","description":"","OBJECTID":"186573","CODIGO":"FM000008","NOMBRE":"U.H. CUENCA MAYO-MOYOBAMBA","CATEGORI":" ","CLASE":" ","ZONA":"18","HAS":"1.9957","ZONEX":"18","NORMA":"LEY N\u00b0 29338","ARCHIVO":"MM26M4809","FEC_ING":"13/03/2026","ENTIDAD":"AUTORIDAD NACIONAL DEL AGUA","USO":" ","EST_GRAF":"SIN INF. COMPLETA","LEYENDA":"SIN INF. COMPLETA","SHAPE.AREA":"1.6295938036255e-06","SHAPE.LEN":"0.0197975944745694","FEC_PUB":"1238475600000","MINERIA":"NO","TP_AREA":"FAJA MARGINAL","ORDENANZA":" ","NM_AREA":"U.H. CUENCA MAYO-MOYOBAMBA - FAJA MARGINAL","CREATOR":"WVAL0398","CREATIONDA":"1773411297000","EDITOR":"WVAL0398","EDITDATE":"1773411297000","IDENTI":"5bc67013532647668acdf93c715a9fcf","ESTILO":"ZONA RESERVADA"},"geometry":{"type":"Polygon","coordinates":[[[-76.9706,-6.07761],[-76.97052,-6.07785],[-76.97045,-6.07798],[-76.97038,-6.07825],[-76.97036,-6.07851],[-76.9702,-6.07877],[-76.96999,-6.07899],[-76.96986,-6.07913],[-76.9698,-6.07935],[-76.96979,-6.07943],[-76.96982,-6.07949],[-76.96984,-6.07958],[-76.96975,-6.07984],[-76.96957,-6.0801],[-76.96939,-6.08011],[-76.96904,-6.0802],[-76.969,-6.08034],[-76.96892,-6.08054],[-76.96885,-6.08071],[-76.96875,-6.08086],[-76.96866,-6.08105],[-76.96852,-6.0812],[-76.96835,-6.08133],[-76.96821,-6.0815],[-76.96809,-6.08151],[-76.96797,-6.08156],[-76.96788,-6.08182],[-76.96792,-6.08192],[-76.96788,-6.0821],[-76.96781,-6.0822],[-76.96778,-6.08221],[-76.96772,-6.08238],[-76.96755,-6.08229],[-76.9676,-6.08215],[-76.96763,-6.0821],[-76.96768,-6.08205],[-76.96772,-6.08194],[-76.9677,-6.08178],[-76.9678,-6.08146],[-76.96796,-6.08135],[-76.96811,-6.08131],[-76.96819,-6.08124],[-76.96833,-6.08108],[-76.96843,-6.08099],[-76.96854,-6.08084],[-76.96866,-6.08066],[-76.96874,-6.08048],[-76.96881,-6.08028],[-76.96888,-6.08009],[-76.96896,-6.08001],[-76.96905,-6.07996],[-76.96935,-6.07992],[-76.96948,-6.07992],[-76.96956,-6.07976],[-76.96965,-6.07958],[-76.96961,-6.07949],[-76.96958,-6.07942],[-76.9696,-6.0793],[-76.96969,-6.07903],[-76.96982,-6.07888],[-76.97005,-6.07863],[-76.97015,-6.07848],[-76.97019,-6.07821],[-76.97025,-6.07799],[-76.97033,-6.07784],[-76.97042,-6.07759],[-76.97052,-6.0773],[-76.97056,-6.07732],[-76.97059,-6.07724],[-76.97061,-6.07714],[-76.97065,-6.07683],[-76.97065,-6.07671],[-76.97062,-6.07659],[-76.97062,-6.07653],[-76.97071,-6.07634],[-76.97078,-6.07619],[-76.97082,-6.07615],[-76.97083,-6.0761],[-76.97081,-6.07603],[-76.9708,-6.07595],[-76.97093,-6.07567],[-76.97102,-6.07556],[-76.97103,-6.0755],[-76.97111,-6.07531],[-76.97114,-6.07523],[-76.97114,-6.07519],[-76.97107,-6.07517],[-76.971,-6.07516],[-76.97092,-6.07512],[-76.97085,-6.07504],[-76.97079,-6.07502],[-76.97075,-6.075],[-76.9707,-6.07499],[-76.97057,-6.07493],[-76.97045,-6.07489],[-76.97037,-6.07485],[-76.97028,-6.07482],[-76.97018,-6.07479],[-76.97024,-6.07468],[-76.97036,-6.07471],[-76.97044,-6.07475],[-76.97053,-6.0748],[-76.97062,-6.07483],[-76.97075,-6.07488],[-76.97079,-6.07489],[-76.97083,-6.07491],[-76.97091,-6.07494],[-76.97099,-6.07503],[-76.97106,-6.07505],[-76.97113,-6.07507],[-76.97126,-6.07516],[-76.97126,-6.07525],[-76.97124,-6.07535],[-76.97117,-6.07549],[-76.97113,-6.07562],[-76.97103,-6.07576],[-76.97092,-6.07598],[-76.97094,-6.07606],[-76.97094,-6.07614],[-76.97092,-6.07621],[-76.97088,-6.07626],[-76.97082,-6.0764],[-76.97074,-6.07656],[-76.97075,-6.07662],[-76.97076,-6.07669],[-76.97076,-6.07685],[-76.97072,-6.07717],[-76.9707,-6.07727],[-76.97067,-6.07737],[-76.9707,-6.07739],[-76.9706,-6.07761]]]}},{"type":"Feature","properties":{"Name":"U.H. CUENCA MAYO-MOYOBAMBA","description":"","OBJECTID":"186574","CODIGO":"FM000008","NOMBRE":"U.H. CUENCA MAYO-MOYOBAMBA","CATEGORI":" ","CLASE":" ","ZONA":"18","HAS":"3.5501","ZONEX":"18","NORMA":"LEY N\u00b0 29338","ARCHIVO":"MM26M4809","FEC_ING":"13/03/2026","ENTIDAD":"AUTORIDAD NACIONAL DEL AGUA","USO":" ","EST_GRAF":"SIN INF. COMPLETA","LEYENDA":"SIN INF. COMPLETA","SHAPE.AREA":"2.899541161276e-06","SHAPE.LEN":"0.0244108668003533","FEC_PUB":"1238475600000","MINERIA":"NO","TP_AREA":"FAJA MARGINAL","ORDENANZA":" ","NM_AREA":"U.H. CUENCA MAYO-MOYOBAMBA - FAJA MARGINAL","CREATOR":"WVAL0398","CREATIONDA":"1773411297000","EDITOR":"WVAL0398","EDITDATE":"1773411297000","IDENTI":"7cc5173dcc034cbb9fc50e374591750f","ESTILO":"ZONA RESERVADA"},"geometry":{"type":"Polygon","coordinates":[[[-76.89585,-6.15904],[-76.89559,-6.15902],[-76.89536,-6.15883],[-76.8953,-6.15866],[-76.89523,-6.15838],[-76.89505,-6.1582],[-76.89506,-6.1581],[-76.89443,-6.15772],[-76.89401,-6.15717],[-76.89388,-6.15683],[-76.89389,-6.15608],[-76.89383,-6.15532],[-76.89387,-6.15512],[-76.8938,-6.15464],[-76.8936,-6.15438],[-76.89288,-6.15405],[-76.89237,-6.15385],[-76.89235,-6.15376],[-76.89207,-6.1535],[-76.89218,-6.15336],[-76.89244,-6.15365],[-76.89263,-6.15367],[-76.89303,-6.15382],[-76.89377,-6.15414],[-76.89407,-6.15446],[-76.89411,-6.15538],[-76.89415,-6.15629],[-76.8942,-6.15694],[-76.89449,-6.1574],[-76.8949,-6.15766],[-76.89529,-6.15799],[-76.89549,-6.15825],[-76.89559,-6.15854],[-76.89558,-6.15869],[-76.89572,-6.15878],[-76.89601,-6.15875],[-76.89646,-6.15883],[-76.89688,-6.15892],[-76.89714,-6.1589],[-76.89754,-6.15891],[-76.89777,-6.15911],[-76.89814,-6.15898],[-76.89824,-6.15898],[-76.89853,-6.15907],[-76.89891,-6.15897],[-76.89907,-6.1587],[-76.89919,-6.15861],[-76.89946,-6.1586],[-76.89992,-6.15842],[-76.89997,-6.15859],[-76.89979,-6.15863],[-76.89957,-6.15878],[-76.89929,-6.15878],[-76.8992,-6.15889],[-76.89902,-6.15912],[-76.89851,-6.15922],[-76.89821,-6.15913],[-76.89803,-6.15921],[-76.89773,-6.15935],[-76.89759,-6.15921],[-76.89743,-6.15911],[-76.89735,-6.15905],[-76.89721,-6.15916],[-76.89704,-6.15929],[-76.89678,-6.15929],[-76.89668,-6.15912],[-76.89638,-6.15905],[-76.89609,-6.15893],[-76.89585,-6.15904]]]}},{"type":"Feature","properties":{"Name":"U.H. CUENCA MAYO-MOYOBAMBA","description":"","OBJECTID":"186575","CODIGO":"FM000008","NOMBRE":"U.H. CUENCA MAYO-MOYOBAMBA","CATEGORI":" ","CLASE":" ","ZONA":"18","HAS":"11.509500000000001","ZONEX":"18","NORMA":"LEY N\u00b0 29338","ARCHIVO":"MM26M4809","FEC_ING":"13/03/2026","ENTIDAD":"AUTORIDAD NACIONAL DEL AGUA","USO":" ","EST_GRAF":"SIN INF. COMPLETA","LEYENDA":"SIN INF. COMPLETA","SHAPE.AREA":"9.397916376068001e-06","SHAPE.LEN":"0.103159768688135","FEC_PUB":"1238475600000","MINERIA":"NO","TP_AREA":"FAJA MARGINAL","ORDENANZA":" ","NM_AREA":"U.H. CUENCA MAYO-MOYOBAMBA - FAJA MARGINAL","CREATOR":"WVAL0398","CREATIONDA":"1773411297000","EDITOR":"WVAL0398","EDITDATE":"1773411297000","IDENTI":"7fa464b605394ba2aaa63e147eed8368","ESTILO":"ZONA RESERVADA"},"geometry":{"type":"Polygon","coordinates":[[[-77.11735,-6.13193],[-77.1176,-6.13181],[-77.11783,-6.13174],[-77.11808,-6.13179],[-77.11841,-6.13202],[-77.11872,-6.13217],[-77.11905,-6.13232],[-77.1194,-6.13235],[-77.11974,-6.1323],[-77.11977,-6.13249],[-77.1194,-6.13252],[-77.119,-6.13248],[-77.11866,-6.13234],[-77.11837,-6.1322],[-77.11801,-6.13207],[-77.11782,-6.132],[-77.11764,-6.13201],[-77.11744,-6.13215],[-77.11746,-6.13233],[-77.11754,-6.13254],[-77.11726,-6.13273],[-77.11701,-6.13266],[-77.11686,-6.13256],[-77.11675,-6.13242],[-77.11657,-6.13246],[-77.11647,-6.13266],[-77.11637,-6.13288],[-77.11634,-6.13333],[-77.11636,-6.13352],[-77.11639,-6.13367],[-77.1162,-6.13377],[-77.11596,-6.13378],[-77.11566,-6.13383],[-77.11541,-6.13375],[-77.11534,-6.13382],[-77.11521,-6.13402],[-77.11523,-6.1342],[-77.11507,-6.13434],[-77.11484,-6.13438],[-77.1145,-6.13431],[-77.11428,-6.1344],[-77.11406,-6.1346],[-77.11375,-6.1347],[-77.11294,-6.13482],[-77.11225,-6.13476],[-77.11191,-6.13457],[-77.11179,-6.13451],[-77.11171,-6.13445],[-77.11164,-6.13452],[-77.11159,-6.13461],[-77.11143,-6.13485],[-77.11126,-6.1352],[-77.1112,-6.13545],[-77.11102,-6.13567],[-77.11092,-6.13581],[-77.11089,-6.13589],[-77.11099,-6.13602],[-77.11109,-6.13624],[-77.11112,-6.13658],[-77.11117,-6.13686],[-77.11118,-6.13722],[-77.11099,-6.13739],[-77.11096,-6.13786],[-77.11059,-6.13821],[-77.11049,-6.13845],[-77.11027,-6.13891],[-77.10969,-6.13935],[-77.10927,-6.13965],[-77.10889,-6.13988],[-77.10875,-6.13994],[-77.10823,-6.14024],[-77.10816,-6.14045],[-77.10813,-6.1407],[-77.1081,-6.14106],[-77.10815,-6.14126],[-77.10817,-6.14134],[-77.10822,-6.14168],[-77.10801,-6.14202],[-77.10797,-6.14211],[-77.10791,-6.14244],[-77.10781,-6.14276],[-77.10778,-6.14273],[-77.10776,-6.14277],[-77.10759,-6.14281],[-77.10745,-6.14308],[-77.10738,-6.14312],[-77.1074,-6.14341],[-77.10722,-6.14372],[-77.10701,-6.14396],[-77.10674,-6.14406],[-77.1066,-6.14414],[-77.10664,-6.14434],[-77.10664,-6.14452],[-77.10649,-6.14466],[-77.10623,-6.14485],[-77.10596,-6.14488],[-77.1058,-6.14497],[-77.10563,-6.145],[-77.10529,-6.14518],[-77.10518,-6.14548],[-77.10512,-6.14574],[-77.1051,-6.14602],[-77.10514,-6.14618],[-77.1052,-6.1464],[-77.10521,-6.14669],[-77.10499,-6.14687],[-77.10482,-6.14697],[-77.10466,-6.14709],[-77.10446,-6.14715],[-77.10436,-6.14719],[-77.10417,-6.14741],[-77.10409,-6.1477],[-77.10395,-6.14779],[-77.1038,-6.14779],[-77.10379,-6.14784],[-77.1038,-6.14806],[-77.10397,-6.14813],[-77.10401,-6.14834],[-77.10384,-6.14853],[-77.10383,-6.14862],[-77.10382,-6.14884],[-77.10376,-6.14892],[-77.10366,-6.14898],[-77.10358,-6.14901],[-77.10352,-6.14929],[-77.10344,-6.1494],[-77.10347,-6.1495],[-77.10341,-6.14967],[-77.1033,-6.14976],[-77.10321,-6.14988],[-77.10293,-6.14983],[-77.10285,-6.14997],[-77.10277,-6.15018],[-77.1025,-6.15034],[-77.10238,-6.15042],[-77.10242,-6.15053],[-77.1023,-6.1507],[-77.10211,-6.15067],[-77.10206,-6.15066],[-77.10206,-6.15068],[-77.10216,-6.15079],[-77.1022,-6.15089],[-77.10216,-6.15101],[-77.10197,-6.15119],[-77.10184,-6.15136],[-77.10166,-6.15157],[-77.10167,-6.15166],[-77.10171,-6.15176],[-77.10166,-6.15182],[-77.10159,-6.15184],[-77.10145,-6.15181],[-77.10137,-6.15192],[-77.10138,-6.1521],[-77.10148,-6.15242],[-77.10141,-6.1528],[-77.10107,-6.15299],[-77.10055,-6.15342],[-77.1005,-6.15365],[-77.10055,-6.15384],[-77.1005,-6.15403],[-77.10017,-6.15443],[-77.09988,-6.15487],[-77.09961,-6.15493],[-77.0995,-6.15508],[-77.09947,-6.15522],[-77.09945,-6.15528],[-77.09952,-6.15539],[-77.09939,-6.15556],[-77.09935,-6.1556],[-77.0993,-6.15562],[-77.09933,-6.15563],[-77.09937,-6.15566],[-77.09944,-6.15574],[-77.09934,-6.15591],[-77.09928,-6.156],[-77.09932,-6.15606],[-77.09939,-6.15618],[-77.09927,-6.15645],[-77.09917,-6.15655],[-77.09911,-6.15666],[-77.0991,-6.15696],[-77.09885,-6.15749],[-77.0987,-6.15755],[-77.09865,-6.15768],[-77.09851,-6.15768],[-77.09831,-6.15784],[-77.09821,-6.15797],[-77.09822,-6.15807],[-77.09812,-6.15811],[-77.098,-6.15809],[-77.09798,-6.15812],[-77.09796,-6.15835],[-77.09797,-6.15867],[-77.098,-6.15876],[-77.09797,-6.15887],[-77.09802,-6.15896],[-77.09821,-6.15923],[-77.09813,-6.15941],[-77.09818,-6.15959],[-77.09818,-6.15967],[-77.09813,-6.15975],[-77.09816,-6.15985],[-77.09811,-6.15993],[-77.09804,-6.15999],[-77.09816,-6.16025],[-77.09803,-6.16043],[-77.09787,-6.16059],[-77.09806,-6.16091],[-77.09825,-6.1613],[-77.09812,-6.16166],[-77.09801,-6.16199],[-77.09787,-6.16233],[-77.0976,-6.16258],[-77.09731,-6.16281],[-77.0971,-6.16332],[-77.097,-6.16384],[-77.09714,-6.16448],[-77.09714,-6.16484],[-77.09697,-6.16558],[-77.09696,-6.16593],[-77.09684,-6.1661],[-77.09673,-6.16601],[-77.0968,-6.16588],[-77.09682,-6.16556],[-77.09701,-6.16485],[-77.09701,-6.1645],[-77.09686,-6.16384],[-77.09696,-6.16327],[-77.09721,-6.16273],[-77.0975,-6.16247],[-77.09776,-6.16225],[-77.09787,-6.16194],[-77.09797,-6.16161],[-77.09809,-6.1613],[-77.09792,-6.16098],[-77.0977,-6.16056],[-77.09791,-6.16031],[-77.09797,-6.16022],[-77.0979,-6.16013],[-77.09781,-6.15997],[-77.09791,-6.15983],[-77.09786,-6.15974],[-77.09798,-6.15959],[-77.09798,-6.15936],[-77.09806,-6.15925],[-77.0979,-6.15906],[-77.09782,-6.15894],[-77.09782,-6.15881],[-77.0978,-6.15874],[-77.09779,-6.15833],[-77.09782,-6.15802],[-77.09791,-6.1579],[-77.09806,-6.15791],[-77.09821,-6.15771],[-77.09844,-6.15754],[-77.09852,-6.15754],[-77.09858,-6.15743],[-77.09874,-6.15738],[-77.09894,-6.1569],[-77.09891,-6.15658],[-77.09902,-6.15649],[-77.09912,-6.15636],[-77.09923,-6.15618],[-77.09921,-6.15615],[-77.09911,-6.15601],[-77.09917,-6.15589],[-77.0992,-6.15582],[-77.0992,-6.15579],[-77.09908,-6.15576],[-77.09904,-6.15561],[-77.09917,-6.1555],[-77.09927,-6.15541],[-77.09926,-6.1553],[-77.09935,-6.15501],[-77.09954,-6.15479],[-77.09978,-6.15474],[-77.10004,-6.15431],[-77.1003,-6.15396],[-77.10039,-6.15384],[-77.10034,-6.15365],[-77.10041,-6.15334],[-77.10102,-6.15284],[-77.10127,-6.15268],[-77.10128,-6.15245],[-77.10124,-6.15214],[-77.1012,-6.15186],[-77.10133,-6.1517],[-77.10138,-6.15165],[-77.10145,-6.15164],[-77.10148,-6.15155],[-77.10154,-6.15146],[-77.1017,-6.15126],[-77.1018,-6.15111],[-77.1019,-6.15102],[-77.10198,-6.15098],[-77.102,-6.15095],[-77.10197,-6.1509],[-77.10194,-6.15082],[-77.10182,-6.15073],[-77.10176,-6.1506],[-77.10182,-6.15045],[-77.10196,-6.15044],[-77.10205,-6.15048],[-77.10215,-6.15047],[-77.10224,-6.15032],[-77.10242,-6.15011],[-77.10242,-6.14999],[-77.10256,-6.14988],[-77.1027,-6.14982],[-77.10275,-6.1497],[-77.10287,-6.14961],[-77.1031,-6.14966],[-77.10317,-6.14962],[-77.10323,-6.14956],[-77.10321,-6.14944],[-77.10322,-6.1493],[-77.10332,-6.14919],[-77.10336,-6.14908],[-77.1033,-6.14892],[-77.10336,-6.14879],[-77.10348,-6.14873],[-77.10358,-6.14876],[-77.10362,-6.14876],[-77.10364,-6.14874],[-77.10363,-6.14864],[-77.10363,-6.14841],[-77.10369,-6.14827],[-77.10364,-6.14826],[-77.10359,-6.14813],[-77.10361,-6.14799],[-77.10359,-6.14782],[-77.10351,-6.14768],[-77.10362,-6.14754],[-77.1039,-6.14749],[-77.10399,-6.14729],[-77.10424,-6.147],[-77.10442,-6.14693],[-77.10457,-6.14691],[-77.1047,-6.14681],[-77.1049,-6.1467],[-77.10505,-6.1466],[-77.10503,-6.14644],[-77.1049,-6.14622],[-77.10486,-6.14605],[-77.10493,-6.14567],[-77.10498,-6.14543],[-77.10516,-6.14507],[-77.10555,-6.14483],[-77.10573,-6.14478],[-77.10593,-6.14464],[-77.10617,-6.14466],[-77.10646,-6.14444],[-77.10641,-6.14406],[-77.10664,-6.1439],[-77.1069,-6.1438],[-77.10708,-6.14361],[-77.10724,-6.14339],[-77.10726,-6.14303],[-77.10736,-6.14297],[-77.10751,-6.14267],[-77.10771,-6.14263],[-77.10776,-6.14239],[-77.10783,-6.14206],[-77.10788,-6.14191],[-77.10805,-6.14167],[-77.10802,-6.14139],[-77.10798,-6.14124],[-77.10795,-6.14109],[-77.10798,-6.14069],[-77.108,-6.14042],[-77.10812,-6.14012],[-77.10864,-6.13984],[-77.10881,-6.13971],[-77.10917,-6.13953],[-77.10958,-6.13924],[-77.11015,-6.13882],[-77.11036,-6.1383],[-77.11043,-6.1381],[-77.11078,-6.13777],[-77.11086,-6.13732],[-77.11102,-6.13716],[-77.111,-6.13688],[-77.11097,-6.13661],[-77.11093,-6.13628],[-77.11084,-6.13609],[-77.11068,-6.13584],[-77.11088,-6.13555],[-77.11106,-6.13537],[-77.11109,-6.13514],[-77.1113,-6.13476],[-77.1114,-6.13448],[-77.11149,-6.13431],[-77.11161,-6.13418],[-77.11182,-6.13426],[-77.11197,-6.13439],[-77.11242,-6.13451],[-77.11294,-6.1346],[-77.11366,-6.13445],[-77.11395,-6.1344],[-77.11418,-6.13421],[-77.11451,-6.1341],[-77.11488,-6.13414],[-77.11499,-6.13411],[-77.11499,-6.13401],[-77.11511,-6.13371],[-77.11529,-6.13346],[-77.11555,-6.13347],[-77.11571,-6.13362],[-77.11596,-6.1336],[-77.11605,-6.13357],[-77.11616,-6.1335],[-77.11617,-6.13334],[-77.1162,-6.13287],[-77.11631,-6.13257],[-77.11646,-6.13227],[-77.11663,-6.1322],[-77.11685,-6.13221],[-77.11709,-6.13252],[-77.11725,-6.13248],[-77.11723,-6.13239],[-77.11718,-6.13226],[-77.11721,-6.13207],[-77.11735,-6.13193]]]}},{"type":"Feature","properties":{"Name":"U.H. CUENCA MAYO-MOYOBAMBA","description":"","OBJECTID":"186576","CODIGO":"FM000008","NOMBRE":"U.H. CUENCA MAYO-MOYOBAMBA","CATEGORI":" ","CLASE":" ","ZONA":"18","HAS":"1.5007000000000001","ZONEX":"18","NORMA":"LEY N\u00b0 29338","ARCHIVO":"MM26M4809","FEC_ING":"13/03/2026","ENTIDAD":"AUTORIDAD NACIONAL DEL AGUA","USO":" ","EST_GRAF":"SIN INF. COMPLETA","LEYENDA":"SIN INF. COMPLETA","SHAPE.AREA":"1.225208064239e-06","SHAPE.LEN":"0.013908229308191","FEC_PUB":"1238475600000","MINERIA":"NO","TP_AREA":"FAJA MARGINAL","ORDENANZA":" ","NM_AREA":"U.H. CUENCA MAYO-MOYOBAMBA - FAJA MARGINAL","CREATOR":"WVAL0398","CREATIONDA":"1773411297000","EDITOR":"WVAL0398","EDITDATE":"1773411297000","IDENTI":"d5ae82b668de4b73a20db1a26c7fa2e6","ESTILO":"ZONA RESERVADA"},"geometry":{"type":"Polygon","coordinates":[[[-76.97639,-5.98209],[-76.97623,-5.98215],[-76.97602,-5.98179],[-76.97588,-5.98146],[-76.97503,-5.98116],[-76.97492,-5.98111],[-76.97485,-5.981],[-76.97484,-5.98077],[-76.97462,-5.98043],[-76.97435,-5.98003],[-76.97386,-5.98017],[-76.97329,-5.97992],[-76.97308,-5.97964],[-76.97275,-5.97961],[-76.97229,-5.97973],[-76.97173,-5.97945],[-76.97102,-5.97911],[-76.97112,-5.97897],[-76.97195,-5.97932],[-76.97231,-5.9795],[-76.97269,-5.97944],[-76.97318,-5.97949],[-76.97339,-5.97977],[-76.97356,-5.97983],[-76.97379,-5.97999],[-76.97442,-5.97987],[-76.97496,-5.98061],[-76.97503,-5.98075],[-76.97505,-5.98098],[-76.97586,-5.98123],[-76.97611,-5.98151],[-76.97639,-5.98209]]]}},{"type":"Feature","properties":{"Name":"U.H. CUENCA MAYO-MOYOBAMBA","description":"","OBJECTID":"186577","CODIGO":"FM000008","NOMBRE":"U.H. CUENCA MAYO-MOYOBAMBA","CATEGORI":" ","CLASE":" ","ZONA":"18","HAS":"3.3896","ZONEX":"18","NORMA":"LEY N\u00b0 29338","ARCHIVO":"MM26M4809","FEC_ING":"13/03/2026","ENTIDAD":"AUTORIDAD NACIONAL DEL AGUA","USO":" ","EST_GRAF":"SIN INF. COMPLETA","LEYENDA":"SIN INF. COMPLETA","SHAPE.AREA":"2.7676936635455e-06","SHAPE.LEN":"0.022575574351155","FEC_PUB":"1238475600000","MINERIA":"NO","TP_AREA":"FAJA MARGINAL","ORDENANZA":" ","NM_AREA":"U.H. CUENCA MAYO-MOYOBAMBA - FAJA MARGINAL","CREATOR":"WVAL0398","CREATIONDA":"1773411297000","EDITOR":"WVAL0398","EDITDATE":"1773411297000","IDENTI":"039178dab7b14ea493caf906832ba9b6","ESTILO":"ZONA RESERVADA"},"geometry":{"type":"Polygon","coordinates":[[[-76.97842,-6.03855],[-76.97814,-6.03896],[-76.97801,-6.03963],[-76.97786,-6.03986],[-76.97766,-6.04023],[-76.97731,-6.04035],[-76.97727,-6.04072],[-76.97717,-6.04122],[-76.97712,-6.0418],[-76.97721,-6.04252],[-76.97756,-6.04306],[-76.97767,-6.04365],[-76.97773,-6.04424],[-76.97751,-6.04468],[-76.9774,-6.04492],[-76.9769,-6.04525],[-76.97651,-6.04546],[-76.97615,-6.04566],[-76.97608,-6.04581],[-76.97626,-6.04632],[-76.97634,-6.04669],[-76.97632,-6.04705],[-76.97628,-6.04733],[-76.97624,-6.04757],[-76.97596,-6.04796],[-76.97582,-6.0481],[-76.97569,-6.04792],[-76.97597,-6.04753],[-76.97605,-6.04721],[-76.97605,-6.04702],[-76.97604,-6.04672],[-76.97598,-6.04638],[-76.97581,-6.04587],[-76.97605,-6.04544],[-76.97643,-6.04519],[-76.97684,-6.04499],[-76.97722,-6.04484],[-76.97736,-6.0446],[-76.97756,-6.04419],[-76.97745,-6.0437],[-76.97732,-6.04324],[-76.97692,-6.04258],[-76.97681,-6.04179],[-76.97687,-6.04117],[-76.97701,-6.04067],[-76.97704,-6.04029],[-76.97712,-6.0402],[-76.97739,-6.04018],[-76.97758,-6.0398],[-76.97774,-6.03958],[-76.97787,-6.03892],[-76.97842,-6.03855]]]}},{"type":"Feature","properties":{"Name":"U.H. CUENCA MAYO-MOYOBAMBA","description":"","OBJECTID":"186578","CODIGO":"FM000008","NOMBRE":"U.H. CUENCA MAYO-MOYOBAMBA","CATEGORI":" ","CLASE":" ","ZONA":"18","HAS":"7.4721","ZONEX":"18","NORMA":"LEY N\u00b0 29338","ARCHIVO":"MM26M4809","FEC_ING":"13/03/2026","ENTIDAD":"AUTORIDAD NACIONAL DEL AGUA","USO":" ","EST_GRAF":"SIN INF. COMPLETA","LEYENDA":"SIN INF. COMPLETA","SHAPE.AREA":"6.1012253361235005e-06","SHAPE.LEN":"0.0225002931044101","FEC_PUB":"1238475600000","MINERIA":"NO","TP_AREA":"FAJA MARGINAL","ORDENANZA":" ","NM_AREA":"U.H. CUENCA MAYO-MOYOBAMBA - FAJA MARGINAL","CREATOR":"WVAL0398","CREATIONDA":"1773411297000","EDITOR":"WVAL0398","EDITDATE":"1773411297000","IDENTI":"a8fbb0d3c5a14ec5ac83e903768b1ca7","ESTILO":"ZONA RESERVADA"},"geometry":{"type":"Polygon","coordinates":[[[-76.97972,-6.06013],[-76.97958,-6.06047],[-76.97951,-6.06087],[-76.97962,-6.06194],[-76.9796,-6.06238],[-76.97966,-6.06253],[-76.97969,-6.06298],[-76.97993,-6.0633],[-76.97997,-6.0635],[-76.98002,-6.06359],[-76.9801,-6.0637],[-76.9801,-6.06393],[-76.98018,-6.06405],[-76.98032,-6.06433],[-76.98034,-6.06466],[-76.98028,-6.06498],[-76.98012,-6.06536],[-76.97987,-6.06559],[-76.97967,-6.06566],[-76.97961,-6.06571],[-76.97956,-6.06579],[-76.97952,-6.06591],[-76.97947,-6.06606],[-76.97951,-6.06622],[-76.97958,-6.06637],[-76.97957,-6.06654],[-76.97952,-6.06669],[-76.97945,-6.06685],[-76.97935,-6.06698],[-76.97927,-6.06708],[-76.9792,-6.0672],[-76.97918,-6.06735],[-76.97923,-6.06767],[-76.97912,-6.06802],[-76.979,-6.06812],[-76.97883,-6.06818],[-76.97866,-6.06811],[-76.97857,-6.068],[-76.97851,-6.06778],[-76.97859,-6.06762],[-76.97862,-6.06747],[-76.9787,-6.06731],[-76.97886,-6.06716],[-76.97911,-6.06683],[-76.97918,-6.06669],[-76.97926,-6.06657],[-76.97929,-6.06648],[-76.97928,-6.06643],[-76.9792,-6.06626],[-76.9792,-6.06606],[-76.97924,-6.06592],[-76.9793,-6.06582],[-76.9793,-6.06573],[-76.97932,-6.06556],[-76.9794,-6.06539],[-76.97949,-6.06531],[-76.97953,-6.06516],[-76.97966,-6.06499],[-76.97967,-6.06486],[-76.97969,-6.06473],[-76.97968,-6.06458],[-76.97966,-6.06449],[-76.97961,-6.0644],[-76.97954,-6.06432],[-76.97945,-6.06417],[-76.97928,-6.06395],[-76.97914,-6.06363],[-76.97902,-6.06327],[-76.97906,-6.06245],[-76.97911,-6.06202],[-76.97901,-6.06171],[-76.97904,-6.06149],[-76.97897,-6.0613],[-76.97885,-6.06115],[-76.9788,-6.06091],[-76.97889,-6.0607],[-76.97901,-6.06044],[-76.97907,-6.05999],[-76.97908,-6.05993],[-76.97906,-6.05974],[-76.97905,-6.05944],[-76.97897,-6.05923],[-76.97888,-6.05908],[-76.97886,-6.05896],[-76.97889,-6.0588],[-76.97893,-6.05865],[-76.97895,-6.05859],[-76.97898,-6.05853],[-76.97909,-6.05843],[-76.97911,-6.05841],[-76.97915,-6.05837],[-76.97921,-6.05833],[-76.97923,-6.05829],[-76.97925,-6.05824],[-76.97928,-6.0582],[-76.97925,-6.05819],[-76.97925,-6.05816],[-76.97943,-6.05803],[-76.97957,-6.05812],[-76.97963,-6.05837],[-76.97962,-6.05862],[-76.97957,-6.05875],[-76.97963,-6.05891],[-76.97978,-6.05938],[-76.97984,-6.05973],[-76.97972,-6.06013]]]}},{"type":"Feature","properties":{"Name":"U.H. CUENCA MAYO-MOYOBAMBA","description":"","OBJECTID":"186582","CODIGO":"FM000008","NOMBRE":"U.H. CUENCA MAYO-MOYOBAMBA","CATEGORI":" ","CLASE":" ","ZONA":"18","HAS":"4.9714","ZONEX":"18","NORMA":"LEY N\u00b0 29338","ARCHIVO":"MM26M4809","FEC_ING":"13/03/2026","ENTIDAD":"AUTORIDAD NACIONAL DEL AGUA","USO":" ","EST_GRAF":"SIN INF. COMPLETA","LEYENDA":"SIN INF. COMPLETA","SHAPE.AREA":"4.059988473085e-06","SHAPE.LEN":"0.0475338761323181","FEC_PUB":"1238475600000","MINERIA":"NO","TP_AREA":"FAJA MARGINAL","ORDENANZA":" ","NM_AREA":"U.H. CUENCA MAYO-MOYOBAMBA - FAJA MARGINAL","CREATOR":"WVAL0398","CREATIONDA":"1773411297000","EDITOR":"WVAL0398","EDITDATE":"1773411297000","IDENTI":"b1518a8547d540b499ca7c9dd3ae045b","ESTILO":"ZONA RESERVADA"},"geometry":{"type":"Polygon","coordinates":[[[-76.91907,-6.10754],[-76.91929,-6.10831],[-76.91947,-6.10931],[-76.91879,-6.10994],[-76.91885,-6.11051],[-76.91907,-6.11139],[-76.91891,-6.11234],[-76.91853,-6.113],[-76.91895,-6.11368],[-76.91923,-6.11464],[-76.91901,-6.11532],[-76.91913,-6.11617],[-76.91929,-6.11692],[-76.91973,-6.11776],[-76.91963,-6.11852],[-76.9198,-6.11934],[-76.9201,-6.11965],[-76.91997,-6.11976],[-76.91968,-6.11944],[-76.91948,-6.11847],[-76.9196,-6.11783],[-76.91914,-6.11699],[-76.91896,-6.11615],[-76.91884,-6.11532],[-76.91901,-6.11463],[-76.91878,-6.11379],[-76.91831,-6.11305],[-76.91868,-6.11219],[-76.91886,-6.1114],[-76.91867,-6.11061],[-76.91862,-6.10977],[-76.91929,-6.10924],[-76.91914,-6.10843],[-76.91884,-6.10757],[-76.91827,-6.10721],[-76.91819,-6.10664],[-76.91812,-6.10654],[-76.91798,-6.10666],[-76.91713,-6.10672],[-76.91614,-6.10663],[-76.91524,-6.10606],[-76.91473,-6.1056],[-76.91409,-6.1049],[-76.91435,-6.10408],[-76.91453,-6.10408],[-76.91427,-6.1048],[-76.91486,-6.10548],[-76.91545,-6.10603],[-76.91621,-6.10647],[-76.91708,-6.10655],[-76.91797,-6.1064],[-76.9184,-6.10604],[-76.91844,-6.10561],[-76.91848,-6.10534],[-76.91835,-6.1049],[-76.91827,-6.10455],[-76.91839,-6.1041],[-76.91853,-6.10376],[-76.91832,-6.10363],[-76.91829,-6.10319],[-76.9184,-6.10315],[-76.9184,-6.10355],[-76.91868,-6.10383],[-76.9185,-6.10414],[-76.91839,-6.10452],[-76.91851,-6.10489],[-76.91861,-6.10527],[-76.91861,-6.1057],[-76.91852,-6.10608],[-76.91831,-6.10633],[-76.91819,-6.10651],[-76.91825,-6.1066],[-76.91845,-6.10709],[-76.91907,-6.10754]]]}},{"type":"Feature","properties":{"Name":"U.H. CUENCA MAYO-MOYOBAMBA","description":"","OBJECTID":"186583","CODIGO":"FM000008","NOMBRE":"U.H. CUENCA MAYO-MOYOBAMBA","CATEGORI":" ","CLASE":" ","ZONA":"18","HAS":"3.1552000000000002","ZONEX":"18","NORMA":"LEY N\u00b0 29338","ARCHIVO":"MM26M4809","FEC_ING":"13/03/2026","ENTIDAD":"AUTORIDAD NACIONAL DEL AGUA","USO":" ","EST_GRAF":"SIN INF. COMPLETA","LEYENDA":"SIN INF. COMPLETA","SHAPE.AREA":"2.5771195606190003e-06","SHAPE.LEN":"0.0164273013794763","FEC_PUB":"1238475600000","MINERIA":"NO","TP_AREA":"FAJA MARGINAL","ORDENANZA":" ","NM_AREA":"U.H. CUENCA MAYO-MOYOBAMBA - FAJA MARGINAL","CREATOR":"WVAL0398","CREATIONDA":"1773411297000","EDITOR":"WVAL0398","EDITDATE":"1773411297000","IDENTI":"e0b6a6025edd410ea2a76ed80176d56f","ESTILO":"ZONA RESERVADA"},"geometry":{"type":"Polygon","coordinates":[[[-76.83783,-6.14767],[-76.83781,-6.14749],[-76.83779,-6.14737],[-76.83781,-6.14726],[-76.83774,-6.1472],[-76.83753,-6.1472],[-76.8374,-6.14727],[-76.83719,-6.1474],[-76.83691,-6.14747],[-76.83675,-6.14756],[-76.8366,-6.14758],[-76.8365,-6.1476],[-76.83638,-6.14758],[-76.83626,-6.1475],[-76.83623,-6.14739],[-76.83624,-6.14717],[-76.83625,-6.14697],[-76.83625,-6.14695],[-76.83621,-6.1469],[-76.83637,-6.14673],[-76.83655,-6.14686],[-76.83657,-6.14703],[-76.83653,-6.14718],[-76.83651,-6.14731],[-76.83661,-6.14728],[-76.83678,-6.14721],[-76.83693,-6.1472],[-76.83708,-6.14714],[-76.83717,-6.14707],[-76.83734,-6.14698],[-76.83743,-6.14697],[-76.83752,-6.14692],[-76.83773,-6.14692],[-76.83789,-6.14696],[-76.83793,-6.14699],[-76.83803,-6.14717],[-76.83804,-6.14739],[-76.83804,-6.14747],[-76.83808,-6.14751],[-76.83835,-6.14756],[-76.83855,-6.14753],[-76.83876,-6.14756],[-76.83885,-6.14759],[-76.83895,-6.14751],[-76.83916,-6.14755],[-76.83926,-6.14759],[-76.8393,-6.14759],[-76.83935,-6.14755],[-76.83948,-6.14749],[-76.8396,-6.14749],[-76.83989,-6.14747],[-76.84007,-6.14747],[-76.84041,-6.14736],[-76.84056,-6.14732],[-76.84072,-6.14719],[-76.841,-6.14693],[-76.84125,-6.14681],[-76.84144,-6.14679],[-76.84166,-6.14675],[-76.84178,-6.14671],[-76.8419,-6.14672],[-76.84208,-6.14674],[-76.84224,-6.14676],[-76.84231,-6.14681],[-76.84239,-6.14683],[-76.84255,-6.14683],[-76.84278,-6.14717],[-76.8427,-6.14723],[-76.84254,-6.14735],[-76.84234,-6.14725],[-76.84224,-6.14717],[-76.84211,-6.14708],[-76.84204,-6.14705],[-76.84194,-6.147],[-76.84189,-6.14698],[-76.84175,-6.14698],[-76.84153,-6.14706],[-76.8414,-6.14719],[-76.84125,-6.14727],[-76.84089,-6.14759],[-76.84067,-6.14769],[-76.84045,-6.14776],[-76.84036,-6.1478],[-76.84016,-6.14785],[-76.84005,-6.14787],[-76.8399,-6.14786],[-76.83968,-6.14788],[-76.83955,-6.14795],[-76.83941,-6.14798],[-76.83921,-6.14797],[-76.8389,-6.14793],[-76.83882,-6.14782],[-76.83865,-6.1478],[-76.83858,-6.14779],[-76.83836,-6.14779],[-76.83819,-6.14782],[-76.83802,-6.14783],[-76.83793,-6.14778],[-76.83783,-6.14767]]]}},{"type":"Feature","properties":{"Name":"U.H. CUENCA MAYO-MOYOBAMBA","description":"","OBJECTID":"186584","CODIGO":"FM000008","NOMBRE":"U.H. CUENCA MAYO-MOYOBAMBA","CATEGORI":" ","CLASE":" ","ZONA":"18","HAS":"5.4813","ZONEX":"18","NORMA":"LEY N\u00b0 29338","ARCHIVO":"MM26M4809","FEC_ING":"13/03/2026","ENTIDAD":"AUTORIDAD NACIONAL DEL AGUA","USO":" ","EST_GRAF":"SIN INF. COMPLETA","LEYENDA":"SIN INF. COMPLETA","SHAPE.AREA":"4.47601208808e-06","SHAPE.LEN":"0.0205979360891752","FEC_PUB":"1238475600000","MINERIA":"NO","TP_AREA":"FAJA MARGINAL","ORDENANZA":" ","NM_AREA":"U.H. CUENCA MAYO-MOYOBAMBA - FAJA MARGINAL","CREATOR":"WVAL0398","CREATIONDA":"1773411297000","EDITOR":"WVAL0398","EDITDATE":"1773411297000","IDENTI":"48be69b253da4e89848c0a90215d8d06","ESTILO":"ZONA RESERVADA"},"geometry":{"type":"Polygon","coordinates":[[[-77.18095,-6.23693],[-77.18096,-6.23702],[-77.18099,-6.23711],[-77.18102,-6.2372],[-77.18103,-6.23729],[-77.18109,-6.23735],[-77.18115,-6.23742],[-77.18118,-6.2375],[-77.1812,-6.23759],[-77.18121,-6.23768],[-77.1812,-6.23776],[-77.18118,-6.23785],[-77.18122,-6.23794],[-77.18126,-6.23803],[-77.18129,-6.2381],[-77.18134,-6.23818],[-77.18137,-6.23827],[-77.18137,-6.23836],[-77.1814,-6.23843],[-77.18146,-6.2385],[-77.18152,-6.23857],[-77.18157,-6.23865],[-77.18163,-6.23871],[-77.18168,-6.23877],[-77.18172,-6.23887],[-77.18177,-6.23894],[-77.18177,-6.23903],[-77.18175,-6.23912],[-77.18173,-6.2392],[-77.18169,-6.23928],[-77.18163,-6.23934],[-77.18158,-6.23948],[-77.18149,-6.23965],[-77.18134,-6.23977],[-77.18122,-6.23984],[-77.18114,-6.2399],[-77.18109,-6.23997],[-77.18102,-6.2401],[-77.18095,-6.24021],[-77.18091,-6.24034],[-77.18087,-6.24043],[-77.18082,-6.24053],[-77.18076,-6.2406],[-77.18068,-6.24069],[-77.18067,-6.24079],[-77.18066,-6.24088],[-77.18063,-6.24101],[-77.18062,-6.24111],[-77.18064,-6.24122],[-77.1806,-6.24132],[-77.18059,-6.2414],[-77.18063,-6.24146],[-77.18067,-6.24155],[-77.18068,-6.24163],[-77.18071,-6.2417],[-77.1807,-6.24185],[-77.18069,-6.24198],[-77.18072,-6.24211],[-77.18071,-6.24229],[-77.18062,-6.2424],[-77.18052,-6.24249],[-77.18049,-6.24256],[-77.18045,-6.24264],[-77.1804,-6.2427],[-77.18035,-6.24277],[-77.1803,-6.24284],[-77.18027,-6.24291],[-77.18024,-6.24298],[-77.18022,-6.24303],[-77.18022,-6.24309],[-77.1802,-6.24315],[-77.1802,-6.2432],[-77.1802,-6.24328],[-77.18022,-6.24334],[-77.1796,-6.24342],[-77.17958,-6.24329],[-77.17958,-6.24319],[-77.17959,-6.24311],[-77.17961,-6.24305],[-77.17961,-6.24292],[-77.17964,-6.24282],[-77.17969,-6.24274],[-77.17973,-6.24267],[-77.17977,-6.24258],[-77.17982,-6.24252],[-77.17987,-6.24244],[-77.17996,-6.24235],[-77.18003,-6.24228],[-77.18007,-6.24221],[-77.18012,-6.24215],[-77.18015,-6.24208],[-77.18018,-6.24204],[-77.18017,-6.24196],[-77.18014,-6.24185],[-77.18012,-6.24179],[-77.18008,-6.2417],[-77.18008,-6.2416],[-77.18005,-6.24148],[-77.18001,-6.24129],[-77.18004,-6.24119],[-77.18006,-6.24104],[-77.18009,-6.24091],[-77.18015,-6.2408],[-77.18017,-6.2407],[-77.18021,-6.24056],[-77.18025,-6.2404],[-77.18038,-6.24027],[-77.18046,-6.24019],[-77.18055,-6.24006],[-77.18065,-6.23998],[-77.18073,-6.23989],[-77.18077,-6.23983],[-77.18082,-6.23976],[-77.18087,-6.23971],[-77.18097,-6.23962],[-77.18106,-6.2396],[-77.18115,-6.23955],[-77.1812,-6.23953],[-77.18126,-6.23947],[-77.18129,-6.23939],[-77.18133,-6.23935],[-77.18135,-6.23927],[-77.1814,-6.23919],[-77.18142,-6.2391],[-77.18145,-6.23902],[-77.18144,-6.23898],[-77.1814,-6.23898],[-77.18132,-6.23898],[-77.18125,-6.23891],[-77.1812,-6.23885],[-77.18115,-6.23877],[-77.18113,-6.23869],[-77.18106,-6.23863],[-77.18101,-6.23857],[-77.18098,-6.23849],[-77.18095,-6.2384],[-77.18092,-6.23832],[-77.18087,-6.23824],[-77.18081,-6.23817],[-77.1808,-6.23809],[-77.18075,-6.23801],[-77.18071,-6.23794],[-77.18071,-6.23785],[-77.18072,-6.23776],[-77.18074,-6.23768],[-77.18069,-6.23759],[-77.18065,-6.23752],[-77.18058,-6.23746],[-77.18053,-6.23739],[-77.18049,-6.23731],[-77.18048,-6.23722],[-77.18042,-6.23715],[-77.18034,-6.23711],[-77.18033,-6.23702],[-77.18037,-6.23694],[-77.18041,-6.23685],[-77.18043,-6.23677],[-77.18041,-6.23669],[-77.18037,-6.23661],[-77.18033,-6.23654],[-77.1803,-6.23645],[-77.18029,-6.23636],[-77.18026,-6.23628],[-77.18026,-6.23619],[-77.18027,-6.2361],[-77.18029,-6.23601],[-77.18024,-6.23595],[-77.18023,-6.23587],[-77.18028,-6.2358],[-77.18033,-6.23572],[-77.18039,-6.23565],[-77.18043,-6.23557],[-77.18048,-6.2355],[-77.18052,-6.23543],[-77.18054,-6.23534],[-77.1806,-6.23528],[-77.1806,-6.23519],[-77.18059,-6.2351],[-77.18059,-6.23501],[-77.18062,-6.23493],[-77.18066,-6.23485],[-77.18067,-6.23477],[-77.18105,-6.23485],[-77.18105,-6.23493],[-77.18103,-6.23502],[-77.18099,-6.2351],[-77.18099,-6.23519],[-77.18098,-6.23528],[-77.18097,-6.23537],[-77.18096,-6.23545],[-77.18093,-6.23554],[-77.18092,-6.23563],[-77.18089,-6.23571],[-77.18084,-6.23579],[-77.18079,-6.23586],[-77.18078,-6.23595],[-77.18075,-6.23603],[-77.18069,-6.23609],[-77.18071,-6.23618],[-77.18071,-6.23627],[-77.18072,-6.23636],[-77.18075,-6.23644],[-77.18082,-6.23651],[-77.18084,-6.23659],[-77.18087,-6.23667],[-77.18091,-6.23676],[-77.18093,-6.23684],[-77.18095,-6.23693]]]}},{"type":"Feature","properties":{"Name":"U.H. CUENCA MAYO-MOYOBAMBA","description":"","OBJECTID":"186585","CODIGO":"FM000008","NOMBRE":"U.H. CUENCA MAYO-MOYOBAMBA","CATEGORI":" ","CLASE":" ","ZONA":"18","HAS":"3.2886","ZONEX":"18","NORMA":"LEY N\u00b0 29338","ARCHIVO":"MM26M4809","FEC_ING":"13/03/2026","ENTIDAD":"AUTORIDAD NACIONAL DEL AGUA","USO":" ","EST_GRAF":"SIN INF. COMPLETA","LEYENDA":"SIN INF. COMPLETA","SHAPE.AREA":"2.685482749502e-06","SHAPE.LEN":"0.019515998690847202","FEC_PUB":"1238475600000","MINERIA":"NO","TP_AREA":"FAJA MARGINAL","ORDENANZA":" ","NM_AREA":"U.H. CUENCA MAYO-MOYOBAMBA - FAJA MARGINAL","CREATOR":"WVAL0398","CREATIONDA":"1773411297000","EDITOR":"WVAL0398","EDITDATE":"1773411297000","IDENTI":"fc89157ebf68428c8743b35319a3fc37","ESTILO":"ZONA RESERVADA"},"geometry":{"type":"Polygon","coordinates":[[[-77.16776,-6.23883],[-77.16707,-6.23957],[-77.16709,-6.23949],[-77.16703,-6.23927],[-77.16702,-6.23905],[-77.16705,-6.23883],[-77.16722,-6.23872],[-77.16744,-6.23865],[-77.16757,-6.23849],[-77.16769,-6.2383],[-77.16788,-6.23819],[-77.16806,-6.23806],[-77.16807,-6.23785],[-77.16813,-6.23763],[-77.16826,-6.23746],[-77.16844,-6.2373],[-77.16861,-6.23717],[-77.1688,-6.23704],[-77.16897,-6.23694],[-77.16917,-6.23686],[-77.1694,-6.23683],[-77.16951,-6.23668],[-77.16959,-6.23648],[-77.16957,-6.23626],[-77.16963,-6.23604],[-77.16978,-6.23589],[-77.16999,-6.23589],[-77.17022,-6.23588],[-77.17041,-6.23582],[-77.17054,-6.23563],[-77.1707,-6.23548],[-77.17081,-6.23529],[-77.17095,-6.23511],[-77.17111,-6.23497],[-77.17123,-6.23481],[-77.17113,-6.23461],[-77.17107,-6.23433],[-77.17137,-6.23428],[-77.1715,-6.23461],[-77.17159,-6.23482],[-77.1715,-6.23502],[-77.17134,-6.23517],[-77.17119,-6.23534],[-77.17106,-6.23551],[-77.17093,-6.23569],[-77.17077,-6.23585],[-77.17064,-6.23603],[-77.17048,-6.23617],[-77.17029,-6.23626],[-77.17009,-6.23618],[-77.16989,-6.23624],[-77.1699,-6.23646],[-77.16988,-6.23668],[-77.1698,-6.23688],[-77.16974,-6.23706],[-77.16953,-6.23713],[-77.1693,-6.23715],[-77.16909,-6.23723],[-77.16891,-6.23733],[-77.16873,-6.23746],[-77.16856,-6.23761],[-77.16841,-6.23777],[-77.16838,-6.23799],[-77.16834,-6.23821],[-77.16818,-6.23836],[-77.16799,-6.23848],[-77.16784,-6.23863],[-77.16776,-6.23883]]]}},{"type":"Feature","properties":{"Name":"U.H. CUENCA MAYO-MOYOBAMBA","description":"","OBJECTID":"186586","CODIGO":"FM000008","NOMBRE":"U.H. CUENCA MAYO-MOYOBAMBA","CATEGORI":" ","CLASE":" ","ZONA":"18","HAS":"3.9076000000000004","ZONEX":"18","NORMA":"LEY N\u00b0 29338","ARCHIVO":"MM26M4809","FEC_ING":"13/03/2026","ENTIDAD":"AUTORIDAD NACIONAL DEL AGUA","USO":" ","EST_GRAF":"SIN INF. COMPLETA","LEYENDA":"SIN INF. COMPLETA","SHAPE.AREA":"3.1909759297685e-06","SHAPE.LEN":"0.020113002655982797","FEC_PUB":"1238475600000","MINERIA":"NO","TP_AREA":"FAJA MARGINAL","ORDENANZA":" ","NM_AREA":"U.H. CUENCA MAYO-MOYOBAMBA - FAJA MARGINAL","CREATOR":"WVAL0398","CREATIONDA":"1773411297000","EDITOR":"WVAL0398","EDITDATE":"1773411297000","IDENTI":"b119b2b5a8c14f1ea7375ab07ef62f85","ESTILO":"ZONA RESERVADA"},"geometry":{"type":"Polygon","coordinates":[[[-77.16776,-6.23883],[-77.16756,-6.23893],[-77.16734,-6.23901],[-77.16733,-6.23921],[-77.1674,-6.23943],[-77.16741,-6.23965],[-77.16732,-6.23986],[-77.16721,-6.24005],[-77.16707,-6.24024],[-77.16696,-6.24041],[-77.16682,-6.24059],[-77.16671,-6.24078],[-77.16654,-6.24092],[-77.16635,-6.241],[-77.16615,-6.2411],[-77.16605,-6.24124],[-77.16592,-6.24143],[-77.16579,-6.24155],[-77.16578,-6.24177],[-77.16581,-6.24198],[-77.16594,-6.24216],[-77.16598,-6.24237],[-77.16603,-6.24259],[-77.16597,-6.2428],[-77.16593,-6.24299],[-77.16584,-6.24318],[-77.16576,-6.24337],[-77.16571,-6.24358],[-77.16572,-6.24379],[-77.16571,-6.24401],[-77.16576,-6.24419],[-77.16581,-6.24439],[-77.16586,-6.24459],[-77.16601,-6.24476],[-77.16611,-6.24496],[-77.16618,-6.24516],[-77.16622,-6.24537],[-77.16628,-6.24559],[-77.16625,-6.24581],[-77.16628,-6.24601],[-77.16632,-6.24619],[-77.16643,-6.24634],[-77.16657,-6.24651],[-77.16678,-6.24656],[-77.16679,-6.24698],[-77.16649,-6.24704],[-77.16631,-6.2467],[-77.16613,-6.2466],[-77.16601,-6.24644],[-77.16596,-6.24626],[-77.16589,-6.24606],[-77.16586,-6.24588],[-77.16591,-6.24567],[-77.16593,-6.24549],[-77.1659,-6.24528],[-77.1658,-6.24508],[-77.16569,-6.2449],[-77.16558,-6.24472],[-77.16549,-6.24451],[-77.16541,-6.24432],[-77.16537,-6.24411],[-77.1654,-6.2439],[-77.16541,-6.24367],[-77.16539,-6.24344],[-77.16543,-6.24324],[-77.16551,-6.24304],[-77.16559,-6.24287],[-77.1656,-6.24266],[-77.16567,-6.2425],[-77.16566,-6.24228],[-77.16552,-6.2421],[-77.16544,-6.2419],[-77.16545,-6.24168],[-77.16548,-6.24147],[-77.16551,-6.24126],[-77.16571,-6.24116],[-77.16579,-6.24096],[-77.16589,-6.24078],[-77.16611,-6.24078],[-77.16623,-6.24064],[-77.16643,-6.24062],[-77.16656,-6.24043],[-77.16669,-6.24026],[-77.16681,-6.24007],[-77.16694,-6.23989],[-77.16704,-6.23969],[-77.16709,-6.23949],[-77.16703,-6.23927],[-77.16702,-6.23905],[-77.16705,-6.23883],[-77.16776,-6.23883]]]}},{"type":"Feature","properties":{"Name":"CANAL DE DESAG\u00dcE DE LIMPIEZA DEL CANAL SUB LATERAL B","description":"","OBJECTID":"185928","CODIGO":"FM000007","NOMBRE":"CANAL DE DESAG\u00dcE DE LIMPIEZA DEL CANAL SUB LATERAL B","CATEGORI":" ","CLASE":" ","ZONA":"18","HAS":"35.143","ZONEX":"18","NORMA":"LEY N\u00b0 29338","ARCHIVO":"CD26F4817","FEC_ING":"17/02/2026","ENTIDAD":"AUTORIDAD NACIONAL DEL AGUA","USO":" ","EST_GRAF":"SIN INF. COMPLETA","LEYENDA":"SIN INF. COMPLETA","SHAPE.AREA":"2.9689514683942e-05","SHAPE.LEN":"0.217827032577043","FEC_PUB":"1238475600000","MINERIA":"NO","TP_AREA":"FAJA MARGINAL","ORDENANZA":" ","NM_AREA":"CANAL DE DESAG\u00dcE DE LIMPIEZA DEL CANAL SUB LATERAL B - FAJA MARGINAL","CREATOR":"WVAL0398","CREATIONDA":"1771345692000","EDITOR":"WVAL0398","EDITDATE":"1771345692000","IDENTI":"0687597218744f50986e57f57022cd98","ESTILO":"ZONA RESERVADA"},"geometry":{"type":"Polygon","coordinates":[[[-72.29437,-16.41548],[-72.2935,-16.41546],[-72.29295,-16.41507],[-72.29244,-16.41461],[-72.29212,-16.41438],[-72.29164,-16.41427],[-72.29099,-16.41435],[-72.2907,-16.41446],[-72.29032,-16.41446],[-72.28995,-16.41419],[-72.28953,-16.41414],[-72.28935,-16.41399],[-72.28924,-16.41377],[-72.28896,-16.41352],[-72.28854,-16.4134],[-72.28822,-16.41306],[-72.28809,-16.41273],[-72.28798,-16.41222],[-72.288,-16.41192],[-72.28819,-16.4116],[-72.28786,-16.41121],[-72.28738,-16.41086],[-72.28686,-16.41043],[-72.28639,-16.41008],[-72.28618,-16.40971],[-72.28606,-16.40893],[-72.28593,-16.40822],[-72.28574,-16.40712],[-72.28562,-16.40623],[-72.28534,-16.40554],[-72.28524,-16.40498],[-72.28523,-16.40431],[-72.28496,-16.40346],[-72.28452,-16.40345],[-72.28406,-16.40308],[-72.28383,-16.40246],[-72.28351,-16.40213],[-72.2833,-16.40149],[-72.28276,-16.4014],[-72.28166,-16.40079],[-72.28096,-16.40034],[-72.28077,-16.4004],[-72.28057,-16.40036],[-72.28044,-16.40024],[-72.28033,-16.3999],[-72.27963,-16.39965],[-72.27889,-16.39942],[-72.27739,-16.39912],[-72.27659,-16.3988],[-72.27621,-16.39847],[-72.27558,-16.39777],[-72.27511,-16.39711],[-72.27462,-16.39704],[-72.27432,-16.39664],[-72.27367,-16.39653],[-72.27298,-16.39624],[-72.27252,-16.39597],[-72.27213,-16.39545],[-72.2717,-16.3955],[-72.27141,-16.3957],[-72.2711,-16.39562],[-72.27058,-16.39517],[-72.27006,-16.39465],[-72.26981,-16.39395],[-72.26908,-16.39352],[-72.26854,-16.39352],[-72.26801,-16.39325],[-72.26754,-16.39283],[-72.26764,-16.39265],[-72.26694,-16.39201],[-72.26656,-16.39146],[-72.26562,-16.39122],[-72.26437,-16.39112],[-72.26397,-16.39093],[-72.26409,-16.39034],[-72.26421,-16.39022],[-72.26313,-16.38949],[-72.26217,-16.38883],[-72.2618,-16.38884],[-72.2616,-16.38869],[-72.26122,-16.38762],[-72.26129,-16.38684],[-72.26212,-16.38607],[-72.26227,-16.38577],[-72.2622,-16.38499],[-72.26199,-16.3837],[-72.26167,-16.38254],[-72.26163,-16.38239],[-72.26153,-16.38199],[-72.26084,-16.381],[-72.26012,-16.38],[-72.25925,-16.37877],[-72.2583,-16.37742],[-72.2574,-16.37615],[-72.25693,-16.37549],[-72.2566,-16.37502],[-72.25647,-16.37495],[-72.25668,-16.37446],[-72.25675,-16.37416],[-72.2568,-16.37401],[-72.25672,-16.37281],[-72.25674,-16.37257],[-72.25781,-16.37129],[-72.25893,-16.36992],[-72.25906,-16.36918],[-72.25924,-16.3689],[-72.26005,-16.36811],[-72.26183,-16.3664],[-72.25779,-16.36466],[-72.25721,-16.36434],[-72.25671,-16.36304],[-72.25623,-16.3618],[-72.256,-16.36162],[-72.25571,-16.3612],[-72.2553,-16.36092],[-72.25516,-16.36062],[-72.25474,-16.36028],[-72.25421,-16.35989],[-72.25411,-16.35981],[-72.25411,-16.3597],[-72.25436,-16.35926],[-72.25436,-16.35895],[-72.25409,-16.35832],[-72.25409,-16.35825],[-72.25426,-16.35773],[-72.25446,-16.3572],[-72.25474,-16.35638],[-72.2549,-16.35608],[-72.25496,-16.35595],[-72.25501,-16.35561],[-72.25515,-16.35536],[-72.25525,-16.35523],[-72.25536,-16.35513],[-72.25549,-16.35504],[-72.25562,-16.35498],[-72.25644,-16.35468],[-72.25652,-16.35463],[-72.25658,-16.35455],[-72.25705,-16.35342],[-72.25708,-16.35336],[-72.25713,-16.3533],[-72.25721,-16.35324],[-72.25733,-16.35321],[-72.25744,-16.35321],[-72.25749,-16.35319],[-72.25751,-16.35315],[-72.2575,-16.35269],[-72.25751,-16.35139],[-72.25748,-16.35127],[-72.25729,-16.35091],[-72.25726,-16.35087],[-72.25722,-16.35084],[-72.25718,-16.35084],[-72.25678,-16.35096],[-72.25671,-16.35098],[-72.25664,-16.35096],[-72.25657,-16.35092],[-72.25654,-16.35089],[-72.25652,-16.35085],[-72.25651,-16.3508],[-72.25651,-16.35076],[-72.25665,-16.35023],[-72.25669,-16.35014],[-72.25678,-16.34996],[-72.25715,-16.34922],[-72.25718,-16.34913],[-72.2572,-16.34905],[-72.25719,-16.34897],[-72.25718,-16.34891],[-72.25626,-16.34673],[-72.25618,-16.34661],[-72.2561,-16.34651],[-72.25566,-16.34608],[-72.25542,-16.34587],[-72.25483,-16.34547],[-72.25425,-16.34508],[-72.25407,-16.34494],[-72.25379,-16.34469],[-72.25151,-16.34229],[-72.25096,-16.3418],[-72.25057,-16.34138],[-72.25065,-16.34131],[-72.25103,-16.34173],[-72.25158,-16.34222],[-72.25386,-16.34462],[-72.25413,-16.34486],[-72.25432,-16.345],[-72.25489,-16.34538],[-72.25548,-16.34579],[-72.25575,-16.34602],[-72.25617,-16.34643],[-72.25627,-16.34654],[-72.25636,-16.34669],[-72.25728,-16.34887],[-72.2573,-16.34895],[-72.2573,-16.34905],[-72.25728,-16.34917],[-72.25724,-16.34928],[-72.25687,-16.35],[-72.2568,-16.35017],[-72.25676,-16.35026],[-72.25662,-16.35076],[-72.25662,-16.35079],[-72.25663,-16.35083],[-72.25666,-16.35086],[-72.25671,-16.35087],[-72.25716,-16.35074],[-72.25721,-16.35074],[-72.25726,-16.35074],[-72.2573,-16.35076],[-72.25734,-16.3508],[-72.25738,-16.35084],[-72.25759,-16.35127],[-72.25762,-16.35138],[-72.25761,-16.35269],[-72.25762,-16.35313],[-72.25761,-16.35319],[-72.25758,-16.35324],[-72.25753,-16.35329],[-72.25745,-16.35332],[-72.25734,-16.35331],[-72.25726,-16.35333],[-72.2572,-16.35337],[-72.25716,-16.35344],[-72.25668,-16.35458],[-72.25662,-16.35468],[-72.25653,-16.35475],[-72.25566,-16.35508],[-72.25554,-16.35513],[-72.25542,-16.35521],[-72.25533,-16.3553],[-72.25525,-16.35541],[-72.25513,-16.35565],[-72.25507,-16.35599],[-72.25502,-16.35612],[-72.25486,-16.35642],[-72.2546,-16.35717],[-72.25437,-16.35777],[-72.25421,-16.35824],[-72.25421,-16.35828],[-72.25449,-16.35894],[-72.25448,-16.3593],[-72.25422,-16.35975],[-72.25441,-16.35987],[-72.25486,-16.36022],[-72.25522,-16.36049],[-72.25533,-16.36062],[-72.25546,-16.36086],[-72.2558,-16.36113],[-72.2561,-16.36155],[-72.25633,-16.36171],[-72.25682,-16.36299],[-72.25732,-16.36428],[-72.25781,-16.36455],[-72.2619,-16.36631],[-72.26194,-16.36639],[-72.26193,-16.36646],[-72.25934,-16.36895],[-72.25916,-16.36922],[-72.25904,-16.36996],[-72.25803,-16.37119],[-72.25685,-16.37261],[-72.2569,-16.37325],[-72.25693,-16.37399],[-72.25683,-16.37439],[-72.25664,-16.3749],[-72.25671,-16.37496],[-72.25748,-16.37606],[-72.25848,-16.37749],[-72.25943,-16.37883],[-72.26022,-16.37994],[-72.26095,-16.38096],[-72.26164,-16.38196],[-72.26174,-16.38236],[-72.2618,-16.38251],[-72.2623,-16.38349],[-72.26259,-16.38484],[-72.26269,-16.38577],[-72.26255,-16.3862],[-72.26174,-16.38692],[-72.2617,-16.38718],[-72.26181,-16.38761],[-72.26221,-16.38841],[-72.26321,-16.389],[-72.26446,-16.38982],[-72.26523,-16.39032],[-72.26594,-16.39079],[-72.26674,-16.39127],[-72.26735,-16.39202],[-72.26784,-16.39247],[-72.26825,-16.39242],[-72.26861,-16.3925],[-72.26883,-16.39211],[-72.26927,-16.39201],[-72.26967,-16.39211],[-72.26997,-16.39246],[-72.27022,-16.39267],[-72.27034,-16.3929],[-72.27035,-16.39311],[-72.27066,-16.39334],[-72.27042,-16.39374],[-72.27074,-16.39428],[-72.27115,-16.39454],[-72.27174,-16.39484],[-72.27237,-16.39523],[-72.27289,-16.39571],[-72.27317,-16.39596],[-72.27371,-16.39619],[-72.27449,-16.39627],[-72.27479,-16.39672],[-72.27524,-16.39678],[-72.27587,-16.39766],[-72.2768,-16.39858],[-72.27748,-16.39881],[-72.27825,-16.3989],[-72.27899,-16.39907],[-72.27972,-16.3992],[-72.28,-16.39909],[-72.28016,-16.39893],[-72.28049,-16.39889],[-72.28073,-16.39908],[-72.28088,-16.39935],[-72.28108,-16.40001],[-72.28159,-16.40036],[-72.2825,-16.40088],[-72.28295,-16.40112],[-72.28347,-16.40126],[-72.28372,-16.40201],[-72.28402,-16.4023],[-72.2842,-16.40276],[-72.28463,-16.40315],[-72.28507,-16.40316],[-72.28546,-16.40415],[-72.28546,-16.40497],[-72.2856,-16.40548],[-72.28597,-16.40619],[-72.28609,-16.40707],[-72.28627,-16.4078],[-72.28642,-16.4087],[-72.28674,-16.40966],[-72.28681,-16.40994],[-72.28719,-16.41037],[-72.28766,-16.41074],[-72.28807,-16.41104],[-72.28844,-16.41155],[-72.28847,-16.4117],[-72.28823,-16.41208],[-72.28825,-16.41234],[-72.28835,-16.41267],[-72.28851,-16.41298],[-72.28875,-16.41312],[-72.28914,-16.41322],[-72.28996,-16.4138],[-72.29039,-16.41416],[-72.29072,-16.4142],[-72.29096,-16.4141],[-72.29162,-16.41402],[-72.29233,-16.41411],[-72.29279,-16.41434],[-72.29326,-16.41483],[-72.29437,-16.41548]]]}},{"type":"Feature","properties":{"Name":"RIO HUANUARA Y QUEBRADA OLLERIA","description":"","OBJECTID":"184641","CODIGO":"FM000001","NOMBRE":"RIO HUANUARA Y QUEBRADA OLLERIA","CATEGORI":" ","CLASE":" ","ZONA":"19","HAS":"7.229","ZONEX":"19","NORMA":"LEY N\u00b0 29338","ARCHIVO":"RH26E4921","FEC_ING":"15/01/2026","ENTIDAD":"AUTORIDAD NACIONAL DEL AGUA","USO":" ","EST_GRAF":"SIN INF. COMPLETA","LEYENDA":"SIN INF. COMPLETA","SHAPE.AREA":"6.146240315597e-06","SHAPE.LEN":"0.0342236176608282","FEC_PUB":"1238475600000","MINERIA":"NO","TP_AREA":"FAJA MARGINAL","ORDENANZA":" ","NM_AREA":"RIO HUANUARA Y QUEBRADA OLLERIA - FAJA MARGINAL","CREATOR":"WVAL0398","CREATIONDA":"1768485640000","EDITOR":"WVAL0398","EDITDATE":"1768485640000","IDENTI":"2117d8f8b3114d64be68c075a49705e6","ESTILO":"ZONA RESERVADA"},"geometry":{"type":"Polygon","coordinates":[[[-70.32661,-17.31512],[-70.32578,-17.31568],[-70.32557,-17.31543],[-70.32548,-17.31519],[-70.3255,-17.31497],[-70.32557,-17.31469],[-70.32551,-17.31444],[-70.32542,-17.31423],[-70.32535,-17.31424],[-70.32527,-17.31427],[-70.32517,-17.31432],[-70.32507,-17.31433],[-70.32498,-17.31434],[-70.32487,-17.31435],[-70.32476,-17.31439],[-70.32458,-17.31447],[-70.32443,-17.31454],[-70.3243,-17.31456],[-70.32418,-17.31454],[-70.32408,-17.31447],[-70.32401,-17.3144],[-70.32393,-17.31434],[-70.32383,-17.31429],[-70.32377,-17.31431],[-70.32353,-17.31429],[-70.3234,-17.31423],[-70.32319,-17.31415],[-70.32297,-17.31415],[-70.32271,-17.31411],[-70.3226,-17.31407],[-70.32242,-17.3141],[-70.32231,-17.31419],[-70.32217,-17.31428],[-70.32206,-17.31434],[-70.32193,-17.31441],[-70.32186,-17.31451],[-70.32184,-17.31459],[-70.32182,-17.31469],[-70.32183,-17.3148],[-70.32177,-17.31491],[-70.32167,-17.31495],[-70.32152,-17.31501],[-70.32141,-17.31502],[-70.32131,-17.31502],[-70.32119,-17.31506],[-70.32104,-17.31512],[-70.32088,-17.31522],[-70.32077,-17.31524],[-70.32064,-17.31525],[-70.32049,-17.31528],[-70.32042,-17.31509],[-70.3207,-17.31504],[-70.32096,-17.31494],[-70.32114,-17.31484],[-70.32129,-17.31483],[-70.32146,-17.31479],[-70.32155,-17.3147],[-70.32163,-17.31461],[-70.32167,-17.31449],[-70.32174,-17.31437],[-70.32184,-17.31429],[-70.32196,-17.31421],[-70.32212,-17.31411],[-70.32224,-17.314],[-70.32239,-17.31395],[-70.32256,-17.31391],[-70.32269,-17.31392],[-70.32285,-17.31396],[-70.32301,-17.31398],[-70.32322,-17.31402],[-70.32334,-17.31405],[-70.32351,-17.31411],[-70.32377,-17.31415],[-70.32397,-17.31419],[-70.32412,-17.31431],[-70.32425,-17.31438],[-70.32438,-17.31436],[-70.32453,-17.3143],[-70.32464,-17.31427],[-70.32474,-17.31422],[-70.32488,-17.31419],[-70.325,-17.31419],[-70.32512,-17.31414],[-70.32525,-17.3141],[-70.32537,-17.31405],[-70.32528,-17.31397],[-70.32509,-17.31376],[-70.3248,-17.31364],[-70.32462,-17.31333],[-70.32434,-17.31307],[-70.32418,-17.31283],[-70.32384,-17.31266],[-70.32341,-17.31251],[-70.32311,-17.31231],[-70.32278,-17.31209],[-70.32247,-17.31204],[-70.32226,-17.31199],[-70.32192,-17.31202],[-70.32162,-17.31194],[-70.32132,-17.31208],[-70.32104,-17.31209],[-70.32064,-17.31196],[-70.32021,-17.3119],[-70.31961,-17.31167],[-70.31919,-17.31164],[-70.31885,-17.31165],[-70.31851,-17.31144],[-70.31823,-17.31126],[-70.31796,-17.31109],[-70.31773,-17.31097],[-70.31753,-17.31087],[-70.31766,-17.31068],[-70.3179,-17.31082],[-70.31819,-17.31089],[-70.31841,-17.31097],[-70.3186,-17.31112],[-70.31875,-17.31135],[-70.31912,-17.31146],[-70.31947,-17.31146],[-70.31975,-17.31147],[-70.32022,-17.3116],[-70.32062,-17.31169],[-70.32084,-17.31177],[-70.32108,-17.31174],[-70.32144,-17.31168],[-70.32163,-17.31166],[-70.32184,-17.31167],[-70.32206,-17.31168],[-70.32223,-17.31171],[-70.32244,-17.3117],[-70.32271,-17.31174],[-70.32293,-17.31184],[-70.32322,-17.31192],[-70.32356,-17.312],[-70.32405,-17.31216],[-70.3244,-17.31244],[-70.3246,-17.31266],[-70.32496,-17.31302],[-70.32529,-17.31301],[-70.32563,-17.31312],[-70.326,-17.31333],[-70.32635,-17.31371],[-70.32633,-17.31421],[-70.32638,-17.31472],[-70.32661,-17.31512]]]}},{"type":"Feature","properties":{"Name":"TRAMO DE LA QUEBRADA ANDENES UNIDAD HIDROGRAFICA 13253","description":"","OBJECTID":"188487","CODIGO":"FM000013","NOMBRE":"TRAMO DE LA QUEBRADA ANDENES UNIDAD HIDROGRAFICA 13253","CATEGORI":" ","CLASE":" ","ZONA":"19","HAS":"40.3196","ZONEX":"19","NORMA":"LEY N\u00b0 29338","ARCHIVO":"ND26M4913","FEC_ING":"18/05/2026","ENTIDAD":"AUTORIDAD NACIONAL DEL AGUA","USO":" ","EST_GRAF":"SIN INF. COMPLETA","LEYENDA":"SIN INF. COMPLETA","SHAPE.AREA":"3.4066578658872e-05","SHAPE.LEN":"0.052112266799489604","FEC_PUB":"1238475600000","MINERIA":"NO","TP_AREA":"FAJA MARGINAL","ORDENANZA":" ","NM_AREA":"TRAMO DE LA QUEBRADA ANDENES UNIDAD HIDROGRAFICA 13253 - FAJA MARGINAL","CREATOR":"FLAT1065","CREATIONDA":"1779123517000","EDITOR":"FLAT1065","EDITDATE":"1779123517000","IDENTI":"9a760c4885a54bf0a6c97a599c877339","ESTILO":"ZONA RESERVADA"},"geometry":{"type":"Polygon","coordinates":[[[-71.7108,-16.41038],[-71.70907,-16.41224],[-71.70781,-16.41113],[-71.70716,-16.40957],[-71.70616,-16.40909],[-71.70545,-16.40816],[-71.70536,-16.40682],[-71.70488,-16.40634],[-71.70405,-16.40559],[-71.70345,-16.40494],[-71.7031,-16.40408],[-71.70262,-16.40352],[-71.70154,-16.4031],[-71.7007,-16.40298],[-71.69991,-16.40243],[-71.69957,-16.40211],[-71.69894,-16.40145],[-71.69806,-16.40118],[-71.69722,-16.40062],[-71.69704,-16.3996],[-71.69684,-16.3991],[-71.69659,-16.39824],[-71.69613,-16.39782],[-71.69581,-16.39747],[-71.69545,-16.39711],[-71.69496,-16.39669],[-71.69454,-16.39641],[-71.69432,-16.39619],[-71.69398,-16.39606],[-71.69349,-16.39652],[-71.69373,-16.39538],[-71.69436,-16.39541],[-71.69507,-16.39581],[-71.69566,-16.3963],[-71.69607,-16.39646],[-71.69647,-16.39689],[-71.69702,-16.39726],[-71.69755,-16.39773],[-71.69773,-16.39867],[-71.69795,-16.3996],[-71.69825,-16.40024],[-71.6988,-16.40042],[-71.69974,-16.40079],[-71.70041,-16.40144],[-71.70093,-16.40182],[-71.70241,-16.40211],[-71.70347,-16.40274],[-71.70422,-16.40362],[-71.7049,-16.40422],[-71.7056,-16.40503],[-71.70661,-16.40555],[-71.70722,-16.40623],[-71.70727,-16.40713],[-71.70828,-16.40769],[-71.70936,-16.40841],[-71.70965,-16.40886],[-71.70994,-16.40978],[-71.7108,-16.41038]]]}},{"type":"Feature","properties":{"Name":"U.H. CUENCA MAYO-LAMAS","description":"","OBJECTID":"187204","CODIGO":"FM000011","NOMBRE":"U.H. CUENCA MAYO-LAMAS","CATEGORI":" ","CLASE":" ","ZONA":"18","HAS":"21.691200000000002","ZONEX":"18","NORMA":"LEY N\u00b0 29338","ARCHIVO":"ML26M4826","FEC_ING":"31/03/2026","ENTIDAD":"AUTORIDAD NACIONAL DEL AGUA","USO":" ","EST_GRAF":"SIN INF. COMPLETA","LEYENDA":"SIN INF. COMPLETA","SHAPE.AREA":"1.7736286838516e-05","SHAPE.LEN":"0.0829349101541518","FEC_PUB":"1238475600000","MINERIA":"NO","TP_AREA":"FAJA MARGINAL","ORDENANZA":" ","NM_AREA":"U.H. CUENCA MAYO-LAMAS - FAJA MARGINAL","CREATOR":"WVAL0398","CREATIONDA":"1774973242000","EDITOR":"WVAL0398","EDITDATE":"1774973242000","IDENTI":"8d8c20897fd947a99ebbdac5997f15d4","ESTILO":"ZONA RESERVADA"},"geometry":{"type":"Polygon","coordinates":[[[-76.49153,-6.52769],[-76.49153,-6.52773],[-76.49159,-6.52791],[-76.49165,-6.52803],[-76.4917,-6.52808],[-76.49184,-6.52812],[-76.49223,-6.52823],[-76.49244,-6.52834],[-76.4925,-6.52842],[-76.49252,-6.52854],[-76.49251,-6.5288],[-76.49225,-6.529],[-76.49202,-6.52915],[-76.49191,-6.52925],[-76.492,-6.52941],[-76.49213,-6.52953],[-76.49236,-6.52964],[-76.49253,-6.52964],[-76.49285,-6.52957],[-76.49314,-6.52958],[-76.49359,-6.5297],[-76.49381,-6.52987],[-76.49391,-6.5301],[-76.49398,-6.53031],[-76.49409,-6.53056],[-76.49419,-6.53095],[-76.49424,-6.5313],[-76.49426,-6.53147],[-76.49408,-6.53189],[-76.4939,-6.53213],[-76.49403,-6.53206],[-76.49423,-6.5319],[-76.49455,-6.53175],[-76.49476,-6.53177],[-76.49491,-6.53191],[-76.49505,-6.53214],[-76.49518,-6.53241],[-76.49533,-6.53274],[-76.49541,-6.53293],[-76.49551,-6.53325],[-76.49554,-6.53355],[-76.49558,-6.53381],[-76.49555,-6.53397],[-76.49533,-6.53422],[-76.49505,-6.5344],[-76.4949,-6.5345],[-76.49485,-6.53454],[-76.49496,-6.53464],[-76.49511,-6.53478],[-76.49526,-6.53493],[-76.49526,-6.53509],[-76.49518,-6.53528],[-76.4951,-6.53536],[-76.49492,-6.53539],[-76.49466,-6.53531],[-76.49449,-6.53529],[-76.49446,-6.53546],[-76.49446,-6.53591],[-76.49447,-6.53615],[-76.49443,-6.53639],[-76.49426,-6.5367],[-76.49423,-6.53689],[-76.49407,-6.53721],[-76.49387,-6.53749],[-76.49364,-6.53758],[-76.49302,-6.53765],[-76.49265,-6.53773],[-76.4926,-6.53742],[-76.493,-6.53733],[-76.49362,-6.53722],[-76.49373,-6.53708],[-76.49381,-6.53696],[-76.49391,-6.53672],[-76.49394,-6.53657],[-76.49413,-6.53624],[-76.49416,-6.53596],[-76.49415,-6.53554],[-76.49415,-6.53523],[-76.49431,-6.53503],[-76.49448,-6.53496],[-76.49463,-6.53498],[-76.49487,-6.53505],[-76.49492,-6.53502],[-76.49472,-6.53487],[-76.49455,-6.53464],[-76.49456,-6.53442],[-76.49474,-6.53424],[-76.49486,-6.53417],[-76.49516,-6.53392],[-76.49522,-6.53384],[-76.49522,-6.53354],[-76.49518,-6.53327],[-76.49511,-6.53309],[-76.49496,-6.53272],[-76.49481,-6.53242],[-76.4947,-6.53219],[-76.49463,-6.53208],[-76.49457,-6.53207],[-76.49435,-6.5322],[-76.49414,-6.53236],[-76.49381,-6.53248],[-76.49367,-6.53241],[-76.49357,-6.53224],[-76.4936,-6.532],[-76.4938,-6.53167],[-76.49391,-6.53133],[-76.49385,-6.53104],[-76.49377,-6.5306],[-76.49368,-6.53037],[-76.49356,-6.53011],[-76.49344,-6.53002],[-76.49329,-6.52994],[-76.49313,-6.52991],[-76.49302,-6.52991],[-76.49287,-6.52993],[-76.49264,-6.53],[-76.49245,-6.53],[-76.49222,-6.52996],[-76.49212,-6.52992],[-76.49201,-6.52986],[-76.49185,-6.52975],[-76.49162,-6.52951],[-76.49155,-6.52924],[-76.49159,-6.52908],[-76.49197,-6.52879],[-76.49219,-6.52858],[-76.49212,-6.52854],[-76.49185,-6.52844],[-76.49154,-6.52833],[-76.49138,-6.52816],[-76.49128,-6.52785],[-76.49123,-6.52766],[-76.49085,-6.52749],[-76.49064,-6.52727],[-76.49041,-6.52684],[-76.49024,-6.52648],[-76.49019,-6.52615],[-76.4902,-6.52567],[-76.4902,-6.52541],[-76.49016,-6.52501],[-76.4901,-6.52438],[-76.49015,-6.524],[-76.49024,-6.52383],[-76.49041,-6.52369],[-76.49066,-6.52357],[-76.49085,-6.52346],[-76.49093,-6.52332],[-76.49093,-6.52309],[-76.49082,-6.52278],[-76.49063,-6.52235],[-76.49059,-6.52205],[-76.49062,-6.52166],[-76.49077,-6.52122],[-76.49108,-6.52019],[-76.49142,-6.51935],[-76.49163,-6.51896],[-76.49159,-6.51883],[-76.49131,-6.51871],[-76.49079,-6.5186],[-76.49024,-6.5186],[-76.48999,-6.51861],[-76.48953,-6.5184],[-76.48941,-6.51805],[-76.48944,-6.51786],[-76.48996,-6.51769],[-76.48997,-6.51794],[-76.49,-6.51808],[-76.49014,-6.51809],[-76.49033,-6.51807],[-76.49077,-6.51802],[-76.49122,-6.51805],[-76.49158,-6.51816],[-76.49196,-6.51833],[-76.4922,-6.5187],[-76.49212,-6.51921],[-76.49195,-6.51958],[-76.49162,-6.52044],[-76.49152,-6.52091],[-76.49126,-6.52143],[-76.4911,-6.52186],[-76.49106,-6.52213],[-76.49109,-6.52231],[-76.49122,-6.52259],[-76.49133,-6.52286],[-76.49139,-6.52309],[-76.49135,-6.52352],[-76.4912,-6.52376],[-76.49089,-6.524],[-76.49068,-6.52413],[-76.49057,-6.52424],[-76.4906,-6.52461],[-76.49069,-6.52526],[-76.49071,-6.52562],[-76.49068,-6.52604],[-76.49068,-6.52624],[-76.4908,-6.52648],[-76.49101,-6.52685],[-76.49119,-6.52707],[-76.49142,-6.52721],[-76.49188,-6.52723],[-76.4924,-6.52722],[-76.4927,-6.52726],[-76.49302,-6.52742],[-76.49323,-6.52755],[-76.49345,-6.52767],[-76.4939,-6.52789],[-76.49429,-6.52808],[-76.49458,-6.5282],[-76.49482,-6.5284],[-76.49491,-6.52857],[-76.495,-6.52884],[-76.49508,-6.52912],[-76.49518,-6.52943],[-76.49528,-6.52968],[-76.49538,-6.5298],[-76.49546,-6.52982],[-76.49554,-6.52976],[-76.49571,-6.52943],[-76.49583,-6.52921],[-76.49626,-6.52887],[-76.49689,-6.52848],[-76.49725,-6.52813],[-76.49756,-6.52759],[-76.49788,-6.52731],[-76.49809,-6.52727],[-76.49849,-6.5274],[-76.49872,-6.52753],[-76.49886,-6.52749],[-76.49906,-6.52712],[-76.49931,-6.52664],[-76.49952,-6.52626],[-76.5,-6.52633],[-76.49958,-6.52706],[-76.49934,-6.52749],[-76.49919,-6.52776],[-76.49889,-6.52798],[-76.49865,-6.52801],[-76.49841,-6.52795],[-76.49819,-6.52786],[-76.49804,-6.52788],[-76.49785,-6.52811],[-76.49746,-6.52864],[-76.49682,-6.52909],[-76.49627,-6.52944],[-76.49595,-6.52995],[-76.49571,-6.53022],[-76.49541,-6.53038],[-76.49524,-6.53039],[-76.4951,-6.53033],[-76.49499,-6.53023],[-76.49488,-6.53007],[-76.49473,-6.52963],[-76.4946,-6.52918],[-76.49445,-6.52881],[-76.49417,-6.52856],[-76.49372,-6.52833],[-76.49342,-6.52817],[-76.49295,-6.52791],[-76.49262,-6.52773],[-76.49236,-6.52769],[-76.49193,-6.52768],[-76.49153,-6.52769]]]}},{"type":"Feature","properties":{"Name":"U.H. CUENCA MAYO-LAMAS","description":"","OBJECTID":"187205","CODIGO":"FM000011","NOMBRE":"U.H. CUENCA MAYO-LAMAS","CATEGORI":" ","CLASE":" ","ZONA":"18","HAS":"6.4261","ZONEX":"18","NORMA":"LEY N\u00b0 29338","ARCHIVO":"ML26M4826","FEC_ING":"31/03/2026","ENTIDAD":"AUTORIDAD NACIONAL DEL AGUA","USO":" ","EST_GRAF":"SIN INF. COMPLETA","LEYENDA":"SIN INF. COMPLETA","SHAPE.AREA":"5.252201988321e-06","SHAPE.LEN":"0.0298281202478145","FEC_PUB":"1238475600000","MINERIA":"NO","TP_AREA":"FAJA MARGINAL","ORDENANZA":" ","NM_AREA":"U.H. CUENCA MAYO-LAMAS - FAJA MARGINAL","CREATOR":"WVAL0398","CREATIONDA":"1774973242000","EDITOR":"WVAL0398","EDITDATE":"1774973242000","IDENTI":"3fe43cc56c644848909331a2d73a5079","ESTILO":"ZONA RESERVADA"},"geometry":{"type":"Polygon","coordinates":[[[-76.51844,-6.32933],[-76.5197,-6.32735],[-76.52098,-6.32622],[-76.52203,-6.32578],[-76.5229,-6.32468],[-76.52459,-6.32285],[-76.52566,-6.32154],[-76.52651,-6.32148],[-76.52771,-6.32089],[-76.52877,-6.31988],[-76.52918,-6.31973],[-76.52806,-6.32111],[-76.52684,-6.32176],[-76.52594,-6.32187],[-76.5249,-6.32311],[-76.52332,-6.32473],[-76.52219,-6.32621],[-76.52132,-6.32646],[-76.52012,-6.32736],[-76.51885,-6.32933],[-76.51844,-6.32933]]]}},{"type":"Feature","properties":{"Name":"U.H. CUENCA MAYO-LAMAS","description":"","OBJECTID":"187206","CODIGO":"FM000011","NOMBRE":"U.H. CUENCA MAYO-LAMAS","CATEGORI":" ","CLASE":" ","ZONA":"18","HAS":"1.8773000000000002","ZONEX":"18","NORMA":"LEY N\u00b0 29338","ARCHIVO":"ML26M4826","FEC_ING":"31/03/2026","ENTIDAD":"AUTORIDAD NACIONAL DEL AGUA","USO":" ","EST_GRAF":"SIN INF. COMPLETA","LEYENDA":"SIN INF. COMPLETA","SHAPE.AREA":"1.5345493228275e-06","SHAPE.LEN":"0.0046122833107655305","FEC_PUB":"1238475600000","MINERIA":"NO","TP_AREA":"FAJA MARGINAL","ORDENANZA":" ","NM_AREA":"U.H. CUENCA MAYO-LAMAS - FAJA MARGINAL","CREATOR":"WVAL0398","CREATIONDA":"1774973242000","EDITOR":"WVAL0398","EDITDATE":"1774973242000","IDENTI":"d2a79ba1e124476d978f49b012710de3","ESTILO":"ZONA RESERVADA"},"geometry":{"type":"Polygon","coordinates":[[[-76.50273,-6.37574],[-76.50281,-6.37497],[-76.50295,-6.37465],[-76.50326,-6.37452],[-76.50358,-6.37464],[-76.50387,-6.3748],[-76.50403,-6.37515],[-76.50397,-6.37537],[-76.50354,-6.37603],[-76.50319,-6.37619],[-76.50287,-6.37606],[-76.50273,-6.37574]]]}},{"type":"Feature","properties":{"Name":"U.H. CUENCA MAYO-LAMAS","description":"","OBJECTID":"187207","CODIGO":"FM000011","NOMBRE":"U.H. CUENCA MAYO-LAMAS","CATEGORI":" ","CLASE":" ","ZONA":"18","HAS":"0.801","ZONEX":"18","NORMA":"LEY N\u00b0 29338","ARCHIVO":"ML26M4826","FEC_ING":"31/03/2026","ENTIDAD":"AUTORIDAD NACIONAL DEL AGUA","USO":" ","EST_GRAF":"SIN INF. COMPLETA","LEYENDA":"SIN INF. COMPLETA","SHAPE.AREA":"6.54791268194e-07","SHAPE.LEN":"0.00656456685127863","FEC_PUB":"1238475600000","MINERIA":"NO","TP_AREA":"FAJA MARGINAL","ORDENANZA":" ","NM_AREA":"U.H. CUENCA MAYO-LAMAS - FAJA MARGINAL","CREATOR":"WVAL0398","CREATIONDA":"1774973242000","EDITOR":"WVAL0398","EDITDATE":"1774973242000","IDENTI":"43ebaab61f4540028f60c2e7a961c98d","ESTILO":"ZONA RESERVADA"},"geometry":{"type":"Polygon","coordinates":[[[-76.50583,-6.37232],[-76.50541,-6.37225],[-76.50481,-6.37193],[-76.50454,-6.37169],[-76.5042,-6.37156],[-76.50394,-6.3714],[-76.50381,-6.37117],[-76.50378,-6.37094],[-76.5036,-6.37072],[-76.5035,-6.37039],[-76.50372,-6.37043],[-76.50381,-6.37066],[-76.50396,-6.37078],[-76.50403,-6.37101],[-76.50406,-6.3712],[-76.50429,-6.37133],[-76.5046,-6.37148],[-76.50501,-6.3718],[-76.50539,-6.37203],[-76.50581,-6.37211],[-76.50583,-6.37232]]]}},{"type":"Feature","properties":{"Name":"U.H. CUENCA MAYO-LAMAS","description":"","OBJECTID":"187208","CODIGO":"FM000011","NOMBRE":"U.H. CUENCA MAYO-LAMAS","CATEGORI":" ","CLASE":" ","ZONA":"18","HAS":"6.4162","ZONEX":"18","NORMA":"LEY N\u00b0 29338","ARCHIVO":"ML26M4826","FEC_ING":"31/03/2026","ENTIDAD":"AUTORIDAD NACIONAL DEL AGUA","USO":" ","EST_GRAF":"SIN INF. COMPLETA","LEYENDA":"SIN INF. COMPLETA","SHAPE.AREA":"5.2444439663840004e-06","SHAPE.LEN":"0.032365652742976404","FEC_PUB":"1238475600000","MINERIA":"NO","TP_AREA":"FAJA MARGINAL","ORDENANZA":" ","NM_AREA":"U.H. CUENCA MAYO-LAMAS - FAJA MARGINAL","CREATOR":"WVAL0398","CREATIONDA":"1774973242000","EDITOR":"WVAL0398","EDITDATE":"1774973242000","IDENTI":"48810842d43049a981ecee97358722b7","ESTILO":"ZONA RESERVADA"},"geometry":{"type":"Polygon","coordinates":[[[-76.52441,-6.35905],[-76.52312,-6.35814],[-76.52161,-6.35792],[-76.52051,-6.35715],[-76.52006,-6.35658],[-76.51848,-6.35513],[-76.51638,-6.35498],[-76.5149,-6.3545],[-76.51379,-6.35355],[-76.51326,-6.3532],[-76.5126,-6.3529],[-76.51124,-6.35251],[-76.5106,-6.35206],[-76.51066,-6.35191],[-76.51214,-6.35234],[-76.51319,-6.35275],[-76.51409,-6.35335],[-76.51495,-6.35426],[-76.51589,-6.35449],[-76.51768,-6.35472],[-76.51853,-6.35491],[-76.51957,-6.35545],[-76.5204,-6.35656],[-76.52124,-6.35732],[-76.52262,-6.35774],[-76.52367,-6.35818],[-76.52451,-6.35892],[-76.52441,-6.35905]]]}},{"type":"Feature","properties":{"Name":"U.H. CUENCA MAYO-LAMAS","description":"","OBJECTID":"187209","CODIGO":"FM000011","NOMBRE":"U.H. CUENCA MAYO-LAMAS","CATEGORI":" ","CLASE":" ","ZONA":"18","HAS":"1.4337","ZONEX":"18","NORMA":"LEY N\u00b0 29338","ARCHIVO":"ML26M4826","FEC_ING":"31/03/2026","ENTIDAD":"AUTORIDAD NACIONAL DEL AGUA","USO":" ","EST_GRAF":"SIN INF. COMPLETA","LEYENDA":"SIN INF. COMPLETA","SHAPE.AREA":"1.1720549926815e-06","SHAPE.LEN":"0.00763316014079376","FEC_PUB":"1238475600000","MINERIA":"NO","TP_AREA":"FAJA MARGINAL","ORDENANZA":" ","NM_AREA":"U.H. CUENCA MAYO-LAMAS - FAJA MARGINAL","CREATOR":"WVAL0398","CREATIONDA":"1774973242000","EDITOR":"WVAL0398","EDITDATE":"1774973242000","IDENTI":"902112d0913b49c786214b7dc32959ac","ESTILO":"ZONA RESERVADA"},"geometry":{"type":"Polygon","coordinates":[[[-76.46535,-6.40935],[-76.46483,-6.40886],[-76.46462,-6.40859],[-76.46446,-6.40829],[-76.46424,-6.40806],[-76.46446,-6.40784],[-76.46465,-6.40755],[-76.46488,-6.40732],[-76.4651,-6.40754],[-76.46488,-6.40777],[-76.46469,-6.40806],[-76.46484,-6.40837],[-76.46507,-6.40859],[-76.46528,-6.40886],[-76.46558,-6.40913],[-76.46578,-6.40921],[-76.466,-6.40898],[-76.46623,-6.40921],[-76.46637,-6.4096],[-76.46615,-6.40983],[-76.46592,-6.4096],[-76.46535,-6.40935]]]}},{"type":"Feature","properties":{"Name":"U.H. CUENCA MAYO-LAMAS","description":"","OBJECTID":"186893","CODIGO":"FM000011","NOMBRE":"U.H. CUENCA MAYO-LAMAS","CATEGORI":" ","CLASE":" ","ZONA":"18","HAS":"957.6973","ZONEX":"18","NORMA":"LEY N\u00b0 29338","ARCHIVO":"ML26M4826","FEC_ING":"31/03/2026","ENTIDAD":"AUTORIDAD NACIONAL DEL AGUA","USO":" ","EST_GRAF":"SIN INF. COMPLETA","LEYENDA":"SIN INF. COMPLETA","SHAPE.AREA":"0.000782661384169268","SHAPE.LEN":"1.4328795377143","FEC_PUB":"1238475600000","MINERIA":"NO","TP_AREA":"FAJA MARGINAL","ORDENANZA":" ","NM_AREA":"U.H. CUENCA MAYO-LAMAS - FAJA MARGINAL","CREATOR":"WVAL0398","CREATIONDA":"1774973242000","EDITOR":"WVAL0398","EDITDATE":"1774973242000","IDENTI":"352c0b9e449245d981484e98d645763b","ESTILO":"ZONA RESERVADA"},"geometry":{"type":"Polygon","coordinates":[[[-76.73265,-6.15969],[-76.73291,-6.15959],[-76.73305,-6.1595],[-76.73319,-6.15928],[-76.73339,-6.15907],[-76.73348,-6.15886],[-76.7337,-6.15864],[-76.73405,-6.15846],[-76.73434,-6.15843],[-76.73468,-6.15849],[-76.735,-6.15869],[-76.73524,-6.15888],[-76.73552,-6.15911],[-76.73576,-6.15936],[-76.73601,-6.15959],[-76.7362,-6.15972],[-76.7364,-6.15996],[-76.7366,-6.16013],[-76.73682,-6.16036],[-76.73704,-6.16054],[-76.73715,-6.16063],[-76.73741,-6.16081],[-76.73757,-6.16087],[-76.73777,-6.16086],[-76.73807,-6.16084],[-76.73834,-6.16082],[-76.73858,-6.1608],[-76.73898,-6.1608],[-76.73942,-6.16081],[-76.7398,-6.16083],[-76.73997,-6.16083],[-76.74029,-6.16083],[-76.74064,-6.16085],[-76.74108,-6.16091],[-76.7413,-6.16105],[-76.74141,-6.16112],[-76.74154,-6.1612],[-76.74176,-6.16131],[-76.74197,-6.16148],[-76.74217,-6.16166],[-76.74238,-6.16189],[-76.74243,-6.16198],[-76.74251,-6.16203],[-76.74274,-6.16221],[-76.74278,-6.16223],[-76.74293,-6.16236],[-76.74313,-6.16254],[-76.74327,-6.16276],[-76.74342,-6.1629],[-76.7436,-6.16314],[-76.74367,-6.16329],[-76.7437,-6.16334],[-76.7439,-6.16348],[-76.74406,-6.1637],[-76.74422,-6.16377],[-76.74436,-6.16399],[-76.74439,-6.16404],[-76.74449,-6.16415],[-76.74473,-6.16421],[-76.74487,-6.16445],[-76.7449,-6.16449],[-76.74509,-6.16459],[-76.74517,-6.16482],[-76.74522,-6.1649],[-76.74526,-6.16495],[-76.74549,-6.1651],[-76.74562,-6.16525],[-76.74576,-6.16539],[-76.74594,-6.16549],[-76.74603,-6.16555],[-76.74623,-6.16565],[-76.74639,-6.16578],[-76.74649,-6.16585],[-76.74668,-6.16594],[-76.74689,-6.16613],[-76.74701,-6.16631],[-76.74713,-6.16649],[-76.74721,-6.16661],[-76.74738,-6.1667],[-76.74759,-6.16697],[-76.74766,-6.16717],[-76.74771,-6.16732],[-76.74778,-6.1675],[-76.74786,-6.16765],[-76.74791,-6.16784],[-76.74793,-6.16804],[-76.74798,-6.16823],[-76.74801,-6.16835],[-76.74808,-6.16854],[-76.7481,-6.16863],[-76.74818,-6.16871],[-76.74823,-6.16876],[-76.74828,-6.16881],[-76.7484,-6.16893],[-76.74846,-6.16899],[-76.74856,-6.16907],[-76.74873,-6.16917],[-76.74888,-6.16937],[-76.74893,-6.16943],[-76.74897,-6.16948],[-76.74911,-6.16954],[-76.74925,-6.16963],[-76.74933,-6.16966],[-76.74952,-6.16971],[-76.74965,-6.1698],[-76.74973,-6.16983],[-76.74988,-6.1699],[-76.75002,-6.16995],[-76.75024,-6.17002],[-76.75037,-6.17006],[-76.75058,-6.17012],[-76.75074,-6.17021],[-76.75089,-6.17028],[-76.75103,-6.17034],[-76.75126,-6.17042],[-76.75145,-6.17067],[-76.7515,-6.17078],[-76.75157,-6.1709],[-76.75165,-6.17106],[-76.75169,-6.17119],[-76.75175,-6.17128],[-76.75183,-6.17141],[-76.75187,-6.17146],[-76.75199,-6.17158],[-76.75207,-6.17169],[-76.75213,-6.17171],[-76.75223,-6.17176],[-76.75247,-6.17188],[-76.75251,-6.1722],[-76.75261,-6.17221],[-76.75279,-6.17218],[-76.75289,-6.17216],[-76.75306,-6.17212],[-76.75333,-6.17205],[-76.75355,-6.17205],[-76.75367,-6.17206],[-76.75382,-6.172],[-76.75412,-6.17197],[-76.75425,-6.17201],[-76.75443,-6.17204],[-76.75463,-6.17209],[-76.75488,-6.17214],[-76.75508,-6.1722],[-76.75534,-6.17225],[-76.75546,-6.17243],[-76.75554,-6.17254],[-76.75563,-6.17257],[-76.75579,-6.17261],[-76.75593,-6.17266],[-76.75608,-6.17269],[-76.75631,-6.17279],[-76.75641,-6.17288],[-76.75654,-6.17294],[-76.75673,-6.17305],[-76.75692,-6.17317],[-76.75706,-6.17323],[-76.75717,-6.17325],[-76.75723,-6.17322],[-76.75761,-6.17312],[-76.7578,-6.17344],[-76.7579,-6.17346],[-76.75824,-6.17347],[-76.75844,-6.17354],[-76.75866,-6.17363],[-76.75885,-6.17367],[-76.75904,-6.17377],[-76.75917,-6.17382],[-76.75936,-6.17384],[-76.7596,-6.17389],[-76.75989,-6.17398],[-76.75997,-6.17403],[-76.76017,-6.17405],[-76.76043,-6.1741],[-76.76065,-6.1742],[-76.7608,-6.17426],[-76.76099,-6.17438],[-76.76116,-6.17449],[-76.76133,-6.17457],[-76.76155,-6.17469],[-76.76174,-6.17484],[-76.76187,-6.17493],[-76.76201,-6.17501],[-76.76221,-6.17514],[-76.76242,-6.17527],[-76.76257,-6.1754],[-76.76273,-6.17557],[-76.76288,-6.17565],[-76.76308,-6.17583],[-76.76319,-6.17594],[-76.76332,-6.17607],[-76.76346,-6.17622],[-76.76355,-6.17629],[-76.76368,-6.17641],[-76.76375,-6.17644],[-76.76391,-6.1765],[-76.76409,-6.17651],[-76.76432,-6.17652],[-76.76453,-6.17651],[-76.76477,-6.17649],[-76.76498,-6.17648],[-76.76522,-6.17645],[-76.76548,-6.17643],[-76.7657,-6.17639],[-76.76592,-6.17633],[-76.76624,-6.17625],[-76.76657,-6.17621],[-76.76689,-6.17612],[-76.76719,-6.17603],[-76.76754,-6.17597],[-76.76792,-6.17588],[-76.76817,-6.17583],[-76.76846,-6.17576],[-76.76884,-6.17585],[-76.76901,-6.17599],[-76.76914,-6.17617],[-76.76924,-6.17637],[-76.76931,-6.17649],[-76.76938,-6.17667],[-76.76941,-6.17684],[-76.76945,-6.17703],[-76.76943,-6.17727],[-76.76943,-6.1774],[-76.76943,-6.17762],[-76.76944,-6.17776],[-76.76942,-6.17797],[-76.76944,-6.17808],[-76.76947,-6.17832],[-76.76948,-6.1784],[-76.76957,-6.1785],[-76.7697,-6.17881],[-76.76978,-6.17901],[-76.76989,-6.17931],[-76.7699,-6.17934],[-76.77015,-6.17944],[-76.77037,-6.17966],[-76.77046,-6.17975],[-76.77054,-6.1798],[-76.77069,-6.17986],[-76.77094,-6.17996],[-76.77111,-6.17998],[-76.77138,-6.18003],[-76.77161,-6.18005],[-76.77188,-6.18013],[-76.77199,-6.18018],[-76.77209,-6.18021],[-76.77236,-6.18021],[-76.77269,-6.18037],[-76.77275,-6.18042],[-76.77289,-6.18052],[-76.77309,-6.18077],[-76.77313,-6.1809],[-76.77324,-6.18112],[-76.77331,-6.18141],[-76.77335,-6.18163],[-76.77335,-6.18177],[-76.77338,-6.18187],[-76.77342,-6.18202],[-76.77345,-6.1822],[-76.77352,-6.18246],[-76.77352,-6.18257],[-76.77358,-6.18285],[-76.77365,-6.18306],[-76.77377,-6.18322],[-76.77378,-6.1833],[-76.77382,-6.18332],[-76.7739,-6.18338],[-76.77409,-6.18343],[-76.77425,-6.1835],[-76.77439,-6.18355],[-76.77463,-6.18362],[-76.77482,-6.18367],[-76.77507,-6.18372],[-76.7753,-6.18376],[-76.7755,-6.1838],[-76.77575,-6.18384],[-76.77586,-6.18385],[-76.77615,-6.18391],[-76.77627,-6.18397],[-76.77641,-6.184],[-76.77657,-6.18401],[-76.77676,-6.18399],[-76.77707,-6.18402],[-76.77731,-6.18414],[-76.77747,-6.1843],[-76.77765,-6.18435],[-76.77775,-6.18441],[-76.77792,-6.18446],[-76.77801,-6.18449],[-76.77816,-6.18451],[-76.77828,-6.18452],[-76.77849,-6.18447],[-76.77868,-6.18445],[-76.77887,-6.18441],[-76.77897,-6.18436],[-76.7792,-6.18436],[-76.77931,-6.18428],[-76.77955,-6.18417],[-76.77958,-6.18415],[-76.77979,-6.18398],[-76.78001,-6.18385],[-76.78027,-6.18374],[-76.78051,-6.18366],[-76.78075,-6.18363],[-76.78089,-6.1836],[-76.78103,-6.18352],[-76.78125,-6.18343],[-76.78152,-6.18329],[-76.78178,-6.1833],[-76.78192,-6.18332],[-76.78216,-6.18336],[-76.78236,-6.18355],[-76.78239,-6.18356],[-76.78253,-6.18359],[-76.78278,-6.18368],[-76.78301,-6.18384],[-76.78316,-6.18399],[-76.78327,-6.18418],[-76.78332,-6.18429],[-76.78346,-6.18439],[-76.78363,-6.1846],[-76.78371,-6.18474],[-76.78383,-6.18487],[-76.78395,-6.18504],[-76.78408,-6.18522],[-76.78416,-6.18539],[-76.78425,-6.18562],[-76.78428,-6.18571],[-76.78431,-6.18576],[-76.78444,-6.18587],[-76.78455,-6.18604],[-76.78463,-6.18609],[-76.78484,-6.18623],[-76.78497,-6.18632],[-76.78505,-6.18634],[-76.78532,-6.1865],[-76.78547,-6.18659],[-76.78559,-6.18668],[-76.78579,-6.1868],[-76.78591,-6.18696],[-76.78607,-6.18706],[-76.78623,-6.18722],[-76.78637,-6.18739],[-76.78652,-6.18751],[-76.78668,-6.18765],[-76.78685,-6.18778],[-76.78704,-6.18792],[-76.78721,-6.18801],[-76.78743,-6.18826],[-76.78754,-6.18852],[-76.78759,-6.18864],[-76.78768,-6.18872],[-76.78784,-6.189],[-76.78788,-6.18909],[-76.78801,-6.18934],[-76.78804,-6.18956],[-76.78801,-6.18983],[-76.78799,-6.1899],[-76.78804,-6.19],[-76.78813,-6.19025],[-76.78819,-6.19036],[-76.78828,-6.1905],[-76.7884,-6.19069],[-76.78848,-6.19086],[-76.78855,-6.1911],[-76.78857,-6.19131],[-76.78866,-6.19148],[-76.78872,-6.19171],[-76.78872,-6.19185],[-76.78874,-6.19205],[-76.78876,-6.19223],[-76.78879,-6.19239],[-76.78885,-6.19254],[-76.78891,-6.19271],[-76.78896,-6.19284],[-76.78912,-6.19303],[-76.78915,-6.19322],[-76.7892,-6.19335],[-76.78929,-6.19357],[-76.78937,-6.19377],[-76.7894,-6.19386],[-76.78947,-6.19393],[-76.78959,-6.19415],[-76.78963,-6.19422],[-76.78972,-6.19434],[-76.7898,-6.19445],[-76.78984,-6.19452],[-76.78993,-6.19456],[-76.79009,-6.19478],[-76.79017,-6.19491],[-76.79024,-6.19505],[-76.79029,-6.19513],[-76.7904,-6.19526],[-76.79054,-6.19539],[-76.7906,-6.19548],[-76.79076,-6.19562],[-76.79085,-6.19573],[-76.79093,-6.19581],[-76.79104,-6.19591],[-76.79117,-6.19606],[-76.79145,-6.19619],[-76.79151,-6.19623],[-76.79183,-6.19645],[-76.79192,-6.19661],[-76.79197,-6.19667],[-76.79212,-6.19683],[-76.79223,-6.19695],[-76.79238,-6.19719],[-76.79241,-6.19725],[-76.79252,-6.19729],[-76.79266,-6.19736],[-76.79276,-6.19739],[-76.79291,-6.19745],[-76.79298,-6.19746],[-76.79317,-6.19744],[-76.79339,-6.19751],[-76.79353,-6.19754],[-76.79363,-6.19751],[-76.79387,-6.19747],[-76.79399,-6.19746],[-76.79411,-6.19739],[-76.79443,-6.19722],[-76.79463,-6.19714],[-76.79481,-6.19704],[-76.7951,-6.19695],[-76.7954,-6.19697],[-76.79569,-6.19707],[-76.79592,-6.19722],[-76.79611,-6.19735],[-76.79629,-6.19747],[-76.79654,-6.19761],[-76.7967,-6.19777],[-76.79681,-6.19785],[-76.79702,-6.19798],[-76.79722,-6.19823],[-76.79725,-6.19831],[-76.79738,-6.19839],[-76.79749,-6.19849],[-76.79762,-6.1987],[-76.79772,-6.19873],[-76.79783,-6.19873],[-76.79804,-6.1987],[-76.79821,-6.19872],[-76.79833,-6.1987],[-76.79849,-6.19865],[-76.79864,-6.19855],[-76.79898,-6.19856],[-76.79916,-6.19862],[-76.79931,-6.19865],[-76.79953,-6.19874],[-76.79973,-6.19884],[-76.79987,-6.19892],[-76.80001,-6.19901],[-76.80015,-6.19909],[-76.80024,-6.19915],[-76.80035,-6.19917],[-76.80059,-6.19926],[-76.80069,-6.19933],[-76.80078,-6.19939],[-76.80098,-6.19957],[-76.80106,-6.19961],[-76.80117,-6.1996],[-76.8014,-6.19966],[-76.80152,-6.1997],[-76.8016,-6.1997],[-76.8019,-6.19978],[-76.80199,-6.19978],[-76.80215,-6.19977],[-76.80242,-6.19979],[-76.8026,-6.19984],[-76.80276,-6.19983],[-76.80299,-6.19988],[-76.80313,-6.19989],[-76.80336,-6.19991],[-76.80355,-6.19994],[-76.8037,-6.19994],[-76.80397,-6.19998],[-76.80419,-6.19999],[-76.80443,-6.20002],[-76.80467,-6.20005],[-76.80481,-6.2001],[-76.805,-6.20015],[-76.8052,-6.2002],[-76.8054,-6.20027],[-76.80552,-6.2003],[-76.80573,-6.20034],[-76.80598,-6.2004],[-76.80615,-6.20046],[-76.80633,-6.20047],[-76.80656,-6.20045],[-76.80675,-6.20046],[-76.80697,-6.20054],[-76.80713,-6.20062],[-76.80719,-6.20063],[-76.80739,-6.20064],[-76.80761,-6.20068],[-76.80775,-6.20066],[-76.80801,-6.20065],[-76.80824,-6.20069],[-76.80836,-6.20061],[-76.80864,-6.20061],[-76.80886,-6.20067],[-76.80912,-6.20077],[-76.80916,-6.20082],[-76.80934,-6.20088],[-76.80943,-6.20094],[-76.80966,-6.20092],[-76.80991,-6.20101],[-76.80997,-6.20104],[-76.81016,-6.2011],[-76.81031,-6.20116],[-76.81056,-6.20126],[-76.8108,-6.20136],[-76.8109,-6.20143],[-76.81111,-6.20143],[-76.81136,-6.20143],[-76.81154,-6.20143],[-76.81169,-6.20142],[-76.81193,-6.20139],[-76.81215,-6.20137],[-76.81229,-6.20132],[-76.81263,-6.2012],[-76.8128,-6.2012],[-76.81298,-6.20118],[-76.81315,-6.20114],[-76.8133,-6.20111],[-76.81337,-6.20106],[-76.81346,-6.20097],[-76.81354,-6.20088],[-76.8137,-6.20067],[-76.8139,-6.20056],[-76.81391,-6.20055],[-76.81404,-6.20036],[-76.81417,-6.20019],[-76.81433,-6.2001],[-76.81447,-6.20003],[-76.81454,-6.2],[-76.81485,-6.19993],[-76.81499,-6.2001],[-76.81501,-6.20011],[-76.81512,-6.20014],[-76.81525,-6.20012],[-76.8154,-6.20016],[-76.81562,-6.20013],[-76.81579,-6.20017],[-76.81604,-6.20031],[-76.81612,-6.20031],[-76.81632,-6.20032],[-76.81653,-6.20046],[-76.81664,-6.20047],[-76.81688,-6.20057],[-76.81693,-6.2006],[-76.81703,-6.20063],[-76.81719,-6.20064],[-76.81733,-6.20065],[-76.81757,-6.2007],[-76.81774,-6.20096],[-76.81787,-6.20101],[-76.81806,-6.20105],[-76.81822,-6.20113],[-76.8184,-6.20121],[-76.81849,-6.20127],[-76.81859,-6.20132],[-76.81869,-6.20134],[-76.81886,-6.20135],[-76.81905,-6.20138],[-76.81925,-6.20151],[-76.81934,-6.20154],[-76.81945,-6.20157],[-76.81953,-6.20157],[-76.81968,-6.20154],[-76.81982,-6.20151],[-76.82001,-6.20147],[-76.82021,-6.20144],[-76.82045,-6.20146],[-76.82058,-6.20148],[-76.8207,-6.20149],[-76.82087,-6.2015],[-76.82107,-6.20155],[-76.82119,-6.20155],[-76.82137,-6.20155],[-76.82158,-6.20155],[-76.82183,-6.20163],[-76.82205,-6.20175],[-76.82214,-6.20181],[-76.82224,-6.2019],[-76.82231,-6.20194],[-76.82255,-6.20205],[-76.82271,-6.20212],[-76.82293,-6.20221],[-76.82312,-6.20227],[-76.82342,-6.20238],[-76.82354,-6.20247],[-76.82364,-6.20251],[-76.82378,-6.2025],[-76.82404,-6.20237],[-76.82427,-6.20226],[-76.82453,-6.20214],[-76.82461,-6.2021],[-76.82473,-6.20195],[-76.82487,-6.20179],[-76.82505,-6.20158],[-76.82512,-6.20144],[-76.82536,-6.20124],[-76.82558,-6.20112],[-76.82584,-6.20101],[-76.826,-6.20093],[-76.82624,-6.20081],[-76.82645,-6.20071],[-76.82662,-6.20062],[-76.82686,-6.2005],[-76.82706,-6.2004],[-76.82726,-6.20027],[-76.82754,-6.20018],[-76.82772,-6.20014],[-76.82783,-6.20009],[-76.82796,-6.20002],[-76.82811,-6.19994],[-76.82828,-6.19987],[-76.82854,-6.19983],[-76.82874,-6.19985],[-76.82891,-6.19986],[-76.82899,-6.19986],[-76.82907,-6.19976],[-76.82911,-6.19969],[-76.82911,-6.1996],[-76.82912,-6.1994],[-76.82912,-6.19919],[-76.82913,-6.19893],[-76.82913,-6.19875],[-76.82911,-6.19845],[-76.82912,-6.19819],[-76.82909,-6.19797],[-76.82903,-6.19766],[-76.82896,-6.19739],[-76.82893,-6.19726],[-76.82888,-6.19697],[-76.82902,-6.19668],[-76.82909,-6.19658],[-76.82921,-6.19638],[-76.82934,-6.19618],[-76.82945,-6.19601],[-76.82945,-6.19591],[-76.82944,-6.19569],[-76.82939,-6.19553],[-76.82934,-6.19537],[-76.82928,-6.19511],[-76.82922,-6.19478],[-76.82921,-6.19438],[-76.82928,-6.19409],[-76.82937,-6.19382],[-76.82946,-6.19363],[-76.82953,-6.19342],[-76.82963,-6.19322],[-76.82969,-6.19297],[-76.82985,-6.19257],[-76.83006,-6.19228],[-76.83027,-6.192],[-76.83044,-6.19176],[-76.8306,-6.19156],[-76.83074,-6.19144],[-76.83083,-6.19127],[-76.83089,-6.19108],[-76.831,-6.19087],[-76.83111,-6.19067],[-76.83112,-6.19045],[-76.83115,-6.19017],[-76.83117,-6.19002],[-76.83114,-6.18977],[-76.8311,-6.18953],[-76.83108,-6.18931],[-76.83101,-6.18914],[-76.8309,-6.18892],[-76.83084,-6.18876],[-76.83075,-6.18851],[-76.83076,-6.18823],[-76.83074,-6.18805],[-76.83065,-6.18786],[-76.83057,-6.18772],[-76.83046,-6.18761],[-76.83029,-6.18739],[-76.83014,-6.18713],[-76.83007,-6.18685],[-76.82999,-6.18657],[-76.82995,-6.18646],[-76.82989,-6.18642],[-76.82966,-6.18623],[-76.82972,-6.18581],[-76.82972,-6.18564],[-76.8297,-6.18541],[-76.82966,-6.18527],[-76.82963,-6.18499],[-76.82961,-6.18478],[-76.82954,-6.18449],[-76.82954,-6.18421],[-76.82951,-6.18406],[-76.82947,-6.18389],[-76.8294,-6.18377],[-76.82931,-6.1836],[-76.82924,-6.18332],[-76.82921,-6.18312],[-76.82917,-6.18286],[-76.82912,-6.18262],[-76.8291,-6.18238],[-76.82906,-6.18221],[-76.82904,-6.18198],[-76.82903,-6.18171],[-76.82904,-6.18144],[-76.82902,-6.18127],[-76.82897,-6.18105],[-76.8289,-6.18087],[-76.82881,-6.18061],[-76.8288,-6.18038],[-76.82872,-6.18015],[-76.82866,-6.18003],[-76.8285,-6.17974],[-76.82845,-6.1795],[-76.82843,-6.17933],[-76.82839,-6.17903],[-76.8284,-6.17877],[-76.82845,-6.17846],[-76.82849,-6.17835],[-76.82846,-6.17824],[-76.82839,-6.17804],[-76.82833,-6.17781],[-76.8283,-6.17769],[-76.82823,-6.17744],[-76.82818,-6.17725],[-76.8281,-6.17715],[-76.82795,-6.17689],[-76.82792,-6.17668],[-76.82784,-6.17651],[-76.82772,-6.17638],[-76.82761,-6.17613],[-76.8275,-6.17589],[-76.82744,-6.17554],[-76.82749,-6.17521],[-76.82753,-6.17494],[-76.82759,-6.17471],[-76.82768,-6.1745],[-76.82782,-6.17426],[-76.82787,-6.17413],[-76.82791,-6.17396],[-76.82803,-6.1737],[-76.828,-6.17349],[-76.82798,-6.17336],[-76.82795,-6.17319],[-76.82794,-6.17292],[-76.82802,-6.17281],[-76.82807,-6.17268],[-76.8281,-6.17245],[-76.82822,-6.17217],[-76.82836,-6.17202],[-76.8285,-6.17189],[-76.82864,-6.17173],[-76.82878,-6.17159],[-76.82888,-6.17139],[-76.82893,-6.17119],[-76.82894,-6.17112],[-76.82893,-6.17103],[-76.82889,-6.17094],[-76.82876,-6.17077],[-76.8287,-6.1707],[-76.82849,-6.17044],[-76.82844,-6.17031],[-76.82839,-6.17027],[-76.82823,-6.17008],[-76.82819,-6.16997],[-76.82812,-6.16993],[-76.82818,-6.1698],[-76.82804,-6.16963],[-76.82799,-6.16942],[-76.82802,-6.16908],[-76.82808,-6.16884],[-76.8282,-6.16849],[-76.8283,-6.16823],[-76.82842,-6.16797],[-76.82857,-6.16761],[-76.82868,-6.16736],[-76.82881,-6.16709],[-76.82894,-6.16686],[-76.82966,-6.16702],[-76.82961,-6.16712],[-76.82947,-6.16742],[-76.82937,-6.16765],[-76.82926,-6.16783],[-76.82911,-6.168],[-76.82905,-6.16813],[-76.82903,-6.16833],[-76.82901,-6.16858],[-76.82897,-6.16878],[-76.82896,-6.16893],[-76.82897,-6.1691],[-76.82906,-6.16925],[-76.82918,-6.16944],[-76.82927,-6.16956],[-76.82941,-6.1697],[-76.82961,-6.16985],[-76.82979,-6.17006],[-76.82985,-6.17033],[-76.82985,-6.17059],[-76.82986,-6.17075],[-76.82992,-6.17099],[-76.82992,-6.17123],[-76.82989,-6.17149],[-76.82982,-6.17171],[-76.82976,-6.17194],[-76.82969,-6.17222],[-76.82962,-6.17251],[-76.8295,-6.17277],[-76.82939,-6.17297],[-76.82929,-6.17316],[-76.82919,-6.17335],[-76.82911,-6.17355],[-76.82899,-6.17379],[-76.82889,-6.17399],[-76.8288,-6.1742],[-76.8287,-6.1744],[-76.82863,-6.17465],[-76.82858,-6.17481],[-76.82853,-6.17505],[-76.82853,-6.17525],[-76.82857,-6.17545],[-76.82862,-6.1757],[-76.82866,-6.17593],[-76.82874,-6.17614],[-76.82884,-6.17638],[-76.82889,-6.17653],[-76.82898,-6.17677],[-76.82901,-6.17705],[-76.82902,-6.1772],[-76.82907,-6.17743],[-76.8291,-6.17763],[-76.82916,-6.17791],[-76.8292,-6.17809],[-76.82925,-6.17832],[-76.82929,-6.17855],[-76.8293,-6.17878],[-76.82922,-6.179],[-76.82922,-6.1792],[-76.82927,-6.17943],[-76.82934,-6.17961],[-76.82945,-6.17983],[-76.82951,-6.18003],[-76.82956,-6.18021],[-76.82962,-6.18039],[-76.82964,-6.18063],[-76.82965,-6.18077],[-76.82971,-6.18096],[-76.82979,-6.18124],[-76.82983,-6.18147],[-76.82981,-6.1817],[-76.82984,-6.18192],[-76.82988,-6.1821],[-76.82994,-6.18231],[-76.83,-6.18251],[-76.83005,-6.18267],[-76.83012,-6.18293],[-76.83018,-6.18316],[-76.83024,-6.18334],[-76.83029,-6.18351],[-76.83036,-6.18368],[-76.83042,-6.18394],[-76.83044,-6.18415],[-76.83043,-6.18433],[-76.83045,-6.1845],[-76.83044,-6.18477],[-76.83044,-6.18499],[-76.83048,-6.18519],[-76.83054,-6.1854],[-76.83063,-6.18556],[-76.83075,-6.18567],[-76.83086,-6.18577],[-76.83105,-6.1859],[-76.83121,-6.18605],[-76.83135,-6.18618],[-76.83148,-6.18629],[-76.83163,-6.1865],[-76.83169,-6.18676],[-76.83166,-6.187],[-76.83164,-6.18719],[-76.83153,-6.18733],[-76.83152,-6.18742],[-76.83156,-6.18765],[-76.83164,-6.18796],[-76.83168,-6.18818],[-76.83178,-6.18845],[-76.8319,-6.18876],[-76.83197,-6.18907],[-76.83203,-6.18938],[-76.83215,-6.18959],[-76.83231,-6.18975],[-76.83242,-6.18987],[-76.83255,-6.19006],[-76.83253,-6.19031],[-76.83228,-6.19049],[-76.83212,-6.19057],[-76.83202,-6.19068],[-76.8319,-6.19093],[-76.8318,-6.19125],[-76.83163,-6.19158],[-76.83145,-6.19188],[-76.83124,-6.19213],[-76.8311,-6.19239],[-76.83096,-6.19262],[-76.83079,-6.1928],[-76.83062,-6.19299],[-76.83048,-6.19321],[-76.83039,-6.19347],[-76.83034,-6.19366],[-76.83032,-6.1939],[-76.83032,-6.19422],[-76.83031,-6.19449],[-76.83026,-6.19474],[-76.83026,-6.19497],[-76.83031,-6.19523],[-76.83034,-6.19559],[-76.83028,-6.1959],[-76.83023,-6.1961],[-76.83022,-6.19627],[-76.83017,-6.19657],[-76.83012,-6.1968],[-76.83005,-6.19702],[-76.82997,-6.19723],[-76.82991,-6.19747],[-76.82988,-6.19767],[-76.82986,-6.19779],[-76.82987,-6.19793],[-76.8299,-6.19816],[-76.82993,-6.19831],[-76.82992,-6.19848],[-76.82998,-6.19866],[-76.83004,-6.19888],[-76.83009,-6.19903],[-76.83014,-6.19915],[-76.83019,-6.19939],[-76.8301,-6.19957],[-76.83003,-6.1998],[-76.82997,-6.20003],[-76.82991,-6.20026],[-76.82973,-6.20045],[-76.82968,-6.20055],[-76.82962,-6.20078],[-76.82948,-6.20109],[-76.82914,-6.20121],[-76.82884,-6.20127],[-76.82856,-6.20129],[-76.82834,-6.20126],[-76.82812,-6.20118],[-76.82794,-6.20111],[-76.82776,-6.20109],[-76.82755,-6.20114],[-76.82734,-6.20121],[-76.82719,-6.20128],[-76.827,-6.20142],[-76.82678,-6.20154],[-76.82663,-6.20161],[-76.82647,-6.20165],[-76.8264,-6.2017],[-76.82634,-6.20179],[-76.82615,-6.20199],[-76.82599,-6.20213],[-76.82578,-6.20228],[-76.82561,-6.20243],[-76.82539,-6.20267],[-76.82517,-6.20287],[-76.82488,-6.20306],[-76.82454,-6.20325],[-76.82422,-6.20339],[-76.82394,-6.20347],[-76.82363,-6.20357],[-76.82332,-6.20359],[-76.82307,-6.2036],[-76.82284,-6.20362],[-76.82255,-6.20361],[-76.82227,-6.20356],[-76.82204,-6.20349],[-76.82174,-6.20336],[-76.82143,-6.20321],[-76.82121,-6.20306],[-76.82099,-6.20288],[-76.82083,-6.20271],[-76.82065,-6.20253],[-76.82055,-6.20245],[-76.82038,-6.20239],[-76.82024,-6.2024],[-76.82001,-6.20256],[-76.81977,-6.20266],[-76.81956,-6.20274],[-76.81928,-6.20267],[-76.81893,-6.20239],[-76.81892,-6.20234],[-76.81879,-6.20226],[-76.81864,-6.20212],[-76.81851,-6.20206],[-76.81828,-6.20205],[-76.81802,-6.20204],[-76.81784,-6.20203],[-76.81759,-6.20206],[-76.81735,-6.20201],[-76.81715,-6.20188],[-76.81703,-6.2017],[-76.8169,-6.20157],[-76.81679,-6.20148],[-76.81668,-6.20139],[-76.81646,-6.20133],[-76.81629,-6.2013],[-76.81595,-6.20123],[-76.81567,-6.20114],[-76.81539,-6.20106],[-76.81518,-6.20102],[-76.81493,-6.20104],[-76.8147,-6.20112],[-76.81451,-6.20123],[-76.81433,-6.20139],[-76.81402,-6.20162],[-76.81374,-6.20178],[-76.81346,-6.20189],[-76.81309,-6.202],[-76.81275,-6.20213],[-76.81238,-6.20218],[-76.81201,-6.20225],[-76.81167,-6.20227],[-76.81133,-6.20228],[-76.81105,-6.20224],[-76.81065,-6.20218],[-76.81029,-6.20207],[-76.80997,-6.20196],[-76.8097,-6.20189],[-76.80934,-6.20176],[-76.80887,-6.20163],[-76.80855,-6.20157],[-76.80815,-6.20156],[-76.80783,-6.20162],[-76.8076,-6.2017],[-76.80726,-6.20179],[-76.80701,-6.20178],[-76.80676,-6.20169],[-76.80662,-6.20153],[-76.80654,-6.20138],[-76.80646,-6.20131],[-76.80627,-6.20122],[-76.80604,-6.20113],[-76.80578,-6.20104],[-76.80548,-6.20096],[-76.80525,-6.2009],[-76.80507,-6.20088],[-76.80484,-6.20089],[-76.80455,-6.20088],[-76.80431,-6.20088],[-76.80407,-6.20086],[-76.80383,-6.20085],[-76.80359,-6.20081],[-76.80338,-6.20077],[-76.80312,-6.20076],[-76.80286,-6.2007],[-76.80266,-6.20065],[-76.80246,-6.20062],[-76.80218,-6.2006],[-76.80194,-6.20059],[-76.80172,-6.20058],[-76.80154,-6.2006],[-76.80132,-6.20057],[-76.8012,-6.20057],[-76.80097,-6.20056],[-76.80073,-6.20049],[-76.80048,-6.20041],[-76.80029,-6.20032],[-76.80008,-6.20018],[-76.79996,-6.20007],[-76.79982,-6.20005],[-76.79968,-6.19992],[-76.79961,-6.19985],[-76.79947,-6.19979],[-76.79925,-6.19971],[-76.79905,-6.19965],[-76.79883,-6.19961],[-76.79861,-6.19956],[-76.79846,-6.19956],[-76.79837,-6.19966],[-76.79823,-6.19983],[-76.79803,-6.19993],[-76.79782,-6.19996],[-76.7976,-6.19995],[-76.7974,-6.19988],[-76.79721,-6.19981],[-76.79701,-6.19967],[-76.79693,-6.1996],[-76.79677,-6.19952],[-76.79661,-6.19941],[-76.79649,-6.19928],[-76.79644,-6.19907],[-76.7964,-6.19899],[-76.79631,-6.1988],[-76.79628,-6.19874],[-76.79618,-6.19864],[-76.79605,-6.19851],[-76.79598,-6.19839],[-76.79592,-6.19834],[-76.79583,-6.19821],[-76.79583,-6.19803],[-76.79583,-6.19799],[-76.79576,-6.19795],[-76.79555,-6.19791],[-76.79535,-6.19788],[-76.79519,-6.19789],[-76.79502,-6.198],[-76.79476,-6.19812],[-76.79453,-6.19822],[-76.7943,-6.19827],[-76.79417,-6.19831],[-76.79401,-6.19838],[-76.79376,-6.19847],[-76.79352,-6.19846],[-76.7934,-6.19839],[-76.79327,-6.19831],[-76.79316,-6.1983],[-76.79299,-6.1983],[-76.79275,-6.19832],[-76.79246,-6.19834],[-76.79224,-6.19835],[-76.79199,-6.19834],[-76.79181,-6.19827],[-76.79172,-6.19819],[-76.79155,-6.19803],[-76.79146,-6.19785],[-76.79139,-6.19773],[-76.79129,-6.19757],[-76.79115,-6.19736],[-76.79102,-6.19715],[-76.79089,-6.19693],[-76.79073,-6.19677],[-76.79056,-6.19668],[-76.79035,-6.19656],[-76.79024,-6.19645],[-76.79015,-6.19635],[-76.79003,-6.19627],[-76.78985,-6.19614],[-76.78974,-6.19602],[-76.78962,-6.19581],[-76.78956,-6.19569],[-76.78947,-6.19557],[-76.78937,-6.19546],[-76.7892,-6.19531],[-76.7891,-6.19506],[-76.78905,-6.19496],[-76.78897,-6.19481],[-76.78889,-6.19465],[-76.78877,-6.19449],[-76.78865,-6.19431],[-76.78852,-6.19418],[-76.78845,-6.19401],[-76.78834,-6.19379],[-76.78828,-6.1936],[-76.78821,-6.19344],[-76.78816,-6.19324],[-76.78809,-6.19303],[-76.78799,-6.19289],[-76.78792,-6.19279],[-76.78782,-6.19264],[-76.78776,-6.19243],[-76.78773,-6.19227],[-76.78774,-6.19211],[-76.78774,-6.1919],[-76.7877,-6.19171],[-76.78768,-6.19161],[-76.78763,-6.19139],[-76.78757,-6.19117],[-76.78758,-6.19099],[-76.78759,-6.19089],[-76.7875,-6.19073],[-76.7874,-6.19052],[-76.78724,-6.19034],[-76.7871,-6.19003],[-76.787,-6.18978],[-76.78689,-6.18951],[-76.78687,-6.1893],[-76.78689,-6.18918],[-76.78687,-6.18909],[-76.78676,-6.1889],[-76.7866,-6.18873],[-76.78646,-6.18859],[-76.78631,-6.18843],[-76.78615,-6.18831],[-76.786,-6.18816],[-76.78587,-6.18804],[-76.78571,-6.1879],[-76.78563,-6.18777],[-76.7855,-6.18761],[-76.7854,-6.18751],[-76.78528,-6.18743],[-76.78507,-6.18729],[-76.78474,-6.18715],[-76.78454,-6.18697],[-76.78439,-6.18684],[-76.78425,-6.18677],[-76.784,-6.18659],[-76.78379,-6.18643],[-76.78364,-6.18627],[-76.78356,-6.1861],[-76.7835,-6.1859],[-76.78342,-6.18572],[-76.78331,-6.18553],[-76.78322,-6.18534],[-76.78309,-6.18518],[-76.78292,-6.18502],[-76.78272,-6.18489],[-76.78256,-6.18475],[-76.78242,-6.18469],[-76.78219,-6.18467],[-76.78203,-6.18454],[-76.78183,-6.1844],[-76.78161,-6.18429],[-76.7814,-6.18429],[-76.78109,-6.18442],[-76.78081,-6.18454],[-76.78045,-6.18467],[-76.7801,-6.1848],[-76.77979,-6.18491],[-76.77946,-6.18501],[-76.77913,-6.18508],[-76.77887,-6.18512],[-76.77864,-6.18516],[-76.77835,-6.1852],[-76.77806,-6.1852],[-76.7778,-6.18518],[-76.7776,-6.18511],[-76.77743,-6.18507],[-76.77721,-6.18499],[-76.77696,-6.18487],[-76.77674,-6.18478],[-76.77656,-6.18473],[-76.77637,-6.18474],[-76.776,-6.18471],[-76.77579,-6.18464],[-76.77556,-6.18465],[-76.77528,-6.18462],[-76.77506,-6.18456],[-76.77485,-6.1845],[-76.77459,-6.18442],[-76.77437,-6.18435],[-76.77412,-6.18433],[-76.77387,-6.18428],[-76.77357,-6.18421],[-76.77341,-6.18411],[-76.77325,-6.18409],[-76.77296,-6.18387],[-76.77287,-6.18372],[-76.77282,-6.18364],[-76.77267,-6.18347],[-76.77257,-6.18334],[-76.77252,-6.18316],[-76.77245,-6.18296],[-76.77245,-6.18277],[-76.77245,-6.18254],[-76.77244,-6.18236],[-76.77243,-6.18217],[-76.7725,-6.18197],[-76.77251,-6.18182],[-76.77249,-6.18165],[-76.77243,-6.18156],[-76.77238,-6.18138],[-76.77236,-6.18129],[-76.77226,-6.1812],[-76.77202,-6.18114],[-76.77175,-6.18103],[-76.77152,-6.18097],[-76.7713,-6.18093],[-76.77109,-6.18089],[-76.77078,-6.18085],[-76.77044,-6.18078],[-76.77013,-6.18069],[-76.76987,-6.18052],[-76.76972,-6.18037],[-76.76965,-6.1803],[-76.76945,-6.18017],[-76.76924,-6.17987],[-76.76911,-6.17961],[-76.76895,-6.1793],[-76.76886,-6.17902],[-76.76876,-6.17883],[-76.76871,-6.1786],[-76.76865,-6.17838],[-76.7686,-6.17817],[-76.76863,-6.17804],[-76.76859,-6.1779],[-76.76861,-6.17754],[-76.76862,-6.17723],[-76.76866,-6.17698],[-76.76864,-6.17682],[-76.76857,-6.17665],[-76.76851,-6.17661],[-76.7683,-6.17666],[-76.76794,-6.17672],[-76.76763,-6.17682],[-76.76737,-6.17693],[-76.76704,-6.17702],[-76.7667,-6.17711],[-76.76636,-6.17723],[-76.76602,-6.17731],[-76.76577,-6.17737],[-76.76546,-6.17745],[-76.76521,-6.17753],[-76.76499,-6.17759],[-76.76475,-6.1776],[-76.76457,-6.17759],[-76.76433,-6.1776],[-76.76416,-6.17764],[-76.76395,-6.17771],[-76.76366,-6.17763],[-76.7634,-6.1776],[-76.76319,-6.17758],[-76.76299,-6.17744],[-76.76293,-6.17731],[-76.76281,-6.17714],[-76.76267,-6.17685],[-76.7626,-6.17668],[-76.7625,-6.17654],[-76.76241,-6.17642],[-76.76225,-6.17628],[-76.76214,-6.17623],[-76.76191,-6.1762],[-76.76172,-6.17611],[-76.76158,-6.17595],[-76.76147,-6.17588],[-76.76134,-6.17579],[-76.76114,-6.17569],[-76.76094,-6.17561],[-76.76073,-6.17555],[-76.7605,-6.17547],[-76.76033,-6.17523],[-76.76021,-6.17513],[-76.75999,-6.17502],[-76.75988,-6.17499],[-76.75974,-6.17503],[-76.75954,-6.17496],[-76.75936,-6.17491],[-76.7591,-6.17482],[-76.75882,-6.17474],[-76.75849,-6.17461],[-76.75811,-6.1745],[-76.75779,-6.17442],[-76.75738,-6.17434],[-76.7571,-6.17423],[-76.75674,-6.17409],[-76.75642,-6.17402],[-76.75616,-6.17388],[-76.75591,-6.17374],[-76.75579,-6.17365],[-76.75553,-6.17352],[-76.75533,-6.17338],[-76.75519,-6.17329],[-76.75499,-6.17325],[-76.75479,-6.17321],[-76.75461,-6.17322],[-76.75444,-6.17326],[-76.75425,-6.1733],[-76.75401,-6.17333],[-76.7538,-6.17328],[-76.75359,-6.17322],[-76.75345,-6.17321],[-76.75321,-6.17325],[-76.75297,-6.17328],[-76.75279,-6.17323],[-76.75263,-6.17322],[-76.7524,-6.17321],[-76.75212,-6.17315],[-76.75191,-6.17306],[-76.7518,-6.17289],[-76.75171,-6.17275],[-76.75158,-6.17257],[-76.75146,-6.17245],[-76.75132,-6.17223],[-76.75121,-6.17207],[-76.75097,-6.17184],[-76.75077,-6.17165],[-76.75072,-6.17151],[-76.75057,-6.17131],[-76.75041,-6.17119],[-76.75021,-6.17108],[-76.75002,-6.17102],[-76.74985,-6.17096],[-76.74966,-6.17078],[-76.74961,-6.17075],[-76.74947,-6.1707],[-76.74925,-6.17066],[-76.74903,-6.1706],[-76.74888,-6.17056],[-76.74859,-6.17045],[-76.74851,-6.17021],[-76.7485,-6.1701],[-76.74843,-6.16998],[-76.74833,-6.16986],[-76.74824,-6.16979],[-76.74811,-6.16969],[-76.74793,-6.16958],[-76.74777,-6.16946],[-76.74759,-6.16924],[-76.74746,-6.16907],[-76.7474,-6.16897],[-76.74734,-6.16883],[-76.74725,-6.16875],[-76.74716,-6.16857],[-76.74713,-6.16838],[-76.74714,-6.16818],[-76.74709,-6.16806],[-76.74705,-6.16793],[-76.74698,-6.16775],[-76.74688,-6.16755],[-76.74685,-6.16746],[-76.7468,-6.16745],[-76.74665,-6.16737],[-76.74656,-6.16725],[-76.74644,-6.16714],[-76.74633,-6.16699],[-76.74625,-6.16687],[-76.74617,-6.16679],[-76.74606,-6.16678],[-76.74584,-6.16671],[-76.74564,-6.16655],[-76.74555,-6.16645],[-76.7455,-6.16636],[-76.74537,-6.16627],[-76.74526,-6.16618],[-76.74515,-6.16609],[-76.745,-6.16598],[-76.7449,-6.16585],[-76.74481,-6.16574],[-76.7447,-6.16563],[-76.74462,-6.16552],[-76.74451,-6.16531],[-76.74444,-6.16518],[-76.74434,-6.16503],[-76.74432,-6.16498],[-76.74419,-6.16486],[-76.74403,-6.16471],[-76.74385,-6.16452],[-76.74371,-6.1644],[-76.74359,-6.16428],[-76.74338,-6.16415],[-76.74326,-6.16397],[-76.74319,-6.16384],[-76.74312,-6.16372],[-76.74304,-6.16368],[-76.74291,-6.16361],[-76.7428,-6.16346],[-76.74273,-6.16335],[-76.74263,-6.16325],[-76.74253,-6.16311],[-76.74249,-6.16296],[-76.74241,-6.16288],[-76.74228,-6.16278],[-76.74213,-6.16265],[-76.742,-6.16252],[-76.74185,-6.1624],[-76.74179,-6.16231],[-76.74161,-6.16221],[-76.74133,-6.16206],[-76.74111,-6.16195],[-76.74085,-6.16189],[-76.74064,-6.16184],[-76.74045,-6.16181],[-76.74027,-6.16179],[-76.74004,-6.16178],[-76.73982,-6.16176],[-76.73957,-6.16177],[-76.73931,-6.16175],[-76.73909,-6.16172],[-76.73893,-6.16173],[-76.73862,-6.16173],[-76.73842,-6.16169],[-76.73823,-6.16168],[-76.73806,-6.1617],[-76.7379,-6.16171],[-76.73772,-6.16175],[-76.73757,-6.1617],[-76.73746,-6.16164],[-76.73735,-6.16163],[-76.73711,-6.16158],[-76.73684,-6.16146],[-76.73673,-6.1614],[-76.73654,-6.16126],[-76.73638,-6.16114],[-76.7363,-6.16103],[-76.73622,-6.16096],[-76.73609,-6.16085],[-76.73595,-6.16074],[-76.73587,-6.16067],[-76.73574,-6.16056],[-76.73562,-6.16046],[-76.73541,-6.16026],[-76.73508,-6.16009],[-76.73481,-6.15993],[-76.73458,-6.15984],[-76.73432,-6.15972],[-76.7342,-6.15971],[-76.73409,-6.15982],[-76.73392,-6.16005],[-76.73366,-6.16024],[-76.73339,-6.16036],[-76.73312,-6.16049],[-76.73269,-6.1606],[-76.73245,-6.16066],[-76.73219,-6.16072],[-76.73192,-6.16082],[-76.73174,-6.16092],[-76.7316,-6.16105],[-76.73141,-6.16127],[-76.73127,-6.16145],[-76.73111,-6.16162],[-76.73103,-6.1618],[-76.73093,-6.16207],[-76.73076,-6.16232],[-76.73061,-6.16257],[-76.73052,-6.16277],[-76.73038,-6.16296],[-76.73024,-6.16317],[-76.73014,-6.16339],[-76.73007,-6.16365],[-76.72991,-6.16381],[-76.72971,-6.16399],[-76.72944,-6.16414],[-76.72923,-6.16427],[-76.72898,-6.16443],[-76.72866,-6.16456],[-76.72842,-6.16464],[-76.72832,-6.16469],[-76.7282,-6.1649],[-76.72808,-6.16513],[-76.72791,-6.16526],[-76.72783,-6.16538],[-76.72777,-6.16554],[-76.72775,-6.16576],[-76.72775,-6.16597],[-76.72774,-6.16615],[-76.72774,-6.16645],[-76.72773,-6.16668],[-76.72768,-6.16698],[-76.72763,-6.16719],[-76.72758,-6.16744],[-76.72744,-6.16769],[-76.7273,-6.16785],[-76.72726,-6.16802],[-76.72728,-6.16822],[-76.72729,-6.16848],[-76.72728,-6.16873],[-76.72728,-6.16899],[-76.7273,-6.16926],[-76.72732,-6.16953],[-76.72729,-6.16976],[-76.72728,-6.17],[-76.72725,-6.17022],[-76.7272,-6.17044],[-76.72712,-6.17069],[-76.72705,-6.17097],[-76.72698,-6.17121],[-76.72691,-6.17133],[-76.72687,-6.17165],[-76.72682,-6.17192],[-76.72682,-6.17219],[-76.72686,-6.17241],[-76.72695,-6.17264],[-76.72696,-6.1729],[-76.72678,-6.17304],[-76.72676,-6.17313],[-76.72676,-6.17342],[-76.72678,-6.17372],[-76.72671,-6.17404],[-76.72664,-6.17445],[-76.72658,-6.17471],[-76.72651,-6.17501],[-76.72638,-6.17527],[-76.72624,-6.17552],[-76.7261,-6.17571],[-76.72592,-6.17599],[-76.7257,-6.17623],[-76.72545,-6.1765],[-76.72521,-6.17666],[-76.72499,-6.17673],[-76.72481,-6.17679],[-76.72459,-6.17691],[-76.72439,-6.17707],[-76.72423,-6.17727],[-76.72404,-6.17747],[-76.72382,-6.17771],[-76.72363,-6.17791],[-76.72349,-6.17811],[-76.72341,-6.17832],[-76.72335,-6.17859],[-76.72325,-6.17879],[-76.7232,-6.17895],[-76.72317,-6.17919],[-76.7231,-6.17938],[-76.72303,-6.17962],[-76.72294,-6.17988],[-76.72279,-6.18009],[-76.72271,-6.18026],[-76.72261,-6.18043],[-76.72248,-6.1806],[-76.72227,-6.18074],[-76.72199,-6.1809],[-76.72164,-6.18089],[-76.72137,-6.18078],[-76.72108,-6.18072],[-76.72081,-6.18064],[-76.72056,-6.18062],[-76.7202,-6.18055],[-76.71986,-6.18049],[-76.7196,-6.18046],[-76.71942,-6.18045],[-76.7193,-6.18047],[-76.71905,-6.18051],[-76.71891,-6.18059],[-76.71877,-6.18073],[-76.71863,-6.18092],[-76.71849,-6.18112],[-76.71834,-6.18138],[-76.71821,-6.18158],[-76.71808,-6.18177],[-76.71798,-6.18196],[-76.71794,-6.18214],[-76.71789,-6.18243],[-76.71777,-6.18267],[-76.7176,-6.18286],[-76.7174,-6.18297],[-76.71715,-6.18314],[-76.71687,-6.18326],[-76.71668,-6.18342],[-76.71657,-6.18362],[-76.71648,-6.18387],[-76.71645,-6.18412],[-76.71648,-6.18434],[-76.71654,-6.18461],[-76.71663,-6.18483],[-76.71672,-6.1851],[-76.71676,-6.18534],[-76.71682,-6.18558],[-76.71694,-6.18587],[-76.717,-6.18609],[-76.71713,-6.18638],[-76.71726,-6.1866],[-76.71737,-6.18681],[-76.7175,-6.18713],[-76.71757,-6.18728],[-76.71776,-6.18756],[-76.71785,-6.18788],[-76.71796,-6.18815],[-76.71803,-6.18849],[-76.71807,-6.18881],[-76.71805,-6.18914],[-76.718,-6.18937],[-76.71791,-6.18958],[-76.71778,-6.1898],[-76.71761,-6.19],[-76.71732,-6.19026],[-76.71708,-6.19045],[-76.71691,-6.19057],[-76.71676,-6.19074],[-76.71654,-6.19097],[-76.71624,-6.19134],[-76.71601,-6.19153],[-76.71581,-6.19172],[-76.71557,-6.19188],[-76.71539,-6.19205],[-76.71521,-6.19226],[-76.71497,-6.19254],[-76.71482,-6.1927],[-76.71462,-6.19294],[-76.71448,-6.19312],[-76.71432,-6.19333],[-76.71419,-6.19357],[-76.71402,-6.19376],[-76.71384,-6.19397],[-76.71367,-6.19422],[-76.71349,-6.19446],[-76.71329,-6.19477],[-76.71311,-6.19498],[-76.71294,-6.19518],[-76.71277,-6.19537],[-76.71253,-6.19564],[-76.71233,-6.19586],[-76.71214,-6.19608],[-76.71195,-6.19627],[-76.71168,-6.1965],[-76.71138,-6.19664],[-76.71118,-6.19674],[-76.71086,-6.19695],[-76.71057,-6.19705],[-76.71021,-6.19717],[-76.70993,-6.19725],[-76.70965,-6.19727],[-76.70935,-6.19716],[-76.70919,-6.19707],[-76.70904,-6.197],[-76.70889,-6.19687],[-76.7088,-6.19684],[-76.70861,-6.19679],[-76.7084,-6.19672],[-76.70814,-6.19673],[-76.70797,-6.19678],[-76.70783,-6.19699],[-76.70765,-6.19719],[-76.7075,-6.19743],[-76.70721,-6.1977],[-76.70705,-6.19785],[-76.70693,-6.198],[-76.70681,-6.19821],[-76.70669,-6.19845],[-76.70652,-6.19867],[-76.70638,-6.19889],[-76.7064,-6.19902],[-76.70647,-6.19918],[-76.70662,-6.19934],[-76.70679,-6.19953],[-76.70697,-6.19971],[-76.70712,-6.19977],[-76.70735,-6.19988],[-76.70748,-6.20019],[-76.70753,-6.20046],[-76.70761,-6.2007],[-76.70771,-6.20092],[-76.7079,-6.20111],[-76.70812,-6.20143],[-76.70821,-6.2017],[-76.70834,-6.20191],[-76.70851,-6.20217],[-76.70867,-6.20238],[-76.70874,-6.20256],[-76.70884,-6.20273],[-76.709,-6.20303],[-76.70908,-6.20331],[-76.70917,-6.20353],[-76.70931,-6.20375],[-76.70939,-6.20404],[-76.70933,-6.20439],[-76.7092,-6.20463],[-76.70905,-6.20485],[-76.70893,-6.20501],[-76.70875,-6.2052],[-76.70859,-6.20543],[-76.7083,-6.20569],[-76.70813,-6.20579],[-76.70791,-6.20593],[-76.70754,-6.20626],[-76.70717,-6.20647],[-76.70694,-6.20664],[-76.70674,-6.20675],[-76.70646,-6.207],[-76.70611,-6.20726],[-76.70587,-6.20745],[-76.7056,-6.20761],[-76.70539,-6.20778],[-76.70525,-6.20794],[-76.70523,-6.20815],[-76.70518,-6.20842],[-76.70516,-6.20862],[-76.70517,-6.20885],[-76.70522,-6.20894],[-76.70531,-6.2093],[-76.70516,-6.2096],[-76.70493,-6.20982],[-76.70468,-6.20999],[-76.70445,-6.21013],[-76.70415,-6.21036],[-76.70378,-6.2105],[-76.70345,-6.21059],[-76.70298,-6.21073],[-76.70261,-6.21083],[-76.70231,-6.2109],[-76.70189,-6.21095],[-76.70131,-6.21097],[-76.70093,-6.21101],[-76.70051,-6.21105],[-76.70023,-6.21102],[-76.70008,-6.21106],[-76.69984,-6.21119],[-76.69946,-6.21132],[-76.69915,-6.21141],[-76.69886,-6.2115],[-76.6986,-6.21164],[-76.69821,-6.21183],[-76.69781,-6.21211],[-76.69758,-6.21232],[-76.69724,-6.21259],[-76.69713,-6.21275],[-76.69706,-6.21296],[-76.69698,-6.21325],[-76.69682,-6.21366],[-76.69655,-6.21401],[-76.6963,-6.2143],[-76.69604,-6.21459],[-76.69572,-6.21481],[-76.69546,-6.21498],[-76.6952,-6.21517],[-76.69498,-6.21532],[-76.69482,-6.21549],[-76.69448,-6.21576],[-76.69423,-6.21598],[-76.69406,-6.21616],[-76.69391,-6.21625],[-76.69375,-6.21646],[-76.69362,-6.21666],[-76.69341,-6.21694],[-76.69316,-6.21722],[-76.69282,-6.21754],[-76.69244,-6.21791],[-76.69213,-6.21819],[-76.69183,-6.2184],[-76.69162,-6.21855],[-76.69136,-6.21877],[-76.69111,-6.21899],[-76.69077,-6.21911],[-76.69051,-6.21934],[-76.69028,-6.21959],[-76.68998,-6.21989],[-76.6898,-6.22014],[-76.68954,-6.22039],[-76.6894,-6.22068],[-76.6893,-6.22098],[-76.68929,-6.22136],[-76.68938,-6.22163],[-76.68948,-6.22191],[-76.68961,-6.22216],[-76.68967,-6.22248],[-76.68972,-6.22271],[-76.68982,-6.223],[-76.68991,-6.22322],[-76.69,-6.22345],[-76.69001,-6.2237],[-76.68991,-6.22395],[-76.68983,-6.22427],[-76.6897,-6.22454],[-76.68952,-6.22472],[-76.68924,-6.22484],[-76.6889,-6.22501],[-76.68849,-6.22508],[-76.68812,-6.22511],[-76.68791,-6.2251],[-76.68773,-6.22497],[-76.68757,-6.22494],[-76.68741,-6.22495],[-76.68725,-6.2251],[-76.68704,-6.22532],[-76.68668,-6.22556],[-76.68633,-6.22582],[-76.68597,-6.2261],[-76.68553,-6.2264],[-76.6851,-6.22667],[-76.68461,-6.22694],[-76.68411,-6.22719],[-76.68357,-6.22748],[-76.68321,-6.22766],[-76.68305,-6.22781],[-76.68285,-6.22805],[-76.68277,-6.22824],[-76.68278,-6.22869],[-76.68277,-6.22913],[-76.68265,-6.22944],[-76.6826,-6.22977],[-76.68251,-6.23032],[-76.68237,-6.23061],[-76.68219,-6.23084],[-76.68214,-6.23112],[-76.68201,-6.23143],[-76.68184,-6.23177],[-76.68165,-6.23211],[-76.68151,-6.23235],[-76.68138,-6.23261],[-76.68116,-6.23287],[-76.68089,-6.23309],[-76.68059,-6.23335],[-76.68027,-6.23353],[-76.67999,-6.23371],[-76.67971,-6.23389],[-76.67952,-6.23401],[-76.67939,-6.23421],[-76.67924,-6.23456],[-76.67906,-6.23483],[-76.67892,-6.23514],[-76.67878,-6.2354],[-76.67853,-6.2356],[-76.67834,-6.23575],[-76.67818,-6.23594],[-76.6779,-6.23613],[-76.67763,-6.23632],[-76.67739,-6.2366],[-76.67723,-6.23688],[-76.67705,-6.23714],[-76.67695,-6.23735],[-76.67692,-6.23764],[-76.67677,-6.23797],[-76.67664,-6.2383],[-76.67649,-6.23862],[-76.6763,-6.23898],[-76.67601,-6.23933],[-76.67577,-6.23956],[-76.67557,-6.23981],[-76.67539,-6.24008],[-76.67515,-6.24039],[-76.67501,-6.24076],[-76.67491,-6.24123],[-76.67484,-6.24172],[-76.67467,-6.2421],[-76.67452,-6.2424],[-76.67443,-6.24278],[-76.67444,-6.24317],[-76.67435,-6.2435],[-76.67432,-6.2438],[-76.67428,-6.24415],[-76.67425,-6.24451],[-76.67418,-6.24484],[-76.67418,-6.2451],[-76.67422,-6.24545],[-76.67418,-6.24586],[-76.67414,-6.24624],[-76.67398,-6.24663],[-76.67383,-6.24687],[-76.67369,-6.24713],[-76.67361,-6.24742],[-76.67349,-6.24778],[-76.67343,-6.2481],[-76.67337,-6.24855],[-76.67327,-6.24893],[-76.67318,-6.2494],[-76.67317,-6.24979],[-76.67311,-6.25026],[-76.67309,-6.2507],[-76.67305,-6.25118],[-76.67296,-6.2516],[-76.67291,-6.25193],[-76.67285,-6.25224],[-76.67263,-6.25252],[-76.67224,-6.25267],[-76.67219,-6.25275],[-76.67198,-6.25298],[-76.67177,-6.25309],[-76.67164,-6.25333],[-76.67142,-6.25363],[-76.6713,-6.25376],[-76.67124,-6.25405],[-76.67123,-6.25444],[-76.67098,-6.25471],[-76.67077,-6.25494],[-76.67054,-6.25517],[-76.67032,-6.25539],[-76.67014,-6.25563],[-76.66999,-6.25593],[-76.66987,-6.25624],[-76.66975,-6.25653],[-76.66974,-6.25674],[-76.66983,-6.257],[-76.66993,-6.2572],[-76.67005,-6.25746],[-76.67014,-6.25761],[-76.67028,-6.25774],[-76.67047,-6.25797],[-76.67061,-6.25814],[-76.67079,-6.25834],[-76.67091,-6.25854],[-76.67103,-6.25889],[-76.67105,-6.25923],[-76.67114,-6.2596],[-76.67124,-6.25985],[-76.67131,-6.26009],[-76.67133,-6.26044],[-76.67125,-6.26079],[-76.67117,-6.26104],[-76.67117,-6.2613],[-76.67117,-6.26159],[-76.67118,-6.26185],[-76.6712,-6.26208],[-76.67123,-6.26236],[-76.67123,-6.26265],[-76.67119,-6.26302],[-76.67117,-6.26329],[-76.67118,-6.26358],[-76.67124,-6.26382],[-76.67131,-6.26406],[-76.67131,-6.26438],[-76.67122,-6.26468],[-76.67116,-6.26496],[-76.67106,-6.26527],[-76.67098,-6.26553],[-76.67084,-6.2658],[-76.67064,-6.26615],[-76.67047,-6.26642],[-76.67034,-6.26667],[-76.67016,-6.26696],[-76.66997,-6.26717],[-76.66983,-6.26743],[-76.66967,-6.26773],[-76.66946,-6.26798],[-76.66926,-6.26821],[-76.66915,-6.26837],[-76.66909,-6.26861],[-76.66907,-6.26889],[-76.66913,-6.26924],[-76.66912,-6.26954],[-76.66913,-6.26986],[-76.66911,-6.27013],[-76.66903,-6.2704],[-76.66887,-6.27071],[-76.66866,-6.27098],[-76.66852,-6.2713],[-76.66825,-6.27157],[-76.66802,-6.27179],[-76.66779,-6.27202],[-76.66753,-6.2723],[-76.66732,-6.2726],[-76.66709,-6.27297],[-76.66691,-6.27327],[-76.66669,-6.27354],[-76.6665,-6.2739],[-76.66641,-6.27411],[-76.66632,-6.27446],[-76.6662,-6.27478],[-76.66605,-6.2751],[-76.66596,-6.27542],[-76.66574,-6.27579],[-76.66559,-6.27603],[-76.66542,-6.27632],[-76.66524,-6.2766],[-76.66506,-6.2768],[-76.66479,-6.27708],[-76.66451,-6.27728],[-76.66423,-6.27754],[-76.66403,-6.27773],[-76.66379,-6.27798],[-76.66352,-6.27816],[-76.66329,-6.27829],[-76.66301,-6.27847],[-76.66275,-6.27866],[-76.66258,-6.27884],[-76.66247,-6.27896],[-76.66238,-6.27925],[-76.66236,-6.27944],[-76.66243,-6.2796],[-76.66259,-6.27982],[-76.66271,-6.28003],[-76.66288,-6.28018],[-76.66313,-6.28042],[-76.66347,-6.28071],[-76.66373,-6.28096],[-76.66392,-6.28118],[-76.66408,-6.28141],[-76.66421,-6.28168],[-76.66431,-6.28194],[-76.66439,-6.2822],[-76.66441,-6.28242],[-76.66442,-6.28261],[-76.66443,-6.28287],[-76.66442,-6.28314],[-76.66442,-6.2834],[-76.66441,-6.28376],[-76.66437,-6.284],[-76.66432,-6.28424],[-76.66423,-6.28445],[-76.66415,-6.28458],[-76.66401,-6.28477],[-76.66384,-6.28496],[-76.66363,-6.28519],[-76.66345,-6.28537],[-76.66325,-6.28563],[-76.66304,-6.28584],[-76.66282,-6.28608],[-76.66257,-6.28631],[-76.66219,-6.28648],[-76.6619,-6.28663],[-76.66167,-6.28672],[-76.66128,-6.28682],[-76.66106,-6.28687],[-76.66075,-6.28691],[-76.66048,-6.28691],[-76.66023,-6.28689],[-76.65991,-6.28688],[-76.65958,-6.2868],[-76.65917,-6.28669],[-76.65871,-6.28658],[-76.65849,-6.28656],[-76.65831,-6.28656],[-76.65803,-6.28659],[-76.65781,-6.28665],[-76.65768,-6.28675],[-76.65757,-6.28689],[-76.65738,-6.28707],[-76.65728,-6.2872],[-76.65724,-6.28738],[-76.65724,-6.28756],[-76.65718,-6.28778],[-76.65713,-6.28802],[-76.65709,-6.28831],[-76.65707,-6.28861],[-76.65702,-6.28895],[-76.65699,-6.28925],[-76.65693,-6.28955],[-76.65679,-6.2898],[-76.65662,-6.29006],[-76.6565,-6.29026],[-76.65639,-6.29056],[-76.65624,-6.2909],[-76.65612,-6.29121],[-76.656,-6.2915],[-76.65593,-6.29175],[-76.6559,-6.29191],[-76.65581,-6.29222],[-76.65574,-6.29244],[-76.65561,-6.2927],[-76.65553,-6.29294],[-76.65545,-6.29319],[-76.65538,-6.2935],[-76.65539,-6.29356],[-76.65539,-6.29381],[-76.65531,-6.29413],[-76.65527,-6.29446],[-76.65516,-6.29483],[-76.65503,-6.29522],[-76.65496,-6.29555],[-76.65487,-6.29594],[-76.65473,-6.29626],[-76.65462,-6.29649],[-76.65451,-6.29668],[-76.65438,-6.29694],[-76.65424,-6.29728],[-76.65412,-6.29745],[-76.65397,-6.29763],[-76.65385,-6.29777],[-76.65374,-6.29797],[-76.65369,-6.29814],[-76.65367,-6.29833],[-76.65371,-6.29857],[-76.65377,-6.2988],[-76.65386,-6.29902],[-76.65398,-6.29929],[-76.65412,-6.29954],[-76.65428,-6.29974],[-76.65454,-6.30001],[-76.65475,-6.30026],[-76.65494,-6.30048],[-76.65509,-6.30061],[-76.65523,-6.30065],[-76.65551,-6.30075],[-76.65569,-6.30087],[-76.65587,-6.30098],[-76.65614,-6.30123],[-76.65632,-6.30152],[-76.65656,-6.30183],[-76.65669,-6.30221],[-76.65676,-6.30252],[-76.65679,-6.30276],[-76.65689,-6.303],[-76.65709,-6.30338],[-76.65726,-6.30378],[-76.65735,-6.30401],[-76.6574,-6.30435],[-76.65731,-6.30455],[-76.65725,-6.30473],[-76.65724,-6.30485],[-76.65722,-6.30505],[-76.65719,-6.3053],[-76.65725,-6.30553],[-76.65727,-6.30574],[-76.65731,-6.30598],[-76.65726,-6.30622],[-76.65708,-6.30645],[-76.6569,-6.30661],[-76.65669,-6.3067],[-76.65639,-6.30657],[-76.65631,-6.30652],[-76.65616,-6.30656],[-76.65595,-6.30668],[-76.65569,-6.30677],[-76.65538,-6.30686],[-76.65518,-6.30692],[-76.65496,-6.30706],[-76.65469,-6.30718],[-76.65439,-6.30723],[-76.65418,-6.30715],[-76.65404,-6.30711],[-76.65375,-6.30706],[-76.65339,-6.30704],[-76.65309,-6.30704],[-76.65279,-6.30703],[-76.65247,-6.30703],[-76.65207,-6.307],[-76.65177,-6.30698],[-76.65141,-6.30693],[-76.65109,-6.3069],[-76.65079,-6.30691],[-76.65061,-6.30693],[-76.65041,-6.30697],[-76.65027,-6.30704],[-76.65007,-6.30718],[-76.64985,-6.30735],[-76.64962,-6.30752],[-76.64951,-6.30763],[-76.64939,-6.30785],[-76.64927,-6.30802],[-76.64917,-6.30822],[-76.64905,-6.30841],[-76.64897,-6.30857],[-76.64891,-6.30878],[-76.64893,-6.30897],[-76.64894,-6.30918],[-76.64891,-6.30945],[-76.64892,-6.30969],[-76.64899,-6.30992],[-76.64908,-6.31011],[-76.64921,-6.31034],[-76.64926,-6.31066],[-76.64929,-6.31085],[-76.64942,-6.31107],[-76.64959,-6.31127],[-76.64968,-6.31148],[-76.64964,-6.31177],[-76.6495,-6.31199],[-76.6494,-6.31225],[-76.64933,-6.31251],[-76.64921,-6.31275],[-76.64915,-6.313],[-76.64907,-6.31335],[-76.64893,-6.31362],[-76.64882,-6.31379],[-76.64863,-6.31408],[-76.64848,-6.31434],[-76.64836,-6.31452],[-76.64832,-6.31463],[-76.64819,-6.31491],[-76.64796,-6.31514],[-76.64779,-6.31528],[-76.64766,-6.31551],[-76.64737,-6.31578],[-76.64708,-6.31597],[-76.64693,-6.31613],[-76.64673,-6.31635],[-76.64656,-6.31656],[-76.6463,-6.3168],[-76.64608,-6.31691],[-76.64585,-6.31708],[-76.64556,-6.31734],[-76.64524,-6.31759],[-76.64504,-6.31771],[-76.64482,-6.31789],[-76.64457,-6.31814],[-76.64425,-6.31849],[-76.64385,-6.31875],[-76.64355,-6.31887],[-76.64324,-6.31899],[-76.64299,-6.31909],[-76.64281,-6.31925],[-76.64258,-6.31948],[-76.64235,-6.31986],[-76.64221,-6.32024],[-76.64208,-6.32058],[-76.64196,-6.32088],[-76.64188,-6.32119],[-76.64183,-6.32145],[-76.64178,-6.32179],[-76.64162,-6.32209],[-76.64136,-6.32216],[-76.64113,-6.32206],[-76.6411,-6.32203],[-76.641,-6.32204],[-76.64082,-6.32219],[-76.64064,-6.32245],[-76.6405,-6.32266],[-76.64037,-6.32297],[-76.64029,-6.32325],[-76.64023,-6.32352],[-76.64014,-6.32391],[-76.64004,-6.32427],[-76.63984,-6.32453],[-76.63954,-6.32476],[-76.63928,-6.32489],[-76.639,-6.32516],[-76.63873,-6.32541],[-76.63853,-6.32565],[-76.63835,-6.32594],[-76.63815,-6.32631],[-76.63795,-6.32663],[-76.63777,-6.32694],[-76.63757,-6.32731],[-76.63734,-6.32765],[-76.63704,-6.32808],[-76.63672,-6.32839],[-76.63657,-6.32853],[-76.63644,-6.32878],[-76.63627,-6.32905],[-76.63609,-6.32932],[-76.63591,-6.32952],[-76.63571,-6.32966],[-76.6355,-6.32986],[-76.63529,-6.33009],[-76.63516,-6.33032],[-76.63501,-6.33061],[-76.6349,-6.33087],[-76.63487,-6.33116],[-76.63489,-6.33138],[-76.63489,-6.33162],[-76.63488,-6.33188],[-76.63481,-6.33215],[-76.63465,-6.33242],[-76.63449,-6.33264],[-76.6344,-6.33281],[-76.63421,-6.33301],[-76.63405,-6.33317],[-76.63398,-6.3334],[-76.63384,-6.3336],[-76.63368,-6.33384],[-76.63346,-6.33409],[-76.63331,-6.33423],[-76.63314,-6.33442],[-76.63296,-6.3346],[-76.63279,-6.33476],[-76.6326,-6.33497],[-76.63248,-6.33518],[-76.63235,-6.33545],[-76.63229,-6.33568],[-76.63229,-6.33597],[-76.63226,-6.33627],[-76.63217,-6.33652],[-76.63212,-6.33677],[-76.63204,-6.33717],[-76.63204,-6.33746],[-76.63205,-6.33776],[-76.63199,-6.33799],[-76.63191,-6.33825],[-76.63181,-6.33853],[-76.63177,-6.33877],[-76.63174,-6.33895],[-76.63173,-6.33914],[-76.6317,-6.3393],[-76.63171,-6.33952],[-76.6317,-6.33978],[-76.63168,-6.34005],[-76.63167,-6.34031],[-76.63165,-6.34046],[-76.63164,-6.34062],[-76.63161,-6.34082],[-76.6316,-6.34106],[-76.63158,-6.34128],[-76.63152,-6.34168],[-76.63152,-6.34201],[-76.63152,-6.34235],[-76.63155,-6.3426],[-76.63151,-6.34289],[-76.63142,-6.34325],[-76.6313,-6.34355],[-76.63121,-6.34381],[-76.63115,-6.34412],[-76.63114,-6.34443],[-76.63113,-6.3448],[-76.63108,-6.34518],[-76.6311,-6.34548],[-76.63117,-6.34581],[-76.63123,-6.34608],[-76.63128,-6.3463],[-76.63135,-6.34649],[-76.63144,-6.34658],[-76.63166,-6.34661],[-76.63189,-6.34659],[-76.63218,-6.34659],[-76.63248,-6.34655],[-76.63265,-6.34652],[-76.63286,-6.34645],[-76.63302,-6.34639],[-76.63328,-6.34633],[-76.63351,-6.34635],[-76.63373,-6.34646],[-76.6339,-6.3466],[-76.63407,-6.3468],[-76.63422,-6.34696],[-76.63433,-6.34712],[-76.63447,-6.34724],[-76.63465,-6.34739],[-76.63473,-6.34755],[-76.63479,-6.34778],[-76.63489,-6.34797],[-76.635,-6.34823],[-76.63507,-6.34847],[-76.63516,-6.34871],[-76.63512,-6.34906],[-76.63494,-6.34929],[-76.63477,-6.34957],[-76.63458,-6.34983],[-76.63437,-6.35006],[-76.63418,-6.35034],[-76.63399,-6.35053],[-76.63381,-6.35074],[-76.63362,-6.35095],[-76.63344,-6.35111],[-76.63321,-6.35124],[-76.63305,-6.35136],[-76.63286,-6.3515],[-76.63259,-6.35171],[-76.6324,-6.3519],[-76.63225,-6.35212],[-76.63213,-6.35241],[-76.632,-6.35275],[-76.63191,-6.35306],[-76.63195,-6.35326],[-76.63199,-6.35338],[-76.63211,-6.35345],[-76.63233,-6.35353],[-76.63255,-6.35364],[-76.63277,-6.35378],[-76.63303,-6.35399],[-76.63322,-6.35424],[-76.63323,-6.35454],[-76.63313,-6.35487],[-76.633,-6.35513],[-76.6329,-6.35542],[-76.63278,-6.35569],[-76.63265,-6.35592],[-76.63256,-6.35613],[-76.63251,-6.35641],[-76.63246,-6.35664],[-76.63229,-6.35689],[-76.63213,-6.35719],[-76.63194,-6.35744],[-76.63171,-6.35768],[-76.63159,-6.35784],[-76.63138,-6.35805],[-76.63119,-6.35825],[-76.63101,-6.35842],[-76.63086,-6.35861],[-76.63064,-6.35874],[-76.63032,-6.35888],[-76.63006,-6.35898],[-76.62977,-6.35908],[-76.62944,-6.35916],[-76.62904,-6.35926],[-76.62877,-6.35933],[-76.62837,-6.35946],[-76.62806,-6.35953],[-76.62776,-6.35954],[-76.6276,-6.35959],[-76.62745,-6.35963],[-76.62714,-6.35966],[-76.6269,-6.35976],[-76.62656,-6.35993],[-76.62627,-6.36005],[-76.62609,-6.36009],[-76.62578,-6.36013],[-76.62567,-6.36016],[-76.62558,-6.36027],[-76.62547,-6.36061],[-76.62539,-6.36098],[-76.62537,-6.36123],[-76.62538,-6.36152],[-76.62545,-6.36181],[-76.62553,-6.36204],[-76.62551,-6.36233],[-76.62552,-6.36248],[-76.62563,-6.36273],[-76.62571,-6.36292],[-76.62589,-6.36329],[-76.62591,-6.36361],[-76.62588,-6.36377],[-76.62582,-6.36403],[-76.62567,-6.36437],[-76.62555,-6.36473],[-76.62554,-6.36495],[-76.62558,-6.36524],[-76.62559,-6.36535],[-76.62562,-6.36551],[-76.62564,-6.36579],[-76.62553,-6.36606],[-76.62542,-6.36629],[-76.62535,-6.36649],[-76.6251,-6.3668],[-76.62484,-6.36702],[-76.6247,-6.36712],[-76.62452,-6.36727],[-76.62424,-6.36742],[-76.62386,-6.36759],[-76.62361,-6.3677],[-76.62351,-6.36777],[-76.62333,-6.3679],[-76.62316,-6.36811],[-76.62296,-6.36832],[-76.62274,-6.36858],[-76.62263,-6.36871],[-76.62241,-6.36897],[-76.62225,-6.36918],[-76.62214,-6.3694],[-76.62191,-6.36963],[-76.62169,-6.36978],[-76.62152,-6.36994],[-76.62126,-6.37025],[-76.62117,-6.37035],[-76.621,-6.3706],[-76.62086,-6.37082],[-76.62079,-6.37091],[-76.62064,-6.3712],[-76.62048,-6.37147],[-76.62034,-6.37173],[-76.62017,-6.37193],[-76.62003,-6.37213],[-76.61995,-6.37225],[-76.61983,-6.37246],[-76.6197,-6.37265],[-76.61965,-6.37275],[-76.61952,-6.3731],[-76.61947,-6.37336],[-76.61948,-6.37364],[-76.61953,-6.37383],[-76.61958,-6.37394],[-76.61964,-6.37429],[-76.61959,-6.37442],[-76.61939,-6.37464],[-76.6193,-6.37476],[-76.61905,-6.375],[-76.61868,-6.37507],[-76.61837,-6.37513],[-76.61809,-6.37525],[-76.61784,-6.37535],[-76.61767,-6.37542],[-76.61752,-6.37555],[-76.61743,-6.37569],[-76.61727,-6.37597],[-76.61709,-6.37605],[-76.61683,-6.37618],[-76.61662,-6.37624],[-76.61628,-6.37629],[-76.61589,-6.37628],[-76.61561,-6.3763],[-76.61549,-6.3763],[-76.61529,-6.37635],[-76.61512,-6.3764],[-76.61491,-6.37649],[-76.61471,-6.37651],[-76.61456,-6.37647],[-76.6144,-6.37648],[-76.61411,-6.37647],[-76.61397,-6.37633],[-76.61391,-6.37623],[-76.61372,-6.37612],[-76.61337,-6.37597],[-76.61305,-6.37568],[-76.61302,-6.37544],[-76.61294,-6.37533],[-76.61272,-6.37518],[-76.61268,-6.37516],[-76.61255,-6.3751],[-76.61247,-6.37511],[-76.61238,-6.37524],[-76.61229,-6.37544],[-76.61211,-6.37565],[-76.61207,-6.37583],[-76.61183,-6.37606],[-76.61174,-6.37614],[-76.6117,-6.37631],[-76.61166,-6.37641],[-76.61153,-6.37657],[-76.61133,-6.37679],[-76.61124,-6.37684],[-76.61102,-6.37706],[-76.61077,-6.3773],[-76.61065,-6.37749],[-76.61048,-6.37769],[-76.61035,-6.37787],[-76.61022,-6.37806],[-76.61004,-6.37825],[-76.60998,-6.37832],[-76.60982,-6.37851],[-76.60969,-6.37874],[-76.60958,-6.37887],[-76.6094,-6.37906],[-76.60922,-6.37928],[-76.60904,-6.37948],[-76.60885,-6.37965],[-76.60864,-6.37981],[-76.60851,-6.37991],[-76.60837,-6.38005],[-76.60818,-6.3803],[-76.60803,-6.3804],[-76.60783,-6.38059],[-76.60765,-6.38057],[-76.60754,-6.38061],[-76.60738,-6.38072],[-76.60702,-6.38093],[-76.60678,-6.38106],[-76.60663,-6.38113],[-76.60641,-6.38124],[-76.60617,-6.38134],[-76.60591,-6.38146],[-76.60566,-6.38164],[-76.60542,-6.38173],[-76.60516,-6.38171],[-76.60495,-6.38163],[-76.60463,-6.3815],[-76.60438,-6.38139],[-76.6043,-6.38137],[-76.60406,-6.38138],[-76.60374,-6.38136],[-76.60352,-6.38135],[-76.60322,-6.38136],[-76.60292,-6.38137],[-76.60272,-6.38137],[-76.60238,-6.38134],[-76.60212,-6.3813],[-76.60192,-6.38129],[-76.60173,-6.38132],[-76.60139,-6.38137],[-76.60116,-6.38138],[-76.60083,-6.38133],[-76.60056,-6.38131],[-76.60029,-6.38133],[-76.60008,-6.38135],[-76.59986,-6.38138],[-76.59961,-6.3814],[-76.59941,-6.38137],[-76.59921,-6.38135],[-76.5989,-6.38136],[-76.59857,-6.38149],[-76.59833,-6.38158],[-76.59801,-6.38169],[-76.59774,-6.38181],[-76.5976,-6.38187],[-76.59736,-6.38197],[-76.59718,-6.38212],[-76.59689,-6.38228],[-76.59674,-6.38245],[-76.59662,-6.38262],[-76.59653,-6.3827],[-76.5964,-6.38278],[-76.59631,-6.38295],[-76.59605,-6.38307],[-76.5959,-6.38317],[-76.59587,-6.38329],[-76.5958,-6.3835],[-76.59573,-6.3836],[-76.59564,-6.38378],[-76.59556,-6.38402],[-76.5955,-6.38421],[-76.59547,-6.38455],[-76.59549,-6.38473],[-76.59553,-6.38488],[-76.59558,-6.38497],[-76.5958,-6.38511],[-76.59596,-6.38521],[-76.59612,-6.38534],[-76.59624,-6.3854],[-76.59639,-6.38551],[-76.59661,-6.38577],[-76.59677,-6.38595],[-76.59693,-6.38608],[-76.59711,-6.38626],[-76.59723,-6.38643],[-76.59741,-6.38663],[-76.59755,-6.38679],[-76.59766,-6.38692],[-76.59777,-6.38703],[-76.5979,-6.38715],[-76.598,-6.38725],[-76.59815,-6.38735],[-76.59834,-6.3875],[-76.5985,-6.38763],[-76.59867,-6.38773],[-76.59879,-6.3878],[-76.59899,-6.38794],[-76.59916,-6.38803],[-76.59927,-6.38806],[-76.59948,-6.38815],[-76.59969,-6.38824],[-76.59978,-6.38835],[-76.59986,-6.38842],[-76.5999,-6.38849],[-76.59997,-6.3885],[-76.60016,-6.38847],[-76.60036,-6.38848],[-76.60054,-6.38862],[-76.6005,-6.38886],[-76.60049,-6.38909],[-76.60039,-6.38934],[-76.60032,-6.38949],[-76.6002,-6.38972],[-76.60015,-6.38991],[-76.60012,-6.39008],[-76.60008,-6.39025],[-76.60001,-6.39044],[-76.59994,-6.39069],[-76.59984,-6.39091],[-76.5997,-6.39119],[-76.59956,-6.39141],[-76.59948,-6.39154],[-76.59941,-6.39173],[-76.59938,-6.39186],[-76.5993,-6.39208],[-76.59923,-6.39242],[-76.59912,-6.39268],[-76.59899,-6.39298],[-76.59893,-6.39316],[-76.59887,-6.39337],[-76.59878,-6.39365],[-76.59872,-6.39388],[-76.59869,-6.394],[-76.59856,-6.39427],[-76.59849,-6.39446],[-76.59847,-6.39466],[-76.59849,-6.39485],[-76.59859,-6.395],[-76.59863,-6.39514],[-76.59872,-6.39527],[-76.5988,-6.39541],[-76.59885,-6.39556],[-76.59892,-6.39572],[-76.59901,-6.39595],[-76.59909,-6.39616],[-76.59925,-6.39637],[-76.59939,-6.39658],[-76.59948,-6.39672],[-76.59967,-6.39689],[-76.5998,-6.39704],[-76.5999,-6.39731],[-76.59997,-6.39742],[-76.60006,-6.39757],[-76.60013,-6.39775],[-76.60025,-6.3979],[-76.60036,-6.39812],[-76.60048,-6.3983],[-76.60053,-6.39843],[-76.60055,-6.39858],[-76.60056,-6.39877],[-76.60058,-6.39895],[-76.60059,-6.3991],[-76.60061,-6.39927],[-76.60061,-6.39943],[-76.6006,-6.39968],[-76.60064,-6.3998],[-76.60072,-6.3999],[-76.6008,-6.40005],[-76.60081,-6.40031],[-76.60079,-6.40063],[-76.60078,-6.40078],[-76.60078,-6.40093],[-76.60076,-6.40127],[-76.60077,-6.40154],[-76.60073,-6.40188],[-76.60063,-6.40207],[-76.60056,-6.40223],[-76.60047,-6.40244],[-76.60037,-6.40253],[-76.60027,-6.40262],[-76.60019,-6.40285],[-76.60008,-6.40298],[-76.59988,-6.40315],[-76.59962,-6.40333],[-76.5994,-6.40342],[-76.59915,-6.40346],[-76.59892,-6.40345],[-76.59857,-6.40341],[-76.59825,-6.40341],[-76.59799,-6.40351],[-76.59781,-6.40367],[-76.59762,-6.40386],[-76.5975,-6.40398],[-76.59744,-6.40411],[-76.59736,-6.4043],[-76.59727,-6.40461],[-76.59721,-6.40483],[-76.59715,-6.40512],[-76.59707,-6.40532],[-76.59701,-6.40551],[-76.597,-6.4057],[-76.59699,-6.40588],[-76.59704,-6.40606],[-76.59709,-6.40626],[-76.59715,-6.40641],[-76.59718,-6.40653],[-76.59724,-6.40676],[-76.59723,-6.40699],[-76.59718,-6.40722],[-76.59702,-6.40756],[-76.59679,-6.40787],[-76.59661,-6.4081],[-76.59645,-6.40826],[-76.59637,-6.40835],[-76.59616,-6.40851],[-76.59584,-6.40876],[-76.59574,-6.40885],[-76.59565,-6.40905],[-76.59563,-6.40926],[-76.59571,-6.40936],[-76.59594,-6.40962],[-76.59617,-6.4099],[-76.59637,-6.41017],[-76.59654,-6.41035],[-76.59682,-6.41047],[-76.59697,-6.41052],[-76.59739,-6.41061],[-76.59755,-6.41068],[-76.59784,-6.41079],[-76.59806,-6.41084],[-76.5984,-6.411],[-76.59866,-6.41116],[-76.59897,-6.41133],[-76.5993,-6.41145],[-76.59952,-6.41156],[-76.59983,-6.41172],[-76.60012,-6.41179],[-76.60037,-6.41194],[-76.60051,-6.41201],[-76.60074,-6.412],[-76.60102,-6.41212],[-76.60125,-6.41222],[-76.60145,-6.41232],[-76.6017,-6.4125],[-76.60205,-6.4127],[-76.60249,-6.41294],[-76.60288,-6.41321],[-76.60319,-6.41352],[-76.60343,-6.41379],[-76.60353,-6.41385],[-76.60376,-6.41388],[-76.60401,-6.41403],[-76.60417,-6.41428],[-76.60414,-6.41446],[-76.6039,-6.41468],[-76.60372,-6.41473],[-76.60364,-6.41483],[-76.60353,-6.41506],[-76.60345,-6.41522],[-76.60341,-6.41543],[-76.60341,-6.41567],[-76.60328,-6.41589],[-76.60318,-6.41609],[-76.60293,-6.4163],[-76.60271,-6.41638],[-76.60233,-6.41655],[-76.6022,-6.41664],[-76.60195,-6.41683],[-76.60177,-6.41693],[-76.60142,-6.41701],[-76.60109,-6.41718],[-76.6008,-6.41734],[-76.60054,-6.41743],[-76.6002,-6.4176],[-76.59994,-6.41775],[-76.59968,-6.41784],[-76.59938,-6.41805],[-76.59922,-6.41819],[-76.59904,-6.41832],[-76.59892,-6.41853],[-76.59889,-6.41871],[-76.59891,-6.41894],[-76.59892,-6.41915],[-76.59885,-6.41952],[-76.59876,-6.41994],[-76.5987,-6.4202],[-76.59868,-6.42039],[-76.59864,-6.42069],[-76.59862,-6.42083],[-76.59857,-6.42116],[-76.5985,-6.42147],[-76.59837,-6.4218],[-76.5982,-6.42219],[-76.59811,-6.42237],[-76.59797,-6.42271],[-76.59789,-6.42288],[-76.59769,-6.42321],[-76.59758,-6.42338],[-76.5974,-6.42364],[-76.59719,-6.42384],[-76.59709,-6.42389],[-76.59692,-6.42403],[-76.59683,-6.42416],[-76.59672,-6.42442],[-76.59662,-6.42457],[-76.59654,-6.42469],[-76.59644,-6.42494],[-76.59644,-6.42522],[-76.59648,-6.42562],[-76.59633,-6.42591],[-76.59607,-6.42613],[-76.5958,-6.42633],[-76.59553,-6.42659],[-76.59548,-6.42697],[-76.59536,-6.42726],[-76.59532,-6.42759],[-76.59513,-6.42784],[-76.59495,-6.42786],[-76.59485,-6.42783],[-76.59473,-6.42784],[-76.59466,-6.42792],[-76.59439,-6.42817],[-76.59411,-6.42839],[-76.59384,-6.42856],[-76.59363,-6.42867],[-76.5936,-6.42874],[-76.59357,-6.42897],[-76.59342,-6.42929],[-76.59325,-6.42974],[-76.59315,-6.42992],[-76.59296,-6.43014],[-76.59276,-6.4303],[-76.59254,-6.43056],[-76.59234,-6.43061],[-76.59217,-6.43066],[-76.59194,-6.43083],[-76.59162,-6.43103],[-76.5913,-6.43113],[-76.59112,-6.43133],[-76.59086,-6.4315],[-76.59066,-6.43163],[-76.59042,-6.4318],[-76.59022,-6.43194],[-76.59001,-6.43209],[-76.58988,-6.43225],[-76.5896,-6.43223],[-76.58939,-6.43211],[-76.58922,-6.43209],[-76.58908,-6.43219],[-76.58896,-6.43236],[-76.58893,-6.43251],[-76.58873,-6.43283],[-76.58845,-6.43304],[-76.58825,-6.43321],[-76.58802,-6.43338],[-76.58781,-6.43357],[-76.58772,-6.43367],[-76.58756,-6.43388],[-76.58745,-6.43407],[-76.5874,-6.4342],[-76.58727,-6.43445],[-76.58709,-6.43475],[-76.58691,-6.43502],[-76.58666,-6.43528],[-76.5865,-6.4354],[-76.58626,-6.43558],[-76.58611,-6.43576],[-76.58587,-6.43606],[-76.58562,-6.43635],[-76.58542,-6.43655],[-76.58526,-6.43668],[-76.58507,-6.43688],[-76.58493,-6.43696],[-76.58468,-6.43701],[-76.58441,-6.43717],[-76.58422,-6.43732],[-76.584,-6.43743],[-76.58375,-6.43746],[-76.58369,-6.43747],[-76.58364,-6.43759],[-76.58356,-6.43772],[-76.58333,-6.43796],[-76.58318,-6.4381],[-76.58294,-6.43828],[-76.58272,-6.43844],[-76.58252,-6.43859],[-76.58234,-6.43871],[-76.58211,-6.43874],[-76.58193,-6.43878],[-76.58171,-6.4389],[-76.58142,-6.43917],[-76.58114,-6.43942],[-76.58086,-6.43955],[-76.58056,-6.43968],[-76.58035,-6.43982],[-76.58006,-6.44008],[-76.57987,-6.44018],[-76.57965,-6.4403],[-76.57929,-6.4403],[-76.57915,-6.44027],[-76.57889,-6.44016],[-76.57869,-6.44015],[-76.57846,-6.4402],[-76.57823,-6.44014],[-76.57808,-6.44011],[-76.57789,-6.44009],[-76.5777,-6.44009],[-76.5774,-6.44014],[-76.57715,-6.44019],[-76.57687,-6.44028],[-76.57674,-6.44036],[-76.57657,-6.44046],[-76.57635,-6.44056],[-76.57618,-6.44066],[-76.57609,-6.44073],[-76.57592,-6.44083],[-76.57592,-6.44086],[-76.57582,-6.44096],[-76.57571,-6.44108],[-76.57564,-6.4412],[-76.57556,-6.44127],[-76.57547,-6.44133],[-76.57545,-6.44139],[-76.57544,-6.44144],[-76.57547,-6.44153],[-76.57546,-6.44166],[-76.5753,-6.44187],[-76.57526,-6.4419],[-76.57528,-6.44195],[-76.57528,-6.44206],[-76.57529,-6.44221],[-76.57532,-6.44223],[-76.57538,-6.44234],[-76.57541,-6.44242],[-76.57544,-6.44253],[-76.57542,-6.44268],[-76.57543,-6.44279],[-76.57535,-6.44296],[-76.57523,-6.44305],[-76.57518,-6.44307],[-76.57508,-6.4432],[-76.57492,-6.4433],[-76.57483,-6.44336],[-76.57465,-6.44349],[-76.57441,-6.44365],[-76.57433,-6.44373],[-76.57416,-6.44388],[-76.57411,-6.44394],[-76.57395,-6.44414],[-76.57386,-6.44426],[-76.57365,-6.44449],[-76.57348,-6.44476],[-76.57334,-6.44502],[-76.57328,-6.44513],[-76.57316,-6.44525],[-76.57307,-6.44534],[-76.57296,-6.44544],[-76.57277,-6.44552],[-76.57262,-6.44549],[-76.57254,-6.44547],[-76.57247,-6.44548],[-76.57239,-6.4455],[-76.57231,-6.44553],[-76.57221,-6.44561],[-76.57213,-6.44569],[-76.57205,-6.44574],[-76.57192,-6.44585],[-76.57179,-6.44588],[-76.57162,-6.44589],[-76.57141,-6.44582],[-76.57126,-6.44578],[-76.5711,-6.4457],[-76.57099,-6.44558],[-76.57097,-6.44546],[-76.57086,-6.44538],[-76.57071,-6.44532],[-76.5705,-6.44528],[-76.57031,-6.44526],[-76.57019,-6.44527],[-76.56991,-6.44532],[-76.56957,-6.44541],[-76.56926,-6.44546],[-76.5691,-6.44551],[-76.56891,-6.44558],[-76.56873,-6.44574],[-76.56859,-6.44584],[-76.56846,-6.44594],[-76.56832,-6.44612],[-76.56828,-6.44617],[-76.56809,-6.44637],[-76.56798,-6.44647],[-76.5679,-6.44655],[-76.56784,-6.4466],[-76.56779,-6.44669],[-76.56773,-6.44685],[-76.56761,-6.44694],[-76.56754,-6.44701],[-76.56742,-6.44712],[-76.56731,-6.44718],[-76.56713,-6.44716],[-76.56698,-6.44707],[-76.56692,-6.44701],[-76.56676,-6.4471],[-76.56657,-6.44709],[-76.56641,-6.4471],[-76.56633,-6.44712],[-76.56616,-6.44722],[-76.56592,-6.44735],[-76.56579,-6.44741],[-76.56566,-6.44749],[-76.56547,-6.44758],[-76.56535,-6.44762],[-76.5652,-6.44769],[-76.56499,-6.44772],[-76.56485,-6.44775],[-76.56465,-6.44771],[-76.56446,-6.44775],[-76.56409,-6.44767],[-76.56389,-6.44764],[-76.56364,-6.4476],[-76.56346,-6.44769],[-76.56334,-6.44771],[-76.56309,-6.44779],[-76.56285,-6.44786],[-76.56268,-6.44793],[-76.5625,-6.44802],[-76.56231,-6.44813],[-76.56212,-6.44824],[-76.56203,-6.44831],[-76.56193,-6.44837],[-76.56175,-6.44847],[-76.5616,-6.44854],[-76.56147,-6.44861],[-76.5613,-6.44872],[-76.56118,-6.44882],[-76.56104,-6.44892],[-76.56083,-6.44905],[-76.56074,-6.44916],[-76.56068,-6.44926],[-76.56057,-6.44931],[-76.56046,-6.44936],[-76.56024,-6.44944],[-76.56006,-6.4496],[-76.55986,-6.44978],[-76.55973,-6.44987],[-76.55956,-6.45],[-76.55944,-6.45011],[-76.55935,-6.45018],[-76.55925,-6.4503],[-76.5592,-6.45037],[-76.55917,-6.45052],[-76.5591,-6.45062],[-76.55895,-6.4508],[-76.5588,-6.45086],[-76.55866,-6.45097],[-76.55858,-6.45102],[-76.55847,-6.45108],[-76.55837,-6.45115],[-76.55817,-6.45125],[-76.55797,-6.45126],[-76.55774,-6.45121],[-76.55759,-6.45114],[-76.55747,-6.45104],[-76.55734,-6.45089],[-76.55719,-6.45063],[-76.55704,-6.45048],[-76.55698,-6.45035],[-76.55688,-6.4502],[-76.55679,-6.45007],[-76.55672,-6.45002],[-76.55662,-6.44994],[-76.55646,-6.44988],[-76.55632,-6.44979],[-76.55619,-6.4497],[-76.55613,-6.44966],[-76.55605,-6.44971],[-76.55593,-6.44974],[-76.55581,-6.44977],[-76.55563,-6.44979],[-76.55549,-6.44988],[-76.55541,-6.4499],[-76.55522,-6.44993],[-76.55508,-6.44995],[-76.55485,-6.44996],[-76.55472,-6.44999],[-76.55459,-6.45003],[-76.55445,-6.4501],[-76.55434,-6.45016],[-76.55426,-6.45025],[-76.55417,-6.45039],[-76.55406,-6.45047],[-76.554,-6.45058],[-76.55388,-6.45065],[-76.55376,-6.45067],[-76.55373,-6.45068],[-76.55369,-6.45074],[-76.55362,-6.45078],[-76.55355,-6.45083],[-76.5535,-6.45092],[-76.55347,-6.45097],[-76.55344,-6.45103],[-76.55337,-6.45112],[-76.55327,-6.4512],[-76.55318,-6.45126],[-76.55313,-6.45132],[-76.55307,-6.45142],[-76.55298,-6.45151],[-76.55281,-6.45167],[-76.55263,-6.45186],[-76.55254,-6.45198],[-76.5525,-6.45208],[-76.55242,-6.45228],[-76.55236,-6.45247],[-76.55227,-6.45258],[-76.5522,-6.45268],[-76.55209,-6.45284],[-76.55205,-6.45287],[-76.55201,-6.453],[-76.55195,-6.45321],[-76.55189,-6.45335],[-76.55177,-6.45353],[-76.55172,-6.45361],[-76.55165,-6.45371],[-76.55156,-6.45378],[-76.55148,-6.4538],[-76.55139,-6.45383],[-76.55129,-6.45388],[-76.55119,-6.45395],[-76.55101,-6.45401],[-76.55093,-6.45405],[-76.55084,-6.45411],[-76.55065,-6.45412],[-76.5505,-6.45417],[-76.55038,-6.45415],[-76.55025,-6.45422],[-76.55014,-6.45423],[-76.55007,-6.45422],[-76.54997,-6.45421],[-76.54989,-6.45421],[-76.54973,-6.45421],[-76.5495,-6.45423],[-76.5494,-6.45426],[-76.54931,-6.45431],[-76.54911,-6.45454],[-76.549,-6.45464],[-76.54883,-6.45476],[-76.54877,-6.45482],[-76.54874,-6.45493],[-76.54859,-6.45501],[-76.54853,-6.45504],[-76.54845,-6.45512],[-76.5484,-6.45519],[-76.54822,-6.45533],[-76.54812,-6.45541],[-76.54794,-6.45556],[-76.54778,-6.45565],[-76.54765,-6.45579],[-76.54749,-6.45591],[-76.54732,-6.45597],[-76.54702,-6.45598],[-76.54677,-6.45596],[-76.5466,-6.45595],[-76.54646,-6.45597],[-76.54635,-6.456],[-76.54622,-6.45608],[-76.54609,-6.45617],[-76.54598,-6.45625],[-76.5458,-6.45637],[-76.5457,-6.45648],[-76.54559,-6.4566],[-76.54551,-6.45671],[-76.54542,-6.45686],[-76.54534,-6.45705],[-76.54525,-6.45725],[-76.54517,-6.45743],[-76.54506,-6.45769],[-76.54493,-6.4579],[-76.54481,-6.45808],[-76.54469,-6.45828],[-76.54457,-6.45845],[-76.54446,-6.45864],[-76.54442,-6.45874],[-76.54428,-6.45887],[-76.54423,-6.45899],[-76.54418,-6.45915],[-76.5441,-6.45931],[-76.54407,-6.45947],[-76.54398,-6.45963],[-76.54383,-6.45969],[-76.54376,-6.45975],[-76.54367,-6.45985],[-76.54356,-6.46001],[-76.54346,-6.46013],[-76.54336,-6.46037],[-76.54321,-6.46053],[-76.5431,-6.46062],[-76.543,-6.46074],[-76.5429,-6.4609],[-76.54284,-6.46108],[-76.54275,-6.46126],[-76.54257,-6.46135],[-76.54253,-6.46137],[-76.54248,-6.46139],[-76.54232,-6.46147],[-76.54214,-6.46159],[-76.54193,-6.46163],[-76.54173,-6.46174],[-76.54152,-6.46182],[-76.54135,-6.46196],[-76.54108,-6.46209],[-76.54086,-6.46211],[-76.54061,-6.46206],[-76.54042,-6.46207],[-76.54023,-6.46214],[-76.54008,-6.46223],[-76.53987,-6.4624],[-76.53975,-6.46255],[-76.53959,-6.46273],[-76.5395,-6.46289],[-76.53932,-6.46306],[-76.53905,-6.46315],[-76.53885,-6.46317],[-76.53864,-6.46315],[-76.53847,-6.46315],[-76.53828,-6.46317],[-76.53808,-6.46318],[-76.5379,-6.46319],[-76.5377,-6.46321],[-76.53754,-6.46332],[-76.53735,-6.46341],[-76.53721,-6.46354],[-76.53715,-6.46367],[-76.53713,-6.46384],[-76.53704,-6.46404],[-76.53696,-6.4642],[-76.53694,-6.46433],[-76.53691,-6.4645],[-76.53683,-6.46462],[-76.53674,-6.46482],[-76.53668,-6.465],[-76.53662,-6.46514],[-76.53656,-6.46529],[-76.53653,-6.4654],[-76.53645,-6.4656],[-76.53631,-6.46584],[-76.53625,-6.46603],[-76.53619,-6.46618],[-76.53613,-6.46633],[-76.53604,-6.46655],[-76.53595,-6.46668],[-76.53586,-6.46676],[-76.53577,-6.46687],[-76.53572,-6.46701],[-76.53565,-6.46719],[-76.53564,-6.46729],[-76.53569,-6.46745],[-76.53569,-6.46762],[-76.53548,-6.46779],[-76.53533,-6.4679],[-76.53516,-6.46799],[-76.535,-6.46805],[-76.53479,-6.4681],[-76.53463,-6.46806],[-76.53456,-6.46807],[-76.53444,-6.46811],[-76.53427,-6.46815],[-76.53407,-6.46812],[-76.53393,-6.46812],[-76.53377,-6.46813],[-76.53366,-6.4681],[-76.5335,-6.4681],[-76.53337,-6.46813],[-76.53323,-6.46812],[-76.5331,-6.46812],[-76.53298,-6.46814],[-76.53286,-6.46816],[-76.53262,-6.4682],[-76.53247,-6.46824],[-76.53231,-6.46837],[-76.53218,-6.46847],[-76.53209,-6.4686],[-76.53196,-6.46882],[-76.53189,-6.46894],[-76.53182,-6.46914],[-76.53174,-6.46925],[-76.53164,-6.46939],[-76.53151,-6.46954],[-76.53138,-6.46966],[-76.53122,-6.46984],[-76.531,-6.47005],[-76.53087,-6.47017],[-76.53084,-6.47024],[-76.53088,-6.47035],[-76.53087,-6.47048],[-76.53082,-6.47065],[-76.53076,-6.47087],[-76.53062,-6.47112],[-76.5305,-6.47132],[-76.53037,-6.47155],[-76.53023,-6.4717],[-76.5301,-6.4718],[-76.53,-6.47189],[-76.52993,-6.47193],[-76.52981,-6.47203],[-76.52968,-6.47215],[-76.52953,-6.47225],[-76.52937,-6.47235],[-76.52922,-6.47243],[-76.52913,-6.47246],[-76.52901,-6.4725],[-76.52886,-6.47252],[-76.52875,-6.47262],[-76.52856,-6.47272],[-76.52832,-6.47279],[-76.52812,-6.47286],[-76.52788,-6.47284],[-76.52774,-6.47285],[-76.52747,-6.4728],[-76.52734,-6.47274],[-76.52704,-6.47268],[-76.52689,-6.47265],[-76.52671,-6.47263],[-76.5265,-6.47267],[-76.5263,-6.4727],[-76.52602,-6.47281],[-76.52587,-6.47293],[-76.52569,-6.47308],[-76.52553,-6.4732],[-76.52539,-6.47335],[-76.52532,-6.47343],[-76.52519,-6.47356],[-76.52512,-6.47361],[-76.52495,-6.47379],[-76.52481,-6.47395],[-76.52476,-6.47405],[-76.52458,-6.4743],[-76.52449,-6.47442],[-76.52427,-6.4747],[-76.52413,-6.4749],[-76.52402,-6.47509],[-76.52388,-6.47525],[-76.52378,-6.4754],[-76.52365,-6.47554],[-76.52349,-6.47567],[-76.52341,-6.47573],[-76.52335,-6.47579],[-76.52318,-6.47597],[-76.52303,-6.47608],[-76.52287,-6.47619],[-76.5227,-6.47631],[-76.52258,-6.47641],[-76.52249,-6.47648],[-76.52241,-6.47653],[-76.52217,-6.47668],[-76.52195,-6.4768],[-76.52182,-6.47686],[-76.52166,-6.47698],[-76.52155,-6.47706],[-76.52143,-6.47716],[-76.5213,-6.47726],[-76.52121,-6.47738],[-76.52111,-6.47756],[-76.52102,-6.47765],[-76.52086,-6.47781],[-76.52079,-6.47789],[-76.52065,-6.47803],[-76.52047,-6.47815],[-76.52038,-6.47823],[-76.52029,-6.47837],[-76.52016,-6.47844],[-76.52004,-6.47851],[-76.51994,-6.47859],[-76.51979,-6.4787],[-76.51964,-6.47879],[-76.51945,-6.47894],[-76.51927,-6.47913],[-76.5191,-6.47928],[-76.5189,-6.47947],[-76.51873,-6.47959],[-76.51845,-6.47974],[-76.51819,-6.47975],[-76.51807,-6.47974],[-76.51779,-6.47975],[-76.51758,-6.47977],[-76.51725,-6.47976],[-76.51715,-6.47975],[-76.51704,-6.47983],[-76.51683,-6.47985],[-76.51667,-6.47984],[-76.5165,-6.47973],[-76.51636,-6.47969],[-76.51628,-6.47973],[-76.516,-6.47974],[-76.51564,-6.47989],[-76.51542,-6.47998],[-76.51506,-6.48013],[-76.51469,-6.48022],[-76.5145,-6.48023],[-76.51429,-6.48029],[-76.51404,-6.48026],[-76.51379,-6.48025],[-76.51353,-6.48021],[-76.51325,-6.48017],[-76.51283,-6.48011],[-76.5125,-6.48006],[-76.51223,-6.48001],[-76.51195,-6.47995],[-76.51166,-6.47995],[-76.51143,-6.47999],[-76.51113,-6.48012],[-76.51084,-6.48015],[-76.51064,-6.48022],[-76.5105,-6.4803],[-76.51036,-6.48042],[-76.51029,-6.48054],[-76.51027,-6.48065],[-76.51019,-6.4809],[-76.51019,-6.48106],[-76.51008,-6.48125],[-76.50997,-6.48148],[-76.50986,-6.48169],[-76.50976,-6.48179],[-76.50965,-6.4819],[-76.50929,-6.482],[-76.50911,-6.48204],[-76.50895,-6.48197],[-76.50865,-6.48196],[-76.50843,-6.48199],[-76.50816,-6.48202],[-76.50793,-6.48203],[-76.50766,-6.48204],[-76.50744,-6.48204],[-76.50721,-6.48198],[-76.50708,-6.48194],[-76.50692,-6.48197],[-76.5067,-6.48198],[-76.50651,-6.48197],[-76.50627,-6.48192],[-76.50604,-6.48179],[-76.50589,-6.48171],[-76.50572,-6.48166],[-76.50544,-6.48156],[-76.50516,-6.48147],[-76.50497,-6.48142],[-76.50478,-6.48138],[-76.50469,-6.48137],[-76.50461,-6.48137],[-76.50448,-6.4814],[-76.50431,-6.48142],[-76.50425,-6.48142],[-76.50418,-6.48149],[-76.50419,-6.48167],[-76.50416,-6.48189],[-76.50398,-6.48207],[-76.50376,-6.48219],[-76.50363,-6.48226],[-76.50345,-6.48228],[-76.50336,-6.4823],[-76.50327,-6.48241],[-76.50326,-6.48246],[-76.50327,-6.4827],[-76.50327,-6.48295],[-76.50332,-6.48309],[-76.50337,-6.48334],[-76.50331,-6.48355],[-76.50331,-6.48372],[-76.50332,-6.48397],[-76.50335,-6.48423],[-76.50337,-6.48456],[-76.50343,-6.48483],[-76.50355,-6.48513],[-76.50368,-6.48541],[-76.50385,-6.48563],[-76.50404,-6.48578],[-76.50424,-6.48596],[-76.50441,-6.48629],[-76.50455,-6.48651],[-76.50466,-6.48674],[-76.50473,-6.48705],[-76.50473,-6.4873],[-76.50466,-6.48754],[-76.50454,-6.48775],[-76.50438,-6.48791],[-76.5042,-6.48801],[-76.50417,-6.48811],[-76.50418,-6.48831],[-76.50407,-6.48859],[-76.504,-6.48872],[-76.50385,-6.48887],[-76.50371,-6.48908],[-76.50363,-6.48919],[-76.50353,-6.48932],[-76.5035,-6.48937],[-76.50346,-6.48954],[-76.50344,-6.48964],[-76.50333,-6.48983],[-76.50324,-6.48999],[-76.50303,-6.49021],[-76.50291,-6.49032],[-76.50271,-6.49043],[-76.50256,-6.49047],[-76.50237,-6.49057],[-76.50223,-6.49064],[-76.50198,-6.49075],[-76.50183,-6.49081],[-76.50172,-6.49089],[-76.50157,-6.491],[-76.50131,-6.49109],[-76.50107,-6.49111],[-76.50085,-6.49118],[-76.50069,-6.49124],[-76.50042,-6.4914],[-76.50033,-6.49149],[-76.50022,-6.49157],[-76.50004,-6.49177],[-76.49988,-6.4919],[-76.49978,-6.49207],[-76.4997,-6.49217],[-76.49964,-6.49223],[-76.49956,-6.49242],[-76.49953,-6.49257],[-76.49952,-6.49277],[-76.49952,-6.49297],[-76.49953,-6.49314],[-76.49955,-6.49333],[-76.4995,-6.49359],[-76.49945,-6.49379],[-76.4994,-6.4939],[-76.49934,-6.49402],[-76.49927,-6.49418],[-76.49924,-6.49431],[-76.49925,-6.49446],[-76.4992,-6.4946],[-76.49912,-6.49479],[-76.49908,-6.49494],[-76.49909,-6.495],[-76.49904,-6.49518],[-76.49899,-6.49533],[-76.49886,-6.49546],[-76.49877,-6.49559],[-76.49865,-6.49576],[-76.49855,-6.49587],[-76.49835,-6.49601],[-76.49818,-6.49601],[-76.49804,-6.49596],[-76.49796,-6.49601],[-76.49792,-6.49613],[-76.49785,-6.49622],[-76.49777,-6.4963],[-76.49756,-6.4965],[-76.49748,-6.49656],[-76.4973,-6.49677],[-76.4972,-6.49687],[-76.49703,-6.49711],[-76.49696,-6.49719],[-76.49683,-6.49741],[-76.49669,-6.49756],[-76.49669,-6.49768],[-76.49677,-6.49782],[-76.49684,-6.49795],[-76.4969,-6.498],[-76.49703,-6.49817],[-76.49698,-6.49844],[-76.49694,-6.4986],[-76.49692,-6.49883],[-76.49688,-6.49902],[-76.49684,-6.49931],[-76.4968,-6.49957],[-76.49678,-6.49968],[-76.49672,-6.49989],[-76.49662,-6.50011],[-76.49653,-6.50025],[-76.4964,-6.50043],[-76.49632,-6.50057],[-76.49631,-6.50063],[-76.49637,-6.50073],[-76.49642,-6.50083],[-76.49639,-6.50106],[-76.49633,-6.50118],[-76.49629,-6.50128],[-76.49611,-6.50152],[-76.49598,-6.50168],[-76.49588,-6.50182],[-76.49574,-6.50196],[-76.49564,-6.5021],[-76.49556,-6.50226],[-76.49548,-6.50244],[-76.49539,-6.50255],[-76.49526,-6.50269],[-76.49521,-6.50277],[-76.49515,-6.50293],[-76.4951,-6.50304],[-76.49494,-6.50318],[-76.49482,-6.50327],[-76.49457,-6.50336],[-76.4944,-6.5034],[-76.49431,-6.50336],[-76.49421,-6.50332],[-76.49408,-6.50333],[-76.49397,-6.50335],[-76.4939,-6.50339],[-76.49384,-6.50346],[-76.4938,-6.50357],[-76.49378,-6.5037],[-76.49376,-6.50383],[-76.49357,-6.50411],[-76.49348,-6.50422],[-76.49339,-6.50432],[-76.49325,-6.50448],[-76.49319,-6.50457],[-76.49307,-6.50475],[-76.49301,-6.50484],[-76.49291,-6.50504],[-76.49285,-6.50518],[-76.49279,-6.50529],[-76.4927,-6.50549],[-76.49257,-6.50565],[-76.49245,-6.50583],[-76.49235,-6.50602],[-76.49227,-6.50616],[-76.49217,-6.50635],[-76.49196,-6.5066],[-76.49181,-6.50678],[-76.49167,-6.50693],[-76.49157,-6.5071],[-76.49152,-6.50723],[-76.49142,-6.5074],[-76.49136,-6.50756],[-76.49129,-6.50776],[-76.49121,-6.50792],[-76.49115,-6.508],[-76.49101,-6.50824],[-76.49091,-6.50838],[-76.49073,-6.50852],[-76.49057,-6.50859],[-76.49033,-6.50867],[-76.49013,-6.50874],[-76.48988,-6.50875],[-76.4896,-6.50876],[-76.48942,-6.50876],[-76.48929,-6.50879],[-76.48917,-6.50883],[-76.48886,-6.50888],[-76.48878,-6.50889],[-76.48859,-6.50891],[-76.48844,-6.50892],[-76.48822,-6.50896],[-76.48801,-6.509],[-76.48779,-6.50907],[-76.48755,-6.50909],[-76.48738,-6.50909],[-76.48725,-6.5091],[-76.4871,-6.50913],[-76.48702,-6.50914],[-76.48685,-6.50915],[-76.48665,-6.5092],[-76.48641,-6.50923],[-76.48616,-6.50922],[-76.48596,-6.50921],[-76.48573,-6.50913],[-76.48565,-6.50901],[-76.48549,-6.50887],[-76.48543,-6.50878],[-76.48531,-6.50866],[-76.48529,-6.50854],[-76.48523,-6.50849],[-76.48515,-6.50846],[-76.48499,-6.50841],[-76.4849,-6.50838],[-76.48472,-6.5084],[-76.48459,-6.50836],[-76.48438,-6.50835],[-76.48422,-6.50828],[-76.48408,-6.50822],[-76.48394,-6.5082],[-76.4838,-6.50818],[-76.48363,-6.508],[-76.48353,-6.50795],[-76.48339,-6.5079],[-76.48315,-6.50793],[-76.48297,-6.50791],[-76.48279,-6.5079],[-76.48255,-6.50793],[-76.48229,-6.50786],[-76.48216,-6.5078],[-76.48196,-6.5077],[-76.48168,-6.5077],[-76.48156,-6.5077],[-76.48141,-6.50772],[-76.48135,-6.50776],[-76.48116,-6.5079],[-76.48093,-6.50791],[-76.48071,-6.50792],[-76.48056,-6.50795],[-76.48037,-6.50801],[-76.48025,-6.50805],[-76.4801,-6.50813],[-76.47999,-6.50822],[-76.47991,-6.50825],[-76.47988,-6.50832],[-76.47982,-6.50848],[-76.47982,-6.50851],[-76.47991,-6.50866],[-76.47992,-6.50883],[-76.47993,-6.50898],[-76.47995,-6.5092],[-76.47994,-6.50939],[-76.47994,-6.50959],[-76.47989,-6.50983],[-76.47977,-6.51001],[-76.47971,-6.51009],[-76.47951,-6.51016],[-76.47943,-6.51021],[-76.47931,-6.51031],[-76.47916,-6.51042],[-76.47913,-6.51047],[-76.47903,-6.51068],[-76.47889,-6.51082],[-76.4788,-6.51091],[-76.47875,-6.511],[-76.47873,-6.51109],[-76.47876,-6.5112],[-76.47885,-6.51132],[-76.47892,-6.51144],[-76.47902,-6.51158],[-76.47908,-6.51171],[-76.47915,-6.51181],[-76.47923,-6.51206],[-76.47926,-6.51219],[-76.47931,-6.51239],[-76.47932,-6.51252],[-76.47936,-6.51271],[-76.47931,-6.51284],[-76.4793,-6.51307],[-76.47928,-6.51324],[-76.47789,-6.51355],[-76.47792,-6.51341],[-76.47805,-6.51328],[-76.47818,-6.51314],[-76.47823,-6.51299],[-76.47823,-6.51276],[-76.4782,-6.51261],[-76.47819,-6.51245],[-76.47814,-6.51223],[-76.47804,-6.51207],[-76.47785,-6.51195],[-76.47772,-6.51177],[-76.47761,-6.51158],[-76.47756,-6.51128],[-76.47755,-6.51104],[-76.47749,-6.51084],[-76.47743,-6.51072],[-76.47741,-6.51058],[-76.47753,-6.51049],[-76.47764,-6.51038],[-76.47785,-6.51031],[-76.47789,-6.51027],[-76.47798,-6.51015],[-76.47813,-6.51001],[-76.47816,-6.50994],[-76.47821,-6.5097],[-76.47844,-6.50974],[-76.47847,-6.50976],[-76.47857,-6.50966],[-76.47867,-6.50957],[-76.47876,-6.5094],[-76.47877,-6.50926],[-76.47876,-6.50909],[-76.47889,-6.50894],[-76.47888,-6.50883],[-76.47888,-6.50866],[-76.47887,-6.50835],[-76.47894,-6.5081],[-76.47903,-6.50796],[-76.479,-6.50779],[-76.47917,-6.50764],[-76.47931,-6.50749],[-76.47947,-6.50729],[-76.47959,-6.50716],[-76.47977,-6.5071],[-76.47987,-6.50701],[-76.48005,-6.5069],[-76.48018,-6.50684],[-76.48036,-6.50683],[-76.48056,-6.50698],[-76.48073,-6.50704],[-76.48097,-6.50706],[-76.48109,-6.50699],[-76.48127,-6.50693],[-76.48149,-6.50683],[-76.48168,-6.50684],[-76.48193,-6.50675],[-76.48217,-6.50683],[-76.48239,-6.50691],[-76.48257,-6.50697],[-76.48279,-6.50699],[-76.48292,-6.507],[-76.48307,-6.50704],[-76.48321,-6.50705],[-76.4833,-6.50694],[-76.48344,-6.50689],[-76.48359,-6.50689],[-76.4837,-6.50702],[-76.48382,-6.50704],[-76.484,-6.50708],[-76.48417,-6.50715],[-76.48427,-6.50716],[-76.4844,-6.50715],[-76.4845,-6.5072],[-76.48472,-6.50725],[-76.48478,-6.50732],[-76.4849,-6.50741],[-76.48506,-6.50753],[-76.48526,-6.50761],[-76.48538,-6.50767],[-76.48557,-6.50777],[-76.48576,-6.50784],[-76.48594,-6.50792],[-76.48607,-6.50798],[-76.48633,-6.50803],[-76.48641,-6.50811],[-76.48653,-6.50809],[-76.48663,-6.50804],[-76.48679,-6.50802],[-76.48693,-6.50806],[-76.48708,-6.50805],[-76.48726,-6.50806],[-76.4874,-6.50801],[-76.4876,-6.50792],[-76.48786,-6.50787],[-76.48804,-6.50791],[-76.48825,-6.50783],[-76.48857,-6.50777],[-76.48874,-6.50773],[-76.48901,-6.50766],[-76.48913,-6.5076],[-76.48935,-6.5074],[-76.48945,-6.50734],[-76.48975,-6.50727],[-76.49,-6.50726],[-76.49026,-6.50725],[-76.49048,-6.50724],[-76.49056,-6.50719],[-76.49073,-6.50705],[-76.49084,-6.50685],[-76.4909,-6.50666],[-76.49091,-6.50651],[-76.49096,-6.50632],[-76.49103,-6.50605],[-76.49115,-6.50575],[-76.49127,-6.50558],[-76.49137,-6.50534],[-76.49151,-6.50502],[-76.4916,-6.50486],[-76.49172,-6.50463],[-76.49186,-6.50444],[-76.49198,-6.50428],[-76.49202,-6.50408],[-76.49206,-6.50388],[-76.49214,-6.50372],[-76.49222,-6.50352],[-76.49235,-6.5033],[-76.49248,-6.50306],[-76.49257,-6.5029],[-76.49281,-6.50261],[-76.49295,-6.50243],[-76.49316,-6.50228],[-76.4934,-6.50221],[-76.49358,-6.50224],[-76.49364,-6.50224],[-76.49367,-6.50223],[-76.49374,-6.50202],[-76.49393,-6.50186],[-76.49404,-6.50184],[-76.49419,-6.50179],[-76.4943,-6.50167],[-76.49441,-6.50151],[-76.4945,-6.50133],[-76.4946,-6.50103],[-76.49465,-6.50076],[-76.49483,-6.50054],[-76.49498,-6.50041],[-76.49507,-6.50034],[-76.49513,-6.50021],[-76.49519,-6.50008],[-76.49526,-6.49985],[-76.49532,-6.49955],[-76.49537,-6.49924],[-76.49542,-6.49908],[-76.49547,-6.4988],[-76.4955,-6.49857],[-76.49556,-6.49831],[-76.49559,-6.49812],[-76.49548,-6.4979],[-76.49527,-6.49773],[-76.49505,-6.49745],[-76.49501,-6.4971],[-76.49508,-6.49678],[-76.49522,-6.4966],[-76.4953,-6.49635],[-76.49544,-6.49612],[-76.49562,-6.49603],[-76.49575,-6.49592],[-76.49597,-6.49582],[-76.4962,-6.49578],[-76.49633,-6.49564],[-76.4965,-6.49547],[-76.49673,-6.49536],[-76.49692,-6.49534],[-76.49712,-6.49527],[-76.49733,-6.49524],[-76.4975,-6.4952],[-76.49769,-6.49499],[-76.49785,-6.49474],[-76.49797,-6.4945],[-76.49806,-6.49417],[-76.49812,-6.49388],[-76.4981,-6.49363],[-76.49803,-6.4933],[-76.49801,-6.49297],[-76.4981,-6.49266],[-76.49824,-6.49245],[-76.4983,-6.49226],[-76.49842,-6.49196],[-76.49862,-6.49158],[-76.49884,-6.49129],[-76.49909,-6.49109],[-76.4993,-6.4909],[-76.4995,-6.49066],[-76.4997,-6.49041],[-76.49996,-6.49004],[-76.50015,-6.48996],[-76.50035,-6.48988],[-76.50068,-6.4898],[-76.50088,-6.4897],[-76.50131,-6.48957],[-76.50158,-6.48953],[-76.50175,-6.4895],[-76.50195,-6.48944],[-76.50221,-6.4893],[-76.50243,-6.48911],[-76.50263,-6.48895],[-76.50282,-6.4887],[-76.503,-6.48837],[-76.50315,-6.4881],[-76.50314,-6.48796],[-76.50301,-6.48768],[-76.5029,-6.48745],[-76.50268,-6.48728],[-76.50246,-6.48702],[-76.50228,-6.48679],[-76.50221,-6.48655],[-76.50223,-6.48627],[-76.50219,-6.48607],[-76.50223,-6.48581],[-76.50227,-6.48561],[-76.50228,-6.48546],[-76.50227,-6.4852],[-76.50222,-6.48496],[-76.50217,-6.48467],[-76.50212,-6.48432],[-76.50208,-6.48408],[-76.50201,-6.48381],[-76.50195,-6.48346],[-76.50186,-6.48317],[-76.50175,-6.48301],[-76.50153,-6.48279],[-76.50133,-6.48252],[-76.50134,-6.48224],[-76.50144,-6.48198],[-76.50152,-6.48176],[-76.50171,-6.48145],[-76.50194,-6.48112],[-76.50214,-6.48085],[-76.50229,-6.48074],[-76.50244,-6.48064],[-76.50257,-6.48046],[-76.50272,-6.48029],[-76.50302,-6.48009],[-76.50319,-6.48005],[-76.50349,-6.48],[-76.50384,-6.48],[-76.50414,-6.48007],[-76.50446,-6.48008],[-76.50475,-6.48012],[-76.50491,-6.48029],[-76.505,-6.48037],[-76.50505,-6.48038],[-76.50525,-6.48038],[-76.50546,-6.48027],[-76.50566,-6.48017],[-76.50579,-6.48008],[-76.506,-6.48001],[-76.50615,-6.47997],[-76.50633,-6.48017],[-76.50633,-6.4803],[-76.50654,-6.48039],[-76.50662,-6.48047],[-76.50685,-6.48054],[-76.50704,-6.48063],[-76.50726,-6.48073],[-76.50752,-6.4808],[-76.5077,-6.48084],[-76.50777,-6.48082],[-76.50795,-6.48069],[-76.50828,-6.48058],[-76.5085,-6.48049],[-76.50876,-6.48034],[-76.50904,-6.48015],[-76.50941,-6.47992],[-76.50953,-6.4798],[-76.50972,-6.47968],[-76.51004,-6.47953],[-76.51038,-6.4795],[-76.51055,-6.4795],[-76.51075,-6.47943],[-76.51085,-6.47933],[-76.511,-6.4792],[-76.51117,-6.47917],[-76.51133,-6.47909],[-76.51151,-6.47899],[-76.51176,-6.47895],[-76.51201,-6.47902],[-76.51233,-6.47906],[-76.51263,-6.47914],[-76.51288,-6.47921],[-76.51314,-6.47927],[-76.51344,-6.47938],[-76.51356,-6.47946],[-76.51372,-6.47951],[-76.51396,-6.47957],[-76.51419,-6.47956],[-76.51442,-6.47954],[-76.51461,-6.47955],[-76.51478,-6.47951],[-76.51491,-6.47945],[-76.51513,-6.47933],[-76.51533,-6.47921],[-76.51555,-6.47915],[-76.51577,-6.47905],[-76.51597,-6.47896],[-76.51617,-6.47885],[-76.51635,-6.47875],[-76.51656,-6.47865],[-76.51688,-6.47864],[-76.51716,-6.47865],[-76.51739,-6.47871],[-76.51761,-6.47878],[-76.51776,-6.47878],[-76.51794,-6.47873],[-76.51812,-6.47867],[-76.51829,-6.47856],[-76.51846,-6.47847],[-76.51867,-6.47834],[-76.51878,-6.47819],[-76.51899,-6.47806],[-76.51919,-6.47795],[-76.51937,-6.47785],[-76.51953,-6.47772],[-76.51969,-6.47756],[-76.51993,-6.47738],[-76.5201,-6.47716],[-76.52026,-6.477],[-76.52041,-6.47683],[-76.52048,-6.47667],[-76.52066,-6.47653],[-76.52086,-6.47645],[-76.52099,-6.47636],[-76.52112,-6.47632],[-76.52133,-6.47616],[-76.52143,-6.47612],[-76.52161,-6.47603],[-76.52176,-6.4759],[-76.52185,-6.47583],[-76.52204,-6.47566],[-76.52227,-6.47554],[-76.52242,-6.47542],[-76.52255,-6.47525],[-76.52273,-6.47509],[-76.52291,-6.47499],[-76.52299,-6.4749],[-76.52319,-6.47474],[-76.5233,-6.47462],[-76.52341,-6.47442],[-76.52362,-6.4741],[-76.52378,-6.47391],[-76.52396,-6.47372],[-76.52419,-6.47345],[-76.52435,-6.4733],[-76.52451,-6.47308],[-76.52474,-6.4729],[-76.52502,-6.47275],[-76.52512,-6.47262],[-76.52527,-6.47249],[-76.52535,-6.47226],[-76.52544,-6.47207],[-76.52567,-6.47203],[-76.5258,-6.47199],[-76.52597,-6.47192],[-76.52609,-6.47192],[-76.52627,-6.47186],[-76.52647,-6.47181],[-76.52664,-6.47174],[-76.52683,-6.47169],[-76.52697,-6.47165],[-76.52717,-6.47166],[-76.52738,-6.47159],[-76.52756,-6.47154],[-76.52776,-6.47154],[-76.52788,-6.47155],[-76.52799,-6.47149],[-76.52809,-6.47144],[-76.52827,-6.47135],[-76.52848,-6.47123],[-76.52869,-6.47114],[-76.52884,-6.47107],[-76.52887,-6.47101],[-76.52894,-6.47085],[-76.5291,-6.47067],[-76.52916,-6.47056],[-76.52924,-6.47039],[-76.52937,-6.47023],[-76.52949,-6.4701],[-76.52959,-6.46996],[-76.52968,-6.46991],[-76.52983,-6.46982],[-76.52992,-6.46977],[-76.52995,-6.46965],[-76.53005,-6.46944],[-76.53013,-6.46922],[-76.53027,-6.46905],[-76.53041,-6.46889],[-76.53057,-6.46871],[-76.53071,-6.46857],[-76.53091,-6.46846],[-76.53112,-6.4684],[-76.53122,-6.46834],[-76.53137,-6.46819],[-76.53153,-6.46802],[-76.53165,-6.46787],[-76.53177,-6.46771],[-76.53192,-6.46758],[-76.53207,-6.46748],[-76.5322,-6.46746],[-76.53239,-6.46738],[-76.53264,-6.46729],[-76.53275,-6.46727],[-76.53298,-6.46725],[-76.53325,-6.46724],[-76.5335,-6.46723],[-76.5337,-6.46717],[-76.53385,-6.46713],[-76.53406,-6.46714],[-76.53421,-6.46711],[-76.53434,-6.46705],[-76.5344,-6.46698],[-76.53458,-6.46688],[-76.53467,-6.46678],[-76.53486,-6.46661],[-76.53496,-6.46651],[-76.53505,-6.46634],[-76.53517,-6.46619],[-76.53528,-6.46601],[-76.5354,-6.46589],[-76.5355,-6.46575],[-76.53553,-6.46557],[-76.53556,-6.46539],[-76.53566,-6.46519],[-76.53571,-6.46492],[-76.53571,-6.46468],[-76.53576,-6.46446],[-76.53582,-6.46429],[-76.53587,-6.46415],[-76.53593,-6.46393],[-76.53601,-6.46374],[-76.53609,-6.46357],[-76.53616,-6.46343],[-76.53626,-6.46323],[-76.5364,-6.46308],[-76.53654,-6.46289],[-76.53672,-6.46275],[-76.53687,-6.46262],[-76.53707,-6.46251],[-76.53732,-6.46247],[-76.53747,-6.46244],[-76.53765,-6.46242],[-76.53775,-6.46237],[-76.53798,-6.46232],[-76.5382,-6.46228],[-76.53833,-6.46223],[-76.53857,-6.46215],[-76.53877,-6.46213],[-76.53889,-6.46209],[-76.53905,-6.46199],[-76.53928,-6.46187],[-76.53955,-6.46171],[-76.53973,-6.46157],[-76.53986,-6.4614],[-76.53997,-6.46124],[-76.54021,-6.46114],[-76.5405,-6.46109],[-76.54067,-6.46103],[-76.54088,-6.46097],[-76.54104,-6.46088],[-76.54117,-6.4608],[-76.54133,-6.46063],[-76.54156,-6.46047],[-76.54163,-6.46037],[-76.54175,-6.46025],[-76.54196,-6.46005],[-76.54223,-6.45993],[-76.54234,-6.45994],[-76.54257,-6.45982],[-76.5427,-6.45969],[-76.54283,-6.45955],[-76.54297,-6.4594],[-76.54306,-6.4592],[-76.54315,-6.4591],[-76.54325,-6.45898],[-76.54337,-6.45885],[-76.54342,-6.45871],[-76.54349,-6.45861],[-76.54356,-6.45845],[-76.54363,-6.45825],[-76.54365,-6.45805],[-76.54368,-6.45787],[-76.54379,-6.45766],[-76.54395,-6.45743],[-76.54408,-6.45723],[-76.54425,-6.45705],[-76.54439,-6.45678],[-76.54451,-6.45654],[-76.54462,-6.45624],[-76.54471,-6.45603],[-76.54477,-6.45585],[-76.54499,-6.45566],[-76.54512,-6.45563],[-76.54526,-6.45557],[-76.54541,-6.45547],[-76.54568,-6.45532],[-76.54586,-6.45523],[-76.54604,-6.45512],[-76.54621,-6.45499],[-76.54625,-6.45492],[-76.5463,-6.45478],[-76.54648,-6.45467],[-76.54663,-6.45472],[-76.54673,-6.45474],[-76.54688,-6.45471],[-76.54714,-6.45453],[-76.54739,-6.45437],[-76.54758,-6.45427],[-76.54778,-6.45423],[-76.54791,-6.45428],[-76.54802,-6.45422],[-76.54827,-6.45406],[-76.54851,-6.45403],[-76.54865,-6.45401],[-76.54878,-6.4539],[-76.54891,-6.45379],[-76.54918,-6.45359],[-76.54928,-6.45349],[-76.5494,-6.45342],[-76.5496,-6.45332],[-76.54978,-6.4533],[-76.54989,-6.45329],[-76.55005,-6.45329],[-76.55013,-6.45333],[-76.5502,-6.45337],[-76.55027,-6.45341],[-76.55034,-6.45344],[-76.55042,-6.45343],[-76.55056,-6.45343],[-76.55065,-6.45338],[-76.55071,-6.45336],[-76.55082,-6.45329],[-76.55088,-6.45328],[-76.55097,-6.45317],[-76.55116,-6.45299],[-76.55122,-6.45295],[-76.55135,-6.45279],[-76.5514,-6.45264],[-76.55148,-6.45249],[-76.55152,-6.45232],[-76.5516,-6.45212],[-76.55161,-6.45196],[-76.55169,-6.45182],[-76.55172,-6.45165],[-76.55183,-6.45155],[-76.55178,-6.45148],[-76.55186,-6.45134],[-76.55184,-6.45121],[-76.55192,-6.45106],[-76.55211,-6.45106],[-76.5522,-6.45102],[-76.55229,-6.45099],[-76.55235,-6.45091],[-76.55241,-6.45083],[-76.55251,-6.45076],[-76.55269,-6.45074],[-76.5528,-6.45072],[-76.55285,-6.45068],[-76.5529,-6.45064],[-76.55298,-6.45057],[-76.55305,-6.45048],[-76.55313,-6.45035],[-76.55318,-6.45028],[-76.55331,-6.45009],[-76.55344,-6.44991],[-76.55363,-6.44976],[-76.55377,-6.44969],[-76.55387,-6.44953],[-76.55406,-6.44945],[-76.55424,-6.44936],[-76.55435,-6.44928],[-76.55443,-6.4492],[-76.55452,-6.44911],[-76.55455,-6.44902],[-76.55461,-6.44888],[-76.55476,-6.44881],[-76.55481,-6.44879],[-76.55488,-6.44874],[-76.55505,-6.44868],[-76.55513,-6.44866],[-76.55524,-6.44861],[-76.55534,-6.44852],[-76.55549,-6.44841],[-76.55563,-6.44835],[-76.55583,-6.44836],[-76.556,-6.44839],[-76.5561,-6.44841],[-76.55623,-6.44843],[-76.55634,-6.44847],[-76.55647,-6.44853],[-76.5566,-6.44861],[-76.55672,-6.44865],[-76.55682,-6.4486],[-76.55698,-6.44862],[-76.55714,-6.44865],[-76.55729,-6.44882],[-76.55737,-6.44895],[-76.55742,-6.44911],[-76.55747,-6.44924],[-76.55755,-6.4493],[-76.55756,-6.44942],[-76.55762,-6.44959],[-76.55751,-6.44971],[-76.5576,-6.44978],[-76.55781,-6.44989],[-76.55803,-6.45003],[-76.55814,-6.45003],[-76.55822,-6.45001],[-76.55832,-6.44999],[-76.55853,-6.45],[-76.55859,-6.44988],[-76.55872,-6.44975],[-76.55895,-6.4496],[-76.55908,-6.44943],[-76.55932,-6.44922],[-76.55953,-6.44905],[-76.55974,-6.44896],[-76.55987,-6.44888],[-76.55997,-6.44879],[-76.56003,-6.4487],[-76.56014,-6.44862],[-76.56021,-6.44856],[-76.56034,-6.44851],[-76.56046,-6.44843],[-76.56052,-6.44834],[-76.56069,-6.44832],[-76.56075,-6.44827],[-76.56086,-6.44826],[-76.56096,-6.44819],[-76.56103,-6.44813],[-76.56108,-6.44804],[-76.56124,-6.44795],[-76.56137,-6.44789],[-76.56153,-6.44788],[-76.56163,-6.44782],[-76.56175,-6.44774],[-76.56188,-6.44767],[-76.56198,-6.44756],[-76.5621,-6.44749],[-76.56228,-6.44741],[-76.56239,-6.44734],[-76.56263,-6.44724],[-76.56272,-6.44714],[-76.56294,-6.44714],[-76.56309,-6.44709],[-76.56321,-6.44705],[-76.5634,-6.44702],[-76.56349,-6.44701],[-76.56368,-6.44698],[-76.56385,-6.44698],[-76.56397,-6.44699],[-76.56408,-6.44701],[-76.5642,-6.44704],[-76.56435,-6.44711],[-76.56444,-6.44704],[-76.56462,-6.44708],[-76.56478,-6.44706],[-76.56491,-6.44705],[-76.56511,-6.447],[-76.56525,-6.44694],[-76.56541,-6.44687],[-76.56563,-6.44673],[-76.56574,-6.44658],[-76.56575,-6.44648],[-76.56588,-6.44626],[-76.56596,-6.44616],[-76.5662,-6.44613],[-76.56629,-6.4461],[-76.56634,-6.44603],[-76.56637,-6.44594],[-76.56641,-6.44582],[-76.56658,-6.44574],[-76.56668,-6.44573],[-76.56675,-6.44571],[-76.56689,-6.44565],[-76.56706,-6.4456],[-76.56715,-6.44558],[-76.5673,-6.44557],[-76.5674,-6.44554],[-76.56748,-6.44547],[-76.5676,-6.44535],[-76.56774,-6.44525],[-76.56791,-6.44513],[-76.5681,-6.44504],[-76.56828,-6.44499],[-76.5684,-6.44492],[-76.56848,-6.44483],[-76.5686,-6.44473],[-76.56872,-6.44468],[-76.56882,-6.44465],[-76.56888,-6.44461],[-76.56904,-6.44458],[-76.5692,-6.44457],[-76.56923,-6.44463],[-76.56935,-6.44456],[-76.56944,-6.44449],[-76.56959,-6.44447],[-76.56975,-6.44443],[-76.56982,-6.4444],[-76.5699,-6.4443],[-76.5701,-6.44423],[-76.57021,-6.44421],[-76.57047,-6.44415],[-76.57059,-6.44414],[-76.57069,-6.44415],[-76.57083,-6.44419],[-76.5709,-6.44421],[-76.571,-6.44422],[-76.57108,-6.44423],[-76.57112,-6.44423],[-76.57122,-6.4442],[-76.5713,-6.44413],[-76.57152,-6.44397],[-76.57168,-6.44385],[-76.57178,-6.44371],[-76.57195,-6.4435],[-76.57206,-6.44341],[-76.57219,-6.44336],[-76.57246,-6.44321],[-76.57264,-6.44304],[-76.57284,-6.4428],[-76.57313,-6.44259],[-76.57333,-6.44236],[-76.57349,-6.44212],[-76.57372,-6.44183],[-76.57393,-6.44157],[-76.57414,-6.44133],[-76.5743,-6.44117],[-76.57451,-6.44095],[-76.57479,-6.44076],[-76.57503,-6.44062],[-76.57515,-6.44059],[-76.5753,-6.44042],[-76.57552,-6.44023],[-76.57569,-6.44011],[-76.5758,-6.44006],[-76.57599,-6.43997],[-76.57624,-6.43983],[-76.5765,-6.4397],[-76.57675,-6.43956],[-76.57699,-6.43945],[-76.57729,-6.43935],[-76.57761,-6.43928],[-76.57787,-6.43922],[-76.57813,-6.43918],[-76.57841,-6.43915],[-76.57865,-6.43909],[-76.57887,-6.43905],[-76.57914,-6.43899],[-76.57936,-6.43888],[-76.57959,-6.43887],[-76.57979,-6.43879],[-76.57998,-6.43868],[-76.58008,-6.43855],[-76.58033,-6.43846],[-76.58055,-6.43827],[-76.58074,-6.43812],[-76.581,-6.43791],[-76.58118,-6.43771],[-76.58142,-6.43746],[-76.58169,-6.43727],[-76.58197,-6.43707],[-76.58225,-6.43692],[-76.58242,-6.43677],[-76.58268,-6.43661],[-76.58289,-6.43654],[-76.58307,-6.4364],[-76.58336,-6.43626],[-76.58362,-6.43608],[-76.58392,-6.43587],[-76.58414,-6.43566],[-76.58433,-6.43541],[-76.5846,-6.43511],[-76.58477,-6.4349],[-76.58486,-6.43475],[-76.58511,-6.43456],[-76.58533,-6.43456],[-76.58551,-6.4345],[-76.58568,-6.43435],[-76.58583,-6.43416],[-76.58609,-6.43391],[-76.58628,-6.43378],[-76.58639,-6.43362],[-76.58649,-6.43336],[-76.58658,-6.43305],[-76.58655,-6.43282],[-76.5866,-6.43256],[-76.58686,-6.43238],[-76.58714,-6.43228],[-76.58741,-6.43208],[-76.58759,-6.43194],[-76.58773,-6.43179],[-76.58788,-6.43164],[-76.58808,-6.43159],[-76.58824,-6.43149],[-76.58857,-6.43135],[-76.58896,-6.43111],[-76.58929,-6.43097],[-76.58957,-6.4308],[-76.5899,-6.43055],[-76.59024,-6.43028],[-76.59039,-6.43009],[-76.59056,-6.42997],[-76.59076,-6.42984],[-76.59105,-6.4296],[-76.59118,-6.42941],[-76.59127,-6.42915],[-76.59132,-6.42892],[-76.5914,-6.42866],[-76.59156,-6.4284],[-76.59173,-6.42824],[-76.59193,-6.428],[-76.59213,-6.42786],[-76.59237,-6.42763],[-76.59252,-6.42748],[-76.5927,-6.42724],[-76.59299,-6.42706],[-76.59327,-6.42698],[-76.59352,-6.42695],[-76.59364,-6.42688],[-76.59377,-6.42669],[-76.59402,-6.4264],[-76.59423,-6.42613],[-76.5944,-6.42587],[-76.59448,-6.42553],[-76.59462,-6.42523],[-76.59479,-6.42494],[-76.59496,-6.42461],[-76.5952,-6.42434],[-76.59535,-6.42407],[-76.59553,-6.42378],[-76.5957,-6.42353],[-76.59589,-6.42322],[-76.59611,-6.42296],[-76.59629,-6.4227],[-76.59651,-6.42247],[-76.59666,-6.42225],[-76.59686,-6.42197],[-76.59695,-6.42174],[-76.59708,-6.42139],[-76.59729,-6.42108],[-76.59736,-6.42087],[-76.59745,-6.42059],[-76.59749,-6.42032],[-76.59756,-6.42007],[-76.59767,-6.41984],[-76.59772,-6.41963],[-76.59777,-6.41943],[-76.5978,-6.41926],[-76.59772,-6.41911],[-76.59778,-6.41894],[-76.59794,-6.41877],[-76.59802,-6.4187],[-76.598,-6.41848],[-76.59805,-6.41824],[-76.5981,-6.41803],[-76.59821,-6.41776],[-76.59836,-6.41755],[-76.59855,-6.41747],[-76.5987,-6.41734],[-76.59889,-6.4172],[-76.59907,-6.41706],[-76.59921,-6.41698],[-76.59943,-6.41686],[-76.59963,-6.41676],[-76.59985,-6.41666],[-76.60013,-6.41655],[-76.60039,-6.41645],[-76.60056,-6.41635],[-76.60079,-6.41621],[-76.60106,-6.41606],[-76.60131,-6.41592],[-76.60144,-6.41575],[-76.60162,-6.41575],[-76.6017,-6.41563],[-76.60177,-6.41542],[-76.60183,-6.41521],[-76.60194,-6.41489],[-76.602,-6.41472],[-76.60221,-6.41455],[-76.6023,-6.4145],[-76.60231,-6.41441],[-76.60229,-6.41429],[-76.60223,-6.41416],[-76.60212,-6.41396],[-76.60192,-6.41375],[-76.60148,-6.4135],[-76.60104,-6.41335],[-76.6007,-6.41325],[-76.60041,-6.41316],[-76.60006,-6.41306],[-76.59959,-6.41291],[-76.59903,-6.41277],[-76.59855,-6.41267],[-76.59814,-6.41262],[-76.59781,-6.41255],[-76.59744,-6.41244],[-76.59715,-6.4123],[-76.59685,-6.41214],[-76.59649,-6.41208],[-76.59608,-6.41203],[-76.59583,-6.4118],[-76.59561,-6.41183],[-76.59536,-6.41145],[-76.59501,-6.41099],[-76.59481,-6.41055],[-76.59467,-6.41015],[-76.59455,-6.40984],[-76.59436,-6.4095],[-76.59438,-6.40942],[-76.59439,-6.40928],[-76.59441,-6.40882],[-76.59438,-6.40867],[-76.59443,-6.40842],[-76.59443,-6.40794],[-76.59454,-6.40777],[-76.59461,-6.40742],[-76.59475,-6.40718],[-76.59491,-6.40695],[-76.59506,-6.40672],[-76.59516,-6.40655],[-76.59538,-6.40621],[-76.59552,-6.40598],[-76.59555,-6.40591],[-76.5956,-6.40587],[-76.59568,-6.40581],[-76.59578,-6.40564],[-76.59584,-6.40545],[-76.59599,-6.40513],[-76.59606,-6.40495],[-76.59614,-6.40474],[-76.59625,-6.40453],[-76.59627,-6.4044],[-76.59632,-6.40415],[-76.59639,-6.40387],[-76.59645,-6.40365],[-76.59653,-6.40341],[-76.59662,-6.40321],[-76.5967,-6.40299],[-76.59697,-6.40275],[-76.59728,-6.40276],[-76.59743,-6.40271],[-76.59767,-6.40256],[-76.59786,-6.40242],[-76.59796,-6.40226],[-76.59828,-6.40219],[-76.59862,-6.40212],[-76.59879,-6.40208],[-76.59887,-6.40204],[-76.59917,-6.40183],[-76.59936,-6.4017],[-76.59951,-6.40155],[-76.59959,-6.4014],[-76.59968,-6.40125],[-76.5997,-6.40112],[-76.59969,-6.40081],[-76.59962,-6.40047],[-76.59961,-6.4003],[-76.5996,-6.40004],[-76.59954,-6.3999],[-76.5995,-6.39978],[-76.59941,-6.39959],[-76.59936,-6.39931],[-76.59928,-6.39921],[-76.59913,-6.39891],[-76.59906,-6.39866],[-76.59897,-6.39846],[-76.59883,-6.3983],[-76.59871,-6.398],[-76.59857,-6.39782],[-76.59846,-6.39765],[-76.59835,-6.39742],[-76.59826,-6.39709],[-76.59817,-6.39687],[-76.59807,-6.39656],[-76.59797,-6.39632],[-76.59789,-6.39613],[-76.59781,-6.3959],[-76.59773,-6.39564],[-76.59766,-6.39546],[-76.5976,-6.39534],[-76.5975,-6.39519],[-76.59732,-6.39506],[-76.59721,-6.39483],[-76.59714,-6.39468],[-76.59701,-6.39445],[-76.59702,-6.39434],[-76.59706,-6.39402],[-76.59711,-6.39373],[-76.59707,-6.39365],[-76.597,-6.39343],[-76.59704,-6.3932],[-76.59724,-6.39303],[-76.59736,-6.39289],[-76.59754,-6.39264],[-76.5977,-6.39251],[-76.59781,-6.39231],[-76.59797,-6.39208],[-76.5981,-6.39189],[-76.59834,-6.39172],[-76.59839,-6.39148],[-76.59852,-6.39129],[-76.59865,-6.39109],[-76.59876,-6.39087],[-76.59868,-6.39081],[-76.59843,-6.39044],[-76.59836,-6.39016],[-76.59837,-6.38981],[-76.59841,-6.38961],[-76.59839,-6.38928],[-76.59832,-6.389],[-76.5982,-6.38891],[-76.59805,-6.38866],[-76.5979,-6.38865],[-76.59764,-6.38864],[-76.59742,-6.38859],[-76.59716,-6.38846],[-76.59703,-6.38829],[-76.5969,-6.38807],[-76.59683,-6.38791],[-76.59671,-6.38777],[-76.59656,-6.38765],[-76.59643,-6.38747],[-76.59633,-6.3874],[-76.5961,-6.38732],[-76.59588,-6.38726],[-76.59573,-6.38707],[-76.59556,-6.3869],[-76.59543,-6.38677],[-76.59526,-6.38663],[-76.59502,-6.38639],[-76.59487,-6.38612],[-76.59474,-6.386],[-76.59461,-6.38578],[-76.59447,-6.3856],[-76.5943,-6.38543],[-76.59414,-6.38524],[-76.59389,-6.38511],[-76.59425,-6.38475],[-76.59425,-6.38455],[-76.59421,-6.3843],[-76.59429,-6.38405],[-76.59432,-6.38392],[-76.59435,-6.3837],[-76.5943,-6.3836],[-76.59428,-6.3833],[-76.59439,-6.38311],[-76.59457,-6.38296],[-76.59477,-6.38292],[-76.59486,-6.38278],[-76.59503,-6.3826],[-76.59516,-6.38244],[-76.59533,-6.38229],[-76.59549,-6.38207],[-76.59561,-6.38194],[-76.59575,-6.3818],[-76.59593,-6.38165],[-76.59601,-6.38152],[-76.59615,-6.38127],[-76.59635,-6.38108],[-76.59655,-6.38101],[-76.59674,-6.38086],[-76.59698,-6.38074],[-76.59714,-6.38069],[-76.59734,-6.38062],[-76.59754,-6.38046],[-76.59773,-6.38031],[-76.59786,-6.38017],[-76.59797,-6.37999],[-76.59815,-6.37987],[-76.59841,-6.37976],[-76.59869,-6.37977],[-76.59884,-6.37979],[-76.59908,-6.37978],[-76.59935,-6.37977],[-76.59957,-6.37976],[-76.59975,-6.37977],[-76.5999,-6.37974],[-76.60012,-6.37966],[-76.60036,-6.37957],[-76.6006,-6.37949],[-76.60069,-6.37941],[-76.6008,-6.37923],[-76.60094,-6.37914],[-76.60107,-6.37901],[-76.60128,-6.37891],[-76.6015,-6.37894],[-76.60165,-6.37912],[-76.60178,-6.37927],[-76.60184,-6.37937],[-76.60197,-6.37962],[-76.60201,-6.37974],[-76.60206,-6.37977],[-76.60227,-6.37983],[-76.60247,-6.37996],[-76.60267,-6.38012],[-76.60292,-6.38025],[-76.60322,-6.38033],[-76.60355,-6.38037],[-76.60384,-6.38039],[-76.60403,-6.38034],[-76.60418,-6.38028],[-76.60445,-6.38014],[-76.60474,-6.37999],[-76.60498,-6.37985],[-76.60523,-6.37971],[-76.60546,-6.37952],[-76.60575,-6.37924],[-76.60586,-6.37908],[-76.60606,-6.379],[-76.6062,-6.37894],[-76.60634,-6.37886],[-76.60647,-6.37872],[-76.60664,-6.37855],[-76.60663,-6.37838],[-76.60673,-6.37823],[-76.60686,-6.37806],[-76.60708,-6.3779],[-76.6072,-6.37788],[-76.60737,-6.37774],[-76.60755,-6.37759],[-76.60768,-6.37746],[-76.60788,-6.37729],[-76.60805,-6.37709],[-76.60819,-6.37695],[-76.60838,-6.37676],[-76.60854,-6.37659],[-76.60866,-6.37639],[-76.60885,-6.37621],[-76.60911,-6.37608],[-76.60928,-6.37596],[-76.60954,-6.37578],[-76.60978,-6.37575],[-76.61003,-6.37576],[-76.61009,-6.37573],[-76.61034,-6.37566],[-76.6104,-6.37564],[-76.6106,-6.37553],[-76.61075,-6.3754],[-76.611,-6.37518],[-76.61115,-6.37505],[-76.61122,-6.37495],[-76.61124,-6.37474],[-76.61142,-6.3746],[-76.61155,-6.37443],[-76.61172,-6.37426],[-76.61178,-6.3741],[-76.61199,-6.37376],[-76.61232,-6.37355],[-76.6126,-6.37345],[-76.61286,-6.37345],[-76.61314,-6.37351],[-76.61332,-6.37368],[-76.61354,-6.37399],[-76.6137,-6.37413],[-76.61387,-6.37425],[-76.61403,-6.37431],[-76.61425,-6.37454],[-76.61435,-6.37478],[-76.6144,-6.37489],[-76.61444,-6.37498],[-76.61461,-6.37508],[-76.61473,-6.37515],[-76.61486,-6.37519],[-76.61502,-6.37525],[-76.61519,-6.37525],[-76.61535,-6.37525],[-76.61555,-6.37524],[-76.61563,-6.37524],[-76.61581,-6.37515],[-76.61603,-6.37505],[-76.61631,-6.37493],[-76.61662,-6.37479],[-76.61685,-6.37466],[-76.61706,-6.37456],[-76.61725,-6.37444],[-76.61743,-6.37439],[-76.61752,-6.37435],[-76.6178,-6.37425],[-76.61787,-6.37426],[-76.61794,-6.37415],[-76.61805,-6.37396],[-76.61811,-6.37378],[-76.61816,-6.37354],[-76.61813,-6.37346],[-76.61803,-6.37333],[-76.61808,-6.37298],[-76.61826,-6.37281],[-76.61834,-6.37265],[-76.61843,-6.37249],[-76.61855,-6.37228],[-76.61866,-6.37208],[-76.6188,-6.37178],[-76.61892,-6.3715],[-76.61911,-6.3712],[-76.61927,-6.37096],[-76.61949,-6.37074],[-76.61962,-6.37064],[-76.61968,-6.37053],[-76.61973,-6.37038],[-76.61987,-6.37],[-76.62005,-6.36979],[-76.62012,-6.36964],[-76.62018,-6.36946],[-76.6202,-6.36932],[-76.62021,-6.36912],[-76.62027,-6.36879],[-76.62041,-6.36861],[-76.62053,-6.36835],[-76.62071,-6.36815],[-76.62096,-6.36798],[-76.62121,-6.36793],[-76.62131,-6.36785],[-76.62149,-6.3677],[-76.62175,-6.36753],[-76.62191,-6.36743],[-76.62217,-6.36724],[-76.62236,-6.367],[-76.62257,-6.36688],[-76.6227,-6.3668],[-76.6228,-6.36671],[-76.62308,-6.36659],[-76.62327,-6.36652],[-76.62358,-6.3664],[-76.62384,-6.36631],[-76.62398,-6.36627],[-76.6241,-6.3662],[-76.62428,-6.36611],[-76.62442,-6.36599],[-76.62444,-6.36594],[-76.62451,-6.36572],[-76.62453,-6.36558],[-76.62454,-6.36537],[-76.62456,-6.36511],[-76.62454,-6.36489],[-76.6245,-6.3647],[-76.62446,-6.36454],[-76.62444,-6.36433],[-76.62442,-6.36414],[-76.62436,-6.36395],[-76.62431,-6.36374],[-76.62425,-6.36354],[-76.62421,-6.36333],[-76.62416,-6.36313],[-76.62412,-6.36303],[-76.62403,-6.36293],[-76.62389,-6.36267],[-76.62383,-6.3624],[-76.62388,-6.36221],[-76.62392,-6.36208],[-76.62392,-6.36192],[-76.62397,-6.36165],[-76.62406,-6.36141],[-76.62414,-6.36116],[-76.62422,-6.36089],[-76.62428,-6.36069],[-76.62437,-6.36044],[-76.62448,-6.36026],[-76.62453,-6.36017],[-76.62457,-6.36002],[-76.62466,-6.35972],[-76.62478,-6.35945],[-76.62493,-6.35924],[-76.62504,-6.35906],[-76.6252,-6.35883],[-76.62542,-6.35862],[-76.62565,-6.35855],[-76.62591,-6.35849],[-76.62618,-6.35846],[-76.62646,-6.35841],[-76.62669,-6.35835],[-76.627,-6.35835],[-76.62722,-6.35834],[-76.62747,-6.35834],[-76.62767,-6.35834],[-76.62779,-6.35835],[-76.62801,-6.35827],[-76.6283,-6.3582],[-76.62854,-6.35817],[-76.62884,-6.35811],[-76.62903,-6.35808],[-76.62926,-6.35802],[-76.62947,-6.35797],[-76.62971,-6.35786],[-76.62982,-6.35782],[-76.63003,-6.35767],[-76.63015,-6.35755],[-76.63041,-6.35737],[-76.63053,-6.35728],[-76.63065,-6.35717],[-76.63078,-6.35703],[-76.63096,-6.35686],[-76.63107,-6.35675],[-76.63121,-6.35659],[-76.63126,-6.3565],[-76.63128,-6.35634],[-76.63136,-6.35611],[-76.63151,-6.35588],[-76.63157,-6.35579],[-76.63163,-6.35561],[-76.63171,-6.35542],[-76.63178,-6.35528],[-76.63178,-6.35525],[-76.63167,-6.35507],[-76.63156,-6.35485],[-76.63156,-6.35467],[-76.63154,-6.35457],[-76.63142,-6.35438],[-76.63132,-6.35419],[-76.63124,-6.35404],[-76.63114,-6.35394],[-76.63095,-6.35367],[-76.63087,-6.35341],[-76.63083,-6.35313],[-76.63089,-6.35285],[-76.63094,-6.3527],[-76.631,-6.35251],[-76.63105,-6.35232],[-76.63114,-6.35209],[-76.63122,-6.35189],[-76.63134,-6.35169],[-76.63146,-6.3515],[-76.6316,-6.35131],[-76.63171,-6.35114],[-76.63189,-6.35096],[-76.63201,-6.35082],[-76.63221,-6.35064],[-76.63243,-6.3505],[-76.63263,-6.3504],[-76.6327,-6.35036],[-76.63277,-6.35024],[-76.63289,-6.35007],[-76.63296,-6.34992],[-76.63305,-6.34977],[-76.63308,-6.34962],[-76.6331,-6.34949],[-76.6331,-6.34928],[-76.63311,-6.3491],[-76.63312,-6.34889],[-76.63311,-6.34865],[-76.63337,-6.34838],[-76.63357,-6.34832],[-76.63372,-6.34829],[-76.63362,-6.34823],[-76.63349,-6.34816],[-76.63331,-6.34812],[-76.63304,-6.34809],[-76.6328,-6.34804],[-76.63258,-6.34794],[-76.63238,-6.34786],[-76.63216,-6.34779],[-76.6319,-6.34769],[-76.63176,-6.34769],[-76.63144,-6.34764],[-76.63118,-6.34755],[-76.63098,-6.34747],[-76.63078,-6.34738],[-76.63059,-6.34726],[-76.63043,-6.34718],[-76.63022,-6.34705],[-76.63001,-6.34688],[-76.62988,-6.3467],[-76.62978,-6.34649],[-76.62972,-6.34614],[-76.62974,-6.34587],[-76.62982,-6.34561],[-76.62989,-6.3454],[-76.62996,-6.34521],[-76.63001,-6.34505],[-76.63004,-6.34491],[-76.63005,-6.34469],[-76.63006,-6.34445],[-76.63012,-6.34416],[-76.63018,-6.3439],[-76.6302,-6.34372],[-76.63022,-6.3434],[-76.63025,-6.34314],[-76.63031,-6.34281],[-76.63029,-6.34264],[-76.63018,-6.34255],[-76.63001,-6.34243],[-76.62979,-6.34228],[-76.62963,-6.34207],[-76.62952,-6.34196],[-76.62928,-6.34173],[-76.62924,-6.34144],[-76.62932,-6.34109],[-76.62938,-6.34086],[-76.62943,-6.34063],[-76.62951,-6.34034],[-76.62961,-6.34006],[-76.62971,-6.33985],[-76.62981,-6.33968],[-76.62988,-6.33947],[-76.63001,-6.33925],[-76.6301,-6.33909],[-76.63017,-6.33887],[-76.63026,-6.33864],[-76.63027,-6.33851],[-76.63023,-6.33828],[-76.6303,-6.338],[-76.6304,-6.33761],[-76.63052,-6.33737],[-76.63063,-6.33727],[-76.63069,-6.33713],[-76.63075,-6.33691],[-76.63085,-6.33662],[-76.63092,-6.33639],[-76.63097,-6.3362],[-76.63103,-6.33591],[-76.6311,-6.33569],[-76.6312,-6.33544],[-76.63132,-6.33513],[-76.63153,-6.33476],[-76.6317,-6.33446],[-76.63188,-6.3342],[-76.63197,-6.33409],[-76.63209,-6.3338],[-76.63222,-6.3336],[-76.63227,-6.33344],[-76.63238,-6.33318],[-76.63237,-6.33313],[-76.63227,-6.33278],[-76.63229,-6.33259],[-76.63242,-6.33231],[-76.63251,-6.33218],[-76.6326,-6.33197],[-76.63267,-6.33183],[-76.6328,-6.33164],[-76.63296,-6.33146],[-76.63314,-6.3313],[-76.63324,-6.33117],[-76.63347,-6.33092],[-76.63364,-6.33073],[-76.63374,-6.33063],[-76.6339,-6.3304],[-76.63408,-6.33017],[-76.63413,-6.33008],[-76.63416,-6.32994],[-76.63427,-6.32963],[-76.63443,-6.32934],[-76.63461,-6.32915],[-76.63482,-6.32894],[-76.63495,-6.32882],[-76.63516,-6.32858],[-76.63529,-6.32839],[-76.63552,-6.32817],[-76.63565,-6.32811],[-76.63574,-6.32799],[-76.63587,-6.3278],[-76.636,-6.32759],[-76.63618,-6.32738],[-76.63634,-6.32711],[-76.63647,-6.3269],[-76.63654,-6.3268],[-76.63653,-6.32669],[-76.63666,-6.32637],[-76.63683,-6.32618],[-76.63694,-6.32607],[-76.63705,-6.32588],[-76.63725,-6.32564],[-76.63735,-6.32544],[-76.63754,-6.32522],[-76.63765,-6.32509],[-76.63786,-6.32486],[-76.63804,-6.32469],[-76.63813,-6.32456],[-76.63832,-6.32432],[-76.63845,-6.32412],[-76.63857,-6.32393],[-76.63869,-6.32376],[-76.63873,-6.32366],[-76.63885,-6.32344],[-76.63904,-6.32321],[-76.63917,-6.32307],[-76.63927,-6.32291],[-76.63938,-6.32271],[-76.63948,-6.32256],[-76.63955,-6.32238],[-76.63965,-6.32217],[-76.63974,-6.32198],[-76.63986,-6.32175],[-76.63998,-6.32156],[-76.64013,-6.32136],[-76.64032,-6.32121],[-76.64043,-6.32107],[-76.64049,-6.32095],[-76.64052,-6.3208],[-76.64051,-6.32061],[-76.64048,-6.32039],[-76.64065,-6.3201],[-76.64065,-6.32004],[-76.64074,-6.31973],[-76.64082,-6.31947],[-76.64102,-6.31919],[-76.64134,-6.31902],[-76.64152,-6.319],[-76.64161,-6.31894],[-76.64174,-6.3188],[-76.64187,-6.3186],[-76.642,-6.31842],[-76.6423,-6.31828],[-76.64256,-6.3182],[-76.64277,-6.31809],[-76.64292,-6.318],[-76.64321,-6.31787],[-76.64339,-6.31784],[-76.64352,-6.31776],[-76.64367,-6.31765],[-76.6438,-6.31754],[-76.64386,-6.31745],[-76.64398,-6.31731],[-76.64422,-6.31714],[-76.64436,-6.31708],[-76.64441,-6.31701],[-76.64457,-6.31678],[-76.64472,-6.31654],[-76.64483,-6.31632],[-76.64496,-6.31612],[-76.64505,-6.31598],[-76.6452,-6.31573],[-76.6453,-6.31546],[-76.64555,-6.31514],[-76.64571,-6.31495],[-76.64584,-6.31464],[-76.646,-6.31443],[-76.64618,-6.31424],[-76.64649,-6.31399],[-76.64691,-6.31388],[-76.64723,-6.31384],[-76.64736,-6.31384],[-76.64751,-6.31383],[-76.64768,-6.31374],[-76.64782,-6.31368],[-76.64785,-6.31363],[-76.64783,-6.3134],[-76.64785,-6.31316],[-76.64785,-6.313],[-76.64783,-6.31289],[-76.64779,-6.31274],[-76.6477,-6.31255],[-76.6476,-6.31232],[-76.64751,-6.31202],[-76.64749,-6.3117],[-76.64751,-6.31145],[-76.64755,-6.31118],[-76.64761,-6.31088],[-76.64767,-6.31069],[-76.6477,-6.31055],[-76.64769,-6.31043],[-76.64766,-6.31024],[-76.64766,-6.30995],[-76.64765,-6.30979],[-76.64767,-6.30957],[-76.64771,-6.30929],[-76.64781,-6.30904],[-76.64787,-6.30895],[-76.64796,-6.30868],[-76.64798,-6.30851],[-76.64798,-6.30828],[-76.64806,-6.30796],[-76.64818,-6.30776],[-76.6483,-6.30758],[-76.64847,-6.30736],[-76.64859,-6.30719],[-76.64876,-6.30705],[-76.64886,-6.30695],[-76.64903,-6.30674],[-76.64923,-6.30657],[-76.64933,-6.3065],[-76.64955,-6.30637],[-76.64974,-6.30629],[-76.64995,-6.30621],[-76.65023,-6.3061],[-76.6504,-6.30603],[-76.65064,-6.30592],[-76.65096,-6.30584],[-76.65115,-6.30579],[-76.65136,-6.30578],[-76.65148,-6.30577],[-76.6517,-6.3058],[-76.65186,-6.30584],[-76.65203,-6.30586],[-76.65229,-6.3059],[-76.65245,-6.30593],[-76.65257,-6.30593],[-76.65283,-6.3059],[-76.65309,-6.30592],[-76.65331,-6.30596],[-76.65352,-6.30596],[-76.65377,-6.30598],[-76.65401,-6.30602],[-76.65417,-6.30602],[-76.65432,-6.30596],[-76.65446,-6.30592],[-76.65448,-6.30589],[-76.65466,-6.30569],[-76.6551,-6.3058],[-76.65517,-6.30584],[-76.65521,-6.30583],[-76.65536,-6.30571],[-76.65547,-6.3056],[-76.65557,-6.30545],[-76.65562,-6.30535],[-76.6557,-6.30521],[-76.65582,-6.30501],[-76.65591,-6.30487],[-76.65596,-6.30476],[-76.65598,-6.30463],[-76.65601,-6.30444],[-76.65601,-6.30434],[-76.65597,-6.30421],[-76.6559,-6.30395],[-76.65585,-6.30374],[-76.65582,-6.30356],[-76.65582,-6.3033],[-76.65585,-6.30318],[-76.65584,-6.30298],[-76.65583,-6.30281],[-76.65582,-6.30261],[-76.65579,-6.30249],[-76.65575,-6.30236],[-76.65565,-6.30222],[-76.65556,-6.30214],[-76.65539,-6.30204],[-76.65522,-6.30189],[-76.65508,-6.30178],[-76.65489,-6.30168],[-76.65468,-6.30147],[-76.65465,-6.30142],[-76.6545,-6.30136],[-76.65437,-6.30133],[-76.65401,-6.30112],[-76.65399,-6.301],[-76.65393,-6.30088],[-76.65382,-6.30072],[-76.6537,-6.30059],[-76.65349,-6.30037],[-76.65344,-6.30033],[-76.65321,-6.3001],[-76.65314,-6.29986],[-76.65305,-6.29962],[-76.653,-6.29951],[-76.65286,-6.2993],[-76.65275,-6.29904],[-76.65271,-6.29881],[-76.65265,-6.29849],[-76.65265,-6.29819],[-76.65265,-6.29784],[-76.65267,-6.29748],[-76.65276,-6.29717],[-76.65282,-6.29694],[-76.65294,-6.29666],[-76.65309,-6.29642],[-76.6532,-6.29621],[-76.65329,-6.29597],[-76.65347,-6.29566],[-76.65358,-6.2954],[-76.65367,-6.29515],[-76.65382,-6.29484],[-76.65394,-6.2945],[-76.65404,-6.2942],[-76.65411,-6.29393],[-76.65415,-6.29375],[-76.65425,-6.2934],[-76.65435,-6.29334],[-76.65438,-6.29328],[-76.65438,-6.2932],[-76.65442,-6.29291],[-76.65457,-6.29262],[-76.65464,-6.29237],[-76.65482,-6.29208],[-76.65488,-6.29197],[-76.65499,-6.29174],[-76.65504,-6.29155],[-76.65513,-6.2913],[-76.65519,-6.29108],[-76.65528,-6.2909],[-76.65532,-6.2907],[-76.65544,-6.29051],[-76.65553,-6.29036],[-76.65563,-6.29013],[-76.6557,-6.29001],[-76.65576,-6.28984],[-76.65587,-6.28965],[-76.65596,-6.28949],[-76.65604,-6.28935],[-76.65608,-6.28925],[-76.65607,-6.28919],[-76.65603,-6.28893],[-76.65599,-6.28882],[-76.65597,-6.28879],[-76.65577,-6.28864],[-76.65573,-6.28825],[-76.65587,-6.28803],[-76.65594,-6.28795],[-76.656,-6.28777],[-76.65609,-6.28767],[-76.65619,-6.28749],[-76.65627,-6.28723],[-76.65641,-6.28698],[-76.65647,-6.28688],[-76.65649,-6.28673],[-76.65659,-6.28639],[-76.65693,-6.28607],[-76.65705,-6.28596],[-76.65724,-6.28582],[-76.65747,-6.28565],[-76.65764,-6.28556],[-76.65782,-6.28545],[-76.65797,-6.28534],[-76.65834,-6.28518],[-76.65866,-6.28512],[-76.6589,-6.28515],[-76.65909,-6.28529],[-76.65915,-6.28534],[-76.65927,-6.28544],[-76.65941,-6.28551],[-76.65951,-6.28556],[-76.65967,-6.2856],[-76.65981,-6.28563],[-76.66004,-6.28569],[-76.66021,-6.28575],[-76.66036,-6.28576],[-76.66051,-6.28572],[-76.66069,-6.2856],[-76.66084,-6.28545],[-76.66105,-6.28524],[-76.66118,-6.28509],[-76.6615,-6.28492],[-76.66166,-6.28494],[-76.66184,-6.28472],[-76.66213,-6.2844],[-76.66228,-6.2843],[-76.66257,-6.28407],[-76.66286,-6.28396],[-76.66307,-6.28393],[-76.6632,-6.28383],[-76.66325,-6.28369],[-76.66341,-6.28352],[-76.66343,-6.28345],[-76.66348,-6.28327],[-76.66348,-6.28311],[-76.66346,-6.28288],[-76.66344,-6.28264],[-76.66342,-6.28257],[-76.6633,-6.28234],[-76.6633,-6.2821],[-76.66325,-6.28203],[-76.6631,-6.28187],[-76.66289,-6.28169],[-76.66274,-6.28153],[-76.66258,-6.28128],[-76.6625,-6.28123],[-76.66227,-6.28114],[-76.66206,-6.28087],[-76.66195,-6.28073],[-76.66181,-6.28053],[-76.6617,-6.28042],[-76.66153,-6.28027],[-76.66146,-6.28014],[-76.66133,-6.27988],[-76.66126,-6.27967],[-76.66122,-6.27939],[-76.66129,-6.27909],[-76.66142,-6.27883],[-76.66144,-6.27873],[-76.6615,-6.27849],[-76.66156,-6.27826],[-76.6617,-6.27797],[-76.66195,-6.27775],[-76.66217,-6.27763],[-76.66227,-6.27755],[-76.66235,-6.27747],[-76.66246,-6.27734],[-76.6626,-6.27717],[-76.66288,-6.27702],[-76.66299,-6.27696],[-76.66326,-6.27687],[-76.66355,-6.27674],[-76.66375,-6.27663],[-76.66389,-6.27655],[-76.66401,-6.27644],[-76.66414,-6.27627],[-76.66425,-6.2761],[-76.6644,-6.27588],[-76.6646,-6.27569],[-76.66472,-6.27551],[-76.66486,-6.27529],[-76.66499,-6.27508],[-76.66506,-6.27491],[-76.66517,-6.27472],[-76.66528,-6.27452],[-76.66536,-6.27432],[-76.66541,-6.27416],[-76.66541,-6.27397],[-76.66548,-6.27374],[-76.66555,-6.27347],[-76.66571,-6.27318],[-76.66585,-6.27295],[-76.66596,-6.27278],[-76.66612,-6.27254],[-76.66623,-6.27238],[-76.66639,-6.27211],[-76.66657,-6.27188],[-76.66669,-6.27169],[-76.66682,-6.27152],[-76.66698,-6.27131],[-76.66717,-6.27111],[-76.6673,-6.27099],[-76.66749,-6.27085],[-76.66756,-6.27078],[-76.66768,-6.27061],[-76.66785,-6.27043],[-76.66793,-6.27032],[-76.66803,-6.27012],[-76.66817,-6.26988],[-76.66819,-6.26975],[-76.66819,-6.26958],[-76.66818,-6.2695],[-76.66814,-6.26939],[-76.66804,-6.26919],[-76.66794,-6.26896],[-76.66788,-6.26876],[-76.66783,-6.26852],[-76.66777,-6.26812],[-76.66793,-6.26772],[-76.66806,-6.2676],[-76.66811,-6.26743],[-76.66821,-6.26723],[-76.66827,-6.26708],[-76.66844,-6.26686],[-76.66865,-6.26675],[-76.66884,-6.26668],[-76.66892,-6.26664],[-76.66905,-6.2665],[-76.66912,-6.2664],[-76.66921,-6.26623],[-76.66927,-6.26606],[-76.66938,-6.26582],[-76.6696,-6.2656],[-76.66974,-6.26545],[-76.66988,-6.2653],[-76.66994,-6.26516],[-76.67007,-6.26493],[-76.67015,-6.26477],[-76.67022,-6.26455],[-76.67028,-6.26435],[-76.67034,-6.26416],[-76.67035,-6.26395],[-76.67036,-6.26386],[-76.67029,-6.2636],[-76.67025,-6.26343],[-76.67019,-6.26318],[-76.67013,-6.26301],[-76.67015,-6.26272],[-76.67016,-6.26256],[-76.67015,-6.26226],[-76.67015,-6.26209],[-76.67011,-6.2618],[-76.6701,-6.26156],[-76.67011,-6.26125],[-76.67019,-6.26092],[-76.67024,-6.26072],[-76.67026,-6.26049],[-76.67028,-6.2602],[-76.67026,-6.25984],[-76.67028,-6.25958],[-76.67023,-6.25942],[-76.67013,-6.25927],[-76.67,-6.25906],[-76.66989,-6.25884],[-76.66975,-6.25858],[-76.66968,-6.25843],[-76.66946,-6.25819],[-76.66927,-6.25793],[-76.66912,-6.25775],[-76.66892,-6.2575],[-76.66883,-6.25721],[-76.66882,-6.25688],[-76.66886,-6.25659],[-76.66885,-6.25634],[-76.66888,-6.25607],[-76.66895,-6.2558],[-76.66903,-6.25551],[-76.66907,-6.25523],[-76.66916,-6.25496],[-76.66929,-6.25462],[-76.66933,-6.25435],[-76.66939,-6.25402],[-76.66949,-6.25371],[-76.6697,-6.25339],[-76.66986,-6.25314],[-76.67014,-6.2529],[-76.6704,-6.2527],[-76.67072,-6.25244],[-76.67104,-6.25218],[-76.67127,-6.25208],[-76.67137,-6.252],[-76.67165,-6.25186],[-76.67182,-6.25177],[-76.67192,-6.25164],[-76.672,-6.25145],[-76.67204,-6.25121],[-76.67208,-6.2509],[-76.67216,-6.25062],[-76.67216,-6.25037],[-76.67216,-6.25004],[-76.6722,-6.24974],[-76.67227,-6.24939],[-76.67234,-6.24909],[-76.67243,-6.24871],[-76.67249,-6.24841],[-76.67255,-6.24808],[-76.67262,-6.24775],[-76.67268,-6.24742],[-76.67277,-6.24708],[-76.67289,-6.24679],[-76.67298,-6.24658],[-76.67309,-6.24621],[-76.67319,-6.24586],[-76.67326,-6.24559],[-76.67327,-6.24537],[-76.67332,-6.24508],[-76.67332,-6.24486],[-76.67327,-6.24461],[-76.67324,-6.24424],[-76.67329,-6.24396],[-76.67334,-6.24364],[-76.67342,-6.24327],[-76.67355,-6.24296],[-76.6736,-6.24274],[-76.67362,-6.24252],[-76.67366,-6.24221],[-76.67378,-6.24189],[-76.67392,-6.24158],[-76.67396,-6.24141],[-76.674,-6.24109],[-76.67406,-6.24087],[-76.67417,-6.24053],[-76.67426,-6.24031],[-76.67445,-6.23999],[-76.67461,-6.23974],[-76.67477,-6.23946],[-76.67491,-6.23917],[-76.67516,-6.23902],[-76.67523,-6.23895],[-76.67545,-6.23861],[-76.67562,-6.23849],[-76.67568,-6.2384],[-76.6758,-6.23815],[-76.6759,-6.23785],[-76.67599,-6.23747],[-76.67611,-6.23705],[-76.67625,-6.23668],[-76.6765,-6.23637],[-76.67664,-6.23614],[-76.67686,-6.23587],[-76.67719,-6.23563],[-76.67747,-6.23547],[-76.6777,-6.2353],[-76.67792,-6.23505],[-76.6781,-6.2348],[-76.67829,-6.23452],[-76.67845,-6.23414],[-76.67863,-6.23375],[-76.67891,-6.23345],[-76.67924,-6.23319],[-76.67948,-6.23301],[-76.67989,-6.23278],[-76.68021,-6.23257],[-76.68038,-6.23237],[-76.68064,-6.23209],[-76.6808,-6.23181],[-76.68097,-6.23148],[-76.68115,-6.23102],[-76.68128,-6.23065],[-76.6813,-6.23028],[-76.68131,-6.22968],[-76.68137,-6.22904],[-76.68142,-6.22843],[-76.68157,-6.22797],[-76.6819,-6.22753],[-76.68229,-6.22708],[-76.68263,-6.22681],[-76.68306,-6.22656],[-76.68348,-6.2264],[-76.68393,-6.22618],[-76.68434,-6.22599],[-76.68483,-6.22575],[-76.6853,-6.22554],[-76.68561,-6.22533],[-76.68596,-6.22506],[-76.68633,-6.22477],[-76.68666,-6.2245],[-76.68697,-6.22424],[-76.68735,-6.22411],[-76.68764,-6.22404],[-76.68814,-6.22411],[-76.68826,-6.2242],[-76.68842,-6.22418],[-76.68862,-6.22407],[-76.68899,-6.22383],[-76.68905,-6.22369],[-76.68896,-6.2235],[-76.68883,-6.22323],[-76.68878,-6.22293],[-76.68867,-6.22283],[-76.68845,-6.22253],[-76.68834,-6.22233],[-76.6883,-6.22199],[-76.68826,-6.22161],[-76.68821,-6.22125],[-76.68816,-6.22094],[-76.68821,-6.22064],[-76.68836,-6.22036],[-76.6884,-6.2202],[-76.68855,-6.21991],[-76.68876,-6.21969],[-76.68902,-6.21941],[-76.68925,-6.21914],[-76.68946,-6.2189],[-76.68975,-6.21858],[-76.68998,-6.21835],[-76.6902,-6.21817],[-76.69063,-6.21802],[-76.69076,-6.21801],[-76.69098,-6.21795],[-76.69129,-6.21774],[-76.69162,-6.21752],[-76.69186,-6.21732],[-76.69208,-6.21705],[-76.69237,-6.2168],[-76.69252,-6.21665],[-76.69266,-6.21639],[-76.69277,-6.21622],[-76.69296,-6.216],[-76.69308,-6.21582],[-76.69325,-6.21557],[-76.69343,-6.21536],[-76.69364,-6.21516],[-76.69386,-6.21495],[-76.69419,-6.21479],[-76.69429,-6.21473],[-76.69452,-6.21454],[-76.69477,-6.21449],[-76.69491,-6.21443],[-76.69507,-6.21433],[-76.69517,-6.2142],[-76.6953,-6.21402],[-76.69533,-6.21392],[-76.69547,-6.21365],[-76.69554,-6.21339],[-76.69566,-6.21315],[-76.69574,-6.21302],[-76.69574,-6.2128],[-76.69582,-6.21246],[-76.69593,-6.21222],[-76.69609,-6.21199],[-76.69631,-6.21181],[-76.69651,-6.21167],[-76.69672,-6.21151],[-76.69692,-6.21142],[-76.69706,-6.2113],[-76.69721,-6.21116],[-76.69742,-6.21104],[-76.69763,-6.21091],[-76.69782,-6.21079],[-76.69803,-6.21055],[-76.69837,-6.21036],[-76.69869,-6.21024],[-76.69901,-6.21013],[-76.69923,-6.21007],[-76.69953,-6.21005],[-76.69974,-6.21003],[-76.69998,-6.21],[-76.70018,-6.21001],[-76.70028,-6.21002],[-76.70044,-6.21001],[-76.70067,-6.20998],[-76.70086,-6.2099],[-76.70117,-6.20987],[-76.70136,-6.20988],[-76.70148,-6.2099],[-76.70156,-6.20991],[-76.70181,-6.20987],[-76.7021,-6.20993],[-76.70221,-6.21],[-76.70236,-6.20995],[-76.70258,-6.20988],[-76.7028,-6.20986],[-76.70292,-6.20984],[-76.70314,-6.20974],[-76.70333,-6.20964],[-76.70349,-6.20957],[-76.70357,-6.20951],[-76.70371,-6.20936],[-76.70379,-6.20924],[-76.70395,-6.20905],[-76.704,-6.20882],[-76.70403,-6.20862],[-76.70399,-6.20837],[-76.70408,-6.20813],[-76.70411,-6.2079],[-76.70428,-6.2076],[-76.70446,-6.20738],[-76.70464,-6.2072],[-76.70484,-6.20701],[-76.70505,-6.20676],[-76.70538,-6.20651],[-76.70567,-6.20632],[-76.70583,-6.2062],[-76.7061,-6.206],[-76.70633,-6.20584],[-76.70651,-6.20568],[-76.70676,-6.20545],[-76.70703,-6.20528],[-76.70722,-6.20521],[-76.70745,-6.20504],[-76.7076,-6.20492],[-76.70778,-6.20466],[-76.70789,-6.20448],[-76.70799,-6.2043],[-76.70818,-6.20396],[-76.70828,-6.20377],[-76.70821,-6.20363],[-76.70808,-6.20336],[-76.70796,-6.20308],[-76.70779,-6.20285],[-76.70758,-6.20262],[-76.70742,-6.20242],[-76.70726,-6.20215],[-76.70717,-6.20188],[-76.70702,-6.20162],[-76.70683,-6.20137],[-76.70664,-6.20113],[-76.70648,-6.20092],[-76.70629,-6.20073],[-76.70611,-6.20043],[-76.70592,-6.20021],[-76.70579,-6.20001],[-76.70566,-6.19979],[-76.70549,-6.19953],[-76.70534,-6.19923],[-76.70539,-6.19899],[-76.7054,-6.19878],[-76.70552,-6.19849],[-76.70573,-6.19826],[-76.70587,-6.19808],[-76.70604,-6.19783],[-76.70616,-6.19759],[-76.70635,-6.19726],[-76.70654,-6.19713],[-76.70668,-6.19691],[-76.70683,-6.1968],[-76.70694,-6.19665],[-76.70709,-6.19643],[-76.70736,-6.1962],[-76.70746,-6.19616],[-76.70767,-6.19596],[-76.70807,-6.19587],[-76.70833,-6.19587],[-76.70865,-6.1959],[-76.70894,-6.19593],[-76.70929,-6.19606],[-76.70959,-6.19616],[-76.70969,-6.19616],[-76.70989,-6.1961],[-76.71009,-6.19606],[-76.71034,-6.19604],[-76.71056,-6.19602],[-76.71069,-6.19598],[-76.71088,-6.19587],[-76.7111,-6.19573],[-76.71139,-6.19557],[-76.71154,-6.19548],[-76.71166,-6.19536],[-76.71185,-6.19516],[-76.71203,-6.19495],[-76.71222,-6.19473],[-76.71243,-6.1945],[-76.7126,-6.19431],[-76.71269,-6.19411],[-76.71295,-6.19379],[-76.71308,-6.19359],[-76.71323,-6.19337],[-76.71341,-6.19313],[-76.7136,-6.19296],[-76.71369,-6.19284],[-76.71386,-6.19262],[-76.71405,-6.19244],[-76.71421,-6.19217],[-76.71441,-6.19198],[-76.71456,-6.19183],[-76.71477,-6.19162],[-76.71497,-6.19147],[-76.71516,-6.19126],[-76.71534,-6.19114],[-76.71548,-6.191],[-76.71562,-6.19087],[-76.71574,-6.19071],[-76.71591,-6.19051],[-76.71607,-6.19035],[-76.71619,-6.19015],[-76.71637,-6.18992],[-76.71657,-6.18976],[-76.71673,-6.18962],[-76.71688,-6.18947],[-76.71701,-6.18927],[-76.71712,-6.1891],[-76.71715,-6.18898],[-76.71715,-6.18874],[-76.71715,-6.18856],[-76.71711,-6.18837],[-76.71706,-6.18816],[-76.71701,-6.18799],[-76.71692,-6.1879],[-76.71688,-6.1876],[-76.71687,-6.18756],[-76.71673,-6.18733],[-76.71667,-6.18713],[-76.7166,-6.18701],[-76.71643,-6.18673],[-76.71636,-6.18653],[-76.71623,-6.1863],[-76.71611,-6.186],[-76.71603,-6.18572],[-76.71591,-6.18551],[-76.7158,-6.18528],[-76.71573,-6.18512],[-76.71562,-6.18484],[-76.71556,-6.18458],[-76.71556,-6.18425],[-76.71557,-6.18397],[-76.71563,-6.18363],[-76.71574,-6.18338],[-76.71592,-6.18308],[-76.71611,-6.18286],[-76.71642,-6.18262],[-76.71668,-6.1825],[-76.71692,-6.18237],[-76.71712,-6.18224],[-76.71725,-6.18211],[-76.71727,-6.18205],[-76.71729,-6.18192],[-76.71731,-6.18167],[-76.71741,-6.18141],[-76.71752,-6.18121],[-76.71764,-6.18095],[-76.71782,-6.18068],[-76.71804,-6.18043],[-76.71825,-6.18022],[-76.71847,-6.18003],[-76.71877,-6.17982],[-76.71906,-6.17971],[-76.71937,-6.17971],[-76.71967,-6.17973],[-76.71994,-6.17975],[-76.72025,-6.17979],[-76.72054,-6.17983],[-76.72079,-6.17988],[-76.72112,-6.17993],[-76.72121,-6.17995],[-76.72138,-6.17994],[-76.72161,-6.18],[-76.7217,-6.18001],[-76.72179,-6.17997],[-76.72188,-6.17986],[-76.72202,-6.17969],[-76.72214,-6.17951],[-76.72224,-6.17936],[-76.72232,-6.17923],[-76.72235,-6.17907],[-76.7224,-6.17878],[-76.72251,-6.17845],[-76.72262,-6.17818],[-76.72268,-6.17798],[-76.72278,-6.17763],[-76.72302,-6.17735],[-76.72318,-6.17722],[-76.72332,-6.17703],[-76.72345,-6.17685],[-76.7236,-6.17666],[-76.72379,-6.17657],[-76.72395,-6.17641],[-76.72419,-6.17623],[-76.72438,-6.17605],[-76.72467,-6.17591],[-76.72483,-6.17584],[-76.72496,-6.17576],[-76.7251,-6.17568],[-76.72514,-6.17559],[-76.72525,-6.17537],[-76.72539,-6.17517],[-76.72548,-6.175],[-76.7256,-6.1747],[-76.72572,-6.17448],[-76.72577,-6.17427],[-76.72582,-6.17417],[-76.72586,-6.17392],[-76.72586,-6.1737],[-76.7259,-6.17336],[-76.7259,-6.17325],[-76.72585,-6.173],[-76.72583,-6.17281],[-76.72587,-6.17252],[-76.72595,-6.17239],[-76.726,-6.17216],[-76.72603,-6.17193],[-76.72603,-6.17166],[-76.72608,-6.17138],[-76.72613,-6.17117],[-76.72617,-6.17099],[-76.72623,-6.17073],[-76.72628,-6.17046],[-76.72634,-6.17022],[-76.72639,-6.16993],[-76.72645,-6.16972],[-76.72648,-6.16959],[-76.72647,-6.16934],[-76.7265,-6.16911],[-76.72653,-6.16897],[-76.72654,-6.16871],[-76.72655,-6.16857],[-76.72653,-6.16839],[-76.72651,-6.16828],[-76.72645,-6.16815],[-76.7264,-6.16783],[-76.72652,-6.16757],[-76.72661,-6.16738],[-76.72678,-6.1671],[-76.72687,-6.16694],[-76.72689,-6.16681],[-76.72693,-6.16651],[-76.72695,-6.16632],[-76.72698,-6.16606],[-76.72702,-6.16588],[-76.72699,-6.16563],[-76.72696,-6.16539],[-76.72706,-6.165],[-76.72729,-6.16473],[-76.72752,-6.16454],[-76.72765,-6.16438],[-76.72777,-6.16414],[-76.72797,-6.16391],[-76.7281,-6.16372],[-76.72825,-6.1635],[-76.72848,-6.16328],[-76.72878,-6.16314],[-76.72898,-6.1631],[-76.72923,-6.16302],[-76.72938,-6.16295],[-76.72946,-6.16286],[-76.7295,-6.16272],[-76.72963,-6.16242],[-76.72983,-6.16221],[-76.72995,-6.16204],[-76.73005,-6.16186],[-76.73016,-6.16151],[-76.73026,-6.16118],[-76.73042,-6.16084],[-76.73056,-6.16056],[-76.73084,-6.16027],[-76.73115,-6.16008],[-76.73136,-6.15995],[-76.73166,-6.15988],[-76.7319,-6.15983],[-76.73221,-6.15977],[-76.73242,-6.15974],[-76.73265,-6.15969]]]}},{"type":"Feature","properties":{"Name":"U.H. CUENCA MAYO-LAMAS","description":"","OBJECTID":"186894","CODIGO":"FM000011","NOMBRE":"U.H. CUENCA MAYO-LAMAS","CATEGORI":" ","CLASE":" ","ZONA":"18","HAS":"1.5384","ZONEX":"18","NORMA":"LEY N\u00b0 29338","ARCHIVO":"ML26M4826","FEC_ING":"31/03/2026","ENTIDAD":"AUTORIDAD NACIONAL DEL AGUA","USO":" ","EST_GRAF":"SIN INF. COMPLETA","LEYENDA":"SIN INF. COMPLETA","SHAPE.AREA":"1.2568733392634998e-06","SHAPE.LEN":"0.0137615747321349","FEC_PUB":"1238475600000","MINERIA":"NO","TP_AREA":"FAJA MARGINAL","ORDENANZA":" ","NM_AREA":"U.H. CUENCA MAYO-LAMAS - FAJA MARGINAL","CREATOR":"WVAL0398","CREATIONDA":"1774973242000","EDITOR":"WVAL0398","EDITDATE":"1774973242000","IDENTI":"35dce47d71144ef6acb190e28a5eaffb","ESTILO":"ZONA RESERVADA"},"geometry":{"type":"Polygon","coordinates":[[[-76.7787,-6.26015],[-76.7785,-6.2603],[-76.77824,-6.26055],[-76.77808,-6.26099],[-76.77811,-6.26118],[-76.77818,-6.2614],[-76.77846,-6.26203],[-76.7786,-6.26226],[-76.77862,-6.26239],[-76.77866,-6.26244],[-76.77887,-6.26327],[-76.77879,-6.26359],[-76.77872,-6.26376],[-76.77837,-6.26403],[-76.77817,-6.26413],[-76.77805,-6.26413],[-76.77801,-6.2642],[-76.7779,-6.26426],[-76.77769,-6.26444],[-76.77758,-6.26452],[-76.77745,-6.2646],[-76.77715,-6.26487],[-76.77709,-6.26493],[-76.77693,-6.26507],[-76.77689,-6.26513],[-76.77675,-6.26524],[-76.7766,-6.26514],[-76.77685,-6.26492],[-76.77759,-6.26435],[-76.77813,-6.26398],[-76.77837,-6.26384],[-76.77852,-6.26374],[-76.77858,-6.26358],[-76.77859,-6.26328],[-76.77851,-6.26292],[-76.77849,-6.26252],[-76.77835,-6.26225],[-76.77822,-6.26204],[-76.77806,-6.26166],[-76.77802,-6.26156],[-76.778,-6.26147],[-76.77786,-6.26096],[-76.77786,-6.26074],[-76.7778,-6.26049],[-76.77793,-6.26046],[-76.7781,-6.26045],[-76.77841,-6.26017],[-76.77861,-6.25994],[-76.7787,-6.26015]]]}},{"type":"Feature","properties":{"Name":"U.H. CUENCA MAYO-LAMAS","description":"","OBJECTID":"186895","CODIGO":"FM000011","NOMBRE":"U.H. CUENCA MAYO-LAMAS","CATEGORI":" ","CLASE":" ","ZONA":"18","HAS":"8.1758","ZONEX":"18","NORMA":"LEY N\u00b0 29338","ARCHIVO":"ML26M4826","FEC_ING":"31/03/2026","ENTIDAD":"AUTORIDAD NACIONAL DEL AGUA","USO":" ","EST_GRAF":"SIN INF. COMPLETA","LEYENDA":"SIN INF. COMPLETA","SHAPE.AREA":"6.680992894237e-06","SHAPE.LEN":"0.05447443786544041","FEC_PUB":"1238475600000","MINERIA":"NO","TP_AREA":"FAJA MARGINAL","ORDENANZA":" ","NM_AREA":"U.H. CUENCA MAYO-LAMAS - FAJA MARGINAL","CREATOR":"WVAL0398","CREATIONDA":"1774973242000","EDITOR":"WVAL0398","EDITDATE":"1774973242000","IDENTI":"7e226ef98b6245b4b1d2ef4b8281667c","ESTILO":"ZONA RESERVADA"},"geometry":{"type":"Polygon","coordinates":[[[-76.77021,-6.35431],[-76.77056,-6.3546],[-76.7711,-6.35439],[-76.77162,-6.35452],[-76.77191,-6.35474],[-76.77232,-6.35511],[-76.77247,-6.35561],[-76.7725,-6.35602],[-76.77288,-6.35624],[-76.77336,-6.35643],[-76.77396,-6.35695],[-76.77437,-6.35716],[-76.77467,-6.35721],[-76.77513,-6.3571],[-76.7756,-6.35714],[-76.77595,-6.35736],[-76.77608,-6.35769],[-76.77616,-6.35803],[-76.77614,-6.35859],[-76.77635,-6.35884],[-76.77665,-6.3586],[-76.77701,-6.35795],[-76.77756,-6.35744],[-76.77808,-6.35725],[-76.77874,-6.35745],[-76.77869,-6.35768],[-76.77811,-6.3575],[-76.77767,-6.35766],[-76.77724,-6.35807],[-76.77692,-6.35861],[-76.77644,-6.35905],[-76.776,-6.35893],[-76.77588,-6.35912],[-76.77574,-6.35883],[-76.77592,-6.35845],[-76.77593,-6.35813],[-76.77577,-6.35751],[-76.77535,-6.35732],[-76.77467,-6.35745],[-76.77429,-6.35742],[-76.77387,-6.35717],[-76.77349,-6.35688],[-76.77303,-6.35654],[-76.77256,-6.35639],[-76.77224,-6.35607],[-76.77223,-6.35564],[-76.77218,-6.35528],[-76.77187,-6.35499],[-76.77155,-6.35473],[-76.77112,-6.35459],[-76.77079,-6.35474],[-76.77042,-6.35483],[-76.77012,-6.35462],[-76.7699,-6.35482],[-76.76958,-6.35514],[-76.7694,-6.35534],[-76.7691,-6.35571],[-76.76891,-6.35555],[-76.76907,-6.35531],[-76.76912,-6.35516],[-76.76951,-6.35472],[-76.76978,-6.35454],[-76.76996,-6.35438],[-76.76998,-6.35395],[-76.76984,-6.35367],[-76.7698,-6.35337],[-76.76994,-6.35293],[-76.77032,-6.35276],[-76.77059,-6.3528],[-76.77091,-6.35308],[-76.77122,-6.35336],[-76.7719,-6.35351],[-76.77253,-6.35368],[-76.77283,-6.35365],[-76.7731,-6.3536],[-76.77391,-6.35348],[-76.77467,-6.35348],[-76.77502,-6.35344],[-76.77539,-6.35323],[-76.77558,-6.35307],[-76.77575,-6.35272],[-76.77592,-6.35216],[-76.77594,-6.3517],[-76.77588,-6.35131],[-76.77582,-6.35097],[-76.77582,-6.35062],[-76.77587,-6.35045],[-76.77596,-6.34999],[-76.77611,-6.34952],[-76.77624,-6.34914],[-76.77647,-6.34896],[-76.77652,-6.34886],[-76.77652,-6.34862],[-76.77645,-6.3484],[-76.77641,-6.34812],[-76.77635,-6.34788],[-76.77658,-6.34783],[-76.77668,-6.34829],[-76.77681,-6.34869],[-76.77687,-6.34903],[-76.77671,-6.34922],[-76.7765,-6.34927],[-76.77638,-6.34953],[-76.7762,-6.35016],[-76.7761,-6.35058],[-76.77612,-6.35095],[-76.77617,-6.35143],[-76.7762,-6.35191],[-76.77613,-6.35227],[-76.77601,-6.35268],[-76.77593,-6.35306],[-76.77558,-6.35342],[-76.77514,-6.35366],[-76.77455,-6.35372],[-76.77404,-6.3537],[-76.7737,-6.35373],[-76.77314,-6.35381],[-76.77298,-6.35374],[-76.77277,-6.3539],[-76.77245,-6.35388],[-76.77177,-6.35364],[-76.77141,-6.35365],[-76.77112,-6.35354],[-76.7708,-6.35328],[-76.77044,-6.35304],[-76.7703,-6.35314],[-76.77015,-6.3533],[-76.77004,-6.35346],[-76.77022,-6.35385],[-76.77021,-6.35431]]]}},{"type":"Feature","properties":{"Name":"U.H. CUENCA MAYO-LAMAS","description":"","OBJECTID":"186896","CODIGO":"FM000011","NOMBRE":"U.H. CUENCA MAYO-LAMAS","CATEGORI":" ","CLASE":" ","ZONA":"18","HAS":"1.2968","ZONEX":"18","NORMA":"LEY N\u00b0 29338","ARCHIVO":"ML26M4826","FEC_ING":"31/03/2026","ENTIDAD":"AUTORIDAD NACIONAL DEL AGUA","USO":" ","EST_GRAF":"SIN INF. COMPLETA","LEYENDA":"SIN INF. COMPLETA","SHAPE.AREA":"1.059792811014e-06","SHAPE.LEN":"0.00417715954460977","FEC_PUB":"1238475600000","MINERIA":"NO","TP_AREA":"FAJA MARGINAL","ORDENANZA":" ","NM_AREA":"U.H. CUENCA MAYO-LAMAS - FAJA MARGINAL","CREATOR":"WVAL0398","CREATIONDA":"1774973242000","EDITOR":"WVAL0398","EDITDATE":"1774973242000","IDENTI":"5f7b5dc8dc8e4b72ad148bc7b763cff2","ESTILO":"ZONA RESERVADA"},"geometry":{"type":"Polygon","coordinates":[[[-76.75881,-6.38826],[-76.75866,-6.38825],[-76.7586,-6.38824],[-76.75848,-6.38821],[-76.75834,-6.38822],[-76.75819,-6.38816],[-76.75808,-6.388],[-76.75806,-6.38793],[-76.75806,-6.3878],[-76.75807,-6.38774],[-76.75813,-6.38755],[-76.75816,-6.38744],[-76.75818,-6.38734],[-76.75823,-6.38722],[-76.75833,-6.38702],[-76.7584,-6.38699],[-76.75849,-6.38699],[-76.75859,-6.38699],[-76.75867,-6.38701],[-76.75879,-6.3871],[-76.75892,-6.38721],[-76.75902,-6.38726],[-76.75907,-6.38729],[-76.75917,-6.38733],[-76.75924,-6.38734],[-76.75937,-6.38741],[-76.75939,-6.38756],[-76.75909,-6.38765],[-76.75907,-6.38766],[-76.75904,-6.38771],[-76.75899,-6.38775],[-76.75897,-6.3878],[-76.75892,-6.38789],[-76.75891,-6.38795],[-76.7589,-6.38811],[-76.75881,-6.38826]]]}},{"type":"Feature","properties":{"Name":"U.H. CUENCA MAYO-LAMAS","description":"","OBJECTID":"187201","CODIGO":"FM000011","NOMBRE":"U.H. CUENCA MAYO-LAMAS","CATEGORI":" ","CLASE":" ","ZONA":"18","HAS":"0.24080000000000001","ZONEX":"18","NORMA":"LEY N\u00b0 29338","ARCHIVO":"ML26M4826","FEC_ING":"31/03/2026","ENTIDAD":"AUTORIDAD NACIONAL DEL AGUA","USO":" ","EST_GRAF":"SIN INF. COMPLETA","LEYENDA":"SIN INF. COMPLETA","SHAPE.AREA":"1.9683634783600002e-07","SHAPE.LEN":"0.00224483472578686","FEC_PUB":"1238475600000","MINERIA":"NO","TP_AREA":"FAJA MARGINAL","ORDENANZA":" ","NM_AREA":"U.H. CUENCA MAYO-LAMAS - FAJA MARGINAL","CREATOR":"WVAL0398","CREATIONDA":"1774973242000","EDITOR":"WVAL0398","EDITDATE":"1774973242000","IDENTI":"53f3a17d97f74deea729141f6018883c","ESTILO":"ZONA RESERVADA"},"geometry":{"type":"Polygon","coordinates":[[[-76.54351,-6.50489],[-76.54347,-6.50465],[-76.54347,-6.50455],[-76.54341,-6.5045],[-76.54333,-6.50435],[-76.54327,-6.50432],[-76.54315,-6.50424],[-76.54326,-6.50405],[-76.54339,-6.50413],[-76.54349,-6.5042],[-76.54357,-6.50435],[-76.54369,-6.50444],[-76.54369,-6.50463],[-76.54372,-6.50485],[-76.54351,-6.50489]]]}},{"type":"Feature","properties":{"Name":"U.H. CUENCA MAYO-LAMAS","description":"","OBJECTID":"187202","CODIGO":"FM000011","NOMBRE":"U.H. CUENCA MAYO-LAMAS","CATEGORI":" ","CLASE":" ","ZONA":"18","HAS":"1.3673","ZONEX":"18","NORMA":"LEY N\u00b0 29338","ARCHIVO":"ML26M4826","FEC_ING":"31/03/2026","ENTIDAD":"AUTORIDAD NACIONAL DEL AGUA","USO":" ","EST_GRAF":"SIN INF. COMPLETA","LEYENDA":"SIN INF. COMPLETA","SHAPE.AREA":"1.1177786037095e-06","SHAPE.LEN":"0.0139279999499298","FEC_PUB":"1238475600000","MINERIA":"NO","TP_AREA":"FAJA MARGINAL","ORDENANZA":" ","NM_AREA":"U.H. CUENCA MAYO-LAMAS - FAJA MARGINAL","CREATOR":"WVAL0398","CREATIONDA":"1774973242000","EDITOR":"WVAL0398","EDITDATE":"1774973242000","IDENTI":"fc015a2e27ea4a658358fd64628c0a9e","ESTILO":"ZONA RESERVADA"},"geometry":{"type":"Polygon","coordinates":[[[-76.28389,-6.33297],[-76.28383,-6.33282],[-76.2839,-6.3328],[-76.28387,-6.33272],[-76.28386,-6.33267],[-76.28379,-6.33259],[-76.28373,-6.33251],[-76.28366,-6.33244],[-76.28358,-6.33232],[-76.2835,-6.33222],[-76.2833,-6.33212],[-76.28312,-6.33204],[-76.28302,-6.33196],[-76.28289,-6.33187],[-76.28271,-6.33169],[-76.28257,-6.33154],[-76.28247,-6.33149],[-76.2825,-6.33139],[-76.28239,-6.33134],[-76.28233,-6.33129],[-76.28213,-6.33114],[-76.28187,-6.33108],[-76.28171,-6.33101],[-76.28163,-6.33091],[-76.2815,-6.33085],[-76.28149,-6.33078],[-76.28134,-6.3308],[-76.28127,-6.33089],[-76.28113,-6.33092],[-76.28102,-6.33092],[-76.28088,-6.33084],[-76.28074,-6.3307],[-76.28064,-6.33059],[-76.28048,-6.33049],[-76.28038,-6.33039],[-76.28024,-6.33031],[-76.28014,-6.33022],[-76.28004,-6.33015],[-76.2799,-6.33012],[-76.27973,-6.3301],[-76.27958,-6.33],[-76.27943,-6.3299],[-76.27936,-6.32973],[-76.27936,-6.32958],[-76.27931,-6.32947],[-76.27932,-6.3293],[-76.27933,-6.32916],[-76.27929,-6.32909],[-76.27946,-6.32905],[-76.2795,-6.32916],[-76.27949,-6.3293],[-76.27948,-6.32946],[-76.27952,-6.32958],[-76.27952,-6.32968],[-76.27958,-6.32983],[-76.27972,-6.3299],[-76.27983,-6.32995],[-76.28001,-6.32997],[-76.28015,-6.33002],[-76.28025,-6.33011],[-76.28034,-6.33017],[-76.28046,-6.33025],[-76.2806,-6.33037],[-76.28081,-6.3305],[-76.28089,-6.33059],[-76.28106,-6.33074],[-76.28116,-6.33076],[-76.28123,-6.33067],[-76.28138,-6.33064],[-76.28148,-6.33057],[-76.28157,-6.3306],[-76.28165,-6.33074],[-76.28174,-6.33075],[-76.28179,-6.33087],[-76.28193,-6.33092],[-76.2822,-6.33099],[-76.28241,-6.33113],[-76.28253,-6.33123],[-76.28263,-6.33139],[-76.28275,-6.33151],[-76.28282,-6.33157],[-76.28299,-6.33175],[-76.28311,-6.33183],[-76.28321,-6.33189],[-76.28336,-6.33196],[-76.2836,-6.3321],[-76.28371,-6.33222],[-76.28378,-6.33233],[-76.28386,-6.33241],[-76.28393,-6.3325],[-76.28401,-6.33259],[-76.28408,-6.3328],[-76.28403,-6.33292],[-76.28389,-6.33297]]]}},{"type":"Feature","properties":{"Name":"U.H. CUENCA MAYO-LAMAS","description":"","OBJECTID":"187203","CODIGO":"FM000011","NOMBRE":"U.H. CUENCA MAYO-LAMAS","CATEGORI":" ","CLASE":" ","ZONA":"18","HAS":"9.642900000000001","ZONEX":"18","NORMA":"LEY N\u00b0 29338","ARCHIVO":"ML26M4826","FEC_ING":"31/03/2026","ENTIDAD":"AUTORIDAD NACIONAL DEL AGUA","USO":" ","EST_GRAF":"SIN INF. COMPLETA","LEYENDA":"SIN INF. COMPLETA","SHAPE.AREA":"7.883133974873e-06","SHAPE.LEN":"0.0288552502764367","FEC_PUB":"1238475600000","MINERIA":"NO","TP_AREA":"FAJA MARGINAL","ORDENANZA":" ","NM_AREA":"U.H. CUENCA MAYO-LAMAS - FAJA MARGINAL","CREATOR":"WVAL0398","CREATIONDA":"1774973242000","EDITOR":"WVAL0398","EDITDATE":"1774973242000","IDENTI":"b704a3453df64e0c8f1b71ec63a28857","ESTILO":"ZONA RESERVADA"},"geometry":{"type":"Polygon","coordinates":[[[-76.28905,-6.33522],[-76.28884,-6.33511],[-76.28875,-6.33502],[-76.2885,-6.33457],[-76.28834,-6.33427],[-76.28824,-6.33399],[-76.28818,-6.33378],[-76.28821,-6.33373],[-76.288,-6.33316],[-76.28791,-6.33289],[-76.28786,-6.33274],[-76.2877,-6.33254],[-76.28749,-6.33237],[-76.28733,-6.33234],[-76.28718,-6.33237],[-76.2865,-6.33266],[-76.28653,-6.33354],[-76.28648,-6.33407],[-76.28571,-6.33364],[-76.2855,-6.33277],[-76.28552,-6.33235],[-76.28547,-6.33188],[-76.28517,-6.33105],[-76.28493,-6.33017],[-76.28439,-6.3295],[-76.28365,-6.32895],[-76.28289,-6.32851],[-76.28454,-6.32851],[-76.28524,-6.32908],[-76.28582,-6.32978],[-76.28591,-6.33072],[-76.28624,-6.33152],[-76.28648,-6.33226],[-76.28709,-6.33195],[-76.28727,-6.33191],[-76.2877,-6.33202],[-76.28802,-6.33225],[-76.28823,-6.33259],[-76.28829,-6.33275],[-76.2884,-6.33308],[-76.28852,-6.33372],[-76.2886,-6.33392],[-76.28868,-6.33416],[-76.28878,-6.33436],[-76.28898,-6.33473],[-76.28904,-6.33484],[-76.28918,-6.33496],[-76.28935,-6.33502],[-76.28955,-6.33507],[-76.2898,-6.33509],[-76.29005,-6.33517],[-76.29041,-6.33531],[-76.29054,-6.33544],[-76.29059,-6.33546],[-76.29078,-6.3355],[-76.29092,-6.33551],[-76.291,-6.33548],[-76.29111,-6.3354],[-76.29121,-6.33532],[-76.29145,-6.33552],[-76.29132,-6.33563],[-76.29115,-6.33572],[-76.29095,-6.33579],[-76.29068,-6.33576],[-76.29056,-6.33576],[-76.2904,-6.3357],[-76.29022,-6.33555],[-76.28997,-6.33544],[-76.28976,-6.33537],[-76.28951,-6.33535],[-76.28928,-6.3353],[-76.28912,-6.3352],[-76.28905,-6.33522]]]}},{"type":"Feature","properties":{"Name":"HUMEDAL RIBERE\u00d1O HUEPETUHE","description":"","OBJECTID":"188804","CODIGO":"FM000014","NOMBRE":"HUMEDAL RIBERE\u00d1O HUEPETUHE","CATEGORI":" ","CLASE":" ","ZONA":"19","HAS":"8.6454","ZONEX":"19","NORMA":"LEY N\u00b0 29338","ARCHIVO":"RH26Y4920","FEC_ING":"22/05/2026","ENTIDAD":"AUTORIDAD NACIONALDEL AGUA","USO":" ","EST_GRAF":"SIN INF. COMPLETA","LEYENDA":"SIN INF. COMPLETA","SHAPE.AREA":"7.204311483565001e-06","SHAPE.LEN":"0.0661702072940318","FEC_PUB":"1238475600000","MINERIA":"NO","TP_AREA":"FAJA MARGINAL","ORDENANZA":" ","NM_AREA":"HUMEDAL RIBERE\u00d1O HUEPETUHE - FAJA MARGINAL","CREATOR":"FLAT1065","CREATIONDA":"1779482755000","EDITOR":"FLAT1065","EDITDATE":"1779482755000","IDENTI":"89a10a1d1743475881b0b50b0b466b09","ESTILO":"ZONA RESERVADA"},"geometry":{"type":"Polygon","coordinates":[[[-70.52203,-12.99568],[-70.52209,-12.99586],[-70.52218,-12.99615],[-70.52184,-12.9971],[-70.522,-12.99787],[-70.52162,-12.99862],[-70.5203,-12.99933],[-70.51972,-13.00112],[-70.51869,-13.00186],[-70.51758,-13.00191],[-70.51611,-13.00113],[-70.51468,-13.00024],[-70.51344,-12.99937],[-70.51264,-12.99795],[-70.51134,-12.99832],[-70.51059,-12.9976],[-70.51082,-12.99632],[-70.5122,-12.99451],[-70.51368,-12.99356],[-70.5164,-12.99295],[-70.51685,-12.99358],[-70.51761,-12.99386],[-70.51831,-12.9936],[-70.5202,-12.99477],[-70.52203,-12.99568]]]}}]}