{"type":"FeatureCollection","features":[{"type":"Feature","properties":{"Name":"Santuario Historico de la Pampa de Ayacucho","description":"<div style='font-family:sans-serif;'><h4>ZEE AYACUCHO - Santuario Historico de la Pampa de Ayacucho</h4><table border='1' cellpadding='4' style='border-collapse:collapse;font-size:12px;'><tr><td><b>ZEECODE:</b></td><td>1</td></tr><tr><td><b>ZEE:</b></td><td>Santuario Historico de la Pampa de Ayacucho</td></tr><tr><td><b>ZEE_ZONAS:</b></td><td>ZONA DE PROTECCION Y CONSERVACION ECOLOGICA</td></tr><tr><td><b>ZEE_GRANDE:</b></td><td>ZONA DE PROTECCION Y CONSERVACION ECOLOGICA</td></tr><tr><td><b>AREA:</b></td><td>1223395.609</td></tr><tr><td><b>PERIMETER:</b></td><td>5838.7</td></tr><tr><td><b>HECTARES:</b></td><td>122.34</td></tr></table></div>"},"geometry":{"type":"Polygon","coordinates":[[[-74.10885,-13.04168],[-74.10897,-13.04292],[-74.11085,-13.04149],[-74.11235,-13.04034],[-74.11256,-13.04018],[-74.11276,-13.03797],[-74.11277,-13.03795],[-74.11312,-13.03668],[-74.11332,-13.03596],[-74.11361,-13.03491],[-74.11498,-13.03206],[-74.11683,-13.02948],[-74.11796,-13.02839],[-74.11911,-13.02726],[-74.12154,-13.02561],[-74.12175,-13.02546],[-74.12248,-13.02513],[-74.12248,-13.02512],[-74.12231,-13.02487],[-74.12185,-13.02479],[-74.11869,-13.02426],[-74.11834,-13.0242],[-74.11583,-13.02378],[-74.11537,-13.0237],[-74.11523,-13.02368],[-74.11398,-13.02347],[-74.11297,-13.02528],[-74.11285,-13.0255],[-74.11282,-13.02556],[-74.11201,-13.02702],[-74.10926,-13.03201],[-74.10842,-13.03352],[-74.10814,-13.03403],[-74.10833,-13.03607],[-74.10849,-13.03783],[-74.10885,-13.04168]]]}},{"type":"Feature","properties":{"Name":"Reserva Nacional Pampa Galeras Barbara D' Achille","description":"<div style='font-family:sans-serif;'><h4>ZEE AYACUCHO - Reserva Nacional Pampa Galeras Barbara D' Achille</h4><table border='1' cellpadding='4' style='border-collapse:collapse;font-size:12px;'><tr><td><b>ZEECODE:</b></td><td>2</td></tr><tr><td><b>ZEE:</b></td><td>Reserva Nacional Pampa Galeras Barbara D' Achille</td></tr><tr><td><b>ZEE_ZONAS:</b></td><td>ZONA DE PROTECCION Y CONSERVACION ECOLOGICA</td></tr><tr><td><b>ZEE_GRANDE:</b></td><td>ZONA DE PROTECCION Y CONSERVACION ECOLOGICA</td></tr><tr><td><b>AREA:</b></td><td>80079036.392</td></tr><tr><td><b>PERIMETER:</b></td><td>40828.434</td></tr><tr><td><b>HECTARES:</b></td><td>8007.904</td></tr></table></div>"},"geometry":{"type":"Polygon","coordinates":[[[-74.33846,-14.65674],[-74.33588,-14.65678],[-74.3326,-14.65661],[-74.33001,-14.65688],[-74.32803,-14.65728],[-74.32684,-14.65783],[-74.32471,-14.65826],[-74.32237,-14.65928],[-74.32048,-14.66008],[-74.31927,-14.66063],[-74.31956,-14.66148],[-74.3187,-14.66336],[-74.31852,-14.66481],[-74.31844,-14.66548],[-74.31837,-14.66582],[-74.31801,-14.66739],[-74.31772,-14.6689],[-74.31776,-14.67021],[-74.31803,-14.67145],[-74.31946,-14.67296],[-74.31963,-14.67314],[-74.32054,-14.67416],[-74.32127,-14.67488],[-74.32192,-14.67554],[-74.32323,-14.67704],[-74.32409,-14.67792],[-74.32491,-14.67875],[-74.32549,-14.68055],[-74.32566,-14.68266],[-74.32536,-14.68441],[-74.32498,-14.6859],[-74.32436,-14.68802],[-74.32405,-14.68987],[-74.32381,-14.69137],[-74.32348,-14.69333],[-74.32343,-14.69369],[-74.32291,-14.69727],[-74.32291,-14.69728],[-74.32283,-14.698],[-74.32269,-14.69948],[-74.32291,-14.70077],[-74.32289,-14.70099],[-74.32284,-14.70135],[-74.32258,-14.70169],[-74.32215,-14.70194],[-74.3217,-14.70226],[-74.33245,-14.7201],[-74.33259,-14.72116],[-74.33265,-14.72238],[-74.33273,-14.72411],[-74.33277,-14.72572],[-74.33285,-14.72984],[-74.33294,-14.73404],[-74.33294,-14.7343],[-74.33308,-14.74117],[-74.33344,-14.74464],[-74.33463,-14.74764],[-74.33476,-14.7488],[-74.33482,-14.7494],[-74.33613,-14.74978],[-74.33839,-14.75027],[-74.34087,-14.75046],[-74.34215,-14.75114],[-74.34328,-14.75031],[-74.34927,-14.74592],[-74.35143,-14.74434],[-74.35348,-14.74284],[-74.37934,-14.72489],[-74.38637,-14.71948],[-74.38842,-14.7179],[-74.39366,-14.71386],[-74.39521,-14.71266],[-74.3969,-14.71136],[-74.39895,-14.70979],[-74.39935,-14.70948],[-74.40305,-14.70663],[-74.4087,-14.70191],[-74.41466,-14.69692],[-74.415,-14.69664],[-74.41502,-14.69662],[-74.42356,-14.68948],[-74.43135,-14.68297],[-74.44516,-14.67022],[-74.44949,-14.66622],[-74.4338,-14.66241],[-74.43309,-14.66224],[-74.43198,-14.66222],[-74.43113,-14.66249],[-74.4098,-14.66863],[-74.40926,-14.66865],[-74.40832,-14.6683],[-74.404,-14.66679],[-74.37904,-14.65962],[-74.37137,-14.65741],[-74.37065,-14.6572],[-74.36839,-14.65655],[-74.36665,-14.65605],[-74.36511,-14.65552],[-74.36495,-14.65547],[-74.36428,-14.65522],[-74.36361,-14.65498],[-74.36234,-14.65472],[-74.36089,-14.65474],[-74.35874,-14.65475],[-74.35525,-14.65541],[-74.35297,-14.65581],[-74.34827,-14.65641],[-74.34551,-14.65662],[-74.34042,-14.65671],[-74.34004,-14.65671],[-74.33905,-14.65673],[-74.33846,-14.65674]]]}},{"type":"Feature","properties":{"Name":"ZONA DE PROTECCION Y CONSERVACION ECOLOGICA","description":"<div style='font-family:sans-serif;'><h4>ZEE AYACUCHO - ZONA DE PROTECCION Y CONSERVACION ECOLOGICA</h4><table border='1' cellpadding='4' style='border-collapse:collapse;font-size:12px;'><tr><td><b>ZEECODE:</b></td><td>3</td></tr><tr><td><b>ZEE:</b></td><td>Bosque de Puya Raimondi - Titankayocc</td></tr><tr><td><b>ZEE_ZONAS:</b></td><td>ZONA DE PROTECCION Y CONSERVACION ECOLOGICA</td></tr><tr><td><b>ZEE_GRANDE:</b></td><td>ZONA DE PROTECCION Y CONSERVACION ECOLOGICA</td></tr><tr><td><b>AREA:</b></td><td>22007837.942</td></tr><tr><td><b>PERIMETER:</b></td><td>84352.677</td></tr><tr><td><b>HECTARES:</b></td><td>2200.784</td></tr></table></div>"},"geometry":{"type":"Polygon","coordinates":[[[-73.95401,-13.61211],[-73.95449,-13.61245],[-73.95508,-13.61259],[-73.9557,-13.61244],[-73.95647,-13.6124],[-73.95648,-13.6124],[-73.95655,-13.61236],[-73.9572,-13.61199],[-73.95714,-13.61199],[-73.95646,-13.61199],[-73.95579,-13.61215],[-73.95429,-13.61165],[-73.95411,-13.61177],[-73.95396,-13.61186],[-73.95381,-13.61196],[-73.95401,-13.61211]]]}},{"type":"Feature","properties":{"Name":"ZONA DE PROTECCION POR BIODIVERSIDAD, SINGULARIDAD Y PECULIARIDAD","description":"<div style='font-family:sans-serif;'><h4>ZEE AYACUCHO - ZONA DE PROTECCION POR BIODIVERSIDAD, SINGULARIDAD Y PECULIARIDAD</h4><table border='1' cellpadding='4' style='border-collapse:collapse;font-size:12px;'><tr><td><b>ZEECODE:</b></td><td>4</td></tr><tr><td><b>ZEE:</b></td><td>Belleza paisajistica Mayunmarca</td></tr><tr><td><b>ZEE_ZONAS:</b></td><td>ZONA DE PROTECCION POR BIODIVERSIDAD, SINGULARIDAD Y PECULIARIDAD</td></tr><tr><td><b>ZEE_GRANDE:</b></td><td>ZONA DE PROTECCION Y CONSERVACION ECOLOGICA</td></tr><tr><td><b>AREA:</b></td><td>315488976.991</td></tr><tr><td><b>PERIMETER:</b></td><td>101367.82</td></tr><tr><td><b>HECTARES:</b></td><td>31548.898</td></tr></table></div>"},"geometry":{"type":"Polygon","coordinates":[[[-73.68321,-12.94067],[-73.68628,-12.94911],[-73.6866,-12.95464],[-73.68675,-12.95729],[-73.68673,-12.96061],[-73.68672,-12.96137],[-73.68286,-12.96273],[-73.67698,-12.96479],[-73.67581,-12.96479],[-73.67563,-12.96479],[-73.67319,-12.96478],[-73.67193,-12.96539],[-73.66813,-12.96725],[-73.66182,-12.97034],[-73.66009,-12.97104],[-73.65355,-12.97372],[-73.65149,-12.97456],[-73.64923,-12.97549],[-73.64418,-12.97756],[-73.64035,-12.97796],[-73.63475,-12.97855],[-73.63003,-12.97905],[-73.62851,-12.97921],[-73.62757,-12.97949],[-73.62615,-12.97992],[-73.6217,-12.98126],[-73.61929,-12.98199],[-73.61834,-12.98228],[-73.61299,-12.98391],[-73.6127,-12.98397],[-73.60807,-12.98505],[-73.60243,-12.98608],[-73.59678,-12.98946],[-73.59513,-12.99225],[-73.59436,-12.99356],[-73.59279,-12.99614],[-73.59156,-13.00201],[-73.59452,-13.00708],[-73.5952,-13.00744],[-73.59918,-13.00957],[-73.59967,-13.01125],[-73.60059,-13.01604],[-73.60063,-13.01622],[-73.60129,-13.01922],[-73.60164,-13.02086],[-73.6033,-13.02299],[-73.6028,-13.0271],[-73.60059,-13.03292],[-73.59665,-13.03759],[-73.59271,-13.04101],[-73.59028,-13.04311],[-73.58534,-13.04708],[-73.5852,-13.04712],[-73.5796,-13.04893],[-73.57437,-13.053],[-73.57269,-13.05432],[-73.5721,-13.05781],[-73.57164,-13.06052],[-73.57032,-13.06207],[-73.57018,-13.06223],[-73.56681,-13.06615],[-73.56652,-13.06649],[-73.56629,-13.06654],[-73.56094,-13.06769],[-73.56049,-13.06812],[-73.55513,-13.07312],[-73.55503,-13.07322],[-73.55325,-13.07816],[-73.55221,-13.08017],[-73.55085,-13.08279],[-73.55115,-13.08542],[-73.54948,-13.08784],[-73.547,-13.08954],[-73.54636,-13.09277],[-73.54521,-13.09529],[-73.54374,-13.09983],[-73.54364,-13.10141],[-73.54352,-13.10326],[-73.54134,-13.10517],[-73.54008,-13.1084],[-73.53656,-13.11191],[-73.54128,-13.11467],[-73.5451,-13.11419],[-73.54715,-13.11652],[-73.54735,-13.11814],[-73.55002,-13.11846],[-73.55116,-13.11915],[-73.55218,-13.11978],[-73.55092,-13.12341],[-73.5474,-13.12652],[-73.5445,-13.12792],[-73.54277,-13.13097],[-73.54243,-13.13351],[-73.54697,-13.13353],[-73.55031,-13.13279],[-73.55253,-13.13361],[-73.55462,-13.13504],[-73.55663,-13.13604],[-73.55804,-13.14035],[-73.56036,-13.14513],[-73.56229,-13.14753],[-73.56659,-13.14787],[-73.57032,-13.14789],[-73.5721,-13.14838],[-73.57323,-13.14902],[-73.57565,-13.15038],[-73.57743,-13.1515],[-73.58026,-13.15343],[-73.58121,-13.15453],[-73.58289,-13.15647],[-73.58458,-13.15835],[-73.58707,-13.15959],[-73.58827,-13.16074],[-73.5889,-13.16098],[-73.58916,-13.16107],[-73.59018,-13.16188],[-73.59206,-13.16269],[-73.59409,-13.16242],[-73.59635,-13.16243],[-73.59787,-13.162],[-73.59906,-13.16164],[-73.60039,-13.16109],[-73.60049,-13.16104],[-73.60118,-13.1607],[-73.60322,-13.15969],[-73.60478,-13.15854],[-73.60562,-13.15792],[-73.60689,-13.15694],[-73.60809,-13.15633],[-73.60928,-13.15553],[-73.61042,-13.15492],[-73.61149,-13.15413],[-73.61257,-13.15272],[-73.61289,-13.15245],[-73.61307,-13.15229],[-73.61421,-13.15131],[-73.61491,-13.15014],[-73.61655,-13.14916],[-73.61753,-13.14831],[-73.61782,-13.14806],[-73.61815,-13.14792],[-73.61882,-13.14764],[-73.62037,-13.14712],[-73.62179,-13.14673],[-73.62226,-13.14654],[-73.62248,-13.14645],[-73.62286,-13.1463],[-73.62295,-13.14627],[-73.62418,-13.14588],[-73.62529,-13.14543],[-73.62689,-13.14472],[-73.6271,-13.1447],[-73.62746,-13.14466],[-73.62769,-13.14446],[-73.62803,-13.14417],[-73.62841,-13.14368],[-73.62897,-13.14331],[-73.6295,-13.14313],[-73.62953,-13.14312],[-73.62967,-13.14307],[-73.63036,-13.14264],[-73.63077,-13.14186],[-73.63087,-13.14166],[-73.63145,-13.1411],[-73.6315,-13.14105],[-73.63188,-13.14068],[-73.63289,-13.13964],[-73.63329,-13.13952],[-73.6339,-13.13933],[-73.63491,-13.13915],[-73.63611,-13.13867],[-73.6366,-13.13839],[-73.63665,-13.13836],[-73.63913,-13.13696],[-73.64071,-13.13663],[-73.64115,-13.13654],[-73.64116,-13.13653],[-73.64326,-13.136],[-73.64617,-13.13485],[-73.64816,-13.13406],[-73.64979,-13.13268],[-73.65276,-13.13018],[-73.65285,-13.1301],[-73.65449,-13.12863],[-73.65791,-13.12847],[-73.65884,-13.1265],[-73.66033,-13.12334],[-73.66092,-13.12227],[-73.662,-13.12032],[-73.66203,-13.12025],[-73.66298,-13.11854],[-73.66405,-13.11511],[-73.66422,-13.11459],[-73.66477,-13.11099],[-73.66494,-13.10988],[-73.66505,-13.10912],[-73.66542,-13.1077],[-73.66559,-13.10705],[-73.66585,-13.10604],[-73.66595,-13.10567],[-73.66738,-13.10152],[-73.66847,-13.09902],[-73.6689,-13.09706],[-73.66902,-13.09652],[-73.66946,-13.09607],[-73.67004,-13.09547],[-73.6717,-13.09512],[-73.67341,-13.09476],[-73.67543,-13.09437],[-73.6771,-13.09354],[-73.67752,-13.09333],[-73.6786,-13.09333],[-73.68041,-13.09314],[-73.68244,-13.09223],[-73.68386,-13.09072],[-73.68464,-13.08937],[-73.68499,-13.08877],[-73.68508,-13.08862],[-73.68509,-13.08644],[-73.68495,-13.08619],[-73.68382,-13.08426],[-73.68172,-13.08374],[-73.68107,-13.08358],[-73.68083,-13.08357],[-73.67764,-13.0833],[-73.67623,-13.08264],[-73.67662,-13.08201],[-73.67702,-13.08138],[-73.67702,-13.08132],[-73.67716,-13.07821],[-73.6786,-13.07588],[-73.68001,-13.07421],[-73.68137,-13.07261],[-73.68401,-13.07203],[-73.68796,-13.07006],[-73.68965,-13.06714],[-73.69076,-13.06537],[-73.69128,-13.06454],[-73.69134,-13.06445],[-73.69225,-13.06451],[-73.69338,-13.06458],[-73.69601,-13.06307],[-73.69889,-13.06048],[-73.69926,-13.06015],[-73.69964,-13.05978],[-73.70164,-13.05784],[-73.70178,-13.0577],[-73.70201,-13.05699],[-73.70204,-13.0569],[-73.70239,-13.05583],[-73.70206,-13.05554],[-73.70166,-13.05519],[-73.70049,-13.05418],[-73.70043,-13.05401],[-73.70002,-13.05265],[-73.70106,-13.05225],[-73.7012,-13.05219],[-73.70235,-13.05175],[-73.70301,-13.05149],[-73.70508,-13.05112],[-73.70606,-13.05095],[-73.70684,-13.05081],[-73.7081,-13.05067],[-73.71103,-13.05036],[-73.71703,-13.04593],[-73.72043,-13.04264],[-73.72064,-13.04243],[-73.72157,-13.04077],[-73.72293,-13.03834],[-73.72505,-13.03739],[-73.72511,-13.03736],[-73.72601,-13.03696],[-73.72629,-13.03683],[-73.72864,-13.03591],[-73.73101,-13.03498],[-73.73276,-13.03429],[-73.7329,-13.03234],[-73.73302,-13.03077],[-73.734,-13.0262],[-73.73617,-13.02311],[-73.73739,-13.02138],[-73.73761,-13.02106],[-73.73806,-13.02062],[-73.74011,-13.01863],[-73.74594,-13.01298],[-73.74671,-13.0115],[-73.74795,-13.00915],[-73.74862,-13.00788],[-73.74882,-13.0075],[-73.75139,-13.00261],[-73.7519,-13.00165],[-73.75785,-12.997],[-73.76111,-12.99445],[-73.772,-12.98879],[-73.77918,-12.98553],[-73.78066,-12.98485],[-73.78352,-12.98354],[-73.78535,-12.9827],[-73.78832,-12.98329],[-73.79248,-12.98411],[-73.79421,-12.98446],[-73.79473,-12.98456],[-73.79657,-12.98492],[-73.79843,-12.98529],[-73.79866,-12.98528],[-73.79995,-12.98524],[-73.80392,-12.9851],[-73.80446,-12.98303],[-73.80465,-12.98232],[-73.80493,-12.98126],[-73.80551,-12.97907],[-73.80392,-12.9759],[-73.80363,-12.97532],[-73.79782,-12.97179],[-73.79715,-12.97078],[-73.79579,-12.96873],[-73.79458,-12.96692],[-73.79419,-12.96634],[-73.79416,-12.96628],[-73.79327,-12.96564],[-73.78646,-12.96076],[-73.77851,-12.95456],[-73.77806,-12.95422],[-73.77679,-12.95323],[-73.77652,-12.95302],[-73.775,-12.95184],[-73.77466,-12.95176],[-73.77118,-12.95103],[-73.77112,-12.95102],[-73.76837,-12.95044],[-73.7659,-12.94992],[-73.76511,-12.95061],[-73.76167,-12.95204],[-73.76008,-12.95207],[-73.75834,-12.95163],[-73.75601,-12.95103],[-73.755,-12.95098],[-73.75209,-12.95079],[-73.7498,-12.95252],[-73.74979,-12.95253],[-73.74856,-12.95384],[-73.74659,-12.95349],[-73.74503,-12.95288],[-73.74411,-12.95265],[-73.74187,-12.95209],[-73.74065,-12.95213],[-73.73942,-12.95246],[-73.73859,-12.95269],[-73.73782,-12.95234],[-73.73716,-12.95144],[-73.73686,-12.95058],[-73.73683,-12.9499],[-73.73676,-12.94791],[-73.73588,-12.94665],[-73.73521,-12.94628],[-73.73361,-12.94651],[-73.73193,-12.94684],[-73.73115,-12.94699],[-73.73063,-12.9471],[-73.73044,-12.94713],[-73.72751,-12.94762],[-73.7257,-12.94757],[-73.72418,-12.94806],[-73.72228,-12.94891],[-73.72105,-12.94828],[-73.71951,-12.94707],[-73.71687,-12.94579],[-73.7165,-12.94405],[-73.71461,-12.94305],[-73.71487,-12.94145],[-73.71488,-12.93959],[-73.71198,-12.93759],[-73.70668,-12.93694],[-73.70601,-12.93666],[-73.70164,-12.93481],[-73.69319,-12.93254],[-73.68676,-12.93065],[-73.68532,-12.93047],[-73.68364,-12.93025],[-73.68272,-12.93013],[-73.68139,-12.93129],[-73.68018,-12.93235],[-73.68022,-12.93246],[-73.68321,-12.94067]]]}},{"type":"Feature","properties":{"Name":"ZONA DE PROTECCION POR BIODIVERSIDAD, SINGULARIDAD Y PECULIARIDAD","description":"<div style='font-family:sans-serif;'><h4>ZEE AYACUCHO - ZONA DE PROTECCION POR BIODIVERSIDAD, SINGULARIDAD Y PECULIARIDAD</h4><table border='1' cellpadding='4' style='border-collapse:collapse;font-size:12px;'><tr><td><b>ZEECODE:</b></td><td>5</td></tr><tr><td><b>ZEE:</b></td><td>Bosque de neblinas Lomapata</td></tr><tr><td><b>ZEE_ZONAS:</b></td><td>ZONA DE PROTECCION POR BIODIVERSIDAD, SINGULARIDAD Y PECULIARIDAD</td></tr><tr><td><b>ZEE_GRANDE:</b></td><td>ZONA DE PROTECCION Y CONSERVACION ECOLOGICA</td></tr><tr><td><b>AREA:</b></td><td>387762497.205</td></tr><tr><td><b>PERIMETER:</b></td><td>108615.923</td></tr><tr><td><b>HECTARES:</b></td><td>38776.25</td></tr></table></div>"},"geometry":{"type":"Polygon","coordinates":[[[-74.03766,-12.50533],[-74.03841,-12.50576],[-74.03872,-12.50608],[-74.03872,-12.50688],[-74.0389,-12.50686],[-74.03933,-12.50646],[-74.03967,-12.50639],[-74.03989,-12.50617],[-74.03936,-12.50608],[-74.03924,-12.50577],[-74.03965,-12.50549],[-74.04001,-12.50549],[-74.04008,-12.50556],[-74.04071,-12.50537],[-74.04104,-12.50559],[-74.04099,-12.5062],[-74.04044,-12.50592],[-74.04013,-12.5062],[-74.04041,-12.5066],[-74.04041,-12.50693],[-74.03967,-12.50698],[-74.03918,-12.50716],[-74.03888,-12.50735],[-74.03896,-12.50756],[-74.03919,-12.50904],[-74.03958,-12.51036],[-74.03957,-12.51176],[-74.03981,-12.51277],[-74.0402,-12.51379],[-74.04075,-12.51379],[-74.04091,-12.51488],[-74.0409,-12.51604],[-74.04082,-12.51729],[-74.04137,-12.51807],[-74.04185,-12.51877],[-74.04176,-12.52009],[-74.04113,-12.52025],[-74.04137,-12.51893],[-74.04066,-12.51783],[-74.04027,-12.51713],[-74.04036,-12.51464],[-74.04004,-12.51417],[-74.03949,-12.51339],[-74.03926,-12.51223],[-74.03918,-12.5109],[-74.03879,-12.50857],[-74.03817,-12.50662],[-74.03704,-12.50522],[-74.03691,-12.50506],[-74.03604,-12.5035],[-74.03536,-12.50292],[-74.03635,-12.50545],[-74.03661,-12.50609],[-74.03925,-12.51745],[-74.03766,-12.51927],[-74.03718,-12.51927],[-74.02506,-12.51923],[-74.02405,-12.52003],[-74.02135,-12.52218],[-74.01804,-12.52481],[-74.01513,-12.52712],[-74.01223,-12.52944],[-74.00986,-12.53132],[-73.99673,-12.53571],[-73.99205,-12.53723],[-73.98567,-12.53929],[-73.98379,-12.54832],[-73.98134,-12.54858],[-73.97541,-12.54921],[-73.97327,-12.54943],[-73.97231,-12.54954],[-73.97066,-12.54771],[-73.96969,-12.54664],[-73.96938,-12.54687],[-73.96298,-12.55157],[-73.95892,-12.55456],[-73.95381,-12.55953],[-73.94447,-12.56864],[-73.94136,-12.57167],[-73.94128,-12.59056],[-73.94128,-12.59232],[-73.94125,-12.59879],[-73.93923,-12.60035],[-73.93114,-12.60656],[-73.93085,-12.61005],[-73.9307,-12.61186],[-73.92995,-12.62098],[-73.92964,-12.62477],[-73.92928,-12.62915],[-73.92813,-12.62937],[-73.91825,-12.63126],[-73.91627,-12.63809],[-73.91429,-12.64496],[-73.91421,-12.64524],[-73.90962,-12.65137],[-73.90325,-12.65991],[-73.905,-12.66439],[-73.90978,-12.67662],[-73.91051,-12.67849],[-73.92449,-12.68213],[-73.92822,-12.6831],[-73.93096,-12.68381],[-73.93631,-12.6852],[-73.94277,-12.68966],[-73.94326,-12.69],[-73.9442,-12.68999],[-73.95753,-12.6899],[-73.95978,-12.68989],[-73.96517,-12.68985],[-73.96942,-12.68982],[-73.97009,-12.68982],[-73.97433,-12.68979],[-73.9784,-12.68976],[-73.97878,-12.68976],[-73.98381,-12.68972],[-73.98508,-12.68971],[-73.98506,-12.69435],[-73.98626,-12.69381],[-73.98725,-12.69338],[-73.99613,-12.68942],[-73.99785,-12.68943],[-73.9983,-12.68943],[-74.00469,-12.68945],[-74.00534,-12.68945],[-74.00599,-12.6901],[-74.009,-12.69307],[-74.01451,-12.69853],[-74.01484,-12.69837],[-74.02651,-12.6927],[-74.02689,-12.69251],[-74.02875,-12.69161],[-74.03025,-12.69087],[-74.0302,-12.69064],[-74.03019,-12.69032],[-74.03026,-12.68963],[-74.03021,-12.68881],[-74.03023,-12.68844],[-74.03029,-12.68805],[-74.03047,-12.68775],[-74.03081,-12.68736],[-74.03096,-12.68728],[-74.03108,-12.68722],[-74.03137,-12.68713],[-74.03167,-12.68711],[-74.0317,-12.68711],[-74.03199,-12.68715],[-74.03238,-12.6873],[-74.03273,-12.68748],[-74.03281,-12.68752],[-74.03284,-12.68754],[-74.03325,-12.6878],[-74.03347,-12.6879],[-74.03362,-12.68817],[-74.03362,-12.6884],[-74.03357,-12.68858],[-74.03341,-12.68878],[-74.03332,-12.68902],[-74.03337,-12.68935],[-74.03344,-12.68956],[-74.03407,-12.68956],[-74.03815,-12.68958],[-74.0382,-12.68958],[-74.04033,-12.68958],[-74.041,-12.68803],[-74.04158,-12.68666],[-74.04311,-12.68311],[-74.04427,-12.68039],[-74.04446,-12.67995],[-74.04483,-12.67908],[-74.04498,-12.67875],[-74.04509,-12.67875],[-74.04541,-12.67875],[-74.04579,-12.67875],[-74.0464,-12.67875],[-74.05046,-12.67877],[-74.05431,-12.67878],[-74.06524,-12.67882],[-74.06864,-12.67511],[-74.0683,-12.67496],[-74.06821,-12.67487],[-74.06819,-12.67471],[-74.06819,-12.67436],[-74.06823,-12.67418],[-74.06833,-12.67395],[-74.0685,-12.67369],[-74.06867,-12.67349],[-74.06886,-12.6733],[-74.06903,-12.67316],[-74.06921,-12.67313],[-74.06932,-12.67316],[-74.0694,-12.6732],[-74.0695,-12.67332],[-74.06962,-12.67353],[-74.06967,-12.67376],[-74.06967,-12.67397],[-74.06967,-12.67398],[-74.07749,-12.66544],[-74.07811,-12.66476],[-74.08747,-12.65454],[-74.08804,-12.65392],[-74.08835,-12.65358],[-74.08909,-12.65334],[-74.08941,-12.65324],[-74.09469,-12.65153],[-74.0954,-12.6513],[-74.10119,-12.64943],[-74.10136,-12.64937],[-74.1021,-12.64913],[-74.10218,-12.64911],[-74.116,-12.64464],[-74.12536,-12.63545],[-74.12561,-12.63521],[-74.12651,-12.63521],[-74.13362,-12.63524],[-74.13548,-12.63524],[-74.13553,-12.63513],[-74.13579,-12.63476],[-74.13585,-12.63463],[-74.13586,-12.63454],[-74.13584,-12.63444],[-74.13579,-12.63438],[-74.13568,-12.63426],[-74.13563,-12.63414],[-74.1356,-12.63403],[-74.13562,-12.63394],[-74.13564,-12.63382],[-74.13569,-12.63369],[-74.13572,-12.63358],[-74.13573,-12.63343],[-74.13579,-12.63327],[-74.13593,-12.6331],[-74.13626,-12.63282],[-74.13644,-12.63276],[-74.13661,-12.63275],[-74.13679,-12.63275],[-74.137,-12.63274],[-74.13717,-12.63263],[-74.13739,-12.6325],[-74.13741,-12.63248],[-74.13753,-12.63244],[-74.13769,-12.63239],[-74.13791,-12.63239],[-74.13811,-12.63242],[-74.13832,-12.63251],[-74.13852,-12.63264],[-74.13864,-12.63276],[-74.13873,-12.63289],[-74.13873,-12.63299],[-74.1387,-12.63316],[-74.13855,-12.6334],[-74.13853,-12.63343],[-74.13843,-12.63353],[-74.13837,-12.63359],[-74.13811,-12.63376],[-74.13781,-12.63396],[-74.1375,-12.63424],[-74.1373,-12.63448],[-74.13707,-12.63479],[-74.13676,-12.63507],[-74.13661,-12.63517],[-74.13644,-12.63524],[-74.137,-12.63525],[-74.14338,-12.63527],[-74.15291,-12.63067],[-74.15291,-12.62868],[-74.15699,-12.623],[-74.15544,-12.62012],[-74.15519,-12.61964],[-74.15208,-12.61544],[-74.14704,-12.60501],[-74.14591,-12.60267],[-74.14404,-12.59881],[-74.14187,-12.59432],[-74.14071,-12.59192],[-74.14055,-12.5916],[-74.14047,-12.59142],[-74.1406,-12.58971],[-74.14061,-12.58958],[-74.14098,-12.58459],[-74.14109,-12.58311],[-74.14138,-12.57924],[-74.14145,-12.57824],[-74.1415,-12.57765],[-74.14153,-12.57723],[-74.14162,-12.57606],[-74.14005,-12.57438],[-74.13909,-12.57335],[-74.13887,-12.57311],[-74.13486,-12.56881],[-74.13304,-12.56562],[-74.1319,-12.56364],[-74.13147,-12.56287],[-74.12988,-12.5601],[-74.12941,-12.55929],[-74.12907,-12.55869],[-74.12883,-12.55808],[-74.12785,-12.55566],[-74.12646,-12.55224],[-74.12578,-12.55054],[-74.12499,-12.5486],[-74.12473,-12.54795],[-74.12423,-12.54669],[-74.12346,-12.54584],[-74.12145,-12.54363],[-74.11643,-12.53809],[-74.1144,-12.53584],[-74.11255,-12.53381],[-74.10952,-12.52565],[-74.1095,-12.52559],[-74.10393,-12.5193],[-74.10054,-12.51006],[-74.10024,-12.50924],[-74.09871,-12.50508],[-74.09806,-12.5033],[-74.08123,-12.48676],[-74.08087,-12.48641],[-74.07701,-12.48262],[-74.07702,-12.48243],[-74.07702,-12.47999],[-74.07704,-12.47615],[-74.07706,-12.47099],[-74.07707,-12.46734],[-74.07579,-12.4679],[-74.07182,-12.46964],[-74.07,-12.47044],[-74.06611,-12.47215],[-74.05517,-12.47695],[-74.05497,-12.4772],[-74.05097,-12.48193],[-74.04763,-12.48589],[-74.04241,-12.49096],[-74.04131,-12.49202],[-74.03682,-12.49639],[-74.03522,-12.49968],[-74.03459,-12.50098],[-74.035,-12.50202],[-74.03529,-12.50237],[-74.03564,-12.50266],[-74.03632,-12.50323],[-74.03687,-12.50432],[-74.03766,-12.50533]]]}},{"type":"Feature","properties":{"Name":"ZONA DE PROTECCION POR BIODIVERSIDAD, SINGULARIDAD Y PECULIARIDAD","description":"<div style='font-family:sans-serif;'><h4>ZEE AYACUCHO - ZONA DE PROTECCION POR BIODIVERSIDAD, SINGULARIDAD Y PECULIARIDAD</h4><table border='1' cellpadding='4' style='border-collapse:collapse;font-size:12px;'><tr><td><b>ZEECODE:</b></td><td>6</td></tr><tr><td><b>ZEE:</b></td><td>Bosque de piedras Huaraca</td></tr><tr><td><b>ZEE_ZONAS:</b></td><td>ZONA DE PROTECCION POR BIODIVERSIDAD, SINGULARIDAD Y PECULIARIDAD</td></tr><tr><td><b>ZEE_GRANDE:</b></td><td>ZONA DE PROTECCION Y CONSERVACION ECOLOGICA</td></tr><tr><td><b>AREA:</b></td><td>48684.143</td></tr><tr><td><b>PERIMETER:</b></td><td>3339.353</td></tr><tr><td><b>HECTARES:</b></td><td>4.868</td></tr></table></div>"},"geometry":{"type":"Polygon","coordinates":[[[-74.37719,-13.3392],[-74.37889,-13.33928],[-74.37935,-13.33931],[-74.38128,-13.33943],[-74.38267,-13.33936],[-74.38371,-13.33873],[-74.38345,-13.33866],[-74.38264,-13.33866],[-74.38258,-13.33866],[-74.37969,-13.33921],[-74.37965,-13.3392],[-74.37658,-13.33903],[-74.37575,-13.33895],[-74.37549,-13.33892],[-74.37523,-13.3389],[-74.37516,-13.33886],[-74.3743,-13.33842],[-74.37422,-13.33838],[-74.37359,-13.33805],[-74.37347,-13.33799],[-74.37361,-13.33839],[-74.37365,-13.33851],[-74.37434,-13.33896],[-74.37581,-13.33912],[-74.37719,-13.3392]]]}},{"type":"Feature","properties":{"Name":"ZONA DE PROTECCION POR BIODIVERSIDAD, SINGULARIDAD Y PECULIARIDAD","description":"<div style='font-family:sans-serif;'><h4>ZEE AYACUCHO - ZONA DE PROTECCION POR BIODIVERSIDAD, SINGULARIDAD Y PECULIARIDAD</h4><table border='1' cellpadding='4' style='border-collapse:collapse;font-size:12px;'><tr><td><b>ZEECODE:</b></td><td>7</td></tr><tr><td><b>ZEE:</b></td><td>Especies End\u00e9micas Abra Tapuna</td></tr><tr><td><b>ZEE_ZONAS:</b></td><td>ZONA DE PROTECCION POR BIODIVERSIDAD, SINGULARIDAD Y PECULIARIDAD</td></tr><tr><td><b>ZEE_GRANDE:</b></td><td>ZONA DE PROTECCION Y CONSERVACION ECOLOGICA</td></tr><tr><td><b>AREA:</b></td><td>174320.413</td></tr><tr><td><b>PERIMETER:</b></td><td>1602.421</td></tr><tr><td><b>HECTARES:</b></td><td>17.432</td></tr></table></div>"},"geometry":{"type":"Polygon","coordinates":[[[-73.99596,-12.84111],[-73.99616,-12.84135],[-73.99673,-12.84116],[-73.99676,-12.84115],[-73.99714,-12.84109],[-73.99746,-12.84097],[-73.99772,-12.84068],[-73.99775,-12.84064],[-73.99791,-12.84047],[-73.99809,-12.84026],[-73.99833,-12.83975],[-73.99834,-12.83968],[-73.99844,-12.83927],[-73.99865,-12.83903],[-73.99873,-12.83894],[-73.99903,-12.83865],[-73.99916,-12.83838],[-73.9991,-12.83809],[-73.99886,-12.83765],[-73.9987,-12.83697],[-73.99855,-12.83649],[-73.99841,-12.83624],[-73.99805,-12.83612],[-73.99762,-12.83612],[-73.99712,-12.83618],[-73.99661,-12.83649],[-73.99653,-12.8366],[-73.99637,-12.83686],[-73.99629,-12.83698],[-73.99593,-12.83752],[-73.99568,-12.83792],[-73.99556,-12.83812],[-73.99555,-12.83814],[-73.99519,-12.83862],[-73.99489,-12.8389],[-73.9948,-12.83926],[-73.99478,-12.83932],[-73.99491,-12.83975],[-73.99514,-12.8401],[-73.99525,-12.84026],[-73.99529,-12.84031],[-73.99539,-12.84045],[-73.99563,-12.84078],[-73.99592,-12.84106],[-73.99596,-12.84111]]]}},{"type":"Feature","properties":{"Name":"ZONA DE PROTECCION POR BIODIVERSIDAD, SINGULARIDAD Y PECULIARIDAD","description":"<div style='font-family:sans-serif;'><h4>ZEE AYACUCHO - ZONA DE PROTECCION POR BIODIVERSIDAD, SINGULARIDAD Y PECULIARIDAD</h4><table border='1' cellpadding='4' style='border-collapse:collapse;font-size:12px;'><tr><td><b>ZEECODE:</b></td><td>8</td></tr><tr><td><b>ZEE:</b></td><td>Area inportante para aves - Ayacucho</td></tr><tr><td><b>ZEE_ZONAS:</b></td><td>ZONA DE PROTECCION POR BIODIVERSIDAD, SINGULARIDAD Y PECULIARIDAD</td></tr><tr><td><b>ZEE_GRANDE:</b></td><td>ZONA DE PROTECCION Y CONSERVACION ECOLOGICA</td></tr><tr><td><b>AREA:</b></td><td>851863.809</td></tr><tr><td><b>PERIMETER:</b></td><td>4289.35</td></tr><tr><td><b>HECTARES:</b></td><td>85.186</td></tr></table></div>"},"geometry":{"type":"Polygon","coordinates":[[[-74.19037,-13.1114],[-74.19108,-13.11421],[-74.19162,-13.11489],[-74.19164,-13.11492],[-74.19167,-13.11485],[-74.19172,-13.11475],[-74.19191,-13.11439],[-74.19205,-13.11418],[-74.1922,-13.11394],[-74.19221,-13.11394],[-74.19276,-13.11384],[-74.19362,-13.11367],[-74.19436,-13.11444],[-74.19403,-13.11476],[-74.19358,-13.11519],[-74.19355,-13.11521],[-74.19317,-13.11558],[-74.19184,-13.11517],[-74.19265,-13.11618],[-74.19376,-13.11588],[-74.19613,-13.11524],[-74.19623,-13.11521],[-74.19757,-13.11429],[-74.19824,-13.11381],[-74.19947,-13.11118],[-74.20027,-13.10946],[-74.20021,-13.10936],[-74.19983,-13.10858],[-74.19856,-13.10595],[-74.19801,-13.1046],[-74.19799,-13.10454],[-74.19789,-13.10453],[-74.19627,-13.10439],[-74.19383,-13.10635],[-74.19238,-13.10846],[-74.19224,-13.10867],[-74.19071,-13.1109],[-74.19052,-13.11118],[-74.19037,-13.1114]]]}},{"type":"Feature","properties":{"Name":"ZONA DE PROTECCION POR BIODIVERSIDAD, SINGULARIDAD Y PECULIARIDAD","description":"<div style='font-family:sans-serif;'><h4>ZEE AYACUCHO - ZONA DE PROTECCION POR BIODIVERSIDAD, SINGULARIDAD Y PECULIARIDAD</h4><table border='1' cellpadding='4' style='border-collapse:collapse;font-size:12px;'><tr><td><b>ZEECODE:</b></td><td>9</td></tr><tr><td><b>ZEE:</b></td><td>Area importante para aves r\u00edo Mayobamba</td></tr><tr><td><b>ZEE_ZONAS:</b></td><td>ZONA DE PROTECCION POR BIODIVERSIDAD, SINGULARIDAD Y PECULIARIDAD</td></tr><tr><td><b>ZEE_GRANDE:</b></td><td>ZONA DE PROTECCION Y CONSERVACION ECOLOGICA</td></tr><tr><td><b>AREA:</b></td><td>145411979.611</td></tr><tr><td><b>PERIMETER:</b></td><td>56519.256</td></tr><tr><td><b>HECTARES:</b></td><td>14541.198</td></tr></table></div>"},"geometry":{"type":"Polygon","coordinates":[[[-73.86488,-14.24689],[-73.86835,-14.25423],[-73.871,-14.26535],[-73.87132,-14.26668],[-73.87159,-14.26802],[-73.87322,-14.27618],[-73.87488,-14.28445],[-73.87436,-14.28545],[-73.87413,-14.28589],[-73.87061,-14.29268],[-73.86955,-14.29471],[-73.86752,-14.29862],[-73.86408,-14.30167],[-73.8639,-14.30183],[-73.86152,-14.30394],[-73.86067,-14.30469],[-73.8602,-14.3051],[-73.85939,-14.30589],[-73.85731,-14.3079],[-73.85659,-14.30859],[-73.8559,-14.30926],[-73.85574,-14.30941],[-73.85548,-14.30967],[-73.85544,-14.3097],[-73.85516,-14.30998],[-73.8551,-14.31003],[-73.85238,-14.31266],[-73.85227,-14.31276],[-73.85081,-14.3147],[-73.85016,-14.31557],[-73.84988,-14.31593],[-73.84866,-14.31755],[-73.84756,-14.31902],[-73.84509,-14.32229],[-73.84507,-14.32231],[-73.84398,-14.32376],[-73.84351,-14.32439],[-73.8429,-14.3252],[-73.84249,-14.32573],[-73.84099,-14.32849],[-73.83575,-14.33813],[-73.83569,-14.34995],[-73.83569,-14.35056],[-73.83717,-14.35144],[-73.84516,-14.35616],[-73.853,-14.3608],[-73.85393,-14.36135],[-73.85608,-14.36262],[-73.85744,-14.36343],[-73.85772,-14.36359],[-73.85837,-14.36398],[-73.85925,-14.3645],[-73.8599,-14.36488],[-73.86539,-14.36517],[-73.86744,-14.36527],[-73.86922,-14.36536],[-73.87109,-14.36546],[-73.87265,-14.36554],[-73.87447,-14.36546],[-73.87547,-14.3642],[-73.87674,-14.36436],[-73.87768,-14.36395],[-73.87802,-14.36531],[-73.8822,-14.36514],[-73.88387,-14.36507],[-73.8854,-14.36501],[-73.88967,-14.36207],[-73.88968,-14.36039],[-73.88968,-14.36029],[-73.89152,-14.35456],[-73.89214,-14.35261],[-73.8939,-14.34964],[-73.894,-14.34947],[-73.89704,-14.34434],[-73.90256,-14.33371],[-73.90562,-14.32781],[-73.91233,-14.32251],[-73.91599,-14.31838],[-73.9227,-14.31131],[-73.92376,-14.30967],[-73.92576,-14.30659],[-73.92823,-14.3038],[-73.92942,-14.30246],[-73.93673,-14.29717],[-73.94163,-14.28831],[-73.94386,-14.28568],[-73.94712,-14.28182],[-73.94952,-14.27811],[-73.95018,-14.2771],[-73.95022,-14.27692],[-73.95163,-14.27085],[-73.95196,-14.26942],[-73.95265,-14.26646],[-73.95489,-14.26092],[-73.95549,-14.25944],[-73.95633,-14.25736],[-73.95695,-14.25582],[-73.95729,-14.25538],[-73.9605,-14.25125],[-73.96244,-14.24874],[-73.95779,-14.24482],[-73.95398,-14.2416],[-73.95095,-14.241],[-73.95031,-14.24079],[-73.94875,-14.24027],[-73.94656,-14.23955],[-73.94597,-14.23935],[-73.93822,-14.2368],[-73.93462,-14.22909],[-73.93407,-14.22543],[-73.93367,-14.22274],[-73.93317,-14.21935],[-73.93314,-14.21915],[-73.93285,-14.21724],[-73.93264,-14.21295],[-73.93264,-14.21284],[-73.9325,-14.21004],[-73.9323,-14.20599],[-73.93265,-14.20369],[-73.93325,-14.19968],[-73.93383,-14.19588],[-73.93418,-14.19357],[-73.93122,-14.19066],[-73.92979,-14.18924],[-73.92856,-14.18803],[-73.92754,-14.18703],[-73.92633,-14.18643],[-73.92601,-14.18639],[-73.9249,-14.18624],[-73.92412,-14.18614],[-73.92298,-14.18599],[-73.91873,-14.18543],[-73.91785,-14.18531],[-73.91629,-14.1851],[-73.91451,-14.18487],[-73.91238,-14.18459],[-73.91142,-14.18458],[-73.91116,-14.18458],[-73.9109,-14.18458],[-73.90236,-14.18454],[-73.90082,-14.18454],[-73.90077,-14.18454],[-73.90074,-14.18454],[-73.89998,-14.18453],[-73.89964,-14.18453],[-73.88687,-14.1898],[-73.87348,-14.19921],[-73.87282,-14.20026],[-73.86981,-14.20511],[-73.86971,-14.20548],[-73.86855,-14.20975],[-73.86819,-14.21106],[-73.86705,-14.21527],[-73.86705,-14.2153],[-73.86684,-14.21606],[-73.86581,-14.21987],[-73.86556,-14.22078],[-73.86548,-14.22107],[-73.86439,-14.22452],[-73.86391,-14.22602],[-73.86266,-14.22994],[-73.86116,-14.23467],[-73.86205,-14.23782],[-73.86222,-14.23843],[-73.86264,-14.23995],[-73.86298,-14.24116],[-73.86415,-14.24533],[-73.86447,-14.24602],[-73.86488,-14.24689]]]}},{"type":"Feature","properties":{"Name":"ZONA DE PROTECCION POR BIODIVERSIDAD, SINGULARIDAD Y PECULIARIDAD","description":"<div style='font-family:sans-serif;'><h4>ZEE AYACUCHO - ZONA DE PROTECCION POR BIODIVERSIDAD, SINGULARIDAD Y PECULIARIDAD</h4><table border='1' cellpadding='4' style='border-collapse:collapse;font-size:12px;'><tr><td><b>ZEECODE:</b></td><td>10</td></tr><tr><td><b>ZEE:</b></td><td>Laguna Janchisccocha Sacharaccay</td></tr><tr><td><b>ZEE_ZONAS:</b></td><td>ZONA DE PROTECCION POR BIODIVERSIDAD, SINGULARIDAD Y PECULIARIDAD</td></tr><tr><td><b>ZEE_GRANDE:</b></td><td>ZONA DE PROTECCION Y CONSERVACION ECOLOGICA</td></tr><tr><td><b>AREA:</b></td><td>127613.118</td></tr><tr><td><b>PERIMETER:</b></td><td>1519.403</td></tr><tr><td><b>HECTARES:</b></td><td>12.761</td></tr></table></div>"},"geometry":{"type":"Polygon","coordinates":[[[-73.81243,-13.05632],[-73.81302,-13.05657],[-73.81323,-13.05646],[-73.81333,-13.05629],[-73.81336,-13.05591],[-73.81333,-13.0555],[-73.81276,-13.05433],[-73.81233,-13.05319],[-73.81196,-13.05223],[-73.81183,-13.05159],[-73.81165,-13.05141],[-73.81126,-13.05134],[-73.81087,-13.05139],[-73.81019,-13.0517],[-73.80984,-13.05195],[-73.80965,-13.05235],[-73.80966,-13.05277],[-73.80997,-13.05351],[-73.8115,-13.0559],[-73.81171,-13.05611],[-73.81231,-13.05628],[-73.81243,-13.05632]]]}},{"type":"Feature","properties":{"Name":"ZONA DE PROTECCION POR BIODIVERSIDAD, SINGULARIDAD Y PECULIARIDAD","description":"<div style='font-family:sans-serif;'><h4>ZEE AYACUCHO - ZONA DE PROTECCION POR BIODIVERSIDAD, SINGULARIDAD Y PECULIARIDAD</h4><table border='1' cellpadding='4' style='border-collapse:collapse;font-size:12px;'><tr><td><b>ZEECODE:</b></td><td>11</td></tr><tr><td><b>ZEE:</b></td><td>Laguna Parinacochas</td></tr><tr><td><b>ZEE_ZONAS:</b></td><td>ZONA DE PROTECCION POR BIODIVERSIDAD, SINGULARIDAD Y PECULIARIDAD</td></tr><tr><td><b>ZEE_GRANDE:</b></td><td>ZONA DE PROTECCION Y CONSERVACION ECOLOGICA</td></tr><tr><td><b>AREA:</b></td><td>56914042.013</td></tr><tr><td><b>PERIMETER:</b></td><td>39707.946</td></tr><tr><td><b>HECTARES:</b></td><td>5691.404</td></tr></table></div>"},"geometry":{"type":"Polygon","coordinates":[[[-73.69851,-15.26498],[-73.69919,-15.26632],[-73.69958,-15.26756],[-73.69957,-15.26919],[-73.69926,-15.2711],[-73.69925,-15.27301],[-73.69905,-15.27425],[-73.69785,-15.27606],[-73.69676,-15.2771],[-73.69538,-15.27815],[-73.6936,-15.27938],[-73.69251,-15.28033],[-73.69152,-15.28128],[-73.68994,-15.28213],[-73.68758,-15.28231],[-73.68561,-15.28239],[-73.68324,-15.28228],[-73.68226,-15.2817],[-73.68207,-15.28065],[-73.68287,-15.27941],[-73.68346,-15.27894],[-73.68327,-15.27836],[-73.68198,-15.27922],[-73.6807,-15.28007],[-73.67942,-15.27968],[-73.67864,-15.27862],[-73.67757,-15.27728],[-73.6755,-15.2766],[-73.67413,-15.27649],[-73.67245,-15.27648],[-73.67108,-15.27609],[-73.66951,-15.27541],[-73.66774,-15.27435],[-73.66705,-15.27425],[-73.66646,-15.27425],[-73.66647,-15.27329],[-73.66588,-15.27291],[-73.6649,-15.27233],[-73.66424,-15.27174],[-73.66413,-15.27164],[-73.66413,-15.27164],[-73.66395,-15.27173],[-73.66374,-15.27128],[-73.6622,-15.26997],[-73.66109,-15.26953],[-73.66031,-15.26942],[-73.65887,-15.26887],[-73.65798,-15.26865],[-73.65665,-15.26864],[-73.65554,-15.26853],[-73.65537,-15.26901],[-73.65531,-15.26918],[-73.65551,-15.26935],[-73.6563,-15.27005],[-73.65797,-15.27038],[-73.65819,-15.27124],[-73.65829,-15.27254],[-73.6584,-15.27319],[-73.65806,-15.27405],[-73.65765,-15.27438],[-73.65728,-15.27469],[-73.65672,-15.27544],[-73.65616,-15.27661],[-73.65595,-15.27665],[-73.65586,-15.27666],[-73.65568,-15.27687],[-73.65522,-15.27743],[-73.65482,-15.27829],[-73.65403,-15.27934],[-73.65383,-15.27981],[-73.65313,-15.28057],[-73.65215,-15.28066],[-73.65047,-15.28084],[-73.64899,-15.28112],[-73.6481,-15.28217],[-73.6476,-15.28417],[-73.64759,-15.2856],[-73.6464,-15.28665],[-73.6456,-15.28836],[-73.64545,-15.28896],[-73.6452,-15.28998],[-73.64548,-15.29218],[-73.64683,-15.29158],[-73.64696,-15.29152],[-73.64814,-15.29153],[-73.64892,-15.29249],[-73.64881,-15.29392],[-73.64867,-15.29489],[-73.64861,-15.29536],[-73.64917,-15.29718],[-73.64928,-15.29756],[-73.64996,-15.29872],[-73.65045,-15.29991],[-73.6509,-15.30094],[-73.65116,-15.30152],[-73.65171,-15.30233],[-73.65214,-15.30314],[-73.65264,-15.3039],[-73.65313,-15.30449],[-73.65346,-15.30568],[-73.65378,-15.30692],[-73.654,-15.30788],[-73.65432,-15.30875],[-73.65448,-15.30993],[-73.65492,-15.3109],[-73.65536,-15.31192],[-73.65629,-15.31284],[-73.65717,-15.31398],[-73.65811,-15.31479],[-73.65937,-15.31603],[-73.66014,-15.31717],[-73.66113,-15.31819],[-73.66185,-15.31906],[-73.66273,-15.31992],[-73.66312,-15.32041],[-73.66333,-15.32068],[-73.6641,-15.32138],[-73.66493,-15.32214],[-73.66559,-15.32284],[-73.66641,-15.32371],[-73.66757,-15.32463],[-73.66862,-15.32533],[-73.66944,-15.32625],[-73.67066,-15.32728],[-73.67187,-15.32799],[-73.67237,-15.32837],[-73.67304,-15.32904],[-73.67352,-15.32918],[-73.67392,-15.32918],[-73.67471,-15.32934],[-73.67515,-15.32938],[-73.67557,-15.32944],[-73.67579,-15.32947],[-73.67622,-15.3295],[-73.67662,-15.32951],[-73.67737,-15.32966],[-73.67806,-15.32953],[-73.67899,-15.3297],[-73.67928,-15.32975],[-73.68033,-15.3304],[-73.68079,-15.33095],[-73.68104,-15.33127],[-73.68159,-15.33197],[-73.68226,-15.33229],[-73.68292,-15.33305],[-73.68341,-15.33359],[-73.68441,-15.33376],[-73.68461,-15.3337],[-73.6848,-15.33339],[-73.68517,-15.33313],[-73.68572,-15.33262],[-73.68605,-15.33235],[-73.6862,-15.33217],[-73.68621,-15.33216],[-73.68625,-15.33217],[-73.68628,-15.33206],[-73.68683,-15.33194],[-73.68722,-15.33178],[-73.68783,-15.33172],[-73.68821,-15.33164],[-73.68846,-15.33164],[-73.68863,-15.33162],[-73.68879,-15.33161],[-73.68948,-15.33179],[-73.68989,-15.33176],[-73.69022,-15.3315],[-73.6903,-15.33123],[-73.69029,-15.33101],[-73.69028,-15.33088],[-73.69008,-15.33032],[-73.69006,-15.3301],[-73.69008,-15.32993],[-73.69022,-15.32972],[-73.69041,-15.32962],[-73.69125,-15.32966],[-73.69188,-15.32964],[-73.6924,-15.32936],[-73.69255,-15.32919],[-73.69266,-15.3289],[-73.69266,-15.32864],[-73.69246,-15.32834],[-73.69232,-15.32817],[-73.69225,-15.32803],[-73.69229,-15.32787],[-73.6925,-15.32772],[-73.69242,-15.32752],[-73.69226,-15.32692],[-73.69259,-15.3265],[-73.69414,-15.32683],[-73.69447,-15.32721],[-73.69464,-15.32683],[-73.69487,-15.32597],[-73.69482,-15.32511],[-73.69471,-15.32447],[-73.69499,-15.32388],[-73.69583,-15.32297],[-73.69605,-15.32222],[-73.69661,-15.32195],[-73.69733,-15.32185],[-73.69772,-15.32185],[-73.69788,-15.32233],[-73.69821,-15.32271],[-73.69865,-15.32341],[-73.69898,-15.32368],[-73.69953,-15.32401],[-73.70009,-15.32401],[-73.70008,-15.32398],[-73.70007,-15.32383],[-73.70014,-15.32365],[-73.70029,-15.32349],[-73.70051,-15.32336],[-73.70055,-15.32334],[-73.70108,-15.32319],[-73.70207,-15.32305],[-73.70284,-15.32292],[-73.70325,-15.32289],[-73.70354,-15.32289],[-73.70388,-15.3229],[-73.705,-15.32295],[-73.70516,-15.32296],[-73.70534,-15.32296],[-73.70657,-15.32304],[-73.70721,-15.32328],[-73.70848,-15.3239],[-73.70927,-15.32391],[-73.70943,-15.32406],[-73.70959,-15.32406],[-73.70967,-15.32422],[-73.70975,-15.3243],[-73.70982,-15.32487],[-73.70983,-15.32491],[-73.71006,-15.32503],[-73.71046,-15.32519],[-73.71064,-15.32532],[-73.71074,-15.32538],[-73.71129,-15.32518],[-73.71129,-15.32518],[-73.71158,-15.32508],[-73.71221,-15.32493],[-73.71269,-15.32485],[-73.71332,-15.32472],[-73.714,-15.32462],[-73.71404,-15.3246],[-73.71414,-15.32456],[-73.71414,-15.32455],[-73.71428,-15.32437],[-73.7143,-15.32415],[-73.71424,-15.32394],[-73.71422,-15.32386],[-73.71409,-15.3236],[-73.71406,-15.32354],[-73.71398,-15.32328],[-73.71396,-15.323],[-73.71397,-15.3228],[-73.71397,-15.3227],[-73.71317,-15.32183],[-73.71251,-15.32167],[-73.71251,-15.32113],[-73.71279,-15.32097],[-73.71345,-15.32081],[-73.71401,-15.32049],[-73.71429,-15.31996],[-73.71468,-15.31964],[-73.7154,-15.31921],[-73.71614,-15.31881],[-73.71629,-15.31873],[-73.71662,-15.31859],[-73.71665,-15.31858],[-73.7169,-15.31847],[-73.71823,-15.31837],[-73.71868,-15.31832],[-73.71929,-15.31832],[-73.71984,-15.31827],[-73.72072,-15.31849],[-73.72177,-15.31882],[-73.72227,-15.3193],[-73.72271,-15.32001],[-73.72293,-15.32071],[-73.723,-15.32095],[-73.7232,-15.32102],[-73.72323,-15.32103],[-73.72325,-15.32101],[-73.72354,-15.32083],[-73.72384,-15.32073],[-73.72438,-15.32063],[-73.72462,-15.32051],[-73.72499,-15.32014],[-73.72539,-15.31968],[-73.72542,-15.31963],[-73.72553,-15.31944],[-73.72576,-15.31929],[-73.72605,-15.3191],[-73.72607,-15.31909],[-73.72646,-15.31876],[-73.72654,-15.3187],[-73.72685,-15.31845],[-73.72709,-15.31818],[-73.72721,-15.31801],[-73.72725,-15.31795],[-73.72737,-15.31772],[-73.72739,-15.31769],[-73.72753,-15.31748],[-73.72777,-15.31702],[-73.72786,-15.31691],[-73.72786,-15.31691],[-73.72825,-15.31645],[-73.72846,-15.31633],[-73.72865,-15.31614],[-73.72885,-15.31598],[-73.72899,-15.31572],[-73.72899,-15.31571],[-73.72898,-15.31556],[-73.72896,-15.31532],[-73.72896,-15.31525],[-73.72896,-15.31525],[-73.72896,-15.31506],[-73.72902,-15.31485],[-73.72919,-15.3147],[-73.72932,-15.3146],[-73.72942,-15.31453],[-73.7298,-15.31437],[-73.7298,-15.31436],[-73.73029,-15.31406],[-73.73095,-15.31379],[-73.73126,-15.3137],[-73.73155,-15.31367],[-73.73201,-15.31361],[-73.73233,-15.31361],[-73.73269,-15.31346],[-73.73292,-15.31318],[-73.73317,-15.31289],[-73.73333,-15.3125],[-73.73365,-15.31188],[-73.73401,-15.31154],[-73.73461,-15.31143],[-73.73536,-15.3112],[-73.73571,-15.31103],[-73.73616,-15.31069],[-73.7364,-15.31046],[-73.73678,-15.31002],[-73.73703,-15.3098],[-73.73714,-15.30975],[-73.73726,-15.3097],[-73.73779,-15.30952],[-73.738,-15.30933],[-73.73815,-15.30894],[-73.73832,-15.30875],[-73.73851,-15.30872],[-73.7389,-15.30869],[-73.739,-15.30869],[-73.73908,-15.30863],[-73.73921,-15.30855],[-73.73921,-15.30847],[-73.73921,-15.30827],[-73.73907,-15.30806],[-73.73905,-15.30796],[-73.73904,-15.30791],[-73.73915,-15.30752],[-73.73927,-15.30712],[-73.73936,-15.30677],[-73.73936,-15.30676],[-73.73941,-15.30654],[-73.73942,-15.30644],[-73.73943,-15.30618],[-73.73943,-15.30574],[-73.73951,-15.30492],[-73.73953,-15.30476],[-73.73955,-15.3042],[-73.73954,-15.30415],[-73.73952,-15.30372],[-73.73952,-15.30371],[-73.73974,-15.30288],[-73.73905,-15.30066],[-73.73828,-15.29865],[-73.73789,-15.29722],[-73.7379,-15.29521],[-73.7385,-15.29368],[-73.74019,-15.29178],[-73.74099,-15.28959],[-73.74071,-15.28672],[-73.73983,-15.28538],[-73.73945,-15.28442],[-73.73945,-15.28327],[-73.73946,-15.28203],[-73.73937,-15.28098],[-73.73937,-15.28082],[-73.73937,-15.27983],[-73.73966,-15.27926],[-73.74007,-15.2784],[-73.74057,-15.27764],[-73.74146,-15.27679],[-73.74206,-15.27612],[-73.74285,-15.27526],[-73.74384,-15.2746],[-73.74452,-15.27537],[-73.7457,-15.27605],[-73.74576,-15.27609],[-73.74596,-15.2759],[-73.74612,-15.27566],[-73.74628,-15.27547],[-73.74648,-15.27497],[-73.74648,-15.27482],[-73.74653,-15.27482],[-73.74656,-15.27481],[-73.74656,-15.27447],[-73.74659,-15.27445],[-73.74664,-15.27439],[-73.74665,-15.2743],[-73.74665,-15.2743],[-73.74665,-15.27428],[-73.74676,-15.27412],[-73.74681,-15.27389],[-73.74686,-15.27374],[-73.74601,-15.27318],[-73.74582,-15.27194],[-73.74602,-15.27149],[-73.74632,-15.27079],[-73.74701,-15.26984],[-73.74722,-15.26841],[-73.74732,-15.26764],[-73.74733,-15.26678],[-73.74704,-15.26583],[-73.74625,-15.26515],[-73.74566,-15.26506],[-73.74438,-15.26629],[-73.74329,-15.26714],[-73.7423,-15.26743],[-73.74092,-15.2678],[-73.73886,-15.26779],[-73.73767,-15.26778],[-73.7359,-15.26758],[-73.73512,-15.26672],[-73.73404,-15.26595],[-73.73306,-15.26546],[-73.73179,-15.26488],[-73.73021,-15.26449],[-73.72844,-15.26486],[-73.72657,-15.26523],[-73.72469,-15.26551],[-73.72233,-15.26502],[-73.72106,-15.26453],[-73.71978,-15.26367],[-73.71822,-15.26222],[-73.71763,-15.26098],[-73.71744,-15.25974],[-73.71716,-15.25811],[-73.71687,-15.25648],[-73.71649,-15.25524],[-73.71561,-15.25409],[-73.71453,-15.25341],[-73.71355,-15.25274],[-73.71188,-15.25148],[-73.7108,-15.25138],[-73.70904,-15.25032],[-73.70717,-15.24974],[-73.7053,-15.24973],[-73.70431,-15.2501],[-73.70313,-15.25105],[-73.70233,-15.25248],[-73.70114,-15.254],[-73.70025,-15.25505],[-73.69886,-15.25667],[-73.69845,-15.25838],[-73.69844,-15.26087],[-73.69862,-15.26316],[-73.69851,-15.26498]]]}},{"type":"Feature","properties":{"Name":"ZONA DE PROTECCION POR BIODIVERSIDAD, SINGULARIDAD Y PECULIARIDAD","description":"<div style='font-family:sans-serif;'><h4>ZEE AYACUCHO - ZONA DE PROTECCION POR BIODIVERSIDAD, SINGULARIDAD Y PECULIARIDAD</h4><table border='1' cellpadding='4' style='border-collapse:collapse;font-size:12px;'><tr><td><b>ZEECODE:</b></td><td>12</td></tr><tr><td><b>ZEE:</b></td><td>Laguna Yaurihuiri</td></tr><tr><td><b>ZEE_ZONAS:</b></td><td>ZONA DE PROTECCION POR BIODIVERSIDAD, SINGULARIDAD Y PECULIARIDAD</td></tr><tr><td><b>ZEE_GRANDE:</b></td><td>ZONA DE PROTECCION Y CONSERVACION ECOLOGICA</td></tr><tr><td><b>AREA:</b></td><td>8288778.859</td></tr><tr><td><b>PERIMETER:</b></td><td>16959.525</td></tr><tr><td><b>HECTARES:</b></td><td>828.878</td></tr></table></div>"},"geometry":{"type":"Polygon","coordinates":[[[-73.97325,-14.59866],[-73.97366,-14.59942],[-73.97412,-14.59933],[-73.97456,-14.59923],[-73.97466,-14.59921],[-73.97663,-14.59976],[-73.976,-14.60028],[-73.97491,-14.60117],[-73.97488,-14.60115],[-73.97439,-14.60096],[-73.97355,-14.60062],[-73.97336,-14.60054],[-73.97308,-14.60043],[-73.97248,-14.60054],[-73.97171,-14.60068],[-73.97142,-14.60026],[-73.97079,-14.59934],[-73.97038,-14.59941],[-73.97038,-14.60025],[-73.97038,-14.60042],[-73.97082,-14.60091],[-73.97089,-14.60098],[-73.97104,-14.60115],[-73.97104,-14.60151],[-73.9694,-14.60162],[-73.96802,-14.60215],[-73.96687,-14.60218],[-73.96504,-14.60205],[-73.96494,-14.60204],[-73.96453,-14.6021],[-73.96375,-14.60222],[-73.96242,-14.60241],[-73.9623,-14.60243],[-73.96179,-14.60262],[-73.96122,-14.60297],[-73.96115,-14.60302],[-73.96075,-14.60345],[-73.96066,-14.60355],[-73.96051,-14.6044],[-73.96048,-14.60459],[-73.96032,-14.60495],[-73.96027,-14.60507],[-73.96012,-14.60544],[-73.96001,-14.60569],[-73.95799,-14.60752],[-73.95778,-14.60765],[-73.95739,-14.60772],[-73.95719,-14.60761],[-73.95717,-14.60758],[-73.95714,-14.60751],[-73.95727,-14.60704],[-73.95743,-14.60681],[-73.95749,-14.60628],[-73.95786,-14.60563],[-73.95789,-14.60541],[-73.95774,-14.60513],[-73.95765,-14.60508],[-73.95762,-14.60506],[-73.95668,-14.60503],[-73.95664,-14.60502],[-73.95643,-14.60498],[-73.95619,-14.60493],[-73.9556,-14.60492],[-73.9547,-14.60509],[-73.95437,-14.60521],[-73.9539,-14.60538],[-73.95337,-14.60571],[-73.95279,-14.60623],[-73.95271,-14.6063],[-73.95213,-14.6069],[-73.95159,-14.60714],[-73.95044,-14.60744],[-73.94974,-14.6077],[-73.94867,-14.60758],[-73.94792,-14.60763],[-73.94721,-14.60784],[-73.94702,-14.60793],[-73.94623,-14.60831],[-73.94618,-14.60833],[-73.94572,-14.60868],[-73.94535,-14.60931],[-73.94533,-14.60981],[-73.94526,-14.61001],[-73.94479,-14.61069],[-73.94399,-14.61224],[-73.94354,-14.61283],[-73.94321,-14.61348],[-73.94317,-14.61356],[-73.94288,-14.61415],[-73.94273,-14.61434],[-73.94236,-14.61483],[-73.94223,-14.61512],[-73.94221,-14.61547],[-73.9422,-14.61586],[-73.94198,-14.61608],[-73.94173,-14.61634],[-73.94154,-14.61673],[-73.94152,-14.61682],[-73.94151,-14.61685],[-73.94142,-14.61725],[-73.9415,-14.61756],[-73.94206,-14.61806],[-73.94279,-14.61859],[-73.94306,-14.61893],[-73.94372,-14.61927],[-73.94423,-14.61939],[-73.94451,-14.6193],[-73.94481,-14.61888],[-73.94483,-14.61857],[-73.94484,-14.61824],[-73.94491,-14.61816],[-73.94505,-14.61815],[-73.94546,-14.61812],[-73.94598,-14.6186],[-73.94654,-14.61882],[-73.94667,-14.61887],[-73.94721,-14.61894],[-73.94778,-14.61877],[-73.94798,-14.61883],[-73.94809,-14.6191],[-73.94798,-14.61972],[-73.94787,-14.62004],[-73.94784,-14.62013],[-73.94778,-14.62018],[-73.94755,-14.62037],[-73.94717,-14.62039],[-73.94669,-14.62015],[-73.94651,-14.62006],[-73.94576,-14.61993],[-73.94568,-14.61992],[-73.94562,-14.61992],[-73.94521,-14.61993],[-73.94499,-14.62004],[-73.94503,-14.62096],[-73.94503,-14.62104],[-73.94503,-14.62107],[-73.94476,-14.62182],[-73.94465,-14.62213],[-73.94457,-14.62279],[-73.94477,-14.62351],[-73.94511,-14.62398],[-73.94531,-14.62425],[-73.94552,-14.62472],[-73.94593,-14.62562],[-73.94596,-14.6257],[-73.94662,-14.62618],[-73.94815,-14.62678],[-73.95115,-14.62746],[-73.95123,-14.62757],[-73.95153,-14.62767],[-73.95277,-14.62851],[-73.95344,-14.62933],[-73.95371,-14.62985],[-73.95393,-14.63065],[-73.9539,-14.63173],[-73.95394,-14.63211],[-73.95412,-14.63245],[-73.95443,-14.63271],[-73.95602,-14.6328],[-73.95673,-14.63271],[-73.95764,-14.63278],[-73.95812,-14.63281],[-73.95888,-14.63274],[-73.95989,-14.63246],[-73.96028,-14.63235],[-73.96097,-14.63224],[-73.96161,-14.63221],[-73.96173,-14.63219],[-73.96211,-14.6321],[-73.96246,-14.63195],[-73.96298,-14.63161],[-73.96314,-14.6309],[-73.96343,-14.63073],[-73.96347,-14.63066],[-73.9635,-14.63062],[-73.9635,-14.63025],[-73.96339,-14.62993],[-73.96337,-14.62987],[-73.96342,-14.62957],[-73.96347,-14.62929],[-73.96406,-14.62901],[-73.96438,-14.62885],[-73.96434,-14.62863],[-73.96431,-14.62848],[-73.9636,-14.62837],[-73.96353,-14.62787],[-73.96365,-14.62706],[-73.96367,-14.62696],[-73.96368,-14.62684],[-73.9637,-14.62579],[-73.96347,-14.62457],[-73.96358,-14.62414],[-73.96367,-14.624],[-73.96406,-14.62338],[-73.9646,-14.6222],[-73.96496,-14.62159],[-73.96534,-14.6211],[-73.96598,-14.62041],[-73.96728,-14.61882],[-73.96772,-14.61837],[-73.96773,-14.61835],[-73.96798,-14.61818],[-73.96866,-14.61772],[-73.96903,-14.61747],[-73.96929,-14.61713],[-73.96964,-14.61667],[-73.97033,-14.61608],[-73.97109,-14.61517],[-73.97178,-14.61435],[-73.97208,-14.61399],[-73.97234,-14.61349],[-73.97256,-14.61307],[-73.97263,-14.61295],[-73.97274,-14.61243],[-73.9729,-14.61165],[-73.97304,-14.61123],[-73.9734,-14.61071],[-73.97375,-14.61019],[-73.97417,-14.60982],[-73.97477,-14.60938],[-73.97641,-14.60819],[-73.97665,-14.60791],[-73.9776,-14.60676],[-73.97787,-14.60593],[-73.9777,-14.6055],[-73.97735,-14.60459],[-73.97749,-14.60427],[-73.9778,-14.60354],[-73.97931,-14.60188],[-73.97994,-14.60119],[-73.98027,-14.6003],[-73.98107,-14.59815],[-73.98095,-14.59776],[-73.98055,-14.59637],[-73.98067,-14.59518],[-73.97885,-14.59408],[-73.97744,-14.59398],[-73.97722,-14.59397],[-73.97659,-14.59317],[-73.97618,-14.59317],[-73.97651,-14.59404],[-73.97606,-14.59462],[-73.97368,-14.59475],[-73.97334,-14.59569],[-73.97393,-14.59616],[-73.97445,-14.59696],[-73.97437,-14.59747],[-73.97337,-14.59782],[-73.97314,-14.5979],[-73.97325,-14.59866]]]}},{"type":"Feature","properties":{"Name":"ZONA DE PROTECCION POR BIODIVERSIDAD, SINGULARIDAD Y PECULIARIDAD","description":"<div style='font-family:sans-serif;'><h4>ZEE AYACUCHO - ZONA DE PROTECCION POR BIODIVERSIDAD, SINGULARIDAD Y PECULIARIDAD</h4><table border='1' cellpadding='4' style='border-collapse:collapse;font-size:12px;'><tr><td><b>ZEECODE:</b></td><td>13</td></tr><tr><td><b>ZEE:</b></td><td>Vista de aves Chipao</td></tr><tr><td><b>ZEE_ZONAS:</b></td><td>ZONA DE PROTECCION POR BIODIVERSIDAD, SINGULARIDAD Y PECULIARIDAD</td></tr><tr><td><b>ZEE_GRANDE:</b></td><td>ZONA DE PROTECCION Y CONSERVACION ECOLOGICA</td></tr><tr><td><b>AREA:</b></td><td>163327.243</td></tr><tr><td><b>PERIMETER:</b></td><td>1669.828</td></tr><tr><td><b>HECTARES:</b></td><td>16.333</td></tr></table></div>"},"geometry":{"type":"Polygon","coordinates":[[[-73.87447,-14.36546],[-73.8738,-14.36632],[-73.87372,-14.36695],[-73.87332,-14.36702],[-73.87332,-14.36781],[-73.87332,-14.36812],[-73.87467,-14.36818],[-73.87597,-14.36824],[-73.87677,-14.36732],[-73.87753,-14.36732],[-73.87811,-14.36565],[-73.87802,-14.36531],[-73.87768,-14.36395],[-73.87674,-14.36436],[-73.87547,-14.3642],[-73.87447,-14.36546]]]}},{"type":"Feature","properties":{"Name":"ZONA DE PROTECCION POR SER BOSQUE NATURAL NATIVO","description":"<div style='font-family:sans-serif;'><h4>ZEE AYACUCHO - ZONA DE PROTECCION POR SER BOSQUE NATURAL NATIVO</h4><table border='1' cellpadding='4' style='border-collapse:collapse;font-size:12px;'><tr><td><b>ZEECODE:</b></td><td>14</td></tr><tr><td><b>ZEE:</b></td><td>Bosque de Chachacomo</td></tr><tr><td><b>ZEE_ZONAS:</b></td><td>ZONA DE PROTECCION POR SER BOSQUE NATURAL NATIVO</td></tr><tr><td><b>ZEE_GRANDE:</b></td><td>ZONA DE PROTECCION Y CONSERVACION ECOLOGICA</td></tr><tr><td><b>AREA:</b></td><td>15789054.453</td></tr><tr><td><b>PERIMETER:</b></td><td>65587.865</td></tr><tr><td><b>HECTARES:</b></td><td>1578.905</td></tr></table></div>"},"geometry":{"type":"Polygon","coordinates":[[[-74.03035,-13.55546],[-74.03009,-13.55551],[-74.02971,-13.55522],[-74.02967,-13.55492],[-74.02945,-13.55381],[-74.02921,-13.55321],[-74.02921,-13.55321],[-74.02906,-13.55285],[-74.029,-13.55271],[-74.02901,-13.55197],[-74.02894,-13.5508],[-74.02826,-13.54969],[-74.02736,-13.55042],[-74.02743,-13.55116],[-74.02735,-13.55197],[-74.0275,-13.55278],[-74.02787,-13.55403],[-74.02771,-13.5552],[-74.02754,-13.55616],[-74.02748,-13.55645],[-74.02746,-13.55655],[-74.02732,-13.55717],[-74.02718,-13.55778],[-74.02695,-13.5588],[-74.02679,-13.55969],[-74.02634,-13.56079],[-74.02619,-13.56152],[-74.02618,-13.56218],[-74.0261,-13.56351],[-74.0258,-13.56527],[-74.02574,-13.56544],[-74.02526,-13.56696],[-74.02512,-13.56837],[-74.02512,-13.5684],[-74.02521,-13.56886],[-74.02526,-13.56915],[-74.02529,-13.56933],[-74.02566,-13.56914],[-74.02589,-13.56901],[-74.0259,-13.56871],[-74.02593,-13.56803],[-74.02597,-13.56789],[-74.02613,-13.56733],[-74.02662,-13.56689],[-74.02704,-13.5665],[-74.02803,-13.56581],[-74.02866,-13.56537],[-74.02866,-13.56537],[-74.02903,-13.56498],[-74.02907,-13.56493],[-74.02943,-13.56437],[-74.02948,-13.56378],[-74.02929,-13.56308],[-74.02949,-13.56286],[-74.03024,-13.56323],[-74.03091,-13.56382],[-74.031,-13.56389],[-74.03189,-13.56463],[-74.03234,-13.56473],[-74.03256,-13.56478],[-74.03354,-13.56501],[-74.03378,-13.56555],[-74.03383,-13.56567],[-74.03448,-13.56609],[-74.03473,-13.56626],[-74.03543,-13.56695],[-74.03556,-13.56707],[-74.03661,-13.56649],[-74.03654,-13.56546],[-74.03644,-13.56463],[-74.0364,-13.56428],[-74.03557,-13.5634],[-74.03528,-13.56265],[-74.0352,-13.56244],[-74.03581,-13.56134],[-74.03664,-13.56068],[-74.03665,-13.56068],[-74.03739,-13.56061],[-74.03837,-13.56002],[-74.03889,-13.55973],[-74.0389,-13.55885],[-74.03837,-13.55811],[-74.03815,-13.5573],[-74.03816,-13.5559],[-74.03816,-13.55583],[-74.03914,-13.55532],[-74.03924,-13.55537],[-74.04071,-13.55599],[-74.04136,-13.55596],[-74.04204,-13.55592],[-74.04207,-13.55592],[-74.04147,-13.55518],[-74.04117,-13.5543],[-74.03997,-13.554],[-74.03926,-13.55363],[-74.03869,-13.55334],[-74.03817,-13.55333],[-74.03813,-13.55334],[-74.03719,-13.55355],[-74.03681,-13.55399],[-74.03651,-13.55494],[-74.03651,-13.55575],[-74.03635,-13.55686],[-74.03633,-13.55697],[-74.0362,-13.55796],[-74.03551,-13.55928],[-74.03408,-13.56045],[-74.03397,-13.56052],[-74.03348,-13.56081],[-74.03235,-13.56022],[-74.03193,-13.55993],[-74.0316,-13.5597],[-74.03178,-13.55913],[-74.03184,-13.55899],[-74.03201,-13.55864],[-74.03244,-13.55794],[-74.03297,-13.55721],[-74.03309,-13.55708],[-74.03361,-13.55653],[-74.03372,-13.5564],[-74.03403,-13.5556],[-74.03403,-13.55557],[-74.03413,-13.55514],[-74.03418,-13.55494],[-74.03418,-13.55493],[-74.03462,-13.55384],[-74.03474,-13.55309],[-74.03449,-13.5529],[-74.03425,-13.55277],[-74.03386,-13.55264],[-74.03359,-13.55248],[-74.03344,-13.55229],[-74.03346,-13.55209],[-74.03348,-13.55175],[-74.03352,-13.55144],[-74.03359,-13.55113],[-74.03414,-13.55017],[-74.03457,-13.54923],[-74.03526,-13.54809],[-74.0356,-13.54754],[-74.03594,-13.54726],[-74.0362,-13.54697],[-74.03653,-13.54684],[-74.03683,-13.54657],[-74.03711,-13.5461],[-74.03737,-13.54577],[-74.03758,-13.5453],[-74.0378,-13.54514],[-74.03825,-13.54503],[-74.03896,-13.54471],[-74.03912,-13.5446],[-74.03842,-13.54422],[-74.03736,-13.54389],[-74.03705,-13.54386],[-74.03589,-13.54376],[-74.03493,-13.5437],[-74.0345,-13.54355],[-74.03385,-13.54332],[-74.03302,-13.54331],[-74.03249,-13.54427],[-74.03163,-13.54485],[-74.03151,-13.54493],[-74.03076,-13.54536],[-74.03189,-13.54549],[-74.03211,-13.54552],[-74.03214,-13.54559],[-74.03241,-13.54625],[-74.03186,-13.5465],[-74.03172,-13.54657],[-74.03113,-13.54684],[-74.03053,-13.54757],[-74.03022,-13.54801],[-74.03045,-13.54867],[-74.03078,-13.54904],[-74.03097,-13.54926],[-74.03112,-13.54951],[-74.03127,-13.54978],[-74.03142,-13.55051],[-74.03139,-13.55055],[-74.03089,-13.55147],[-74.03043,-13.55249],[-74.03043,-13.55397],[-74.03042,-13.55477],[-74.03047,-13.55507],[-74.03048,-13.55514],[-74.03042,-13.5553],[-74.03035,-13.55546]]]}},{"type":"Feature","properties":{"Name":"ZONA DE PROTECCION POR SER BOSQUE NATURAL NATIVO","description":"<div style='font-family:sans-serif;'><h4>ZEE AYACUCHO - ZONA DE PROTECCION POR SER BOSQUE NATURAL NATIVO</h4><table border='1' cellpadding='4' style='border-collapse:collapse;font-size:12px;'><tr><td><b>ZEECODE:</b></td><td>15</td></tr><tr><td><b>ZEE:</b></td><td>Bosque de Paty</td></tr><tr><td><b>ZEE_ZONAS:</b></td><td>ZONA DE PROTECCION POR SER BOSQUE NATURAL NATIVO</td></tr><tr><td><b>ZEE_GRANDE:</b></td><td>ZONA DE PROTECCION Y CONSERVACION ECOLOGICA</td></tr><tr><td><b>AREA:</b></td><td>6487037.389</td></tr><tr><td><b>PERIMETER:</b></td><td>24292.434</td></tr><tr><td><b>HECTARES:</b></td><td>648.704</td></tr></table></div>"},"geometry":{"type":"Polygon","coordinates":[[[-73.917,-13.09237],[-73.91687,-13.09274],[-73.91624,-13.09382],[-73.91619,-13.0939],[-73.91607,-13.0939],[-73.91526,-13.09386],[-73.91457,-13.09406],[-73.91424,-13.09416],[-73.91423,-13.09423],[-73.91418,-13.0945],[-73.91391,-13.09612],[-73.91322,-13.09788],[-73.91235,-13.10033],[-73.91202,-13.10209],[-73.91177,-13.10388],[-73.91185,-13.10556],[-73.91186,-13.1056],[-73.91227,-13.10649],[-73.91272,-13.10752],[-73.91378,-13.10916],[-73.91304,-13.10994],[-73.91251,-13.11048],[-73.91167,-13.11107],[-73.91152,-13.11117],[-73.91147,-13.11123],[-73.91092,-13.11192],[-73.90962,-13.11354],[-73.90951,-13.1137],[-73.90854,-13.11514],[-73.90859,-13.1169],[-73.90856,-13.11709],[-73.90841,-13.11835],[-73.90883,-13.11884],[-73.90921,-13.11927],[-73.90986,-13.12002],[-73.90987,-13.12002],[-73.91143,-13.11992],[-73.91147,-13.11992],[-73.91359,-13.11852],[-73.91367,-13.11835],[-73.91453,-13.11655],[-73.91518,-13.11466],[-73.91651,-13.11389],[-73.91793,-13.11343],[-73.91856,-13.11251],[-73.91719,-13.11025],[-73.91805,-13.10859],[-73.91812,-13.10763],[-73.91826,-13.10648],[-73.91845,-13.10557],[-73.91689,-13.10483],[-73.91683,-13.10361],[-73.91795,-13.102],[-73.91889,-13.10188],[-73.92005,-13.10199],[-73.92083,-13.10175],[-73.92081,-13.10049],[-73.92202,-13.09999],[-73.92357,-13.09991],[-73.92531,-13.09993],[-73.92664,-13.09875],[-73.92813,-13.09829],[-73.92881,-13.09732],[-73.9294,-13.09648],[-73.92888,-13.0961],[-73.92813,-13.09554],[-73.92779,-13.09533],[-73.9253,-13.09374],[-73.92515,-13.09371],[-73.9247,-13.09347],[-73.92424,-13.09323],[-73.92333,-13.09268],[-73.92281,-13.09238],[-73.92194,-13.09229],[-73.92154,-13.09223],[-73.92126,-13.0924],[-73.92122,-13.09242],[-73.92091,-13.09229],[-73.91915,-13.09155],[-73.9186,-13.09143],[-73.91767,-13.09122],[-73.91729,-13.09157],[-73.917,-13.09237]]]}},{"type":"Feature","properties":{"Name":"ZONA DE PROTECCION POR SER BOSQUE NATURAL NATIVO","description":"<div style='font-family:sans-serif;'><h4>ZEE AYACUCHO - ZONA DE PROTECCION POR SER BOSQUE NATURAL NATIVO</h4><table border='1' cellpadding='4' style='border-collapse:collapse;font-size:12px;'><tr><td><b>ZEECODE:</b></td><td>16</td></tr><tr><td><b>ZEE:</b></td><td>Bosque de Que\u00f1ua</td></tr><tr><td><b>ZEE_ZONAS:</b></td><td>ZONA DE PROTECCION POR SER BOSQUE NATURAL NATIVO</td></tr><tr><td><b>ZEE_GRANDE:</b></td><td>ZONA DE PROTECCION Y CONSERVACION ECOLOGICA</td></tr><tr><td><b>AREA:</b></td><td>212545383.215</td></tr><tr><td><b>PERIMETER:</b></td><td>795051.976</td></tr><tr><td><b>HECTARES:</b></td><td>21254.538</td></tr></table></div>"},"geometry":{"type":"Polygon","coordinates":[[[-73.92245,-15.37043],[-73.92269,-15.37067],[-73.92277,-15.37056],[-73.9236,-15.36942],[-73.92417,-15.36864],[-73.92417,-15.36763],[-73.92268,-15.36631],[-73.92208,-15.36579],[-73.92187,-15.36548],[-73.92131,-15.36465],[-73.92125,-15.36456],[-73.92045,-15.36347],[-73.92021,-15.36313],[-73.92021,-15.36312],[-73.92022,-15.36131],[-73.92026,-15.36097],[-73.92044,-15.35948],[-73.92135,-15.35808],[-73.9215,-15.35786],[-73.92252,-15.35671],[-73.92276,-15.35644],[-73.92267,-15.3559],[-73.92256,-15.35522],[-73.92172,-15.35481],[-73.92152,-15.35483],[-73.92136,-15.35485],[-73.92042,-15.35498],[-73.92025,-15.355],[-73.91794,-15.35703],[-73.9173,-15.35885],[-73.91738,-15.35989],[-73.9175,-15.3615],[-73.91827,-15.36418],[-73.91832,-15.36435],[-73.91957,-15.36516],[-73.92056,-15.36613],[-73.9213,-15.36686],[-73.92166,-15.36721],[-73.92179,-15.3673],[-73.92228,-15.36762],[-73.92209,-15.36852],[-73.92207,-15.36863],[-73.92165,-15.36965],[-73.92245,-15.37043]]]}},{"type":"Feature","properties":{"Name":"ZONA DE PROTECCION POR SER BOSQUE NATURAL NATIVO","description":"<div style='font-family:sans-serif;'><h4>ZEE AYACUCHO - ZONA DE PROTECCION POR SER BOSQUE NATURAL NATIVO</h4><table border='1' cellpadding='4' style='border-collapse:collapse;font-size:12px;'><tr><td><b>ZEECODE:</b></td><td>17</td></tr><tr><td><b>ZEE:</b></td><td>Bosque de Titanca</td></tr><tr><td><b>ZEE_ZONAS:</b></td><td>ZONA DE PROTECCION POR SER BOSQUE NATURAL NATIVO</td></tr><tr><td><b>ZEE_GRANDE:</b></td><td>ZONA DE PROTECCION Y CONSERVACION ECOLOGICA</td></tr><tr><td><b>AREA:</b></td><td>68021603.567</td></tr><tr><td><b>PERIMETER:</b></td><td>88677.268</td></tr><tr><td><b>HECTARES:</b></td><td>6802.16</td></tr></table></div>"},"geometry":{"type":"Polygon","coordinates":[[[-74.04152,-13.59183],[-74.04265,-13.59348],[-74.04204,-13.59511],[-74.04148,-13.59494],[-74.04138,-13.59486],[-74.04031,-13.59395],[-74.03902,-13.5936],[-74.03816,-13.59293],[-74.03514,-13.59332],[-74.03273,-13.59396],[-74.03106,-13.59539],[-74.02977,-13.59651],[-74.02761,-13.59906],[-74.0268,-13.60082],[-74.02592,-13.60265],[-74.02644,-13.6049],[-74.02641,-13.6051],[-74.02662,-13.60599],[-74.02669,-13.60647],[-74.02682,-13.60659],[-74.02684,-13.6066],[-74.02724,-13.60695],[-74.02808,-13.60771],[-74.02836,-13.60819],[-74.02926,-13.60881],[-74.0308,-13.60916],[-74.0315,-13.60957],[-74.03276,-13.60992],[-74.03347,-13.60998],[-74.0336,-13.60999],[-74.03403,-13.6099],[-74.03486,-13.60972],[-74.03514,-13.60961],[-74.03605,-13.60925],[-74.03682,-13.60915],[-74.03759,-13.60905],[-74.03906,-13.60871],[-74.04011,-13.60871],[-74.04123,-13.60872],[-74.04277,-13.609],[-74.0436,-13.60934],[-74.04451,-13.60935],[-74.0455,-13.60819],[-74.04655,-13.60799],[-74.04718,-13.60806],[-74.04795,-13.60826],[-74.04984,-13.60827],[-74.05068,-13.60807],[-74.05035,-13.60651],[-74.05032,-13.60594],[-74.0503,-13.60554],[-74.05004,-13.60471],[-74.04943,-13.60375],[-74.04934,-13.60349],[-74.04916,-13.60293],[-74.04908,-13.60258],[-74.04898,-13.60217],[-74.04895,-13.60204],[-74.04881,-13.60149],[-74.04871,-13.60116],[-74.0487,-13.60113],[-74.04928,-13.60071],[-74.05034,-13.60016],[-74.05102,-13.59968],[-74.05166,-13.59906],[-74.05363,-13.59647],[-74.0541,-13.59553],[-74.05478,-13.59418],[-74.05459,-13.59394],[-74.05344,-13.59247],[-74.04929,-13.59232],[-74.04734,-13.5931],[-74.04601,-13.59146],[-74.0442,-13.59034],[-74.04165,-13.59065],[-74.04152,-13.59183]]]}},{"type":"Feature","properties":{"Name":"ZONA DE PROTECCION POR SER BOSQUE NATURAL NATIVO","description":"<div style='font-family:sans-serif;'><h4>ZEE AYACUCHO - ZONA DE PROTECCION POR SER BOSQUE NATURAL NATIVO</h4><table border='1' cellpadding='4' style='border-collapse:collapse;font-size:12px;'><tr><td><b>ZEECODE:</b></td><td>18</td></tr><tr><td><b>ZEE:</b></td><td>Bosques Andinos Relictos</td></tr><tr><td><b>ZEE_ZONAS:</b></td><td>ZONA DE PROTECCION POR SER BOSQUE NATURAL NATIVO</td></tr><tr><td><b>ZEE_GRANDE:</b></td><td>ZONA DE PROTECCION Y CONSERVACION ECOLOGICA</td></tr><tr><td><b>AREA:</b></td><td>136297557.032</td></tr><tr><td><b>PERIMETER:</b></td><td>661978.582</td></tr><tr><td><b>HECTARES:</b></td><td>13629.756</td></tr></table></div>"},"geometry":{"type":"Polygon","coordinates":[[[-73.53114,-15.32868],[-73.529,-15.32931],[-73.52584,-15.32921],[-73.52424,-15.32908],[-73.52166,-15.32954],[-73.51919,-15.32988],[-73.51611,-15.33057],[-73.51491,-15.33093],[-73.51451,-15.33104],[-73.51315,-15.33163],[-73.51125,-15.33205],[-73.51106,-15.33209],[-73.50934,-15.33208],[-73.50822,-15.33267],[-73.50529,-15.33275],[-73.50454,-15.33175],[-73.50379,-15.33201],[-73.50145,-15.33252],[-73.50125,-15.33251],[-73.50093,-15.33249],[-73.50047,-15.33246],[-73.49912,-15.33238],[-73.49823,-15.33137],[-73.49776,-15.33023],[-73.49645,-15.33096],[-73.49569,-15.33155],[-73.49411,-15.33174],[-73.49329,-15.3312],[-73.49467,-15.33001],[-73.49351,-15.32954],[-73.49306,-15.32967],[-73.49089,-15.33032],[-73.49029,-15.33056],[-73.48954,-15.33084],[-73.48934,-15.33092],[-73.48869,-15.33117],[-73.48744,-15.3329],[-73.48728,-15.33371],[-73.48709,-15.33474],[-73.48708,-15.33476],[-73.48845,-15.33617],[-73.48879,-15.33685],[-73.48912,-15.33751],[-73.49084,-15.33765],[-73.49235,-15.33766],[-73.49159,-15.33819],[-73.49179,-15.33952],[-73.49006,-15.34051],[-73.488,-15.34143],[-73.48842,-15.34235],[-73.48861,-15.34277],[-73.48757,-15.34329],[-73.48647,-15.34375],[-73.48537,-15.34428],[-73.4831,-15.34453],[-73.48214,-15.34452],[-73.48165,-15.34525],[-73.4824,-15.34685],[-73.48301,-15.34779],[-73.48213,-15.34856],[-73.48149,-15.34911],[-73.48238,-15.34979],[-73.48219,-15.35076],[-73.48216,-15.35092],[-73.48243,-15.35107],[-73.48358,-15.3517],[-73.48387,-15.35186],[-73.48364,-15.35208],[-73.48358,-15.35214],[-73.48311,-15.35259],[-73.48119,-15.35251],[-73.47927,-15.3523],[-73.47878,-15.35288],[-73.47871,-15.35296],[-73.4761,-15.35294],[-73.47482,-15.35343],[-73.47438,-15.3536],[-73.47494,-15.35391],[-73.47568,-15.35434],[-73.47698,-15.35575],[-73.47716,-15.35677],[-73.47717,-15.35688],[-73.47696,-15.35781],[-73.47552,-15.358],[-73.47422,-15.35763],[-73.4736,-15.35745],[-73.47355,-15.35814],[-73.47352,-15.35845],[-73.47208,-15.35924],[-73.47029,-15.35996],[-73.47165,-15.36084],[-73.47419,-15.36112],[-73.47618,-15.36194],[-73.47694,-15.36231],[-73.47707,-15.36238],[-73.47768,-15.36268],[-73.47603,-15.36367],[-73.47595,-15.3648],[-73.4756,-15.3656],[-73.47539,-15.36634],[-73.47573,-15.36728],[-73.4762,-15.36802],[-73.47675,-15.36849],[-73.47717,-15.36897],[-73.47765,-15.36958],[-73.47776,-15.37003],[-73.47707,-15.37031],[-73.47677,-15.37043],[-73.47612,-15.37003],[-73.47515,-15.36996],[-73.47468,-15.37003],[-73.47432,-15.37009],[-73.47342,-15.37069],[-73.47259,-15.37068],[-73.47141,-15.37054],[-73.4703,-15.3708],[-73.46975,-15.371],[-73.46953,-15.37152],[-73.46939,-15.37187],[-73.4686,-15.37239],[-73.46848,-15.37247],[-73.47,-15.37323],[-73.47186,-15.37409],[-73.4719,-15.37411],[-73.47324,-15.37509],[-73.47449,-15.37619],[-73.47515,-15.37714],[-73.47596,-15.37802],[-73.47672,-15.37885],[-73.47673,-15.37886],[-73.47674,-15.37886],[-73.47774,-15.37941],[-73.47788,-15.3795],[-73.47791,-15.37951],[-73.47811,-15.37962],[-73.47906,-15.37976],[-73.47902,-15.37932],[-73.47901,-15.37923],[-73.47901,-15.37921],[-73.47896,-15.37872],[-73.47938,-15.37818],[-73.47972,-15.37723],[-73.47974,-15.37718],[-73.47971,-15.37714],[-73.47919,-15.37637],[-73.47809,-15.37569],[-73.47685,-15.37508],[-73.47678,-15.37496],[-73.47644,-15.37435],[-73.47636,-15.37419],[-73.47641,-15.3742],[-73.47729,-15.37437],[-73.4768,-15.37341],[-73.47632,-15.3721],[-73.47743,-15.37163],[-73.47854,-15.37163],[-73.47966,-15.37141],[-73.47988,-15.37136],[-73.48026,-15.37129],[-73.48099,-15.37115],[-73.48149,-15.37106],[-73.48223,-15.37082],[-73.48285,-15.37035],[-73.48292,-15.37019],[-73.4831,-15.36975],[-73.48322,-15.3696],[-73.48348,-15.36928],[-73.48447,-15.36833],[-73.48517,-15.36758],[-73.48558,-15.36714],[-73.48592,-15.36702],[-73.48682,-15.36667],[-73.48756,-15.36597],[-73.48793,-15.36561],[-73.48785,-15.36455],[-73.48782,-15.36417],[-73.48755,-15.3632],[-73.48746,-15.36286],[-73.487,-15.36245],[-73.48692,-15.36238],[-73.48636,-15.3619],[-73.4855,-15.36129],[-73.48407,-15.36044],[-73.48366,-15.36021],[-73.48343,-15.35993],[-73.48292,-15.35936],[-73.48299,-15.35918],[-73.48372,-15.358],[-73.48396,-15.3576],[-73.48596,-15.35694],[-73.48713,-15.35641],[-73.48858,-15.35609],[-73.48873,-15.35617],[-73.48928,-15.35644],[-73.49008,-15.35683],[-73.49166,-15.35764],[-73.4933,-15.35812],[-73.49502,-15.35722],[-73.49538,-15.35703],[-73.49544,-15.357],[-73.49715,-15.35755],[-73.49928,-15.35803],[-73.50044,-15.35897],[-73.5016,-15.36004],[-73.50236,-15.36003],[-73.50475,-15.36],[-73.5059,-15.35954],[-73.50737,-15.35895],[-73.5089,-15.35863],[-73.5095,-15.3585],[-73.51184,-15.35791],[-73.51124,-15.35697],[-73.51073,-15.35617],[-73.51072,-15.35617],[-73.51,-15.35603],[-73.50907,-15.35606],[-73.5078,-15.35609],[-73.50645,-15.35671],[-73.50553,-15.35714],[-73.50319,-15.35845],[-73.50113,-15.35737],[-73.5009,-15.3563],[-73.5007,-15.35532],[-73.50054,-15.35457],[-73.49897,-15.35336],[-73.49698,-15.35322],[-73.49511,-15.35427],[-73.49395,-15.35406],[-73.49389,-15.35306],[-73.49294,-15.35239],[-73.49271,-15.35224],[-73.49245,-15.35205],[-73.4906,-15.35211],[-73.48993,-15.35017],[-73.48924,-15.34992],[-73.48824,-15.34956],[-73.48691,-15.34908],[-73.48747,-15.34782],[-73.48759,-15.34786],[-73.48879,-15.34826],[-73.48953,-15.3485],[-73.49111,-15.34818],[-73.49289,-15.34859],[-73.49309,-15.34972],[-73.49563,-15.34981],[-73.49717,-15.34995],[-73.49754,-15.34998],[-73.49803,-15.35002],[-73.50022,-15.35044],[-73.50166,-15.35092],[-73.50413,-15.35127],[-73.50696,-15.35227],[-73.50701,-15.35228],[-73.50961,-15.35127],[-73.50949,-15.35073],[-73.50922,-15.3495],[-73.50874,-15.3491],[-73.50786,-15.34836],[-73.50616,-15.34835],[-73.50518,-15.34834],[-73.50374,-15.3488],[-73.50147,-15.34825],[-73.50141,-15.34712],[-73.49929,-15.34657],[-73.4971,-15.34602],[-73.49685,-15.34586],[-73.49666,-15.34574],[-73.49566,-15.34508],[-73.4957,-15.34498],[-73.49601,-15.34408],[-73.49752,-15.34402],[-73.49876,-15.3439],[-73.50013,-15.34391],[-73.50091,-15.34419],[-73.50109,-15.34425],[-73.50164,-15.34445],[-73.5039,-15.345],[-73.5061,-15.34488],[-73.5074,-15.34576],[-73.50796,-15.34618],[-73.50856,-15.34663],[-73.51089,-15.34638],[-73.51254,-15.34606],[-73.51309,-15.34579],[-73.51482,-15.34494],[-73.51764,-15.34449],[-73.51942,-15.3441],[-73.52251,-15.34486],[-73.52842,-15.34336],[-73.5292,-15.34326],[-73.53219,-15.34286],[-73.53514,-15.34288],[-73.53842,-15.3429],[-73.54081,-15.34292],[-73.54121,-15.34292],[-73.54176,-15.34287],[-73.54482,-15.34262],[-73.54696,-15.34136],[-73.54669,-15.34076],[-73.54632,-15.33993],[-73.54517,-15.33944],[-73.54304,-15.33895],[-73.54278,-15.33803],[-73.54272,-15.33783],[-73.54289,-15.33704],[-73.5431,-15.33695],[-73.54503,-15.3361],[-73.54684,-15.33468],[-73.5462,-15.33324],[-73.54489,-15.33291],[-73.54325,-15.33211],[-73.54304,-15.33205],[-73.54145,-15.33162],[-73.54015,-15.33081],[-73.53982,-15.33001],[-73.53983,-15.3295],[-73.53983,-15.3289],[-73.53885,-15.32794],[-73.53757,-15.32793],[-73.53754,-15.32793],[-73.53524,-15.32791],[-73.53311,-15.32822],[-73.53114,-15.32868]]]}},{"type":"Feature","properties":{"Name":"Zona de proteccion por ser zona de vida extensa, aislada, singular y repesentativa","description":"<div style='font-family:sans-serif;'><h4>ZEE AYACUCHO - Zona de proteccion por ser zona de vida extensa, aislada, singular y repesentativa</h4><table border='1' cellpadding='4' style='border-collapse:collapse;font-size:12px;'><tr><td><b>ZEECODE:</b></td><td>19</td></tr><tr><td><b>ZEE:</b></td><td>Zona de proteccion por ser zona de vida extensa, aislada, singular y repesentativa</td></tr><tr><td><b>ZEE_ZONAS:</b></td><td>ZONA DE PROTECCION POR SER ZONA DE VIDA</td></tr><tr><td><b>ZEE_GRANDE:</b></td><td>ZONA DE PROTECCION Y CONSERVACION ECOLOGICA</td></tr><tr><td><b>AREA:</b></td><td>669401063.509</td></tr><tr><td><b>PERIMETER:</b></td><td>863628.848</td></tr><tr><td><b>HECTARES:</b></td><td>66940.106</td></tr></table></div>"},"geometry":{"type":"Polygon","coordinates":[[[-74.34224,-14.93856],[-74.34226,-14.93857],[-74.34221,-14.93853],[-74.34224,-14.93856]]]}},{"type":"Feature","properties":{"Name":"Zona de proteccion por ser cabecera de cuenca","description":"<div style='font-family:sans-serif;'><h4>ZEE AYACUCHO - Zona de proteccion por ser cabecera de cuenca</h4><table border='1' cellpadding='4' style='border-collapse:collapse;font-size:12px;'><tr><td><b>ZEECODE:</b></td><td>20</td></tr><tr><td><b>ZEE:</b></td><td>Zona de proteccion por ser cabecera de cuenca</td></tr><tr><td><b>ZEE_ZONAS:</b></td><td>ZONA DE PROTECCION POR SER CABECERA DE CUENCA</td></tr><tr><td><b>ZEE_GRANDE:</b></td><td>ZONA DE PROTECCION Y CONSERVACION ECOLOGICA</td></tr><tr><td><b>AREA:</b></td><td>2390968.158</td></tr><tr><td><b>PERIMETER:</b></td><td>41095.87</td></tr><tr><td><b>HECTARES:</b></td><td>239.097</td></tr></table></div>"},"geometry":{"type":"Polygon","coordinates":[[[-73.19606,-15.12031],[-73.19627,-15.1217],[-73.19628,-15.12174],[-73.19629,-15.12235],[-73.19628,-15.12174],[-73.1963,-15.12168],[-73.1963,-15.12167],[-73.19659,-15.1208],[-73.19703,-15.12055],[-73.19703,-15.12055],[-73.19703,-15.12055],[-73.19628,-15.11974],[-73.19616,-15.11971],[-73.19602,-15.1198],[-73.19606,-15.12031]]]}},{"type":"Feature","properties":{"Name":"ZONA DE PROTECCION POR SER BOSQUE NATURAL DE MONTA\u00d1A","description":"<div style='font-family:sans-serif;'><h4>ZEE AYACUCHO - ZONA DE PROTECCION POR SER BOSQUE NATURAL DE MONTA\u00d1A</h4><table border='1' cellpadding='4' style='border-collapse:collapse;font-size:12px;'><tr><td><b>ZEECODE:</b></td><td>21</td></tr><tr><td><b>ZEE:</b></td><td>Bosque de Monta\u00f1as</td></tr><tr><td><b>ZEE_ZONAS:</b></td><td>ZONA DE PROTECCION POR SER BOSQUE NATURAL DE MONTA\u00d1A</td></tr><tr><td><b>ZEE_GRANDE:</b></td><td>ZONA DE PROTECCION Y CONSERVACION ECOLOGICA</td></tr><tr><td><b>AREA:</b></td><td>6708775.752</td></tr><tr><td><b>PERIMETER:</b></td><td>72592.298</td></tr><tr><td><b>HECTARES:</b></td><td>670.878</td></tr></table></div>"},"geometry":{"type":"Polygon","coordinates":[[[-73.72066,-13.06589],[-73.72032,-13.06602],[-73.72001,-13.06583],[-73.71969,-13.06548],[-73.71915,-13.06472],[-73.71843,-13.06338],[-73.71811,-13.06296],[-73.71737,-13.06152],[-73.71687,-13.06103],[-73.71632,-13.0607],[-73.71567,-13.06044],[-73.71442,-13.06015],[-73.71422,-13.06016],[-73.71366,-13.0605],[-73.71341,-13.06054],[-73.71302,-13.06036],[-73.71262,-13.05997],[-73.71213,-13.05988],[-73.71138,-13.06001],[-73.71076,-13.05995],[-73.71061,-13.06],[-73.70997,-13.06061],[-73.70976,-13.06062],[-73.70952,-13.06049],[-73.70941,-13.06044],[-73.70911,-13.06038],[-73.70844,-13.06082],[-73.70751,-13.06122],[-73.70675,-13.06141],[-73.70634,-13.06134],[-73.70591,-13.061],[-73.70548,-13.06078],[-73.70503,-13.06066],[-73.70464,-13.06042],[-73.70461,-13.06037],[-73.70448,-13.06008],[-73.70416,-13.05973],[-73.70375,-13.05978],[-73.70368,-13.05989],[-73.70332,-13.0604],[-73.7028,-13.06104],[-73.70254,-13.06156],[-73.70232,-13.06201],[-73.70235,-13.0631],[-73.70212,-13.06377],[-73.70212,-13.06434],[-73.70205,-13.06502],[-73.70188,-13.06575],[-73.70177,-13.06674],[-73.70176,-13.06689],[-73.70175,-13.06745],[-73.70198,-13.06785],[-73.70262,-13.06791],[-73.70331,-13.0678],[-73.70372,-13.06757],[-73.70389,-13.06735],[-73.70418,-13.06684],[-73.70441,-13.06656],[-73.70505,-13.06622],[-73.70621,-13.06578],[-73.70684,-13.06572],[-73.70765,-13.06561],[-73.70829,-13.06522],[-73.70927,-13.06483],[-73.71003,-13.06444],[-73.71095,-13.0645],[-73.71129,-13.06478],[-73.71129,-13.06546],[-73.71129,-13.06597],[-73.71094,-13.06665],[-73.71053,-13.06704],[-73.70989,-13.06766],[-73.70949,-13.068],[-73.70891,-13.06856],[-73.70862,-13.06901],[-73.70902,-13.06924],[-73.7096,-13.06919],[-73.71023,-13.0688],[-73.71064,-13.06852],[-73.71099,-13.06812],[-73.7114,-13.06744],[-73.71186,-13.06682],[-73.71215,-13.06609],[-73.71256,-13.06541],[-73.71308,-13.06479],[-73.71361,-13.06389],[-73.71436,-13.06355],[-73.71473,-13.06374],[-73.71494,-13.06384],[-73.71528,-13.06441],[-73.71539,-13.06503],[-73.71556,-13.0656],[-73.7159,-13.06639],[-73.71613,-13.06718],[-73.71647,-13.06792],[-73.7167,-13.0686],[-73.7171,-13.06917],[-73.7175,-13.06974],[-73.71825,-13.07042],[-73.71883,-13.07071],[-73.71952,-13.07082],[-73.72033,-13.07083],[-73.72108,-13.07083],[-73.72177,-13.071],[-73.72246,-13.07118],[-73.72316,-13.07154],[-73.7238,-13.07129],[-73.72455,-13.07098],[-73.7252,-13.0709],[-73.72542,-13.07088],[-73.72594,-13.0711],[-73.72611,-13.07161],[-73.7261,-13.07164],[-73.72588,-13.07207],[-73.72507,-13.07235],[-73.72466,-13.07257],[-73.72402,-13.07302],[-73.72344,-13.07341],[-73.72424,-13.07379],[-73.72504,-13.07413],[-73.72591,-13.07414],[-73.72655,-13.07403],[-73.72718,-13.07403],[-73.72776,-13.07409],[-73.72851,-13.07443],[-73.72897,-13.07466],[-73.72972,-13.07478],[-73.73024,-13.07489],[-73.7307,-13.07512],[-73.73136,-13.07519],[-73.73201,-13.0749],[-73.73218,-13.07494],[-73.73257,-13.07503],[-73.73261,-13.07567],[-73.73395,-13.07559],[-73.73487,-13.07522],[-73.73603,-13.07492],[-73.73619,-13.07492],[-73.73703,-13.07493],[-73.73803,-13.07516],[-73.73826,-13.0752],[-73.7388,-13.07531],[-73.73995,-13.07577],[-73.74126,-13.07631],[-73.74187,-13.07661],[-73.74295,-13.07684],[-73.7435,-13.07696],[-73.74402,-13.07708],[-73.7445,-13.0772],[-73.74487,-13.07731],[-73.74579,-13.07769],[-73.74694,-13.07792],[-73.74841,-13.07808],[-73.74877,-13.07808],[-73.7491,-13.07808],[-73.75083,-13.07781],[-73.75095,-13.07779],[-73.75222,-13.07743],[-73.75226,-13.07742],[-73.75315,-13.07663],[-73.75314,-13.0762],[-73.75314,-13.07586],[-73.75297,-13.07556],[-73.75271,-13.07531],[-73.75219,-13.07518],[-73.75141,-13.07505],[-73.75076,-13.075],[-73.75024,-13.075],[-73.75004,-13.07501],[-73.74968,-13.07504],[-73.74869,-13.07491],[-73.74804,-13.07486],[-73.74756,-13.07469],[-73.74678,-13.07456],[-73.74622,-13.07451],[-73.74574,-13.07455],[-73.74507,-13.07455],[-73.74496,-13.07455],[-73.74431,-13.07446],[-73.74341,-13.0742],[-73.74276,-13.07403],[-73.74224,-13.07364],[-73.74197,-13.07337],[-73.74185,-13.07326],[-73.74138,-13.07309],[-73.74112,-13.07303],[-73.74056,-13.07291],[-73.73995,-13.07291],[-73.73913,-13.07295],[-73.73822,-13.0732],[-73.73765,-13.07328],[-73.73713,-13.07328],[-73.7367,-13.07332],[-73.73605,-13.07315],[-73.73571,-13.0728],[-73.73474,-13.07318],[-73.73459,-13.07309],[-73.73365,-13.07255],[-73.73351,-13.07247],[-73.73293,-13.07243],[-73.73023,-13.07224],[-73.72675,-13.06986],[-73.72414,-13.06771],[-73.72218,-13.06534],[-73.72219,-13.06363],[-73.72175,-13.06157],[-73.72155,-13.06063],[-73.72153,-13.06061],[-73.72125,-13.06036],[-73.71959,-13.0589],[-73.71759,-13.05889],[-73.71776,-13.05903],[-73.71832,-13.05929],[-73.71889,-13.05992],[-73.71903,-13.06059],[-73.71909,-13.06088],[-73.71913,-13.06144],[-73.71967,-13.06383],[-73.72013,-13.06469],[-73.72058,-13.06542],[-73.72066,-13.06589]]]}},{"type":"Feature","properties":{"Name":"Zona de protecci\u00f3n por ser Bosque Seco","description":"<div style='font-family:sans-serif;'><h4>ZEE AYACUCHO - Zona de protecci\u00f3n por ser Bosque Seco</h4><table border='1' cellpadding='4' style='border-collapse:collapse;font-size:12px;'><tr><td><b>ZEECODE:</b></td><td>22</td></tr><tr><td><b>ZEE:</b></td><td>Zona de protecci\u00f3n por ser Bosque Seco</td></tr><tr><td><b>ZEE_ZONAS:</b></td><td>ZONA DE PROTECCION POR SER BOSQUE SECO</td></tr><tr><td><b>ZEE_GRANDE:</b></td><td>ZONA DE PROTECCION Y CONSERVACION ECOLOGICA</td></tr><tr><td><b>AREA:</b></td><td>12241338.64</td></tr><tr><td><b>PERIMETER:</b></td><td>71346.082</td></tr><tr><td><b>HECTARES:</b></td><td>1224.134</td></tr></table></div>"},"geometry":{"type":"Polygon","coordinates":[[[-73.3493,-15.25109],[-73.34936,-15.25122],[-73.34947,-15.25115],[-73.3493,-15.25109]]]}},{"type":"Feature","properties":{"Name":"Zona de proteccion con limitaciones de erosion, suelo y clima","description":"<div style='font-family:sans-serif;'><h4>ZEE AYACUCHO - Zona de proteccion con limitaciones de erosion, suelo y clima</h4><table border='1' cellpadding='4' style='border-collapse:collapse;font-size:12px;'><tr><td><b>ZEECODE:</b></td><td>23</td></tr><tr><td><b>ZEE:</b></td><td>Zona de proteccion con limitaciones de erosion, suelo y clima</td></tr><tr><td><b>ZEE_ZONAS:</b></td><td>ZONA DE PROTECCION</td></tr><tr><td><b>ZEE_GRANDE:</b></td><td>ZONA DE PROTECCION Y CONSERVACION ECOLOGICA</td></tr><tr><td><b>AREA:</b></td><td>8578424347.334</td></tr><tr><td><b>PERIMETER:</b></td><td>13386887.963</td></tr><tr><td><b>HECTARES:</b></td><td>857842.435</td></tr></table></div>"},"geometry":{"type":"Polygon","coordinates":[[[-74.04804,-15.57859],[-74.04703,-15.5789],[-74.04591,-15.57877],[-74.04562,-15.57884],[-74.04562,-15.57884],[-74.04527,-15.57882],[-74.04419,-15.57868],[-74.04376,-15.57873],[-74.04347,-15.5788],[-74.04335,-15.5789],[-74.04298,-15.5792],[-74.04248,-15.57962],[-74.0422,-15.57989],[-74.04183,-15.58044],[-74.04089,-15.58219],[-74.04036,-15.58323],[-74.04022,-15.58352],[-74.04016,-15.5838],[-74.04012,-15.58434],[-74.04007,-15.58486],[-74.04009,-15.58529],[-74.04012,-15.58547],[-74.0402,-15.58566],[-74.04029,-15.58596],[-74.04045,-15.58666],[-74.04049,-15.58702],[-74.04056,-15.5874],[-74.0407,-15.58796],[-74.04082,-15.58882],[-74.04088,-15.58935],[-74.04092,-15.58964],[-74.04093,-15.59035],[-74.04094,-15.5911],[-74.04242,-15.59172],[-74.04412,-15.59236],[-74.04507,-15.59264],[-74.04544,-15.5928],[-74.04661,-15.59317],[-74.04684,-15.59345],[-74.047,-15.59364],[-74.04725,-15.59386],[-74.04773,-15.59421],[-74.04833,-15.59489],[-74.04847,-15.59497],[-74.04852,-15.595],[-74.04856,-15.59503],[-74.04875,-15.59506],[-74.04909,-15.59504],[-74.04928,-15.59498],[-74.04938,-15.59494],[-74.04956,-15.59479],[-74.04965,-15.59466],[-74.04968,-15.59498],[-74.04972,-15.59543],[-74.05001,-15.59498],[-74.05019,-15.59471],[-74.0502,-15.5929],[-74.05021,-15.59085],[-74.05059,-15.58868],[-74.05085,-15.58711],[-74.05041,-15.58566],[-74.0505,-15.58553],[-74.05075,-15.58342],[-74.05078,-15.58303],[-74.05099,-15.58265],[-74.05112,-15.5812],[-74.05063,-15.57975],[-74.04852,-15.5789],[-74.04846,-15.57886],[-74.04804,-15.57859]]]}},{"type":"Feature","properties":{"Name":"Zona con vocacion urbano industrial","description":"<div style='font-family:sans-serif;'><h4>ZEE AYACUCHO - Zona con vocacion urbano industrial</h4><table border='1' cellpadding='4' style='border-collapse:collapse;font-size:12px;'><tr><td><b>ZEECODE:</b></td><td>24</td></tr><tr><td><b>ZEE:</b></td><td>Zona con vocacion urbano industrial</td></tr><tr><td><b>ZEE_ZONAS:</b></td><td>ZONA CON VOCACION URBANO INDUSTRIAL</td></tr><tr><td><b>ZEE_GRANDE:</b></td><td>ZONA CON VOCACION URBANO Y/O INDUSTRIAL</td></tr><tr><td><b>AREA:</b></td><td>67301229.541</td></tr><tr><td><b>PERIMETER:</b></td><td>156446.493</td></tr><tr><td><b>HECTARES:</b></td><td>6730.123</td></tr></table></div>"},"geometry":{"type":"Polygon","coordinates":[[[-73.73441,-14.64642],[-73.73338,-14.64656],[-73.73214,-14.64656],[-73.73151,-14.64665],[-73.73071,-14.64693],[-73.72963,-14.64707],[-73.72893,-14.64798],[-73.72873,-14.6496],[-73.72843,-14.65032],[-73.72803,-14.65123],[-73.72783,-14.65248],[-73.72688,-14.65434],[-73.72635,-14.65527],[-73.72638,-14.6553],[-73.72732,-14.6562],[-73.72817,-14.65721],[-73.72828,-14.65706],[-73.72944,-14.65541],[-73.72956,-14.65529],[-73.73029,-14.65456],[-73.73108,-14.65413],[-73.73202,-14.65387],[-73.73316,-14.65376],[-73.73414,-14.65384],[-73.7355,-14.65416],[-73.73669,-14.65461],[-73.73765,-14.65523],[-73.73769,-14.65526],[-73.73844,-14.65604],[-73.73892,-14.65683],[-73.73898,-14.65694],[-73.73939,-14.65804],[-73.73972,-14.65805],[-73.73971,-14.65785],[-73.73934,-14.65555],[-73.73934,-14.65526],[-73.73933,-14.65245],[-73.73932,-14.65015],[-73.73931,-14.64797],[-73.73989,-14.64567],[-73.74012,-14.64326],[-73.74013,-14.643],[-73.73997,-14.6432],[-73.73922,-14.64405],[-73.73856,-14.64477],[-73.73772,-14.64501],[-73.73708,-14.64524],[-73.73618,-14.64596],[-73.73554,-14.64634],[-73.73441,-14.64642]]]}},{"type":"Feature","properties":{"Name":"Zona de recuperaci\u00f3n de tierras apta para produccion forestal de calidad agrologica baja por uso agricola","description":"<div style='font-family:sans-serif;'><h4>ZEE AYACUCHO - Zona de recuperaci\u00f3n de tierras apta para produccion forestal de calidad agrologica baja por uso agricola</h4><table border='1' cellpadding='4' style='border-collapse:collapse;font-size:12px;'><tr><td><b>ZEECODE:</b></td><td>25</td></tr><tr><td><b>ZEE:</b></td><td>Zona de recuperaci\u00f3n de tierras apta para produccion forestal de calidad agrologica baja por uso agricola</td></tr><tr><td><b>ZEE_ZONAS:</b></td><td>ZONA DE RECUPERACION POR SOBRE USO</td></tr><tr><td><b>ZEE_GRANDE:</b></td><td>ZONAS DE RECUPERACION</td></tr><tr><td><b>AREA:</b></td><td>305038658.759</td></tr><tr><td><b>PERIMETER:</b></td><td>1302102.88</td></tr><tr><td><b>HECTARES:</b></td><td>30503.866</td></tr></table></div>"},"geometry":{"type":"Polygon","coordinates":[[[-73.5323,-14.22002],[-73.53162,-14.22008],[-73.53155,-14.22007],[-73.53122,-14.22024],[-73.53061,-14.22037],[-73.53026,-14.2204],[-73.52974,-14.22032],[-73.52971,-14.22032],[-73.52902,-14.22076],[-73.52862,-14.22112],[-73.52857,-14.2215],[-73.52857,-14.22153],[-73.52857,-14.22154],[-73.5286,-14.22186],[-73.52894,-14.22226],[-73.52926,-14.22254],[-73.52936,-14.22275],[-73.52931,-14.22337],[-73.52931,-14.22339],[-73.52928,-14.22374],[-73.5294,-14.22443],[-73.52941,-14.22447],[-73.52937,-14.22485],[-73.52923,-14.22528],[-73.5293,-14.22564],[-73.52935,-14.22587],[-73.52952,-14.2261],[-73.52951,-14.22615],[-73.52926,-14.22661],[-73.5292,-14.22681],[-73.52916,-14.22693],[-73.52915,-14.22729],[-73.52914,-14.22741],[-73.52884,-14.22775],[-73.52818,-14.22792],[-73.52814,-14.22793],[-73.52762,-14.22805],[-73.52746,-14.22808],[-73.52704,-14.22815],[-73.5263,-14.22826],[-73.52574,-14.22826],[-73.5249,-14.22816],[-73.52477,-14.22814],[-73.52467,-14.22815],[-73.52419,-14.22819],[-73.52351,-14.2283],[-73.52336,-14.22833],[-73.5234,-14.22846],[-73.52346,-14.2287],[-73.52347,-14.22872],[-73.52359,-14.22918],[-73.5237,-14.22993],[-73.52362,-14.23062],[-73.52325,-14.23172],[-73.522,-14.23385],[-73.52122,-14.23562],[-73.52122,-14.23562],[-73.52122,-14.23562],[-73.52122,-14.23564],[-73.52111,-14.23643],[-73.52116,-14.23691],[-73.52133,-14.23747],[-73.52132,-14.23759],[-73.5213,-14.23777],[-73.52102,-14.23821],[-73.51988,-14.23945],[-73.51916,-14.24083],[-73.51874,-14.24222],[-73.51875,-14.24264],[-73.51901,-14.2431],[-73.5193,-14.24391],[-73.51942,-14.2446],[-73.51951,-14.2451],[-73.51953,-14.24518],[-73.51953,-14.24519],[-73.51953,-14.24522],[-73.51951,-14.24531],[-73.51951,-14.24531],[-73.51948,-14.24545],[-73.51895,-14.24623],[-73.51895,-14.24623],[-73.51894,-14.24623],[-73.51889,-14.24631],[-73.51883,-14.2469],[-73.51899,-14.24717],[-73.51914,-14.24732],[-73.5192,-14.24738],[-73.51947,-14.24824],[-73.51952,-14.24838],[-73.51962,-14.2485],[-73.52027,-14.24931],[-73.52037,-14.24944],[-73.52112,-14.25013],[-73.52117,-14.25031],[-73.52082,-14.25112],[-73.52001,-14.25212],[-73.51974,-14.25262],[-73.51961,-14.25351],[-73.51956,-14.25363],[-73.51927,-14.25437],[-73.51914,-14.25489],[-73.51912,-14.25521],[-73.5191,-14.25545],[-73.51916,-14.25598],[-73.51922,-14.25612],[-73.51927,-14.25623],[-73.51983,-14.25746],[-73.51982,-14.25794],[-73.51956,-14.25833],[-73.51904,-14.25874],[-73.518,-14.25924],[-73.51789,-14.25932],[-73.51758,-14.25954],[-73.51754,-14.25984],[-73.51763,-14.26034],[-73.51753,-14.26089],[-73.51749,-14.26107],[-73.51783,-14.26186],[-73.51799,-14.26225],[-73.51813,-14.26257],[-73.51814,-14.26322],[-73.51807,-14.2634],[-73.51783,-14.26392],[-73.51765,-14.2641],[-73.51756,-14.26419],[-73.51761,-14.26429],[-73.51883,-14.26413],[-73.51911,-14.26409],[-73.51912,-14.26405],[-73.51922,-14.26361],[-73.5193,-14.26323],[-73.51933,-14.26305],[-73.52042,-14.26076],[-73.52108,-14.25846],[-73.52107,-14.25838],[-73.52087,-14.257],[-73.5211,-14.25491],[-73.5219,-14.25338],[-73.5219,-14.25282],[-73.5225,-14.25155],[-73.52263,-14.25116],[-73.52265,-14.25103],[-73.52257,-14.25067],[-73.52258,-14.24936],[-73.52217,-14.24784],[-73.52229,-14.24562],[-73.52243,-14.24504],[-73.52235,-14.2448],[-73.52223,-14.24444],[-73.52182,-14.24322],[-73.52223,-14.24227],[-73.52265,-14.24131],[-73.52263,-14.24117],[-73.52315,-14.24006],[-73.52341,-14.23941],[-73.52369,-14.2387],[-73.52378,-14.23847],[-73.52379,-14.23717],[-73.52487,-14.2353],[-73.52681,-14.23322],[-73.52742,-14.23322],[-73.52767,-14.23295],[-73.52779,-14.23302],[-73.52797,-14.23193],[-73.52797,-14.23191],[-73.52902,-14.2305],[-73.52975,-14.22959],[-73.53131,-14.2294],[-73.53145,-14.22962],[-73.53194,-14.23037],[-73.53223,-14.23082],[-73.53129,-14.23223],[-73.53076,-14.23425],[-73.53158,-14.23466],[-73.53178,-14.23567],[-73.53209,-14.23688],[-73.53167,-14.23779],[-73.53114,-14.2393],[-73.53123,-14.24041],[-73.53143,-14.24183],[-73.53112,-14.24274],[-73.53111,-14.24395],[-73.53099,-14.24557],[-73.5315,-14.24678],[-73.53129,-14.2486],[-73.53123,-14.249],[-73.53151,-14.25013],[-73.53163,-14.25059],[-73.53166,-14.2506],[-73.53171,-14.25035],[-73.53199,-14.24954],[-73.53229,-14.24869],[-73.53221,-14.2468],[-73.53274,-14.24556],[-73.53312,-14.24441],[-73.53289,-14.24321],[-73.53276,-14.24155],[-73.5329,-14.24069],[-73.53296,-14.2403],[-73.53349,-14.23906],[-73.53403,-14.23829],[-73.53477,-14.23723],[-73.53489,-14.23681],[-73.53516,-14.23585],[-73.53493,-14.23525],[-73.53446,-14.23427],[-73.53423,-14.23344],[-73.53452,-14.23275],[-73.53505,-14.23188],[-73.535,-14.2311],[-73.53572,-14.23046],[-73.5361,-14.22949],[-73.53614,-14.22905],[-73.5362,-14.22834],[-73.53608,-14.22734],[-73.53602,-14.22686],[-73.53622,-14.22627],[-73.53683,-14.22514],[-73.53762,-14.22352],[-73.53762,-14.22352],[-73.53773,-14.22332],[-73.53773,-14.22332],[-73.53842,-14.2221],[-73.53848,-14.222],[-73.53859,-14.22148],[-73.53834,-14.22107],[-73.53777,-14.22096],[-73.53774,-14.22091],[-73.53746,-14.2204],[-73.53686,-14.22047],[-73.53608,-14.22047],[-73.53512,-14.21991],[-73.53394,-14.21939],[-73.53392,-14.21939],[-73.53352,-14.21973],[-73.53249,-14.22001],[-73.5323,-14.22002]]]}},{"type":"Feature","properties":{"Name":"Zona de recuperacion de tierras aptas para pastos de calidad agrologica baja por uso agricola","description":"<div style='font-family:sans-serif;'><h4>ZEE AYACUCHO - Zona de recuperacion de tierras aptas para pastos de calidad agrologica baja por uso agricola</h4><table border='1' cellpadding='4' style='border-collapse:collapse;font-size:12px;'><tr><td><b>ZEECODE:</b></td><td>26</td></tr><tr><td><b>ZEE:</b></td><td>Zona de recuperacion de tierras aptas para pastos de calidad agrologica baja por uso agricola</td></tr><tr><td><b>ZEE_ZONAS:</b></td><td>ZONA DE RECUPERACION POR SOBRE USO</td></tr><tr><td><b>ZEE_GRANDE:</b></td><td>ZONAS DE RECUPERACION</td></tr><tr><td><b>AREA:</b></td><td>486698776.957</td></tr><tr><td><b>PERIMETER:</b></td><td>1695222.14</td></tr><tr><td><b>HECTARES:</b></td><td>48669.878</td></tr></table></div>"},"geometry":{"type":"Polygon","coordinates":[[[-73.33667,-15.38885],[-73.33666,-15.38946],[-73.33758,-15.38888],[-73.33873,-15.38817],[-73.33874,-15.3876],[-73.33838,-15.38746],[-73.33782,-15.38755],[-73.33712,-15.38813],[-73.33667,-15.38885]]]}},{"type":"Feature","properties":{"Name":"Zona de recuperacion de tierras aptas para pastos de calidad agrologica media por uso agricola","description":"<div style='font-family:sans-serif;'><h4>ZEE AYACUCHO - Zona de recuperacion de tierras aptas para pastos de calidad agrologica media por uso agricola</h4><table border='1' cellpadding='4' style='border-collapse:collapse;font-size:12px;'><tr><td><b>ZEECODE:</b></td><td>27</td></tr><tr><td><b>ZEE:</b></td><td>Zona de recuperacion de tierras aptas para pastos de calidad agrologica media por uso agricola</td></tr><tr><td><b>ZEE_ZONAS:</b></td><td>ZONA DE RECUPERACION POR SOBRE USO</td></tr><tr><td><b>ZEE_GRANDE:</b></td><td>ZONAS DE RECUPERACION</td></tr><tr><td><b>AREA:</b></td><td>329769528.169</td></tr><tr><td><b>PERIMETER:</b></td><td>1395290.658</td></tr><tr><td><b>HECTARES:</b></td><td>32976.953</td></tr></table></div>"},"geometry":{"type":"Polygon","coordinates":[[[-73.9624,-15.39267],[-73.96243,-15.39273],[-73.96266,-15.39262],[-73.96285,-15.39155],[-73.96286,-15.39083],[-73.96286,-15.39011],[-73.96194,-15.38957],[-73.96157,-15.38975],[-73.96119,-15.39029],[-73.96063,-15.39136],[-73.96063,-15.39169],[-73.96097,-15.39169],[-73.96154,-15.3919],[-73.96195,-15.3922],[-73.9624,-15.39267]]]}},{"type":"Feature","properties":{"Name":"Zona de recuperacion de tierras de proteccion por uso agricola","description":"<div style='font-family:sans-serif;'><h4>ZEE AYACUCHO - Zona de recuperacion de tierras de proteccion por uso agricola</h4><table border='1' cellpadding='4' style='border-collapse:collapse;font-size:12px;'><tr><td><b>ZEECODE:</b></td><td>28</td></tr><tr><td><b>ZEE:</b></td><td>Zona de recuperacion de tierras de proteccion por uso agricola</td></tr><tr><td><b>ZEE_ZONAS:</b></td><td>ZONA DE RECUPERACION POR SOBRE USO</td></tr><tr><td><b>ZEE_GRANDE:</b></td><td>ZONAS DE RECUPERACION</td></tr><tr><td><b>AREA:</b></td><td>1109297536.491</td></tr><tr><td><b>PERIMETER:</b></td><td>4777841.373</td></tr><tr><td><b>HECTARES:</b></td><td>110929.754</td></tr></table></div>"},"geometry":{"type":"Polygon","coordinates":[[[-73.94402,-15.45909],[-73.9431,-15.45926],[-73.9423,-15.45916],[-73.94162,-15.45907],[-73.94129,-15.45907],[-73.94097,-15.45885],[-73.9403,-15.45864],[-73.93958,-15.45835],[-73.93904,-15.45821],[-73.93854,-15.458],[-73.9382,-15.45786],[-73.93805,-15.45816],[-73.93788,-15.4585],[-73.93757,-15.45888],[-73.93704,-15.45951],[-73.93606,-15.45994],[-73.93514,-15.45958],[-73.93459,-15.4594],[-73.93415,-15.45895],[-73.93412,-15.45886],[-73.93394,-15.45832],[-73.93391,-15.45821],[-73.93325,-15.45769],[-73.93224,-15.45786],[-73.93165,-15.45798],[-73.93089,-15.45814],[-73.93054,-15.45821],[-73.93037,-15.45836],[-73.93032,-15.45884],[-73.93021,-15.46007],[-73.93031,-15.46096],[-73.93091,-15.46166],[-73.9318,-15.46154],[-73.93254,-15.4619],[-73.93383,-15.46222],[-73.93386,-15.46223],[-73.93378,-15.46255],[-73.93436,-15.46346],[-73.93474,-15.46381],[-73.93477,-15.46384],[-73.93571,-15.46404],[-73.93661,-15.46361],[-73.93719,-15.46307],[-73.93717,-15.46263],[-73.93883,-15.46193],[-73.93946,-15.46133],[-73.93976,-15.46104],[-73.94069,-15.46033],[-73.94138,-15.46033],[-73.94133,-15.46129],[-73.94056,-15.46224],[-73.93945,-15.46297],[-73.9391,-15.46319],[-73.93874,-15.46375],[-73.93921,-15.46421],[-73.93944,-15.46425],[-73.94043,-15.46444],[-73.94305,-15.46282],[-73.94433,-15.46196],[-73.94447,-15.46187],[-73.94601,-15.46075],[-73.94609,-15.46048],[-73.94623,-15.46053],[-73.94734,-15.46054],[-73.94827,-15.45964],[-73.94917,-15.45918],[-73.94966,-15.45842],[-73.9503,-15.45736],[-73.95048,-15.4573],[-73.95123,-15.45676],[-73.95206,-15.45631],[-73.95314,-15.45604],[-73.95455,-15.45577],[-73.95535,-15.45542],[-73.95567,-15.45498],[-73.9556,-15.45393],[-73.95445,-15.45395],[-73.95281,-15.45486],[-73.95138,-15.45577],[-73.9496,-15.45643],[-73.94822,-15.45687],[-73.94674,-15.45734],[-73.94569,-15.4578],[-73.94498,-15.45844],[-73.94484,-15.45901],[-73.94402,-15.45909]]]}},{"type":"Feature","properties":{"Name":"Zona de recuperacion de tierras de proteccion por uso pecuario","description":"<div style='font-family:sans-serif;'><h4>ZEE AYACUCHO - Zona de recuperacion de tierras de proteccion por uso pecuario</h4><table border='1' cellpadding='4' style='border-collapse:collapse;font-size:12px;'><tr><td><b>ZEECODE:</b></td><td>29</td></tr><tr><td><b>ZEE:</b></td><td>Zona de recuperacion de tierras de proteccion por uso pecuario</td></tr><tr><td><b>ZEE_ZONAS:</b></td><td>ZONA DE RECUPERACION POR SOBRE USO</td></tr><tr><td><b>ZEE_GRANDE:</b></td><td>ZONAS DE RECUPERACION</td></tr><tr><td><b>AREA:</b></td><td>4526221166.018</td></tr><tr><td><b>PERIMETER:</b></td><td>8977871.803</td></tr><tr><td><b>HECTARES:</b></td><td>452622.117</td></tr></table></div>"},"geometry":{"type":"Polygon","coordinates":[[[-73.45731,-15.34983],[-73.45646,-15.35021],[-73.45626,-15.3502],[-73.45691,-15.35053],[-73.45798,-15.35178],[-73.45851,-15.3521],[-73.45852,-15.35137],[-73.4581,-15.35043],[-73.45767,-15.3497],[-73.45767,-15.34949],[-73.45731,-15.34983]]]}},{"type":"Feature","properties":{"Name":"Zona de recuperacion de tierras aptas para produccion forestal de calidad agrologica baja por uso pecuario","description":"<div style='font-family:sans-serif;'><h4>ZEE AYACUCHO - Zona de recuperacion de tierras aptas para produccion forestal de calidad agrologica baja por uso pecuario</h4><table border='1' cellpadding='4' style='border-collapse:collapse;font-size:12px;'><tr><td><b>ZEECODE:</b></td><td>30</td></tr><tr><td><b>ZEE:</b></td><td>Zona de recuperacion de tierras aptas para produccion forestal de calidad agrologica baja por uso pecuario</td></tr><tr><td><b>ZEE_ZONAS:</b></td><td>ZONA DE RECUPERACION POR SOBRE USO</td></tr><tr><td><b>ZEE_GRANDE:</b></td><td>ZONAS DE RECUPERACION</td></tr><tr><td><b>AREA:</b></td><td>26696455.781</td></tr><tr><td><b>PERIMETER:</b></td><td>108178.028</td></tr><tr><td><b>HECTARES:</b></td><td>2669.646</td></tr></table></div>"},"geometry":{"type":"Polygon","coordinates":[[[-73.51282,-14.271],[-73.51255,-14.27142],[-73.51244,-14.27126],[-73.51244,-14.27126],[-73.51244,-14.27127],[-73.51266,-14.27224],[-73.51287,-14.27277],[-73.51369,-14.27415],[-73.51397,-14.27497],[-73.51395,-14.27654],[-73.5138,-14.27792],[-73.51374,-14.27986],[-73.51354,-14.28186],[-73.51356,-14.28242],[-73.51373,-14.28349],[-73.51398,-14.2842],[-73.51445,-14.28598],[-73.51464,-14.28763],[-73.51484,-14.28802],[-73.51517,-14.28839],[-73.51526,-14.28868],[-73.51546,-14.29011],[-73.51532,-14.29129],[-73.51532,-14.29177],[-73.51557,-14.29278],[-73.51575,-14.29353],[-73.51586,-14.29431],[-73.5157,-14.29581],[-73.51534,-14.29731],[-73.51526,-14.2981],[-73.51695,-14.29697],[-73.51756,-14.29223],[-73.51624,-14.28654],[-73.51624,-14.28652],[-73.51594,-14.28589],[-73.51587,-14.28419],[-73.5158,-14.28344],[-73.51568,-14.28261],[-73.51543,-14.28181],[-73.51541,-14.28168],[-73.51521,-14.28055],[-73.51507,-14.27884],[-73.51504,-14.27817],[-73.51494,-14.27743],[-73.51457,-14.27363],[-73.51462,-14.27317],[-73.51403,-14.27295],[-73.51362,-14.27184],[-73.51376,-14.27043],[-73.51337,-14.27081],[-73.51282,-14.271]]]}},{"type":"Feature","properties":{"Name":"Zonas aptas para cultivo en limpio de calidad agrologica media limitado por clima","description":"<div style='font-family:sans-serif;'><h4>ZEE AYACUCHO - Zonas aptas para cultivo en limpio de calidad agrologica media limitado por clima</h4><table border='1' cellpadding='4' style='border-collapse:collapse;font-size:12px;'><tr><td><b>ZEECODE:</b></td><td>31</td></tr><tr><td><b>ZEE:</b></td><td>Zonas aptas para cultivo en limpio de calidad agrologica media limitado por clima</td></tr><tr><td><b>ZEE_ZONAS:</b></td><td>ZONA PARA CULTIVO EN LIMPIO</td></tr><tr><td><b>ZEE_GRANDE:</b></td><td>ZONAS PRODUCTIVAS</td></tr><tr><td><b>AREA:</b></td><td>645460798.384</td></tr><tr><td><b>PERIMETER:</b></td><td>1159978.636</td></tr><tr><td><b>HECTARES:</b></td><td>64546.08</td></tr></table></div>"},"geometry":{"type":"Polygon","coordinates":[[[-73.97824,-15.43651],[-73.97797,-15.43702],[-73.97718,-15.4365],[-73.97593,-15.43522],[-73.97423,-15.43361],[-73.97337,-15.4329],[-73.97258,-15.43284],[-73.97152,-15.4336],[-73.97152,-15.43373],[-73.97152,-15.43443],[-73.97224,-15.43526],[-73.97336,-15.43629],[-73.97356,-15.43648],[-73.9739,-15.43681],[-73.97474,-15.43759],[-73.97506,-15.4379],[-73.97586,-15.43862],[-73.97677,-15.43944],[-73.97769,-15.44092],[-73.97847,-15.44271],[-73.97866,-15.44489],[-73.97852,-15.44655],[-73.97831,-15.44898],[-73.97817,-15.45064],[-73.97803,-15.4523],[-73.97802,-15.45403],[-73.97827,-15.45537],[-73.97919,-15.45717],[-73.97947,-15.45779],[-73.9801,-15.45916],[-73.98095,-15.46082],[-73.98278,-15.46377],[-73.9841,-15.46531],[-73.9851,-15.46652],[-73.9852,-15.46664],[-73.98554,-15.46705],[-73.98672,-15.46884],[-73.98756,-15.47064],[-73.98761,-15.47097],[-73.98775,-15.47211],[-73.98775,-15.47345],[-73.98728,-15.47447],[-73.98708,-15.47562],[-73.98714,-15.47684],[-73.98785,-15.4787],[-73.98858,-15.47979],[-73.9887,-15.48094],[-73.98876,-15.48267],[-73.98882,-15.48427],[-73.98881,-15.48542],[-73.98907,-15.48676],[-73.98959,-15.4876],[-73.98998,-15.48868],[-73.98998,-15.49003],[-73.99017,-15.49163],[-73.99057,-15.4925],[-73.99082,-15.49304],[-73.99098,-15.49347],[-73.99134,-15.49445],[-73.99158,-15.49476],[-73.99239,-15.49579],[-73.9941,-15.49702],[-73.99508,-15.49766],[-73.99607,-15.49792],[-73.99752,-15.49806],[-73.99884,-15.49793],[-74.00056,-15.49807],[-74.00211,-15.49852],[-74.002,-15.49841],[-74.00153,-15.4979],[-74.00119,-15.49763],[-74.00081,-15.49747],[-74.00064,-15.49738],[-74.00057,-15.49727],[-74.00054,-15.49713],[-74.00054,-15.49693],[-74.00055,-15.4967],[-74.00066,-15.49651],[-74.00073,-15.49642],[-74.00111,-15.49624],[-74.00138,-15.49613],[-74.00154,-15.49611],[-74.00191,-15.49611],[-74.00242,-15.4962],[-74.00304,-15.49641],[-74.00353,-15.49667],[-74.00464,-15.49737],[-74.00529,-15.49777],[-74.0059,-15.49816],[-74.00626,-15.49827],[-74.00629,-15.49829],[-74.0066,-15.49847],[-74.00723,-15.49901],[-74.00755,-15.49933],[-74.00774,-15.49961],[-74.0079,-15.49989],[-74.00791,-15.49992],[-74.00804,-15.50015],[-74.00814,-15.50034],[-74.00827,-15.50073],[-74.00876,-15.50208],[-74.0091,-15.50294],[-74.0093,-15.50329],[-74.00944,-15.50339],[-74.00958,-15.50341],[-74.00976,-15.50341],[-74.01016,-15.50332],[-74.01053,-15.50331],[-74.01087,-15.50336],[-74.01112,-15.50348],[-74.01137,-15.50366],[-74.01191,-15.50414],[-74.01233,-15.5047],[-74.01265,-15.50541],[-74.01301,-15.50642],[-74.01315,-15.50677],[-74.01319,-15.50686],[-74.01374,-15.5078],[-74.01409,-15.50846],[-74.01413,-15.5085],[-74.0143,-15.5087],[-74.01449,-15.50884],[-74.01506,-15.5092],[-74.01601,-15.50992],[-74.0161,-15.51],[-74.01645,-15.51034],[-74.01647,-15.51035],[-74.01664,-15.51052],[-74.01694,-15.51114],[-74.01745,-15.51229],[-74.0175,-15.51241],[-74.01774,-15.51304],[-74.01807,-15.51396],[-74.01837,-15.51452],[-74.01862,-15.51512],[-74.01866,-15.5152],[-74.01883,-15.51548],[-74.01926,-15.51583],[-74.01945,-15.51597],[-74.01956,-15.51605],[-74.01975,-15.51612],[-74.02022,-15.5162],[-74.02053,-15.51632],[-74.02047,-15.51533],[-74.02046,-15.51497],[-74.01941,-15.5137],[-74.0185,-15.51222],[-74.01692,-15.51017],[-74.01556,-15.50801],[-74.01522,-15.50747],[-74.01391,-15.506],[-74.01286,-15.50465],[-74.01214,-15.50337],[-74.01122,-15.50196],[-74.00997,-15.50051],[-74.00978,-15.50029],[-74.00873,-15.4983],[-74.00788,-15.49682],[-74.00631,-15.49535],[-74.00473,-15.49476],[-74.00471,-15.49476],[-74.00341,-15.4945],[-74.00196,-15.49456],[-74.00018,-15.49487],[-73.99813,-15.49531],[-73.99681,-15.49511],[-73.99576,-15.4944],[-73.99575,-15.49439],[-73.99504,-15.49325],[-73.99485,-15.49178],[-73.99479,-15.48999],[-73.9948,-15.48845],[-73.99421,-15.48711],[-73.99316,-15.48608],[-73.9923,-15.48529],[-73.99211,-15.48511],[-73.99153,-15.48319],[-73.9918,-15.48166],[-73.992,-15.48044],[-73.99204,-15.48],[-73.99214,-15.47865],[-73.99195,-15.47667],[-73.99189,-15.4752],[-73.99177,-15.47379],[-73.99198,-15.47181],[-73.99192,-15.47053],[-73.9918,-15.47],[-73.99172,-15.46963],[-73.99126,-15.46886],[-73.99087,-15.46822],[-73.99033,-15.46751],[-73.98988,-15.46693],[-73.98969,-15.46668],[-73.98852,-15.46489],[-73.98836,-15.46465],[-73.98753,-15.46341],[-73.98695,-15.46232],[-73.98557,-15.45995],[-73.98526,-15.45956],[-73.984,-15.45802],[-73.98269,-15.45623],[-73.98164,-15.45437],[-73.98126,-15.45257],[-73.981,-15.45008],[-73.98102,-15.44758],[-73.9811,-15.44375],[-73.98105,-15.44061],[-73.98093,-15.43844],[-73.98048,-15.43626],[-73.98066,-15.43506],[-73.98068,-15.43492],[-73.98128,-15.43409],[-73.98214,-15.43326],[-73.98313,-15.43237],[-73.98393,-15.43122],[-73.98394,-15.43039],[-73.98354,-15.42982],[-73.98269,-15.42975],[-73.9817,-15.42968],[-73.98124,-15.42949],[-73.98058,-15.42897],[-73.97966,-15.42877],[-73.979,-15.42871],[-73.97847,-15.42903],[-73.97787,-15.43005],[-73.9776,-15.43152],[-73.97766,-15.43299],[-73.97783,-15.43441],[-73.97785,-15.43459],[-73.97824,-15.43555],[-73.97824,-15.4362],[-73.97824,-15.43651]]]}},{"type":"Feature","properties":{"Name":"Zonas aptas para cultivo en limpio de calidad agrologica media limitado por suelo y clima, asociadas a proteccion con limitaciones por erosion y suelo","description":"<div style='font-family:sans-serif;'><h4>ZEE AYACUCHO - Zonas aptas para cultivo en limpio de calidad agrologica media limitado por suelo y clima, asociadas a proteccion con limitaciones por erosion y suelo</h4><table border='1' cellpadding='4' style='border-collapse:collapse;font-size:12px;'><tr><td><b>ZEECODE:</b></td><td>32</td></tr><tr><td><b>ZEE:</b></td><td>Zonas aptas para cultivo en limpio de calidad agrologica media limitado por suelo y clima, asociadas a proteccion con limitaciones por erosion y suelo</td></tr><tr><td><b>ZEE_ZONAS:</b></td><td>ZONA PARA CULTIVO EN LIMPIO</td></tr><tr><td><b>ZEE_GRANDE:</b></td><td>ZONAS PRODUCTIVAS</td></tr><tr><td><b>AREA:</b></td><td>1105093168.524</td></tr><tr><td><b>PERIMETER:</b></td><td>1390386.833</td></tr><tr><td><b>HECTARES:</b></td><td>110509.317</td></tr></table></div>"},"geometry":{"type":"Polygon","coordinates":[[[-74.24481,-15.0607],[-74.24372,-15.06092],[-74.2425,-15.06084],[-74.24246,-15.06084],[-74.24179,-15.06084],[-74.24104,-15.0612],[-74.24015,-15.06177],[-74.23947,-15.06307],[-74.23896,-15.06403],[-74.2382,-15.06546],[-74.23685,-15.0677],[-74.2355,-15.07059],[-74.23497,-15.0721],[-74.23488,-15.07276],[-74.23474,-15.07384],[-74.23429,-15.07485],[-74.23339,-15.07615],[-74.23212,-15.07738],[-74.23167,-15.07824],[-74.2313,-15.07918],[-74.23129,-15.08056],[-74.23203,-15.08331],[-74.23284,-15.08476],[-74.23332,-15.0852],[-74.2341,-15.08592],[-74.23514,-15.08687],[-74.23663,-15.08709],[-74.23748,-15.08709],[-74.2376,-15.08709],[-74.23879,-15.08652],[-74.23999,-15.08558],[-74.24007,-15.0845],[-74.24014,-15.08334],[-74.24009,-15.08266],[-74.24,-15.08146],[-74.24001,-15.08023],[-74.24003,-15.07994],[-74.24009,-15.07907],[-74.24016,-15.0782],[-74.24069,-15.07741],[-74.24114,-15.07697],[-74.24158,-15.0769],[-74.24218,-15.07712],[-74.24284,-15.07814],[-74.24288,-15.0782],[-74.24336,-15.07908],[-74.24448,-15.07966],[-74.2444,-15.07977],[-74.24576,-15.08058],[-74.24826,-15.08181],[-74.25045,-15.08315],[-74.25047,-15.08316],[-74.25157,-15.0836],[-74.25257,-15.0838],[-74.25537,-15.08409],[-74.25574,-15.08404],[-74.25609,-15.08398],[-74.25615,-15.08396],[-74.25663,-15.08378],[-74.25721,-15.08341],[-74.25762,-15.083],[-74.25889,-15.08112],[-74.25952,-15.08038],[-74.2601,-15.07999],[-74.2609,-15.07981],[-74.26126,-15.07986],[-74.26174,-15.08007],[-74.26221,-15.08048],[-74.26286,-15.08106],[-74.26344,-15.0814],[-74.2658,-15.08222],[-74.26765,-15.08327],[-74.2686,-15.08363],[-74.26937,-15.08376],[-74.27035,-15.08379],[-74.27373,-15.08351],[-74.27505,-15.0835],[-74.27764,-15.08388],[-74.27914,-15.08433],[-74.28111,-15.08529],[-74.28244,-15.08624],[-74.28406,-15.08785],[-74.28552,-15.08966],[-74.28558,-15.08974],[-74.28714,-15.09167],[-74.28788,-15.09218],[-74.28915,-15.09265],[-74.28977,-15.09298],[-74.29019,-15.09336],[-74.2906,-15.09372],[-74.29105,-15.09442],[-74.29127,-15.09503],[-74.29137,-15.09558],[-74.29123,-15.09663],[-74.2907,-15.09796],[-74.29031,-15.09868],[-74.29014,-15.09898],[-74.28935,-15.10044],[-74.28888,-15.10185],[-74.28884,-15.10286],[-74.28899,-15.10331],[-74.28919,-15.10356],[-74.2893,-15.10371],[-74.28981,-15.10396],[-74.29056,-15.10391],[-74.29139,-15.10358],[-74.29223,-15.10325],[-74.29472,-15.10249],[-74.29485,-15.10243],[-74.29485,-15.10243],[-74.29577,-15.102],[-74.29764,-15.10093],[-74.29858,-15.10063],[-74.29918,-15.1006],[-74.29995,-15.10081],[-74.30049,-15.10118],[-74.30097,-15.10175],[-74.30136,-15.10265],[-74.3015,-15.10352],[-74.30144,-15.10415],[-74.30112,-15.10497],[-74.30061,-15.10556],[-74.30055,-15.10563],[-74.29841,-15.10714],[-74.29773,-15.10774],[-74.29747,-15.10796],[-74.2964,-15.10928],[-74.29578,-15.11053],[-74.29564,-15.1114],[-74.29569,-15.11191],[-74.29583,-15.11235],[-74.29612,-15.11285],[-74.29758,-15.11474],[-74.29783,-15.11527],[-74.29792,-15.11546],[-74.29806,-15.11619],[-74.29794,-15.11703],[-74.2974,-15.1181],[-74.29666,-15.11893],[-74.29626,-15.11921],[-74.29581,-15.1194],[-74.29544,-15.11945],[-74.29517,-15.11948],[-74.29433,-15.11934],[-74.29364,-15.11903],[-74.29329,-15.11888],[-74.29269,-15.11846],[-74.29259,-15.11839],[-74.29175,-15.11739],[-74.29057,-15.11525],[-74.28978,-15.11408],[-74.28908,-15.11331],[-74.28815,-15.11266],[-74.28737,-15.11234],[-74.28545,-15.11182],[-74.28519,-15.11165],[-74.28226,-15.10977],[-74.28088,-15.10917],[-74.27957,-15.10868],[-74.27836,-15.10822],[-74.27732,-15.10794],[-74.27647,-15.10787],[-74.27592,-15.108],[-74.2754,-15.10837],[-74.27518,-15.10875],[-74.27511,-15.10904],[-74.27509,-15.10915],[-74.27525,-15.11174],[-74.27516,-15.11244],[-74.27492,-15.11326],[-74.27459,-15.11393],[-74.27429,-15.11434],[-74.2734,-15.11505],[-74.2725,-15.11576],[-74.27191,-15.11646],[-74.27181,-15.1167],[-74.2716,-15.1172],[-74.27154,-15.11849],[-74.27167,-15.11921],[-74.27198,-15.12006],[-74.27258,-15.12122],[-74.27278,-15.12154],[-74.27334,-15.12242],[-74.27426,-15.12337],[-74.27614,-15.12479],[-74.27629,-15.12489],[-74.27693,-15.12566],[-74.27697,-15.12575],[-74.27713,-15.12612],[-74.27723,-15.12668],[-74.27712,-15.12769],[-74.27797,-15.12839],[-74.27958,-15.13016],[-74.27948,-15.13027],[-74.28094,-15.13128],[-74.28168,-15.13164],[-74.28237,-15.13186],[-74.28383,-15.13206],[-74.28787,-15.13213],[-74.29049,-15.13243],[-74.29194,-15.1328],[-74.29463,-15.13394],[-74.29547,-15.13417],[-74.29613,-15.13414],[-74.29688,-15.13384],[-74.29756,-15.13334],[-74.29872,-15.1323],[-74.29937,-15.13172],[-74.30003,-15.13133],[-74.30075,-15.13111],[-74.3018,-15.1311],[-74.30254,-15.13132],[-74.30265,-15.13135],[-74.30332,-15.13186],[-74.30356,-15.1322],[-74.3036,-15.13229],[-74.30375,-15.13266],[-74.3038,-15.13323],[-74.30358,-15.13388],[-74.30317,-15.13442],[-74.30175,-15.13586],[-74.3014,-15.13646],[-74.30082,-15.13786],[-74.30039,-15.13849],[-74.30004,-15.13877],[-74.29953,-15.13901],[-74.29755,-15.13941],[-74.29699,-15.13974],[-74.29655,-15.1402],[-74.29622,-15.14076],[-74.29602,-15.14128],[-74.29538,-15.14397],[-74.29497,-15.14512],[-74.29466,-15.1457],[-74.29426,-15.1462],[-74.29346,-15.14678],[-74.29274,-15.147],[-74.29254,-15.14706],[-74.29168,-15.14714],[-74.28991,-15.14712],[-74.28875,-15.14699],[-74.28776,-15.14672],[-74.28666,-15.14622],[-74.28424,-15.14452],[-74.28309,-15.14392],[-74.28245,-15.14381],[-74.28199,-15.14385],[-74.28148,-15.14407],[-74.28108,-15.14444],[-74.28074,-15.14504],[-74.28055,-15.14589],[-74.28055,-15.14618],[-74.28056,-15.14695],[-74.28081,-15.14806],[-74.2811,-15.14877],[-74.28192,-15.15026],[-74.28223,-15.15096],[-74.28272,-15.15357],[-74.28292,-15.15414],[-74.28318,-15.15454],[-74.28351,-15.15487],[-74.28391,-15.15512],[-74.28441,-15.15531],[-74.28512,-15.15543],[-74.28569,-15.15542],[-74.2864,-15.15527],[-74.28693,-15.15504],[-74.28766,-15.15446],[-74.28877,-15.15286],[-74.2894,-15.15219],[-74.29011,-15.15173],[-74.29097,-15.1514],[-74.29187,-15.15126],[-74.29302,-15.15126],[-74.29675,-15.15183],[-74.29797,-15.15189],[-74.29866,-15.15187],[-74.29919,-15.15186],[-74.30027,-15.1517],[-74.30389,-15.15083],[-74.30509,-15.15045],[-74.30605,-15.15001],[-74.30745,-15.14918],[-74.30859,-15.14833],[-74.30931,-15.14752],[-74.30982,-15.14662],[-74.31016,-15.14565],[-74.31023,-15.14479],[-74.31007,-15.14392],[-74.30955,-15.14261],[-74.30944,-15.14235],[-74.30941,-15.14174],[-74.30951,-15.14137],[-74.3098,-15.14084],[-74.31078,-15.13985],[-74.31198,-15.13907],[-74.31318,-15.13855],[-74.31456,-15.13818],[-74.31479,-15.13814],[-74.31519,-15.13807],[-74.31734,-15.13769],[-74.31821,-15.13739],[-74.31906,-15.13696],[-74.32029,-15.13599],[-74.32258,-15.13358],[-74.32358,-15.13264],[-74.32465,-15.13179],[-74.32573,-15.13115],[-74.32681,-15.13074],[-74.32885,-15.13023],[-74.33059,-15.12984],[-74.33192,-15.12967],[-74.33281,-15.12969],[-74.33374,-15.12993],[-74.33445,-15.13038],[-74.33485,-15.13087],[-74.33489,-15.131],[-74.33505,-15.13147],[-74.335,-15.13219],[-74.33473,-15.13297],[-74.33429,-15.13369],[-74.33333,-15.1346],[-74.33217,-15.13527],[-74.3313,-15.1356],[-74.33108,-15.13568],[-74.32689,-15.13701],[-74.32414,-15.13818],[-74.32344,-15.13871],[-74.32319,-15.13902],[-74.32309,-15.13914],[-74.32282,-15.13981],[-74.32276,-15.14045],[-74.32274,-15.14067],[-74.32286,-15.14137],[-74.32309,-15.14209],[-74.3239,-15.14376],[-74.32466,-15.14472],[-74.3255,-15.14529],[-74.32717,-15.1459],[-74.32757,-15.14598],[-74.32884,-15.14622],[-74.33015,-15.14625],[-74.33133,-15.14627],[-74.33291,-15.14672],[-74.33319,-15.1468],[-74.33341,-15.147],[-74.33399,-15.14661],[-74.33453,-15.14667],[-74.33531,-15.14685],[-74.33591,-15.14743],[-74.33597,-15.14796],[-74.33661,-15.14942],[-74.337,-15.14966],[-74.33743,-15.14981],[-74.33832,-15.14979],[-74.33901,-15.14956],[-74.34026,-15.14893],[-74.34237,-15.1476],[-74.34435,-15.14594],[-74.34628,-15.14405],[-74.34751,-15.14283],[-74.34849,-15.14204],[-74.34931,-15.14167],[-74.35014,-15.14158],[-74.35056,-15.14165],[-74.35085,-15.1417],[-74.3516,-15.14209],[-74.352,-15.14254],[-74.3522,-15.143],[-74.35227,-15.14356],[-74.3522,-15.14419],[-74.35129,-15.14733],[-74.35142,-15.14735],[-74.3513,-15.14787],[-74.35136,-15.14863],[-74.35196,-15.14916],[-74.35292,-15.1494],[-74.35425,-15.14946],[-74.35539,-15.14929],[-74.35576,-15.149],[-74.3563,-15.14859],[-74.35696,-15.14789],[-74.35805,-15.14748],[-74.35919,-15.14754],[-74.35997,-15.14802],[-74.36081,-15.14889],[-74.36159,-15.14983],[-74.36243,-15.1503],[-74.36388,-15.15042],[-74.3652,-15.15025],[-74.36611,-15.14996],[-74.36665,-15.1492],[-74.36744,-15.14809],[-74.36846,-15.14728],[-74.36916,-15.14706],[-74.36937,-15.14699],[-74.37039,-15.14699],[-74.3719,-15.147],[-74.37298,-15.14717],[-74.37485,-15.14741],[-74.37577,-15.14757],[-74.37629,-15.14765],[-74.3775,-15.14754],[-74.37786,-15.14701],[-74.37786,-15.14631],[-74.37781,-15.1462],[-74.37762,-15.14578],[-74.37702,-15.14537],[-74.37636,-15.14508],[-74.37436,-15.14413],[-74.37389,-15.1439],[-74.37305,-15.1432],[-74.37299,-15.14261],[-74.37306,-15.14209],[-74.37372,-15.14144],[-74.3745,-15.14127],[-74.37529,-15.14133],[-74.37637,-15.14133],[-74.37763,-15.1414],[-74.37878,-15.14128],[-74.37992,-15.14082],[-74.38053,-15.14029],[-74.38149,-15.13995],[-74.38174,-15.13996],[-74.38197,-15.13997],[-74.38366,-15.14007],[-74.3848,-15.14019],[-74.38577,-15.14054],[-74.3866,-15.14077],[-74.38661,-15.14078],[-74.38799,-15.14078],[-74.38872,-15.14055],[-74.38938,-15.13973],[-74.3898,-15.13891],[-74.38993,-15.13815],[-74.38987,-15.13704],[-74.38939,-15.13628],[-74.38855,-15.13569],[-74.38693,-15.13552],[-74.38692,-15.13551],[-74.38608,-15.13551],[-74.38494,-15.13545],[-74.38413,-15.13511],[-74.3841,-15.1351],[-74.38349,-15.1348],[-74.38271,-15.13468],[-74.38199,-15.1348],[-74.38045,-15.1351],[-74.37994,-15.1352],[-74.3788,-15.1352],[-74.37705,-15.13566],[-74.37614,-15.13619],[-74.37494,-15.13677],[-74.37355,-15.13706],[-74.37186,-15.13746],[-74.36939,-15.13798],[-74.36759,-15.1388],[-74.36626,-15.13908],[-74.36487,-15.1392],[-74.36271,-15.13919],[-74.3615,-15.13925],[-74.36113,-15.13925],[-74.36042,-15.13924],[-74.35789,-15.13865],[-74.35675,-15.1383],[-74.35567,-15.1373],[-74.35483,-15.13654],[-74.35375,-15.13571],[-74.35296,-15.13542],[-74.35194,-15.13489],[-74.3511,-15.13413],[-74.34978,-15.13325],[-74.3487,-15.13213],[-74.34792,-15.13166],[-74.34671,-15.13148],[-74.34569,-15.13136],[-74.34479,-15.13136],[-74.34395,-15.13089],[-74.34311,-15.13024],[-74.34178,-15.12926],[-74.3416,-15.12913],[-74.34064,-15.12866],[-74.33974,-15.12825],[-74.33854,-15.12824],[-74.33757,-15.12806],[-74.33661,-15.12736],[-74.33631,-15.12666],[-74.3362,-15.12555],[-74.33626,-15.12484],[-74.33686,-15.1242],[-74.33765,-15.12397],[-74.33782,-15.12397],[-74.33873,-15.12397],[-74.33933,-15.12403],[-74.34017,-15.12433],[-74.34119,-15.12509],[-74.34234,-15.12603],[-74.34408,-15.12697],[-74.3451,-15.12779],[-74.34618,-15.12821],[-74.34727,-15.12827],[-74.34775,-15.12833],[-74.34876,-15.12798],[-74.3497,-15.12694],[-74.35037,-15.12601],[-74.35189,-15.12342],[-74.35291,-15.12225],[-74.35392,-15.12154],[-74.35493,-15.12108],[-74.35612,-15.12079],[-74.35727,-15.12075],[-74.35871,-15.12102],[-74.35966,-15.12146],[-74.36142,-15.12298],[-74.36374,-15.12459],[-74.36457,-15.12517],[-74.36555,-15.12608],[-74.36623,-15.12711],[-74.36661,-15.12828],[-74.36665,-15.12954],[-74.36648,-15.13142],[-74.36612,-15.13138],[-74.36605,-15.13237],[-74.36611,-15.13308],[-74.36629,-15.13343],[-74.36701,-15.1336],[-74.3677,-15.13361],[-74.36773,-15.13361],[-74.3681,-15.13332],[-74.36882,-15.1325],[-74.36944,-15.13185],[-74.36949,-15.1318],[-74.3696,-15.13176],[-74.37047,-15.13143],[-74.37057,-15.13139],[-74.37238,-15.13058],[-74.37309,-15.13043],[-74.37377,-15.13029],[-74.37545,-15.12983],[-74.37654,-15.12954],[-74.37762,-15.12954],[-74.37852,-15.12954],[-74.37866,-15.12954],[-74.37919,-15.12922],[-74.37982,-15.12884],[-74.38019,-15.12858],[-74.38033,-15.12851],[-74.38043,-15.12848],[-74.3806,-15.12852],[-74.38085,-15.12871],[-74.38099,-15.12877],[-74.38112,-15.12879],[-74.38136,-15.12876],[-74.38162,-15.12864],[-74.38179,-15.12858],[-74.38192,-15.12857],[-74.38204,-15.12857],[-74.38224,-15.12863],[-74.38252,-15.12883],[-74.38283,-15.12894],[-74.38301,-15.12894],[-74.38337,-15.12893],[-74.38401,-15.12888],[-74.38452,-15.12884],[-74.38465,-15.12886],[-74.38481,-15.12894],[-74.38507,-15.12914],[-74.38509,-15.12916],[-74.38612,-15.12998],[-74.3868,-15.13059],[-74.38728,-15.13094],[-74.38752,-15.13104],[-74.38774,-15.13104],[-74.38782,-15.13102],[-74.38802,-15.13097],[-74.38862,-15.13075],[-74.3894,-15.13035],[-74.38981,-15.13013],[-74.3901,-15.12991],[-74.39031,-15.12958],[-74.39042,-15.1295],[-74.39051,-15.12948],[-74.39067,-15.1295],[-74.39097,-15.12961],[-74.39116,-15.12966],[-74.39139,-15.12979],[-74.39159,-15.12999],[-74.39175,-15.13014],[-74.3919,-15.13022],[-74.39219,-15.13028],[-74.39329,-15.13021],[-74.39375,-15.13021],[-74.39402,-15.13021],[-74.39406,-15.13021],[-74.39432,-15.13076],[-74.39506,-15.13271],[-74.3961,-15.13438],[-74.39646,-15.13423],[-74.39733,-15.13607],[-74.39801,-15.13714],[-74.39874,-15.13779],[-74.39917,-15.138],[-74.39974,-15.13816],[-74.40063,-15.13816],[-74.40178,-15.13789],[-74.40252,-15.13756],[-74.4044,-15.13649],[-74.40559,-15.13613],[-74.40642,-15.13616],[-74.40692,-15.13618],[-74.40982,-15.13685],[-74.41056,-15.13684],[-74.41112,-15.13668],[-74.41152,-15.13644],[-74.41188,-15.13607],[-74.41211,-15.13566],[-74.41225,-15.13517],[-74.4123,-15.13459],[-74.41225,-15.13371],[-74.41177,-15.13168],[-74.41169,-15.13087],[-74.41182,-15.1299],[-74.41201,-15.12946],[-74.41235,-15.12901],[-74.4127,-15.12876],[-74.41287,-15.12865],[-74.41349,-15.12846],[-74.41438,-15.12848],[-74.41675,-15.12888],[-74.41757,-15.12875],[-74.41826,-15.12839],[-74.41859,-15.12803],[-74.41881,-15.12762],[-74.41911,-15.126],[-74.41927,-15.12565],[-74.41959,-15.12523],[-74.42036,-15.12474],[-74.42228,-15.12411],[-74.42273,-15.1238],[-74.42326,-15.12319],[-74.42348,-15.1227],[-74.42359,-15.12203],[-74.4234,-15.12044],[-74.4235,-15.11964],[-74.42367,-15.11922],[-74.42399,-15.11877],[-74.42478,-15.11814],[-74.42561,-15.1178],[-74.42649,-15.1177],[-74.42736,-15.11786],[-74.42917,-15.11857],[-74.43006,-15.1188],[-74.4313,-15.11884],[-74.43271,-15.11864],[-74.43376,-15.11821],[-74.43423,-15.11785],[-74.43451,-15.11749],[-74.43469,-15.11707],[-74.43474,-15.11665],[-74.43468,-15.1162],[-74.43464,-15.1161],[-74.43451,-15.11577],[-74.43418,-15.11528],[-74.43359,-15.11469],[-74.43272,-15.11411],[-74.43206,-15.1138],[-74.43084,-15.11344],[-74.42716,-15.11281],[-74.42613,-15.11249],[-74.42536,-15.1121],[-74.42437,-15.1113],[-74.42259,-15.1091],[-74.42177,-15.10824],[-74.42051,-15.10722],[-74.42032,-15.10711],[-74.41963,-15.10673],[-74.41922,-15.10659],[-74.41866,-15.1064],[-74.41768,-15.10622],[-74.41671,-15.10616],[-74.41432,-15.10622],[-74.41394,-15.10622],[-74.41339,-15.10615],[-74.41267,-15.10589],[-74.41176,-15.10522],[-74.40982,-15.10315],[-74.40914,-15.10266],[-74.40841,-15.1023],[-74.40753,-15.10208],[-74.40664,-15.10211],[-74.40565,-15.10241],[-74.40329,-15.1035],[-74.40265,-15.10363],[-74.40183,-15.1036],[-74.40102,-15.10332],[-74.40013,-15.10275],[-74.39797,-15.10086],[-74.39674,-15.09956],[-74.39619,-15.09921],[-74.39561,-15.09907],[-74.39512,-15.0991],[-74.39342,-15.09966],[-74.3928,-15.09979],[-74.39274,-15.09979],[-74.39224,-15.09978],[-74.39175,-15.09965],[-74.39116,-15.09926],[-74.38965,-15.09742],[-74.38894,-15.09692],[-74.38813,-15.09667],[-74.38572,-15.09651],[-74.38522,-15.09635],[-74.38469,-15.09605],[-74.38372,-15.09507],[-74.38207,-15.09278],[-74.38196,-15.09266],[-74.38151,-15.09215],[-74.38105,-15.09178],[-74.38086,-15.09167],[-74.38048,-15.09147],[-74.37938,-15.09124],[-74.37874,-15.09128],[-74.37829,-15.0914],[-74.37768,-15.09174],[-74.37732,-15.09206],[-74.37676,-15.09292],[-74.3761,-15.09433],[-74.37565,-15.09532],[-74.37515,-15.09599],[-74.37448,-15.09662],[-74.37362,-15.09717],[-74.37125,-15.09836],[-74.37035,-15.09891],[-74.36966,-15.09933],[-74.36842,-15.10024],[-74.36652,-15.10188],[-74.36526,-15.10277],[-74.36376,-15.10361],[-74.36222,-15.10424],[-74.36062,-15.10459],[-74.35768,-15.10477],[-74.35624,-15.10502],[-74.35471,-15.10561],[-74.35176,-15.1073],[-74.3513,-15.10742],[-74.35098,-15.10751],[-74.35038,-15.10751],[-74.35027,-15.10749],[-74.34994,-15.10742],[-74.34938,-15.10716],[-74.34889,-15.10673],[-74.34858,-15.10627],[-74.3484,-15.10579],[-74.34835,-15.10491],[-74.34866,-15.10302],[-74.3487,-15.10218],[-74.34856,-15.10131],[-74.34829,-15.1007],[-74.34788,-15.10019],[-74.34727,-15.09975],[-74.34641,-15.09947],[-74.34568,-15.09946],[-74.34507,-15.09962],[-74.34445,-15.10002],[-74.34405,-15.10045],[-74.34358,-15.10114],[-74.34274,-15.10235],[-74.34225,-15.10278],[-74.34167,-15.10311],[-74.3404,-15.10355],[-74.33909,-15.10377],[-74.33792,-15.10375],[-74.33481,-15.10344],[-74.33421,-15.10346],[-74.3334,-15.10364],[-74.33275,-15.10399],[-74.33223,-15.10449],[-74.33193,-15.10504],[-74.33131,-15.10653],[-74.33074,-15.10722],[-74.33026,-15.10753],[-74.32956,-15.10774],[-74.32893,-15.10776],[-74.32843,-15.10766],[-74.32772,-15.1073],[-74.32709,-15.10679],[-74.32667,-15.10634],[-74.32444,-15.1039],[-74.32272,-15.10222],[-74.32198,-15.10174],[-74.32124,-15.1014],[-74.32046,-15.10105],[-74.31971,-15.10051],[-74.31904,-15.09974],[-74.31833,-15.09871],[-74.31794,-15.09816],[-74.31771,-15.09795],[-74.31719,-15.09749],[-74.31708,-15.09744],[-74.31659,-15.09723],[-74.31591,-15.09715],[-74.31534,-15.09725],[-74.31394,-15.09777],[-74.31347,-15.09778],[-74.31322,-15.09779],[-74.31264,-15.09766],[-74.31165,-15.09725],[-74.31042,-15.09653],[-74.30959,-15.09589],[-74.30893,-15.09521],[-74.30779,-15.09371],[-74.30656,-15.09163],[-74.30571,-15.0902],[-74.30458,-15.08893],[-74.30413,-15.08815],[-74.304,-15.08734],[-74.30418,-15.08624],[-74.3045,-15.0854],[-74.30532,-15.08378],[-74.30543,-15.08355],[-74.30568,-15.08265],[-74.30567,-15.08215],[-74.30556,-15.08177],[-74.30537,-15.08143],[-74.30498,-15.08104],[-74.30461,-15.08083],[-74.30399,-15.08065],[-74.30328,-15.08061],[-74.30301,-15.08066],[-74.30266,-15.08072],[-74.3018,-15.08112],[-74.30005,-15.0824],[-74.29907,-15.08298],[-74.29812,-15.08335],[-74.29714,-15.08353],[-74.29691,-15.08355],[-74.29492,-15.08372],[-74.29491,-15.08372],[-74.29431,-15.08368],[-74.29347,-15.08363],[-74.29238,-15.08326],[-74.29198,-15.08302],[-74.2915,-15.08258],[-74.29114,-15.08199],[-74.29099,-15.08145],[-74.29101,-15.0807],[-74.29121,-15.08004],[-74.29148,-15.07951],[-74.29196,-15.07888],[-74.29356,-15.07756],[-74.29424,-15.07681],[-74.29468,-15.07593],[-74.29485,-15.07465],[-74.29474,-15.0738],[-74.29446,-15.0729],[-74.29288,-15.06977],[-74.29213,-15.0673],[-74.29173,-15.06664],[-74.29115,-15.06614],[-74.29035,-15.06585],[-74.28962,-15.06583],[-74.28894,-15.066],[-74.2881,-15.06643],[-74.28681,-15.06738],[-74.2847,-15.06929],[-74.28399,-15.07009],[-74.28263,-15.0719],[-74.28199,-15.07258],[-74.28154,-15.07292],[-74.28095,-15.07323],[-74.28046,-15.07337],[-74.27979,-15.07338],[-74.2792,-15.07322],[-74.27857,-15.07283],[-74.27799,-15.07225],[-74.27689,-15.0708],[-74.27611,-15.07018],[-74.27533,-15.06981],[-74.27448,-15.06954],[-74.27349,-15.06932],[-74.27188,-15.06914],[-74.27072,-15.06876],[-74.26969,-15.06806],[-74.26725,-15.06591],[-74.26636,-15.06535],[-74.26557,-15.065],[-74.2646,-15.06481],[-74.26331,-15.06486],[-74.26231,-15.0651],[-74.26229,-15.06511],[-74.25993,-15.06589],[-74.2586,-15.06614],[-74.25775,-15.06613],[-74.25752,-15.06613],[-74.25655,-15.06579],[-74.2559,-15.06525],[-74.25553,-15.06472],[-74.25532,-15.06401],[-74.25537,-15.06331],[-74.25558,-15.06282],[-74.25595,-15.0624],[-74.25702,-15.06176],[-74.25725,-15.06162],[-74.25766,-15.06122],[-74.2578,-15.06078],[-74.25784,-15.06064],[-74.25776,-15.0601],[-74.25718,-15.05907],[-74.25655,-15.05836],[-74.25597,-15.05772],[-74.25476,-15.05674],[-74.25354,-15.05613],[-74.25291,-15.05597],[-74.25269,-15.05591],[-74.2518,-15.05587],[-74.25112,-15.056],[-74.25042,-15.0563],[-74.2504,-15.05632],[-74.24941,-15.05697],[-74.2492,-15.05711],[-74.24848,-15.05767],[-74.2469,-15.05888],[-74.24481,-15.0607]]]}},{"type":"Feature","properties":{"Name":"Zonas aptas para cultivo en limpio de calidad agrologica media limitado por suelo y clima, con necesidad de riego","description":"<div style='font-family:sans-serif;'><h4>ZEE AYACUCHO - Zonas aptas para cultivo en limpio de calidad agrologica media limitado por suelo y clima, con necesidad de riego</h4><table border='1' cellpadding='4' style='border-collapse:collapse;font-size:12px;'><tr><td><b>ZEECODE:</b></td><td>33</td></tr><tr><td><b>ZEE:</b></td><td>Zonas aptas para cultivo en limpio de calidad agrologica media limitado por suelo y clima, con necesidad de riego</td></tr><tr><td><b>ZEE_ZONAS:</b></td><td>ZONA PARA CULTIVO EN LIMPIO</td></tr><tr><td><b>ZEE_GRANDE:</b></td><td>ZONAS PRODUCTIVAS</td></tr><tr><td><b>AREA:</b></td><td>113722534.013</td></tr><tr><td><b>PERIMETER:</b></td><td>216240.948</td></tr><tr><td><b>HECTARES:</b></td><td>11372.253</td></tr></table></div>"},"geometry":{"type":"Polygon","coordinates":[[[-73.37777,-15.25291],[-73.37719,-15.25298],[-73.3771,-15.25298],[-73.37612,-15.25366],[-73.37414,-15.25326],[-73.37405,-15.25327],[-73.37115,-15.25362],[-73.36936,-15.2538],[-73.36838,-15.254],[-73.36657,-15.25436],[-73.36611,-15.25442],[-73.36518,-15.25454],[-73.36398,-15.25588],[-73.36325,-15.25572],[-73.36219,-15.25549],[-73.3614,-15.25471],[-73.36042,-15.2548],[-73.35958,-15.25487],[-73.35941,-15.25489],[-73.35743,-15.25449],[-73.35584,-15.25447],[-73.35459,-15.25471],[-73.35458,-15.25471],[-73.35395,-15.25483],[-73.35385,-15.25485],[-73.35226,-15.25483],[-73.35127,-15.25535],[-73.35013,-15.25594],[-73.35008,-15.25597],[-73.35006,-15.25598],[-73.35006,-15.25604],[-73.35005,-15.25771],[-73.35044,-15.25907],[-73.35043,-15.26008],[-73.35043,-15.2603],[-73.35042,-15.2608],[-73.34954,-15.26164],[-73.34882,-15.26234],[-73.34847,-15.26225],[-73.34827,-15.2622],[-73.34742,-15.26198],[-73.34723,-15.26194],[-73.34679,-15.26091],[-73.34665,-15.26058],[-73.34666,-15.25865],[-73.34787,-15.25692],[-73.34887,-15.25539],[-73.34968,-15.25404],[-73.34968,-15.25346],[-73.3479,-15.25326],[-73.34641,-15.25391],[-73.3453,-15.2544],[-73.34507,-15.25466],[-73.34436,-15.25548],[-73.3443,-15.25555],[-73.34413,-15.2561],[-73.34389,-15.2569],[-73.34387,-15.25689],[-73.3429,-15.25689],[-73.34275,-15.2563],[-73.34271,-15.25611],[-73.34192,-15.25495],[-73.34153,-15.25418],[-73.34101,-15.25443],[-73.34037,-15.25475],[-73.33882,-15.25413],[-73.33797,-15.25499],[-73.33777,-15.2552],[-73.33659,-15.2564],[-73.33627,-15.25704],[-73.33595,-15.25769],[-73.33591,-15.25775],[-73.3353,-15.25891],[-73.33507,-15.25934],[-73.335,-15.25947],[-73.33529,-15.2597],[-73.33633,-15.26054],[-73.33668,-15.26332],[-73.33666,-15.26333],[-73.33552,-15.26421],[-73.33525,-15.26442],[-73.33509,-15.26455],[-73.33456,-15.26578],[-73.33436,-15.26626],[-73.33411,-15.26626],[-73.33391,-15.26627],[-73.33348,-15.26627],[-73.33345,-15.26637],[-73.33309,-15.26739],[-73.33287,-15.26801],[-73.33277,-15.26837],[-73.3323,-15.27011],[-73.33225,-15.27057],[-73.33217,-15.27122],[-73.33248,-15.27126],[-73.3343,-15.27146],[-73.3344,-15.27147],[-73.33481,-15.27165],[-73.33519,-15.27181],[-73.3362,-15.27225],[-73.33672,-15.27247],[-73.33675,-15.27248],[-73.33845,-15.27305],[-73.33856,-15.27309],[-73.33908,-15.27376],[-73.33958,-15.27442],[-73.33958,-15.27461],[-73.33958,-15.27477],[-73.33925,-15.27501],[-73.33924,-15.27551],[-73.33924,-15.27577],[-73.3395,-15.27689],[-73.33952,-15.27697],[-73.33908,-15.27773],[-73.33894,-15.27794],[-73.33835,-15.27885],[-73.33863,-15.28025],[-73.33949,-15.28074],[-73.33985,-15.28086],[-73.33992,-15.28176],[-73.33996,-15.28191],[-73.34041,-15.28369],[-73.34123,-15.2848],[-73.34134,-15.28498],[-73.34247,-15.28671],[-73.34249,-15.28683],[-73.34258,-15.28735],[-73.3426,-15.28753],[-73.34272,-15.28826],[-73.34273,-15.28828],[-73.34289,-15.2886],[-73.34333,-15.28944],[-73.34342,-15.29078],[-73.34343,-15.29086],[-73.34421,-15.2926],[-73.345,-15.29338],[-73.34555,-15.29401],[-73.34602,-15.29456],[-73.34618,-15.29474],[-73.34646,-15.2966],[-73.34689,-15.29794],[-73.34723,-15.299],[-73.34874,-15.2988],[-73.34894,-15.29882],[-73.34987,-15.29895],[-73.35028,-15.299],[-73.35212,-15.29845],[-73.35212,-15.29796],[-73.35212,-15.29729],[-73.35176,-15.29607],[-73.35154,-15.29536],[-73.35157,-15.29503],[-73.35165,-15.29416],[-73.35105,-15.2925],[-73.35176,-15.29246],[-73.35396,-15.29171],[-73.35491,-15.29171],[-73.35654,-15.29173],[-73.35705,-15.2924],[-73.35772,-15.29328],[-73.36011,-15.29291],[-73.36067,-15.29238],[-73.36091,-15.29214],[-73.36099,-15.292],[-73.36172,-15.29061],[-73.36282,-15.29073],[-73.36351,-15.29081],[-73.36648,-15.29161],[-73.36788,-15.29162],[-73.36848,-15.29046],[-73.36891,-15.28894],[-73.36835,-15.28873],[-73.36698,-15.2882],[-73.36633,-15.28795],[-73.36553,-15.28658],[-73.36565,-15.28617],[-73.36592,-15.28524],[-73.36633,-15.28385],[-73.36608,-15.28299],[-73.36607,-15.28293],[-73.36586,-15.2822],[-73.36431,-15.2805],[-73.3623,-15.27897],[-73.3614,-15.27864],[-73.36015,-15.27818],[-73.35942,-15.27723],[-73.3591,-15.27568],[-73.35904,-15.27536],[-73.35905,-15.27531],[-73.35946,-15.27338],[-73.35912,-15.27247],[-73.35789,-15.27167],[-73.35782,-15.27123],[-73.35772,-15.27064],[-73.3577,-15.27051],[-73.35751,-15.26977],[-73.35693,-15.26761],[-73.35727,-15.2675],[-73.35872,-15.26704],[-73.36012,-15.26686],[-73.36033,-15.26512],[-73.35794,-15.2653],[-73.35694,-15.26577],[-73.35674,-15.26587],[-73.35535,-15.26624],[-73.35497,-15.26431],[-73.35498,-15.26315],[-73.35499,-15.26103],[-73.3554,-15.25968],[-73.3568,-15.25873],[-73.35801,-15.25785],[-73.35926,-15.25744],[-73.35939,-15.2574],[-73.35991,-15.2574],[-73.36019,-15.2574],[-73.3623,-15.25727],[-73.36371,-15.25827],[-73.36382,-15.25864],[-73.36404,-15.25944],[-73.3642,-15.26001],[-73.36434,-15.26052],[-73.36513,-15.26149],[-73.36631,-15.26285],[-73.3671,-15.26324],[-73.3677,-15.26286],[-73.3683,-15.2619],[-73.36752,-15.26112],[-73.36703,-15.26017],[-73.36685,-15.2598],[-73.36673,-15.25957],[-73.36679,-15.25939],[-73.36714,-15.25822],[-73.36794,-15.25784],[-73.36913,-15.25805],[-73.36946,-15.25859],[-73.36972,-15.25901],[-73.36971,-15.25959],[-73.3706,-15.2596],[-73.37071,-15.2596],[-73.37072,-15.25864],[-73.37073,-15.25857],[-73.37074,-15.25855],[-73.37085,-15.25812],[-73.37092,-15.25787],[-73.37172,-15.25768],[-73.37185,-15.25777],[-73.3731,-15.25865],[-73.37368,-15.25961],[-73.37369,-15.25962],[-73.37507,-15.2606],[-73.37527,-15.26082],[-73.37606,-15.26176],[-73.37685,-15.26215],[-73.37745,-15.26158],[-73.3772,-15.25991],[-73.37707,-15.25907],[-73.37692,-15.25885],[-73.37679,-15.25841],[-73.37686,-15.25766],[-73.37686,-15.25679],[-73.37705,-15.25598],[-73.37735,-15.25558],[-73.37771,-15.25541],[-73.37872,-15.25553],[-73.37931,-15.25554],[-73.37985,-15.25525],[-73.38027,-15.25468],[-73.38052,-15.2537],[-73.38048,-15.25278],[-73.37945,-15.25271],[-73.37808,-15.25287],[-73.37783,-15.2529],[-73.37777,-15.25291]]]}},{"type":"Feature","properties":{"Name":"Zonas aptas para cultivo en limpio de calidad agrologica media limitado por suelo, clima e inundacion","description":"<div style='font-family:sans-serif;'><h4>ZEE AYACUCHO - Zonas aptas para cultivo en limpio de calidad agrologica media limitado por suelo, clima e inundacion</h4><table border='1' cellpadding='4' style='border-collapse:collapse;font-size:12px;'><tr><td><b>ZEECODE:</b></td><td>34</td></tr><tr><td><b>ZEE:</b></td><td>Zonas aptas para cultivo en limpio de calidad agrologica media limitado por suelo, clima e inundacion</td></tr><tr><td><b>ZEE_ZONAS:</b></td><td>ZONA PARA CULTIVO EN LIMPIO</td></tr><tr><td><b>ZEE_GRANDE:</b></td><td>ZONAS PRODUCTIVAS</td></tr><tr><td><b>AREA:</b></td><td>710084504.417</td></tr><tr><td><b>PERIMETER:</b></td><td>4362272.742</td></tr><tr><td><b>HECTARES:</b></td><td>71008.45</td></tr></table></div>"},"geometry":{"type":"Polygon","coordinates":[[[-74.00608,-15.502],[-74.00679,-15.50373],[-74.00683,-15.50388],[-74.00686,-15.50401],[-74.00793,-15.50539],[-74.00853,-15.50597],[-74.00942,-15.50684],[-74.01028,-15.50829],[-74.01127,-15.5095],[-74.01139,-15.51],[-74.0114,-15.51001],[-74.01141,-15.51002],[-74.01144,-15.51005],[-74.01199,-15.51054],[-74.01263,-15.51111],[-74.01312,-15.51172],[-74.01317,-15.51178],[-74.01337,-15.51289],[-74.01346,-15.51325],[-74.01398,-15.5153],[-74.01432,-15.51613],[-74.01447,-15.51649],[-74.01447,-15.51651],[-74.01484,-15.5182],[-74.01476,-15.51869],[-74.01458,-15.51977],[-74.01388,-15.52081],[-74.01357,-15.52096],[-74.01212,-15.52127],[-74.01007,-15.52165],[-74.00962,-15.52165],[-74.00915,-15.52164],[-74.0079,-15.52164],[-74.00771,-15.52163],[-74.00736,-15.52134],[-74.0069,-15.52096],[-74.0065,-15.52075],[-74.00618,-15.52058],[-74.00575,-15.52044],[-74.00542,-15.52035],[-74.00496,-15.52031],[-74.00448,-15.52031],[-74.00364,-15.52036],[-74.00312,-15.52039],[-74.0031,-15.52039],[-74.00236,-15.51995],[-74.00092,-15.51943],[-74.00023,-15.51935],[-73.99867,-15.51917],[-73.9963,-15.51833],[-73.99453,-15.51749],[-73.99453,-15.51749],[-73.99426,-15.51721],[-73.99341,-15.51633],[-73.99216,-15.51492],[-73.99129,-15.51398],[-73.99079,-15.51344],[-73.9897,-15.51257],[-73.98868,-15.51177],[-73.98671,-15.51041],[-73.98474,-15.50925],[-73.98289,-15.50867],[-73.98147,-15.50866],[-73.98137,-15.5087],[-73.98107,-15.50872],[-73.98025,-15.50898],[-73.97992,-15.50955],[-73.98005,-15.50994],[-73.98084,-15.51109],[-73.98209,-15.51212],[-73.98347,-15.51315],[-73.98531,-15.51444],[-73.98702,-15.5156],[-73.98752,-15.51601],[-73.98859,-15.51688],[-73.98967,-15.51754],[-73.99017,-15.51785],[-73.99148,-15.51913],[-73.99178,-15.5193],[-73.99243,-15.51968],[-73.9926,-15.51978],[-73.99378,-15.521],[-73.99417,-15.52129],[-73.99464,-15.52164],[-73.99495,-15.52188],[-73.99576,-15.52248],[-73.9972,-15.52281],[-73.99859,-15.52294],[-74.00024,-15.52308],[-74.00215,-15.52385],[-74.00364,-15.52436],[-74.00366,-15.52437],[-74.0063,-15.52509],[-74.00781,-15.52516],[-74.00927,-15.52516],[-74.01131,-15.52498],[-74.01316,-15.52448],[-74.01455,-15.52365],[-74.01472,-15.52352],[-74.01476,-15.52351],[-74.01498,-15.52333],[-74.01501,-15.5233],[-74.01581,-15.5227],[-74.01733,-15.522],[-74.01743,-15.522],[-74.01838,-15.52194],[-74.01964,-15.522],[-74.02003,-15.52201],[-74.02141,-15.52291],[-74.02319,-15.52382],[-74.02337,-15.52382],[-74.02412,-15.52515],[-74.02432,-15.52707],[-74.0244,-15.52784],[-74.02548,-15.52995],[-74.0255,-15.52999],[-74.02619,-15.53046],[-74.02648,-15.53067],[-74.02655,-15.53072],[-74.02688,-15.53094],[-74.02741,-15.53123],[-74.02828,-15.53171],[-74.02835,-15.53175],[-74.02845,-15.53181],[-74.0291,-15.53216],[-74.02958,-15.53268],[-74.02966,-15.53276],[-74.03075,-15.53392],[-74.03106,-15.53495],[-74.03171,-15.53715],[-74.03204,-15.53786],[-74.0321,-15.53799],[-74.03245,-15.53872],[-74.03253,-15.5389],[-74.03294,-15.54133],[-74.03251,-15.54429],[-74.0324,-15.54539],[-74.03232,-15.54633],[-74.03222,-15.54738],[-74.03296,-15.54798],[-74.03374,-15.5486],[-74.03384,-15.54867],[-74.03512,-15.54954],[-74.03515,-15.55004],[-74.03571,-15.55014],[-74.03646,-15.55111],[-74.03757,-15.55268],[-74.03843,-15.55449],[-74.03967,-15.55558],[-74.04035,-15.55683],[-74.04066,-15.5574],[-74.04118,-15.55878],[-74.04118,-15.5588],[-74.04118,-15.5588],[-74.04152,-15.55969],[-74.04149,-15.55987],[-74.04141,-15.56046],[-74.04126,-15.5615],[-74.04213,-15.56223],[-74.04272,-15.5626],[-74.04314,-15.56286],[-74.04387,-15.56332],[-74.04448,-15.56472],[-74.0446,-15.56501],[-74.04509,-15.56767],[-74.0449,-15.56819],[-74.04464,-15.56889],[-74.04482,-15.57082],[-74.04487,-15.57138],[-74.04497,-15.57223],[-74.04506,-15.5731],[-74.04512,-15.57352],[-74.04512,-15.57352],[-74.04593,-15.57407],[-74.0463,-15.57503],[-74.04667,-15.57636],[-74.04741,-15.57817],[-74.04804,-15.57859],[-74.04846,-15.57886],[-74.04852,-15.5789],[-74.05063,-15.57975],[-74.05112,-15.5812],[-74.05099,-15.58265],[-74.05078,-15.58303],[-74.05075,-15.58342],[-74.0505,-15.58553],[-74.05041,-15.58566],[-74.05085,-15.58711],[-74.05059,-15.58868],[-74.05021,-15.59085],[-74.0502,-15.5929],[-74.05019,-15.59471],[-74.05001,-15.59498],[-74.04972,-15.59543],[-74.04976,-15.59589],[-74.05019,-15.59607],[-74.05021,-15.59608],[-74.05029,-15.59611],[-74.05042,-15.5979],[-74.05068,-15.59821],[-74.05224,-15.60007],[-74.0525,-15.60184],[-74.05283,-15.60402],[-74.05343,-15.60658],[-74.05345,-15.60669],[-74.05375,-15.60666],[-74.05387,-15.60664],[-74.05504,-15.60651],[-74.05635,-15.60635],[-74.05655,-15.60633],[-74.05706,-15.61001],[-74.05813,-15.60976],[-74.05859,-15.61008],[-74.05951,-15.61091],[-74.05993,-15.61142],[-74.06043,-15.61204],[-74.06084,-15.61263],[-74.06119,-15.61324],[-74.06144,-15.61372],[-74.06166,-15.61421],[-74.06179,-15.61452],[-74.06204,-15.61511],[-74.06223,-15.61576],[-74.06235,-15.61632],[-74.06248,-15.61683],[-74.0625,-15.61736],[-74.05816,-15.61929],[-74.05763,-15.61952],[-74.05763,-15.61953],[-74.05762,-15.61952],[-74.0569,-15.61651],[-74.05667,-15.61521],[-74.05659,-15.61461],[-74.05606,-15.61468],[-74.05684,-15.61685],[-74.05716,-15.61829],[-74.05764,-15.6204],[-74.05765,-15.62042],[-74.05864,-15.62297],[-74.0599,-15.62487],[-74.06002,-15.62489],[-74.06132,-15.625],[-74.06323,-15.62683],[-74.0652,-15.62825],[-74.06608,-15.62874],[-74.06708,-15.62929],[-74.06708,-15.62987],[-74.06708,-15.63004],[-74.06738,-15.63005],[-74.06787,-15.63006],[-74.06789,-15.63006],[-74.06865,-15.62989],[-74.06919,-15.62951],[-74.06928,-15.62945],[-74.0693,-15.62944],[-74.06931,-15.62943],[-74.06975,-15.62913],[-74.07027,-15.62877],[-74.07029,-15.62876],[-74.07181,-15.6274],[-74.07198,-15.62726],[-74.07219,-15.6271],[-74.07235,-15.62698],[-74.07245,-15.6269],[-74.0729,-15.62655],[-74.07296,-15.6265],[-74.07314,-15.62636],[-74.07283,-15.62621],[-74.07283,-15.62621],[-74.07283,-15.62621],[-74.07227,-15.62604],[-74.07223,-15.62603],[-74.07168,-15.62596],[-74.0714,-15.62565],[-74.07121,-15.62544],[-74.0696,-15.62447],[-74.0691,-15.62338],[-74.06861,-15.62205],[-74.06835,-15.61958],[-74.06825,-15.61867],[-74.06863,-15.61686],[-74.06839,-15.61553],[-74.06728,-15.6142],[-74.06666,-15.61251],[-74.06637,-15.6117],[-74.06605,-15.61082],[-74.06643,-15.60949],[-74.06606,-15.60841],[-74.06585,-15.60758],[-74.06581,-15.60744],[-74.06533,-15.60684],[-74.06482,-15.60623],[-74.06428,-15.60564],[-74.06428,-15.60562],[-74.06422,-15.60505],[-74.06422,-15.60429],[-74.06423,-15.60288],[-74.06347,-15.60261],[-74.0626,-15.60229],[-74.06078,-15.59991],[-74.05957,-15.59794],[-74.05879,-15.59651],[-74.05796,-15.59497],[-74.05797,-15.59241],[-74.05798,-15.58884],[-74.05799,-15.58848],[-74.05764,-15.58772],[-74.05753,-15.58748],[-74.05728,-15.58588],[-74.05689,-15.5844],[-74.05641,-15.58233],[-74.0563,-15.58184],[-74.05637,-15.58055],[-74.05598,-15.58014],[-74.05549,-15.57941],[-74.05425,-15.57796],[-74.05378,-15.5776],[-74.05313,-15.57711],[-74.05152,-15.57566],[-74.04979,-15.57456],[-74.05012,-15.57386],[-74.04998,-15.57381],[-74.04992,-15.57312],[-74.05029,-15.57228],[-74.05019,-15.57162],[-74.05005,-15.57071],[-74.04907,-15.56889],[-74.04864,-15.56753],[-74.04858,-15.56732],[-74.04823,-15.56607],[-74.04821,-15.56599],[-74.04813,-15.56599],[-74.04783,-15.56599],[-74.04734,-15.56599],[-74.04684,-15.56514],[-74.04639,-15.56459],[-74.04635,-15.56454],[-74.04539,-15.56355],[-74.0453,-15.56334],[-74.04482,-15.56223],[-74.04423,-15.56089],[-74.04313,-15.55832],[-74.04268,-15.55774],[-74.04265,-15.55753],[-74.04245,-15.55674],[-74.04241,-15.55659],[-74.04228,-15.55608],[-74.04216,-15.55427],[-74.0413,-15.55342],[-74.03993,-15.55257],[-74.03857,-15.55172],[-74.0372,-15.55029],[-74.03731,-15.54929],[-74.03732,-15.54925],[-74.03734,-15.54902],[-74.03729,-15.54891],[-74.03723,-15.54882],[-74.03681,-15.54805],[-74.03638,-15.54726],[-74.03431,-15.54497],[-74.03543,-15.54188],[-74.0358,-15.54042],[-74.03604,-15.53946],[-74.03614,-15.53905],[-74.03613,-15.53889],[-74.03612,-15.53862],[-74.03608,-15.53774],[-74.03606,-15.53734],[-74.03601,-15.5365],[-74.03505,-15.53434],[-74.03423,-15.53232],[-74.03416,-15.53223],[-74.0334,-15.53124],[-74.03343,-15.53072],[-74.03292,-15.53013],[-74.03234,-15.52951],[-74.03141,-15.52852],[-74.0303,-15.52628],[-74.02959,-15.52455],[-74.02949,-15.52325],[-74.02946,-15.52289],[-74.0294,-15.52193],[-74.02922,-15.52104],[-74.02901,-15.52001],[-74.02856,-15.51932],[-74.02842,-15.51911],[-74.02794,-15.51856],[-74.02757,-15.51815],[-74.02658,-15.51795],[-74.02581,-15.51795],[-74.02553,-15.51794],[-74.02414,-15.51781],[-74.02408,-15.51775],[-74.02395,-15.51762],[-74.02349,-15.51717],[-74.0221,-15.5162],[-74.02046,-15.51498],[-74.02046,-15.51497],[-74.02047,-15.51533],[-74.02053,-15.51632],[-74.02022,-15.5162],[-74.01975,-15.51612],[-74.01956,-15.51605],[-74.01945,-15.51597],[-74.01926,-15.51583],[-74.01883,-15.51548],[-74.01866,-15.5152],[-74.01862,-15.51512],[-74.01837,-15.51452],[-74.01807,-15.51396],[-74.01774,-15.51304],[-74.0175,-15.51241],[-74.01745,-15.51229],[-74.01694,-15.51114],[-74.01664,-15.51052],[-74.01647,-15.51035],[-74.01645,-15.51034],[-74.0161,-15.51],[-74.01601,-15.50992],[-74.01506,-15.5092],[-74.01449,-15.50884],[-74.0143,-15.5087],[-74.01413,-15.5085],[-74.01409,-15.50846],[-74.01374,-15.5078],[-74.01319,-15.50686],[-74.01315,-15.50677],[-74.01301,-15.50642],[-74.01265,-15.50541],[-74.01233,-15.5047],[-74.01191,-15.50414],[-74.01137,-15.50366],[-74.01112,-15.50348],[-74.01087,-15.50336],[-74.01053,-15.50331],[-74.01016,-15.50332],[-74.00976,-15.50341],[-74.00958,-15.50341],[-74.00944,-15.50339],[-74.0093,-15.50329],[-74.0091,-15.50294],[-74.00876,-15.50208],[-74.00827,-15.50073],[-74.00814,-15.50034],[-74.00804,-15.50015],[-74.00791,-15.49992],[-74.0079,-15.49989],[-74.00774,-15.49961],[-74.00755,-15.49933],[-74.00723,-15.49901],[-74.0066,-15.49847],[-74.00629,-15.49829],[-74.00626,-15.49827],[-74.0059,-15.49816],[-74.00529,-15.49777],[-74.00464,-15.49737],[-74.00353,-15.49667],[-74.00304,-15.49641],[-74.00242,-15.4962],[-74.00191,-15.49611],[-74.00154,-15.49611],[-74.00138,-15.49613],[-74.00111,-15.49624],[-74.00073,-15.49642],[-74.00066,-15.49651],[-74.00055,-15.4967],[-74.00054,-15.49693],[-74.00054,-15.49713],[-74.00057,-15.49727],[-74.00064,-15.49738],[-74.00081,-15.49747],[-74.00119,-15.49763],[-74.00153,-15.4979],[-74.002,-15.49841],[-74.00211,-15.49852],[-74.00212,-15.49852],[-74.00214,-15.49853],[-74.00231,-15.49866],[-74.00358,-15.49962],[-74.00377,-15.49978],[-74.00503,-15.5009],[-74.00534,-15.50123],[-74.00608,-15.502]]]}},{"type":"Feature","properties":{"Name":"Zonas aptas para cultivo en limpio de calidad agrologica media limitado por suelo, erosion y clima","description":"<div style='font-family:sans-serif;'><h4>ZEE AYACUCHO - Zonas aptas para cultivo en limpio de calidad agrologica media limitado por suelo, erosion y clima</h4><table border='1' cellpadding='4' style='border-collapse:collapse;font-size:12px;'><tr><td><b>ZEECODE:</b></td><td>35</td></tr><tr><td><b>ZEE:</b></td><td>Zonas aptas para cultivo en limpio de calidad agrologica media limitado por suelo, erosion y clima</td></tr><tr><td><b>ZEE_ZONAS:</b></td><td>ZONA PARA CULTIVO EN LIMPIO</td></tr><tr><td><b>ZEE_GRANDE:</b></td><td>ZONAS PRODUCTIVAS</td></tr><tr><td><b>AREA:</b></td><td>129184485.456</td></tr><tr><td><b>PERIMETER:</b></td><td>278768.384</td></tr><tr><td><b>HECTARES:</b></td><td>12918.449</td></tr></table></div>"},"geometry":{"type":"Polygon","coordinates":[[[-73.7104,-15.41772],[-73.70885,-15.41892],[-73.7104,-15.41772],[-73.71041,-15.41772],[-73.7104,-15.41772]]]}},{"type":"Feature","properties":{"Name":"Zonas aptas para cultivo en limpio de calidad agrologica media limitado por suelo, erosion y clima, con necesidad de riego","description":"<div style='font-family:sans-serif;'><h4>ZEE AYACUCHO - Zonas aptas para cultivo en limpio de calidad agrologica media limitado por suelo, erosion y clima, con necesidad de riego</h4><table border='1' cellpadding='4' style='border-collapse:collapse;font-size:12px;'><tr><td><b>ZEECODE:</b></td><td>36</td></tr><tr><td><b>ZEE:</b></td><td>Zonas aptas para cultivo en limpio de calidad agrologica media limitado por suelo, erosion y clima, con necesidad de riego</td></tr><tr><td><b>ZEE_ZONAS:</b></td><td>ZONA PARA CULTIVO EN LIMPIO</td></tr><tr><td><b>ZEE_GRANDE:</b></td><td>ZONAS PRODUCTIVAS</td></tr><tr><td><b>AREA:</b></td><td>10036458.947</td></tr><tr><td><b>PERIMETER:</b></td><td>28483.532</td></tr><tr><td><b>HECTARES:</b></td><td>1003.646</td></tr></table></div>"},"geometry":{"type":"Polygon","coordinates":[[[-73.96935,-15.06452],[-73.96863,-15.06455],[-73.96768,-15.06436],[-73.96696,-15.06418],[-73.96592,-15.06348],[-73.96483,-15.06283],[-73.96393,-15.06259],[-73.96303,-15.0625],[-73.96256,-15.06259],[-73.96203,-15.06272],[-73.96075,-15.06336],[-73.96003,-15.06391],[-73.95917,-15.06474],[-73.95855,-15.06547],[-73.95807,-15.06635],[-73.95707,-15.06777],[-73.95659,-15.06841],[-73.95645,-15.0686],[-73.95602,-15.06934],[-73.95582,-15.07021],[-73.95582,-15.07046],[-73.95582,-15.07095],[-73.956,-15.07132],[-73.95615,-15.07165],[-73.95666,-15.07215],[-73.95686,-15.07234],[-73.95752,-15.07276],[-73.95809,-15.07299],[-73.95875,-15.07355],[-73.95894,-15.07406],[-73.9588,-15.07443],[-73.95856,-15.07508],[-73.95853,-15.07517],[-73.95841,-15.07549],[-73.95836,-15.07609],[-73.95836,-15.0765],[-73.95859,-15.0771],[-73.95902,-15.07752],[-73.95949,-15.07784],[-73.96077,-15.07794],[-73.96106,-15.07798],[-73.96196,-15.07809],[-73.96315,-15.07828],[-73.96357,-15.07874],[-73.96385,-15.07929],[-73.96395,-15.0798],[-73.96464,-15.08035],[-73.96465,-15.08036],[-73.96503,-15.08087],[-73.96522,-15.08138],[-73.9656,-15.08207],[-73.9664,-15.08267],[-73.96773,-15.08351],[-73.96819,-15.08394],[-73.96872,-15.08444],[-73.96917,-15.08558],[-73.96919,-15.08564],[-73.96925,-15.08573],[-73.96961,-15.08624],[-73.97023,-15.08671],[-73.97118,-15.08699],[-73.9718,-15.08704],[-73.97241,-15.08709],[-73.97341,-15.08723],[-73.97407,-15.08769],[-73.97449,-15.08816],[-73.97486,-15.0888],[-73.97497,-15.08899],[-73.97539,-15.08945],[-73.97582,-15.08955],[-73.97663,-15.0895],[-73.97715,-15.08928],[-73.97777,-15.08891],[-73.97829,-15.0884],[-73.97834,-15.08836],[-73.97872,-15.08794],[-73.97915,-15.08716],[-73.97922,-15.08674],[-73.9793,-15.08619],[-73.97926,-15.08582],[-73.97921,-15.08527],[-73.97926,-15.08402],[-73.97951,-15.0831],[-73.98003,-15.08232],[-73.98065,-15.08191],[-73.98175,-15.0817],[-73.98251,-15.0817],[-73.98333,-15.08171],[-73.98384,-15.08134],[-73.98442,-15.0806],[-73.98461,-15.07999],[-73.98461,-15.07888],[-73.98462,-15.07802],[-73.98462,-15.07796],[-73.98462,-15.07691],[-73.98406,-15.07599],[-73.98372,-15.07548],[-73.98278,-15.07406],[-73.9822,-15.07308],[-73.98172,-15.07229],[-73.98136,-15.07167],[-73.9813,-15.07156],[-73.98116,-15.0707],[-73.98088,-15.06921],[-73.98088,-15.0692],[-73.98085,-15.06834],[-73.98086,-15.06769],[-73.98104,-15.06682],[-73.9812,-15.06661],[-73.98007,-15.0652],[-73.97971,-15.06468],[-73.97903,-15.06368],[-73.97818,-15.06284],[-73.97676,-15.0621],[-73.97656,-15.06208],[-73.97652,-15.06207],[-73.97524,-15.06195],[-73.97503,-15.06198],[-73.97443,-15.06204],[-73.97348,-15.06227],[-73.97253,-15.06286],[-73.97162,-15.06355],[-73.97062,-15.06433],[-73.96967,-15.06451],[-73.96935,-15.06452]]]}},{"type":"Feature","properties":{"Name":"Zonas aptas para cultivo en limpio de calidad agrologica baja  limitado por suelo, asociadas a cultivos permanentes de calidad agrologica media limitada por suelo","description":"<div style='font-family:sans-serif;'><h4>ZEE AYACUCHO - Zonas aptas para cultivo en limpio de calidad agrologica baja  limitado por suelo, asociadas a cultivos permanentes de calidad agrologica media limitada por suelo</h4><table border='1' cellpadding='4' style='border-collapse:collapse;font-size:12px;'><tr><td><b>ZEECODE:</b></td><td>37</td></tr><tr><td><b>ZEE:</b></td><td>Zonas aptas para cultivo en limpio de calidad agrologica baja  limitado por suelo, asociadas a cultivos permanentes de calidad agrologica media limitada por suelo</td></tr><tr><td><b>ZEE_ZONAS:</b></td><td>ZONA PARA CULTIVO EN LIMPIO</td></tr><tr><td><b>ZEE_GRANDE:</b></td><td>ZONAS PRODUCTIVAS</td></tr><tr><td><b>AREA:</b></td><td>202520498.061</td></tr><tr><td><b>PERIMETER:</b></td><td>425808.389</td></tr><tr><td><b>HECTARES:</b></td><td>20252.05</td></tr></table></div>"},"geometry":{"type":"Polygon","coordinates":[[[-73.86044,-14.0615],[-73.86044,-14.06257],[-73.85938,-14.06368],[-73.85858,-14.06452],[-73.85773,-14.06542],[-73.85674,-14.06781],[-73.85452,-14.06947],[-73.85357,-14.06993],[-73.85226,-14.07056],[-73.85207,-14.07066],[-73.85097,-14.07097],[-73.85113,-14.07174],[-73.85156,-14.07279],[-73.85218,-14.074],[-73.85229,-14.07422],[-73.85258,-14.07474],[-73.853,-14.07547],[-73.85347,-14.07614],[-73.85354,-14.07621],[-73.85404,-14.07674],[-73.8545,-14.07706],[-73.85502,-14.07724],[-73.85563,-14.07726],[-73.85598,-14.07717],[-73.85617,-14.07707],[-73.85646,-14.07691],[-73.85685,-14.07653],[-73.85716,-14.07608],[-73.8575,-14.07516],[-73.85752,-14.07511],[-73.85792,-14.07283],[-73.85812,-14.07227],[-73.85845,-14.07175],[-73.85898,-14.07127],[-73.85958,-14.07097],[-73.86039,-14.0708],[-73.8618,-14.07074],[-73.8625,-14.07063],[-73.86302,-14.07044],[-73.86369,-14.06997],[-73.86425,-14.06926],[-73.86454,-14.06858],[-73.86479,-14.0675],[-73.86513,-14.06542],[-73.86524,-14.06481],[-73.86546,-14.06408],[-73.86577,-14.06343],[-73.86629,-14.0628],[-73.86686,-14.06247],[-73.86749,-14.06238],[-73.8679,-14.06246],[-73.86822,-14.06262],[-73.86861,-14.06296],[-73.86888,-14.06334],[-73.87,-14.06189],[-73.87001,-14.05906],[-73.87002,-14.05738],[-73.87003,-14.05639],[-73.86976,-14.05468],[-73.86955,-14.05328],[-73.87204,-14.04492],[-73.87354,-14.04014],[-73.87404,-14.0368],[-73.87406,-14.03369],[-73.87482,-14.03196],[-73.87554,-14.03034],[-73.87703,-14.02748],[-73.87705,-14.02321],[-73.87705,-14.0227],[-73.87707,-14.01935],[-73.87928,-14.01721],[-73.88052,-14.0153],[-73.87881,-14.01386],[-73.87562,-14.01456],[-73.87095,-14.0186],[-73.86775,-14.02002],[-73.86677,-14.02169],[-73.86553,-14.02312],[-73.86405,-14.02551],[-73.86109,-14.02908],[-73.86109,-14.03099],[-73.85984,-14.03482],[-73.85787,-14.03672],[-73.85688,-14.03959],[-73.85563,-14.04317],[-73.85781,-14.04964],[-73.85804,-14.05275],[-73.85803,-14.05362],[-73.85803,-14.05466],[-73.86022,-14.0573],[-73.86022,-14.05734],[-73.86045,-14.06041],[-73.86044,-14.0615]]]}},{"type":"Feature","properties":{"Name":"Zonas aptas para cultivo en limpio de calidad agrologica baja  limitado por suelo, asociadas a manejo de pastos de calidad agrologica media limitada por suelo.","description":"<div style='font-family:sans-serif;'><h4>ZEE AYACUCHO - Zonas aptas para cultivo en limpio de calidad agrologica baja  limitado por suelo, asociadas a manejo de pastos de calidad agrologica media limitada por suelo.</h4><table border='1' cellpadding='4' style='border-collapse:collapse;font-size:12px;'><tr><td><b>ZEECODE:</b></td><td>38</td></tr><tr><td><b>ZEE:</b></td><td>Zonas aptas para cultivo en limpio de calidad agrologica baja  limitado por suelo, asociadas a manejo de pastos de calidad agrologica media limitada por suelo.</td></tr><tr><td><b>ZEE_ZONAS:</b></td><td>ZONA PARA CULTIVO EN LIMPIO</td></tr><tr><td><b>ZEE_GRANDE:</b></td><td>ZONAS PRODUCTIVAS</td></tr><tr><td><b>AREA:</b></td><td>749791637.31</td></tr><tr><td><b>PERIMETER:</b></td><td>1120070.135</td></tr><tr><td><b>HECTARES:</b></td><td>74979.164</td></tr></table></div>"},"geometry":{"type":"Polygon","coordinates":[[[-74.09663,-14.60015],[-74.09789,-14.60077],[-74.09846,-14.60105],[-74.09918,-14.60181],[-74.09954,-14.6022],[-74.09984,-14.60251],[-74.10104,-14.60392],[-74.10184,-14.60527],[-74.10157,-14.60534],[-74.10195,-14.60733],[-74.10189,-14.60897],[-74.10149,-14.61077],[-74.10036,-14.6139],[-74.10026,-14.61462],[-74.1003,-14.61564],[-74.10076,-14.61769],[-74.10174,-14.62091],[-74.10226,-14.62325],[-74.10236,-14.62368],[-74.10282,-14.62622],[-74.10313,-14.6274],[-74.10376,-14.62904],[-74.10384,-14.62919],[-74.10471,-14.63078],[-74.10499,-14.6313],[-74.10523,-14.63173],[-74.10568,-14.63308],[-74.10581,-14.63396],[-74.10591,-14.63464],[-74.10605,-14.63798],[-74.1063,-14.63975],[-74.10652,-14.64126],[-74.10648,-14.64239],[-74.10636,-14.64321],[-74.10633,-14.64344],[-74.10606,-14.64476],[-74.10594,-14.64533],[-74.10556,-14.64667],[-74.10475,-14.64852],[-74.10344,-14.65042],[-74.10243,-14.65154],[-74.10206,-14.65188],[-74.10133,-14.65255],[-74.10133,-14.65263],[-74.10132,-14.65451],[-74.10136,-14.65503],[-74.10143,-14.65597],[-74.10148,-14.65742],[-74.10113,-14.65922],[-74.1005,-14.66017],[-74.1002,-14.66061],[-74.09887,-14.66167],[-74.09784,-14.66223],[-74.09691,-14.66335],[-74.09669,-14.66398],[-74.09766,-14.66419],[-74.09952,-14.66394],[-74.09967,-14.66392],[-74.09985,-14.66399],[-74.10088,-14.66437],[-74.10143,-14.66475],[-74.1022,-14.66528],[-74.10381,-14.66573],[-74.10462,-14.66578],[-74.10506,-14.66581],[-74.10571,-14.66585],[-74.10744,-14.66586],[-74.10756,-14.66581],[-74.10871,-14.66541],[-74.11009,-14.66463],[-74.11028,-14.66443],[-74.11054,-14.66414],[-74.11082,-14.66383],[-74.1109,-14.66374],[-74.112,-14.66251],[-74.1127,-14.66173],[-74.11271,-14.66171],[-74.11322,-14.66089],[-74.11369,-14.66006],[-74.11397,-14.65955],[-74.11448,-14.65853],[-74.11467,-14.65815],[-74.11472,-14.65809],[-74.11559,-14.65714],[-74.11663,-14.65614],[-74.11802,-14.65553],[-74.11923,-14.65514],[-74.11987,-14.65488],[-74.12257,-14.65381],[-74.1235,-14.65302],[-74.12431,-14.65202],[-74.12443,-14.6509],[-74.1242,-14.64994],[-74.1238,-14.64927],[-74.123,-14.64854],[-74.1215,-14.64836],[-74.12046,-14.6487],[-74.11989,-14.64899],[-74.11914,-14.64936],[-74.11769,-14.65026],[-74.11666,-14.65031],[-74.11574,-14.64991],[-74.11465,-14.6489],[-74.11425,-14.64794],[-74.11379,-14.64682],[-74.11362,-14.64559],[-74.11363,-14.64419],[-74.11399,-14.64127],[-74.11428,-14.64026],[-74.11446,-14.63926],[-74.11463,-14.63864],[-74.11475,-14.63774],[-74.11475,-14.63701],[-74.11441,-14.63612],[-74.11372,-14.63527],[-74.11344,-14.63409],[-74.11345,-14.63275],[-74.11342,-14.63275],[-74.1135,-14.63188],[-74.11386,-14.62803],[-74.11393,-14.62565],[-74.11387,-14.62294],[-74.11358,-14.62133],[-74.11281,-14.61921],[-74.11187,-14.61763],[-74.11088,-14.61663],[-74.10897,-14.61541],[-74.10823,-14.61484],[-74.10764,-14.61417],[-74.10722,-14.61344],[-74.10696,-14.61263],[-74.10687,-14.61168],[-74.10712,-14.60956],[-74.1068,-14.60981],[-74.10633,-14.60977],[-74.10587,-14.60972],[-74.10568,-14.60908],[-74.10578,-14.60881],[-74.10578,-14.60818],[-74.10597,-14.60754],[-74.10616,-14.60681],[-74.10616,-14.60609],[-74.10626,-14.60527],[-74.10626,-14.60436],[-74.10645,-14.60364],[-74.10673,-14.60318],[-74.10682,-14.6026],[-74.10655,-14.60213],[-74.10594,-14.6015],[-74.10552,-14.60117],[-74.10471,-14.60057],[-74.10347,-14.60068],[-74.10226,-14.60056],[-74.10158,-14.59988],[-74.10032,-14.59831],[-74.10005,-14.59786],[-74.099,-14.59606],[-74.09803,-14.59494],[-74.09711,-14.59409],[-74.09636,-14.59392],[-74.09556,-14.59386],[-74.09545,-14.59387],[-74.09523,-14.59388],[-74.09523,-14.59451],[-74.09522,-14.59557],[-74.09491,-14.59655],[-74.09452,-14.59708],[-74.09451,-14.59746],[-74.09366,-14.59753],[-74.09341,-14.59756],[-74.09341,-14.59761],[-74.09375,-14.59851],[-74.09454,-14.59933],[-74.09473,-14.59952],[-74.09663,-14.60015]]]}},{"type":"Feature","properties":{"Name":"Tierras aptas para cultivo en permanente de calidad agrologica baja con limitaciones por erosion y suelo, asociadas a produccion forestal de calidad agrologica baja con limitaciones por erosion y suelo","description":"<div style='font-family:sans-serif;'><h4>ZEE AYACUCHO - Tierras aptas para cultivo en permanente de calidad agrologica baja con limitaciones por erosion y suelo, asociadas a produccion forestal de calidad agrologica baja con limitaciones por erosion y suelo</h4><table border='1' cellpadding='4' style='border-collapse:collapse;font-size:12px;'><tr><td><b>ZEECODE:</b></td><td>39</td></tr><tr><td><b>ZEE:</b></td><td>Tierras aptas para cultivo en permanente de calidad agrologica baja con limitaciones por erosion y suelo, asociadas a produccion forestal de calidad agrologica baja con limitaciones por erosion y suelo</td></tr><tr><td><b>ZEE_ZONAS:</b></td><td>ZONA PARA CULTIVO EN LIMPIO</td></tr><tr><td><b>ZEE_GRANDE:</b></td><td>ZONAS PRODUCTIVAS</td></tr><tr><td><b>AREA:</b></td><td>730872771.52</td></tr><tr><td><b>PERIMETER:</b></td><td>739792.23</td></tr><tr><td><b>HECTARES:</b></td><td>73087.277</td></tr></table></div>"},"geometry":{"type":"Polygon","coordinates":[[[-74.93248,-14.0925],[-74.93189,-14.09321],[-74.93248,-14.0925],[-74.93249,-14.09249],[-74.93262,-14.09232],[-74.93249,-14.09249],[-74.93248,-14.0925]]]}},{"type":"Feature","properties":{"Name":"Zonas aptas para cultivo en limpio de calidad agrologica baja  limitado por suelo y clima","description":"<div style='font-family:sans-serif;'><h4>ZEE AYACUCHO - Zonas aptas para cultivo en limpio de calidad agrologica baja  limitado por suelo y clima</h4><table border='1' cellpadding='4' style='border-collapse:collapse;font-size:12px;'><tr><td><b>ZEECODE:</b></td><td>40</td></tr><tr><td><b>ZEE:</b></td><td>Zonas aptas para cultivo en limpio de calidad agrologica baja  limitado por suelo y clima</td></tr><tr><td><b>ZEE_ZONAS:</b></td><td>ZONA PARA CULTIVO EN LIMPIO</td></tr><tr><td><b>ZEE_GRANDE:</b></td><td>ZONAS PRODUCTIVAS</td></tr><tr><td><b>AREA:</b></td><td>1053515270.878</td></tr><tr><td><b>PERIMETER:</b></td><td>1605169.687</td></tr><tr><td><b>HECTARES:</b></td><td>105351.527</td></tr></table></div>"},"geometry":{"type":"Polygon","coordinates":[[[-73.86601,-15.25528],[-73.86594,-15.2553],[-73.8654,-15.25521],[-73.86514,-15.25508],[-73.86467,-15.25466],[-73.86276,-15.25225],[-73.86205,-15.25151],[-73.86105,-15.25079],[-73.8599,-15.25027],[-73.85896,-15.25019],[-73.85844,-15.2503],[-73.858,-15.2505],[-73.85797,-15.25052],[-73.85774,-15.25069],[-73.85729,-15.25103],[-73.85606,-15.25227],[-73.8554,-15.25283],[-73.85449,-15.25332],[-73.85372,-15.25345],[-73.853,-15.25329],[-73.85236,-15.25284],[-73.85201,-15.25232],[-73.85134,-15.25084],[-73.85097,-15.25043],[-73.85037,-15.25001],[-73.84963,-15.24971],[-73.84884,-15.24958],[-73.848,-15.24965],[-73.8472,-15.2499],[-73.84596,-15.2506],[-73.84524,-15.25114],[-73.84488,-15.25142],[-73.8443,-15.25204],[-73.84291,-15.25384],[-73.84183,-15.25483],[-73.84088,-15.25543],[-73.83907,-15.25628],[-73.83832,-15.25684],[-73.83786,-15.25743],[-73.83757,-15.25808],[-73.83743,-15.25877],[-73.83727,-15.26047],[-73.83712,-15.26105],[-73.83683,-15.26163],[-73.83666,-15.26182],[-73.83664,-15.26184],[-73.83631,-15.2622],[-73.83513,-15.26308],[-73.83318,-15.26472],[-73.83183,-15.26635],[-73.83179,-15.26641],[-73.83131,-15.26685],[-73.83058,-15.26719],[-73.82993,-15.26725],[-73.82949,-15.26716],[-73.82943,-15.26715],[-73.82825,-15.26669],[-73.82797,-15.26658],[-73.82736,-15.26653],[-73.82709,-15.26656],[-73.82689,-15.26659],[-73.82671,-15.26661],[-73.82543,-15.26699],[-73.82414,-15.2675],[-73.82332,-15.26798],[-73.82271,-15.26849],[-73.82193,-15.26939],[-73.82143,-15.27036],[-73.82127,-15.27098],[-73.82122,-15.27131],[-73.82117,-15.27165],[-73.82087,-15.27361],[-73.82087,-15.27361],[-73.81992,-15.27636],[-73.81977,-15.2768],[-73.81904,-15.27812],[-73.81867,-15.27855],[-73.81861,-15.27859],[-73.8182,-15.27893],[-73.81817,-15.27894],[-73.81766,-15.2792],[-73.81713,-15.27933],[-73.81678,-15.27933],[-73.81663,-15.27932],[-73.81627,-15.27921],[-73.81579,-15.27882],[-73.81543,-15.27824],[-73.81524,-15.27793],[-73.81483,-15.2775],[-73.81427,-15.27719],[-73.8137,-15.27706],[-73.81367,-15.27705],[-73.81303,-15.27705],[-73.81245,-15.27715],[-73.81237,-15.27717],[-73.81025,-15.27785],[-73.80879,-15.27857],[-73.80816,-15.27913],[-73.80784,-15.27958],[-73.80766,-15.28],[-73.80758,-15.28044],[-73.80769,-15.28122],[-73.80776,-15.28172],[-73.80773,-15.28227],[-73.80756,-15.28274],[-73.80727,-15.28308],[-73.8072,-15.28315],[-73.80692,-15.28332],[-73.80647,-15.28342],[-73.80611,-15.28337],[-73.80486,-15.283],[-73.8043,-15.28301],[-73.80382,-15.28315],[-73.8034,-15.28336],[-73.80275,-15.2839],[-73.8014,-15.28556],[-73.80084,-15.28606],[-73.80001,-15.28649],[-73.7992,-15.28665],[-73.79881,-15.28664],[-73.79821,-15.28648],[-73.79781,-15.28625],[-73.79743,-15.28591],[-73.79684,-15.28505],[-73.79612,-15.28345],[-73.79581,-15.28293],[-73.79538,-15.28243],[-73.79471,-15.2819],[-73.79382,-15.28145],[-73.79277,-15.28119],[-73.79189,-15.28119],[-73.7909,-15.28143],[-73.78993,-15.28184],[-73.78911,-15.28234],[-73.78841,-15.28298],[-73.78799,-15.2836],[-73.78762,-15.28442],[-73.78732,-15.28547],[-73.78683,-15.2888],[-73.78663,-15.28934],[-73.78631,-15.28985],[-73.78579,-15.29032],[-73.78527,-15.29057],[-73.78444,-15.29069],[-73.7838,-15.29058],[-73.78326,-15.29035],[-73.78249,-15.2898],[-73.78187,-15.28919],[-73.78101,-15.28816],[-73.78028,-15.287],[-73.78024,-15.28693],[-73.77903,-15.28396],[-73.77866,-15.28346],[-73.77758,-15.28251],[-73.77752,-15.28244],[-73.77652,-15.28131],[-73.77602,-15.28095],[-73.77542,-15.28076],[-73.77477,-15.2808],[-73.77405,-15.28085],[-73.77401,-15.28085],[-73.77339,-15.28079],[-73.77298,-15.28062],[-73.77276,-15.28042],[-73.77046,-15.28103],[-73.76789,-15.28322],[-73.76807,-15.28341],[-73.76843,-15.28412],[-73.76856,-15.28483],[-73.7686,-15.28505],[-73.76856,-15.28568],[-73.76855,-15.28592],[-73.76832,-15.28665],[-73.76826,-15.28686],[-73.76771,-15.28787],[-73.76715,-15.28862],[-73.76657,-15.28919],[-73.76441,-15.29049],[-73.76392,-15.29103],[-73.76364,-15.29153],[-73.76337,-15.2925],[-73.76331,-15.2935],[-73.7635,-15.29432],[-73.76398,-15.29506],[-73.76466,-15.29549],[-73.76559,-15.29572],[-73.76683,-15.29574],[-73.76944,-15.29559],[-73.77029,-15.29573],[-73.77099,-15.29603],[-73.77162,-15.29647],[-73.7722,-15.29707],[-73.77258,-15.29767],[-73.77332,-15.29921],[-73.77338,-15.29928],[-73.77387,-15.29996],[-73.77495,-15.30106],[-73.77537,-15.30149],[-73.77589,-15.30181],[-73.77652,-15.30203],[-73.77764,-15.30211],[-73.77808,-15.30201],[-73.77882,-15.30186],[-73.77947,-15.30156],[-73.78094,-15.30055],[-73.78184,-15.30028],[-73.78371,-15.30033],[-73.78525,-15.30015],[-73.78609,-15.30005],[-73.78747,-15.29999],[-73.78843,-15.30019],[-73.78916,-15.30054],[-73.78957,-15.30086],[-73.78958,-15.30087],[-73.79009,-15.3015],[-73.79021,-15.30175],[-73.79041,-15.30215],[-73.7906,-15.30283],[-73.79069,-15.30373],[-73.79065,-15.30426],[-73.79051,-15.30628],[-73.79052,-15.30739],[-73.79071,-15.30842],[-73.7913,-15.31035],[-73.79153,-15.31111],[-73.79168,-15.31259],[-73.79161,-15.31325],[-73.7915,-15.31364],[-73.79139,-15.314],[-73.79106,-15.31462],[-73.79068,-15.31514],[-73.79027,-15.31554],[-73.7897,-15.31589],[-73.78912,-15.31607],[-73.7886,-15.31606],[-73.78802,-15.31585],[-73.78752,-15.3154],[-73.78729,-15.31497],[-73.78751,-15.31482],[-73.78785,-15.31453],[-73.78799,-15.31418],[-73.78809,-15.3138],[-73.78806,-15.31326],[-73.78802,-15.31279],[-73.78791,-15.31258],[-73.78757,-15.31209],[-73.78701,-15.31128],[-73.78641,-15.31047],[-73.78524,-15.30903],[-73.78448,-15.30788],[-73.78432,-15.30764],[-73.78397,-15.30715],[-73.78355,-15.30694],[-73.78319,-15.30687],[-73.78289,-15.30687],[-73.7826,-15.30688],[-73.78221,-15.30696],[-73.78187,-15.30713],[-73.7816,-15.30732],[-73.78126,-15.30765],[-73.78086,-15.30819],[-73.78072,-15.30863],[-73.78066,-15.30951],[-73.78067,-15.31035],[-73.78068,-15.31083],[-73.78063,-15.31113],[-73.78047,-15.31137],[-73.78029,-15.31145],[-73.78006,-15.31153],[-73.77978,-15.31153],[-73.77935,-15.31146],[-73.77875,-15.3114],[-73.77852,-15.31137],[-73.77766,-15.31138],[-73.77749,-15.31147],[-73.77741,-15.31161],[-73.77735,-15.3119],[-73.77732,-15.31227],[-73.77729,-15.31323],[-73.7774,-15.31385],[-73.77772,-15.31482],[-73.778,-15.31544],[-73.77804,-15.31574],[-73.77801,-15.31631],[-73.77801,-15.31695],[-73.77812,-15.31744],[-73.77831,-15.31783],[-73.77886,-15.31839],[-73.779,-15.3185],[-73.77912,-15.31882],[-73.77953,-15.32046],[-73.77981,-15.32202],[-73.77981,-15.32304],[-73.77968,-15.32355],[-73.77943,-15.3241],[-73.77874,-15.32486],[-73.77815,-15.32518],[-73.77756,-15.32535],[-73.77696,-15.32538],[-73.77643,-15.32529],[-73.77567,-15.325],[-73.77531,-15.32474],[-73.77487,-15.32444],[-73.77478,-15.32433],[-73.77412,-15.32356],[-73.77357,-15.32256],[-73.77298,-15.32086],[-73.77281,-15.31967],[-73.77252,-15.31766],[-73.77191,-15.31546],[-73.77127,-15.314],[-73.76887,-15.30943],[-73.76801,-15.30735],[-73.76753,-15.30674],[-73.76707,-15.30646],[-73.76701,-15.30643],[-73.76665,-15.30637],[-73.76627,-15.30632],[-73.76566,-15.30651],[-73.76528,-15.30683],[-73.76503,-15.30724],[-73.7649,-15.30781],[-73.76489,-15.30807],[-73.7648,-15.30929],[-73.76464,-15.31001],[-73.7644,-15.3106],[-73.76401,-15.31109],[-73.76398,-15.31112],[-73.7636,-15.31138],[-73.76299,-15.31151],[-73.76149,-15.31118],[-73.76069,-15.31118],[-73.76036,-15.31129],[-73.75998,-15.31143],[-73.75943,-15.31189],[-73.75919,-15.31228],[-73.75918,-15.3123],[-73.75904,-15.31274],[-73.75904,-15.31319],[-73.75902,-15.31463],[-73.75892,-15.3152],[-73.75892,-15.31521],[-73.7586,-15.3158],[-73.7582,-15.31613],[-73.75771,-15.31633],[-73.7571,-15.31638],[-73.75622,-15.31621],[-73.75466,-15.31562],[-73.75412,-15.31549],[-73.75309,-15.31544],[-73.75127,-15.31558],[-73.75009,-15.31581],[-73.74901,-15.31624],[-73.74811,-15.31689],[-73.74802,-15.31703],[-73.74766,-15.31754],[-73.74764,-15.31756],[-73.74746,-15.31832],[-73.74769,-15.31917],[-73.74821,-15.31988],[-73.74929,-15.32081],[-73.75028,-15.32141],[-73.75128,-15.32179],[-73.75214,-15.32191],[-73.75347,-15.32189],[-73.75417,-15.32202],[-73.75459,-15.32228],[-73.75482,-15.32262],[-73.75491,-15.32305],[-73.75479,-15.32349],[-73.75456,-15.32382],[-73.75375,-15.32459],[-73.75334,-15.32517],[-73.75312,-15.32569],[-73.753,-15.32641],[-73.75303,-15.32715],[-73.75318,-15.3278],[-73.75362,-15.32912],[-73.75429,-15.33116],[-73.75419,-15.33136],[-73.75461,-15.33134],[-73.75625,-15.33179],[-73.75689,-15.33232],[-73.7569,-15.3324],[-73.75715,-15.33339],[-73.75716,-15.33339],[-73.75717,-15.33438],[-73.75704,-15.33495],[-73.75685,-15.33536],[-73.75641,-15.33597],[-73.75482,-15.33753],[-73.75358,-15.33926],[-73.75288,-15.34048],[-73.7523,-15.34229],[-73.7521,-15.34333],[-73.75203,-15.34412],[-73.75221,-15.34677],[-73.75252,-15.34828],[-73.75283,-15.34884],[-73.75328,-15.34928],[-73.75395,-15.34966],[-73.75492,-15.35001],[-73.75567,-15.35016],[-73.75628,-15.35016],[-73.75699,-15.35],[-73.75759,-15.34972],[-73.75852,-15.34909],[-73.75903,-15.34861],[-73.75945,-15.34782],[-73.75961,-15.34668],[-73.75951,-15.34577],[-73.75901,-15.34366],[-73.75896,-15.34276],[-73.75922,-15.34157],[-73.75977,-15.34012],[-73.76021,-15.33929],[-73.76079,-15.33847],[-73.76139,-15.33781],[-73.76231,-15.33694],[-73.76305,-15.33634],[-73.76371,-15.33593],[-73.76434,-15.33567],[-73.76495,-15.33556],[-73.76545,-15.33557],[-73.76593,-15.33569],[-73.76639,-15.33591],[-73.76689,-15.33629],[-73.76726,-15.33669],[-73.76771,-15.3374],[-73.76881,-15.33975],[-73.76935,-15.34059],[-73.76987,-15.34108],[-73.77158,-15.342],[-73.77221,-15.34266],[-73.77255,-15.34319],[-73.77288,-15.34397],[-73.77329,-15.34536],[-73.77381,-15.34715],[-73.77409,-15.34771],[-73.77436,-15.34802],[-73.77446,-15.34814],[-73.7751,-15.34845],[-73.7757,-15.34847],[-73.77623,-15.34831],[-73.77735,-15.34783],[-73.77758,-15.34773],[-73.77809,-15.34779],[-73.77928,-15.34644],[-73.77932,-15.3464],[-73.77962,-15.34545],[-73.77977,-15.34496],[-73.77988,-15.3446],[-73.77955,-15.34274],[-73.77904,-15.34212],[-73.77876,-15.3419],[-73.77769,-15.34105],[-73.77685,-15.34056],[-73.77682,-15.34054],[-73.77682,-15.34054],[-73.77682,-15.34054],[-73.77678,-15.34052],[-73.7766,-15.34041],[-73.77645,-15.34032],[-73.7764,-15.34022],[-73.77636,-15.34015],[-73.77621,-15.33985],[-73.77595,-15.33936],[-73.77634,-15.33874],[-73.77643,-15.33872],[-73.77664,-15.33865],[-73.7769,-15.33857],[-73.77751,-15.33866],[-73.7779,-15.33872],[-73.77808,-15.33874],[-73.77887,-15.3386],[-73.77889,-15.33859],[-73.77984,-15.33841],[-73.77988,-15.33841],[-73.78116,-15.33793],[-73.78139,-15.33785],[-73.7814,-15.33784],[-73.78142,-15.33784],[-73.78149,-15.33783],[-73.78326,-15.33762],[-73.78484,-15.33796],[-73.78528,-15.33798],[-73.78574,-15.33801],[-73.78585,-15.33801],[-73.78777,-15.33863],[-73.78852,-15.3388],[-73.78928,-15.33897],[-73.79081,-15.33976],[-73.79103,-15.33981],[-73.79106,-15.33982],[-73.79145,-15.33991],[-73.79186,-15.34001],[-73.79199,-15.34004],[-73.79248,-15.33991],[-73.79271,-15.33985],[-73.79306,-15.33976],[-73.79352,-15.33928],[-73.79353,-15.33926],[-73.79415,-15.33861],[-73.79418,-15.33857],[-73.79444,-15.3383],[-73.79577,-15.33689],[-73.79599,-15.33666],[-73.79739,-15.3357],[-73.79854,-15.33472],[-73.79856,-15.33471],[-73.79858,-15.33469],[-73.79918,-15.33381],[-73.79919,-15.33379],[-73.80019,-15.33163],[-73.80021,-15.33159],[-73.80024,-15.33144],[-73.80057,-15.33003],[-73.80066,-15.32962],[-73.80096,-15.32857],[-73.80173,-15.32754],[-73.80231,-15.32678],[-73.80232,-15.32677],[-73.80259,-15.32642],[-73.8037,-15.32565],[-73.80593,-15.32445],[-73.80736,-15.32433],[-73.80739,-15.32432],[-73.80799,-15.32427],[-73.8085,-15.32439],[-73.8091,-15.32453],[-73.80975,-15.32465],[-73.81048,-15.32479],[-73.81098,-15.32487],[-73.81099,-15.32487],[-73.81229,-15.32506],[-73.81547,-15.32553],[-73.81649,-15.32559],[-73.8166,-15.32559],[-73.8166,-15.32559],[-73.81661,-15.32559],[-73.81786,-15.32567],[-73.81782,-15.3255],[-73.81717,-15.3238],[-73.81735,-15.32322],[-73.81765,-15.32189],[-73.81782,-15.321],[-73.81804,-15.32009],[-73.81824,-15.31957],[-73.8189,-15.31813],[-73.8191,-15.31767],[-73.8197,-15.31631],[-73.81991,-15.3158],[-73.82036,-15.31559],[-73.82112,-15.31551],[-73.82182,-15.31567],[-73.82264,-15.31614],[-73.82304,-15.31651],[-73.82333,-15.31691],[-73.82417,-15.3187],[-73.82484,-15.31977],[-73.82565,-15.32063],[-73.82606,-15.32091],[-73.8266,-15.32112],[-73.82709,-15.32117],[-73.82778,-15.3211],[-73.82931,-15.32064],[-73.82996,-15.32054],[-73.83057,-15.32063],[-73.83167,-15.32112],[-73.83225,-15.32121],[-73.83288,-15.32105],[-73.83403,-15.32058],[-73.83471,-15.32054],[-73.8353,-15.32076],[-73.83637,-15.32155],[-73.83717,-15.32194],[-73.83771,-15.32212],[-73.83874,-15.32246],[-73.83994,-15.32265],[-73.84088,-15.32257],[-73.84175,-15.32226],[-73.84239,-15.32185],[-73.84298,-15.32114],[-73.84315,-15.32067],[-73.84317,-15.32025],[-73.84303,-15.3196],[-73.84278,-15.31902],[-73.8425,-15.3186],[-73.84205,-15.31817],[-73.84054,-15.31741],[-73.83997,-15.3169],[-73.83974,-15.31644],[-73.83939,-15.31504],[-73.83856,-15.31334],[-73.83833,-15.31266],[-73.8383,-15.31197],[-73.83845,-15.31144],[-73.83964,-15.30965],[-73.84015,-15.30845],[-73.84026,-15.30744],[-73.84002,-15.30536],[-73.84012,-15.30424],[-73.8404,-15.30343],[-73.84099,-15.30253],[-73.84171,-15.30191],[-73.84254,-15.30148],[-73.84309,-15.30135],[-73.84371,-15.30135],[-73.84549,-15.30175],[-73.84616,-15.30181],[-73.8467,-15.30175],[-73.84727,-15.30151],[-73.84776,-15.30108],[-73.84804,-15.30058],[-73.84825,-15.2998],[-73.8483,-15.29894],[-73.8482,-15.29809],[-73.8479,-15.29726],[-73.84741,-15.29662],[-73.84681,-15.29616],[-73.84611,-15.29586],[-73.84555,-15.29575],[-73.84321,-15.29575],[-73.84267,-15.29558],[-73.84217,-15.29523],[-73.84174,-15.2945],[-73.84164,-15.29374],[-73.84177,-15.2931],[-73.84226,-15.29193],[-73.84222,-15.29192],[-73.84247,-15.29131],[-73.84254,-15.29034],[-73.84236,-15.28919],[-73.84242,-15.28841],[-73.84286,-15.28774],[-73.8438,-15.28769],[-73.8448,-15.288],[-73.84579,-15.28836],[-73.84648,-15.28819],[-73.84679,-15.2877],[-73.84673,-15.28704],[-73.84649,-15.28595],[-73.8465,-15.28504],[-73.84681,-15.2845],[-73.84743,-15.28444],[-73.84793,-15.28468],[-73.84836,-15.28541],[-73.84867,-15.28644],[-73.84885,-15.28771],[-73.84903,-15.28941],[-73.84902,-15.29044],[-73.84964,-15.29111],[-73.85051,-15.29117],[-73.85108,-15.29039],[-73.85108,-15.28954],[-73.85103,-15.28809],[-73.85098,-15.28633],[-73.85074,-15.2847],[-73.85068,-15.28294],[-73.85094,-15.28222],[-73.85125,-15.2821],[-73.85187,-15.2821],[-73.85256,-15.28247],[-73.85342,-15.2835],[-73.85398,-15.28466],[-73.85472,-15.28623],[-73.85502,-15.28811],[-73.85501,-15.28974],[-73.85538,-15.29108],[-73.85587,-15.29211],[-73.85668,-15.2926],[-73.8578,-15.29236],[-73.85805,-15.29157],[-73.85837,-15.29049],[-73.85826,-15.28879],[-73.8582,-15.28698],[-73.85816,-15.28383],[-73.85787,-15.27983],[-73.85782,-15.27808],[-73.85789,-15.27645],[-73.8582,-15.27578],[-73.85876,-15.27554],[-73.85976,-15.27561],[-73.86032,-15.27616],[-73.86106,-15.27719],[-73.86168,-15.27828],[-73.86199,-15.27925],[-73.86217,-15.2807],[-73.8626,-15.28173],[-73.86259,-15.28246],[-73.86253,-15.28331],[-73.86215,-15.28533],[-73.86145,-15.28645],[-73.86101,-15.28782],[-73.86076,-15.28975],[-73.86082,-15.29072],[-73.86107,-15.29175],[-73.86237,-15.29447],[-73.86289,-15.29582],[-73.86301,-15.29654],[-73.86293,-15.29746],[-73.86262,-15.29822],[-73.86228,-15.29868],[-73.86072,-15.29987],[-73.86005,-15.30049],[-73.85962,-15.3011],[-73.85933,-15.3018],[-73.85908,-15.30314],[-73.85903,-15.30428],[-73.85914,-15.30529],[-73.85954,-15.30698],[-73.85966,-15.30784],[-73.85963,-15.30814],[-73.85958,-15.30862],[-73.85931,-15.30923],[-73.8589,-15.30965],[-73.85819,-15.31004],[-73.8569,-15.31051],[-73.85672,-15.31056],[-73.85514,-15.311],[-73.85444,-15.31132],[-73.85367,-15.31195],[-73.85322,-15.31275],[-73.85312,-15.3136],[-73.85355,-15.31536],[-73.85352,-15.3161],[-73.85324,-15.3167],[-73.85213,-15.31828],[-73.85162,-15.31923],[-73.85124,-15.32046],[-73.85096,-15.32212],[-73.85108,-15.32362],[-73.85186,-15.32608],[-73.85188,-15.3262],[-73.85194,-15.32619],[-73.85254,-15.32614],[-73.85263,-15.32614],[-73.85285,-15.32612],[-73.85342,-15.32608],[-73.85412,-15.32604],[-73.85569,-15.32596],[-73.85596,-15.32598],[-73.85631,-15.326],[-73.85643,-15.32601],[-73.85844,-15.32612],[-73.86005,-15.32612],[-73.8614,-15.32593],[-73.86296,-15.32532],[-73.86297,-15.32531],[-73.86307,-15.32526],[-73.86326,-15.32515],[-73.86404,-15.3247],[-73.86473,-15.32423],[-73.865,-15.32405],[-73.86511,-15.32397],[-73.86518,-15.32399],[-73.8652,-15.324],[-73.86533,-15.32405],[-73.86564,-15.32416],[-73.86565,-15.32416],[-73.86611,-15.32466],[-73.86646,-15.32557],[-73.86647,-15.3256],[-73.86656,-15.32583],[-73.86657,-15.32585],[-73.86657,-15.32585],[-73.86657,-15.32585],[-73.86691,-15.32686],[-73.8671,-15.32742],[-73.86791,-15.32972],[-73.86844,-15.33053],[-73.86872,-15.33096],[-73.86921,-15.33171],[-73.87093,-15.33294],[-73.87096,-15.33296],[-73.87113,-15.33306],[-73.87115,-15.33308],[-73.8712,-15.33311],[-73.87122,-15.33312],[-73.87287,-15.33418],[-73.87336,-15.33449],[-73.8735,-15.33458],[-73.87361,-15.33463],[-73.87489,-15.33515],[-73.87517,-15.33526],[-73.87557,-15.33543],[-73.87565,-15.33547],[-73.87567,-15.33548],[-73.87711,-15.33623],[-73.87814,-15.33673],[-73.87936,-15.33723],[-73.87997,-15.33733],[-73.88005,-15.33734],[-73.88029,-15.33738],[-73.88166,-15.33749],[-73.88281,-15.3373],[-73.88358,-15.33707],[-73.88397,-15.33714],[-73.88404,-15.33715],[-73.88404,-15.33716],[-73.88408,-15.33744],[-73.88416,-15.33733],[-73.88422,-15.33728],[-73.88523,-15.33636],[-73.88602,-15.33614],[-73.88567,-15.33766],[-73.88545,-15.33818],[-73.88528,-15.33859],[-73.88533,-15.33973],[-73.88545,-15.34049],[-73.88549,-15.34076],[-73.88532,-15.34174],[-73.88487,-15.34223],[-73.88414,-15.34271],[-73.88324,-15.34303],[-73.88323,-15.34434],[-73.88267,-15.34477],[-73.88183,-15.34482],[-73.88169,-15.34476],[-73.88099,-15.34444],[-73.88099,-15.34367],[-73.88111,-15.34302],[-73.88145,-15.3421],[-73.88155,-15.34197],[-73.88086,-15.34163],[-73.88078,-15.34183],[-73.88027,-15.34253],[-73.87971,-15.34285],[-73.87898,-15.34339],[-73.87864,-15.34301],[-73.8787,-15.34281],[-73.87864,-15.34287],[-73.87786,-15.34516],[-73.87746,-15.34809],[-73.87737,-15.34856],[-73.87695,-15.35076],[-73.87598,-15.35309],[-73.87597,-15.35311],[-73.8757,-15.35359],[-73.87486,-15.35507],[-73.87484,-15.35521],[-73.87456,-15.35681],[-73.87453,-15.35696],[-73.87452,-15.35701],[-73.8745,-15.3571],[-73.87439,-15.35757],[-73.87429,-15.35799],[-73.87428,-15.358],[-73.87415,-15.35859],[-73.87428,-15.36041],[-73.87417,-15.36168],[-73.87415,-15.36198],[-73.87409,-15.36309],[-73.87409,-15.36315],[-73.87408,-15.36335],[-73.87408,-15.36335],[-73.8744,-15.36406],[-73.87442,-15.3641],[-73.87444,-15.36413],[-73.87459,-15.36442],[-73.87492,-15.36504],[-73.87495,-15.36511],[-73.87498,-15.36515],[-73.87512,-15.36543],[-73.87525,-15.36706],[-73.87517,-15.36818],[-73.87512,-15.36882],[-73.87481,-15.37053],[-73.87473,-15.37097],[-73.87468,-15.37109],[-73.87452,-15.37157],[-73.87434,-15.37208],[-73.87424,-15.37225],[-73.87382,-15.37299],[-73.87325,-15.37393],[-73.87303,-15.3743],[-73.87267,-15.37523],[-73.87231,-15.37612],[-73.87207,-15.37658],[-73.8717,-15.37726],[-73.87154,-15.37756],[-73.87108,-15.37854],[-73.87101,-15.37891],[-73.87089,-15.37952],[-73.87082,-15.37991],[-73.87095,-15.38101],[-73.87128,-15.38232],[-73.87212,-15.38362],[-73.87251,-15.38411],[-73.87266,-15.3843],[-73.87284,-15.38453],[-73.87295,-15.38462],[-73.87357,-15.38508],[-73.8746,-15.38584],[-73.87462,-15.38586],[-73.87512,-15.3862],[-73.87544,-15.38642],[-73.8757,-15.38671],[-73.87575,-15.38677],[-73.87588,-15.38691],[-73.8761,-15.38714],[-73.87648,-15.38757],[-73.87648,-15.38758],[-73.87701,-15.38819],[-73.87705,-15.38877],[-73.87706,-15.38884],[-73.87708,-15.38916],[-73.87688,-15.38955],[-73.87649,-15.39034],[-73.87617,-15.39071],[-73.87608,-15.39083],[-73.87606,-15.39085],[-73.87601,-15.3909],[-73.87599,-15.39093],[-73.87518,-15.3919],[-73.87458,-15.39273],[-73.87401,-15.39353],[-73.87375,-15.39389],[-73.87364,-15.39404],[-73.87364,-15.39404],[-73.87364,-15.39405],[-73.87349,-15.39425],[-73.8733,-15.39448],[-73.87267,-15.39528],[-73.87172,-15.39647],[-73.87167,-15.39653],[-73.87158,-15.39666],[-73.87095,-15.39757],[-73.87072,-15.398],[-73.87068,-15.39808],[-73.8706,-15.39824],[-73.87023,-15.39894],[-73.87013,-15.39919],[-73.87003,-15.39945],[-73.86971,-15.40025],[-73.86974,-15.40094],[-73.86977,-15.40153],[-73.86977,-15.40162],[-73.86979,-15.40168],[-73.86979,-15.40171],[-73.87016,-15.40377],[-73.87024,-15.40418],[-73.8703,-15.40445],[-73.87035,-15.4047],[-73.87056,-15.40579],[-73.87076,-15.40628],[-73.87087,-15.40656],[-73.87114,-15.40722],[-73.87176,-15.40769],[-73.87216,-15.40798],[-73.87218,-15.40801],[-73.87241,-15.4082],[-73.87267,-15.40844],[-73.87326,-15.40896],[-73.87336,-15.40905],[-73.8734,-15.40922],[-73.8734,-15.40924],[-73.87344,-15.40939],[-73.87356,-15.4099],[-73.87356,-15.41055],[-73.87354,-15.41077],[-73.87352,-15.41105],[-73.87349,-15.41137],[-73.87349,-15.41139],[-73.87349,-15.4114],[-73.87349,-15.4114],[-73.87349,-15.4114],[-73.87265,-15.41252],[-73.87218,-15.41316],[-73.87195,-15.41336],[-73.87168,-15.41359],[-73.87088,-15.41426],[-73.8701,-15.41531],[-73.86969,-15.41592],[-73.8688,-15.41726],[-73.8687,-15.41783],[-73.86869,-15.41788],[-73.86869,-15.41793],[-73.86841,-15.41961],[-73.86818,-15.42088],[-73.86809,-15.42136],[-73.86808,-15.42144],[-73.86811,-15.42198],[-73.86814,-15.42265],[-73.86821,-15.42391],[-73.86823,-15.42447],[-73.86825,-15.4255],[-73.86827,-15.42613],[-73.86842,-15.42646],[-73.86855,-15.42675],[-73.86951,-15.42893],[-73.86966,-15.42912],[-73.87015,-15.42978],[-73.87088,-15.43076],[-73.87157,-15.432],[-73.87179,-15.43238],[-73.87206,-15.43286],[-73.87212,-15.43298],[-73.87336,-15.43474],[-73.87442,-15.4362],[-73.87496,-15.43694],[-73.87577,-15.43806],[-73.87656,-15.43915],[-73.87662,-15.43907],[-73.87686,-15.43879],[-73.87687,-15.43878],[-73.87697,-15.4387],[-73.87713,-15.43858],[-73.87746,-15.43831],[-73.87809,-15.43809],[-73.87881,-15.43792],[-73.87931,-15.43781],[-73.88006,-15.43772],[-73.88037,-15.43768],[-73.88112,-15.43793],[-73.88131,-15.43796],[-73.88198,-15.43807],[-73.88234,-15.43812],[-73.88277,-15.43815],[-73.88366,-15.4382],[-73.8839,-15.43822],[-73.88547,-15.43831],[-73.88744,-15.43878],[-73.88817,-15.43897],[-73.88817,-15.43898],[-73.88818,-15.43898],[-73.88857,-15.43908],[-73.88864,-15.4391],[-73.88872,-15.43918],[-73.88931,-15.43978],[-73.88975,-15.44043],[-73.88984,-15.44056],[-73.88985,-15.44059],[-73.88985,-15.44059],[-73.88986,-15.44059],[-73.88994,-15.44088],[-73.89012,-15.44146],[-73.89053,-15.44261],[-73.89084,-15.44344],[-73.89085,-15.44346],[-73.89096,-15.44374],[-73.89127,-15.44456],[-73.89132,-15.44467],[-73.89158,-15.44527],[-73.89255,-15.44746],[-73.8933,-15.44868],[-73.89381,-15.44925],[-73.8939,-15.44935],[-73.89462,-15.4496],[-73.89524,-15.44982],[-73.89525,-15.44982],[-73.89525,-15.44982],[-73.89592,-15.45011],[-73.89694,-15.45053],[-73.89734,-15.4507],[-73.89748,-15.45073],[-73.89839,-15.45096],[-73.90086,-15.45156],[-73.90102,-15.45159],[-73.90259,-15.45186],[-73.90421,-15.45215],[-73.90561,-15.45237],[-73.90712,-15.45307],[-73.90768,-15.45336],[-73.90971,-15.45442],[-73.91251,-15.45625],[-73.91307,-15.45674],[-73.91459,-15.45808],[-73.91461,-15.4581],[-73.91478,-15.45825],[-73.91539,-15.45877],[-73.91572,-15.45905],[-73.91678,-15.45995],[-73.91682,-15.45999],[-73.91769,-15.46073],[-73.91771,-15.46075],[-73.91792,-15.46104],[-73.91882,-15.46224],[-73.91942,-15.46322],[-73.91947,-15.46331],[-73.9198,-15.46385],[-73.91992,-15.46405],[-73.91994,-15.46408],[-73.92007,-15.46429],[-73.92058,-15.46472],[-73.9207,-15.46481],[-73.92072,-15.46483],[-73.92124,-15.46523],[-73.9219,-15.46575],[-73.92198,-15.46583],[-73.92254,-15.46639],[-73.92341,-15.46726],[-73.92344,-15.46732],[-73.92376,-15.46785],[-73.92426,-15.46871],[-73.92451,-15.46913],[-73.92477,-15.46957],[-73.92479,-15.46959],[-73.92493,-15.46983],[-73.92503,-15.47001],[-73.92532,-15.47052],[-73.92543,-15.47072],[-73.92566,-15.47112],[-73.92566,-15.47112],[-73.92566,-15.47112],[-73.926,-15.47173],[-73.9265,-15.47199],[-73.92697,-15.47222],[-73.9273,-15.47238],[-73.92811,-15.47276],[-73.92916,-15.47325],[-73.9292,-15.47326],[-73.9294,-15.47335],[-73.92941,-15.47338],[-73.92963,-15.47374],[-73.92964,-15.47374],[-73.93017,-15.47461],[-73.93032,-15.47487],[-73.93054,-15.47525],[-73.93099,-15.47606],[-73.93113,-15.47632],[-73.93127,-15.47646],[-73.93154,-15.47673],[-73.93173,-15.47693],[-73.93191,-15.4771],[-73.93221,-15.47741],[-73.93236,-15.47756],[-73.93291,-15.4781],[-73.93361,-15.47902],[-73.93384,-15.47932],[-73.93485,-15.48064],[-73.93509,-15.4809],[-73.93593,-15.48182],[-73.93623,-15.48196],[-73.937,-15.48231],[-73.93702,-15.48231],[-73.93745,-15.48237],[-73.93822,-15.48248],[-73.93858,-15.48253],[-73.93987,-15.48296],[-73.9403,-15.48339],[-73.94032,-15.48342],[-73.94047,-15.48363],[-73.9409,-15.48425],[-73.94116,-15.48493],[-73.94118,-15.48498],[-73.94127,-15.48522],[-73.94141,-15.48538],[-73.942,-15.48601],[-73.94267,-15.48673],[-73.94271,-15.48677],[-73.94275,-15.48681],[-73.94298,-15.48671],[-73.9436,-15.48611],[-73.94448,-15.48527],[-73.94417,-15.48232],[-73.94291,-15.47983],[-73.94214,-15.47795],[-73.94196,-15.4775],[-73.94309,-15.47425],[-73.94384,-15.47258],[-73.94455,-15.471],[-73.94469,-15.46838],[-73.94473,-15.46774],[-73.94421,-15.46602],[-73.94394,-15.4651],[-73.94202,-15.46463],[-73.93978,-15.46477],[-73.93944,-15.46502],[-73.93802,-15.46601],[-73.93796,-15.46602],[-73.93626,-15.46646],[-73.93258,-15.46583],[-73.93052,-15.46271],[-73.9304,-15.46171],[-73.93031,-15.46096],[-73.93021,-15.46007],[-73.93032,-15.45884],[-73.93037,-15.45836],[-73.93038,-15.45821],[-73.93043,-15.45798],[-73.93071,-15.45666],[-73.92992,-15.45418],[-73.92867,-15.45331],[-73.92769,-15.45262],[-73.92757,-15.45141],[-73.9275,-15.4508],[-73.92739,-15.44967],[-73.92745,-15.44946],[-73.92804,-15.44766],[-73.92982,-15.44239],[-73.93128,-15.43976],[-73.93135,-15.43937],[-73.93193,-15.43651],[-73.9321,-15.43496],[-73.93147,-15.43294],[-73.93077,-15.43269],[-73.93,-15.43241],[-73.92992,-15.43247],[-73.92862,-15.43246],[-73.92788,-15.43246],[-73.92768,-15.43241],[-73.92657,-15.43214],[-73.92641,-15.43209],[-73.92511,-15.43137],[-73.9243,-15.43126],[-73.9237,-15.43109],[-73.92337,-15.43025],[-73.92295,-15.43033],[-73.9228,-15.4299],[-73.92281,-15.42988],[-73.9238,-15.42876],[-73.92451,-15.42803],[-73.92434,-15.42762],[-73.92434,-15.42744],[-73.92432,-15.4269],[-73.92578,-15.42607],[-73.9267,-15.42641],[-73.92739,-15.42667],[-73.92825,-15.42723],[-73.93003,-15.42698],[-73.93014,-15.42724],[-73.93031,-15.42763],[-73.93161,-15.42764],[-73.9329,-15.428],[-73.93419,-15.42783],[-73.93494,-15.42747],[-73.93605,-15.42658],[-73.93717,-15.42533],[-73.93732,-15.42497],[-73.93777,-15.42431],[-73.93897,-15.42388],[-73.93943,-15.42342],[-73.93955,-15.4233],[-73.93963,-15.42333],[-73.93978,-15.4234],[-73.94046,-15.42371],[-73.94107,-15.42372],[-73.94157,-15.42373],[-73.94262,-15.42338],[-73.9435,-15.42263],[-73.94372,-15.42137],[-73.94374,-15.42129],[-73.94377,-15.42123],[-73.944,-15.42079],[-73.94505,-15.4204],[-73.94526,-15.42038],[-73.94625,-15.41967],[-73.9469,-15.41781],[-73.9469,-15.41648],[-73.94691,-15.41595],[-73.94668,-15.41577],[-73.94543,-15.41554],[-73.94424,-15.41532],[-73.94314,-15.41434],[-73.9424,-15.4137],[-73.94149,-15.41172],[-73.94131,-15.40939],[-73.94188,-15.40777],[-73.9427,-15.40709],[-73.94319,-15.40667],[-73.94336,-15.40652],[-73.94429,-15.40545],[-73.94522,-15.40492],[-73.94633,-15.40475],[-73.94707,-15.40547],[-73.94771,-15.40625],[-73.94854,-15.40727],[-73.94866,-15.40743],[-73.94884,-15.40769],[-73.95024,-15.40764],[-73.95103,-15.4076],[-73.95262,-15.40875],[-73.95314,-15.40883],[-73.95348,-15.40888],[-73.95524,-15.40815],[-73.95614,-15.40731],[-73.95661,-15.40627],[-73.95696,-15.40458],[-73.95861,-15.40369],[-73.95857,-15.40235],[-73.95905,-15.40167],[-73.95962,-15.40049],[-73.95983,-15.39984],[-73.95992,-15.39916],[-73.95989,-15.39874],[-73.95986,-15.3984],[-73.9597,-15.39757],[-73.95964,-15.39684],[-73.95938,-15.39616],[-73.95934,-15.39605],[-73.95906,-15.39494],[-73.95884,-15.39409],[-73.95872,-15.39381],[-73.95868,-15.39373],[-73.95874,-15.39343],[-73.95876,-15.3933],[-73.95897,-15.39271],[-73.95919,-15.3924],[-73.9591,-15.39221],[-73.95903,-15.39183],[-73.95884,-15.39092],[-73.95817,-15.39043],[-73.9581,-15.39032],[-73.95631,-15.38738],[-73.95578,-15.38617],[-73.95456,-15.38338],[-73.95345,-15.38083],[-73.95358,-15.38057],[-73.95507,-15.37742],[-73.95604,-15.37711],[-73.95624,-15.37688],[-73.95797,-15.37494],[-73.95847,-15.37434],[-73.95927,-15.37339],[-73.96312,-15.37185],[-73.9676,-15.37498],[-73.9681,-15.37577],[-73.97078,-15.37998],[-73.97183,-15.37925],[-73.9727,-15.37864],[-73.97295,-15.37847],[-73.97433,-15.37751],[-73.97487,-15.37442],[-73.97454,-15.37442],[-73.97445,-15.37314],[-73.97445,-15.37302],[-73.97434,-15.37086],[-73.97395,-15.36959],[-73.97396,-15.36769],[-73.97397,-15.36604],[-73.97398,-15.36592],[-73.97411,-15.36414],[-73.97359,-15.36237],[-73.97313,-15.36089],[-73.97308,-15.36072],[-73.97296,-15.35882],[-73.97349,-15.35667],[-73.97359,-15.35635],[-73.97372,-15.35592],[-73.97351,-15.35561],[-73.97273,-15.35493],[-73.97184,-15.35454],[-73.97151,-15.35445],[-73.97095,-15.35431],[-73.97012,-15.35467],[-73.96936,-15.35536],[-73.96936,-15.35536],[-73.96853,-15.35603],[-73.96836,-15.35617],[-73.96689,-15.35721],[-73.96606,-15.35785],[-73.96464,-15.35861],[-73.96293,-15.35908],[-73.96145,-15.35909],[-73.96127,-15.35899],[-73.96061,-15.35864],[-73.9599,-15.35807],[-73.95978,-15.35796],[-73.95957,-15.35777],[-73.95935,-15.35755],[-73.95918,-15.3574],[-73.95906,-15.35728],[-73.95846,-15.35665],[-73.95774,-15.35546],[-73.95732,-15.35472],[-73.95696,-15.35392],[-73.95689,-15.35333],[-73.95676,-15.35226],[-73.95687,-15.35071],[-73.9571,-15.34939],[-73.95738,-15.34825],[-73.95784,-15.34692],[-73.95837,-15.34583],[-73.95889,-15.34462],[-73.95895,-15.34449],[-73.95942,-15.34347],[-73.95974,-15.3426],[-73.95982,-15.34239],[-73.96017,-15.34141],[-73.96063,-15.33963],[-73.9605,-15.33825],[-73.96019,-15.33746],[-73.95959,-15.33654],[-73.95844,-15.33535],[-73.95828,-15.33518],[-73.95823,-15.33515],[-73.95697,-15.33439],[-73.95572,-15.33423],[-73.9547,-15.33429],[-73.95465,-15.33429],[-73.95317,-15.33442],[-73.95187,-15.33472],[-73.95111,-15.33524],[-73.95028,-15.33572],[-73.94898,-15.33669],[-73.94817,-15.33698],[-73.94768,-15.33716],[-73.94679,-15.33705],[-73.94542,-15.33632],[-73.94467,-15.33573],[-73.94435,-15.33548],[-73.94381,-15.33507],[-73.9428,-15.33451],[-73.94203,-15.33405],[-73.941,-15.33357],[-73.94072,-15.33344],[-73.93941,-15.33299],[-73.93757,-15.33295],[-73.93674,-15.33322],[-73.93651,-15.3333],[-73.9352,-15.33314],[-73.93491,-15.33199],[-73.93487,-15.33121],[-73.9348,-15.33096],[-73.9348,-15.33047],[-73.9348,-15.33008],[-73.9348,-15.3297],[-73.93462,-15.32802],[-73.93436,-15.32758],[-73.93378,-15.32697],[-73.93351,-15.32653],[-73.93335,-15.32584],[-73.93331,-15.32568],[-73.93329,-15.32504],[-73.9332,-15.32451],[-73.93309,-15.32384],[-73.93302,-15.32361],[-73.93282,-15.32324],[-73.93235,-15.32275],[-73.93221,-15.32253],[-73.93086,-15.32138],[-73.93012,-15.32114],[-73.92998,-15.32103],[-73.92992,-15.32089],[-73.92994,-15.32079],[-73.93001,-15.32071],[-73.93062,-15.32041],[-73.93073,-15.32028],[-73.93078,-15.32016],[-73.93078,-15.31999],[-73.9306,-15.31958],[-73.93063,-15.31947],[-73.93072,-15.31942],[-73.93094,-15.31942],[-73.93134,-15.31955],[-73.93146,-15.31961],[-73.93284,-15.32033],[-73.93364,-15.32067],[-73.93372,-15.32069],[-73.93463,-15.32093],[-73.93527,-15.32094],[-73.93551,-15.3209],[-73.93574,-15.32076],[-73.93595,-15.32072],[-73.93653,-15.32072],[-73.9372,-15.3208],[-73.93768,-15.3208],[-73.93824,-15.32064],[-73.9388,-15.32026],[-73.93994,-15.3201],[-73.94025,-15.32001],[-73.9407,-15.31968],[-73.94081,-15.31956],[-73.94093,-15.31941],[-73.9414,-15.31908],[-73.94158,-15.31902],[-73.94209,-15.31904],[-73.94214,-15.3191],[-73.94268,-15.31933],[-73.94394,-15.31952],[-73.94416,-15.31955],[-73.94467,-15.31963],[-73.94517,-15.32],[-73.94604,-15.32087],[-73.94694,-15.32138],[-73.94722,-15.3217],[-73.94741,-15.32191],[-73.94765,-15.32207],[-73.94791,-15.32214],[-73.9481,-15.32213],[-73.94815,-15.3221],[-73.94835,-15.32071],[-73.9486,-15.32005],[-73.94888,-15.31932],[-73.94893,-15.31911],[-73.94916,-15.3182],[-73.94866,-15.3179],[-73.94841,-15.31769],[-73.94818,-15.31761],[-73.94792,-15.31687],[-73.94784,-15.31672],[-73.94749,-15.31609],[-73.94749,-15.31572],[-73.94752,-15.31566],[-73.94769,-15.31526],[-73.94784,-15.31503],[-73.94788,-15.31489],[-73.94797,-15.31452],[-73.94804,-15.31441],[-73.94803,-15.31393],[-73.94789,-15.31323],[-73.94787,-15.31311],[-73.94785,-15.31302],[-73.94788,-15.3127],[-73.94794,-15.31262],[-73.94808,-15.31257],[-73.94866,-15.31251],[-73.94939,-15.31233],[-73.9497,-15.31209],[-73.94985,-15.31192],[-73.95003,-15.31171],[-73.95032,-15.31153],[-73.95063,-15.31143],[-73.95127,-15.31133],[-73.95156,-15.31128],[-73.95249,-15.31097],[-73.95259,-15.31093],[-73.9529,-15.31077],[-73.95311,-15.31054],[-73.95317,-15.31047],[-73.95318,-15.31024],[-73.95318,-15.31023],[-73.9531,-15.30997],[-73.95287,-15.30964],[-73.95281,-15.30956],[-73.95274,-15.30939],[-73.95284,-15.30897],[-73.95289,-15.3089],[-73.95303,-15.30869],[-73.95324,-15.30847],[-73.95328,-15.30831],[-73.95313,-15.30776],[-73.9529,-15.30733],[-73.95282,-15.30717],[-73.95292,-15.30599],[-73.95279,-15.30528],[-73.95264,-15.30484],[-73.95265,-15.30463],[-73.95275,-15.30445],[-73.95287,-15.30437],[-73.95383,-15.30436],[-73.95447,-15.30408],[-73.95449,-15.30405],[-73.95481,-15.30363],[-73.95491,-15.30339],[-73.95494,-15.30282],[-73.9553,-15.30219],[-73.9557,-15.30194],[-73.95621,-15.30163],[-73.95637,-15.30157],[-73.95659,-15.30148],[-73.9571,-15.30118],[-73.95759,-15.30082],[-73.95787,-15.30032],[-73.9579,-15.30011],[-73.95781,-15.29974],[-73.95755,-15.29943],[-73.95759,-15.29899],[-73.95766,-15.29875],[-73.95759,-15.29808],[-73.9577,-15.29778],[-73.95808,-15.29727],[-73.95826,-15.29709],[-73.95823,-15.29635],[-73.95814,-15.29622],[-73.95751,-15.29581],[-73.95742,-15.29571],[-73.9574,-15.2956],[-73.95751,-15.29544],[-73.95791,-15.29528],[-73.95836,-15.29489],[-73.95849,-15.29447],[-73.95842,-15.2941],[-73.9586,-15.29355],[-73.95885,-15.29331],[-73.95993,-15.29312],[-73.96049,-15.29307],[-73.96225,-15.29292],[-73.96379,-15.29271],[-73.96409,-15.2926],[-73.96435,-15.29239],[-73.96447,-15.29215],[-73.96451,-15.29122],[-73.96439,-15.29096],[-73.96422,-15.29062],[-73.96416,-15.29019],[-73.96385,-15.2895],[-73.96338,-15.28897],[-73.96329,-15.28857],[-73.96316,-15.28797],[-73.96271,-15.28699],[-73.96231,-15.28644],[-73.9617,-15.28587],[-73.961,-15.28545],[-73.96036,-15.28524],[-73.95975,-15.28524],[-73.95933,-15.28531],[-73.95874,-15.28566],[-73.95841,-15.28602],[-73.95828,-15.28627],[-73.95773,-15.28655],[-73.95705,-15.28656],[-73.95643,-15.2867],[-73.95587,-15.28652],[-73.95587,-15.28652],[-73.95585,-15.28651],[-73.9555,-15.28641],[-73.95523,-15.28639],[-73.95456,-15.28647],[-73.9538,-15.28669],[-73.9535,-15.28669],[-73.95293,-15.28654],[-73.9527,-15.28648],[-73.95227,-15.28626],[-73.95179,-15.28588],[-73.95132,-15.28573],[-73.9511,-15.28559],[-73.95071,-15.28557],[-73.9502,-15.2854],[-73.94875,-15.28433],[-73.94852,-15.28406],[-73.94847,-15.28377],[-73.94856,-15.28336],[-73.94891,-15.28281],[-73.94904,-15.28253],[-73.94917,-15.28226],[-73.94919,-15.28184],[-73.94908,-15.28146],[-73.94892,-15.2811],[-73.94865,-15.28091],[-73.9483,-15.28052],[-73.94827,-15.28032],[-73.94831,-15.27982],[-73.94823,-15.27961],[-73.94805,-15.27948],[-73.94785,-15.27943],[-73.94664,-15.27939],[-73.94659,-15.27933],[-73.9466,-15.27919],[-73.94671,-15.279],[-73.94725,-15.27839],[-73.94737,-15.2781],[-73.94744,-15.27795],[-73.94772,-15.27758],[-73.94796,-15.27693],[-73.94817,-15.27661],[-73.94824,-15.27651],[-73.94848,-15.27633],[-73.94912,-15.27632],[-73.9493,-15.27642],[-73.94976,-15.27667],[-73.9501,-15.27671],[-73.95026,-15.27678],[-73.95061,-15.27679],[-73.95081,-15.27686],[-73.95103,-15.27679],[-73.95136,-15.27678],[-73.95395,-15.27633],[-73.95447,-15.27608],[-73.95508,-15.27555],[-73.95518,-15.27516],[-73.95522,-15.27476],[-73.95514,-15.27407],[-73.95514,-15.27334],[-73.955,-15.27262],[-73.95482,-15.27216],[-73.9543,-15.27136],[-73.95378,-15.27092],[-73.9534,-15.27066],[-73.95327,-15.27057],[-73.95282,-15.27035],[-73.95216,-15.27011],[-73.95178,-15.27006],[-73.95115,-15.2701],[-73.95102,-15.27017],[-73.95067,-15.27015],[-73.94956,-15.27041],[-73.94931,-15.27046],[-73.94905,-15.27048],[-73.94873,-15.27071],[-73.94828,-15.27118],[-73.94812,-15.27124],[-73.94787,-15.27124],[-73.94773,-15.27115],[-73.9474,-15.27067],[-73.94736,-15.27061],[-73.94712,-15.27038],[-73.94672,-15.27045],[-73.94614,-15.27099],[-73.94541,-15.27082],[-73.94513,-15.27085],[-73.94496,-15.27092],[-73.94441,-15.27091],[-73.94419,-15.27072],[-73.94377,-15.27018],[-73.94351,-15.26999],[-73.94309,-15.26998],[-73.94239,-15.27018],[-73.94224,-15.27015],[-73.9421,-15.27006],[-73.94204,-15.26995],[-73.94198,-15.26985],[-73.94184,-15.26921],[-73.94181,-15.26907],[-73.94172,-15.26866],[-73.94149,-15.26831],[-73.94131,-15.26805],[-73.94121,-15.26812],[-73.94073,-15.26845],[-73.94073,-15.26819],[-73.94074,-15.26719],[-73.93863,-15.26693],[-73.93838,-15.2669],[-73.93778,-15.26682],[-73.93644,-15.26705],[-73.93603,-15.26711],[-73.93459,-15.26647],[-73.93397,-15.26658],[-73.93303,-15.26673],[-73.93299,-15.26674],[-73.93248,-15.26682],[-73.93191,-15.26675],[-73.93173,-15.26672],[-73.93169,-15.26678],[-73.93112,-15.26728],[-73.93089,-15.26749],[-73.93034,-15.26792],[-73.92915,-15.26792],[-73.92802,-15.26791],[-73.92714,-15.26812],[-73.92702,-15.26815],[-73.92584,-15.26899],[-73.92568,-15.2691],[-73.92449,-15.27006],[-73.9227,-15.27063],[-73.92179,-15.27099],[-73.92153,-15.2711],[-73.92151,-15.2711],[-73.92066,-15.27201],[-73.91972,-15.27297],[-73.91882,-15.27388],[-73.91812,-15.27421],[-73.91748,-15.27421],[-73.91727,-15.27599],[-73.91727,-15.27753],[-73.91716,-15.27878],[-73.91646,-15.27993],[-73.91618,-15.28035],[-73.91586,-15.28084],[-73.91467,-15.28189],[-73.91334,-15.28302],[-73.91332,-15.28304],[-73.9131,-15.28322],[-73.91242,-15.28375],[-73.91121,-15.28468],[-73.91106,-15.28482],[-73.91088,-15.28497],[-73.91089,-15.28503],[-73.91133,-15.28642],[-73.91136,-15.28651],[-73.91147,-15.28713],[-73.91147,-15.28742],[-73.91143,-15.28772],[-73.91121,-15.28844],[-73.91096,-15.28897],[-73.91075,-15.28915],[-73.91026,-15.28969],[-73.90966,-15.29045],[-73.90931,-15.29099],[-73.90903,-15.29157],[-73.9088,-15.29215],[-73.90846,-15.29355],[-73.90846,-15.29356],[-73.90834,-15.29441],[-73.9082,-15.2948],[-73.90814,-15.2957],[-73.90809,-15.29653],[-73.90808,-15.29713],[-73.90792,-15.29875],[-73.90799,-15.2992],[-73.90798,-15.30134],[-73.90797,-15.30281],[-73.90695,-15.30534],[-73.90657,-15.3085],[-73.90661,-15.31074],[-73.90664,-15.31245],[-73.90717,-15.31491],[-73.90716,-15.31605],[-73.90688,-15.31719],[-73.90624,-15.31833],[-73.90602,-15.32001],[-73.90596,-15.32043],[-73.90613,-15.32281],[-73.90693,-15.32544],[-73.90701,-15.32711],[-73.90637,-15.3286],[-73.90537,-15.32921],[-73.90357,-15.32885],[-73.90267,-15.32762],[-73.90177,-15.32568],[-73.90016,-15.32234],[-73.89846,-15.31838],[-73.89632,-15.31319],[-73.89479,-15.31151],[-73.89371,-15.31019],[-73.89263,-15.30975],[-73.89188,-15.30986],[-73.891,-15.31],[-73.88964,-15.31096],[-73.88855,-15.31218],[-73.88782,-15.31244],[-73.88637,-15.31244],[-73.88529,-15.31164],[-73.88476,-15.31032],[-73.88413,-15.30856],[-73.88396,-15.30749],[-73.88409,-15.30705],[-73.88438,-15.3062],[-73.88513,-15.30295],[-73.8853,-15.30246],[-73.88546,-15.30119],[-73.88556,-15.30071],[-73.88578,-15.29853],[-73.88597,-15.29756],[-73.8861,-15.29723],[-73.88673,-15.29599],[-73.88682,-15.29575],[-73.88702,-15.2948],[-73.88713,-15.29386],[-73.88717,-15.29309],[-73.88708,-15.29244],[-73.88695,-15.2915],[-73.88699,-15.29012],[-73.88657,-15.28868],[-73.88649,-15.28806],[-73.88634,-15.28732],[-73.88623,-15.28555],[-73.88611,-15.28472],[-73.88612,-15.28342],[-73.8862,-15.28273],[-73.8862,-15.28221],[-73.88607,-15.28223],[-73.88568,-15.28194],[-73.8848,-15.28128],[-73.88415,-15.2801],[-73.88393,-15.27899],[-73.88391,-15.27779],[-73.88368,-15.277],[-73.88336,-15.2764],[-73.88294,-15.27583],[-73.88297,-15.2758],[-73.88236,-15.2752],[-73.88045,-15.2737],[-73.87986,-15.27308],[-73.87939,-15.27242],[-73.87888,-15.27146],[-73.87854,-15.27048],[-73.8784,-15.26969],[-73.87841,-15.26854],[-73.87856,-15.26759],[-73.87882,-15.26666],[-73.88044,-15.26313],[-73.88076,-15.26208],[-73.88091,-15.26113],[-73.88094,-15.25993],[-73.88092,-15.25973],[-73.88076,-15.25755],[-73.88053,-15.25606],[-73.87995,-15.25237],[-73.87995,-15.25088],[-73.88013,-15.24977],[-73.88059,-15.24878],[-73.88097,-15.24829],[-73.88118,-15.24802],[-73.88233,-15.24687],[-73.88447,-15.24503],[-73.88492,-15.2444],[-73.88511,-15.24391],[-73.88525,-15.24358],[-73.8856,-15.24301],[-73.88575,-15.24284],[-73.88561,-15.24278],[-73.88491,-15.24241],[-73.88442,-15.24215],[-73.88392,-15.24178],[-73.88239,-15.24063],[-73.88196,-15.24015],[-73.88162,-15.23977],[-73.88095,-15.23846],[-73.88041,-15.23726],[-73.88012,-15.23606],[-73.88004,-15.23572],[-73.87991,-15.2353],[-73.87974,-15.23475],[-73.87949,-15.23389],[-73.87947,-15.23384],[-73.87931,-15.23329],[-73.87926,-15.23309],[-73.87919,-15.23286],[-73.87889,-15.23207],[-73.87885,-15.232],[-73.87885,-15.232],[-73.87854,-15.23181],[-73.87756,-15.23122],[-73.877,-15.23099],[-73.87672,-15.23094],[-73.87506,-15.2306],[-73.87491,-15.23057],[-73.87439,-15.23047],[-73.87361,-15.23033],[-73.87351,-15.23031],[-73.8734,-15.23029],[-73.87247,-15.23013],[-73.87131,-15.23058],[-73.87039,-15.23095],[-73.87024,-15.23108],[-73.86967,-15.23159],[-73.8693,-15.23192],[-73.86899,-15.23274],[-73.86898,-15.23424],[-73.86905,-15.23581],[-73.86919,-15.23761],[-73.8692,-15.23763],[-73.86942,-15.23881],[-73.86943,-15.23881],[-73.86943,-15.23881],[-73.86937,-15.24206],[-73.86871,-15.24668],[-73.8687,-15.24779],[-73.8689,-15.24993],[-73.86886,-15.25064],[-73.86853,-15.25176],[-73.86756,-15.25385],[-73.86707,-15.25464],[-73.86663,-15.25504],[-73.86629,-15.25522],[-73.86601,-15.25528]]]}},{"type":"Feature","properties":{"Name":"Zonas aptas para cultivo en limpio de calidad agrologica baja  limitado por suelo y clima, con necesidad de riego","description":"<div style='font-family:sans-serif;'><h4>ZEE AYACUCHO - Zonas aptas para cultivo en limpio de calidad agrologica baja  limitado por suelo y clima, con necesidad de riego</h4><table border='1' cellpadding='4' style='border-collapse:collapse;font-size:12px;'><tr><td><b>ZEECODE:</b></td><td>41</td></tr><tr><td><b>ZEE:</b></td><td>Zonas aptas para cultivo en limpio de calidad agrologica baja  limitado por suelo y clima, con necesidad de riego</td></tr><tr><td><b>ZEE_ZONAS:</b></td><td>ZONA PARA CULTIVO EN LIMPIO</td></tr><tr><td><b>ZEE_GRANDE:</b></td><td>ZONAS PRODUCTIVAS</td></tr><tr><td><b>AREA:</b></td><td>509569800.024</td></tr><tr><td><b>PERIMETER:</b></td><td>882328.366</td></tr><tr><td><b>HECTARES:</b></td><td>50956.98</td></tr></table></div>"},"geometry":{"type":"Polygon","coordinates":[[[-73.39939,-15.32304],[-73.39788,-15.32308],[-73.3963,-15.32307],[-73.39504,-15.32312],[-73.39439,-15.32337],[-73.39427,-15.32342],[-73.39371,-15.32363],[-73.39318,-15.32446],[-73.39311,-15.32548],[-73.39382,-15.32664],[-73.39421,-15.32748],[-73.3942,-15.32863],[-73.39307,-15.32978],[-73.39095,-15.33092],[-73.3844,-15.33164],[-73.38096,-15.33168],[-73.3796,-15.33185],[-73.37766,-15.3321],[-73.37376,-15.33208],[-73.37092,-15.33174],[-73.36735,-15.33145],[-73.36472,-15.33086],[-73.36208,-15.33013],[-73.35984,-15.32886],[-73.3573,-15.32847],[-73.35727,-15.32846],[-73.35601,-15.32852],[-73.3554,-15.32853],[-73.35429,-15.32857],[-73.35192,-15.32797],[-73.34922,-15.32705],[-73.34883,-15.32701],[-73.34814,-15.32694],[-73.34614,-15.32673],[-73.34525,-15.32664],[-73.34426,-15.32663],[-73.34333,-15.32759],[-73.34273,-15.32842],[-73.34226,-15.32957],[-73.34146,-15.33065],[-73.34139,-15.3307],[-73.34059,-15.33122],[-73.33953,-15.33134],[-73.33846,-15.33155],[-73.33828,-15.33159],[-73.33761,-15.33178],[-73.33702,-15.33235],[-73.3364,-15.33336],[-73.33628,-15.33356],[-73.33598,-15.33383],[-73.33488,-15.3348],[-73.33409,-15.33505],[-73.33152,-15.3354],[-73.33137,-15.33542],[-73.33065,-15.33548],[-73.32999,-15.33534],[-73.32927,-15.33463],[-73.32861,-15.33379],[-73.32857,-15.33357],[-73.32849,-15.33302],[-73.32869,-15.33226],[-73.32916,-15.33155],[-73.32989,-15.33105],[-73.33102,-15.33054],[-73.33148,-15.32984],[-73.33195,-15.32901],[-73.33216,-15.32843],[-73.33203,-15.32779],[-73.33184,-15.32721],[-73.33151,-15.3267],[-73.33145,-15.32665],[-73.33085,-15.32618],[-73.33057,-15.32618],[-73.32973,-15.32617],[-73.32755,-15.32635],[-73.32668,-15.32711],[-73.32561,-15.32851],[-73.3252,-15.3305],[-73.32484,-15.33473],[-73.32496,-15.33595],[-73.32515,-15.33659],[-73.32546,-15.33761],[-73.32554,-15.33788],[-73.32555,-15.3379],[-73.32601,-15.3386],[-73.32695,-15.33937],[-73.328,-15.34009],[-73.32801,-15.3401],[-73.32885,-15.34077],[-73.32924,-15.34119],[-73.32934,-15.3413],[-73.32953,-15.34147],[-73.32962,-15.34142],[-73.33304,-15.33968],[-73.33785,-15.33817],[-73.33801,-15.33798],[-73.33813,-15.33808],[-73.33835,-15.33826],[-73.33936,-15.33801],[-73.33978,-15.33783],[-73.34003,-15.33772],[-73.34007,-15.3377],[-73.34015,-15.33772],[-73.34069,-15.33783],[-73.3418,-15.33795],[-73.34206,-15.33807],[-73.34243,-15.33845],[-73.34286,-15.33872],[-73.34308,-15.33871],[-73.34308,-15.33885],[-73.34357,-15.33955],[-73.34381,-15.33988],[-73.34397,-15.33983],[-73.34413,-15.33978],[-73.34467,-15.33889],[-73.34555,-15.33843],[-73.34621,-15.33831],[-73.3465,-15.33769],[-73.34656,-15.33755],[-73.34701,-15.33687],[-73.34784,-15.33636],[-73.34881,-15.33565],[-73.34934,-15.33517],[-73.34979,-15.33476],[-73.35076,-15.33404],[-73.35168,-15.33333],[-73.35257,-15.3327],[-73.3534,-15.33223],[-73.35419,-15.33185],[-73.3545,-15.33169],[-73.35461,-15.33168],[-73.35471,-15.33167],[-73.35559,-15.33158],[-73.35573,-15.33157],[-73.35778,-15.3319],[-73.35599,-15.33184],[-73.3556,-15.33182],[-73.35513,-15.33179],[-73.35485,-15.33188],[-73.35474,-15.33192],[-73.35409,-15.33214],[-73.35389,-15.33229],[-73.35334,-15.33271],[-73.3524,-15.33318],[-73.35153,-15.33394],[-73.35047,-15.33467],[-73.34982,-15.33527],[-73.34894,-15.33593],[-73.34858,-15.33619],[-73.34846,-15.33629],[-73.34761,-15.33702],[-73.34713,-15.33735],[-73.34694,-15.33747],[-73.3468,-15.33776],[-73.34659,-15.33819],[-73.34617,-15.33883],[-73.34533,-15.33892],[-73.34473,-15.33939],[-73.34428,-15.34013],[-73.34404,-15.34021],[-73.34469,-15.34113],[-73.34773,-15.344],[-73.35013,-15.34626],[-73.35025,-15.34638],[-73.35024,-15.34758],[-73.35023,-15.34887],[-73.34817,-15.34928],[-73.34696,-15.34952],[-73.34556,-15.35019],[-73.34611,-15.35243],[-73.34646,-15.35382],[-73.34519,-15.35548],[-73.34383,-15.35725],[-73.34198,-15.35967],[-73.34037,-15.36018],[-73.33847,-15.36078],[-73.3347,-15.36291],[-73.33275,-15.36401],[-73.33214,-15.36435],[-73.32983,-15.36601],[-73.32953,-15.36623],[-73.32855,-15.36693],[-73.32839,-15.36704],[-73.32768,-15.36988],[-73.32752,-15.3705],[-73.32743,-15.37088],[-73.32913,-15.37357],[-73.32932,-15.37388],[-73.33019,-15.37494],[-73.3317,-15.37601],[-73.33343,-15.37729],[-73.33386,-15.37856],[-73.33385,-15.37983],[-73.33428,-15.3811],[-73.33433,-15.38123],[-73.33457,-15.38182],[-73.33461,-15.38194],[-73.33505,-15.38206],[-73.33616,-15.38209],[-73.33698,-15.38212],[-73.33761,-15.38219],[-73.33935,-15.38239],[-73.34071,-15.38232],[-73.34209,-15.38206],[-73.34229,-15.38203],[-73.34272,-15.38193],[-73.34277,-15.38192],[-73.34356,-15.38174],[-73.34466,-15.38124],[-73.34518,-15.38088],[-73.34537,-15.38076],[-73.34559,-15.38061],[-73.3459,-15.38039],[-73.34592,-15.38037],[-73.3466,-15.37989],[-73.34718,-15.37951],[-73.3466,-15.38049],[-73.34624,-15.38073],[-73.3462,-15.38076],[-73.34541,-15.38129],[-73.34538,-15.3813],[-73.34528,-15.38136],[-73.34373,-15.38221],[-73.34259,-15.38241],[-73.34171,-15.3826],[-73.34107,-15.38273],[-73.34106,-15.38273],[-73.34061,-15.38283],[-73.33873,-15.38273],[-73.33808,-15.38268],[-73.33632,-15.38254],[-73.33582,-15.38248],[-73.33467,-15.38236],[-73.33448,-15.38343],[-73.33363,-15.38359],[-73.33255,-15.3838],[-73.32987,-15.3832],[-73.32918,-15.38493],[-73.32663,-15.38606],[-73.32594,-15.38636],[-73.32262,-15.38783],[-73.32224,-15.38935],[-73.32161,-15.39181],[-73.32142,-15.39257],[-73.32172,-15.39422],[-73.32176,-15.39439],[-73.32276,-15.39983],[-73.32367,-15.40182],[-73.32365,-15.40181],[-73.32378,-15.40197],[-73.32454,-15.4022],[-73.32484,-15.4023],[-73.32508,-15.40237],[-73.32548,-15.40249],[-73.32809,-15.40228],[-73.32888,-15.40238],[-73.32916,-15.40242],[-73.33044,-15.40259],[-73.33168,-15.40305],[-73.33232,-15.4033],[-73.33241,-15.40333],[-73.33259,-15.40321],[-73.33258,-15.4032],[-73.33271,-15.40237],[-73.3332,-15.40093],[-73.33337,-15.40044],[-73.33344,-15.39855],[-73.33314,-15.39806],[-73.3323,-15.39752],[-73.33155,-15.39713],[-73.33065,-15.39678],[-73.32991,-15.39648],[-73.32931,-15.3959],[-73.32917,-15.39498],[-73.32937,-15.3943],[-73.32993,-15.39367],[-73.33078,-15.39305],[-73.33118,-15.39295],[-73.33239,-15.39275],[-73.33344,-15.39275],[-73.33438,-15.39281],[-73.33528,-15.39296],[-73.33593,-15.39282],[-73.33649,-15.39219],[-73.33665,-15.39103],[-73.33666,-15.38982],[-73.33666,-15.38946],[-73.33667,-15.38885],[-73.33712,-15.38813],[-73.33782,-15.38755],[-73.33838,-15.38746],[-73.33874,-15.3876],[-73.33902,-15.3877],[-73.33952,-15.38839],[-73.34001,-15.38926],[-73.34055,-15.38999],[-73.3412,-15.39044],[-73.3419,-15.39044],[-73.3427,-15.39016],[-73.34321,-15.38967],[-73.34396,-15.38861],[-73.34482,-15.3876],[-73.34568,-15.38635],[-73.34714,-15.38568],[-73.34909,-15.38506],[-73.35209,-15.38499],[-73.35484,-15.38501],[-73.35694,-15.38449],[-73.3578,-15.38367],[-73.358,-15.3828],[-73.35771,-15.38208],[-73.35771,-15.38207],[-73.35716,-15.38163],[-73.35577,-15.38138],[-73.35477,-15.38166],[-73.35332,-15.3817],[-73.35262,-15.38155],[-73.35222,-15.38072],[-73.35188,-15.37989],[-73.35134,-15.37882],[-73.35054,-15.37809],[-73.34985,-15.37726],[-73.34921,-15.37677],[-73.34761,-15.37596],[-73.34706,-15.3758],[-73.34691,-15.37576],[-73.34513,-15.37395],[-73.34454,-15.37312],[-73.34454,-15.3722],[-73.34455,-15.37114],[-73.34473,-15.37063],[-73.34491,-15.37012],[-73.34542,-15.3693],[-73.34627,-15.36863],[-73.34712,-15.36829],[-73.34787,-15.36815],[-73.34842,-15.3683],[-73.34902,-15.36865],[-73.34947,-15.36875],[-73.35097,-15.36844],[-73.35172,-15.36796],[-73.35263,-15.36705],[-73.35349,-15.36643],[-73.35424,-15.36599],[-73.35529,-15.366],[-73.35599,-15.3662],[-73.35683,-15.36679],[-73.35753,-15.36684],[-73.35858,-15.36675],[-73.35939,-15.36608],[-73.36075,-15.36469],[-73.36171,-15.36256],[-73.36221,-15.36217],[-73.36337,-15.36184],[-73.36421,-15.36204],[-73.36586,-15.36241],[-73.36587,-15.36241],[-73.36587,-15.36241],[-73.36601,-15.36244],[-73.36686,-15.3626],[-73.36856,-15.36237],[-73.36901,-15.36179],[-73.36927,-15.36101],[-73.36923,-15.36004],[-73.36863,-15.35917],[-73.36779,-15.35843],[-73.36773,-15.35834],[-73.3672,-15.35756],[-73.36721,-15.35663],[-73.36731,-15.3562],[-73.36772,-15.35453],[-73.36778,-15.35375],[-73.36748,-15.35298],[-73.36699,-15.35254],[-73.36362,-15.35104],[-73.36237,-15.34963],[-73.36067,-15.34674],[-73.36088,-15.3458],[-73.361,-15.34523],[-73.36271,-15.3454],[-73.36676,-15.34694],[-73.36988,-15.34666],[-73.37223,-15.34547],[-73.37341,-15.34673],[-73.3765,-15.35002],[-73.38438,-15.35086],[-73.3844,-15.35086],[-73.38826,-15.35127],[-73.39325,-15.3499],[-73.39295,-15.3497],[-73.39285,-15.3496],[-73.39255,-15.34911],[-73.39245,-15.34852],[-73.39246,-15.34823],[-73.39246,-15.34744],[-73.39256,-15.34725],[-73.39287,-15.34665],[-73.39369,-15.34646],[-73.39407,-15.34638],[-73.3946,-15.34627],[-73.39622,-15.34609],[-73.39718,-15.34621],[-73.39784,-15.3463],[-73.39824,-15.34617],[-73.39875,-15.34601],[-73.39947,-15.34542],[-73.39975,-15.34526],[-73.39998,-15.34512],[-73.40079,-15.34465],[-73.40144,-15.34444],[-73.40201,-15.34426],[-73.40272,-15.34348],[-73.40258,-15.34269],[-73.40253,-15.3424],[-73.40314,-15.34171],[-73.40326,-15.3417],[-73.40395,-15.34162],[-73.40429,-15.34157],[-73.40436,-15.341],[-73.40437,-15.34017],[-73.40437,-15.33987],[-73.40437,-15.33927],[-73.4042,-15.33913],[-73.4036,-15.33864],[-73.40305,-15.33819],[-73.40252,-15.33714],[-73.4024,-15.33689],[-73.40263,-15.33517],[-73.40282,-15.33445],[-73.40309,-15.33345],[-73.40553,-15.33347],[-73.40553,-15.33281],[-73.40554,-15.33218],[-73.40598,-15.33154],[-73.40787,-15.33204],[-73.40778,-15.33152],[-73.40758,-15.33083],[-73.40758,-15.33074],[-73.40758,-15.33074],[-73.40808,-15.33074],[-73.40849,-15.33074],[-73.40923,-15.33092],[-73.40963,-15.33101],[-73.41062,-15.33125],[-73.41106,-15.33138],[-73.4112,-15.33142],[-73.41255,-15.3318],[-73.41274,-15.33185],[-73.41322,-15.33194],[-73.41327,-15.33188],[-73.41338,-15.33176],[-73.41352,-15.33159],[-73.41333,-15.33052],[-73.41327,-15.33019],[-73.41315,-15.3295],[-73.4131,-15.32922],[-73.41246,-15.32775],[-73.41245,-15.32771],[-73.41077,-15.32688],[-73.41065,-15.32682],[-73.41036,-15.32668],[-73.40979,-15.3264],[-73.40963,-15.32616],[-73.40892,-15.3251],[-73.40804,-15.32462],[-73.40784,-15.32451],[-73.40693,-15.32401],[-73.40693,-15.32358],[-73.40595,-15.32345],[-73.40237,-15.32221],[-73.40102,-15.32178],[-73.40073,-15.32252],[-73.40053,-15.32262],[-73.39998,-15.3229],[-73.39973,-15.32303],[-73.39939,-15.32304]]]}},{"type":"Feature","properties":{"Name":"Zonas aptas para cultivo en limpio de calidad agrologica baja  limitado por suelo y clima, con necesidad de riego asociadas a manejo de pastos de calidad agrologica media limitada por suelo.","description":"<div style='font-family:sans-serif;'><h4>ZEE AYACUCHO - Zonas aptas para cultivo en limpio de calidad agrologica baja  limitado por suelo y clima, con necesidad de riego asociadas a manejo de pastos de calidad agrologica media limitada por suelo.</h4><table border='1' cellpadding='4' style='border-collapse:collapse;font-size:12px;'><tr><td><b>ZEECODE:</b></td><td>42</td></tr><tr><td><b>ZEE:</b></td><td>Zonas aptas para cultivo en limpio de calidad agrologica baja  limitado por suelo y clima, con necesidad de riego asociadas a manejo de pastos de calidad agrologica media limitada por suelo.</td></tr><tr><td><b>ZEE_ZONAS:</b></td><td>ZONA PARA CULTIVO EN LIMPIO</td></tr><tr><td><b>ZEE_GRANDE:</b></td><td>ZONAS PRODUCTIVAS</td></tr><tr><td><b>AREA:</b></td><td>211930141.222</td></tr><tr><td><b>PERIMETER:</b></td><td>345730.268</td></tr><tr><td><b>HECTARES:</b></td><td>21193.014</td></tr></table></div>"},"geometry":{"type":"Polygon","coordinates":[[[-73.44402,-15.23798],[-73.44373,-15.23868],[-73.44349,-15.23868],[-73.44317,-15.2395],[-73.44303,-15.23963],[-73.44214,-15.23971],[-73.44045,-15.23942],[-73.44015,-15.23936],[-73.43748,-15.23856],[-73.43489,-15.23795],[-73.43396,-15.23765],[-73.43321,-15.23765],[-73.43277,-15.23764],[-73.43252,-15.23772],[-73.43205,-15.23822],[-73.43191,-15.23852],[-73.4317,-15.23896],[-73.43153,-15.2399],[-73.43165,-15.24073],[-73.4317,-15.24168],[-73.43172,-15.242],[-73.43214,-15.24271],[-73.43232,-15.24285],[-73.43272,-15.24316],[-73.43299,-15.24337],[-73.43494,-15.24392],[-73.4354,-15.24405],[-73.4366,-15.24424],[-73.4379,-15.24444],[-73.43816,-15.2446],[-73.4393,-15.24531],[-73.43959,-15.24551],[-73.43989,-15.2457],[-73.44046,-15.24607],[-73.44179,-15.24694],[-73.44183,-15.24696],[-73.44202,-15.24708],[-73.44216,-15.24716],[-73.44234,-15.24727],[-73.44298,-15.24794],[-73.4431,-15.24806],[-73.44398,-15.24914],[-73.44469,-15.25102],[-73.44505,-15.25183],[-73.4452,-15.25217],[-73.44527,-15.25234],[-73.44541,-15.25263],[-73.44581,-15.2535],[-73.44596,-15.25374],[-73.44648,-15.25461],[-73.44699,-15.25561],[-73.44766,-15.25627],[-73.44786,-15.25638],[-73.44838,-15.25669],[-73.44871,-15.25666],[-73.44905,-15.25664],[-73.44987,-15.25657],[-73.45042,-15.25633],[-73.45135,-15.25621],[-73.45174,-15.25622],[-73.45233,-15.25659],[-73.45322,-15.25713],[-73.45516,-15.2583],[-73.45617,-15.25942],[-73.45632,-15.2595],[-73.4571,-15.25996],[-73.45807,-15.2603],[-73.45905,-15.26014],[-73.4599,-15.25949],[-73.46068,-15.2583],[-73.46085,-15.25783],[-73.46098,-15.25724],[-73.46106,-15.25685],[-73.46102,-15.25428],[-73.46086,-15.25404],[-73.46015,-15.25372],[-73.45933,-15.25345],[-73.45893,-15.25332],[-73.45825,-15.25286],[-73.45754,-15.2522],[-73.45686,-15.25141],[-73.45578,-15.24934],[-73.45576,-15.24919],[-73.45566,-15.24851],[-73.45525,-15.24548],[-73.45526,-15.2447],[-73.45526,-15.2446],[-73.45531,-15.244],[-73.45544,-15.24315],[-73.45544,-15.24314],[-73.45544,-15.24244],[-73.45524,-15.24075],[-73.4552,-15.24058],[-73.45512,-15.24033],[-73.45457,-15.24004],[-73.45413,-15.24],[-73.45372,-15.23995],[-73.45329,-15.24015],[-73.45308,-15.24024],[-73.45206,-15.24118],[-73.45146,-15.24175],[-73.45116,-15.24206],[-73.45095,-15.24228],[-73.45095,-15.24228],[-73.45095,-15.24228],[-73.45069,-15.24236],[-73.4503,-15.24247],[-73.44998,-15.24256],[-73.44997,-15.24256],[-73.44926,-15.24233],[-73.44921,-15.24231],[-73.44864,-15.24172],[-73.44857,-15.24165],[-73.44837,-15.24095],[-73.44838,-15.24088],[-73.44863,-15.23949],[-73.44883,-15.23916],[-73.44933,-15.23827],[-73.44939,-15.23815],[-73.44974,-15.23717],[-73.44979,-15.23598],[-73.44974,-15.23563],[-73.4497,-15.2354],[-73.44934,-15.23492],[-73.44898,-15.23464],[-73.44848,-15.23464],[-73.44777,-15.23474],[-73.4477,-15.23475],[-73.44737,-15.23492],[-73.44725,-15.23498],[-73.44686,-15.23516],[-73.44671,-15.23523],[-73.44577,-15.23574],[-73.44564,-15.23583],[-73.44564,-15.23583],[-73.44514,-15.23618],[-73.44473,-15.23655],[-73.44402,-15.23798]]]}},{"type":"Feature","properties":{"Name":"Zonas aptas para cultivo en limpio de calidad agrologica baja  limitado por suelo y erosion","description":"<div style='font-family:sans-serif;'><h4>ZEE AYACUCHO - Zonas aptas para cultivo en limpio de calidad agrologica baja  limitado por suelo y erosion</h4><table border='1' cellpadding='4' style='border-collapse:collapse;font-size:12px;'><tr><td><b>ZEECODE:</b></td><td>43</td></tr><tr><td><b>ZEE:</b></td><td>Zonas aptas para cultivo en limpio de calidad agrologica baja  limitado por suelo y erosion</td></tr><tr><td><b>ZEE_ZONAS:</b></td><td>ZONA PARA CULTIVO EN LIMPIO</td></tr><tr><td><b>ZEE_GRANDE:</b></td><td>ZONAS PRODUCTIVAS</td></tr><tr><td><b>AREA:</b></td><td>863319044.575</td></tr><tr><td><b>PERIMETER:</b></td><td>1377687.49</td></tr><tr><td><b>HECTARES:</b></td><td>86331.904</td></tr></table></div>"},"geometry":{"type":"Polygon","coordinates":[[[-73.89152,-14.35456],[-73.88968,-14.36029],[-73.88968,-14.36039],[-73.88967,-14.36207],[-73.8854,-14.36501],[-73.88387,-14.36507],[-73.8822,-14.36514],[-73.87802,-14.36531],[-73.87811,-14.36565],[-73.87753,-14.36732],[-73.87677,-14.36732],[-73.87597,-14.36824],[-73.87467,-14.36818],[-73.87332,-14.36812],[-73.87332,-14.36781],[-73.87332,-14.36702],[-73.87372,-14.36695],[-73.8738,-14.36632],[-73.87447,-14.36546],[-73.87265,-14.36554],[-73.87109,-14.36546],[-73.86922,-14.36536],[-73.867,-14.36773],[-73.86576,-14.36953],[-73.86443,-14.37145],[-73.86399,-14.3756],[-73.86398,-14.37755],[-73.86404,-14.37754],[-73.86611,-14.37726],[-73.87121,-14.37646],[-73.87504,-14.37689],[-73.87673,-14.37714],[-73.87801,-14.37732],[-73.87998,-14.37785],[-73.88012,-14.37789],[-73.88005,-14.37808],[-73.87997,-14.3783],[-73.88032,-14.37932],[-73.88082,-14.37971],[-73.8813,-14.38008],[-73.88148,-14.38035],[-73.88185,-14.3809],[-73.88222,-14.38151],[-73.88213,-14.38171],[-73.88192,-14.38216],[-73.88144,-14.38296],[-73.88082,-14.38356],[-73.8804,-14.38422],[-73.87999,-14.38516],[-73.8798,-14.38549],[-73.87923,-14.38649],[-73.87758,-14.38761],[-73.8749,-14.38867],[-73.8738,-14.38947],[-73.87208,-14.39046],[-73.87064,-14.39139],[-73.87051,-14.39162],[-73.86954,-14.39345],[-73.86857,-14.39491],[-73.86781,-14.39611],[-73.86761,-14.39691],[-73.86732,-14.39805],[-73.86731,-14.39978],[-73.86728,-14.40043],[-73.86719,-14.40262],[-73.86716,-14.40325],[-73.86804,-14.40419],[-73.86879,-14.40473],[-73.8692,-14.40633],[-73.86995,-14.40734],[-73.87056,-14.40794],[-73.87138,-14.40801],[-73.8722,-14.40802],[-73.87337,-14.40789],[-73.87385,-14.40736],[-73.87427,-14.40644],[-73.87468,-14.40556],[-73.87476,-14.40416],[-73.87515,-14.40367],[-73.87579,-14.40289],[-73.87669,-14.40123],[-73.87724,-14.39976],[-73.87729,-14.39971],[-73.87834,-14.39863],[-73.87974,-14.39705],[-73.87988,-14.39689],[-73.87993,-14.39684],[-73.88014,-14.39564],[-73.88076,-14.39477],[-73.88173,-14.39344],[-73.88256,-14.39198],[-73.88304,-14.39064],[-73.88315,-14.38924],[-73.88318,-14.38889],[-73.88364,-14.38878],[-73.88484,-14.38817],[-73.88495,-14.38788],[-73.88527,-14.38708],[-73.8854,-14.38673],[-73.8859,-14.38523],[-73.88596,-14.38507],[-73.88662,-14.38334],[-73.88676,-14.38298],[-73.88747,-14.38107],[-73.8886,-14.37957],[-73.89014,-14.37896],[-73.89246,-14.37801],[-73.89248,-14.37799],[-73.89304,-14.37853],[-73.89312,-14.37861],[-73.89378,-14.37965],[-73.89396,-14.38086],[-73.89405,-14.3815],[-73.89377,-14.38242],[-73.89293,-14.38324],[-73.89237,-14.38372],[-73.89186,-14.38385],[-73.88985,-14.38437],[-73.88895,-14.38507],[-73.88868,-14.38629],[-73.88861,-14.38659],[-73.88864,-14.38701],[-73.88893,-14.39056],[-73.88864,-14.39268],[-73.88824,-14.39486],[-73.88801,-14.39616],[-73.88839,-14.3978],[-73.88846,-14.39798],[-73.88872,-14.39862],[-73.88908,-14.39993],[-73.88916,-14.4002],[-73.88915,-14.40128],[-73.88892,-14.40313],[-73.88896,-14.40507],[-73.88896,-14.40547],[-73.88938,-14.40656],[-73.88946,-14.40678],[-73.89024,-14.40744],[-73.89124,-14.40761],[-73.89225,-14.40696],[-73.89287,-14.40604],[-73.89298,-14.40498],[-73.89305,-14.40435],[-73.89389,-14.4031],[-73.89451,-14.4024],[-73.89473,-14.40158],[-73.89631,-14.39909],[-73.89693,-14.39827],[-73.89777,-14.39752],[-73.89883,-14.3967],[-73.89973,-14.39676],[-73.89979,-14.39679],[-73.90173,-14.39743],[-73.90279,-14.3977],[-73.9038,-14.39722],[-73.90453,-14.39635],[-73.90481,-14.39548],[-73.90623,-14.39195],[-73.90701,-14.39114],[-73.90755,-14.39077],[-73.90759,-14.39074],[-73.90819,-14.39033],[-73.91048,-14.38985],[-73.91349,-14.38986],[-73.91534,-14.38954],[-73.9159,-14.38868],[-73.91618,-14.3877],[-73.91619,-14.38596],[-73.91547,-14.38399],[-73.91478,-14.38304],[-73.91464,-14.38285],[-73.91381,-14.38203],[-73.91286,-14.3811],[-73.91153,-14.38006],[-73.9093,-14.37929],[-73.90904,-14.37932],[-73.9079,-14.37944],[-73.90757,-14.37944],[-73.90676,-14.37985],[-73.90662,-14.37993],[-73.9055,-14.38036],[-73.90515,-14.38028],[-73.90472,-14.38019],[-73.90394,-14.37942],[-73.90266,-14.37855],[-73.90172,-14.37691],[-73.9014,-14.37648],[-73.90083,-14.37571],[-73.90017,-14.37543],[-73.89933,-14.37527],[-73.89799,-14.37564],[-73.89794,-14.37565],[-73.89681,-14.37575],[-73.89536,-14.37558],[-73.89436,-14.37524],[-73.89434,-14.37522],[-73.89372,-14.37453],[-73.89385,-14.37374],[-73.89418,-14.37159],[-73.89546,-14.36845],[-73.89658,-14.3677],[-73.89801,-14.36718],[-73.90024,-14.36635],[-73.90187,-14.36499],[-73.90235,-14.36459],[-73.90265,-14.36365],[-73.90299,-14.3626],[-73.90321,-14.36062],[-73.9028,-14.35864],[-73.90247,-14.35808],[-73.9012,-14.35596],[-73.90029,-14.35541],[-73.89968,-14.35541],[-73.89938,-14.35541],[-73.89896,-14.35568],[-73.89818,-14.35636],[-73.89809,-14.35635],[-73.89762,-14.35629],[-73.89678,-14.35546],[-73.89616,-14.35375],[-73.8961,-14.35259],[-73.8961,-14.35115],[-73.89576,-14.35026],[-73.89522,-14.34987],[-73.89492,-14.34964],[-73.89473,-14.34964],[-73.89408,-14.34964],[-73.8939,-14.34964],[-73.89214,-14.35261],[-73.89152,-14.35456]]]}},{"type":"Feature","properties":{"Name":"Zonas aptas para cultivo en limpio de calidad agrologica baja  limitado por suelo, erosion y clima","description":"<div style='font-family:sans-serif;'><h4>ZEE AYACUCHO - Zonas aptas para cultivo en limpio de calidad agrologica baja  limitado por suelo, erosion y clima</h4><table border='1' cellpadding='4' style='border-collapse:collapse;font-size:12px;'><tr><td><b>ZEECODE:</b></td><td>44</td></tr><tr><td><b>ZEE:</b></td><td>Zonas aptas para cultivo en limpio de calidad agrologica baja  limitado por suelo, erosion y clima</td></tr><tr><td><b>ZEE_ZONAS:</b></td><td>ZONA PARA CULTIVO EN LIMPIO</td></tr><tr><td><b>ZEE_GRANDE:</b></td><td>ZONAS PRODUCTIVAS</td></tr><tr><td><b>AREA:</b></td><td>366500729.837</td></tr><tr><td><b>PERIMETER:</b></td><td>352355.191</td></tr><tr><td><b>HECTARES:</b></td><td>36650.073</td></tr></table></div>"},"geometry":{"type":"Polygon","coordinates":[[[-73.75329,-15.27289],[-73.75356,-15.27502],[-73.75309,-15.27503],[-73.75298,-15.27503],[-73.75298,-15.27628],[-73.75298,-15.27678],[-73.75284,-15.27826],[-73.75254,-15.27968],[-73.75247,-15.27991],[-73.75176,-15.28205],[-73.75147,-15.28324],[-73.75129,-15.28446],[-73.75122,-15.28493],[-73.75123,-15.28616],[-73.75123,-15.28633],[-73.75123,-15.28634],[-73.75138,-15.28714],[-73.75166,-15.28779],[-73.75325,-15.28985],[-73.75351,-15.29029],[-73.75374,-15.29068],[-73.75395,-15.29133],[-73.75397,-15.292],[-73.75394,-15.29218],[-73.75386,-15.29254],[-73.75361,-15.29311],[-73.75324,-15.29367],[-73.75262,-15.2944],[-73.75181,-15.29534],[-73.75175,-15.29546],[-73.75148,-15.29593],[-73.75125,-15.29667],[-73.75122,-15.29675],[-73.7512,-15.29703],[-73.75109,-15.29826],[-73.7511,-15.29833],[-73.75123,-15.30011],[-73.75145,-15.30318],[-73.75135,-15.30418],[-73.75162,-15.30431],[-73.75165,-15.30433],[-73.75169,-15.30484],[-73.75124,-15.30508],[-73.75109,-15.30519],[-73.75098,-15.30553],[-73.75084,-15.30577],[-73.75038,-15.30655],[-73.74959,-15.30737],[-73.74832,-15.30821],[-73.747,-15.30878],[-73.74528,-15.3092],[-73.74464,-15.30929],[-73.74174,-15.30973],[-73.74108,-15.31062],[-73.74111,-15.31161],[-73.74112,-15.31169],[-73.74108,-15.31188],[-73.74104,-15.31194],[-73.74099,-15.31198],[-73.74093,-15.31202],[-73.74086,-15.31207],[-73.74084,-15.31209],[-73.74076,-15.31212],[-73.74067,-15.31215],[-73.7406,-15.31217],[-73.7403,-15.31224],[-73.73966,-15.31235],[-73.73945,-15.31239],[-73.73935,-15.31244],[-73.73929,-15.31253],[-73.73916,-15.31279],[-73.73909,-15.31287],[-73.73891,-15.31311],[-73.73879,-15.31321],[-73.73873,-15.31326],[-73.73848,-15.31345],[-73.73826,-15.31361],[-73.73804,-15.3138],[-73.73791,-15.31395],[-73.73779,-15.3142],[-73.73774,-15.31443],[-73.73773,-15.31458],[-73.73778,-15.31475],[-73.73785,-15.3149],[-73.73795,-15.31514],[-73.73798,-15.31544],[-73.73796,-15.31557],[-73.7379,-15.31562],[-73.73783,-15.31567],[-73.73767,-15.31571],[-73.73746,-15.31574],[-73.73743,-15.31574],[-73.7366,-15.31584],[-73.73633,-15.31586],[-73.73616,-15.31591],[-73.73586,-15.31603],[-73.73554,-15.31677],[-73.73553,-15.31696],[-73.73544,-15.31724],[-73.73522,-15.31764],[-73.73508,-15.31795],[-73.73504,-15.31822],[-73.73504,-15.31891],[-73.73511,-15.31918],[-73.73522,-15.31946],[-73.73537,-15.31981],[-73.73556,-15.32015],[-73.73586,-15.32049],[-73.73615,-15.32083],[-73.73637,-15.32109],[-73.7365,-15.32136],[-73.73654,-15.32181],[-73.73652,-15.32202],[-73.7365,-15.32209],[-73.73643,-15.32216],[-73.73632,-15.32221],[-73.73615,-15.32228],[-73.73595,-15.32229],[-73.73504,-15.32228],[-73.73479,-15.32231],[-73.73479,-15.32231],[-73.73479,-15.32231],[-73.73463,-15.32236],[-73.73453,-15.32243],[-73.73445,-15.3225],[-73.73435,-15.3227],[-73.73431,-15.3229],[-73.73429,-15.32337],[-73.73429,-15.32347],[-73.73428,-15.32353],[-73.73424,-15.32357],[-73.73421,-15.32361],[-73.73413,-15.32364],[-73.73404,-15.32369],[-73.73395,-15.32375],[-73.73385,-15.32384],[-73.73374,-15.32401],[-73.73374,-15.32401],[-73.73374,-15.32401],[-73.73365,-15.3242],[-73.73354,-15.32454],[-73.73341,-15.3251],[-73.73333,-15.32519],[-73.73328,-15.32525],[-73.73321,-15.32527],[-73.73302,-15.32533],[-73.73273,-15.32537],[-73.73254,-15.32538],[-73.73241,-15.32538],[-73.73175,-15.32519],[-73.73158,-15.32516],[-73.7312,-15.32508],[-73.731,-15.32503],[-73.73096,-15.32502],[-73.7308,-15.32503],[-73.73071,-15.32507],[-73.73064,-15.32516],[-73.73053,-15.32532],[-73.73019,-15.32577],[-73.73007,-15.32585],[-73.72997,-15.3259],[-73.72978,-15.32589],[-73.72881,-15.32587],[-73.72865,-15.32588],[-73.72846,-15.32595],[-73.72833,-15.32609],[-73.72822,-15.32625],[-73.72798,-15.32656],[-73.72785,-15.32676],[-73.72777,-15.3268],[-73.7277,-15.3268],[-73.72764,-15.32678],[-73.72753,-15.32673],[-73.72746,-15.32668],[-73.7274,-15.32665],[-73.72716,-15.32652],[-73.72693,-15.32642],[-73.7266,-15.32632],[-73.7263,-15.32621],[-73.7261,-15.32616],[-73.7259,-15.32614],[-73.72532,-15.32617],[-73.72515,-15.32621],[-73.72506,-15.32629],[-73.72495,-15.32644],[-73.72465,-15.32698],[-73.72458,-15.32715],[-73.72458,-15.32729],[-73.7246,-15.32745],[-73.72484,-15.32807],[-73.72487,-15.32817],[-73.72501,-15.32867],[-73.72503,-15.32876],[-73.72504,-15.32899],[-73.72502,-15.32908],[-73.72496,-15.32918],[-73.72487,-15.32924],[-73.72475,-15.32935],[-73.72447,-15.32942],[-73.72395,-15.32945],[-73.72357,-15.32953],[-73.72329,-15.3296],[-73.72312,-15.32972],[-73.72295,-15.32984],[-73.72282,-15.32998],[-73.72268,-15.33022],[-73.72255,-15.33064],[-73.72251,-15.33085],[-73.72253,-15.33135],[-73.72264,-15.33188],[-73.72268,-15.33211],[-73.72266,-15.3322],[-73.72263,-15.33225],[-73.72257,-15.33228],[-73.72238,-15.33228],[-73.72193,-15.33219],[-73.72138,-15.33207],[-73.721,-15.33201],[-73.72045,-15.33197],[-73.72002,-15.33192],[-73.71982,-15.33193],[-73.71978,-15.33194],[-73.71964,-15.33197],[-73.7195,-15.33204],[-73.71928,-15.33224],[-73.71875,-15.33297],[-73.71856,-15.33315],[-73.71851,-15.33319],[-73.71848,-15.3332],[-73.7183,-15.33325],[-73.71806,-15.33325],[-73.71751,-15.33328],[-73.7172,-15.3333],[-73.71707,-15.33331],[-73.7168,-15.33341],[-73.71659,-15.33361],[-73.71643,-15.33374],[-73.71629,-15.33378],[-73.71613,-15.33376],[-73.71595,-15.33365],[-73.71579,-15.33353],[-73.71525,-15.33315],[-73.71433,-15.33269],[-73.71386,-15.33258],[-73.71358,-15.33259],[-73.71337,-15.33265],[-73.71322,-15.33272],[-73.71307,-15.33281],[-73.71291,-15.33282],[-73.71267,-15.33281],[-73.71219,-15.33273],[-73.71205,-15.3327],[-73.71189,-15.33271],[-73.71177,-15.33274],[-73.71106,-15.33314],[-73.71074,-15.33336],[-73.71059,-15.33345],[-73.71047,-15.33348],[-73.7102,-15.33344],[-73.70998,-15.33327],[-73.70969,-15.33306],[-73.70919,-15.3328],[-73.70896,-15.33278],[-73.70871,-15.33278],[-73.70856,-15.3328],[-73.70844,-15.33288],[-73.70832,-15.333],[-73.70824,-15.33319],[-73.70821,-15.33351],[-73.70838,-15.33421],[-73.70859,-15.33511],[-73.70882,-15.33567],[-73.70885,-15.33576],[-73.70894,-15.33594],[-73.70895,-15.33613],[-73.70888,-15.3369],[-73.70886,-15.33731],[-73.70879,-15.33752],[-73.70871,-15.33765],[-73.70869,-15.33768],[-73.70855,-15.3378],[-73.70841,-15.33786],[-73.70827,-15.33785],[-73.70807,-15.33781],[-73.70767,-15.33762],[-73.7073,-15.33744],[-73.70716,-15.33674],[-73.70708,-15.33645],[-73.707,-15.33624],[-73.70699,-15.33621],[-73.70686,-15.33601],[-73.70679,-15.33591],[-73.70579,-15.33491],[-73.70546,-15.33465],[-73.70524,-15.33447],[-73.70472,-15.33404],[-73.70463,-15.33396],[-73.70457,-15.33387],[-73.70453,-15.3337],[-73.70424,-15.33254],[-73.70398,-15.33181],[-73.70371,-15.33129],[-73.70357,-15.3311],[-73.70356,-15.33109],[-73.70337,-15.33091],[-73.70319,-15.33078],[-73.70277,-15.3305],[-73.70249,-15.33035],[-73.70216,-15.33028],[-73.7021,-15.33027],[-73.70128,-15.33013],[-73.70029,-15.32996],[-73.70006,-15.32988],[-73.6998,-15.32973],[-73.69905,-15.32905],[-73.69902,-15.32902],[-73.69876,-15.32883],[-73.6983,-15.32836],[-73.69819,-15.32827],[-73.69804,-15.32822],[-73.69781,-15.32822],[-73.6974,-15.32833],[-73.69706,-15.32848],[-73.69672,-15.32866],[-73.69646,-15.32891],[-73.69625,-15.32917],[-73.69613,-15.32935],[-73.69603,-15.32966],[-73.69592,-15.33024],[-73.69587,-15.33096],[-73.69587,-15.33104],[-73.69585,-15.33157],[-73.69592,-15.3319],[-73.69612,-15.33272],[-73.69628,-15.3332],[-73.69636,-15.33343],[-73.69684,-15.33424],[-73.69705,-15.33448],[-73.69737,-15.33476],[-73.69749,-15.33482],[-73.69752,-15.33484],[-73.69785,-15.33496],[-73.69776,-15.33507],[-73.69766,-15.33527],[-73.6976,-15.33552],[-73.6976,-15.33566],[-73.69762,-15.33581],[-73.69777,-15.33611],[-73.69797,-15.33657],[-73.69801,-15.33674],[-73.69799,-15.33693],[-73.6979,-15.33715],[-73.6975,-15.33786],[-73.69749,-15.33787],[-73.69739,-15.3382],[-73.69736,-15.3388],[-73.69734,-15.33903],[-73.69735,-15.3392],[-73.69741,-15.33943],[-73.69787,-15.34035],[-73.69801,-15.34061],[-73.69804,-15.34082],[-73.69805,-15.34116],[-73.69809,-15.34236],[-73.69804,-15.34264],[-73.69796,-15.34276],[-73.69781,-15.34291],[-73.69771,-15.34297],[-73.69757,-15.34299],[-73.69737,-15.34295],[-73.69675,-15.34277],[-73.69648,-15.34273],[-73.69631,-15.34274],[-73.69619,-15.34276],[-73.69596,-15.34288],[-73.69574,-15.34315],[-73.69564,-15.34329],[-73.69558,-15.34342],[-73.69555,-15.34361],[-73.69552,-15.34429],[-73.69551,-15.34447],[-73.69548,-15.34459],[-73.69538,-15.34468],[-73.69518,-15.34471],[-73.69451,-15.34476],[-73.69401,-15.34488],[-73.69348,-15.34508],[-73.69308,-15.34527],[-73.69296,-15.34538],[-73.69288,-15.34548],[-73.69283,-15.34554],[-73.69274,-15.34578],[-73.69268,-15.34617],[-73.69239,-15.34619],[-73.6919,-15.34621],[-73.69075,-15.34632],[-73.69035,-15.34637],[-73.69021,-15.34637],[-73.69008,-15.34629],[-73.68981,-15.34605],[-73.68921,-15.34526],[-73.68859,-15.34447],[-73.6884,-15.34419],[-73.68783,-15.34334],[-73.68768,-15.34311],[-73.68763,-15.34293],[-73.68754,-15.34228],[-73.68742,-15.34168],[-73.68737,-15.34102],[-73.6873,-15.34073],[-73.68709,-15.34024],[-73.68695,-15.33994],[-73.68688,-15.33984],[-73.68678,-15.33977],[-73.68671,-15.33974],[-73.68659,-15.3397],[-73.68651,-15.33967],[-73.68615,-15.33939],[-73.68553,-15.33881],[-73.68496,-15.33835],[-73.68428,-15.33795],[-73.68361,-15.33767],[-73.68352,-15.33765],[-73.68337,-15.33763],[-73.68327,-15.33764],[-73.68316,-15.33769],[-73.68306,-15.3378],[-73.68305,-15.33781],[-73.68296,-15.33799],[-73.6829,-15.33823],[-73.68289,-15.33858],[-73.68295,-15.33884],[-73.68319,-15.33945],[-73.68327,-15.33981],[-73.68341,-15.34022],[-73.68348,-15.34031],[-73.684,-15.34102],[-73.68537,-15.3428],[-73.68572,-15.34327],[-73.68576,-15.34333],[-73.68625,-15.34417],[-73.68648,-15.34498],[-73.68655,-15.34583],[-73.68647,-15.34657],[-73.68641,-15.34676],[-73.68634,-15.34684],[-73.68624,-15.34687],[-73.68609,-15.34687],[-73.68603,-15.34683],[-73.68588,-15.34663],[-73.68538,-15.34604],[-73.68476,-15.34529],[-73.68458,-15.34514],[-73.68447,-15.3451],[-73.68434,-15.3451],[-73.6842,-15.34516],[-73.68405,-15.34528],[-73.68388,-15.3455],[-73.68374,-15.34571],[-73.68364,-15.34578],[-73.68344,-15.34583],[-73.68297,-15.34582],[-73.68291,-15.34579],[-73.68286,-15.34578],[-73.68276,-15.34567],[-73.68257,-15.34538],[-73.68243,-15.34523],[-73.68232,-15.34493],[-73.68221,-15.34443],[-73.68195,-15.34352],[-73.68162,-15.34235],[-73.68099,-15.34029],[-73.68059,-15.33928],[-73.68029,-15.33885],[-73.68024,-15.3388],[-73.67943,-15.33789],[-73.67885,-15.33742],[-73.67868,-15.33733],[-73.67852,-15.33731],[-73.67837,-15.33738],[-73.67821,-15.33756],[-73.67811,-15.33775],[-73.67804,-15.33796],[-73.67803,-15.33833],[-73.67802,-15.33867],[-73.6781,-15.33898],[-73.67823,-15.33944],[-73.67825,-15.33949],[-73.67885,-15.34092],[-73.67902,-15.34142],[-73.6791,-15.34167],[-73.67917,-15.34201],[-73.67919,-15.34234],[-73.67922,-15.34304],[-73.67919,-15.34359],[-73.67914,-15.34401],[-73.67917,-15.34421],[-73.67931,-15.34452],[-73.68012,-15.34604],[-73.68027,-15.34652],[-73.68038,-15.347],[-73.68038,-15.34717],[-73.68031,-15.3473],[-73.68024,-15.34737],[-73.67924,-15.34818],[-73.67834,-15.34918],[-73.67817,-15.34944],[-73.67815,-15.3495],[-73.67813,-15.34955],[-73.67813,-15.34972],[-73.67758,-15.3498],[-73.67734,-15.34984],[-73.67715,-15.34984],[-73.67702,-15.3498],[-73.6769,-15.34975],[-73.67683,-15.34968],[-73.67678,-15.34956],[-73.67655,-15.34905],[-73.67635,-15.34859],[-73.67629,-15.34853],[-73.67616,-15.34841],[-73.67607,-15.34837],[-73.67593,-15.34836],[-73.67574,-15.3484],[-73.6755,-15.34853],[-73.67527,-15.34873],[-73.67506,-15.34902],[-73.67505,-15.34904],[-73.67495,-15.34925],[-73.67493,-15.34943],[-73.67502,-15.35051],[-73.67502,-15.35113],[-73.67501,-15.3513],[-73.67497,-15.35137],[-73.67493,-15.35141],[-73.67489,-15.35142],[-73.67484,-15.35143],[-73.67474,-15.35142],[-73.67457,-15.35132],[-73.67432,-15.35107],[-73.67396,-15.35062],[-73.67369,-15.3504],[-73.67357,-15.35032],[-73.67346,-15.35019],[-73.67339,-15.35002],[-73.67326,-15.3499],[-73.67309,-15.34979],[-73.67293,-15.34973],[-73.67284,-15.34971],[-73.67274,-15.34971],[-73.67268,-15.34974],[-73.67261,-15.34981],[-73.67241,-15.3504],[-73.67232,-15.35077],[-73.67232,-15.35104],[-73.67236,-15.3513],[-73.67247,-15.35157],[-73.67258,-15.35174],[-73.67263,-15.35192],[-73.67273,-15.3526],[-73.67281,-15.35281],[-73.67282,-15.35303],[-73.67287,-15.35344],[-73.67286,-15.35364],[-73.67284,-15.35383],[-73.67279,-15.35397],[-73.67277,-15.35399],[-73.6727,-15.35408],[-73.67256,-15.3542],[-73.6723,-15.35432],[-73.67205,-15.35441],[-73.6719,-15.35443],[-73.67177,-15.35444],[-73.67168,-15.35442],[-73.67149,-15.35426],[-73.67098,-15.35357],[-73.67088,-15.3535],[-73.67075,-15.35349],[-73.67051,-15.35356],[-73.66952,-15.35395],[-73.66932,-15.354],[-73.66921,-15.354],[-73.66911,-15.35397],[-73.66903,-15.35389],[-73.66899,-15.35363],[-73.66898,-15.35353],[-73.66895,-15.35346],[-73.66889,-15.35343],[-73.66879,-15.35341],[-73.66848,-15.35353],[-73.66801,-15.35368],[-73.66785,-15.35369],[-73.66768,-15.3537],[-73.66754,-15.35369],[-73.66739,-15.35363],[-73.66731,-15.35357],[-73.6671,-15.35342],[-73.66687,-15.35321],[-73.66682,-15.35317],[-73.66677,-15.35316],[-73.66669,-15.35316],[-73.66655,-15.35322],[-73.66624,-15.35346],[-73.66613,-15.35359],[-73.66593,-15.35384],[-73.66557,-15.35439],[-73.66531,-15.35494],[-73.66516,-15.35511],[-73.66489,-15.35529],[-73.66408,-15.35578],[-73.66366,-15.35609],[-73.66338,-15.35534],[-73.66334,-15.35517],[-73.66334,-15.35498],[-73.66335,-15.35482],[-73.66343,-15.35456],[-73.66362,-15.35411],[-73.66369,-15.35394],[-73.66372,-15.35373],[-73.66373,-15.35346],[-73.66364,-15.35296],[-73.66355,-15.35279],[-73.66338,-15.35269],[-73.66317,-15.35268],[-73.6629,-15.35269],[-73.66254,-15.35285],[-73.6616,-15.35339],[-73.6613,-15.35361],[-73.66115,-15.35367],[-73.66101,-15.35367],[-73.66092,-15.35363],[-73.66087,-15.35357],[-73.66084,-15.35344],[-73.66084,-15.3533],[-73.66084,-15.35306],[-73.66089,-15.35283],[-73.661,-15.35255],[-73.66102,-15.35251],[-73.66108,-15.35235],[-73.66127,-15.35199],[-73.66139,-15.35176],[-73.66146,-15.35153],[-73.66147,-15.35129],[-73.66151,-15.35112],[-73.66172,-15.35071],[-73.66216,-15.3498],[-73.6624,-15.34948],[-73.66253,-15.34931],[-73.66275,-15.34891],[-73.66282,-15.34868],[-73.66282,-15.34841],[-73.66278,-15.34827],[-73.66275,-15.34825],[-73.66264,-15.34815],[-73.66224,-15.34789],[-73.66203,-15.34779],[-73.66202,-15.34777],[-73.66196,-15.34767],[-73.66193,-15.34753],[-73.66192,-15.34747],[-73.66193,-15.34733],[-73.66195,-15.34713],[-73.662,-15.34682],[-73.66194,-15.34648],[-73.66182,-15.34617],[-73.66173,-15.34597],[-73.6615,-15.34549],[-73.66145,-15.3454],[-73.66143,-15.34536],[-73.66127,-15.3451],[-73.66119,-15.34482],[-73.66118,-15.34462],[-73.66116,-15.34369],[-73.6611,-15.34312],[-73.6611,-15.34306],[-73.66104,-15.34274],[-73.66097,-15.34259],[-73.66083,-15.34232],[-73.66061,-15.342],[-73.6603,-15.34172],[-73.66007,-15.34164],[-73.65988,-15.34164],[-73.65978,-15.34166],[-73.65968,-15.34173],[-73.65957,-15.34187],[-73.65924,-15.34236],[-73.65905,-15.34278],[-73.65883,-15.3433],[-73.65875,-15.34358],[-73.65873,-15.34376],[-73.65873,-15.34383],[-73.65873,-15.34393],[-73.65885,-15.34443],[-73.65893,-15.34503],[-73.65892,-15.34561],[-73.65887,-15.34626],[-73.65886,-15.34639],[-73.6587,-15.34712],[-73.65843,-15.34779],[-73.6582,-15.34819],[-73.65801,-15.34845],[-73.65777,-15.34859],[-73.65754,-15.34867],[-73.65728,-15.34869],[-73.65699,-15.34861],[-73.65683,-15.34851],[-73.65673,-15.34835],[-73.65665,-15.34803],[-73.65663,-15.34763],[-73.65669,-15.34702],[-73.65674,-15.34645],[-73.65674,-15.34606],[-73.65689,-15.34554],[-73.65715,-15.34492],[-73.6572,-15.34478],[-73.65735,-15.34444],[-73.65736,-15.3442],[-73.65734,-15.344],[-73.65728,-15.34382],[-73.65721,-15.34372],[-73.6571,-15.3436],[-73.65696,-15.34352],[-73.65675,-15.34344],[-73.6565,-15.34335],[-73.6562,-15.34322],[-73.65571,-15.34309],[-73.65569,-15.34308],[-73.65555,-15.34299],[-73.65547,-15.34287],[-73.65547,-15.34287],[-73.65543,-15.34276],[-73.65539,-15.34257],[-73.65533,-15.34237],[-73.65531,-15.3423],[-73.65522,-15.34199],[-73.65515,-15.34179],[-73.65505,-15.34166],[-73.65494,-15.34162],[-73.65483,-15.34163],[-73.65471,-15.34168],[-73.65458,-15.34176],[-73.6544,-15.34188],[-73.65425,-15.34204],[-73.65412,-15.3422],[-73.65402,-15.34238],[-73.65387,-15.34267],[-73.65372,-15.3429],[-73.65359,-15.34315],[-73.6535,-15.34337],[-73.6535,-15.34339],[-73.65345,-15.3439],[-73.65338,-15.3448],[-73.65334,-15.34618],[-73.65332,-15.34642],[-73.65327,-15.34654],[-73.65311,-15.34666],[-73.65293,-15.34671],[-73.65276,-15.34671],[-73.6526,-15.34669],[-73.65251,-15.34665],[-73.65235,-15.3465],[-73.65222,-15.34632],[-73.65214,-15.34603],[-73.65211,-15.34591],[-73.65204,-15.34561],[-73.65202,-15.34501],[-73.65198,-15.3438],[-73.65193,-15.34344],[-73.65188,-15.34323],[-73.65172,-15.34299],[-73.65162,-15.34287],[-73.65156,-15.34281],[-73.65146,-15.34271],[-73.65132,-15.34266],[-73.65123,-15.34267],[-73.65115,-15.34272],[-73.65106,-15.34283],[-73.65097,-15.34303],[-73.65096,-15.34305],[-73.65087,-15.34329],[-73.6508,-15.34364],[-73.65062,-15.34439],[-73.65056,-15.34464],[-73.65049,-15.34478],[-73.65047,-15.34488],[-73.65048,-15.345],[-73.65052,-15.34515],[-73.65056,-15.34542],[-73.65059,-15.34739],[-73.65065,-15.34802],[-73.65062,-15.3482],[-73.65055,-15.34836],[-73.65029,-15.3486],[-73.65001,-15.34872],[-73.64983,-15.34875],[-73.64969,-15.34873],[-73.64937,-15.34856],[-73.64902,-15.3483],[-73.64888,-15.34814],[-73.64856,-15.3477],[-73.6484,-15.3474],[-73.64836,-15.34731],[-73.64833,-15.34722],[-73.6483,-15.34699],[-73.6483,-15.34653],[-73.64837,-15.34614],[-73.64841,-15.34491],[-73.64847,-15.34392],[-73.64847,-15.34372],[-73.64847,-15.34324],[-73.64846,-15.3432],[-73.64833,-15.34213],[-73.64818,-15.34166],[-73.64801,-15.34141],[-73.64786,-15.34128],[-73.64766,-15.34117],[-73.64742,-15.34104],[-73.64662,-15.34061],[-73.64597,-15.34006],[-73.64566,-15.33968],[-73.64546,-15.3393],[-73.64534,-15.33885],[-73.64527,-15.33852],[-73.64519,-15.33836],[-73.6451,-15.3383],[-73.64497,-15.33825],[-73.6449,-15.33825],[-73.64475,-15.33826],[-73.64448,-15.33835],[-73.64407,-15.33856],[-73.64368,-15.33881],[-73.6433,-15.33922],[-73.64316,-15.33936],[-73.64293,-15.33967],[-73.64286,-15.3402],[-73.64285,-15.34034],[-73.64273,-15.34134],[-73.64269,-15.34158],[-73.64261,-15.34182],[-73.64244,-15.3421],[-73.64193,-15.34266],[-73.6415,-15.34321],[-73.64134,-15.34348],[-73.64124,-15.34374],[-73.64122,-15.34396],[-73.64124,-15.34502],[-73.64123,-15.34528],[-73.64125,-15.34545],[-73.64156,-15.34608],[-73.64239,-15.34768],[-73.64243,-15.3479],[-73.64245,-15.34813],[-73.64242,-15.34844],[-73.64237,-15.34869],[-73.64223,-15.3489],[-73.64191,-15.34915],[-73.64157,-15.34929],[-73.64119,-15.34935],[-73.64097,-15.34934],[-73.64093,-15.34934],[-73.64079,-15.3493],[-73.64067,-15.34921],[-73.6406,-15.3491],[-73.64058,-15.34907],[-73.64054,-15.34898],[-73.64049,-15.34873],[-73.64054,-15.34806],[-73.64056,-15.34779],[-73.64065,-15.34678],[-73.64066,-15.34651],[-73.64063,-15.3463],[-73.64056,-15.34618],[-73.64047,-15.34606],[-73.64046,-15.34605],[-73.64029,-15.3458],[-73.63997,-15.34552],[-73.63982,-15.34541],[-73.63963,-15.34537],[-73.63947,-15.34537],[-73.63927,-15.34537],[-73.63913,-15.34533],[-73.63902,-15.34527],[-73.63887,-15.34523],[-73.63878,-15.34523],[-73.63868,-15.34526],[-73.63862,-15.3453],[-73.63857,-15.34534],[-73.63834,-15.34559],[-73.63792,-15.34593],[-73.63781,-15.34607],[-73.63772,-15.34621],[-73.63766,-15.34638],[-73.63752,-15.34686],[-73.63729,-15.34791],[-73.63721,-15.34822],[-73.6371,-15.34842],[-73.63681,-15.34881],[-73.63645,-15.34926],[-73.63636,-15.34942],[-73.63635,-15.34961],[-73.63636,-15.34988],[-73.63649,-15.3506],[-73.63697,-15.35246],[-73.63711,-15.3529],[-73.6371,-15.35322],[-73.63708,-15.35356],[-73.637,-15.35388],[-73.637,-15.35389],[-73.63685,-15.35429],[-73.6365,-15.35489],[-73.63606,-15.35497],[-73.63603,-15.35498],[-73.63539,-15.35515],[-73.63467,-15.35532],[-73.63445,-15.35533],[-73.6343,-15.35532],[-73.6342,-15.35529],[-73.63407,-15.35518],[-73.63406,-15.35517],[-73.63387,-15.35498],[-73.63364,-15.35475],[-73.63332,-15.35439],[-73.63244,-15.35464],[-73.63224,-15.35439],[-73.63211,-15.35427],[-73.6319,-15.35416],[-73.63179,-15.35415],[-73.63163,-15.35415],[-73.63145,-15.35417],[-73.63048,-15.35439],[-73.62952,-15.3546],[-73.62943,-15.35459],[-73.62936,-15.35455],[-73.62929,-15.35449],[-73.62918,-15.35433],[-73.62912,-15.35417],[-73.62909,-15.35365],[-73.62911,-15.35325],[-73.62919,-15.35265],[-73.62916,-15.35249],[-73.62907,-15.35238],[-73.6289,-15.35227],[-73.62879,-15.35225],[-73.62865,-15.35225],[-73.62843,-15.35231],[-73.62798,-15.35243],[-73.62769,-15.35259],[-73.62686,-15.35311],[-73.6261,-15.3539],[-73.62564,-15.35442],[-73.6255,-15.35449],[-73.6253,-15.3545],[-73.62497,-15.35451],[-73.62453,-15.35453],[-73.62404,-15.35459],[-73.62379,-15.35466],[-73.62375,-15.35467],[-73.62352,-15.35477],[-73.62333,-15.35489],[-73.623,-15.35522],[-73.62249,-15.35587],[-73.62229,-15.35612],[-73.62214,-15.3562],[-73.62199,-15.35624],[-73.62137,-15.35623],[-73.62063,-15.35626],[-73.62036,-15.35627],[-73.62015,-15.3563],[-73.61996,-15.35639],[-73.61971,-15.35659],[-73.61959,-15.35671],[-73.61915,-15.35715],[-73.61867,-15.35788],[-73.61855,-15.35799],[-73.61841,-15.35805],[-73.61828,-15.35808],[-73.61813,-15.35809],[-73.61772,-15.35809],[-73.61765,-15.35809],[-73.61723,-15.35808],[-73.61662,-15.35806],[-73.61572,-15.35805],[-73.61544,-15.3581],[-73.61493,-15.35824],[-73.61442,-15.35839],[-73.61412,-15.35853],[-73.61318,-15.35906],[-73.6125,-15.35965],[-73.61227,-15.35979],[-73.61216,-15.35985],[-73.61198,-15.35991],[-73.61165,-15.35998],[-73.61078,-15.36017],[-73.60984,-15.36041],[-73.60956,-15.3605],[-73.60934,-15.36062],[-73.60933,-15.36063],[-73.60828,-15.36059],[-73.60636,-15.36058],[-73.60547,-15.36041],[-73.60535,-15.36039],[-73.60445,-15.36021],[-73.60407,-15.35971],[-73.60399,-15.35962],[-73.60391,-15.3595],[-73.60355,-15.358],[-73.60306,-15.35653],[-73.60293,-15.35613],[-73.60242,-15.35543],[-73.60202,-15.35489],[-73.6012,-15.35457],[-73.60038,-15.35426],[-73.59901,-15.35434],[-73.59839,-15.35511],[-73.59809,-15.35548],[-73.59806,-15.35551],[-73.5969,-15.35636],[-73.5967,-15.35639],[-73.59554,-15.35655],[-73.59508,-15.35661],[-73.59353,-15.35619],[-73.59307,-15.35607],[-73.59289,-15.35589],[-73.5919,-15.35491],[-73.59026,-15.35366],[-73.58886,-15.35297],[-73.58844,-15.35277],[-73.58785,-15.35267],[-73.58727,-15.35257],[-73.5868,-15.35249],[-73.58546,-15.35248],[-73.58525,-15.35248],[-73.58388,-15.35291],[-73.5826,-15.35388],[-73.58168,-15.35485],[-73.58058,-15.35493],[-73.57968,-15.35448],[-73.57923,-15.35359],[-73.57895,-15.35293],[-73.57833,-15.35146],[-73.57834,-15.35123],[-73.57841,-15.34997],[-73.57745,-15.35017],[-73.57642,-15.35017],[-73.57615,-15.35017],[-73.57556,-15.35016],[-73.57419,-15.3506],[-73.57331,-15.35106],[-73.57288,-15.35128],[-73.5719,-15.35229],[-73.57098,-15.35361],[-73.57019,-15.35442],[-73.5698,-15.3553],[-73.5694,-15.35694],[-73.56902,-15.3575],[-73.5688,-15.35782],[-73.56857,-15.35803],[-73.56808,-15.35845],[-73.56717,-15.3592],[-73.56638,-15.35976],[-73.56586,-15.36039],[-73.56553,-15.36115],[-73.56553,-15.36129],[-73.56552,-15.36184],[-73.56551,-15.36317],[-73.56578,-15.36414],[-73.56537,-15.36465],[-73.56508,-15.36521],[-73.56497,-15.36541],[-73.56478,-15.36578],[-73.56393,-15.36692],[-73.56288,-15.36786],[-73.56228,-15.36825],[-73.56183,-15.36854],[-73.56001,-15.36853],[-73.5589,-15.36853],[-73.55766,-15.3689],[-73.55675,-15.36971],[-73.55602,-15.37091],[-73.55595,-15.37185],[-73.55594,-15.37362],[-73.55664,-15.3759],[-73.55719,-15.38152],[-73.55698,-15.38259],[-73.55664,-15.38468],[-73.55657,-15.38625],[-73.55604,-15.38751],[-73.55477,-15.39256],[-73.55409,-15.3958],[-73.5535,-15.39706],[-73.55232,-15.39813],[-73.55082,-15.39944],[-73.54944,-15.4007],[-73.5482,-15.40164],[-73.54715,-15.40251],[-73.54682,-15.40293],[-73.54576,-15.40333],[-73.54716,-15.40423],[-73.54841,-15.40493],[-73.54991,-15.40576],[-73.55593,-15.40822],[-73.5574,-15.40861],[-73.55766,-15.40858],[-73.55767,-15.40771],[-73.55779,-15.40674],[-73.55895,-15.406],[-73.55984,-15.40525],[-73.56046,-15.40418],[-73.56041,-15.40338],[-73.56025,-15.40268],[-73.56065,-15.40139],[-73.56099,-15.40011],[-73.56116,-15.39946],[-73.56172,-15.39839],[-73.56272,-15.39786],[-73.56339,-15.39706],[-73.56395,-15.39615],[-73.5639,-15.39492],[-73.56352,-15.39416],[-73.56413,-15.39304],[-73.56414,-15.39202],[-73.56465,-15.39106],[-73.56515,-15.39036],[-73.56516,-15.38897],[-73.56616,-15.38827],[-73.56661,-15.38672],[-73.56667,-15.38618],[-73.56657,-15.385],[-73.56641,-15.3836],[-73.56648,-15.3821],[-73.56687,-15.38119],[-73.56815,-15.38002],[-73.56888,-15.37868],[-73.56988,-15.37777],[-73.56984,-15.37589],[-73.56963,-15.37503],[-73.56952,-15.37385],[-73.57042,-15.37214],[-73.57043,-15.37101],[-73.5699,-15.37013],[-73.5695,-15.36945],[-73.5684,-15.36869],[-73.56818,-15.3679],[-73.56796,-15.36713],[-73.56742,-15.36616],[-73.56733,-15.36513],[-73.56732,-15.36498],[-73.56743,-15.36407],[-73.5685,-15.36193],[-73.56961,-15.36097],[-73.57089,-15.36038],[-73.57186,-15.35963],[-73.57241,-15.3592],[-73.57267,-15.359],[-73.57445,-15.35788],[-73.57523,-15.35782],[-73.57578,-15.35778],[-73.577,-15.35715],[-73.57705,-15.3571],[-73.57736,-15.35677],[-73.57783,-15.35629],[-73.57791,-15.35617],[-73.57828,-15.3556],[-73.57843,-15.35612],[-73.5785,-15.35635],[-73.57766,-15.35726],[-73.57632,-15.35875],[-73.57518,-15.35871],[-73.57483,-15.35869],[-73.57372,-15.35874],[-73.57281,-15.35941],[-73.57278,-15.35943],[-73.57211,-15.3605],[-73.57193,-15.36074],[-73.57155,-15.3613],[-73.57066,-15.36178],[-73.56977,-15.36242],[-73.5696,-15.36327],[-73.56932,-15.36453],[-73.56925,-15.36483],[-73.56864,-15.36622],[-73.56863,-15.36692],[-73.56879,-15.3674],[-73.56899,-15.36801],[-73.56917,-15.36859],[-73.56998,-15.36916],[-73.57016,-15.36929],[-73.57071,-15.37037],[-73.57093,-15.37091],[-73.57136,-15.37209],[-73.5708,-15.37316],[-73.57046,-15.37391],[-73.57063,-15.37466],[-73.57073,-15.3759],[-73.57077,-15.37703],[-73.57066,-15.37794],[-73.56954,-15.37895],[-73.56865,-15.38024],[-73.56803,-15.38136],[-73.56748,-15.38205],[-73.56708,-15.38291],[-73.56718,-15.38447],[-73.56722,-15.38635],[-73.56711,-15.38731],[-73.56682,-15.38849],[-73.56565,-15.38961],[-73.56553,-15.39069],[-73.56492,-15.3917],[-73.56458,-15.39294],[-73.56457,-15.39401],[-73.56462,-15.39524],[-73.56444,-15.39626],[-73.56394,-15.39744],[-73.56327,-15.3983],[-73.56221,-15.39899],[-73.5616,-15.39979],[-73.56137,-15.40108],[-73.56092,-15.40215],[-73.56096,-15.40344],[-73.56107,-15.40419],[-73.5604,-15.40537],[-73.55956,-15.40622],[-73.55839,-15.40707],[-73.558,-15.40782],[-73.5582,-15.40852],[-73.55855,-15.40847],[-73.55883,-15.40844],[-73.55954,-15.40837],[-73.56062,-15.40826],[-73.56112,-15.4082],[-73.56349,-15.40796],[-73.56456,-15.40785],[-73.56524,-15.40778],[-73.56703,-15.40759],[-73.56709,-15.40758],[-73.56855,-15.40743],[-73.57064,-15.4072],[-73.57073,-15.40719],[-73.57214,-15.40697],[-73.57271,-15.40703],[-73.57306,-15.40707],[-73.57374,-15.40715],[-73.57439,-15.40723],[-73.57464,-15.40726],[-73.5769,-15.40714],[-73.57777,-15.40694],[-73.57841,-15.40679],[-73.57993,-15.40581],[-73.58059,-15.40557],[-73.58156,-15.40522],[-73.58215,-15.40502],[-73.58253,-15.40488],[-73.58445,-15.40476],[-73.58568,-15.40478],[-73.5875,-15.40482],[-73.58756,-15.40482],[-73.58761,-15.40482],[-73.5877,-15.40482],[-73.59031,-15.40424],[-73.59058,-15.40418],[-73.59291,-15.40362],[-73.593,-15.40363],[-73.59411,-15.4037],[-73.59423,-15.40375],[-73.59442,-15.40384],[-73.59467,-15.40395],[-73.59492,-15.40405],[-73.59538,-15.40426],[-73.59565,-15.40438],[-73.5957,-15.4044],[-73.59571,-15.40441],[-73.59613,-15.40459],[-73.598,-15.40594],[-73.59894,-15.40656],[-73.5991,-15.40666],[-73.59972,-15.40707],[-73.60107,-15.40864],[-73.60351,-15.41138],[-73.60392,-15.41183],[-73.60572,-15.41384],[-73.60614,-15.4143],[-73.60917,-15.41702],[-73.61052,-15.41823],[-73.61286,-15.41923],[-73.61353,-15.41935],[-73.61354,-15.41935],[-73.61415,-15.41946],[-73.61594,-15.41978],[-73.61594,-15.41978],[-73.61928,-15.42038],[-73.61929,-15.42038],[-73.61929,-15.42038],[-73.6208,-15.42065],[-73.62107,-15.42067],[-73.6217,-15.42073],[-73.62192,-15.42075],[-73.62283,-15.42084],[-73.62284,-15.42084],[-73.62325,-15.42087],[-73.62328,-15.4209],[-73.62333,-15.42095],[-73.62334,-15.42096],[-73.62342,-15.42103],[-73.62351,-15.42111],[-73.62364,-15.42107],[-73.62404,-15.42096],[-73.62449,-15.42084],[-73.6249,-15.42072],[-73.62501,-15.42069],[-73.62518,-15.42064],[-73.62552,-15.42055],[-73.62725,-15.42021],[-73.62725,-15.42021],[-73.62802,-15.42006],[-73.62806,-15.42004],[-73.62988,-15.41909],[-73.63012,-15.41896],[-73.63046,-15.41898],[-73.63217,-15.41903],[-73.63264,-15.41905],[-73.63465,-15.41972],[-73.6349,-15.4198],[-73.63546,-15.41979],[-73.63619,-15.41976],[-73.63759,-15.41972],[-73.63952,-15.4188],[-73.64088,-15.41825],[-73.64119,-15.41813],[-73.64204,-15.41779],[-73.64389,-15.41779],[-73.64397,-15.41779],[-73.64428,-15.41777],[-73.64502,-15.41773],[-73.64557,-15.41771],[-73.64742,-15.41737],[-73.64985,-15.41678],[-73.65054,-15.41659],[-73.65161,-15.41628],[-73.65164,-15.41628],[-73.65304,-15.41653],[-73.65406,-15.41717],[-73.65438,-15.41737],[-73.6545,-15.41749],[-73.65468,-15.41765],[-73.65581,-15.41871],[-73.65698,-15.42048],[-73.65739,-15.42092],[-73.65765,-15.4212],[-73.65887,-15.42254],[-73.65975,-15.4235],[-73.6601,-15.42377],[-73.6614,-15.42479],[-73.66286,-15.42593],[-73.66554,-15.42767],[-73.66562,-15.42772],[-73.66597,-15.42795],[-73.66616,-15.42807],[-73.66629,-15.42816],[-73.66773,-15.42912],[-73.66938,-15.42994],[-73.66991,-15.43021],[-73.67001,-15.43023],[-73.67062,-15.43034],[-73.67101,-15.43042],[-73.6713,-15.43047],[-73.67167,-15.43054],[-73.67178,-15.43056],[-73.67218,-15.43063],[-73.67436,-15.43141],[-73.67445,-15.43144],[-73.67452,-15.43147],[-73.67532,-15.43195],[-73.67588,-15.43229],[-73.67649,-15.43266],[-73.67658,-15.43271],[-73.67672,-15.4328],[-73.6768,-15.43286],[-73.67802,-15.43386],[-73.67838,-15.43415],[-73.67867,-15.43438],[-73.67919,-15.4348],[-73.67921,-15.43482],[-73.67947,-15.43495],[-73.68162,-15.43602],[-73.6832,-15.43701],[-73.68436,-15.43748],[-73.68503,-15.43756],[-73.68583,-15.43766],[-73.6863,-15.43756],[-73.68663,-15.43749],[-73.68678,-15.43746],[-73.68776,-15.43725],[-73.68806,-15.43718],[-73.68944,-15.43662],[-73.6912,-15.43628],[-73.69245,-15.43564],[-73.69456,-15.43478],[-73.69476,-15.43459],[-73.69478,-15.43457],[-73.69484,-15.43451],[-73.69588,-15.43353],[-73.69693,-15.43203],[-73.69727,-15.43155],[-73.69732,-15.43148],[-73.69812,-15.43048],[-73.69856,-15.42992],[-73.69896,-15.42942],[-73.69926,-15.42914],[-73.70011,-15.42832],[-73.70098,-15.42749],[-73.70222,-15.42582],[-73.70226,-15.42577],[-73.70298,-15.4248],[-73.70345,-15.42417],[-73.70367,-15.42387],[-73.70432,-15.423],[-73.7047,-15.42261],[-73.70652,-15.42072],[-73.70671,-15.42057],[-73.70841,-15.41926],[-73.70885,-15.41892],[-73.7104,-15.41772],[-73.71041,-15.41772],[-73.71048,-15.41767],[-73.71416,-15.41561],[-73.71417,-15.4156],[-73.71444,-15.41549],[-73.71525,-15.41514],[-73.71527,-15.41513],[-73.71743,-15.41421],[-73.71765,-15.41413],[-73.71937,-15.4135],[-73.71962,-15.41339],[-73.72195,-15.41239],[-73.72306,-15.41192],[-73.72684,-15.40998],[-73.72789,-15.40925],[-73.72834,-15.40894],[-73.73062,-15.40734],[-73.7315,-15.4066],[-73.73167,-15.40646],[-73.73308,-15.40526],[-73.73476,-15.40383],[-73.73643,-15.40242],[-73.7374,-15.4016],[-73.73778,-15.40128],[-73.74145,-15.3982],[-73.74413,-15.39586],[-73.74417,-15.39582],[-73.74436,-15.39567],[-73.74439,-15.39565],[-73.7457,-15.3946],[-73.74681,-15.39371],[-73.74965,-15.39192],[-73.75186,-15.39053],[-73.75215,-15.39035],[-73.75276,-15.38997],[-73.75319,-15.3897],[-73.75464,-15.38878],[-73.75493,-15.38855],[-73.7571,-15.38685],[-73.75846,-15.38563],[-73.75876,-15.38536],[-73.75883,-15.3853],[-73.75887,-15.38527],[-73.7597,-15.3832],[-73.75972,-15.38314],[-73.75972,-15.38313],[-73.75975,-15.38307],[-73.75988,-15.38279],[-73.76093,-15.3805],[-73.76173,-15.37876],[-73.76273,-15.37639],[-73.76286,-15.37609],[-73.76288,-15.376],[-73.76308,-15.3752],[-73.76309,-15.37517],[-73.76356,-15.37335],[-73.7638,-15.3728],[-73.7638,-15.3728],[-73.76415,-15.37198],[-73.76431,-15.37161],[-73.76497,-15.37011],[-73.76592,-15.36831],[-73.76603,-15.3681],[-73.76624,-15.36772],[-73.76707,-15.36518],[-73.76723,-15.36405],[-73.76735,-15.36311],[-73.76736,-15.36305],[-73.7675,-15.36202],[-73.76759,-15.3618],[-73.76792,-15.36098],[-73.76855,-15.35941],[-73.76876,-15.35896],[-73.76934,-15.3577],[-73.76964,-15.35704],[-73.76975,-15.35689],[-73.76999,-15.35654],[-73.77077,-15.35546],[-73.77084,-15.35539],[-73.77133,-15.35495],[-73.77141,-15.35487],[-73.77145,-15.35484],[-73.77206,-15.35428],[-73.77263,-15.35372],[-73.77276,-15.35359],[-73.77283,-15.35352],[-73.77291,-15.35345],[-73.77515,-15.35124],[-73.7756,-15.35071],[-73.77571,-15.35058],[-73.77743,-15.34853],[-73.77752,-15.34843],[-73.77798,-15.34791],[-73.77809,-15.34779],[-73.77758,-15.34773],[-73.77735,-15.34783],[-73.77623,-15.34831],[-73.7757,-15.34847],[-73.7751,-15.34845],[-73.77446,-15.34814],[-73.77436,-15.34802],[-73.77409,-15.34771],[-73.77381,-15.34715],[-73.77329,-15.34536],[-73.77288,-15.34397],[-73.77255,-15.34319],[-73.77221,-15.34266],[-73.77158,-15.342],[-73.76987,-15.34108],[-73.76935,-15.34059],[-73.76881,-15.33975],[-73.76771,-15.3374],[-73.76726,-15.33669],[-73.76689,-15.33629],[-73.76639,-15.33591],[-73.76593,-15.33569],[-73.76545,-15.33557],[-73.76495,-15.33556],[-73.76434,-15.33567],[-73.76371,-15.33593],[-73.76305,-15.33634],[-73.76231,-15.33694],[-73.76139,-15.33781],[-73.76079,-15.33847],[-73.76021,-15.33929],[-73.75977,-15.34012],[-73.75922,-15.34157],[-73.75896,-15.34276],[-73.75901,-15.34366],[-73.75951,-15.34577],[-73.75961,-15.34668],[-73.75945,-15.34782],[-73.75903,-15.34861],[-73.75852,-15.34909],[-73.75759,-15.34972],[-73.75699,-15.35],[-73.75628,-15.35016],[-73.75567,-15.35016],[-73.75492,-15.35001],[-73.75395,-15.34966],[-73.75328,-15.34928],[-73.75283,-15.34884],[-73.75252,-15.34828],[-73.75221,-15.34677],[-73.75203,-15.34412],[-73.7521,-15.34333],[-73.7523,-15.34229],[-73.75288,-15.34048],[-73.75358,-15.33926],[-73.75482,-15.33753],[-73.75641,-15.33597],[-73.75685,-15.33536],[-73.75704,-15.33495],[-73.75717,-15.33438],[-73.75716,-15.33339],[-73.75715,-15.33339],[-73.7569,-15.3324],[-73.75689,-15.33232],[-73.75625,-15.33179],[-73.75461,-15.33134],[-73.75419,-15.33136],[-73.75429,-15.33116],[-73.75362,-15.32912],[-73.75318,-15.3278],[-73.75303,-15.32715],[-73.753,-15.32641],[-73.75312,-15.32569],[-73.75334,-15.32517],[-73.75375,-15.32459],[-73.75456,-15.32382],[-73.75479,-15.32349],[-73.75491,-15.32305],[-73.75482,-15.32262],[-73.75459,-15.32228],[-73.75417,-15.32202],[-73.75347,-15.32189],[-73.75214,-15.32191],[-73.75128,-15.32179],[-73.75028,-15.32141],[-73.74929,-15.32081],[-73.74821,-15.31988],[-73.74769,-15.31917],[-73.74746,-15.31832],[-73.74764,-15.31756],[-73.74766,-15.31754],[-73.74802,-15.31703],[-73.74811,-15.31689],[-73.74901,-15.31624],[-73.75009,-15.31581],[-73.75127,-15.31558],[-73.75309,-15.31544],[-73.75412,-15.31549],[-73.75466,-15.31562],[-73.75622,-15.31621],[-73.7571,-15.31638],[-73.75771,-15.31633],[-73.7582,-15.31613],[-73.7586,-15.3158],[-73.75892,-15.31521],[-73.75892,-15.3152],[-73.75902,-15.31463],[-73.75904,-15.31319],[-73.75904,-15.31274],[-73.75918,-15.3123],[-73.75919,-15.31228],[-73.75943,-15.31189],[-73.75998,-15.31143],[-73.76036,-15.31129],[-73.76069,-15.31118],[-73.76149,-15.31118],[-73.76299,-15.31151],[-73.7636,-15.31138],[-73.76398,-15.31112],[-73.76401,-15.31109],[-73.7644,-15.3106],[-73.76464,-15.31001],[-73.7648,-15.30929],[-73.76489,-15.30807],[-73.7649,-15.30781],[-73.76503,-15.30724],[-73.76528,-15.30683],[-73.76566,-15.30651],[-73.76627,-15.30632],[-73.76665,-15.30637],[-73.76701,-15.30643],[-73.76707,-15.30646],[-73.76753,-15.30674],[-73.76801,-15.30735],[-73.76887,-15.30943],[-73.77127,-15.314],[-73.77191,-15.31546],[-73.77252,-15.31766],[-73.77281,-15.31967],[-73.77298,-15.32086],[-73.77357,-15.32256],[-73.77412,-15.32356],[-73.77478,-15.32433],[-73.77487,-15.32444],[-73.77531,-15.32474],[-73.77567,-15.325],[-73.77643,-15.32529],[-73.77696,-15.32538],[-73.77756,-15.32535],[-73.77815,-15.32518],[-73.77874,-15.32486],[-73.77943,-15.3241],[-73.77968,-15.32355],[-73.77981,-15.32304],[-73.77981,-15.32202],[-73.77953,-15.32046],[-73.77912,-15.31882],[-73.779,-15.3185],[-73.77886,-15.31839],[-73.77831,-15.31783],[-73.77812,-15.31744],[-73.77801,-15.31695],[-73.77801,-15.31631],[-73.77804,-15.31574],[-73.778,-15.31544],[-73.77772,-15.31482],[-73.7774,-15.31385],[-73.77729,-15.31323],[-73.77732,-15.31227],[-73.77735,-15.3119],[-73.77741,-15.31161],[-73.77749,-15.31147],[-73.77766,-15.31138],[-73.77852,-15.31137],[-73.77875,-15.3114],[-73.77935,-15.31146],[-73.77978,-15.31153],[-73.78006,-15.31153],[-73.78029,-15.31145],[-73.78047,-15.31137],[-73.78063,-15.31113],[-73.78068,-15.31083],[-73.78067,-15.31035],[-73.78066,-15.30951],[-73.78072,-15.30863],[-73.78086,-15.30819],[-73.78126,-15.30765],[-73.7816,-15.30732],[-73.78187,-15.30713],[-73.78221,-15.30696],[-73.7826,-15.30688],[-73.78289,-15.30687],[-73.78319,-15.30687],[-73.78355,-15.30694],[-73.78397,-15.30715],[-73.78432,-15.30764],[-73.78448,-15.30788],[-73.78524,-15.30903],[-73.78641,-15.31047],[-73.78701,-15.31128],[-73.78757,-15.31209],[-73.78791,-15.31258],[-73.78802,-15.31279],[-73.78806,-15.31326],[-73.78809,-15.3138],[-73.78799,-15.31418],[-73.78785,-15.31453],[-73.78751,-15.31482],[-73.78729,-15.31497],[-73.78752,-15.3154],[-73.78802,-15.31585],[-73.7886,-15.31606],[-73.78912,-15.31607],[-73.7897,-15.31589],[-73.79027,-15.31554],[-73.79068,-15.31514],[-73.79106,-15.31462],[-73.79139,-15.314],[-73.7915,-15.31364],[-73.79161,-15.31325],[-73.79168,-15.31259],[-73.79153,-15.31111],[-73.7913,-15.31035],[-73.79071,-15.30842],[-73.79052,-15.30739],[-73.79051,-15.30628],[-73.79065,-15.30426],[-73.79069,-15.30373],[-73.7906,-15.30283],[-73.79041,-15.30215],[-73.79021,-15.30175],[-73.79009,-15.3015],[-73.78958,-15.30087],[-73.78957,-15.30086],[-73.78916,-15.30054],[-73.78843,-15.30019],[-73.78747,-15.29999],[-73.78609,-15.30005],[-73.78525,-15.30015],[-73.78371,-15.30033],[-73.78184,-15.30028],[-73.78094,-15.30055],[-73.77947,-15.30156],[-73.77882,-15.30186],[-73.77808,-15.30201],[-73.77764,-15.30211],[-73.77652,-15.30203],[-73.77589,-15.30181],[-73.77537,-15.30149],[-73.77495,-15.30106],[-73.77387,-15.29996],[-73.77338,-15.29928],[-73.77332,-15.29921],[-73.77258,-15.29767],[-73.7722,-15.29707],[-73.77162,-15.29647],[-73.77099,-15.29603],[-73.77029,-15.29573],[-73.76944,-15.29559],[-73.76683,-15.29574],[-73.76559,-15.29572],[-73.76466,-15.29549],[-73.76398,-15.29506],[-73.7635,-15.29432],[-73.76331,-15.2935],[-73.76337,-15.2925],[-73.76364,-15.29153],[-73.76392,-15.29103],[-73.76441,-15.29049],[-73.76657,-15.28919],[-73.76715,-15.28862],[-73.76771,-15.28787],[-73.76826,-15.28686],[-73.76832,-15.28665],[-73.76855,-15.28592],[-73.76856,-15.28568],[-73.7686,-15.28505],[-73.76856,-15.28483],[-73.76843,-15.28412],[-73.76807,-15.28341],[-73.76789,-15.28322],[-73.76741,-15.28274],[-73.76658,-15.28238],[-73.76585,-15.28228],[-73.76518,-15.28236],[-73.76437,-15.28266],[-73.76272,-15.28377],[-73.76256,-15.28387],[-73.76189,-15.28418],[-73.76181,-15.28419],[-73.76145,-15.28422],[-73.7614,-15.28422],[-73.76108,-15.28416],[-73.76042,-15.28379],[-73.75983,-15.28302],[-73.7594,-15.28213],[-73.75924,-15.28179],[-73.75774,-15.27726],[-73.75736,-15.27624],[-73.75676,-15.27463],[-73.75673,-15.27464],[-73.7561,-15.27278],[-73.75529,-15.27189],[-73.75418,-15.27163],[-73.7541,-15.27161],[-73.75314,-15.27171],[-73.75329,-15.27289]]]}},{"type":"Feature","properties":{"Name":"Zonas aptas para cultivo en limpio de calidad agrologica baja  limitado por suelo, erosion y clima, con necesidad de riego","description":"<div style='font-family:sans-serif;'><h4>ZEE AYACUCHO - Zonas aptas para cultivo en limpio de calidad agrologica baja  limitado por suelo, erosion y clima, con necesidad de riego</h4><table border='1' cellpadding='4' style='border-collapse:collapse;font-size:12px;'><tr><td><b>ZEECODE:</b></td><td>45</td></tr><tr><td><b>ZEE:</b></td><td>Zonas aptas para cultivo en limpio de calidad agrologica baja  limitado por suelo, erosion y clima, con necesidad de riego</td></tr><tr><td><b>ZEE_ZONAS:</b></td><td>ZONA PARA CULTIVO EN LIMPIO</td></tr><tr><td><b>ZEE_GRANDE:</b></td><td>ZONAS PRODUCTIVAS</td></tr><tr><td><b>AREA:</b></td><td>966230394.33</td></tr><tr><td><b>PERIMETER:</b></td><td>1283278.912</td></tr><tr><td><b>HECTARES:</b></td><td>96623.039</td></tr></table></div>"},"geometry":{"type":"Polygon","coordinates":[[[-73.55788,-15.22418],[-73.55828,-15.2247],[-73.55833,-15.22477],[-73.55925,-15.22517],[-73.55967,-15.22518],[-73.55991,-15.22518],[-73.5619,-15.22499],[-73.56302,-15.22455],[-73.56374,-15.22456],[-73.56375,-15.22457],[-73.5644,-15.22501],[-73.56465,-15.22541],[-73.56465,-15.22595],[-73.56429,-15.22644],[-73.56352,-15.22713],[-73.56285,-15.22737],[-73.56244,-15.22777],[-73.56244,-15.22816],[-73.56259,-15.22876],[-73.56315,-15.22936],[-73.56396,-15.22976],[-73.56477,-15.23021],[-73.56571,-15.23077],[-73.56604,-15.23096],[-73.56644,-15.23145],[-73.56664,-15.23196],[-73.56691,-15.23262],[-73.56694,-15.23272],[-73.56694,-15.23279],[-73.56694,-15.23356],[-73.56698,-15.23455],[-73.56702,-15.23648],[-73.56695,-15.23667],[-73.5665,-15.23789],[-73.56403,-15.24178],[-73.56218,-15.24429],[-73.56038,-15.24656],[-73.5595,-15.24853],[-73.55944,-15.24967],[-73.55974,-15.25071],[-73.56055,-15.25171],[-73.56115,-15.2526],[-73.56247,-15.2536],[-73.56389,-15.25514],[-73.56392,-15.25523],[-73.56419,-15.25589],[-73.56434,-15.25668],[-73.56418,-15.25732],[-73.56407,-15.2574],[-73.56457,-15.25791],[-73.56505,-15.25823],[-73.56527,-15.25838],[-73.56577,-15.25904],[-73.5669,-15.25823],[-73.5694,-15.25688],[-73.5706,-15.25468],[-73.5706,-15.25425],[-73.57061,-15.25342],[-73.57062,-15.25122],[-73.57082,-15.25092],[-73.57183,-15.24934],[-73.57281,-15.24756],[-73.57302,-15.24645],[-73.56993,-15.24808],[-73.57008,-15.24905],[-73.57039,-15.25109],[-73.56462,-15.25188],[-73.5646,-15.25188],[-73.5646,-15.25187],[-73.56499,-15.25003],[-73.56508,-15.24962],[-73.56525,-15.24882],[-73.56726,-15.24684],[-73.56646,-15.2461],[-73.56609,-15.24576],[-73.56639,-15.24547],[-73.56827,-15.2437],[-73.56962,-15.24243],[-73.56967,-15.24249],[-73.57303,-15.24639],[-73.57326,-15.24515],[-73.57533,-15.24254],[-73.57633,-15.24191],[-73.57663,-15.24171],[-73.58193,-15.2407],[-73.58368,-15.24071],[-73.58669,-15.24073],[-73.58985,-15.24075],[-73.58993,-15.24075],[-73.59046,-15.24169],[-73.59132,-15.24327],[-73.59199,-15.24553],[-73.59198,-15.24553],[-73.59186,-15.2456],[-73.59179,-15.2457],[-73.59174,-15.24587],[-73.59173,-15.24604],[-73.59174,-15.24628],[-73.59177,-15.24658],[-73.59179,-15.24689],[-73.5918,-15.24709],[-73.59186,-15.2473],[-73.59197,-15.24751],[-73.59245,-15.24846],[-73.59258,-15.2487],[-73.59274,-15.24885],[-73.59317,-15.24912],[-73.59349,-15.24929],[-73.59407,-15.24965],[-73.59438,-15.24987],[-73.59447,-15.24999],[-73.59453,-15.25015],[-73.59459,-15.25037],[-73.59485,-15.25088],[-73.59501,-15.25112],[-73.59512,-15.25121],[-73.59531,-15.25131],[-73.5957,-15.25143],[-73.59655,-15.25167],[-73.59674,-15.25174],[-73.59687,-15.25186],[-73.59698,-15.25204],[-73.59751,-15.25292],[-73.59792,-15.25363],[-73.598,-15.2537],[-73.59812,-15.2537],[-73.59834,-15.25369],[-73.60013,-15.25366],[-73.60032,-15.25369],[-73.6005,-15.25378],[-73.60183,-15.25509],[-73.60646,-15.25837],[-73.60851,-15.2587],[-73.61017,-15.25973],[-73.61006,-15.25908],[-73.60991,-15.25819],[-73.60989,-15.25788],[-73.60998,-15.25725],[-73.61003,-15.25656],[-73.6101,-15.25624],[-73.61012,-15.25617],[-73.61019,-15.25599],[-73.61028,-15.25584],[-73.61039,-15.25572],[-73.61051,-15.25563],[-73.61062,-15.25555],[-73.61074,-15.2555],[-73.6111,-15.25541],[-73.61185,-15.25521],[-73.61209,-15.25506],[-73.61211,-15.25506],[-73.61219,-15.25496],[-73.61228,-15.25482],[-73.61233,-15.25458],[-73.61241,-15.25419],[-73.61254,-15.25368],[-73.61259,-15.25352],[-73.61267,-15.25341],[-73.61278,-15.25332],[-73.61303,-15.25321],[-73.61339,-15.25308],[-73.6137,-15.25293],[-73.61388,-15.25284],[-73.61404,-15.2527],[-73.6143,-15.25231],[-73.61467,-15.25157],[-73.61479,-15.25135],[-73.61487,-15.25124],[-73.61497,-15.25115],[-73.61512,-15.2511],[-73.61548,-15.25106],[-73.61592,-15.25106],[-73.61631,-15.25099],[-73.61647,-15.25092],[-73.61663,-15.25079],[-73.61704,-15.25034],[-73.61717,-15.25027],[-73.61733,-15.25023],[-73.61787,-15.25015],[-73.61799,-15.25014],[-73.61816,-15.25015],[-73.61828,-15.25018],[-73.61843,-15.25028],[-73.61854,-15.25042],[-73.61885,-15.25099],[-73.61901,-15.25146],[-73.61922,-15.25195],[-73.61927,-15.25199],[-73.6194,-15.25205],[-73.61968,-15.25212],[-73.61994,-15.25219],[-73.62004,-15.25221],[-73.62017,-15.25223],[-73.62041,-15.25222],[-73.62052,-15.2522],[-73.62057,-15.25216],[-73.62062,-15.25209],[-73.62067,-15.25196],[-73.62068,-15.25168],[-73.62063,-15.25084],[-73.62058,-15.25053],[-73.62058,-15.25028],[-73.62061,-15.25005],[-73.62081,-15.2497],[-73.6209,-15.24958],[-73.62098,-15.2495],[-73.62111,-15.24945],[-73.62122,-15.24941],[-73.62138,-15.2494],[-73.62153,-15.24941],[-73.62174,-15.24947],[-73.62219,-15.24968],[-73.62234,-15.24975],[-73.62244,-15.24977],[-73.62257,-15.24977],[-73.62267,-15.24974],[-73.62287,-15.24964],[-73.62299,-15.2496],[-73.62313,-15.24959],[-73.62334,-15.24962],[-73.62335,-15.24962],[-73.62342,-15.24965],[-73.62357,-15.24976],[-73.62368,-15.24992],[-73.62382,-15.2503],[-73.62386,-15.25043],[-73.62387,-15.25058],[-73.62383,-15.25085],[-73.62366,-15.2519],[-73.62365,-15.25211],[-73.62365,-15.25212],[-73.62365,-15.25228],[-73.6237,-15.25239],[-73.62373,-15.25247],[-73.6238,-15.25254],[-73.62395,-15.25264],[-73.62411,-15.25269],[-73.62436,-15.25277],[-73.62454,-15.25281],[-73.62466,-15.25282],[-73.62473,-15.2528],[-73.62485,-15.25271],[-73.62502,-15.25252],[-73.62555,-15.25171],[-73.62563,-15.25159],[-73.6257,-15.25153],[-73.62577,-15.25149],[-73.62586,-15.25148],[-73.62599,-15.2515],[-73.62624,-15.25159],[-73.62669,-15.25173],[-73.62699,-15.25185],[-73.62728,-15.25201],[-73.62756,-15.25228],[-73.62792,-15.25275],[-73.62815,-15.25299],[-73.62825,-15.25316],[-73.62836,-15.25348],[-73.62863,-15.25412],[-73.62878,-15.25435],[-73.62892,-15.25455],[-73.62902,-15.25463],[-73.62915,-15.25466],[-73.62934,-15.25467],[-73.63017,-15.25462],[-73.63042,-15.25461],[-73.63043,-15.25461],[-73.63057,-15.2546],[-73.63112,-15.25456],[-73.63153,-15.25453],[-73.63175,-15.25455],[-73.63203,-15.25461],[-73.63223,-15.25466],[-73.63236,-15.25475],[-73.63243,-15.25482],[-73.63247,-15.25496],[-73.63247,-15.25503],[-73.63246,-15.25514],[-73.63241,-15.25527],[-73.63225,-15.25563],[-73.63193,-15.25625],[-73.63176,-15.25655],[-73.63171,-15.25669],[-73.63167,-15.25684],[-73.63167,-15.25686],[-73.63168,-15.25691],[-73.63177,-15.25742],[-73.6318,-15.25742],[-73.63194,-15.25743],[-73.63226,-15.25738],[-73.63288,-15.2572],[-73.63386,-15.25685],[-73.63402,-15.25683],[-73.63414,-15.25682],[-73.63433,-15.25683],[-73.63455,-15.25687],[-73.63478,-15.25692],[-73.63494,-15.25698],[-73.63509,-15.25707],[-73.63524,-15.25716],[-73.63531,-15.25724],[-73.63535,-15.25729],[-73.63536,-15.25739],[-73.63536,-15.25749],[-73.63538,-15.25756],[-73.6354,-15.25774],[-73.6354,-15.25788],[-73.6354,-15.25808],[-73.63539,-15.25831],[-73.63536,-15.25845],[-73.63527,-15.25857],[-73.6349,-15.25881],[-73.63392,-15.25952],[-73.63324,-15.26018],[-73.63432,-15.26117],[-73.63648,-15.2616],[-73.63724,-15.26139],[-73.6393,-15.26015],[-73.64168,-15.26016],[-73.64319,-15.26017],[-73.64335,-15.26029],[-73.64556,-15.26186],[-73.64761,-15.2623],[-73.64846,-15.26127],[-73.6488,-15.26022],[-73.64893,-15.25955],[-73.64895,-15.25943],[-73.64913,-15.25849],[-73.64989,-15.2573],[-73.64946,-15.25747],[-73.64845,-15.25746],[-73.64744,-15.25746],[-73.64591,-15.25587],[-73.64535,-15.25445],[-73.64519,-15.25435],[-73.64479,-15.25408],[-73.64407,-15.25359],[-73.64381,-15.25342],[-73.64293,-15.25294],[-73.64179,-15.25278],[-73.64098,-15.25262],[-73.6401,-15.2519],[-73.63946,-15.24993],[-73.63948,-15.2498],[-73.63949,-15.24975],[-73.6397,-15.24951],[-73.63987,-15.24939],[-73.64033,-15.24908],[-73.64059,-15.24866],[-73.64078,-15.24835],[-73.64098,-15.24781],[-73.64126,-15.24758],[-73.64248,-15.24688],[-73.6437,-15.24547],[-73.64436,-15.24374],[-73.64476,-15.24228],[-73.64398,-15.2402],[-73.64326,-15.2387],[-73.64255,-15.23516],[-73.64232,-15.23295],[-73.64164,-15.23129],[-73.6416,-15.23121],[-73.64135,-15.2312],[-73.64126,-15.23129],[-73.64105,-15.23149],[-73.64093,-15.23162],[-73.64097,-15.23195],[-73.64096,-15.23227],[-73.64074,-15.23287],[-73.64039,-15.23319],[-73.63996,-15.23346],[-73.63959,-15.23366],[-73.63943,-15.23371],[-73.63908,-15.23383],[-73.63847,-15.23395],[-73.63799,-15.23413],[-73.63764,-15.23426],[-73.63756,-15.2343],[-73.63686,-15.23569],[-73.63636,-15.23551],[-73.63585,-15.23525],[-73.6354,-15.23502],[-73.63538,-15.23502],[-73.63481,-15.23473],[-73.63455,-15.2346],[-73.63365,-15.23435],[-73.63308,-15.23419],[-73.63298,-15.23399],[-73.63246,-15.23297],[-73.6324,-15.23269],[-73.63238,-15.23263],[-73.63142,-15.23245],[-73.6311,-15.23166],[-73.63101,-15.23143],[-73.63074,-15.23124],[-73.63073,-15.23123],[-73.63061,-15.23114],[-73.63017,-15.23082],[-73.62955,-15.23102],[-73.6294,-15.23122],[-73.62912,-15.23162],[-73.6287,-15.23243],[-73.62828,-15.23304],[-73.62808,-15.23162],[-73.62801,-15.23121],[-73.62787,-15.2304],[-73.6276,-15.23026],[-73.62746,-15.23019],[-73.62704,-15.23039],[-73.62662,-15.2308],[-73.62647,-15.2312],[-73.6264,-15.2314],[-73.62577,-15.2316],[-73.62531,-15.2313],[-73.62515,-15.23119],[-73.62515,-15.23119],[-73.62511,-15.23106],[-73.625,-15.2306],[-73.62494,-15.23038],[-73.62519,-15.22932],[-73.62523,-15.22917],[-73.62489,-15.22954],[-73.62463,-15.22971],[-73.62421,-15.22987],[-73.62397,-15.2299],[-73.62378,-15.22991],[-73.62367,-15.22988],[-73.62343,-15.22963],[-73.62267,-15.22878],[-73.62253,-15.22868],[-73.62217,-15.22854],[-73.62206,-15.22851],[-73.62202,-15.22853],[-73.62097,-15.22954],[-73.62056,-15.23013],[-73.62013,-15.23076],[-73.61991,-15.23116],[-73.6197,-15.23157],[-73.61865,-15.23197],[-73.61823,-15.23196],[-73.61719,-15.23196],[-73.61693,-15.2317],[-73.61677,-15.23155],[-73.61662,-15.23121],[-73.61662,-15.23121],[-73.61662,-15.2312],[-73.61658,-15.23114],[-73.61623,-15.23058],[-73.61565,-15.23104],[-73.61557,-15.23114],[-73.6152,-15.23157],[-73.61476,-15.23248],[-73.61437,-15.23322],[-73.61397,-15.23519],[-73.61336,-15.23642],[-73.61252,-15.23775],[-73.6118,-15.23833],[-73.61139,-15.23848],[-73.6113,-15.23852],[-73.61065,-15.23883],[-73.60981,-15.23882],[-73.60898,-15.23882],[-73.60798,-15.23939],[-73.60793,-15.23942],[-73.60695,-15.23942],[-73.60667,-15.23941],[-73.60583,-15.23941],[-73.60547,-15.23934],[-73.60479,-15.2392],[-73.60437,-15.23859],[-73.60437,-15.23839],[-73.60437,-15.23821],[-73.60438,-15.23716],[-73.6042,-15.23681],[-73.60397,-15.23635],[-73.60389,-15.23619],[-73.60369,-15.2358],[-73.60335,-15.23512],[-73.60209,-15.23471],[-73.60105,-15.2345],[-73.60021,-15.2345],[-73.59897,-15.23429],[-73.59896,-15.23428],[-73.59833,-15.23428],[-73.5983,-15.23422],[-73.59818,-15.23399],[-73.59638,-15.23346],[-73.59524,-15.2332],[-73.59519,-15.23324],[-73.59483,-15.23342],[-73.59435,-15.23365],[-73.59362,-15.23364],[-73.59352,-15.23364],[-73.59325,-15.23355],[-73.59289,-15.23343],[-73.59282,-15.23329],[-73.59248,-15.23262],[-73.59237,-15.23251],[-73.59186,-15.2323],[-73.59094,-15.23193],[-73.59065,-15.2318],[-73.5906,-15.23179],[-73.58934,-15.23178],[-73.5889,-15.23195],[-73.58829,-15.23218],[-73.58797,-15.23259],[-73.58781,-15.2328],[-73.58618,-15.2326],[-73.5849,-15.23193],[-73.58365,-15.23128],[-73.58311,-15.23121],[-73.58142,-15.23098],[-73.58002,-15.23076],[-73.57948,-15.23068],[-73.57888,-15.23052],[-73.5779,-15.23026],[-73.57666,-15.22993],[-73.57614,-15.22952],[-73.57585,-15.22929],[-73.57503,-15.22862],[-73.5731,-15.22716],[-73.57315,-15.22659],[-73.57272,-15.22644],[-73.57184,-15.22596],[-73.5708,-15.2251],[-73.57003,-15.22477],[-73.5685,-15.22311],[-73.56698,-15.22128],[-73.56577,-15.21999],[-73.56475,-15.21731],[-73.56454,-15.21555],[-73.56454,-15.21497],[-73.56432,-15.21502],[-73.5639,-15.21511],[-73.56273,-15.21574],[-73.56206,-15.21633],[-73.5616,-15.21697],[-73.56159,-15.21772],[-73.56204,-15.2193],[-73.56271,-15.22032],[-73.5628,-15.22045],[-73.56295,-15.22114],[-73.56259,-15.22173],[-73.56223,-15.22208],[-73.56156,-15.22257],[-73.56126,-15.22262],[-73.55881,-15.22304],[-73.55853,-15.2233],[-73.55819,-15.22363],[-73.55788,-15.22418]]]}},{"type":"Feature","properties":{"Name":"Zonas aptas para cultivo en limpio de calidad agrologica baja  limitado por suelo, erosion e inundacion","description":"<div style='font-family:sans-serif;'><h4>ZEE AYACUCHO - Zonas aptas para cultivo en limpio de calidad agrologica baja  limitado por suelo, erosion e inundacion</h4><table border='1' cellpadding='4' style='border-collapse:collapse;font-size:12px;'><tr><td><b>ZEECODE:</b></td><td>46</td></tr><tr><td><b>ZEE:</b></td><td>Zonas aptas para cultivo en limpio de calidad agrologica baja  limitado por suelo, erosion e inundacion</td></tr><tr><td><b>ZEE_ZONAS:</b></td><td>ZONA PARA CULTIVO EN LIMPIO</td></tr><tr><td><b>ZEE_GRANDE:</b></td><td>ZONAS PRODUCTIVAS</td></tr><tr><td><b>AREA:</b></td><td>1035278.724</td></tr><tr><td><b>PERIMETER:</b></td><td>11091.764</td></tr><tr><td><b>HECTARES:</b></td><td>103.528</td></tr></table></div>"},"geometry":{"type":"Polygon","coordinates":[[[-73.32355,-13.32322],[-73.32193,-13.32344],[-73.32084,-13.32308],[-73.32084,-13.32308],[-73.32083,-13.32307],[-73.32083,-13.32307],[-73.32081,-13.3231],[-73.32079,-13.32311],[-73.32034,-13.32356],[-73.31973,-13.32365],[-73.31953,-13.32367],[-73.31871,-13.32378],[-73.31854,-13.32393],[-73.31774,-13.32463],[-73.31681,-13.32481],[-73.31649,-13.32492],[-73.31619,-13.32519],[-73.31608,-13.32524],[-73.31576,-13.32564],[-73.31564,-13.32619],[-73.31564,-13.32697],[-73.31564,-13.327],[-73.31565,-13.32718],[-73.31569,-13.32772],[-73.31563,-13.32805],[-73.31865,-13.32635],[-73.32158,-13.32429],[-73.32396,-13.32431],[-73.3269,-13.3207],[-73.32823,-13.31978],[-73.32731,-13.31902],[-73.32725,-13.31897],[-73.32681,-13.31867],[-73.32651,-13.31847],[-73.32581,-13.31873],[-73.32534,-13.31996],[-73.32478,-13.32064],[-73.32468,-13.32132],[-73.32416,-13.32227],[-73.32355,-13.32322]]]}},{"type":"Feature","properties":{"Name":"Zonas aptas para cultivo permanente de calidad agrologica media limitada por suelo y clima","description":"<div style='font-family:sans-serif;'><h4>ZEE AYACUCHO - Zonas aptas para cultivo permanente de calidad agrologica media limitada por suelo y clima</h4><table border='1' cellpadding='4' style='border-collapse:collapse;font-size:12px;'><tr><td><b>ZEECODE:</b></td><td>47</td></tr><tr><td><b>ZEE:</b></td><td>Zonas aptas para cultivo permanente de calidad agrologica media limitada por suelo y clima</td></tr><tr><td><b>ZEE_ZONAS:</b></td><td>ZONA PARA CULTIVO EN LIMPIO</td></tr><tr><td><b>ZEE_GRANDE:</b></td><td>ZONAS PRODUCTIVAS</td></tr><tr><td><b>AREA:</b></td><td>2817996.0</td></tr><tr><td><b>PERIMETER:</b></td><td>10819.694</td></tr><tr><td><b>HECTARES:</b></td><td>281.8</td></tr></table></div>"},"geometry":{"type":"Polygon","coordinates":[[[-74.27432,-12.96437],[-74.27323,-12.96467],[-74.27245,-12.96433],[-74.27197,-12.96409],[-74.2715,-12.96413],[-74.27136,-12.96463],[-74.27095,-12.96531],[-74.27035,-12.96607],[-74.26978,-12.96668],[-74.26887,-12.9669],[-74.26827,-12.96679],[-74.26785,-12.96702],[-74.26735,-12.96706],[-74.26684,-12.96738],[-74.26661,-12.96778],[-74.26661,-12.96819],[-74.26688,-12.96869],[-74.26756,-12.96856],[-74.26813,-12.96824],[-74.26868,-12.96788],[-74.26928,-12.96783],[-74.26974,-12.96806],[-74.26975,-12.96863],[-74.26977,-12.96901],[-74.26983,-12.96955],[-74.26994,-12.97006],[-74.27018,-12.9705],[-74.27028,-12.97105],[-74.27042,-12.97139],[-74.27048,-12.9721],[-74.27048,-12.97261],[-74.27003,-12.97318],[-74.26989,-12.97356],[-74.26982,-12.97386],[-74.26996,-12.97437],[-74.2702,-12.97464],[-74.27065,-12.97498],[-74.27113,-12.97532],[-74.27155,-12.97566],[-74.27182,-12.97587],[-74.2722,-12.97617],[-74.27232,-12.97636],[-74.27205,-12.9767],[-74.2714,-12.97678],[-74.27085,-12.97685],[-74.2705,-12.97691],[-74.2703,-12.97725],[-74.27026,-12.97766],[-74.2705,-12.97817],[-74.27081,-12.97851],[-74.27126,-12.97875],[-74.27126,-12.97922],[-74.27105,-12.97953],[-74.27088,-12.97983],[-74.27092,-12.98008],[-74.27094,-12.9802],[-74.27214,-12.98074],[-74.27232,-12.98067],[-74.27281,-12.98048],[-74.27292,-12.98007],[-74.27306,-12.9795],[-74.2732,-12.97879],[-74.27327,-12.97838],[-74.27341,-12.97818],[-74.27386,-12.97814],[-74.2743,-12.97845],[-74.2743,-12.97857],[-74.2743,-12.97933],[-74.2743,-12.97998],[-74.2743,-12.98045],[-74.27423,-12.98089],[-74.27423,-12.98133],[-74.27433,-12.98167],[-74.27457,-12.98194],[-74.27533,-12.98134],[-74.27603,-12.98093],[-74.27668,-12.9809],[-74.27713,-12.98087],[-74.27762,-12.98103],[-74.27837,-12.98055],[-74.27847,-12.97975],[-74.27847,-12.9793],[-74.27858,-12.97852],[-74.27879,-12.9775],[-74.27859,-12.9769],[-74.27838,-12.97672],[-74.27811,-12.97661],[-74.27802,-12.97657],[-74.27774,-12.97652],[-74.27743,-12.97634],[-74.27714,-12.97592],[-74.27682,-12.97563],[-74.27664,-12.97518],[-74.27664,-12.97455],[-74.27664,-12.97396],[-74.27719,-12.97364],[-74.27789,-12.97342],[-74.27821,-12.97319],[-74.27881,-12.97283],[-74.27936,-12.97275],[-74.28025,-12.97283],[-74.28057,-12.97264],[-74.28083,-12.97253],[-74.28117,-12.97259],[-74.2813,-12.97282],[-74.28124,-12.97312],[-74.28103,-12.97353],[-74.28089,-12.974],[-74.28062,-12.97458],[-74.28065,-12.97505],[-74.28065,-12.97553],[-74.28089,-12.9758],[-74.28127,-12.97583],[-74.28139,-12.97573],[-74.28155,-12.9756],[-74.28186,-12.97522],[-74.28217,-12.97495],[-74.28245,-12.97506],[-74.28252,-12.9754],[-74.28258,-12.97567],[-74.2828,-12.97576],[-74.28315,-12.97548],[-74.28379,-12.97517],[-74.28424,-12.97477],[-74.28462,-12.97443],[-74.28497,-12.97419],[-74.2851,-12.97378],[-74.28531,-12.97328],[-74.28538,-12.97287],[-74.28563,-12.97229],[-74.28601,-12.97189],[-74.28667,-12.97145],[-74.28715,-12.97114],[-74.28775,-12.97072],[-74.28814,-12.96939],[-74.28815,-12.96858],[-74.28761,-12.96833],[-74.28706,-12.96819],[-74.2864,-12.96816],[-74.28587,-12.96806],[-74.28581,-12.96806],[-74.28526,-12.96795],[-74.28495,-12.96768],[-74.28464,-12.96724],[-74.28416,-12.96693],[-74.28371,-12.96669],[-74.28322,-12.96642],[-74.28323,-12.96608],[-74.2835,-12.96581],[-74.28395,-12.96588],[-74.2844,-12.96612],[-74.28478,-12.96622],[-74.2852,-12.96619],[-74.28568,-12.96595],[-74.2862,-12.96589],[-74.28675,-12.96592],[-74.28708,-12.96564],[-74.28709,-12.96494],[-74.28709,-12.96461],[-74.28701,-12.96423],[-74.28694,-12.96374],[-74.28678,-12.96323],[-74.28652,-12.96273],[-74.28621,-12.96216],[-74.28598,-12.96188],[-74.28567,-12.96144],[-74.2855,-12.96104],[-74.28526,-12.96038],[-74.28506,-12.96023],[-74.2834,-12.96063],[-74.28174,-12.96124],[-74.28049,-12.96185],[-74.2804,-12.96189],[-74.27907,-12.96216],[-74.27769,-12.96257],[-74.27704,-12.96293],[-74.27658,-12.96311],[-74.27589,-12.96347],[-74.27519,-12.96383],[-74.27432,-12.96437]]]}},{"type":"Feature","properties":{"Name":"Zonas aptas para cultivo permanente de calidad agrologica media limitada por suelo y clima, con necesidad de riego","description":"<div style='font-family:sans-serif;'><h4>ZEE AYACUCHO - Zonas aptas para cultivo permanente de calidad agrologica media limitada por suelo y clima, con necesidad de riego</h4><table border='1' cellpadding='4' style='border-collapse:collapse;font-size:12px;'><tr><td><b>ZEECODE:</b></td><td>48</td></tr><tr><td><b>ZEE:</b></td><td>Zonas aptas para cultivo permanente de calidad agrologica media limitada por suelo y clima, con necesidad de riego</td></tr><tr><td><b>ZEE_ZONAS:</b></td><td>ZONA PARA CULTIVO EN LIMPIO</td></tr><tr><td><b>ZEE_GRANDE:</b></td><td>ZONAS PRODUCTIVAS</td></tr><tr><td><b>AREA:</b></td><td>48094936.116</td></tr><tr><td><b>PERIMETER:</b></td><td>61551.251</td></tr><tr><td><b>HECTARES:</b></td><td>4809.494</td></tr></table></div>"},"geometry":{"type":"Polygon","coordinates":[[[-73.91203,-13.86385],[-73.91158,-13.86395],[-73.91143,-13.86395],[-73.91085,-13.86394],[-73.90991,-13.86387],[-73.90945,-13.86397],[-73.90907,-13.86451],[-73.90889,-13.8652],[-73.90836,-13.86574],[-73.90794,-13.86618],[-73.90745,-13.86625],[-73.90643,-13.86651],[-73.90621,-13.8667],[-73.90491,-13.86731],[-73.90478,-13.86733],[-73.90467,-13.86747],[-73.9046,-13.86793],[-73.90419,-13.8683],[-73.90409,-13.86889],[-73.90423,-13.86985],[-73.90459,-13.87076],[-73.90529,-13.87167],[-73.90539,-13.87187],[-73.90607,-13.87108],[-73.90821,-13.8702],[-73.90912,-13.8702],[-73.90978,-13.87048],[-73.912,-13.8714],[-73.91245,-13.87289],[-73.91442,-13.87453],[-73.91576,-13.87375],[-73.91594,-13.87365],[-73.91776,-13.87365],[-73.91806,-13.87499],[-73.91942,-13.87541],[-73.91989,-13.87556],[-73.92292,-13.8765],[-73.92565,-13.87681],[-73.92746,-13.87993],[-73.92745,-13.88231],[-73.92623,-13.88394],[-73.92564,-13.8843],[-73.92333,-13.88571],[-73.92271,-13.8857],[-73.92098,-13.8857],[-73.92044,-13.88569],[-73.91786,-13.88553],[-73.91604,-13.88597],[-73.91557,-13.8879],[-73.91466,-13.88967],[-73.91419,-13.89057],[-73.91373,-13.89116],[-73.91373,-13.89228],[-73.91372,-13.89294],[-73.91372,-13.89457],[-73.91395,-13.89563],[-73.91401,-13.89591],[-73.91674,-13.89711],[-73.91855,-13.90164],[-73.9187,-13.90202],[-73.91929,-13.90559],[-73.9182,-13.91093],[-73.91755,-13.91161],[-73.91757,-13.91163],[-73.9188,-13.91256],[-73.9223,-13.91258],[-73.92355,-13.91215],[-73.92492,-13.91168],[-73.92855,-13.91044],[-73.92915,-13.91023],[-73.93017,-13.91024],[-73.93249,-13.91025],[-73.93507,-13.91041],[-73.93841,-13.9122],[-73.94174,-13.91445],[-73.94326,-13.9149],[-73.94629,-13.91714],[-73.94811,-13.91819],[-73.95008,-13.9181],[-73.95131,-13.91805],[-73.95221,-13.91909],[-73.95121,-13.91979],[-73.95115,-13.91983],[-73.95129,-13.92132],[-73.95232,-13.9218],[-73.95387,-13.92252],[-73.95395,-13.92249],[-73.9542,-13.92241],[-73.9548,-13.92222],[-73.95606,-13.92181],[-73.95661,-13.92164],[-73.95767,-13.92179],[-73.95736,-13.92298],[-73.95604,-13.92361],[-73.9534,-13.92489],[-73.95308,-13.92476],[-73.95115,-13.92396],[-73.94976,-13.92339],[-73.94718,-13.92249],[-73.9446,-13.92248],[-73.94196,-13.92182],[-73.93974,-13.92127],[-73.9361,-13.91977],[-73.93245,-13.91886],[-73.93142,-13.91891],[-73.92957,-13.91899],[-73.92941,-13.91899],[-73.92715,-13.92063],[-73.92697,-13.92077],[-73.92178,-13.9249],[-73.91995,-13.92653],[-73.91691,-13.92651],[-73.91681,-13.92656],[-73.91371,-13.92798],[-73.90776,-13.93286],[-73.90623,-13.93523],[-73.90592,-13.93626],[-73.90453,-13.93997],[-73.90605,-13.94087],[-73.90642,-13.94135],[-73.90669,-13.94171],[-73.90741,-13.94266],[-73.90999,-13.94267],[-73.91243,-13.94283],[-73.91321,-13.94309],[-73.91403,-13.94336],[-73.91425,-13.94343],[-73.91683,-13.94314],[-73.91704,-13.94295],[-73.91734,-13.94265],[-73.91796,-13.94205],[-73.91821,-13.94181],[-73.91843,-13.94171],[-73.91877,-13.94156],[-73.91881,-13.94154],[-73.91904,-13.94144],[-73.92019,-13.94093],[-73.92202,-13.93945],[-73.92212,-13.93935],[-73.9237,-13.93768],[-73.92476,-13.93783],[-73.92415,-13.93991],[-73.92376,-13.94047],[-73.92292,-13.94168],[-73.92276,-13.94272],[-73.9223,-13.94436],[-73.92169,-13.94509],[-73.92214,-13.94569],[-73.92412,-13.94614],[-73.92564,-13.9452],[-73.92579,-13.94511],[-73.92595,-13.94348],[-73.92687,-13.94185],[-73.92829,-13.94117],[-73.9284,-13.94112],[-73.92945,-13.94103],[-73.93007,-13.94097],[-73.93,-13.94079],[-73.92947,-13.93934],[-73.9281,-13.93948],[-73.92741,-13.93869],[-73.92719,-13.93844],[-73.92902,-13.93726],[-73.92979,-13.93659],[-73.93055,-13.93593],[-73.93056,-13.934],[-73.93133,-13.93207],[-73.93224,-13.93101],[-73.93276,-13.93041],[-73.93286,-13.9303],[-73.93357,-13.92988],[-73.93438,-13.92941],[-73.93636,-13.92838],[-73.93834,-13.92705],[-73.94017,-13.92661],[-73.9426,-13.92663],[-73.94361,-13.92663],[-73.94427,-13.92663],[-73.94497,-13.92702],[-73.94534,-13.92723],[-73.94349,-13.92913],[-73.94274,-13.92989],[-73.94121,-13.93107],[-73.94039,-13.93145],[-73.94017,-13.93155],[-73.93801,-13.93254],[-73.93557,-13.93476],[-73.93389,-13.93639],[-73.93327,-13.93995],[-73.9322,-13.94128],[-73.93191,-13.94246],[-73.93173,-13.94321],[-73.93097,-13.9444],[-73.93051,-13.94513],[-73.9305,-13.94556],[-73.9305,-13.94602],[-73.93034,-13.94619],[-73.92836,-13.94824],[-73.92827,-13.94831],[-73.92696,-13.94929],[-73.92694,-13.9493],[-73.92638,-13.94972],[-73.92668,-13.94981],[-73.92686,-13.94987],[-73.92835,-13.95032],[-73.92987,-13.95137],[-73.93139,-13.95226],[-73.93317,-13.95107],[-73.93337,-13.95094],[-73.93444,-13.94901],[-73.93617,-13.94832],[-73.93627,-13.94828],[-73.93825,-13.94739],[-73.93871,-13.94562],[-73.93932,-13.94562],[-73.93977,-13.9471],[-73.9419,-13.94711],[-73.94281,-13.94682],[-73.94281,-13.94658],[-73.94282,-13.94599],[-73.94282,-13.9445],[-73.94283,-13.9443],[-73.94314,-13.94192],[-73.9439,-13.94089],[-73.94604,-13.94],[-73.94702,-13.94028],[-73.9471,-13.94031],[-73.94801,-13.9409],[-73.9477,-13.94224],[-73.94617,-13.94372],[-73.94495,-13.94505],[-73.94495,-13.94564],[-73.94479,-13.94668],[-73.94477,-13.94671],[-73.94418,-13.94772],[-73.94417,-13.94876],[-73.94417,-13.94891],[-73.94539,-13.94884],[-73.94691,-13.94877],[-73.94707,-13.94878],[-73.94824,-13.94886],[-73.94919,-13.94893],[-73.9501,-13.94893],[-73.95071,-13.94923],[-73.95303,-13.94836],[-73.95345,-13.9482],[-73.95394,-13.94782],[-73.95498,-13.94702],[-73.95517,-13.94656],[-73.95536,-13.94608],[-73.9559,-13.9448],[-73.95591,-13.94257],[-73.95663,-13.94175],[-73.95682,-13.94154],[-73.95774,-13.9408],[-73.95961,-13.94081],[-73.95972,-13.94081],[-73.96139,-13.94081],[-73.96321,-13.94082],[-73.96489,-13.94023],[-73.96495,-13.94016],[-73.96596,-13.9389],[-73.96429,-13.93845],[-73.96322,-13.93844],[-73.96049,-13.93739],[-73.95989,-13.9368],[-73.95977,-13.93618],[-73.95974,-13.936],[-73.95944,-13.93442],[-73.95975,-13.93234],[-73.96067,-13.93145],[-73.96128,-13.93071],[-73.96295,-13.93117],[-73.96342,-13.93174],[-73.96349,-13.93183],[-73.96416,-13.93266],[-73.96436,-13.93272],[-73.96598,-13.93326],[-73.96629,-13.93152],[-73.9663,-13.93148],[-73.966,-13.92999],[-73.96656,-13.9296],[-73.9676,-13.92887],[-73.96768,-13.92881],[-73.96858,-13.92941],[-73.96929,-13.92976],[-73.9696,-13.92991],[-73.9698,-13.93001],[-73.97117,-13.92912],[-73.97315,-13.92943],[-73.97513,-13.92766],[-73.97582,-13.92642],[-73.9762,-13.92573],[-73.97773,-13.9241],[-73.97926,-13.92248],[-73.97935,-13.9224],[-73.9792,-13.9215],[-73.97922,-13.92113],[-73.97933,-13.91809],[-73.98072,-13.91457],[-73.98106,-13.91297],[-73.98106,-13.91297],[-73.98147,-13.91106],[-73.98233,-13.90889],[-73.98234,-13.90662],[-73.98347,-13.90502],[-73.98351,-13.90497],[-73.98436,-13.90404],[-73.9849,-13.90315],[-73.98515,-13.90274],[-73.98497,-13.90245],[-73.98451,-13.90072],[-73.98418,-13.89944],[-73.98407,-13.89903],[-73.98412,-13.89894],[-73.98501,-13.89735],[-73.98514,-13.89711],[-73.98794,-13.89634],[-73.98834,-13.89623],[-73.98856,-13.89607],[-73.99005,-13.89496],[-73.99021,-13.89484],[-73.99024,-13.89483],[-73.99042,-13.89392],[-73.99059,-13.89358],[-73.99076,-13.8935],[-73.99058,-13.89263],[-73.99036,-13.8916],[-73.99034,-13.89149],[-73.98959,-13.89075],[-73.98882,-13.89],[-73.98864,-13.88982],[-73.9867,-13.88791],[-73.98614,-13.88509],[-73.98611,-13.88494],[-73.9855,-13.88453],[-73.98404,-13.88358],[-73.98338,-13.88314],[-73.98338,-13.88314],[-73.98156,-13.88313],[-73.97974,-13.88164],[-73.97974,-13.88164],[-73.97807,-13.88119],[-73.97727,-13.88145],[-73.97553,-13.882],[-73.97442,-13.88236],[-73.97431,-13.88241],[-73.97383,-13.88261],[-73.97356,-13.88272],[-73.97322,-13.88286],[-73.97229,-13.88324],[-73.97188,-13.88388],[-73.97152,-13.88443],[-73.97044,-13.88491],[-73.96954,-13.88531],[-73.96711,-13.88471],[-73.966,-13.88353],[-73.96514,-13.88262],[-73.96333,-13.88142],[-73.95893,-13.87948],[-73.95805,-13.87882],[-73.95771,-13.87858],[-73.95631,-13.87762],[-73.95574,-13.87723],[-73.95506,-13.87702],[-73.95487,-13.87696],[-73.95298,-13.87635],[-73.95188,-13.876],[-73.9515,-13.87588],[-73.94876,-13.87483],[-73.9471,-13.87304],[-73.94467,-13.87214],[-73.94376,-13.87124],[-73.94252,-13.87017],[-73.94195,-13.86968],[-73.94052,-13.86967],[-73.93961,-13.86967],[-73.93784,-13.87001],[-73.93713,-13.87014],[-73.9359,-13.86868],[-73.93567,-13.86846],[-73.93415,-13.86696],[-73.93208,-13.86763],[-73.93025,-13.86792],[-73.92874,-13.86717],[-73.92722,-13.86716],[-73.9257,-13.8673],[-73.92533,-13.8672],[-73.92371,-13.86674],[-73.92357,-13.8667],[-73.9219,-13.8661],[-73.92096,-13.86577],[-73.91887,-13.86505],[-73.91735,-13.86489],[-73.91537,-13.86473],[-73.9134,-13.86458],[-73.91217,-13.86349],[-73.91203,-13.86385]]]}},{"type":"Feature","properties":{"Name":"Zonas aptas para cultivo permanente de calidad agrologica baja limitada por erosion y suelo.","description":"<div style='font-family:sans-serif;'><h4>ZEE AYACUCHO - Zonas aptas para cultivo permanente de calidad agrologica baja limitada por erosion y suelo.</h4><table border='1' cellpadding='4' style='border-collapse:collapse;font-size:12px;'><tr><td><b>ZEECODE:</b></td><td>49</td></tr><tr><td><b>ZEE:</b></td><td>Zonas aptas para cultivo permanente de calidad agrologica baja limitada por erosion y suelo.</td></tr><tr><td><b>ZEE_ZONAS:</b></td><td>ZONA PARA CULTIVO EN LIMPIO</td></tr><tr><td><b>ZEE_GRANDE:</b></td><td>ZONAS PRODUCTIVAS</td></tr><tr><td><b>AREA:</b></td><td>100433025.883</td></tr><tr><td><b>PERIMETER:</b></td><td>149272.697</td></tr><tr><td><b>HECTARES:</b></td><td>10043.303</td></tr></table></div>"},"geometry":{"type":"Polygon","coordinates":[[[-73.9457,-13.80326],[-73.94509,-13.80335],[-73.94445,-13.80298],[-73.94301,-13.80216],[-73.94269,-13.80161],[-73.94252,-13.8008],[-73.94223,-13.80051],[-73.94152,-13.80007],[-73.94086,-13.80018],[-73.93971,-13.80032],[-73.93885,-13.80108],[-73.93829,-13.80179],[-73.93822,-13.80187],[-73.93814,-13.80196],[-73.93803,-13.8021],[-73.93732,-13.80296],[-73.93628,-13.80335],[-73.93547,-13.80399],[-73.93505,-13.80432],[-73.93479,-13.80454],[-73.93425,-13.80499],[-73.9338,-13.80637],[-73.93271,-13.80808],[-73.93205,-13.80984],[-73.93162,-13.81097],[-73.93107,-13.81335],[-73.93098,-13.81357],[-73.93011,-13.81572],[-73.92889,-13.81743],[-73.92805,-13.81804],[-73.92798,-13.81824],[-73.92694,-13.81929],[-73.92673,-13.81937],[-73.92663,-13.8197],[-73.92618,-13.8207],[-73.92547,-13.82051],[-73.92381,-13.82175],[-73.92272,-13.82206],[-73.92183,-13.82212],[-73.92157,-13.82268],[-73.92093,-13.82398],[-73.92015,-13.82499],[-73.91958,-13.82572],[-73.91899,-13.82641],[-73.91878,-13.82665],[-73.91861,-13.82684],[-73.91759,-13.82771],[-73.91723,-13.82774],[-73.91704,-13.82794],[-73.91607,-13.82812],[-73.91549,-13.82806],[-73.91534,-13.82824],[-73.91485,-13.82892],[-73.91433,-13.83008],[-73.91394,-13.83099],[-73.91361,-13.83212],[-73.91328,-13.83317],[-73.91297,-13.83379],[-73.91267,-13.83461],[-73.91273,-13.83508],[-73.91245,-13.83543],[-73.91187,-13.83611],[-73.91282,-13.83692],[-73.91327,-13.8373],[-73.91345,-13.83824],[-73.91345,-13.83858],[-73.91345,-13.83917],[-73.91351,-13.83986],[-73.91377,-13.84032],[-73.91362,-13.84121],[-73.91344,-13.84221],[-73.91325,-13.84381],[-73.91306,-13.84491],[-73.91298,-13.84555],[-73.9128,-13.84597],[-73.91225,-13.84633],[-73.91206,-13.84636],[-73.9117,-13.8464],[-73.91119,-13.84642],[-73.91072,-13.84644],[-73.91054,-13.84664],[-73.90994,-13.8474],[-73.90901,-13.84827],[-73.90861,-13.84859],[-73.90854,-13.84865],[-73.90834,-13.84881],[-73.9083,-13.84884],[-73.9083,-13.84949],[-73.90863,-13.85145],[-73.9087,-13.85268],[-73.90828,-13.8544],[-73.9081,-13.85636],[-73.90829,-13.85708],[-73.9086,-13.85825],[-73.90887,-13.85949],[-73.90905,-13.85975],[-73.9093,-13.86016],[-73.90938,-13.86033],[-73.90954,-13.86063],[-73.90955,-13.86069],[-73.90964,-13.86098],[-73.90974,-13.86135],[-73.91012,-13.8619],[-73.91054,-13.86238],[-73.9112,-13.86286],[-73.91161,-13.863],[-73.91177,-13.86306],[-73.91197,-13.86313],[-73.91217,-13.86347],[-73.91217,-13.86349],[-73.9134,-13.86458],[-73.91537,-13.86473],[-73.91735,-13.86489],[-73.91887,-13.86505],[-73.92096,-13.86577],[-73.9219,-13.8661],[-73.92357,-13.8667],[-73.92371,-13.86674],[-73.92533,-13.8672],[-73.9257,-13.8673],[-73.92722,-13.86716],[-73.92874,-13.86717],[-73.93025,-13.86792],[-73.93208,-13.86763],[-73.93415,-13.86696],[-73.93436,-13.8669],[-73.93528,-13.86527],[-73.93452,-13.86467],[-73.93332,-13.86288],[-73.93424,-13.86036],[-73.93521,-13.85879],[-73.93562,-13.85814],[-73.9357,-13.85802],[-73.93699,-13.85622],[-73.93853,-13.85266],[-73.93869,-13.85058],[-73.93838,-13.85025],[-73.93807,-13.84991],[-73.93703,-13.84879],[-73.93597,-13.8473],[-73.93567,-13.84611],[-73.93659,-13.84419],[-73.93812,-13.84286],[-73.93828,-13.84048],[-73.93722,-13.83959],[-73.9354,-13.83973],[-73.93388,-13.83987],[-73.9316,-13.83971],[-73.93085,-13.83822],[-73.93013,-13.83724],[-73.93009,-13.83718],[-73.93009,-13.83644],[-73.93071,-13.83555],[-73.93201,-13.83492],[-73.93253,-13.83467],[-73.9326,-13.83467],[-73.9328,-13.83467],[-73.93321,-13.83467],[-73.9339,-13.83467],[-73.93679,-13.83469],[-73.93971,-13.83299],[-73.93983,-13.83292],[-73.93988,-13.83268],[-73.94007,-13.83169],[-73.94015,-13.83128],[-73.94015,-13.82935],[-73.94061,-13.82847],[-73.94174,-13.82806],[-73.94183,-13.82802],[-73.94396,-13.82818],[-73.94431,-13.82823],[-73.94491,-13.82832],[-73.94609,-13.82849],[-73.94728,-13.82836],[-73.94921,-13.82815],[-73.95004,-13.82806],[-73.95004,-13.82806],[-73.95004,-13.82806],[-73.95251,-13.82627],[-73.95309,-13.82585],[-73.95341,-13.82567],[-73.95446,-13.82511],[-73.95513,-13.82489],[-73.95612,-13.82458],[-73.95674,-13.82438],[-73.95685,-13.82428],[-73.95842,-13.8229],[-73.95924,-13.8219],[-73.9593,-13.82183],[-73.95964,-13.82142],[-73.95964,-13.82053],[-73.9595,-13.82024],[-73.95946,-13.82017],[-73.95943,-13.8201],[-73.95919,-13.81964],[-73.96042,-13.81816],[-73.9609,-13.81687],[-73.96103,-13.81652],[-73.96084,-13.81634],[-73.96012,-13.81563],[-73.95768,-13.8171],[-73.95662,-13.8168],[-73.95666,-13.81674],[-73.95723,-13.81577],[-73.958,-13.81428],[-73.95777,-13.81405],[-73.95739,-13.81368],[-73.95709,-13.81339],[-73.95694,-13.81368],[-73.95679,-13.81398],[-73.95659,-13.8141],[-73.95606,-13.81441],[-73.95553,-13.81471],[-73.95526,-13.81487],[-73.9542,-13.8159],[-73.95267,-13.81604],[-73.95172,-13.81583],[-73.95131,-13.81574],[-73.95138,-13.8152],[-73.95147,-13.81455],[-73.95187,-13.81416],[-73.95269,-13.81337],[-73.95386,-13.81246],[-73.95421,-13.81219],[-73.95503,-13.81156],[-73.95574,-13.81101],[-73.95665,-13.80953],[-73.95672,-13.80872],[-73.9568,-13.80768],[-73.95682,-13.80745],[-73.95671,-13.80565],[-73.95667,-13.80507],[-73.9566,-13.80464],[-73.95623,-13.80255],[-73.95457,-13.80031],[-73.95311,-13.79901],[-73.95306,-13.79896],[-73.95307,-13.79896],[-73.9531,-13.79886],[-73.95292,-13.7988],[-73.95181,-13.79829],[-73.9506,-13.79779],[-73.94991,-13.79778],[-73.94925,-13.79814],[-73.94922,-13.79819],[-73.9486,-13.79896],[-73.94813,-13.80023],[-73.94733,-13.80127],[-73.94687,-13.80159],[-73.9464,-13.80195],[-73.94612,-13.80276],[-73.9457,-13.80326]]]}},{"type":"Feature","properties":{"Name":"Zonas aptas para cultivo permanente de calidad agrologica baja limitada por erosion, suelo y clima.","description":"<div style='font-family:sans-serif;'><h4>ZEE AYACUCHO - Zonas aptas para cultivo permanente de calidad agrologica baja limitada por erosion, suelo y clima.</h4><table border='1' cellpadding='4' style='border-collapse:collapse;font-size:12px;'><tr><td><b>ZEECODE:</b></td><td>50</td></tr><tr><td><b>ZEE:</b></td><td>Zonas aptas para cultivo permanente de calidad agrologica baja limitada por erosion, suelo y clima.</td></tr><tr><td><b>ZEE_ZONAS:</b></td><td>ZONA PARA CULTIVO EN LIMPIO</td></tr><tr><td><b>ZEE_GRANDE:</b></td><td>ZONAS PRODUCTIVAS</td></tr><tr><td><b>AREA:</b></td><td>238909584.855</td></tr><tr><td><b>PERIMETER:</b></td><td>324601.754</td></tr><tr><td><b>HECTARES:</b></td><td>23890.958</td></tr></table></div>"},"geometry":{"type":"Polygon","coordinates":[[[-73.32397,-15.29905],[-73.32367,-15.30059],[-73.32382,-15.30141],[-73.32424,-15.30193],[-73.32556,-15.3023],[-73.32656,-15.30272],[-73.32681,-15.30301],[-73.32714,-15.30339],[-73.32755,-15.3039],[-73.32781,-15.30478],[-73.32786,-15.30546],[-73.32786,-15.3055],[-73.32785,-15.30642],[-73.32721,-15.30724],[-73.32657,-15.30769],[-73.32604,-15.30769],[-73.32525,-15.30727],[-73.32441,-15.3067],[-73.32398,-15.30647],[-73.32395,-15.30656],[-73.32379,-15.30697],[-73.32323,-15.30788],[-73.32259,-15.30888],[-73.32258,-15.30972],[-73.32244,-15.30995],[-73.32221,-15.31031],[-73.3221,-15.31049],[-73.32204,-15.31067],[-73.32186,-15.31117],[-73.32169,-15.31126],[-73.3213,-15.31148],[-73.32035,-15.31162],[-73.3194,-15.31169],[-73.31822,-15.31168],[-73.31703,-15.3116],[-73.31624,-15.31129],[-73.31537,-15.3109],[-73.31411,-15.31043],[-73.31253,-15.31087],[-73.31126,-15.31132],[-73.30999,-15.31216],[-73.30816,-15.31238],[-73.30674,-15.31214],[-73.30587,-15.31158],[-73.30584,-15.31155],[-73.30582,-15.31161],[-73.30534,-15.31192],[-73.30416,-15.31268],[-73.3041,-15.31272],[-73.30401,-15.31278],[-73.30343,-15.31334],[-73.30305,-15.31395],[-73.30305,-15.31462],[-73.30331,-15.31519],[-73.30406,-15.31548],[-73.30431,-15.31557],[-73.30452,-15.31566],[-73.30595,-15.31567],[-73.3069,-15.31598],[-73.30731,-15.31645],[-73.30752,-15.31701],[-73.30752,-15.31763],[-73.3072,-15.31814],[-73.30682,-15.31855],[-73.30544,-15.31938],[-73.3048,-15.31999],[-73.30364,-15.32019],[-73.30263,-15.31998],[-73.30132,-15.31951],[-73.30005,-15.31888],[-73.29894,-15.31837],[-73.29878,-15.31856],[-73.29838,-15.31906],[-73.29862,-15.3196],[-73.29828,-15.32151],[-73.29812,-15.32314],[-73.29811,-15.3232],[-73.29811,-15.32336],[-73.29811,-15.32389],[-73.29881,-15.32443],[-73.29944,-15.32472],[-73.2996,-15.32479],[-73.29984,-15.3249],[-73.30078,-15.32537],[-73.30072,-15.32556],[-73.30056,-15.32603],[-73.3003,-15.32682],[-73.30027,-15.32701],[-73.30019,-15.32763],[-73.30013,-15.32805],[-73.29957,-15.32905],[-73.29964,-15.32943],[-73.29971,-15.32941],[-73.30052,-15.32921],[-73.30119,-15.32914],[-73.30123,-15.32913],[-73.30218,-15.32907],[-73.30328,-15.32907],[-73.30416,-15.32877],[-73.30439,-15.32874],[-73.30511,-15.32863],[-73.30598,-15.32825],[-73.30654,-15.32795],[-73.30731,-15.32773],[-73.30733,-15.32772],[-73.3078,-15.32788],[-73.3078,-15.32826],[-73.30724,-15.32895],[-73.30629,-15.32971],[-73.30525,-15.33032],[-73.3049,-15.33047],[-73.30422,-15.33077],[-73.30319,-15.3313],[-73.30223,-15.33206],[-73.30215,-15.33252],[-73.30204,-15.33277],[-73.30175,-15.33344],[-73.30079,-15.33443],[-73.30039,-15.33542],[-73.29982,-15.33634],[-73.29879,-15.3371],[-73.29839,-15.33809],[-73.29824,-15.33834],[-73.29813,-15.33851],[-73.29852,-15.3386],[-73.29957,-15.33891],[-73.30026,-15.33892],[-73.30127,-15.33841],[-73.30202,-15.3376],[-73.30308,-15.33648],[-73.30399,-15.3354],[-73.30532,-15.33434],[-73.30739,-15.33322],[-73.31116,-15.33115],[-73.31345,-15.32968],[-73.31536,-15.32841],[-73.31637,-15.32816],[-73.31705,-15.32822],[-73.31737,-15.32848],[-73.31768,-15.32899],[-73.31788,-15.32992],[-73.31777,-15.33074],[-73.31696,-15.33299],[-73.31515,-15.33472],[-73.31196,-15.33649],[-73.31172,-15.33659],[-73.31129,-15.33735],[-73.31017,-15.33849],[-73.30945,-15.33925],[-73.30842,-15.33994],[-73.30762,-15.34047],[-73.30713,-15.34075],[-73.30717,-15.34097],[-73.30742,-15.34236],[-73.30826,-15.34349],[-73.30894,-15.34427],[-73.30914,-15.34453],[-73.30932,-15.34478],[-73.3097,-15.34478],[-73.3098,-15.34478],[-73.31043,-15.34517],[-73.31098,-15.34541],[-73.31201,-15.34587],[-73.31232,-15.34655],[-73.31248,-15.34688],[-73.31199,-15.34779],[-73.31151,-15.34902],[-73.31089,-15.34965],[-73.31091,-15.34967],[-73.3112,-15.34987],[-73.3118,-15.35029],[-73.31233,-15.35076],[-73.31269,-15.35132],[-73.3129,-15.35189],[-73.31268,-15.35266],[-73.31267,-15.35348],[-73.31304,-15.3542],[-73.31362,-15.35472],[-73.31397,-15.35487],[-73.31435,-15.35503],[-73.31562,-15.35499],[-73.31652,-15.35489],[-73.31716,-15.35469],[-73.31764,-15.35408],[-73.31796,-15.35326],[-73.3185,-15.35214],[-73.31891,-15.35157],[-73.31946,-15.35081],[-73.3207,-15.34774],[-73.32108,-15.34738],[-73.32156,-15.34693],[-73.32278,-15.34617],[-73.32696,-15.34481],[-73.3293,-15.34314],[-73.32937,-15.34295],[-73.32963,-15.34227],[-73.32955,-15.34185],[-73.32948,-15.34145],[-73.32934,-15.3413],[-73.32924,-15.34119],[-73.32885,-15.34077],[-73.32801,-15.3401],[-73.328,-15.34009],[-73.32695,-15.33937],[-73.32601,-15.3386],[-73.32555,-15.3379],[-73.32554,-15.33788],[-73.32546,-15.33761],[-73.32515,-15.33659],[-73.32496,-15.33595],[-73.32484,-15.33473],[-73.3252,-15.3305],[-73.32561,-15.32851],[-73.32668,-15.32711],[-73.32755,-15.32635],[-73.32973,-15.32617],[-73.33057,-15.32618],[-73.33085,-15.32618],[-73.33145,-15.32665],[-73.33151,-15.3267],[-73.33184,-15.32721],[-73.33203,-15.32779],[-73.33216,-15.32843],[-73.33195,-15.32901],[-73.33148,-15.32984],[-73.33102,-15.33054],[-73.32989,-15.33105],[-73.32916,-15.33155],[-73.32869,-15.33226],[-73.32849,-15.33302],[-73.32857,-15.33357],[-73.32861,-15.33379],[-73.32927,-15.33463],[-73.32999,-15.33534],[-73.33065,-15.33548],[-73.33137,-15.33542],[-73.33152,-15.3354],[-73.33409,-15.33505],[-73.33488,-15.3348],[-73.33598,-15.33383],[-73.33628,-15.33356],[-73.3364,-15.33336],[-73.33702,-15.33235],[-73.33761,-15.33178],[-73.33828,-15.33159],[-73.33846,-15.33155],[-73.33953,-15.33134],[-73.34059,-15.33122],[-73.34139,-15.3307],[-73.34146,-15.33065],[-73.34226,-15.32957],[-73.34273,-15.32842],[-73.34333,-15.32759],[-73.34426,-15.32663],[-73.34525,-15.32664],[-73.34614,-15.32673],[-73.34814,-15.32694],[-73.34883,-15.32701],[-73.34922,-15.32705],[-73.35192,-15.32797],[-73.35429,-15.32857],[-73.3554,-15.32853],[-73.35601,-15.32852],[-73.35727,-15.32846],[-73.3573,-15.32847],[-73.35984,-15.32886],[-73.36208,-15.33013],[-73.36472,-15.33086],[-73.36735,-15.33145],[-73.37092,-15.33174],[-73.37376,-15.33208],[-73.37766,-15.3321],[-73.3796,-15.33185],[-73.38096,-15.33168],[-73.3844,-15.33164],[-73.39095,-15.33092],[-73.39307,-15.32978],[-73.3942,-15.32863],[-73.39421,-15.32748],[-73.39382,-15.32664],[-73.39311,-15.32548],[-73.39318,-15.32446],[-73.39371,-15.32363],[-73.39427,-15.32342],[-73.39439,-15.32337],[-73.39504,-15.32312],[-73.3963,-15.32307],[-73.39788,-15.32308],[-73.39939,-15.32304],[-73.39973,-15.32303],[-73.39998,-15.3229],[-73.40053,-15.32262],[-73.40073,-15.32252],[-73.40102,-15.32178],[-73.40113,-15.3215],[-73.40101,-15.32067],[-73.40028,-15.31989],[-73.4,-15.31968],[-73.39923,-15.31911],[-73.39856,-15.31883],[-73.3981,-15.31864],[-73.39798,-15.31859],[-73.39699,-15.31814],[-73.39364,-15.3167],[-73.39259,-15.31638],[-73.39192,-15.31618],[-73.39067,-15.31585],[-73.39023,-15.31548],[-73.38981,-15.31513],[-73.38923,-15.31378],[-73.38924,-15.3125],[-73.38912,-15.31147],[-73.38859,-15.31057],[-73.38799,-15.30989],[-73.38722,-15.3099],[-73.38669,-15.30908],[-73.38643,-15.30873],[-73.38425,-15.30833],[-73.38393,-15.30833],[-73.38326,-15.30832],[-73.38209,-15.30861],[-73.37867,-15.30945],[-73.37826,-15.30877],[-73.37809,-15.30848],[-73.37665,-15.30904],[-73.37486,-15.30903],[-73.37334,-15.30895],[-73.37169,-15.30894],[-73.37063,-15.30893],[-73.36918,-15.30944],[-73.36832,-15.30975],[-73.36719,-15.30962],[-73.36685,-15.30956],[-73.36633,-15.30948],[-73.36515,-15.30941],[-73.36504,-15.30946],[-73.36483,-15.30928],[-73.36476,-15.30922],[-73.36463,-15.30911],[-73.36397,-15.30857],[-73.3636,-15.30834],[-73.3624,-15.30865],[-73.36071,-15.30946],[-73.35963,-15.30994],[-73.35901,-15.31022],[-73.35805,-15.31077],[-73.35679,-15.31102],[-73.35578,-15.31104],[-73.35501,-15.31103],[-73.35387,-15.31101],[-73.35294,-15.31045],[-73.35255,-15.31085],[-73.35173,-15.3102],[-73.35142,-15.31097],[-73.35134,-15.31115],[-73.35109,-15.31096],[-73.3508,-15.31075],[-73.35008,-15.31026],[-73.34958,-15.31016],[-73.34958,-15.31047],[-73.34918,-15.31075],[-73.34871,-15.31108],[-73.34753,-15.31081],[-73.34718,-15.3104],[-73.34681,-15.30997],[-73.34622,-15.31007],[-73.3458,-15.30984],[-73.34527,-15.30911],[-73.34518,-15.30883],[-73.34491,-15.30803],[-73.34481,-15.30716],[-73.34408,-15.30623],[-73.34345,-15.30592],[-73.34271,-15.30571],[-73.34249,-15.30571],[-73.34197,-15.3057],[-73.34112,-15.30565],[-73.34044,-15.30523],[-73.34022,-15.30475],[-73.34008,-15.30446],[-73.34008,-15.30379],[-73.34041,-15.30308],[-73.341,-15.30177],[-73.3417,-15.30014],[-73.34186,-15.29911],[-73.34171,-15.29824],[-73.34129,-15.29757],[-73.34061,-15.297],[-73.34014,-15.29699],[-73.33966,-15.29709],[-73.33945,-15.2973],[-73.33923,-15.29796],[-73.33912,-15.29894],[-73.339,-15.30001],[-73.33841,-15.30103],[-73.33772,-15.30221],[-73.33686,-15.30307],[-73.33628,-15.30358],[-73.33575,-15.30368],[-73.33522,-15.30327],[-73.3352,-15.30297],[-73.33518,-15.30255],[-73.33524,-15.30206],[-73.33529,-15.30173],[-73.33572,-15.30071],[-73.33615,-15.29958],[-73.33626,-15.29861],[-73.33617,-15.29779],[-73.33569,-15.29753],[-73.33516,-15.29788],[-73.33463,-15.29854],[-73.33404,-15.29931],[-73.33401,-15.29933],[-73.3334,-15.29982],[-73.33338,-15.29982],[-73.33287,-15.29986],[-73.33229,-15.29971],[-73.33193,-15.29893],[-73.33183,-15.29786],[-73.33184,-15.29698],[-73.33222,-15.29596],[-73.33356,-15.29274],[-73.33366,-15.29248],[-73.3341,-15.29125],[-73.33414,-15.29101],[-73.33433,-15.28977],[-73.3337,-15.28884],[-73.33291,-15.28827],[-73.33217,-15.28796],[-73.33143,-15.28816],[-73.33134,-15.28821],[-73.33016,-15.28892],[-73.32976,-15.28905],[-73.32963,-15.28949],[-73.32946,-15.28968],[-73.32905,-15.29027],[-73.32879,-15.29034],[-73.32882,-15.2906],[-73.32755,-15.29151],[-73.32744,-15.29159],[-73.32648,-15.29228],[-73.32618,-15.29243],[-73.32558,-15.29273],[-73.325,-15.29329],[-73.32457,-15.29401],[-73.32456,-15.29483],[-73.32461,-15.29544],[-73.32443,-15.29762],[-73.32405,-15.29864],[-73.32397,-15.29905]]]}},{"type":"Feature","properties":{"Name":"Zonas aptas para cultivo permanente de calidad agrologica baja limitada por suelo y clima.","description":"<div style='font-family:sans-serif;'><h4>ZEE AYACUCHO - Zonas aptas para cultivo permanente de calidad agrologica baja limitada por suelo y clima.</h4><table border='1' cellpadding='4' style='border-collapse:collapse;font-size:12px;'><tr><td><b>ZEECODE:</b></td><td>51</td></tr><tr><td><b>ZEE:</b></td><td>Zonas aptas para cultivo permanente de calidad agrologica baja limitada por suelo y clima.</td></tr><tr><td><b>ZEE_ZONAS:</b></td><td>ZONA PARA CULTIVO EN LIMPIO</td></tr><tr><td><b>ZEE_GRANDE:</b></td><td>ZONAS PRODUCTIVAS</td></tr><tr><td><b>AREA:</b></td><td>43678532.678</td></tr><tr><td><b>PERIMETER:</b></td><td>87381.062</td></tr><tr><td><b>HECTARES:</b></td><td>4367.853</td></tr></table></div>"},"geometry":{"type":"Polygon","coordinates":[[[-74.15786,-13.16308],[-74.15773,-13.16317],[-74.15738,-13.16316],[-74.15598,-13.16366],[-74.15548,-13.16442],[-74.15511,-13.16433],[-74.15384,-13.16361],[-74.15256,-13.1636],[-74.15018,-13.16324],[-74.14835,-13.16448],[-74.1478,-13.16752],[-74.14888,-13.17021],[-74.14872,-13.17249],[-74.14869,-13.1729],[-74.14704,-13.1745],[-74.14613,-13.17468],[-74.14467,-13.17467],[-74.14283,-13.17753],[-74.14063,-13.17931],[-74.13843,-13.18128],[-74.13623,-13.18359],[-74.13659,-13.1861],[-74.13751,-13.1862],[-74.13841,-13.18629],[-74.14024,-13.18599],[-74.14061,-13.18594],[-74.14189,-13.18469],[-74.14226,-13.18326],[-74.14373,-13.18201],[-74.14647,-13.18023],[-74.14903,-13.17916],[-74.15123,-13.17827],[-74.15252,-13.17717],[-74.15238,-13.1771],[-74.15235,-13.17703],[-74.15361,-13.17667],[-74.15453,-13.1756],[-74.15549,-13.17592],[-74.15562,-13.17596],[-74.15537,-13.17731],[-74.15525,-13.17793],[-74.15597,-13.18008],[-74.15743,-13.18068],[-74.1578,-13.18009],[-74.15781,-13.17722],[-74.1579,-13.17635],[-74.158,-13.17543],[-74.15813,-13.17525],[-74.15928,-13.17365],[-74.15929,-13.17132],[-74.15929,-13.1707],[-74.1593,-13.16953],[-74.1593,-13.16881],[-74.15988,-13.16807],[-74.1604,-13.16739],[-74.16168,-13.16632],[-74.16278,-13.16489],[-74.1628,-13.16455],[-74.16285,-13.16455],[-74.16346,-13.16382],[-74.16374,-13.16304],[-74.16374,-13.16217],[-74.16374,-13.16199],[-74.16375,-13.16075],[-74.16374,-13.16059],[-74.16335,-13.16059],[-74.16152,-13.15969],[-74.16006,-13.15933],[-74.15787,-13.15914],[-74.15714,-13.15932],[-74.1575,-13.16111],[-74.15786,-13.16308]]]}},{"type":"Feature","properties":{"Name":"Zonas aptas para cultivo permanente de calidad agrologica baja limitada por suelo, clima e inundacion.","description":"<div style='font-family:sans-serif;'><h4>ZEE AYACUCHO - Zonas aptas para cultivo permanente de calidad agrologica baja limitada por suelo, clima e inundacion.</h4><table border='1' cellpadding='4' style='border-collapse:collapse;font-size:12px;'><tr><td><b>ZEECODE:</b></td><td>52</td></tr><tr><td><b>ZEE:</b></td><td>Zonas aptas para cultivo permanente de calidad agrologica baja limitada por suelo, clima e inundacion.</td></tr><tr><td><b>ZEE_ZONAS:</b></td><td>ZONA PARA CULTIVO EN LIMPIO</td></tr><tr><td><b>ZEE_GRANDE:</b></td><td>ZONAS PRODUCTIVAS</td></tr><tr><td><b>AREA:</b></td><td>9542313.259</td></tr><tr><td><b>PERIMETER:</b></td><td>59233.824</td></tr><tr><td><b>HECTARES:</b></td><td>954.231</td></tr></table></div>"},"geometry":{"type":"Polygon","coordinates":[[[-73.73203,-13.67985],[-73.73162,-13.67993],[-73.73142,-13.67983],[-73.7314,-13.67985],[-73.73047,-13.68159],[-73.73035,-13.68182],[-73.72996,-13.68256],[-73.72939,-13.68325],[-73.72913,-13.68355],[-73.72895,-13.68442],[-73.72883,-13.68459],[-73.72865,-13.68479],[-73.72924,-13.68563],[-73.73056,-13.685],[-73.73313,-13.68232],[-73.7335,-13.67902],[-73.73277,-13.67971],[-73.73203,-13.67985]]]}},{"type":"Feature","properties":{"Name":"Zonas aptas para produccion forestal de calidad agrologica baja limitada por erosion y suelo asociadas a proteccion con limitacion por erosion y suelo.","description":"<div style='font-family:sans-serif;'><h4>ZEE AYACUCHO - Zonas aptas para produccion forestal de calidad agrologica baja limitada por erosion y suelo asociadas a proteccion con limitacion por erosion y suelo.</h4><table border='1' cellpadding='4' style='border-collapse:collapse;font-size:12px;'><tr><td><b>ZEECODE:</b></td><td>53</td></tr><tr><td><b>ZEE:</b></td><td>Zonas aptas para produccion forestal de calidad agrologica baja limitada por erosion y suelo asociadas a proteccion con limitacion por erosion y suelo.</td></tr><tr><td><b>ZEE_ZONAS:</b></td><td>ZONA PARA PRODUCCION FORESTAL</td></tr><tr><td><b>ZEE_GRANDE:</b></td><td>ZONAS PRODUCTIVAS</td></tr><tr><td><b>AREA:</b></td><td>508686415.825</td></tr><tr><td><b>PERIMETER:</b></td><td>1159681.064</td></tr><tr><td><b>HECTARES:</b></td><td>50868.642</td></tr></table></div>"},"geometry":{"type":"Polygon","coordinates":[[[-73.3816,-13.4135],[-73.381,-13.41361],[-73.3816,-13.41351],[-73.3817,-13.41348],[-73.3816,-13.4135]]]}},{"type":"Feature","properties":{"Name":"Zonas aptas para produccion forestal de calidad agrologica baja limitada por suelo y clima.","description":"<div style='font-family:sans-serif;'><h4>ZEE AYACUCHO - Zonas aptas para produccion forestal de calidad agrologica baja limitada por suelo y clima.</h4><table border='1' cellpadding='4' style='border-collapse:collapse;font-size:12px;'><tr><td><b>ZEECODE:</b></td><td>54</td></tr><tr><td><b>ZEE:</b></td><td>Zonas aptas para produccion forestal de calidad agrologica baja limitada por suelo y clima.</td></tr><tr><td><b>ZEE_ZONAS:</b></td><td>ZONA PARA PRODUCCION FORESTAL</td></tr><tr><td><b>ZEE_GRANDE:</b></td><td>ZONAS PRODUCTIVAS</td></tr><tr><td><b>AREA:</b></td><td>139896297.565</td></tr><tr><td><b>PERIMETER:</b></td><td>550052.155</td></tr><tr><td><b>HECTARES:</b></td><td>13989.63</td></tr></table></div>"},"geometry":{"type":"Polygon","coordinates":[[[-73.51594,-14.28589],[-73.51624,-14.28652],[-73.5158,-14.28344],[-73.51587,-14.28419],[-73.51594,-14.28589]]]}},{"type":"Feature","properties":{"Name":"Tierras aptas para pastos de calidad agrologica media limitada por suelo","description":"<div style='font-family:sans-serif;'><h4>ZEE AYACUCHO - Tierras aptas para pastos de calidad agrologica media limitada por suelo</h4><table border='1' cellpadding='4' style='border-collapse:collapse;font-size:12px;'><tr><td><b>ZEECODE:</b></td><td>55</td></tr><tr><td><b>ZEE:</b></td><td>Tierras aptas para pastos de calidad agrologica media limitada por suelo</td></tr><tr><td><b>ZEE_ZONAS:</b></td><td>ZONA PARA EL MANEJO DE PASTOS</td></tr><tr><td><b>ZEE_GRANDE:</b></td><td>ZONAS PRODUCTIVAS</td></tr><tr><td><b>AREA:</b></td><td>1076500775.191</td></tr><tr><td><b>PERIMETER:</b></td><td>1594655.915</td></tr><tr><td><b>HECTARES:</b></td><td>107650.078</td></tr></table></div>"},"geometry":{"type":"Polygon","coordinates":[[[-73.16387,-15.25628],[-73.16344,-15.25924],[-73.16253,-15.26071],[-73.16167,-15.26132],[-73.16097,-15.26165],[-73.16068,-15.26179],[-73.15883,-15.263],[-73.15882,-15.263],[-73.15797,-15.26356],[-73.15657,-15.26415],[-73.15572,-15.26443],[-73.1554,-15.26454],[-73.15445,-15.26483],[-73.15368,-15.26544],[-73.153,-15.26641],[-73.15168,-15.26858],[-73.15103,-15.27128],[-73.15025,-15.27302],[-73.14959,-15.2738],[-73.14959,-15.27381],[-73.14956,-15.2738],[-73.14956,-15.27382],[-73.14966,-15.27447],[-73.14967,-15.27448],[-73.14975,-15.27518],[-73.1501,-15.2762],[-73.15021,-15.2765],[-73.15057,-15.277],[-73.15066,-15.27712],[-73.15105,-15.27747],[-73.1514,-15.27778],[-73.15144,-15.27782],[-73.15192,-15.27835],[-73.15192,-15.27835],[-73.15192,-15.27835],[-73.15199,-15.27942],[-73.15203,-15.2801],[-73.15283,-15.28268],[-73.15295,-15.28306],[-73.15298,-15.2831],[-73.15324,-15.28346],[-73.15345,-15.28374],[-73.15378,-15.28395],[-73.15394,-15.28405],[-73.15403,-15.28411],[-73.15404,-15.28411],[-73.15449,-15.28424],[-73.15562,-15.28455],[-73.15568,-15.28456],[-73.15637,-15.28473],[-73.15661,-15.28479],[-73.15703,-15.28489],[-73.15833,-15.28536],[-73.15849,-15.28543],[-73.15887,-15.28562],[-73.15948,-15.28592],[-73.15974,-15.28612],[-73.16004,-15.28635],[-73.16004,-15.28635],[-73.16004,-15.28636],[-73.16044,-15.28723],[-73.16045,-15.28725],[-73.16059,-15.28757],[-73.1606,-15.28758],[-73.16143,-15.28863],[-73.16173,-15.289],[-73.16187,-15.28918],[-73.16197,-15.28931],[-73.16242,-15.29012],[-73.16283,-15.29086],[-73.16286,-15.29115],[-73.16314,-15.29397],[-73.16315,-15.29403],[-73.16325,-15.29501],[-73.16328,-15.29511],[-73.16329,-15.29515],[-73.16351,-15.29578],[-73.16362,-15.29589],[-73.16412,-15.2964],[-73.16448,-15.29675],[-73.16457,-15.29685],[-73.1652,-15.29748],[-73.16669,-15.29897],[-73.16695,-15.29923],[-73.16738,-15.29967],[-73.16775,-15.30004],[-73.16784,-15.30028],[-73.16801,-15.30071],[-73.16852,-15.30204],[-73.16881,-15.30279],[-73.16886,-15.30294],[-73.16966,-15.3042],[-73.17014,-15.30457],[-73.17102,-15.30523],[-73.17213,-15.30608],[-73.17236,-15.30613],[-73.173,-15.30627],[-73.17455,-15.30661],[-73.17455,-15.30661],[-73.17477,-15.30655],[-73.17588,-15.30624],[-73.17608,-15.30615],[-73.17668,-15.30584],[-73.17767,-15.30567],[-73.1778,-15.30564],[-73.17869,-15.3058],[-73.17953,-15.30592],[-73.18071,-15.30605],[-73.18097,-15.30608],[-73.18101,-15.30608],[-73.18104,-15.30608],[-73.18108,-15.30608],[-73.18152,-15.30605],[-73.1821,-15.30601],[-73.18283,-15.30597],[-73.1834,-15.30572],[-73.18341,-15.30572],[-73.18424,-15.30566],[-73.18448,-15.3057],[-73.18453,-15.30571],[-73.18475,-15.30575],[-73.18518,-15.30582],[-73.18564,-15.30568],[-73.18638,-15.30546],[-73.1865,-15.30541],[-73.18654,-15.30539],[-73.18747,-15.30499],[-73.18802,-15.30434],[-73.18811,-15.30424],[-73.18811,-15.30423],[-73.18933,-15.30317],[-73.18934,-15.30316],[-73.18999,-15.3026],[-73.19005,-15.30255],[-73.1904,-15.3023],[-73.19072,-15.30206],[-73.19073,-15.30205],[-73.19141,-15.30185],[-73.19151,-15.30182],[-73.19225,-15.30159],[-73.19292,-15.30138],[-73.19341,-15.30122],[-73.19432,-15.30093],[-73.19604,-15.30014],[-73.19625,-15.30003],[-73.19868,-15.29868],[-73.19879,-15.29863],[-73.19898,-15.29853],[-73.199,-15.29852],[-73.19917,-15.29844],[-73.19947,-15.29829],[-73.19952,-15.29826],[-73.20112,-15.29747],[-73.20132,-15.29737],[-73.20141,-15.29732],[-73.20154,-15.29724],[-73.20246,-15.29673],[-73.20322,-15.29631],[-73.20332,-15.29623],[-73.20351,-15.29609],[-73.20384,-15.29583],[-73.2039,-15.2958],[-73.20417,-15.2957],[-73.20461,-15.29556],[-73.20517,-15.29527],[-73.20558,-15.29505],[-73.20576,-15.29488],[-73.20612,-15.29454],[-73.20623,-15.29438],[-73.20661,-15.29404],[-73.20683,-15.29394],[-73.20732,-15.29399],[-73.20752,-15.29401],[-73.20773,-15.29399],[-73.20812,-15.29395],[-73.20858,-15.2939],[-73.20999,-15.29367],[-73.21013,-15.29365],[-73.21127,-15.29355],[-73.21144,-15.29353],[-73.21168,-15.29354],[-73.21194,-15.29354],[-73.21229,-15.29355],[-73.21268,-15.29356],[-73.21293,-15.29356],[-73.21343,-15.29379],[-73.21365,-15.29408],[-73.21383,-15.29432],[-73.21386,-15.29437],[-73.2139,-15.29442],[-73.21438,-15.29505],[-73.21439,-15.29505],[-73.21439,-15.29505],[-73.21492,-15.29569],[-73.21495,-15.29572],[-73.21521,-15.29585],[-73.21582,-15.29614],[-73.21663,-15.29642],[-73.21728,-15.29676],[-73.21862,-15.29721],[-73.21923,-15.29737],[-73.2196,-15.29747],[-73.21997,-15.29757],[-73.22002,-15.2976],[-73.22013,-15.29766],[-73.22015,-15.29767],[-73.22022,-15.29771],[-73.22064,-15.29794],[-73.22115,-15.29805],[-73.22121,-15.29804],[-73.22157,-15.29797],[-73.22164,-15.29786],[-73.22179,-15.29766],[-73.22182,-15.29763],[-73.22187,-15.29758],[-73.22197,-15.29749],[-73.22215,-15.29732],[-73.22247,-15.29723],[-73.22275,-15.29715],[-73.22339,-15.29671],[-73.22485,-15.2961],[-73.22569,-15.29574],[-73.2257,-15.29574],[-73.22691,-15.29557],[-73.22724,-15.2956],[-73.22755,-15.29563],[-73.22836,-15.2957],[-73.22925,-15.2954],[-73.22982,-15.29521],[-73.23049,-15.29502],[-73.23099,-15.29488],[-73.23217,-15.29454],[-73.23225,-15.29452],[-73.23226,-15.29451],[-73.23227,-15.29451],[-73.2323,-15.29448],[-73.23248,-15.29436],[-73.23262,-15.29426],[-73.23268,-15.29422],[-73.23295,-15.29403],[-73.23306,-15.29396],[-73.23309,-15.29392],[-73.23393,-15.29293],[-73.23399,-15.29286],[-73.23504,-15.29226],[-73.23613,-15.29169],[-73.23718,-15.29133],[-73.23819,-15.2908],[-73.23892,-15.29056],[-73.23937,-15.29053],[-73.23972,-15.29051],[-73.23986,-15.29047],[-73.24045,-15.29034],[-73.24094,-15.29024],[-73.24228,-15.28975],[-73.24309,-15.2889],[-73.24316,-15.28879],[-73.24321,-15.2887],[-73.24341,-15.28838],[-73.24349,-15.28789],[-73.24349,-15.28749],[-73.24351,-15.28745],[-73.24352,-15.28741],[-73.24371,-15.28687],[-73.24445,-15.2865],[-73.24507,-15.28638],[-73.24593,-15.28609],[-73.24651,-15.28609],[-73.24728,-15.28621],[-73.24778,-15.28637],[-73.24794,-15.28642],[-73.248,-15.28644],[-73.24832,-15.28644],[-73.24891,-15.28644],[-73.24895,-15.28644],[-73.24905,-15.28645],[-73.2494,-15.28522],[-73.24996,-15.28226],[-73.24997,-15.2817],[-73.24997,-15.28104],[-73.2498,-15.28025],[-73.24955,-15.27998],[-73.24921,-15.27991],[-73.24852,-15.27932],[-73.24739,-15.27871],[-73.24663,-15.27867],[-73.24579,-15.27862],[-73.24574,-15.27862],[-73.24574,-15.27862],[-73.24532,-15.27874],[-73.24464,-15.27894],[-73.24434,-15.27903],[-73.24329,-15.27953],[-73.24232,-15.28007],[-73.2418,-15.28036],[-73.24098,-15.2818],[-73.24052,-15.28306],[-73.24038,-15.28406],[-73.23996,-15.28498],[-73.23955,-15.28567],[-73.23896,-15.28623],[-73.23834,-15.28623],[-73.23753,-15.28596],[-73.23705,-15.28574],[-73.23686,-15.28565],[-73.23605,-15.28564],[-73.23515,-15.28572],[-73.23162,-15.28792],[-73.23045,-15.28865],[-73.22739,-15.29],[-73.22675,-15.29028],[-73.22629,-15.29064],[-73.22616,-15.29074],[-73.22591,-15.29093],[-73.22534,-15.29136],[-73.22513,-15.29153],[-73.22418,-15.29222],[-73.22354,-15.29265],[-73.22233,-15.29317],[-73.22106,-15.29355],[-73.22012,-15.29359],[-73.21904,-15.29327],[-73.21899,-15.29324],[-73.21864,-15.29304],[-73.21811,-15.29274],[-73.21795,-15.29251],[-73.21774,-15.29218],[-73.21771,-15.29213],[-73.21762,-15.2913],[-73.21786,-15.29012],[-73.2184,-15.28956],[-73.21881,-15.28921],[-73.21915,-15.28922],[-73.21927,-15.28922],[-73.21984,-15.28922],[-73.22083,-15.28923],[-73.2216,-15.28889],[-73.22232,-15.28824],[-73.223,-15.28763],[-73.22359,-15.28681],[-73.22362,-15.28674],[-73.22391,-15.28607],[-73.22396,-15.28576],[-73.22395,-15.28572],[-73.22379,-15.2852],[-73.22348,-15.28471],[-73.22332,-15.28449],[-73.22299,-15.28401],[-73.22281,-15.2834],[-73.22257,-15.28277],[-73.22253,-15.28196],[-73.22239,-15.28129],[-73.2222,-15.28081],[-73.222,-15.28038],[-73.22176,-15.28013],[-73.22171,-15.27966],[-73.22177,-15.27899],[-73.22176,-15.27887],[-73.22174,-15.27853],[-73.22172,-15.27832],[-73.22148,-15.27769],[-73.22094,-15.27731],[-73.22026,-15.27687],[-73.21918,-15.27658],[-73.21875,-15.27632],[-73.21854,-15.27619],[-73.21805,-15.2758],[-73.21772,-15.2754],[-73.21761,-15.27527],[-73.21696,-15.27432],[-73.21669,-15.27365],[-73.21669,-15.27364],[-73.21663,-15.2735],[-73.21676,-15.27344],[-73.21679,-15.27343],[-73.2176,-15.27291],[-73.219,-15.27236],[-73.21948,-15.27195],[-73.21977,-15.27171],[-73.22007,-15.2712],[-73.22013,-15.2711],[-73.22013,-15.27067],[-73.21987,-15.27001],[-73.21965,-15.2697],[-73.21871,-15.26956],[-73.21808,-15.2696],[-73.21709,-15.26981],[-73.21586,-15.27081],[-73.21474,-15.27123],[-73.21392,-15.27184],[-73.21315,-15.27249],[-73.21261,-15.27313],[-73.21193,-15.27435],[-73.2116,-15.27544],[-73.21157,-15.27563],[-73.21152,-15.27589],[-73.21141,-15.27648],[-73.21139,-15.27657],[-73.21123,-15.27712],[-73.21114,-15.27744],[-73.211,-15.2779],[-73.21099,-15.27794],[-73.20983,-15.27923],[-73.20938,-15.27997],[-73.20915,-15.28037],[-73.20908,-15.28048],[-73.20903,-15.28057],[-73.20923,-15.28064],[-73.20936,-15.28068],[-73.20983,-15.28085],[-73.21008,-15.28097],[-73.21066,-15.28124],[-73.21078,-15.28132],[-73.2111,-15.28153],[-73.21149,-15.28201],[-73.21174,-15.28254],[-73.21173,-15.28296],[-73.21173,-15.28312],[-73.21168,-15.28388],[-73.21166,-15.28406],[-73.21162,-15.28445],[-73.21142,-15.28527],[-73.21126,-15.28608],[-73.21071,-15.28698],[-73.21002,-15.28769],[-73.20821,-15.28841],[-73.20702,-15.28864],[-73.20666,-15.28871],[-73.20637,-15.28876],[-73.20434,-15.28875],[-73.2041,-15.28859],[-73.20351,-15.28821],[-73.20341,-15.28815],[-73.20282,-15.28778],[-73.20238,-15.2873],[-73.20189,-15.28701],[-73.20129,-15.28696],[-73.2012,-15.28695],[-73.20041,-15.28714],[-73.19958,-15.28737],[-73.19908,-15.28727],[-73.19874,-15.28693],[-73.19864,-15.28684],[-73.19835,-15.2866],[-73.19771,-15.28649],[-73.19692,-15.28663],[-73.19578,-15.2868],[-73.19578,-15.28661],[-73.19579,-15.2858],[-73.19643,-15.2838],[-73.19684,-15.28239],[-73.19736,-15.28058],[-73.19736,-15.28016],[-73.19737,-15.27938],[-73.19738,-15.27875],[-73.19731,-15.2784],[-73.19695,-15.2763],[-73.19655,-15.27582],[-73.19619,-15.27551],[-73.19561,-15.27551],[-73.19497,-15.27589],[-73.19461,-15.27641],[-73.19406,-15.27767],[-73.19391,-15.28084],[-73.1939,-15.28108],[-73.19348,-15.28236],[-73.19316,-15.28338],[-73.19286,-15.28382],[-73.19179,-15.2854],[-73.19093,-15.28613],[-73.19075,-15.28626],[-73.18958,-15.28704],[-73.18871,-15.28799],[-73.18709,-15.28898],[-73.18701,-15.28907],[-73.18577,-15.29045],[-73.18556,-15.29062],[-73.18432,-15.29162],[-73.18418,-15.29182],[-73.18363,-15.29256],[-73.1836,-15.29261],[-73.18358,-15.29264],[-73.18252,-15.2931],[-73.18179,-15.29344],[-73.18117,-15.2938],[-73.18013,-15.29386],[-73.17925,-15.2936],[-73.1787,-15.29317],[-73.17843,-15.29231],[-73.17893,-15.2914],[-73.17953,-15.29058],[-73.18025,-15.2898],[-73.18098,-15.28915],[-73.18166,-15.28846],[-73.18174,-15.28842],[-73.1831,-15.28781],[-73.18504,-15.28709],[-73.18644,-15.2861],[-73.18739,-15.28532],[-73.18852,-15.28459],[-73.18933,-15.28394],[-73.18992,-15.28307],[-73.18989,-15.28233],[-73.18989,-15.28216],[-73.18962,-15.28154],[-73.189,-15.2811],[-73.18738,-15.28126],[-73.18625,-15.28195],[-73.18615,-15.28205],[-73.1848,-15.28338],[-73.18398,-15.28433],[-73.18317,-15.28507],[-73.18186,-15.28549],[-73.18037,-15.28635],[-73.17947,-15.28645],[-73.17898,-15.28654],[-73.17817,-15.28666],[-73.17713,-15.28665],[-73.17628,-15.28665],[-73.17608,-15.28658],[-73.17576,-15.28648],[-73.17571,-15.28643],[-73.17532,-15.2861],[-73.17501,-15.28576],[-73.17475,-15.28548],[-73.17513,-15.28519],[-73.17558,-15.28485],[-73.17613,-15.28438],[-73.17695,-15.28381],[-73.17712,-15.28299],[-73.17763,-15.28258],[-73.17831,-15.28218],[-73.17838,-15.28213],[-73.17882,-15.28177],[-73.17922,-15.28163],[-73.17924,-15.28161],[-73.17942,-15.28096],[-73.17942,-15.28077],[-73.17988,-15.28039],[-73.18025,-15.28005],[-73.18068,-15.27991],[-73.18145,-15.27967],[-73.1823,-15.27967],[-73.18234,-15.27964],[-73.18283,-15.27916],[-73.18349,-15.2792],[-73.18452,-15.2793],[-73.18529,-15.27913],[-73.18618,-15.27883],[-73.18668,-15.27866],[-73.1875,-15.27815],[-73.18809,-15.2775],[-73.18859,-15.27645],[-73.18859,-15.27567],[-73.18826,-15.27504],[-73.18825,-15.27503],[-73.18824,-15.27501],[-73.18775,-15.27448],[-73.18712,-15.27443],[-73.18633,-15.27485],[-73.18628,-15.27487],[-73.18622,-15.27491],[-73.18621,-15.27491],[-73.18509,-15.27547],[-73.18246,-15.27658],[-73.18079,-15.27677],[-73.18009,-15.27688],[-73.1791,-15.27703],[-73.17834,-15.27672],[-73.17754,-15.27615],[-73.17718,-15.27566],[-73.1771,-15.27457],[-73.17738,-15.27353],[-73.17802,-15.2727],[-73.17888,-15.2721],[-73.18005,-15.27154],[-73.18104,-15.27094],[-73.1815,-15.27051],[-73.18164,-15.26994],[-73.18133,-15.26937],[-73.18124,-15.26929],[-73.18075,-15.26884],[-73.1799,-15.26853],[-73.17863,-15.26887],[-73.17773,-15.26978],[-73.17669,-15.2706],[-73.17569,-15.27142],[-73.17312,-15.27312],[-73.17235,-15.27346],[-73.17154,-15.27354],[-73.17096,-15.27315],[-73.17084,-15.27269],[-73.17098,-15.2723],[-73.17095,-15.27214],[-73.17106,-15.27188],[-73.17147,-15.27128],[-73.17154,-15.27099],[-73.17177,-15.27099],[-73.17166,-15.27054],[-73.17135,-15.26997],[-73.17076,-15.26966],[-73.16883,-15.27021],[-73.16788,-15.27081],[-73.16702,-15.27159],[-73.16548,-15.27236],[-73.16508,-15.27261],[-73.16436,-15.27305],[-73.16283,-15.27291],[-73.1618,-15.27229],[-73.16064,-15.27145],[-73.16051,-15.27088],[-73.16052,-15.26979],[-73.16093,-15.26892],[-73.16161,-15.26819],[-73.16165,-15.26817],[-73.16427,-15.2669],[-73.16572,-15.26621],[-73.16693,-15.26575],[-73.16752,-15.26553],[-73.16901,-15.26506],[-73.17139,-15.26456],[-73.1719,-15.26453],[-73.17289,-15.26446],[-73.1734,-15.26479],[-73.17416,-15.26438],[-73.17551,-15.2644],[-73.17609,-15.26448],[-73.1761,-15.26448],[-73.17619,-15.26449],[-73.17745,-15.26442],[-73.1778,-15.2636],[-73.1779,-15.26353],[-73.17809,-15.26338],[-73.17828,-15.26333],[-73.17871,-15.26327],[-73.17954,-15.26316],[-73.18008,-15.263],[-73.18046,-15.26289],[-73.18098,-15.26274],[-73.1822,-15.2621],[-73.18288,-15.2614],[-73.18292,-15.26136],[-73.18383,-15.2601],[-73.1847,-15.25884],[-73.1852,-15.25745],[-73.18499,-15.25627],[-73.18459,-15.25557],[-73.18387,-15.25513],[-73.18325,-15.25497],[-73.18235,-15.25473],[-73.1792,-15.25518],[-73.17915,-15.25521],[-73.17902,-15.25529],[-73.17878,-15.25544],[-73.17798,-15.25596],[-73.17721,-15.25639],[-73.17654,-15.25668],[-73.17603,-15.25674],[-73.17582,-15.25677],[-73.17565,-15.25676],[-73.1751,-15.25676],[-73.1742,-15.25662],[-73.17317,-15.25605],[-73.17222,-15.25543],[-73.17215,-15.25538],[-73.17208,-15.25531],[-73.17161,-15.25481],[-73.17054,-15.25424],[-73.16915,-15.2537],[-73.16907,-15.25365],[-73.16831,-15.25309],[-73.16795,-15.25282],[-73.1677,-15.25263],[-73.16696,-15.25207],[-73.16695,-15.25207],[-73.16647,-15.25189],[-73.16562,-15.25189],[-73.16489,-15.25232],[-73.16444,-15.25318],[-73.16398,-15.25427],[-73.16397,-15.25445],[-73.16395,-15.25474],[-73.16387,-15.25628]]]}},{"type":"Feature","properties":{"Name":"Tierras aptas para pastos de calidad agrologica media limitada por suelo y clima","description":"<div style='font-family:sans-serif;'><h4>ZEE AYACUCHO - Tierras aptas para pastos de calidad agrologica media limitada por suelo y clima</h4><table border='1' cellpadding='4' style='border-collapse:collapse;font-size:12px;'><tr><td><b>ZEECODE:</b></td><td>56</td></tr><tr><td><b>ZEE:</b></td><td>Tierras aptas para pastos de calidad agrologica media limitada por suelo y clima</td></tr><tr><td><b>ZEE_ZONAS:</b></td><td>ZONA PARA EL MANEJO DE PASTOS</td></tr><tr><td><b>ZEE_GRANDE:</b></td><td>ZONAS PRODUCTIVAS</td></tr><tr><td><b>AREA:</b></td><td>2718292655.04</td></tr><tr><td><b>PERIMETER:</b></td><td>4147260.649</td></tr><tr><td><b>HECTARES:</b></td><td>271829.266</td></tr></table></div>"},"geometry":{"type":"Polygon","coordinates":[[[-73.31264,-15.40005],[-73.31265,-15.40005],[-73.31264,-15.40005],[-73.31264,-15.40005]]]}},{"type":"Feature","properties":{"Name":"Tierras aptas para pastos de calidad agrologica media limitada por suelo y clima, asociadas a proteccion con limitacion por erosion y suelo.","description":"<div style='font-family:sans-serif;'><h4>ZEE AYACUCHO - Tierras aptas para pastos de calidad agrologica media limitada por suelo y clima, asociadas a proteccion con limitacion por erosion y suelo.</h4><table border='1' cellpadding='4' style='border-collapse:collapse;font-size:12px;'><tr><td><b>ZEECODE:</b></td><td>57</td></tr><tr><td><b>ZEE:</b></td><td>Tierras aptas para pastos de calidad agrologica media limitada por suelo y clima, asociadas a proteccion con limitacion por erosion y suelo.</td></tr><tr><td><b>ZEE_ZONAS:</b></td><td>ZONA PARA EL MANEJO DE PASTOS</td></tr><tr><td><b>ZEE_GRANDE:</b></td><td>ZONAS PRODUCTIVAS</td></tr><tr><td><b>AREA:</b></td><td>622716074.688</td></tr><tr><td><b>PERIMETER:</b></td><td>1179140.307</td></tr><tr><td><b>HECTARES:</b></td><td>62271.607</td></tr></table></div>"},"geometry":{"type":"Polygon","coordinates":[[[-73.78084,-14.35323],[-73.78049,-14.35371],[-73.77995,-14.35341],[-73.77966,-14.35333],[-73.77952,-14.35343],[-73.77952,-14.35343],[-73.77887,-14.35311],[-73.7768,-14.35356],[-73.7749,-14.35394],[-73.77452,-14.35402],[-73.77344,-14.35396],[-73.7729,-14.35416],[-73.77194,-14.35432],[-73.77122,-14.35444],[-73.77039,-14.35474],[-73.76918,-14.35517],[-73.76918,-14.35528],[-73.76978,-14.35708],[-73.77027,-14.35852],[-73.77046,-14.3591],[-73.77068,-14.36075],[-73.76982,-14.3635],[-73.7698,-14.36359],[-73.76967,-14.364],[-73.76958,-14.3652],[-73.76949,-14.36536],[-73.76912,-14.36602],[-73.76865,-14.36684],[-73.7678,-14.36834],[-73.76679,-14.36975],[-73.76556,-14.37132],[-73.76223,-14.37609],[-73.76076,-14.37833],[-73.75929,-14.38035],[-73.75836,-14.38131],[-73.75689,-14.38228],[-73.75318,-14.3869],[-73.7521,-14.38795],[-73.75056,-14.38913],[-73.74894,-14.39085],[-73.74874,-14.3911],[-73.74801,-14.39204],[-73.74639,-14.39353],[-73.74523,-14.3948],[-73.74407,-14.39606],[-73.7426,-14.39733],[-73.74142,-14.39788],[-73.74086,-14.39904],[-73.74029,-14.39981],[-73.73966,-14.40066],[-73.73889,-14.40215],[-73.74027,-14.40253],[-73.7403,-14.40253],[-73.74147,-14.40167],[-73.74202,-14.40126],[-73.74382,-14.39953],[-73.74571,-14.39823],[-73.74742,-14.39658],[-73.74904,-14.39536],[-73.75112,-14.39374],[-73.75138,-14.39354],[-73.75327,-14.3918],[-73.75507,-14.39007],[-73.75522,-14.38991],[-73.75688,-14.38807],[-73.75712,-14.38774],[-73.7576,-14.38709],[-73.75823,-14.38624],[-73.75892,-14.38534],[-73.75957,-14.38447],[-73.75995,-14.38398],[-73.7611,-14.38247],[-73.76121,-14.38233],[-73.76211,-14.38137],[-73.76301,-14.38059],[-73.76409,-14.38051],[-73.7648,-14.3806],[-73.76533,-14.38174],[-73.76515,-14.38348],[-73.76477,-14.38593],[-73.76431,-14.38863],[-73.76439,-14.39116],[-73.76437,-14.3937],[-73.76355,-14.39605],[-73.7622,-14.39779],[-73.76031,-14.39953],[-73.75931,-14.40101],[-73.75948,-14.40293],[-73.75893,-14.40555],[-73.75937,-14.40756],[-73.76035,-14.40852],[-73.76133,-14.40905],[-73.7624,-14.40976],[-73.76311,-14.41072],[-73.76427,-14.41291],[-73.76525,-14.41575],[-73.76591,-14.41713],[-73.76594,-14.41775],[-73.76597,-14.41838],[-73.76596,-14.41975],[-73.76562,-14.4206],[-73.76475,-14.42158],[-73.7634,-14.42229],[-73.76259,-14.42307],[-73.76245,-14.42373],[-73.76244,-14.42484],[-73.76391,-14.42721],[-73.76464,-14.42833],[-73.7647,-14.42917],[-73.7636,-14.43005],[-73.7634,-14.43087],[-73.76301,-14.43094],[-73.7618,-14.43106],[-73.76093,-14.43178],[-73.76045,-14.4325],[-73.76058,-14.43368],[-73.76084,-14.43479],[-73.76164,-14.43552],[-73.76298,-14.43531],[-73.76403,-14.43577],[-73.76459,-14.43566],[-73.76507,-14.43599],[-73.7653,-14.43617],[-73.76614,-14.43685],[-73.7662,-14.43796],[-73.76579,-14.43907],[-73.76518,-14.43999],[-73.76451,-14.44051],[-73.76329,-14.44109],[-73.76181,-14.44141],[-73.76033,-14.4414],[-73.75933,-14.44074],[-73.75893,-14.43982],[-73.75813,-14.43897],[-73.75726,-14.43851],[-73.75605,-14.43856],[-73.75595,-14.43863],[-73.75544,-14.43902],[-73.75538,-14.43909],[-73.75476,-14.4398],[-73.75435,-14.44196],[-73.75421,-14.44334],[-73.75333,-14.44438],[-73.75245,-14.4447],[-73.75091,-14.44463],[-73.7491,-14.44396],[-73.74803,-14.44284],[-73.74702,-14.44186],[-73.74588,-14.44152],[-73.74521,-14.44165],[-73.74454,-14.44211],[-73.74366,-14.4423],[-73.74292,-14.44223],[-73.74239,-14.4415],[-73.74199,-14.44059],[-73.74146,-14.43973],[-73.74052,-14.4394],[-73.73924,-14.43952],[-73.73809,-14.44037],[-73.73791,-14.44054],[-73.73674,-14.44161],[-73.73646,-14.44193],[-73.73556,-14.44296],[-73.73532,-14.44324],[-73.73314,-14.44521],[-73.73277,-14.44524],[-73.73257,-14.44524],[-73.73192,-14.44523],[-73.73099,-14.44561],[-73.73006,-14.4459],[-73.72867,-14.44597],[-73.72737,-14.44601],[-73.72728,-14.44596],[-73.72623,-14.44541],[-73.72516,-14.44521],[-73.72482,-14.44505],[-73.72389,-14.44461],[-73.72385,-14.44458],[-73.72311,-14.44382],[-73.72266,-14.44308],[-73.72239,-14.44276],[-73.72235,-14.44218],[-73.72202,-14.44146],[-73.72135,-14.441],[-73.71961,-14.44092],[-73.71846,-14.44079],[-73.71739,-14.43967],[-73.717,-14.43849],[-73.71714,-14.43659],[-73.71749,-14.43489],[-73.71864,-14.43352],[-73.71952,-14.43202],[-73.72027,-14.43051],[-73.72082,-14.4291],[-73.72177,-14.42666],[-73.72265,-14.42509],[-73.72273,-14.42365],[-73.72253,-14.4228],[-73.72173,-14.42227],[-73.72079,-14.42233],[-73.71904,-14.42317],[-73.71802,-14.42467],[-73.7174,-14.42637],[-73.71699,-14.42774],[-73.71665,-14.42925],[-73.7161,-14.43029],[-73.7157,-14.43062],[-73.71449,-14.4314],[-73.71327,-14.43152],[-73.7124,-14.43224],[-73.71226,-14.43335],[-73.71252,-14.4344],[-73.71258,-14.43565],[-73.71237,-14.4365],[-73.71176,-14.43695],[-73.71096,-14.43688],[-73.71069,-14.4367],[-73.71009,-14.43629],[-73.70915,-14.43556],[-73.70821,-14.43503],[-73.70811,-14.43496],[-73.70708,-14.43417],[-73.70547,-14.43358],[-73.70554,-14.43253],[-73.70575,-14.43161],[-73.70649,-14.4305],[-73.70717,-14.42933],[-73.70779,-14.42769],[-73.70786,-14.42599],[-73.70746,-14.42501],[-73.70706,-14.42451],[-73.70693,-14.42435],[-73.70565,-14.42421],[-73.7043,-14.42558],[-73.70315,-14.42708],[-73.70256,-14.42756],[-73.70227,-14.42779],[-73.70126,-14.42799],[-73.69985,-14.42778],[-73.69946,-14.42699],[-73.6996,-14.42555],[-73.70061,-14.42438],[-73.7015,-14.42288],[-73.70177,-14.42144],[-73.70144,-14.42019],[-73.70064,-14.41947],[-73.69984,-14.41954],[-73.69923,-14.41959],[-73.69748,-14.42056],[-73.69646,-14.42187],[-73.69578,-14.42278],[-73.69497,-14.42323],[-73.69363,-14.42355],[-73.69235,-14.42342],[-73.69121,-14.42289],[-73.6894,-14.42281],[-73.68839,-14.42241],[-73.68759,-14.42149],[-73.68753,-14.41985],[-73.68781,-14.41828],[-73.68856,-14.4175],[-73.68857,-14.41749],[-73.68943,-14.41672],[-73.68984,-14.41587],[-73.68965,-14.41476],[-73.68929,-14.41444],[-73.68898,-14.41416],[-73.68764,-14.41416],[-73.68554,-14.41505],[-73.68521,-14.41519],[-73.68446,-14.41702],[-73.68452,-14.4184],[-73.68454,-14.41856],[-73.68465,-14.41951],[-73.68444,-14.42049],[-73.6839,-14.42068],[-73.68303,-14.42029],[-73.68268,-14.41997],[-73.68142,-14.41884],[-73.68016,-14.41686],[-73.67909,-14.41614],[-73.67775,-14.4158],[-73.6768,-14.41639],[-73.6768,-14.41757],[-73.67766,-14.41914],[-73.67886,-14.42085],[-73.68006,-14.42237],[-73.6813,-14.42349],[-73.68173,-14.42388],[-73.68334,-14.42448],[-73.68502,-14.42534],[-73.68555,-14.4262],[-73.6856,-14.42671],[-73.68568,-14.42738],[-73.68507,-14.42822],[-73.68459,-14.42907],[-73.68485,-14.42986],[-73.68579,-14.43052],[-73.6874,-14.43053],[-73.68862,-14.43034],[-73.69104,-14.43002],[-73.69245,-14.43003],[-73.69426,-14.43096],[-73.69449,-14.43121],[-73.69486,-14.43162],[-73.69559,-14.43267],[-73.69585,-14.43405],[-73.69538,-14.43503],[-73.69463,-14.43587],[-73.69382,-14.43626],[-73.69295,-14.43672],[-73.69207,-14.43802],[-73.69119,-14.439],[-73.69018,-14.43926],[-73.68906,-14.43932],[-73.68803,-14.43937],[-73.68753,-14.4396],[-73.68701,-14.43983],[-73.68654,-14.44041],[-73.6862,-14.44126],[-73.68573,-14.44185],[-73.68465,-14.44198],[-73.68344,-14.4419],[-73.68203,-14.44176],[-73.68202,-14.44183],[-73.68036,-14.4417],[-73.67902,-14.44169],[-73.67782,-14.44183],[-73.67782,-14.44183],[-73.67686,-14.44209],[-73.67634,-14.44234],[-73.67586,-14.44274],[-73.67501,-14.44413],[-73.67464,-14.44456],[-73.6743,-14.44478],[-73.67377,-14.44494],[-73.67375,-14.44495],[-73.67303,-14.44494],[-73.6707,-14.44448],[-73.66931,-14.44437],[-73.66863,-14.44446],[-73.66797,-14.44454],[-73.66627,-14.44507],[-73.66549,-14.44522],[-73.66548,-14.44522],[-73.66545,-14.44522],[-73.66456,-14.44517],[-73.6637,-14.44488],[-73.66283,-14.44429],[-73.66204,-14.44324],[-73.66137,-14.44159],[-73.66055,-14.43861],[-73.6602,-14.43789],[-73.65959,-14.43706],[-73.65862,-14.43614],[-73.64997,-14.42887],[-73.64901,-14.42807],[-73.64699,-14.4268],[-73.64686,-14.42674],[-73.63714,-14.42185],[-73.63358,-14.41965],[-73.63098,-14.41823],[-73.6284,-14.41664],[-73.62646,-14.41572],[-73.626,-14.41547],[-73.625,-14.41491],[-73.62498,-14.41491],[-73.62392,-14.4149],[-73.62315,-14.41501],[-73.62305,-14.41503],[-73.62301,-14.4151],[-73.62271,-14.41581],[-73.6227,-14.41673],[-73.62236,-14.41745],[-73.62128,-14.41796],[-73.62115,-14.41814],[-73.62067,-14.41881],[-73.62067,-14.41897],[-73.62067,-14.41916],[-73.62067,-14.41966],[-73.62146,-14.42091],[-73.62177,-14.42123],[-73.62178,-14.42123],[-73.62189,-14.42125],[-73.62199,-14.42127],[-73.62248,-14.42144],[-73.62258,-14.42148],[-73.62268,-14.42152],[-73.62276,-14.42158],[-73.62283,-14.42164],[-73.6229,-14.42172],[-73.62302,-14.42187],[-73.62315,-14.42201],[-73.62328,-14.42216],[-73.62342,-14.4223],[-73.62367,-14.42259],[-73.62373,-14.42267],[-73.62378,-14.42276],[-73.62384,-14.42284],[-73.62388,-14.42293],[-73.62392,-14.42303],[-73.62395,-14.42314],[-73.62397,-14.42325],[-73.62398,-14.42331],[-73.62549,-14.42463],[-73.62552,-14.42461],[-73.6256,-14.42459],[-73.62568,-14.42457],[-73.62577,-14.42458],[-73.62585,-14.42459],[-73.62593,-14.42463],[-73.62608,-14.42471],[-73.62616,-14.42477],[-73.62623,-14.42483],[-73.62644,-14.42502],[-73.62672,-14.4253],[-73.6269,-14.42554],[-73.62696,-14.42562],[-73.62701,-14.4257],[-73.62704,-14.42577],[-73.62719,-14.42589],[-73.62858,-14.42693],[-73.63051,-14.42864],[-73.63165,-14.42931],[-73.64006,-14.43218],[-73.64375,-14.43323],[-73.64675,-14.43424],[-73.6484,-14.43501],[-73.64956,-14.43602],[-73.65073,-14.43761],[-73.65075,-14.43764],[-73.65085,-14.43776],[-73.65167,-14.43914],[-73.65213,-14.43989],[-73.65295,-14.44125],[-73.65363,-14.44238],[-73.65496,-14.44411],[-73.65523,-14.44472],[-73.65532,-14.44531],[-73.6553,-14.44563],[-73.65525,-14.44618],[-73.6551,-14.44662],[-73.65491,-14.44719],[-73.65441,-14.44809],[-73.65389,-14.4487],[-73.65316,-14.44928],[-73.65285,-14.44945],[-73.6523,-14.44974],[-73.65207,-14.44975],[-73.65111,-14.44979],[-73.64976,-14.44972],[-73.64892,-14.44916],[-73.64864,-14.44938],[-73.64656,-14.45039],[-73.64409,-14.45083],[-73.64135,-14.45091],[-73.63765,-14.45126],[-73.63368,-14.45123],[-73.62979,-14.45269],[-73.62913,-14.45283],[-73.62969,-14.45334],[-73.63365,-14.45889],[-73.63364,-14.46053],[-73.63364,-14.46096],[-73.63397,-14.46073],[-73.63398,-14.46072],[-73.63522,-14.46054],[-73.63607,-14.46054],[-73.63701,-14.46099],[-73.63794,-14.46152],[-73.63851,-14.46085],[-73.63926,-14.46013],[-73.64186,-14.45902],[-73.64416,-14.4584],[-73.64651,-14.45769],[-73.64871,-14.45731],[-73.65086,-14.45693],[-73.6519,-14.45665],[-73.65285,-14.45631],[-73.65431,-14.4554],[-73.6571,-14.45498],[-73.6593,-14.45436],[-73.66205,-14.45345],[-73.66465,-14.45269],[-73.6664,-14.45202],[-73.66735,-14.45144],[-73.66915,-14.45052],[-73.6704,-14.44985],[-73.6729,-14.44967],[-73.67384,-14.44997],[-73.67429,-14.4508],[-73.67433,-14.45107],[-73.67438,-14.45148],[-73.67408,-14.4524],[-73.67287,-14.45375],[-73.67097,-14.45462],[-73.67002,-14.45529],[-73.66902,-14.4565],[-73.66897,-14.45667],[-73.66903,-14.45681],[-73.67136,-14.45683],[-73.67337,-14.45521],[-73.67336,-14.45727],[-73.67336,-14.45749],[-73.67568,-14.45978],[-73.67751,-14.45908],[-73.6777,-14.459],[-73.67786,-14.45894],[-73.67794,-14.45891],[-73.67903,-14.4585],[-73.68061,-14.45748],[-73.68055,-14.45651],[-73.68081,-14.45491],[-73.68096,-14.45298],[-73.68128,-14.45219],[-73.68183,-14.45157],[-73.68274,-14.45093],[-73.68303,-14.45079],[-73.68372,-14.45047],[-73.68742,-14.44952],[-73.68846,-14.4491],[-73.68934,-14.44846],[-73.69142,-14.44652],[-73.69252,-14.44564],[-73.69359,-14.44501],[-73.69596,-14.44393],[-73.69659,-14.44354],[-73.69731,-14.44288],[-73.69859,-14.44137],[-73.69927,-14.4408],[-73.69994,-14.44044],[-73.70057,-14.44026],[-73.70129,-14.44022],[-73.70205,-14.44039],[-73.70324,-14.44109],[-73.70379,-14.44158],[-73.70428,-14.4422],[-73.70473,-14.44329],[-73.70509,-14.44514],[-73.7056,-14.44691],[-73.70609,-14.44787],[-73.70685,-14.44888],[-73.7071,-14.44909],[-73.70771,-14.4496],[-73.70866,-14.45013],[-73.70964,-14.45049],[-73.71201,-14.45114],[-73.7127,-14.45146],[-73.71323,-14.45182],[-73.71374,-14.45233],[-73.71412,-14.45299],[-73.71427,-14.45381],[-73.71428,-14.45592],[-73.71448,-14.45666],[-73.71464,-14.45691],[-73.71466,-14.45694],[-73.7149,-14.45733],[-73.71492,-14.45735],[-73.71533,-14.45772],[-73.71588,-14.45804],[-73.71838,-14.45899],[-73.71977,-14.45971],[-73.72087,-14.4606],[-73.72155,-14.4615],[-73.72205,-14.46272],[-73.72217,-14.4643],[-73.72158,-14.46918],[-73.72128,-14.47171],[-73.7212,-14.47236],[-73.72115,-14.47339],[-73.7222,-14.47252],[-73.72226,-14.47247],[-73.72305,-14.47182],[-73.72524,-14.47114],[-73.72946,-14.47116],[-73.73055,-14.4717],[-73.73284,-14.47283],[-73.73404,-14.47422],[-73.73426,-14.47448],[-73.73508,-14.47542],[-73.73534,-14.47572],[-73.73654,-14.4769],[-73.73732,-14.47747],[-73.73745,-14.4774],[-73.73793,-14.47744],[-73.73856,-14.47749],[-73.74024,-14.47742],[-73.74286,-14.47736],[-73.74438,-14.47736],[-73.74533,-14.47799],[-73.74556,-14.47822],[-73.74628,-14.47892],[-73.74675,-14.48009],[-73.74785,-14.48304],[-73.74822,-14.48355],[-73.74837,-14.48375],[-73.74848,-14.4839],[-73.74896,-14.48407],[-73.74959,-14.48429],[-73.75094,-14.48508],[-73.75181,-14.48586],[-73.75284,-14.48687],[-73.75292,-14.48734],[-73.75294,-14.4875],[-73.75299,-14.4878],[-73.75275,-14.48873],[-73.75227,-14.4892],[-73.75123,-14.48942],[-73.75084,-14.48942],[-73.75052,-14.48942],[-73.75038,-14.48935],[-73.74956,-14.48895],[-73.74906,-14.48834],[-73.74846,-14.48762],[-73.74711,-14.48692],[-73.74615,-14.4866],[-73.74544,-14.48675],[-73.74504,-14.48691],[-73.74448,-14.48706],[-73.74427,-14.48726],[-73.74416,-14.48737],[-73.74408,-14.48765],[-73.744,-14.48791],[-73.74479,-14.48885],[-73.7455,-14.49001],[-73.74589,-14.49133],[-73.74609,-14.49189],[-73.74652,-14.49304],[-73.74652,-14.49304],[-73.74667,-14.49428],[-73.74666,-14.49537],[-73.7465,-14.49646],[-73.74641,-14.49708],[-73.74655,-14.49738],[-73.74694,-14.49732],[-73.74726,-14.49714],[-73.74777,-14.49685],[-73.74875,-14.49598],[-73.74955,-14.4955],[-73.74987,-14.4953],[-73.75162,-14.49477],[-73.75266,-14.49478],[-73.75274,-14.49471],[-73.75311,-14.49444],[-73.75349,-14.49426],[-73.75405,-14.49417],[-73.75461,-14.49408],[-73.75517,-14.49399],[-73.75521,-14.49411],[-73.75574,-14.4931],[-73.75592,-14.49262],[-73.7563,-14.49167],[-73.75624,-14.48991],[-73.75604,-14.48814],[-73.75594,-14.48797],[-73.75528,-14.48685],[-73.75508,-14.48631],[-73.7548,-14.48556],[-73.75479,-14.48512],[-73.75344,-14.48434],[-73.75288,-14.48313],[-73.75277,-14.4829],[-73.75248,-14.48226],[-73.75197,-14.48114],[-73.75258,-14.47766],[-73.75302,-14.47691],[-73.75529,-14.47303],[-73.75801,-14.46637],[-73.7616,-14.46261],[-73.76342,-14.45739],[-73.76469,-14.45654],[-73.7694,-14.45336],[-73.76986,-14.45323],[-73.77055,-14.45189],[-73.77055,-14.45189],[-73.7709,-14.45179],[-73.7725,-14.45133],[-73.77301,-14.45118],[-73.77522,-14.45143],[-73.77826,-14.45127],[-73.77874,-14.4508],[-73.78014,-14.44945],[-73.78133,-14.4479],[-73.78246,-14.44621],[-73.78288,-14.44492],[-73.78254,-14.44377],[-73.78171,-14.44349],[-73.78059,-14.44342],[-73.77983,-14.44375],[-73.77906,-14.44429],[-73.77843,-14.44449],[-73.77766,-14.44449],[-73.77711,-14.44394],[-73.77683,-14.44313],[-73.77719,-14.4417],[-73.77741,-14.44021],[-73.77853,-14.43886],[-73.77866,-14.43869],[-73.77799,-14.43849],[-73.77714,-14.43826],[-73.7767,-14.43783],[-73.7766,-14.43773],[-73.77669,-14.43675],[-73.77685,-14.43563],[-73.77693,-14.43435],[-73.77748,-14.43284],[-73.77764,-14.43187],[-73.77795,-14.43097],[-73.77765,-14.42953],[-73.77764,-14.42929],[-73.77758,-14.4284],[-73.77743,-14.42742],[-73.77775,-14.42645],[-73.77783,-14.42554],[-73.77776,-14.42457],[-73.77776,-14.42329],[-73.77777,-14.42327],[-73.77839,-14.42246],[-73.77881,-14.4223],[-73.77955,-14.42202],[-73.7804,-14.42157],[-73.78141,-14.42105],[-73.78231,-14.42083],[-73.78233,-14.42083],[-73.78311,-14.42045],[-73.78346,-14.42033],[-73.78373,-14.42023],[-73.78458,-14.42036],[-73.78473,-14.42039],[-73.78484,-14.42033],[-73.78566,-14.41994],[-73.78602,-14.41983],[-73.78636,-14.41972],[-73.78667,-14.41942],[-73.78681,-14.41928],[-73.78698,-14.41912],[-73.78737,-14.41882],[-73.78845,-14.41867],[-73.78908,-14.41868],[-73.78955,-14.41868],[-73.78976,-14.41868],[-73.79107,-14.41914],[-73.792,-14.41944],[-73.79249,-14.41977],[-73.79292,-14.42005],[-73.79377,-14.42013],[-73.79477,-14.42051],[-73.79521,-14.42066],[-73.79492,-14.41969],[-73.7949,-14.41961],[-73.79495,-14.41958],[-73.79496,-14.41838],[-73.79521,-14.41798],[-73.79533,-14.41779],[-73.79622,-14.41635],[-73.79789,-14.41596],[-73.79816,-14.41596],[-73.79893,-14.41596],[-73.79914,-14.41596],[-73.79977,-14.41597],[-73.80037,-14.41578],[-73.80102,-14.41557],[-73.80186,-14.41476],[-73.8023,-14.41427],[-73.80236,-14.41419],[-73.80312,-14.41334],[-73.8045,-14.41234],[-73.80467,-14.41222],[-73.8048,-14.41213],[-73.80543,-14.4103],[-73.80549,-14.41002],[-73.80607,-14.40746],[-73.80628,-14.40658],[-73.80638,-14.40614],[-73.8065,-14.40563],[-73.80651,-14.40561],[-73.80657,-14.40549],[-73.8071,-14.40435],[-73.80755,-14.4034],[-73.80861,-14.40158],[-73.80966,-14.39955],[-73.81096,-14.39829],[-73.81155,-14.39773],[-73.81209,-14.39773],[-73.81363,-14.39774],[-73.81419,-14.39774],[-73.81488,-14.39774],[-73.81508,-14.39784],[-73.81645,-14.39852],[-73.81655,-14.39857],[-73.81801,-14.39878],[-73.81989,-14.39838],[-73.82187,-14.39781],[-73.82112,-14.39921],[-73.82,-14.40025],[-73.81977,-14.40129],[-73.8197,-14.40158],[-73.81897,-14.40205],[-73.82337,-14.40173],[-73.82389,-14.40022],[-73.82538,-14.39952],[-73.8268,-14.39841],[-73.82801,-14.39804],[-73.82882,-14.39644],[-73.82929,-14.39416],[-73.82938,-14.39372],[-73.82944,-14.39345],[-73.8309,-14.39494],[-73.83206,-14.39732],[-73.83248,-14.39817],[-73.83321,-14.399],[-73.83635,-14.39726],[-73.83727,-14.39592],[-73.83847,-14.39515],[-73.83875,-14.3946],[-73.83935,-14.39405],[-73.84132,-14.39536],[-73.84249,-14.39572],[-73.84542,-14.39476],[-73.84833,-14.39385],[-73.84899,-14.39283],[-73.84806,-14.39147],[-73.84681,-14.38894],[-73.84647,-14.38708],[-73.84735,-14.38633],[-73.84845,-14.38689],[-73.84981,-14.38745],[-73.85018,-14.386],[-73.8511,-14.38428],[-73.85237,-14.38388],[-73.85358,-14.38351],[-73.85377,-14.38123],[-73.85388,-14.37983],[-73.85391,-14.37949],[-73.85357,-14.37784],[-73.85381,-14.37739],[-73.8542,-14.37667],[-73.85496,-14.3748],[-73.85559,-14.37422],[-73.85568,-14.37414],[-73.85612,-14.37373],[-73.85671,-14.37318],[-73.85705,-14.37262],[-73.8551,-14.36979],[-73.85508,-14.36975],[-73.8545,-14.36889],[-73.8545,-14.36885],[-73.8545,-14.36882],[-73.85452,-14.36806],[-73.85632,-14.3681],[-73.85889,-14.3694],[-73.85906,-14.36949],[-73.85964,-14.36979],[-73.86015,-14.37005],[-73.86034,-14.36974],[-73.8604,-14.36964],[-73.86135,-14.3681],[-73.86484,-14.36589],[-73.8671,-14.36536],[-73.86743,-14.36529],[-73.86744,-14.36527],[-73.86539,-14.36517],[-73.8599,-14.36488],[-73.85925,-14.3645],[-73.85837,-14.36398],[-73.85772,-14.36359],[-73.85744,-14.36343],[-73.85608,-14.36262],[-73.85393,-14.36135],[-73.85213,-14.3612],[-73.8508,-14.36092],[-73.85051,-14.36092],[-73.84958,-14.36092],[-73.84875,-14.36108],[-73.84786,-14.36129],[-73.84659,-14.36106],[-73.84581,-14.36063],[-73.84567,-14.3606],[-73.84492,-14.36098],[-73.84337,-14.36173],[-73.84259,-14.36242],[-73.84208,-14.36296],[-73.8413,-14.36404],[-73.8399,-14.3669],[-73.83978,-14.36804],[-73.83978,-14.36912],[-73.84011,-14.37004],[-73.84046,-14.37069],[-73.84055,-14.37085],[-73.84104,-14.37145],[-73.84154,-14.37172],[-73.84209,-14.37172],[-73.84219,-14.37162],[-73.8426,-14.37119],[-73.84321,-14.37038],[-73.84349,-14.36968],[-73.84416,-14.36881],[-73.84461,-14.36838],[-73.84475,-14.36837],[-73.84516,-14.36833],[-73.84519,-14.36834],[-73.84566,-14.3685],[-73.84599,-14.36909],[-73.84643,-14.37007],[-73.84693,-14.37094],[-73.84736,-14.37224],[-73.84735,-14.3723],[-73.84713,-14.37343],[-73.84635,-14.37423],[-73.84624,-14.3743],[-73.84541,-14.37482],[-73.84402,-14.37538],[-73.84328,-14.37555],[-73.84135,-14.37597],[-73.83969,-14.37596],[-73.83824,-14.37595],[-73.83741,-14.37595],[-73.8368,-14.37638],[-73.8363,-14.37692],[-73.83556,-14.37843],[-73.8354,-14.37875],[-73.8354,-14.37951],[-73.83539,-14.38026],[-73.83578,-14.38108],[-73.83655,-14.38189],[-73.83716,-14.38244],[-73.83793,-14.38309],[-73.83809,-14.38374],[-73.83815,-14.38444],[-73.83814,-14.3852],[-73.83791,-14.38606],[-73.83725,-14.38682],[-73.83652,-14.38714],[-73.83575,-14.38713],[-73.83508,-14.38681],[-73.83327,-14.38534],[-73.83189,-14.38459],[-73.83085,-14.38424],[-73.82995,-14.38424],[-73.82932,-14.38437],[-73.82863,-14.38471],[-73.82773,-14.3847],[-73.8271,-14.3847],[-73.82565,-14.38429],[-73.82426,-14.38394],[-73.8233,-14.38326],[-73.82302,-14.38324],[-73.82205,-14.38319],[-73.82112,-14.38363],[-73.82066,-14.38386],[-73.81948,-14.38432],[-73.81871,-14.38425],[-73.81816,-14.38364],[-73.81817,-14.38263],[-73.81817,-14.38161],[-73.81842,-14.38035],[-73.81846,-14.38019],[-73.81881,-14.37942],[-73.81916,-14.37864],[-73.8193,-14.37756],[-73.81924,-14.37661],[-73.8189,-14.37553],[-73.81828,-14.37465],[-73.81703,-14.3739],[-73.81648,-14.3739],[-73.81613,-14.37389],[-73.81571,-14.3741],[-73.81502,-14.37457],[-73.81453,-14.3747],[-73.81356,-14.37463],[-73.81252,-14.37442],[-73.81162,-14.37414],[-73.81044,-14.3742],[-73.80989,-14.3744],[-73.80926,-14.37487],[-73.80912,-14.37541],[-73.80912,-14.37609],[-73.8096,-14.37677],[-73.81056,-14.37745],[-73.81195,-14.37793],[-73.81278,-14.37861],[-73.81312,-14.37936],[-73.81312,-14.38017],[-73.81304,-14.38091],[-73.81248,-14.38172],[-73.8115,-14.38374],[-73.8115,-14.38449],[-73.81156,-14.38537],[-73.81211,-14.38618],[-73.81273,-14.38686],[-73.8137,-14.38781],[-73.81536,-14.38931],[-73.81646,-14.39032],[-73.8175,-14.39134],[-73.8177,-14.39243],[-73.81756,-14.39324],[-73.81714,-14.39378],[-73.81616,-14.39431],[-73.81526,-14.39431],[-73.81422,-14.3943],[-73.8127,-14.39382],[-73.81159,-14.39328],[-73.81042,-14.39246],[-73.80924,-14.39151],[-73.80807,-14.39049],[-73.8071,-14.38953],[-73.80669,-14.38865],[-73.80615,-14.38679],[-73.80615,-14.38517],[-73.80644,-14.38389],[-73.80613,-14.37665],[-73.80552,-14.37448],[-73.80435,-14.37238],[-73.80339,-14.37082],[-73.80267,-14.3701],[-73.79922,-14.36944],[-73.79636,-14.36766],[-73.79537,-14.36668],[-73.79534,-14.36667],[-73.79523,-14.36664],[-73.79512,-14.3666],[-73.79503,-14.36655],[-73.79496,-14.36649],[-73.79489,-14.36641],[-73.79471,-14.36617],[-73.79466,-14.36609],[-73.79461,-14.366],[-73.79458,-14.36591],[-73.79456,-14.36587],[-73.79309,-14.36437],[-73.79193,-14.36319],[-73.79093,-14.36194],[-73.78971,-14.36095],[-73.78876,-14.36002],[-73.78724,-14.35885],[-73.78617,-14.35804],[-73.78485,-14.35699],[-73.78485,-14.35699],[-73.78485,-14.35699],[-73.78422,-14.35601],[-73.78369,-14.35487],[-73.78311,-14.3541],[-73.78232,-14.35305],[-73.7819,-14.35214],[-73.78165,-14.35223],[-73.78116,-14.3524],[-73.78092,-14.35307],[-73.78089,-14.35317],[-73.78084,-14.35323]]]}},{"type":"Feature","properties":{"Name":"Tierras aptas para pastos de calidad agrologica media limitada por suelo y clima, con necesidad de riego","description":"<div style='font-family:sans-serif;'><h4>ZEE AYACUCHO - Tierras aptas para pastos de calidad agrologica media limitada por suelo y clima, con necesidad de riego</h4><table border='1' cellpadding='4' style='border-collapse:collapse;font-size:12px;'><tr><td><b>ZEECODE:</b></td><td>58</td></tr><tr><td><b>ZEE:</b></td><td>Tierras aptas para pastos de calidad agrologica media limitada por suelo y clima, con necesidad de riego</td></tr><tr><td><b>ZEE_ZONAS:</b></td><td>ZONA PARA EL MANEJO DE PASTOS</td></tr><tr><td><b>ZEE_GRANDE:</b></td><td>ZONAS PRODUCTIVAS</td></tr><tr><td><b>AREA:</b></td><td>475392944.514</td></tr><tr><td><b>PERIMETER:</b></td><td>839557.085</td></tr><tr><td><b>HECTARES:</b></td><td>47539.294</td></tr></table></div>"},"geometry":{"type":"Polygon","coordinates":[[[-73.60535,-15.36039],[-73.60547,-15.36041],[-73.60553,-15.36025],[-73.60575,-15.35959],[-73.60525,-15.35938],[-73.60435,-15.35957],[-73.60407,-15.35971],[-73.60445,-15.36021],[-73.60535,-15.36039]]]}},{"type":"Feature","properties":{"Name":"Tierras aptas para pastos de calidad agrologica media limitada por suelo, clima e inundacion","description":"<div style='font-family:sans-serif;'><h4>ZEE AYACUCHO - Tierras aptas para pastos de calidad agrologica media limitada por suelo, clima e inundacion</h4><table border='1' cellpadding='4' style='border-collapse:collapse;font-size:12px;'><tr><td><b>ZEECODE:</b></td><td>59</td></tr><tr><td><b>ZEE:</b></td><td>Tierras aptas para pastos de calidad agrologica media limitada por suelo, clima e inundacion</td></tr><tr><td><b>ZEE_ZONAS:</b></td><td>ZONA PARA EL MANEJO DE PASTOS</td></tr><tr><td><b>ZEE_GRANDE:</b></td><td>ZONAS PRODUCTIVAS</td></tr><tr><td><b>AREA:</b></td><td>5082123.293</td></tr><tr><td><b>PERIMETER:</b></td><td>31819.324</td></tr><tr><td><b>HECTARES:</b></td><td>508.212</td></tr></table></div>"},"geometry":{"type":"Polygon","coordinates":[[[-74.72157,-13.36232],[-74.71992,-13.36265],[-74.71903,-13.36346],[-74.71862,-13.3637],[-74.71828,-13.36379],[-74.7179,-13.36379],[-74.71716,-13.36378],[-74.7168,-13.36378],[-74.71665,-13.3637],[-74.71592,-13.36329],[-74.71575,-13.36321],[-74.71561,-13.36314],[-74.71514,-13.36306],[-74.71437,-13.36293],[-74.71425,-13.36293],[-74.71404,-13.36374],[-74.71304,-13.3641],[-74.71231,-13.36431],[-74.71231,-13.36482],[-74.71231,-13.36544],[-74.71273,-13.36604],[-74.71278,-13.36611],[-74.71289,-13.36616],[-74.71322,-13.36618],[-74.71402,-13.36622],[-74.71449,-13.36655],[-74.7147,-13.3669],[-74.71474,-13.36698],[-74.71498,-13.3679],[-74.71514,-13.36863],[-74.71564,-13.36929],[-74.71588,-13.36961],[-74.71602,-13.37037],[-74.71611,-13.37105],[-74.71618,-13.37138],[-74.71707,-13.37221],[-74.71711,-13.37231],[-74.71725,-13.37258],[-74.71735,-13.37298],[-74.71742,-13.37362],[-74.71818,-13.37557],[-74.71896,-13.37687],[-74.71937,-13.37713],[-74.71965,-13.37715],[-74.71989,-13.37705],[-74.72006,-13.37684],[-74.72021,-13.37639],[-74.72015,-13.37614],[-74.71994,-13.37564],[-74.71962,-13.37486],[-74.71943,-13.37434],[-74.71945,-13.3738],[-74.71949,-13.37277],[-74.71956,-13.37154],[-74.71948,-13.37102],[-74.71903,-13.37004],[-74.7186,-13.36911],[-74.7186,-13.36911],[-74.7186,-13.3691],[-74.71839,-13.36782],[-74.71825,-13.36691],[-74.71823,-13.3657],[-74.71824,-13.36568],[-74.71841,-13.3653],[-74.71841,-13.3653],[-74.71841,-13.3653],[-74.71855,-13.36516],[-74.71873,-13.36514],[-74.71889,-13.36516],[-74.71896,-13.36516],[-74.71929,-13.36525],[-74.71979,-13.36539],[-74.72027,-13.36551],[-74.7203,-13.36552],[-74.72047,-13.36556],[-74.72141,-13.36556],[-74.7218,-13.36539],[-74.72211,-13.36506],[-74.72212,-13.36504],[-74.72225,-13.36476],[-74.72241,-13.36475],[-74.72239,-13.36468],[-74.7224,-13.36461],[-74.72242,-13.36454],[-74.72246,-13.36448],[-74.72252,-13.36444],[-74.72261,-13.3644],[-74.7227,-13.36438],[-74.72281,-13.36436],[-74.72293,-13.36435],[-74.72305,-13.36434],[-74.72317,-13.36434],[-74.7233,-13.36435],[-74.72343,-13.36436],[-74.72355,-13.36437],[-74.72367,-13.36439],[-74.72378,-13.36442],[-74.724,-13.36448],[-74.72411,-13.3645],[-74.72423,-13.36452],[-74.72434,-13.36453],[-74.72446,-13.36453],[-74.72458,-13.36453],[-74.72469,-13.36452],[-74.72479,-13.3645],[-74.72488,-13.36446],[-74.72497,-13.36442],[-74.72504,-13.36436],[-74.7251,-13.3643],[-74.72516,-13.36423],[-74.7252,-13.36413],[-74.72523,-13.36403],[-74.72524,-13.36391],[-74.72524,-13.3638],[-74.72523,-13.36359],[-74.72523,-13.3635],[-74.72589,-13.3635],[-74.7259,-13.3635],[-74.72554,-13.36335],[-74.72496,-13.36309],[-74.72412,-13.36267],[-74.72404,-13.36249],[-74.72345,-13.36249],[-74.72243,-13.36249],[-74.72161,-13.36231],[-74.72157,-13.36232]]]}},{"type":"Feature","properties":{"Name":"Tierras aptas para pastos de calidad agrologica media limitada por suelo, erosion y clima.","description":"<div style='font-family:sans-serif;'><h4>ZEE AYACUCHO - Tierras aptas para pastos de calidad agrologica media limitada por suelo, erosion y clima.</h4><table border='1' cellpadding='4' style='border-collapse:collapse;font-size:12px;'><tr><td><b>ZEECODE:</b></td><td>60</td></tr><tr><td><b>ZEE:</b></td><td>Tierras aptas para pastos de calidad agrologica media limitada por suelo, erosion y clima.</td></tr><tr><td><b>ZEE_ZONAS:</b></td><td>ZONA PARA EL MANEJO DE PASTOS</td></tr><tr><td><b>ZEE_GRANDE:</b></td><td>ZONAS PRODUCTIVAS</td></tr><tr><td><b>AREA:</b></td><td>933772992.676</td></tr><tr><td><b>PERIMETER:</b></td><td>1224637.053</td></tr><tr><td><b>HECTARES:</b></td><td>93377.299</td></tr></table></div>"},"geometry":{"type":"Polygon","coordinates":[[[-73.98981,-15.4573],[-73.9904,-15.45771],[-73.9906,-15.4577],[-73.99127,-15.45765],[-73.99283,-15.45774],[-73.99358,-15.45827],[-73.99411,-15.45864],[-73.99594,-15.46007],[-73.99624,-15.46024],[-73.99714,-15.46072],[-73.99758,-15.46097],[-73.99868,-15.46151],[-73.99886,-15.46231],[-73.99886,-15.46341],[-73.99886,-15.46364],[-73.99906,-15.46364],[-73.99917,-15.46363],[-73.99916,-15.46377],[-73.99903,-15.46565],[-73.99845,-15.46835],[-73.99827,-15.4698],[-73.99828,-15.47188],[-73.99857,-15.47363],[-73.99858,-15.47369],[-73.99906,-15.47527],[-73.99996,-15.4771],[-74.00032,-15.47803],[-74.00085,-15.47991],[-74.00151,-15.48269],[-74.00176,-15.48343],[-74.00202,-15.48389],[-74.00244,-15.4843],[-74.00295,-15.48451],[-74.00348,-15.4845],[-74.00382,-15.48438],[-74.0043,-15.48409],[-74.00459,-15.48376],[-74.00496,-15.48334],[-74.00605,-15.48158],[-74.00666,-15.48069],[-74.00746,-15.47954],[-74.00786,-15.47866],[-74.00808,-15.47782],[-74.00822,-15.47651],[-74.00818,-15.47469],[-74.00778,-15.47197],[-74.00753,-15.46897],[-74.00739,-15.46824],[-74.00707,-15.46665],[-74.007,-15.4657],[-74.00703,-15.46498],[-74.0072,-15.46409],[-74.00799,-15.46177],[-74.00817,-15.46067],[-74.00795,-15.45962],[-74.00767,-15.45907],[-74.00743,-15.45876],[-74.00726,-15.45853],[-74.00634,-15.45771],[-74.00445,-15.45653],[-74.00397,-15.45607],[-74.00366,-15.45561],[-74.00359,-15.45542],[-74.00326,-15.45459],[-74.00304,-15.45345],[-74.00297,-15.45262],[-74.00306,-15.45162],[-74.00335,-15.45062],[-74.00391,-15.44932],[-74.00494,-15.44774],[-74.00513,-15.44744],[-74.00555,-15.44656],[-74.00569,-15.44586],[-74.00601,-15.44258],[-74.00635,-15.44135],[-74.00668,-15.44084],[-74.00738,-15.44024],[-74.008,-15.43992],[-74.00918,-15.43946],[-74.00902,-15.43564],[-74.00647,-15.43286],[-74.00395,-15.43012],[-74.00283,-15.42737],[-73.99945,-15.42351],[-73.99469,-15.42349],[-73.99435,-15.42348],[-73.98932,-15.42479],[-73.98978,-15.42685],[-73.99055,-15.43031],[-73.99059,-15.43083],[-73.99061,-15.43112],[-73.9907,-15.43224],[-73.99072,-15.43258],[-73.99076,-15.43309],[-73.99008,-15.43408],[-73.98987,-15.43438],[-73.98899,-15.4348],[-73.9886,-15.43526],[-73.9881,-15.43587],[-73.98856,-15.43677],[-73.98886,-15.43738],[-73.98897,-15.43759],[-73.98896,-15.44016],[-73.98895,-15.44166],[-73.98894,-15.44316],[-73.9884,-15.44489],[-73.98827,-15.4453],[-73.98737,-15.44808],[-73.98715,-15.44846],[-73.98678,-15.44911],[-73.98626,-15.45],[-73.98625,-15.4515],[-73.98701,-15.45193],[-73.98709,-15.45197],[-73.9878,-15.45237],[-73.98779,-15.45344],[-73.98782,-15.45354],[-73.98888,-15.45666],[-73.98981,-15.4573]]]}},{"type":"Feature","properties":{"Name":"Tierras aptas para pastos de calidad agrologica media limitada por suelo, erosion y clima, de uso temporal.","description":"<div style='font-family:sans-serif;'><h4>ZEE AYACUCHO - Tierras aptas para pastos de calidad agrologica media limitada por suelo, erosion y clima, de uso temporal.</h4><table border='1' cellpadding='4' style='border-collapse:collapse;font-size:12px;'><tr><td><b>ZEECODE:</b></td><td>61</td></tr><tr><td><b>ZEE:</b></td><td>Tierras aptas para pastos de calidad agrologica media limitada por suelo, erosion y clima, de uso temporal.</td></tr><tr><td><b>ZEE_ZONAS:</b></td><td>ZONA PARA EL MANEJO DE PASTOS</td></tr><tr><td><b>ZEE_GRANDE:</b></td><td>ZONAS PRODUCTIVAS</td></tr><tr><td><b>AREA:</b></td><td>562323871.902</td></tr><tr><td><b>PERIMETER:</b></td><td>778368.815</td></tr><tr><td><b>HECTARES:</b></td><td>56232.387</td></tr></table></div>"},"geometry":{"type":"Polygon","coordinates":[[[-73.53283,-15.1214],[-73.52925,-15.12619],[-73.52143,-15.13027],[-73.51673,-15.13814],[-73.51578,-15.13972],[-73.51569,-15.13987],[-73.51341,-15.14234],[-73.50998,-15.14603],[-73.50642,-15.15001],[-73.5057,-15.15082],[-73.50385,-15.15031],[-73.49792,-15.1487],[-73.49012,-15.14865],[-73.48657,-15.15069],[-73.48398,-15.1521],[-73.48366,-15.15228],[-73.47661,-15.15613],[-73.47167,-15.1561],[-73.47149,-15.15698],[-73.47144,-15.15725],[-73.47075,-15.15932],[-73.46952,-15.16172],[-73.46977,-15.16186],[-73.46871,-15.16326],[-73.46831,-15.16398],[-73.46817,-15.16505],[-73.46818,-15.16588],[-73.4682,-15.16658],[-73.46806,-15.16768],[-73.46766,-15.16828],[-73.46665,-15.16857],[-73.46626,-15.16855],[-73.46542,-15.16852],[-73.46442,-15.16838],[-73.4635,-15.16842],[-73.46337,-15.16852],[-73.46297,-15.16884],[-73.46252,-15.1696],[-73.46208,-15.17062],[-73.46198,-15.17074],[-73.46152,-15.17125],[-73.46133,-15.17147],[-73.46058,-15.17219],[-73.45986,-15.17354],[-73.45948,-15.17534],[-73.45874,-15.17597],[-73.45899,-15.17689],[-73.45954,-15.17743],[-73.4597,-15.17759],[-73.45992,-15.17781],[-73.46033,-15.17922],[-73.46094,-15.18044],[-73.46099,-15.18106],[-73.46104,-15.18175],[-73.46095,-15.1822],[-73.46093,-15.18227],[-73.46093,-15.18231],[-73.46092,-15.18235],[-73.46082,-15.18286],[-73.46206,-15.18357],[-73.46232,-15.18366],[-73.4628,-15.18382],[-73.46393,-15.18419],[-73.46501,-15.18408],[-73.46542,-15.18404],[-73.4658,-15.184],[-73.46798,-15.18392],[-73.46976,-15.18262],[-73.47102,-15.18194],[-73.47164,-15.18164],[-73.4732,-15.18052],[-73.47456,-15.17962],[-73.47464,-15.17958],[-73.47555,-15.17909],[-73.47654,-15.17792],[-73.47759,-15.17711],[-73.47858,-15.17698],[-73.47906,-15.17692],[-73.4801,-15.17733],[-73.48156,-15.17815],[-73.4826,-15.17877],[-73.48344,-15.17878],[-73.48366,-15.17736],[-73.4845,-15.17675],[-73.48555,-15.17635],[-73.48638,-15.17656],[-73.48721,-15.17758],[-73.48826,-15.17779],[-73.48951,-15.1778],[-73.49076,-15.17862],[-73.4916,-15.17883],[-73.49306,-15.17945],[-73.49368,-15.18007],[-73.49404,-15.18048],[-73.49472,-15.18129],[-73.49618,-15.18212],[-73.49743,-15.18294],[-73.4991,-15.18396],[-73.50014,-15.18458],[-73.50065,-15.18467],[-73.5014,-15.18479],[-73.50245,-15.18358],[-73.50351,-15.18324],[-73.50371,-15.18318],[-73.50496,-15.1838],[-73.50706,-15.18361],[-73.50831,-15.18342],[-73.50957,-15.18342],[-73.5104,-15.18404],[-73.51165,-15.18486],[-73.51214,-15.18559],[-73.51242,-15.18587],[-73.51357,-15.18671],[-73.51585,-15.18924],[-73.51668,-15.19001],[-73.51732,-15.19034],[-73.51754,-15.19046],[-73.5182,-15.19062],[-73.5183,-15.19064],[-73.51921,-15.19063],[-73.52006,-15.19039],[-73.52081,-15.1899],[-73.52139,-15.18923],[-73.52181,-15.1884],[-73.5221,-15.18744],[-73.52246,-15.18442],[-73.52277,-15.18325],[-73.52344,-15.18223],[-73.52403,-15.18175],[-73.52458,-15.18147],[-73.52549,-15.18123],[-73.52651,-15.18121],[-73.52692,-15.1813],[-73.52728,-15.18137],[-73.52802,-15.18176],[-73.52842,-15.18215],[-73.52843,-15.18215],[-73.52874,-15.18263],[-73.52918,-15.18373],[-73.52924,-15.18365],[-73.52954,-15.18287],[-73.52962,-15.18266],[-73.53009,-15.18142],[-73.52958,-15.18081],[-73.52906,-15.1802],[-73.52888,-15.17897],[-73.52886,-15.17877],[-73.52963,-15.17721],[-73.53048,-15.1758],[-73.53055,-15.17581],[-73.53303,-15.17615],[-73.53393,-15.17628],[-73.53409,-15.1763],[-73.53413,-15.17795],[-73.53546,-15.17766],[-73.53624,-15.17655],[-73.53641,-15.17398],[-73.53795,-15.17286],[-73.53967,-15.17071],[-73.53941,-15.16909],[-73.53831,-15.16709],[-73.53898,-15.16606],[-73.53937,-15.16546],[-73.53961,-15.16463],[-73.53911,-15.16351],[-73.53874,-15.16261],[-73.5386,-15.16146],[-73.53798,-15.16064],[-73.53631,-15.16022],[-73.5359,-15.1592],[-73.53513,-15.15826],[-73.53507,-15.15818],[-73.53486,-15.15737],[-73.53508,-15.15635],[-73.5352,-15.15596],[-73.53551,-15.15493],[-73.53555,-15.15481],[-73.53594,-15.15351],[-73.53681,-15.15295],[-73.53684,-15.15293],[-73.53685,-15.15263],[-73.53686,-15.15225],[-73.5369,-15.15167],[-73.53692,-15.15162],[-73.53708,-15.15117],[-73.53727,-15.15084],[-73.53768,-15.15051],[-73.53894,-15.15005],[-73.53984,-15.14926],[-73.54057,-15.14864],[-73.54199,-15.14761],[-73.54225,-15.14709],[-73.5422,-15.14643],[-73.54188,-15.14576],[-73.54228,-15.14461],[-73.54215,-15.14344],[-73.54208,-15.14278],[-73.54259,-15.14205],[-73.54293,-15.14156],[-73.54282,-15.14106],[-73.54293,-15.14106],[-73.54335,-15.14106],[-73.54397,-15.14127],[-73.54397,-15.14208],[-73.54396,-15.1433],[-73.5448,-15.14351],[-73.54584,-15.14372],[-73.54597,-15.1438],[-73.5464,-15.14409],[-73.54647,-15.14413],[-73.54725,-15.14471],[-73.5473,-15.14474],[-73.54792,-15.14576],[-73.54793,-15.14578],[-73.54875,-15.14719],[-73.54874,-15.14882],[-73.54857,-15.14938],[-73.54714,-15.1496],[-73.54624,-15.14964],[-73.54551,-15.14982],[-73.54523,-15.14999],[-73.54506,-15.15076],[-73.54465,-15.15185],[-73.54398,-15.1525],[-73.54358,-15.15297],[-73.54371,-15.15343],[-73.54459,-15.15366],[-73.54557,-15.15374],[-73.5463,-15.15368],[-73.54746,-15.15347],[-73.54871,-15.15329],[-73.54996,-15.15411],[-73.55014,-15.15424],[-73.55035,-15.15439],[-73.55031,-15.15403],[-73.55048,-15.15327],[-73.55105,-15.15278],[-73.55172,-15.15213],[-73.55224,-15.15061],[-73.55236,-15.14942],[-73.55203,-15.14865],[-73.55119,-15.14816],[-73.55019,-15.14766],[-73.55018,-15.14766],[-73.54918,-15.14678],[-73.54863,-15.14602],[-73.54863,-15.14531],[-73.54903,-15.14461],[-73.54954,-15.14396],[-73.54994,-15.14309],[-73.55022,-15.14282],[-73.55039,-15.14265],[-73.55112,-15.14255],[-73.55224,-15.14272],[-73.55291,-15.14322],[-73.55408,-15.14355],[-73.55436,-15.14339],[-73.55493,-15.14268],[-73.55561,-15.14176],[-73.55579,-15.14116],[-73.55589,-15.14084],[-73.55606,-15.14008],[-73.55613,-15.13845],[-73.55664,-15.13763],[-73.55726,-15.1372],[-73.5578,-15.13718],[-73.55782,-15.13704],[-73.55772,-15.13574],[-73.55756,-15.13481],[-73.55706,-15.1341],[-73.55633,-15.13382],[-73.55555,-15.13387],[-73.55487,-15.13414],[-73.55386,-15.13435],[-73.55325,-15.13429],[-73.55269,-15.13396],[-73.5523,-15.13347],[-73.55225,-15.13249],[-73.55231,-15.13146],[-73.55215,-15.13064],[-73.55176,-15.12998],[-73.55132,-15.12971],[-73.5503,-15.1297],[-73.55008,-15.1297],[-73.54942,-15.12951],[-73.54891,-15.12937],[-73.54813,-15.12876],[-73.54813,-15.12845],[-73.54814,-15.12767],[-73.54859,-15.12686],[-73.54955,-15.1261],[-73.55028,-15.12595],[-73.55033,-15.12594],[-73.55095,-15.1259],[-73.55213,-15.12607],[-73.55325,-15.12607],[-73.55409,-15.1257],[-73.55499,-15.12489],[-73.55539,-15.12397],[-73.55585,-15.12244],[-73.55647,-15.1212],[-73.55716,-15.11946],[-73.5575,-15.11892],[-73.55739,-15.11788],[-73.55718,-15.11747],[-73.55689,-15.1169],[-73.55608,-15.11654],[-73.55578,-15.1164],[-73.55577,-15.1164],[-73.55483,-15.11623],[-73.55371,-15.11606],[-73.55356,-15.1159],[-73.55304,-15.11535],[-73.55288,-15.11464],[-73.55288,-15.11328],[-73.55301,-15.11291],[-73.55233,-15.11275],[-73.55042,-15.11231],[-73.54848,-15.11186],[-73.54281,-15.11183],[-73.53571,-15.11454],[-73.5343,-15.11789],[-73.53283,-15.1214]]]}},{"type":"Feature","properties":{"Name":"Tierras aptas para pastos de calidad agrologica baja limitada por erosion y suelo, asociadas a proteccion con limitaciones por erosion y suelo","description":"<div style='font-family:sans-serif;'><h4>ZEE AYACUCHO - Tierras aptas para pastos de calidad agrologica baja limitada por erosion y suelo, asociadas a proteccion con limitaciones por erosion y suelo</h4><table border='1' cellpadding='4' style='border-collapse:collapse;font-size:12px;'><tr><td><b>ZEECODE:</b></td><td>62</td></tr><tr><td><b>ZEE:</b></td><td>Tierras aptas para pastos de calidad agrologica baja limitada por erosion y suelo, asociadas a proteccion con limitaciones por erosion y suelo</td></tr><tr><td><b>ZEE_ZONAS:</b></td><td>ZONA PARA EL MANEJO DE PASTOS</td></tr><tr><td><b>ZEE_GRANDE:</b></td><td>ZONAS PRODUCTIVAS</td></tr><tr><td><b>AREA:</b></td><td>336197930.076</td></tr><tr><td><b>PERIMETER:</b></td><td>578449.286</td></tr><tr><td><b>HECTARES:</b></td><td>33619.793</td></tr></table></div>"},"geometry":{"type":"Polygon","coordinates":[[[-73.87951,-14.89193],[-73.87935,-14.89241],[-73.87953,-14.89212],[-73.87951,-14.89193]]]}},{"type":"Feature","properties":{"Name":"Tierras aptas para pastos de calidad agrologica baja limitada por erosion,suelo y clima, asociadas a proteccion con limitaciones por erosion y suelo","description":"<div style='font-family:sans-serif;'><h4>ZEE AYACUCHO - Tierras aptas para pastos de calidad agrologica baja limitada por erosion,suelo y clima, asociadas a proteccion con limitaciones por erosion y suelo</h4><table border='1' cellpadding='4' style='border-collapse:collapse;font-size:12px;'><tr><td><b>ZEECODE:</b></td><td>63</td></tr><tr><td><b>ZEE:</b></td><td>Tierras aptas para pastos de calidad agrologica baja limitada por erosion,suelo y clima, asociadas a proteccion con limitaciones por erosion y suelo</td></tr><tr><td><b>ZEE_ZONAS:</b></td><td>ZONA PARA EL MANEJO DE PASTOS</td></tr><tr><td><b>ZEE_GRANDE:</b></td><td>ZONAS PRODUCTIVAS</td></tr><tr><td><b>AREA:</b></td><td>1839787992.782</td></tr><tr><td><b>PERIMETER:</b></td><td>2325540.462</td></tr><tr><td><b>HECTARES:</b></td><td>183978.799</td></tr></table></div>"},"geometry":{"type":"Polygon","coordinates":[[[-73.10717,-15.07206],[-73.10432,-15.07218],[-73.10371,-15.07216],[-73.10303,-15.07213],[-73.1024,-15.07211],[-73.10077,-15.07192],[-73.10035,-15.0719],[-73.09856,-15.07179],[-73.09716,-15.07223],[-73.09425,-15.0732],[-73.09401,-15.07328],[-73.09359,-15.07337],[-73.09291,-15.07353],[-73.09279,-15.07355],[-73.09228,-15.07391],[-73.09191,-15.07417],[-73.09092,-15.07489],[-73.09058,-15.07519],[-73.08998,-15.07573],[-73.08992,-15.07576],[-73.08928,-15.07606],[-73.08908,-15.07606],[-73.08896,-15.07606],[-73.08835,-15.07606],[-73.08743,-15.07526],[-73.08644,-15.07435],[-73.08558,-15.07389],[-73.08499,-15.07388],[-73.08484,-15.07392],[-73.0843,-15.07405],[-73.08412,-15.07423],[-73.08377,-15.07461],[-73.08312,-15.07528],[-73.0823,-15.07606],[-73.08179,-15.07642],[-73.08142,-15.07668],[-73.08119,-15.07676],[-73.08031,-15.07706],[-73.07921,-15.077],[-73.07828,-15.07654],[-73.07737,-15.07591],[-73.07707,-15.07571],[-73.07603,-15.0753],[-73.07527,-15.07524],[-73.07486,-15.07524],[-73.07393,-15.07551],[-73.0734,-15.07607],[-73.07293,-15.07669],[-73.07217,-15.0777],[-73.07111,-15.07871],[-73.07049,-15.0793],[-73.07017,-15.0796],[-73.0696,-15.07984],[-73.06924,-15.07999],[-73.06842,-15.07999],[-73.06755,-15.07964],[-73.06669,-15.07912],[-73.06565,-15.07827],[-73.06484,-15.07764],[-73.06391,-15.07701],[-73.06304,-15.07666],[-73.06147,-15.07665],[-73.06032,-15.07699],[-73.06019,-15.07703],[-73.05949,-15.07765],[-73.05896,-15.07832],[-73.05883,-15.07911],[-73.05883,-15.08007],[-73.05905,-15.08087],[-73.05957,-15.08172],[-73.06027,-15.08397],[-73.0604,-15.08437],[-73.06177,-15.08877],[-73.06245,-15.09105],[-73.0629,-15.09257],[-73.06404,-15.09467],[-73.06557,-15.09728],[-73.06651,-15.09887],[-73.06811,-15.10177],[-73.0697,-15.10624],[-73.07148,-15.10894],[-73.07204,-15.11047],[-73.07284,-15.11218],[-73.07376,-15.1136],[-73.07439,-15.11456],[-73.07549,-15.11514],[-73.07665,-15.11543],[-73.07915,-15.11556],[-73.08368,-15.11634],[-73.08699,-15.11744],[-73.09135,-15.1181],[-73.09259,-15.11841],[-73.09442,-15.11886],[-73.0975,-15.11917],[-73.09836,-15.11914],[-73.10052,-15.11907],[-73.10358,-15.11855],[-73.1042,-15.11845],[-73.10518,-15.11853],[-73.10541,-15.11855],[-73.10885,-15.11844],[-73.11542,-15.11823],[-73.11937,-15.11878],[-73.12118,-15.11956],[-73.12303,-15.11985],[-73.12517,-15.11987],[-73.12778,-15.11944],[-73.12921,-15.11918],[-73.1304,-15.11896],[-73.13235,-15.11889],[-73.13379,-15.11908],[-73.13672,-15.11936],[-73.13742,-15.11943],[-73.13933,-15.1194],[-73.14031,-15.11882],[-73.14064,-15.11796],[-73.14066,-15.11791],[-73.14074,-15.11763],[-73.14083,-15.11733],[-73.14061,-15.1166],[-73.14026,-15.11619],[-73.13992,-15.11578],[-73.13927,-15.11515],[-73.13867,-15.11442],[-73.13826,-15.1136],[-73.13774,-15.11266],[-73.13753,-15.11228],[-73.13746,-15.11222],[-73.13693,-15.11165],[-73.13628,-15.11101],[-73.1355,-15.11041],[-73.13471,-15.10977],[-73.13407,-15.10905],[-73.13389,-15.10814],[-73.13389,-15.10812],[-73.13389,-15.10737],[-73.13394,-15.10692],[-73.13419,-15.10523],[-73.13462,-15.10428],[-73.13467,-15.10419],[-73.13483,-15.10406],[-73.13509,-15.10385],[-73.13565,-15.10338],[-73.13603,-15.10257],[-73.13608,-15.1019],[-73.13609,-15.10117],[-73.13581,-15.1008],[-73.13567,-15.10063],[-73.13475,-15.1003],[-73.13377,-15.09989],[-73.13341,-15.09925],[-73.13332,-15.09862],[-73.13356,-15.0979],[-73.13394,-15.09704],[-73.13464,-15.0961],[-73.13549,-15.09529],[-73.1361,-15.09475],[-73.13629,-15.09417],[-73.13634,-15.09349],[-73.13612,-15.09197],[-73.13617,-15.09125],[-73.13651,-15.09062],[-73.13686,-15.09032],[-73.13627,-15.08985],[-73.13488,-15.08893],[-73.13325,-15.08886],[-73.13244,-15.08903],[-73.13133,-15.0897],[-73.13056,-15.09025],[-73.12998,-15.09042],[-73.12882,-15.0903],[-73.12842,-15.0899],[-73.12775,-15.0894],[-73.12772,-15.08933],[-73.12635,-15.08638],[-73.12628,-15.08589],[-73.12605,-15.08449],[-73.12575,-15.08256],[-73.12541,-15.08075],[-73.12426,-15.07932],[-73.12364,-15.07762],[-73.12295,-15.07637],[-73.12168,-15.07484],[-73.12018,-15.07403],[-73.11931,-15.07363],[-73.11838,-15.07317],[-73.11705,-15.07265],[-73.11626,-15.07238],[-73.11579,-15.07222],[-73.11554,-15.07213],[-73.11432,-15.0719],[-73.11415,-15.07189],[-73.11391,-15.07189],[-73.11153,-15.07187],[-73.10717,-15.07206]]]}},{"type":"Feature","properties":{"Name":"Tierras aptas para pastos de calidad agrologica baja limitada por suelo, asociadas a proteccion con limitaciones por erosion y suelo","description":"<div style='font-family:sans-serif;'><h4>ZEE AYACUCHO - Tierras aptas para pastos de calidad agrologica baja limitada por suelo, asociadas a proteccion con limitaciones por erosion y suelo</h4><table border='1' cellpadding='4' style='border-collapse:collapse;font-size:12px;'><tr><td><b>ZEECODE:</b></td><td>64</td></tr><tr><td><b>ZEE:</b></td><td>Tierras aptas para pastos de calidad agrologica baja limitada por suelo, asociadas a proteccion con limitaciones por erosion y suelo</td></tr><tr><td><b>ZEE_ZONAS:</b></td><td>ZONA PARA EL MANEJO DE PASTOS</td></tr><tr><td><b>ZEE_GRANDE:</b></td><td>ZONAS PRODUCTIVAS</td></tr><tr><td><b>AREA:</b></td><td>2674999998.837</td></tr><tr><td><b>PERIMETER:</b></td><td>3232030.409</td></tr><tr><td><b>HECTARES:</b></td><td>267500.0</td></tr></table></div>"},"geometry":{"type":"Polygon","coordinates":[[[-73.26272,-15.19033],[-73.2623,-15.19128],[-73.26224,-15.1914],[-73.26195,-15.19188],[-73.26171,-15.19227],[-73.2611,-15.19551],[-73.26019,-15.19678],[-73.25998,-15.1975],[-73.26002,-15.19822],[-73.26039,-15.19883],[-73.26076,-15.19934],[-73.26081,-15.1994],[-73.26143,-15.20002],[-73.26169,-15.20048],[-73.26158,-15.20115],[-73.26089,-15.20206],[-73.26009,-15.20277],[-73.25951,-15.20354],[-73.25908,-15.2044],[-73.25908,-15.20449],[-73.25908,-15.20457],[-73.25912,-15.20584],[-73.25952,-15.20635],[-73.25964,-15.20651],[-73.26074,-15.20682],[-73.26154,-15.20672],[-73.26233,-15.20632],[-73.26339,-15.20572],[-73.26434,-15.20496],[-73.26551,-15.20461],[-73.26564,-15.20469],[-73.26598,-15.20492],[-73.26634,-15.20553],[-73.26634,-15.2062],[-73.2658,-15.20707],[-73.26469,-15.20772],[-73.26358,-15.20843],[-73.2631,-15.20891],[-73.26275,-15.20926],[-73.26287,-15.20966],[-73.26262,-15.20985],[-73.26227,-15.21012],[-73.26108,-15.21051],[-73.2603,-15.21042],[-73.25974,-15.21072],[-73.25953,-15.21092],[-73.25929,-15.21154],[-73.25904,-15.21215],[-73.25893,-15.21306],[-73.25887,-15.21345],[-73.25887,-15.21385],[-73.25916,-15.21418],[-73.25989,-15.21434],[-73.26095,-15.21414],[-73.26188,-15.21355],[-73.26228,-15.21302],[-73.26304,-15.21229],[-73.26307,-15.21226],[-73.26395,-15.21188],[-73.26442,-15.2115],[-73.2653,-15.21097],[-73.26556,-15.21084],[-73.26649,-15.21036],[-73.26744,-15.21022],[-73.26805,-15.20978],[-73.26808,-15.20976],[-73.26811,-15.20974],[-73.26943,-15.20862],[-73.27021,-15.20828],[-73.27024,-15.20825],[-73.27055,-15.20795],[-73.27097,-15.20754],[-73.27245,-15.20627],[-73.27445,-15.2042],[-73.27564,-15.20297],[-73.27676,-15.20175],[-73.27749,-15.20136],[-73.27771,-15.20124],[-73.27961,-15.20116],[-73.28087,-15.20117],[-73.28177,-15.20097],[-73.2823,-15.20041],[-73.28305,-15.19939],[-73.28374,-15.19853],[-73.28496,-15.19767],[-73.2865,-15.19665],[-73.28804,-15.19546],[-73.28925,-15.19511],[-73.29084,-15.19451],[-73.29206,-15.19421],[-73.29268,-15.19406],[-73.29348,-15.19387],[-73.29455,-15.19362],[-73.29738,-15.19297],[-73.29739,-15.19297],[-73.29773,-15.1928],[-73.29839,-15.19247],[-73.29945,-15.19156],[-73.30004,-15.19038],[-73.30013,-15.18969],[-73.30016,-15.18946],[-73.29974,-15.18813],[-73.29851,-15.18778],[-73.29843,-15.1878],[-73.29657,-15.1883],[-73.29514,-15.18865],[-73.2951,-15.18866],[-73.29204,-15.18925],[-73.29104,-15.18968],[-73.29098,-15.1897],[-73.28945,-15.19046],[-73.28865,-15.19117],[-73.28791,-15.19193],[-73.28728,-15.19272],[-73.28711,-15.19295],[-73.28615,-15.19366],[-73.28557,-15.19406],[-73.28462,-15.19446],[-73.28393,-15.19471],[-73.28282,-15.19496],[-73.2815,-15.19516],[-73.28008,-15.1954],[-73.27849,-15.196],[-73.27754,-15.19671],[-73.27674,-15.19717],[-73.27553,-15.19726],[-73.27464,-15.19695],[-73.2738,-15.19602],[-73.27378,-15.19597],[-73.27301,-15.19615],[-73.27185,-15.19541],[-73.27181,-15.194],[-73.27219,-15.19261],[-73.27228,-15.19226],[-73.27113,-15.19102],[-73.26988,-15.19002],[-73.26952,-15.18999],[-73.268,-15.18986],[-73.26741,-15.19021],[-73.26659,-15.1907],[-73.26625,-15.19059],[-73.26617,-15.19057],[-73.26572,-15.19044],[-73.26555,-15.18959],[-73.26607,-15.18869],[-73.26608,-15.18866],[-73.2661,-15.18853],[-73.26618,-15.18781],[-73.26575,-15.18738],[-73.26522,-15.18797],[-73.26473,-15.18817],[-73.2646,-15.18822],[-73.26329,-15.1888],[-73.26302,-15.18899],[-73.26289,-15.18907],[-73.26289,-15.18936],[-73.26279,-15.18996],[-73.26272,-15.19033]]]}},{"type":"Feature","properties":{"Name":"Tierras aptas para pastos de calidad agrologica baja limitada por suelo y clima","description":"<div style='font-family:sans-serif;'><h4>ZEE AYACUCHO - Tierras aptas para pastos de calidad agrologica baja limitada por suelo y clima</h4><table border='1' cellpadding='4' style='border-collapse:collapse;font-size:12px;'><tr><td><b>ZEECODE:</b></td><td>65</td></tr><tr><td><b>ZEE:</b></td><td>Tierras aptas para pastos de calidad agrologica baja limitada por suelo y clima</td></tr><tr><td><b>ZEE_ZONAS:</b></td><td>ZONA PARA EL MANEJO DE PASTOS</td></tr><tr><td><b>ZEE_GRANDE:</b></td><td>ZONAS PRODUCTIVAS</td></tr><tr><td><b>AREA:</b></td><td>69991006.151</td></tr><tr><td><b>PERIMETER:</b></td><td>111613.999</td></tr><tr><td><b>HECTARES:</b></td><td>6999.101</td></tr></table></div>"},"geometry":{"type":"Polygon","coordinates":[[[-73.91733,-13.37702],[-73.91699,-13.37816],[-73.91635,-13.37815],[-73.916,-13.37815],[-73.91566,-13.37864],[-73.91633,-13.37864],[-73.91667,-13.37864],[-73.91749,-13.37865],[-73.91865,-13.3793],[-73.91881,-13.38044],[-73.91881,-13.38135],[-73.9188,-13.38191],[-73.91947,-13.38223],[-73.92013,-13.38142],[-73.92017,-13.38125],[-73.92064,-13.37915],[-73.92098,-13.37801],[-73.92099,-13.37704],[-73.92132,-13.37541],[-73.92133,-13.37411],[-73.92167,-13.37344],[-73.92104,-13.37336],[-73.91997,-13.37323],[-73.91991,-13.37328],[-73.91784,-13.3747],[-73.91723,-13.37523],[-73.91734,-13.37572],[-73.91733,-13.37702]]]}},{"type":"Feature","properties":{"Name":"Tierras aptas para pastos de calidad agrologica baja limitada por suelo, clima y de uso temporal.","description":"<div style='font-family:sans-serif;'><h4>ZEE AYACUCHO - Tierras aptas para pastos de calidad agrologica baja limitada por suelo, clima y de uso temporal.</h4><table border='1' cellpadding='4' style='border-collapse:collapse;font-size:12px;'><tr><td><b>ZEECODE:</b></td><td>66</td></tr><tr><td><b>ZEE:</b></td><td>Tierras aptas para pastos de calidad agrologica baja limitada por suelo, clima y de uso temporal.</td></tr><tr><td><b>ZEE_ZONAS:</b></td><td>ZONA PARA EL MANEJO DE PASTOS</td></tr><tr><td><b>ZEE_GRANDE:</b></td><td>ZONAS PRODUCTIVAS</td></tr><tr><td><b>AREA:</b></td><td>222428637.195</td></tr><tr><td><b>PERIMETER:</b></td><td>498985.658</td></tr><tr><td><b>HECTARES:</b></td><td>22242.864</td></tr></table></div>"},"geometry":{"type":"Polygon","coordinates":[[[-73.48822,-15.35807],[-73.48849,-15.35857],[-73.48856,-15.35865],[-73.48859,-15.35868],[-73.48945,-15.35959],[-73.48975,-15.36007],[-73.48977,-15.36016],[-73.48982,-15.36037],[-73.48991,-15.36074],[-73.48982,-15.36144],[-73.48959,-15.36194],[-73.48929,-15.36231],[-73.48858,-15.36284],[-73.48825,-15.36297],[-73.48822,-15.36298],[-73.48784,-15.36313],[-73.48755,-15.3632],[-73.48782,-15.36417],[-73.48785,-15.36455],[-73.48793,-15.36561],[-73.48756,-15.36597],[-73.48682,-15.36667],[-73.48592,-15.36702],[-73.48558,-15.36714],[-73.48517,-15.36758],[-73.48447,-15.36833],[-73.48348,-15.36928],[-73.48322,-15.3696],[-73.4831,-15.36975],[-73.48292,-15.37019],[-73.48285,-15.37035],[-73.48223,-15.37082],[-73.48149,-15.37106],[-73.48099,-15.37115],[-73.48026,-15.37129],[-73.47988,-15.37136],[-73.47966,-15.37141],[-73.47854,-15.37163],[-73.47743,-15.37163],[-73.47632,-15.3721],[-73.4768,-15.37341],[-73.47729,-15.37437],[-73.47641,-15.3742],[-73.47636,-15.37419],[-73.47644,-15.37435],[-73.47678,-15.37496],[-73.47685,-15.37508],[-73.47809,-15.37569],[-73.47919,-15.37637],[-73.47971,-15.37714],[-73.47974,-15.37718],[-73.47972,-15.37723],[-73.47938,-15.37818],[-73.47896,-15.37872],[-73.47901,-15.37921],[-73.47901,-15.37923],[-73.47909,-15.37931],[-73.47936,-15.37961],[-73.47943,-15.37973],[-73.48115,-15.37967],[-73.48176,-15.37955],[-73.48188,-15.37953],[-73.4825,-15.37959],[-73.48269,-15.37961],[-73.48323,-15.37966],[-73.48338,-15.37968],[-73.48374,-15.37972],[-73.48374,-15.37972],[-73.48374,-15.37972],[-73.48459,-15.37994],[-73.48484,-15.38],[-73.48484,-15.38],[-73.48484,-15.38],[-73.48589,-15.38019],[-73.48592,-15.38022],[-73.48693,-15.38085],[-73.48848,-15.38149],[-73.4894,-15.38187],[-73.48942,-15.38187],[-73.49137,-15.38217],[-73.49173,-15.38223],[-73.49362,-15.38223],[-73.49403,-15.38232],[-73.49559,-15.38267],[-73.50003,-15.38303],[-73.50173,-15.38303],[-73.49993,-15.38236],[-73.49823,-15.38125],[-73.49749,-15.38063],[-73.49699,-15.37964],[-73.49733,-15.37876],[-73.49791,-15.37843],[-73.49876,-15.37783],[-73.50065,-15.37723],[-73.50202,-15.37669],[-73.50276,-15.37631],[-73.50333,-15.37626],[-73.50389,-15.37648],[-73.5044,-15.37693],[-73.50543,-15.37721],[-73.50754,-15.37667],[-73.50862,-15.3761],[-73.50988,-15.37434],[-73.51041,-15.37252],[-73.51021,-15.3718],[-73.51013,-15.37153],[-73.50929,-15.37053],[-73.50889,-15.37041],[-73.50599,-15.36935],[-73.50481,-15.36834],[-73.50367,-15.36756],[-73.50255,-15.3659],[-73.50153,-15.36479],[-73.50148,-15.36391],[-73.50189,-15.36308],[-73.50263,-15.36286],[-73.50376,-15.3632],[-73.5045,-15.36382],[-73.50767,-15.36544],[-73.51067,-15.36739],[-73.51304,-15.37017],[-73.51474,-15.37211],[-73.51604,-15.37295],[-73.51706,-15.37329],[-73.51786,-15.37346],[-73.52178,-15.37343],[-73.52486,-15.37345],[-73.52611,-15.37346],[-73.52782,-15.3733],[-73.52885,-15.37259],[-73.52965,-15.37166],[-73.5304,-15.37056],[-73.52989,-15.36967],[-73.5274,-15.3675],[-73.52605,-15.36617],[-73.52367,-15.36477],[-73.51793,-15.36291],[-73.51458,-15.36151],[-73.51056,-15.35999],[-73.50942,-15.35938],[-73.5089,-15.35863],[-73.50737,-15.35895],[-73.5059,-15.35954],[-73.50475,-15.36],[-73.50236,-15.36003],[-73.5016,-15.36004],[-73.50044,-15.35897],[-73.49928,-15.35803],[-73.49715,-15.35755],[-73.49544,-15.357],[-73.49538,-15.35703],[-73.49502,-15.35722],[-73.4933,-15.35812],[-73.49166,-15.35764],[-73.49008,-15.35683],[-73.48928,-15.35644],[-73.48873,-15.35617],[-73.48832,-15.35688],[-73.48829,-15.35702],[-73.48814,-15.3576],[-73.48822,-15.35807]]]}},{"type":"Feature","properties":{"Name":"Tierras aptas para pastos de calidad agrologica baja limitada por suelo, erosion y clima.","description":"<div style='font-family:sans-serif;'><h4>ZEE AYACUCHO - Tierras aptas para pastos de calidad agrologica baja limitada por suelo, erosion y clima.</h4><table border='1' cellpadding='4' style='border-collapse:collapse;font-size:12px;'><tr><td><b>ZEECODE:</b></td><td>67</td></tr><tr><td><b>ZEE:</b></td><td>Tierras aptas para pastos de calidad agrologica baja limitada por suelo, erosion y clima.</td></tr><tr><td><b>ZEE_ZONAS:</b></td><td>ZONA PARA EL MANEJO DE PASTOS</td></tr><tr><td><b>ZEE_GRANDE:</b></td><td>ZONAS PRODUCTIVAS</td></tr><tr><td><b>AREA:</b></td><td>4124923744.79</td></tr><tr><td><b>PERIMETER:</b></td><td>3375229.064</td></tr><tr><td><b>HECTARES:</b></td><td>412492.374</td></tr></table></div>"},"geometry":{"type":"Polygon","coordinates":[[[-73.41315,-15.3295],[-73.41327,-15.33019],[-73.41333,-15.33052],[-73.41352,-15.33159],[-73.41338,-15.33176],[-73.41327,-15.33188],[-73.41322,-15.33194],[-73.41274,-15.33185],[-73.41255,-15.3318],[-73.4112,-15.33142],[-73.41106,-15.33138],[-73.41062,-15.33125],[-73.40963,-15.33101],[-73.40923,-15.33092],[-73.40849,-15.33074],[-73.40808,-15.33074],[-73.40758,-15.33074],[-73.40758,-15.33074],[-73.40758,-15.33083],[-73.40778,-15.33152],[-73.40787,-15.33204],[-73.40598,-15.33154],[-73.40554,-15.33218],[-73.40553,-15.33281],[-73.40553,-15.33347],[-73.40309,-15.33345],[-73.40282,-15.33445],[-73.40263,-15.33517],[-73.4024,-15.33689],[-73.40252,-15.33714],[-73.40305,-15.33819],[-73.4036,-15.33864],[-73.4042,-15.33913],[-73.40437,-15.33927],[-73.40437,-15.33987],[-73.40437,-15.34017],[-73.40436,-15.341],[-73.40429,-15.34157],[-73.40395,-15.34162],[-73.40326,-15.3417],[-73.40314,-15.34171],[-73.40253,-15.3424],[-73.40258,-15.34269],[-73.40272,-15.34348],[-73.40201,-15.34426],[-73.40144,-15.34444],[-73.40079,-15.34465],[-73.39998,-15.34512],[-73.39975,-15.34526],[-73.39947,-15.34542],[-73.39875,-15.34601],[-73.39824,-15.34617],[-73.39784,-15.3463],[-73.39718,-15.34621],[-73.39622,-15.34609],[-73.3946,-15.34627],[-73.39407,-15.34638],[-73.39369,-15.34646],[-73.39287,-15.34665],[-73.39256,-15.34725],[-73.39246,-15.34744],[-73.39246,-15.34823],[-73.39245,-15.34852],[-73.39255,-15.34911],[-73.39285,-15.3496],[-73.39295,-15.3497],[-73.39325,-15.3499],[-73.38826,-15.35127],[-73.3844,-15.35086],[-73.38438,-15.35086],[-73.3765,-15.35002],[-73.37341,-15.34673],[-73.37223,-15.34547],[-73.36988,-15.34666],[-73.36676,-15.34694],[-73.36271,-15.3454],[-73.361,-15.34523],[-73.36088,-15.3458],[-73.36067,-15.34674],[-73.36237,-15.34963],[-73.36362,-15.35104],[-73.36699,-15.35254],[-73.36748,-15.35298],[-73.36778,-15.35375],[-73.36772,-15.35453],[-73.36731,-15.3562],[-73.36721,-15.35663],[-73.3672,-15.35756],[-73.36773,-15.35834],[-73.36779,-15.35843],[-73.36863,-15.35917],[-73.36923,-15.36004],[-73.36927,-15.36101],[-73.36901,-15.36179],[-73.36856,-15.36237],[-73.36686,-15.3626],[-73.36601,-15.36244],[-73.36587,-15.36241],[-73.36587,-15.36241],[-73.36586,-15.36241],[-73.36421,-15.36204],[-73.36337,-15.36184],[-73.36221,-15.36217],[-73.36171,-15.36256],[-73.36075,-15.36469],[-73.35939,-15.36608],[-73.35858,-15.36675],[-73.35753,-15.36684],[-73.35683,-15.36679],[-73.35599,-15.3662],[-73.35529,-15.366],[-73.35424,-15.36599],[-73.35349,-15.36643],[-73.35263,-15.36705],[-73.35172,-15.36796],[-73.35097,-15.36844],[-73.34947,-15.36875],[-73.34902,-15.36865],[-73.34842,-15.3683],[-73.34787,-15.36815],[-73.34712,-15.36829],[-73.34627,-15.36863],[-73.34542,-15.3693],[-73.34491,-15.37012],[-73.34473,-15.37063],[-73.34455,-15.37114],[-73.34454,-15.3722],[-73.34454,-15.37312],[-73.34513,-15.37395],[-73.34691,-15.37576],[-73.34706,-15.3758],[-73.34761,-15.37596],[-73.34921,-15.37677],[-73.34985,-15.37726],[-73.35054,-15.37809],[-73.35134,-15.37882],[-73.35188,-15.37989],[-73.35222,-15.38072],[-73.35262,-15.38155],[-73.35332,-15.3817],[-73.35477,-15.38166],[-73.35577,-15.38138],[-73.35716,-15.38163],[-73.35771,-15.38207],[-73.35771,-15.38208],[-73.358,-15.3828],[-73.3578,-15.38367],[-73.35694,-15.38449],[-73.35484,-15.38501],[-73.35209,-15.38499],[-73.34909,-15.38506],[-73.34714,-15.38568],[-73.34568,-15.38635],[-73.34482,-15.3876],[-73.34396,-15.38861],[-73.34321,-15.38967],[-73.3427,-15.39016],[-73.3419,-15.39044],[-73.3412,-15.39044],[-73.34055,-15.38999],[-73.34001,-15.38926],[-73.33952,-15.38839],[-73.33902,-15.3877],[-73.33874,-15.3876],[-73.33873,-15.38817],[-73.33758,-15.38888],[-73.33666,-15.38946],[-73.33666,-15.38982],[-73.33665,-15.39103],[-73.33649,-15.39219],[-73.33593,-15.39282],[-73.33528,-15.39296],[-73.33438,-15.39281],[-73.33344,-15.39275],[-73.33239,-15.39275],[-73.33118,-15.39295],[-73.33078,-15.39305],[-73.32993,-15.39367],[-73.32937,-15.3943],[-73.32917,-15.39498],[-73.32931,-15.3959],[-73.32991,-15.39648],[-73.33065,-15.39678],[-73.33155,-15.39713],[-73.3323,-15.39752],[-73.33314,-15.39806],[-73.33344,-15.39855],[-73.33337,-15.40044],[-73.3332,-15.40093],[-73.33271,-15.40237],[-73.33258,-15.4032],[-73.33259,-15.40321],[-73.33241,-15.40333],[-73.33249,-15.40336],[-73.33418,-15.40437],[-73.33428,-15.40443],[-73.33547,-15.40486],[-73.33628,-15.40515],[-73.33653,-15.405],[-73.33675,-15.40488],[-73.3372,-15.40462],[-73.33807,-15.40413],[-73.33951,-15.40305],[-73.33958,-15.40299],[-73.34073,-15.40213],[-73.3414,-15.40124],[-73.34158,-15.40099],[-73.34212,-15.40029],[-73.34299,-15.39895],[-73.34362,-15.39795],[-73.34363,-15.39794],[-73.34396,-15.39742],[-73.34495,-15.39643],[-73.34544,-15.39593],[-73.34749,-15.39445],[-73.34769,-15.39437],[-73.34832,-15.39411],[-73.34834,-15.3941],[-73.34947,-15.39365],[-73.35077,-15.39312],[-73.35102,-15.39299],[-73.35171,-15.39263],[-73.35242,-15.39226],[-73.35321,-15.39185],[-73.35322,-15.39184],[-73.35323,-15.39184],[-73.35413,-15.39118],[-73.35414,-15.39117],[-73.35517,-15.39046],[-73.35547,-15.3903],[-73.3559,-15.39008],[-73.35676,-15.38964],[-73.35729,-15.38941],[-73.35783,-15.38917],[-73.35859,-15.38885],[-73.35921,-15.38858],[-73.3597,-15.38837],[-73.36105,-15.38792],[-73.3616,-15.38783],[-73.36239,-15.3877],[-73.36244,-15.38769],[-73.36298,-15.38759],[-73.36305,-15.38759],[-73.36361,-15.38753],[-73.36364,-15.38753],[-73.36389,-15.3875],[-73.36391,-15.3875],[-73.36421,-15.38747],[-73.36597,-15.38743],[-73.36728,-15.38755],[-73.36908,-15.38825],[-73.36923,-15.38835],[-73.36997,-15.38885],[-73.37072,-15.38936],[-73.3708,-15.38941],[-73.37096,-15.38951],[-73.37174,-15.39001],[-73.37193,-15.39007],[-73.37269,-15.3903],[-73.37303,-15.39046],[-73.37363,-15.39075],[-73.37411,-15.39098],[-73.37415,-15.391],[-73.3755,-15.39164],[-73.37596,-15.39185],[-73.3761,-15.39189],[-73.3785,-15.39253],[-73.37875,-15.39259],[-73.38032,-15.39322],[-73.38177,-15.3938],[-73.38194,-15.39395],[-73.38199,-15.39399],[-73.38281,-15.39469],[-73.38371,-15.39547],[-73.38417,-15.39586],[-73.38421,-15.39589],[-73.38552,-15.39691],[-73.38622,-15.39744],[-73.38624,-15.39746],[-73.38651,-15.39766],[-73.38651,-15.39766],[-73.38655,-15.3977],[-73.38751,-15.39843],[-73.38821,-15.39897],[-73.38899,-15.39909],[-73.39008,-15.39926],[-73.39008,-15.39926],[-73.39058,-15.39921],[-73.39083,-15.39918],[-73.39124,-15.39914],[-73.39217,-15.39874],[-73.39286,-15.39787],[-73.39402,-15.3967],[-73.39472,-15.39624],[-73.39488,-15.39613],[-73.39524,-15.39589],[-73.39527,-15.39588],[-73.39528,-15.39587],[-73.39728,-15.3949],[-73.39741,-15.39484],[-73.39784,-15.39461],[-73.39817,-15.39444],[-73.39873,-15.39415],[-73.39955,-15.39376],[-73.40163,-15.39275],[-73.40186,-15.39258],[-73.40208,-15.39242],[-73.4021,-15.3924],[-73.40227,-15.39227],[-73.40331,-15.39148],[-73.4038,-15.3908],[-73.40382,-15.39078],[-73.40477,-15.38947],[-73.40484,-15.38937],[-73.40495,-15.38922],[-73.405,-15.38915],[-73.40505,-15.38909],[-73.40583,-15.38815],[-73.4061,-15.38782],[-73.40709,-15.38639],[-73.40715,-15.38631],[-73.4072,-15.38622],[-73.40783,-15.3852],[-73.40816,-15.38487],[-73.40849,-15.38454],[-73.40876,-15.38405],[-73.40883,-15.38397],[-73.40897,-15.38378],[-73.40945,-15.38315],[-73.40977,-15.38284],[-73.40978,-15.38283],[-73.41006,-15.3827],[-73.41052,-15.38246],[-73.41153,-15.38191],[-73.41281,-15.38008],[-73.41395,-15.37937],[-73.41419,-15.37921],[-73.4144,-15.37901],[-73.41561,-15.37786],[-73.41604,-15.37718],[-73.41637,-15.37665],[-73.41652,-15.37628],[-73.41658,-15.37613],[-73.41685,-15.37582],[-73.41717,-15.37575],[-73.41744,-15.3761],[-73.41753,-15.37707],[-73.41762,-15.37777],[-73.41764,-15.37791],[-73.41765,-15.37795],[-73.41769,-15.37804],[-73.41778,-15.37828],[-73.41792,-15.37867],[-73.41795,-15.37876],[-73.41801,-15.37878],[-73.4188,-15.37913],[-73.41978,-15.37956],[-73.4199,-15.37961],[-73.42001,-15.37965],[-73.42112,-15.38002],[-73.42244,-15.37992],[-73.42291,-15.37971],[-73.42304,-15.37965],[-73.42349,-15.37944],[-73.42476,-15.37859],[-73.42481,-15.37855],[-73.42666,-15.37786],[-73.42666,-15.37786],[-73.42666,-15.37786],[-73.42729,-15.37783],[-73.42738,-15.37782],[-73.4275,-15.37781],[-73.4276,-15.37781],[-73.42763,-15.37783],[-73.42836,-15.37851],[-73.42845,-15.3786],[-73.42972,-15.37923],[-73.42986,-15.37921],[-73.43035,-15.37913],[-73.43057,-15.37883],[-73.43067,-15.37869],[-73.43087,-15.37842],[-73.43093,-15.37834],[-73.43119,-15.37744],[-73.43123,-15.37728],[-73.43149,-15.37636],[-73.43156,-15.37612],[-73.43188,-15.37524],[-73.43204,-15.3748],[-73.43204,-15.37479],[-73.43205,-15.37472],[-73.43207,-15.37457],[-73.43207,-15.37454],[-73.43208,-15.37451],[-73.43219,-15.37364],[-73.43153,-15.37246],[-73.43146,-15.37232],[-73.43093,-15.37127],[-73.43068,-15.37107],[-73.43013,-15.37061],[-73.42945,-15.37006],[-73.42776,-15.36827],[-73.42751,-15.36714],[-73.42741,-15.36668],[-73.42738,-15.36661],[-73.427,-15.3655],[-73.42681,-15.36475],[-73.42675,-15.36452],[-73.42673,-15.36442],[-73.42685,-15.36397],[-73.42693,-15.36365],[-73.427,-15.36351],[-73.42704,-15.3634],[-73.4271,-15.36327],[-73.42713,-15.36321],[-73.42729,-15.36299],[-73.42744,-15.3628],[-73.42747,-15.36274],[-73.4275,-15.36268],[-73.42753,-15.3626],[-73.42781,-15.36203],[-73.428,-15.36166],[-73.42815,-15.36139],[-73.42842,-15.36109],[-73.42849,-15.36102],[-73.42855,-15.36095],[-73.42919,-15.36044],[-73.42927,-15.36039],[-73.42982,-15.36002],[-73.42982,-15.36002],[-73.42984,-15.36001],[-73.43011,-15.35983],[-73.4305,-15.35964],[-73.43058,-15.3596],[-73.43062,-15.35959],[-73.43088,-15.35946],[-73.43156,-15.35936],[-73.43161,-15.35936],[-73.4321,-15.35936],[-73.43242,-15.35935],[-73.43301,-15.35933],[-73.43326,-15.35935],[-73.43351,-15.35938],[-73.43402,-15.35943],[-73.43413,-15.35941],[-73.43452,-15.35936],[-73.43544,-15.35882],[-73.43587,-15.35831],[-73.4366,-15.35751],[-73.43673,-15.35737],[-73.43679,-15.3573],[-73.43697,-15.35709],[-73.43765,-15.35632],[-73.43805,-15.3562],[-73.43876,-15.35598],[-73.43901,-15.35591],[-73.43904,-15.3559],[-73.43961,-15.35573],[-73.43988,-15.35571],[-73.4406,-15.35568],[-73.44105,-15.35572],[-73.4411,-15.35572],[-73.44114,-15.35573],[-73.44163,-15.35577],[-73.44232,-15.35481],[-73.44253,-15.3548],[-73.4433,-15.35445],[-73.44379,-15.35422],[-73.44464,-15.35331],[-73.44465,-15.3533],[-73.44565,-15.3521],[-73.44593,-15.35168],[-73.44678,-15.35039],[-73.44686,-15.35027],[-73.44742,-15.34974],[-73.44806,-15.34913],[-73.44812,-15.34907],[-73.44867,-15.34888],[-73.44944,-15.34876],[-73.45092,-15.34853],[-73.45172,-15.34873],[-73.45377,-15.34903],[-73.45476,-15.34962],[-73.45546,-15.35004],[-73.45566,-15.35016],[-73.45626,-15.3502],[-73.45646,-15.35021],[-73.45731,-15.34983],[-73.45767,-15.34949],[-73.45807,-15.34911],[-73.45867,-15.34824],[-73.45874,-15.34815],[-73.45905,-15.34775],[-73.45923,-15.34752],[-73.45923,-15.34752],[-73.45988,-15.34665],[-73.45996,-15.3463],[-73.46019,-15.34515],[-73.46006,-15.34326],[-73.45967,-15.3417],[-73.45922,-15.34112],[-73.45863,-15.34058],[-73.45844,-15.34039],[-73.45823,-15.34019],[-73.45775,-15.34018],[-73.45713,-15.34018],[-73.45538,-15.34065],[-73.45407,-15.34152],[-73.45162,-15.34276],[-73.44991,-15.34362],[-73.4467,-15.34472],[-73.44625,-15.34492],[-73.44625,-15.34492],[-73.44595,-15.34505],[-73.4447,-15.34582],[-73.44125,-15.34642],[-73.44056,-15.34642],[-73.44045,-15.34642],[-73.4395,-15.34627],[-73.4384,-15.34558],[-73.43751,-15.34494],[-73.43666,-15.34426],[-73.43597,-15.34362],[-73.43562,-15.34313],[-73.43548,-15.34178],[-73.4352,-15.3394],[-73.43467,-15.33721],[-73.43466,-15.33719],[-73.43461,-15.33703],[-73.43437,-15.33634],[-73.43319,-15.33475],[-73.43294,-15.33412],[-73.43295,-15.3332],[-73.4334,-15.33233],[-73.43371,-15.33156],[-73.43372,-15.32995],[-73.43338,-15.32918],[-73.43278,-15.32854],[-73.43264,-15.32849],[-73.43185,-15.32823],[-73.43159,-15.32815],[-73.43028,-15.32848],[-73.42938,-15.3291],[-73.42808,-15.32992],[-73.42788,-15.32997],[-73.42647,-15.32917],[-73.42324,-15.32736],[-73.42063,-15.32694],[-73.41822,-15.32655],[-73.41732,-15.32641],[-73.415,-15.32412],[-73.41063,-15.32409],[-73.40741,-15.32365],[-73.40693,-15.32358],[-73.40693,-15.32401],[-73.40784,-15.32451],[-73.40804,-15.32462],[-73.40892,-15.3251],[-73.40963,-15.32616],[-73.40979,-15.3264],[-73.41036,-15.32668],[-73.41065,-15.32682],[-73.41077,-15.32688],[-73.41245,-15.32771],[-73.41246,-15.32775],[-73.4131,-15.32922],[-73.41315,-15.3295]]]}},{"type":"Feature","properties":{"Name":"Tierras aptas para pastos de calidad agrologica baja limitada por suelo, erosion, clima y de uso temporal","description":"<div style='font-family:sans-serif;'><h4>ZEE AYACUCHO - Tierras aptas para pastos de calidad agrologica baja limitada por suelo, erosion, clima y de uso temporal</h4><table border='1' cellpadding='4' style='border-collapse:collapse;font-size:12px;'><tr><td><b>ZEECODE:</b></td><td>68</td></tr><tr><td><b>ZEE:</b></td><td>Tierras aptas para pastos de calidad agrologica baja limitada por suelo, erosion, clima y de uso temporal</td></tr><tr><td><b>ZEE_ZONAS:</b></td><td>ZONA PARA EL MANEJO DE PASTOS</td></tr><tr><td><b>ZEE_GRANDE:</b></td><td>ZONAS PRODUCTIVAS</td></tr><tr><td><b>AREA:</b></td><td>361024210.373</td></tr><tr><td><b>PERIMETER:</b></td><td>461499.674</td></tr><tr><td><b>HECTARES:</b></td><td>36102.421</td></tr></table></div>"},"geometry":{"type":"Polygon","coordinates":[[[-73.28382,-15.37844],[-73.28376,-15.37917],[-73.28369,-15.37989],[-73.28369,-15.37995],[-73.28365,-15.38038],[-73.28365,-15.38039],[-73.28365,-15.38039],[-73.28365,-15.38039],[-73.28356,-15.38135],[-73.28346,-15.38178],[-73.28346,-15.38178],[-73.28346,-15.38178],[-73.28342,-15.38194],[-73.28317,-15.38246],[-73.28308,-15.38259],[-73.28273,-15.38313],[-73.28221,-15.38357],[-73.28198,-15.38377],[-73.28185,-15.38388],[-73.28158,-15.38412],[-73.28131,-15.38444],[-73.28134,-15.38522],[-73.28141,-15.38565],[-73.28148,-15.38609],[-73.28134,-15.38695],[-73.28132,-15.38705],[-73.28118,-15.3875],[-73.28106,-15.38787],[-73.28057,-15.38903],[-73.2805,-15.38914],[-73.28039,-15.38931],[-73.28031,-15.38945],[-73.27982,-15.39025],[-73.27911,-15.39108],[-73.27859,-15.39144],[-73.27851,-15.39148],[-73.27776,-15.39178],[-73.27652,-15.39205],[-73.27635,-15.39209],[-73.27618,-15.39213],[-73.27547,-15.39247],[-73.2748,-15.39295],[-73.27517,-15.39323],[-73.27518,-15.39323],[-73.27525,-15.39328],[-73.27536,-15.39336],[-73.27593,-15.39377],[-73.27613,-15.39389],[-73.27615,-15.3939],[-73.2767,-15.39424],[-73.27728,-15.39459],[-73.27755,-15.39469],[-73.27778,-15.39479],[-73.27841,-15.39505],[-73.27921,-15.39521],[-73.28036,-15.39544],[-73.28037,-15.39544],[-73.28146,-15.39566],[-73.28207,-15.39574],[-73.28237,-15.39579],[-73.28262,-15.39582],[-73.28371,-15.39598],[-73.28375,-15.39598],[-73.28553,-15.39598],[-73.28562,-15.39598],[-73.2866,-15.39593],[-73.28721,-15.39591],[-73.28741,-15.3959],[-73.28745,-15.3959],[-73.2876,-15.39589],[-73.28824,-15.39557],[-73.28844,-15.39547],[-73.28918,-15.39462],[-73.28995,-15.39379],[-73.29008,-15.39366],[-73.29026,-15.39345],[-73.29068,-15.39314],[-73.29068,-15.39314],[-73.29096,-15.39294],[-73.2911,-15.3929],[-73.29232,-15.39252],[-73.29243,-15.39251],[-73.29293,-15.39247],[-73.29367,-15.3924],[-73.29453,-15.39233],[-73.29478,-15.39236],[-73.295,-15.39238],[-73.2963,-15.39252],[-73.29779,-15.39284],[-73.298,-15.39288],[-73.29803,-15.39289],[-73.2981,-15.39292],[-73.29919,-15.39346],[-73.2992,-15.39346],[-73.30024,-15.39397],[-73.30159,-15.39445],[-73.30235,-15.39472],[-73.3027,-15.39471],[-73.30311,-15.3947],[-73.30321,-15.39469],[-73.30382,-15.39468],[-73.30385,-15.39468],[-73.30399,-15.39467],[-73.30534,-15.39505],[-73.30565,-15.39516],[-73.30608,-15.39532],[-73.30638,-15.39543],[-73.30661,-15.39551],[-73.30731,-15.39608],[-73.30777,-15.3965],[-73.30789,-15.39662],[-73.30863,-15.39731],[-73.30872,-15.39739],[-73.30932,-15.3979],[-73.30966,-15.39819],[-73.30998,-15.39847],[-73.31006,-15.39852],[-73.3101,-15.39855],[-73.31012,-15.39856],[-73.31028,-15.39867],[-73.3103,-15.39869],[-73.31086,-15.39907],[-73.31106,-15.39921],[-73.31232,-15.39988],[-73.31264,-15.40005],[-73.31264,-15.40005],[-73.31265,-15.40005],[-73.31385,-15.40025],[-73.31638,-15.40066],[-73.31657,-15.40069],[-73.31862,-15.40069],[-73.31925,-15.40078],[-73.31962,-15.40083],[-73.32033,-15.40092],[-73.32092,-15.401],[-73.32258,-15.40158],[-73.32327,-15.40182],[-73.32378,-15.40197],[-73.32365,-15.40181],[-73.32367,-15.40182],[-73.32276,-15.39983],[-73.32176,-15.39439],[-73.32172,-15.39422],[-73.32142,-15.39257],[-73.32161,-15.39181],[-73.32224,-15.38935],[-73.32262,-15.38783],[-73.32594,-15.38636],[-73.32564,-15.38527],[-73.32608,-15.38507],[-73.32736,-15.38449],[-73.32782,-15.38281],[-73.32783,-15.38277],[-73.32777,-15.38209],[-73.326,-15.38125],[-73.32513,-15.3804],[-73.32471,-15.37913],[-73.32437,-15.37847],[-73.32428,-15.37828],[-73.32412,-15.37795],[-73.32285,-15.37801],[-73.3228,-15.37801],[-73.32262,-15.37797],[-73.32109,-15.37761],[-73.32083,-15.37745],[-73.32018,-15.37705],[-73.31855,-15.3773],[-73.31657,-15.37775],[-73.31477,-15.37803],[-73.31403,-15.37765],[-73.31298,-15.37781],[-73.31271,-15.37781],[-73.31162,-15.37788],[-73.31104,-15.37699],[-73.31092,-15.37681],[-73.31061,-15.37639],[-73.31023,-15.37587],[-73.30962,-15.37566],[-73.30956,-15.37567],[-73.30803,-15.37611],[-73.30698,-15.3761],[-73.3068,-15.3756],[-73.30672,-15.37538],[-73.30589,-15.3755],[-73.30453,-15.37583],[-73.30339,-15.37557],[-73.3022,-15.37568],[-73.30115,-15.37568],[-73.29992,-15.3755],[-73.29947,-15.37547],[-73.29821,-15.3754],[-73.29707,-15.37539],[-73.29617,-15.37517],[-73.29615,-15.37517],[-73.29614,-15.37516],[-73.29586,-15.37495],[-73.29582,-15.37507],[-73.29513,-15.37571],[-73.29512,-15.37578],[-73.29479,-15.37716],[-73.29417,-15.37822],[-73.29254,-15.379],[-73.29086,-15.37909],[-73.28893,-15.37904],[-73.28778,-15.37872],[-73.28767,-15.37869],[-73.28535,-15.37853],[-73.28533,-15.37853],[-73.28563,-15.37733],[-73.28565,-15.37728],[-73.28595,-15.37677],[-73.28647,-15.37635],[-73.28737,-15.37559],[-73.28781,-15.37494],[-73.28814,-15.37445],[-73.28805,-15.37443],[-73.28781,-15.37438],[-73.28727,-15.37428],[-73.2866,-15.37468],[-73.28627,-15.37535],[-73.28625,-15.37539],[-73.28621,-15.37548],[-73.286,-15.37578],[-73.28515,-15.3764],[-73.28503,-15.37649],[-73.28476,-15.37668],[-73.28421,-15.37734],[-73.28397,-15.37785],[-73.28382,-15.37844]]]}},{"type":"Feature","properties":{"Name":"Zona de potencial turistico y valor muy alto en area urbana","description":"<div style='font-family:sans-serif;'><h4>ZEE AYACUCHO - Zona de potencial turistico y valor muy alto en area urbana</h4><table border='1' cellpadding='4' style='border-collapse:collapse;font-size:12px;'><tr><td><b>ZEECODE:</b></td><td>69</td></tr><tr><td><b>ZEE:</b></td><td>Zona de potencial turistico y valor muy alto en area urbana</td></tr><tr><td><b>ZEE_ZONAS:</b></td><td>ZONA CON POTENCIAL TURISTICO</td></tr><tr><td><b>ZEE_GRANDE:</b></td><td>ZONAS PRODUCTIVAS</td></tr><tr><td><b>AREA:</b></td><td>53441534.66</td></tr><tr><td><b>PERIMETER:</b></td><td>603006.323</td></tr><tr><td><b>HECTARES:</b></td><td>5344.153</td></tr></table></div>"},"geometry":{"type":"Polygon","coordinates":[[[-73.74797,-14.71885],[-73.74837,-14.71907],[-73.74864,-14.71933],[-73.74873,-14.7196],[-73.74841,-14.72007],[-73.74819,-14.72059],[-73.74796,-14.72129],[-73.748,-14.72163],[-73.74831,-14.72177],[-73.74876,-14.72177],[-73.74912,-14.72173],[-73.74943,-14.72125],[-73.74961,-14.72069],[-73.74997,-14.72038],[-73.75046,-14.72034],[-73.75091,-14.72039],[-73.75113,-14.72026],[-73.7514,-14.71978],[-73.75172,-14.71944],[-73.75203,-14.71914],[-73.75208,-14.71909],[-73.75236,-14.7187],[-73.7522,-14.71872],[-73.75061,-14.71888],[-73.74836,-14.7179],[-73.74837,-14.71782],[-73.74811,-14.71768],[-73.74784,-14.71756],[-73.74771,-14.71751],[-73.74727,-14.71759],[-73.74709,-14.71794],[-73.74708,-14.71824],[-73.74732,-14.71844],[-73.74735,-14.71846],[-73.74762,-14.71863],[-73.74797,-14.71885]]]}},{"type":"Feature","properties":{"Name":"Zona de proteccion asociado a potencial turistico","description":"<div style='font-family:sans-serif;'><h4>ZEE AYACUCHO - Zona de proteccion asociado a potencial turistico</h4><table border='1' cellpadding='4' style='border-collapse:collapse;font-size:12px;'><tr><td><b>ZEECODE:</b></td><td>70</td></tr><tr><td><b>ZEE:</b></td><td>Zona de proteccion asociado a potencial turistico</td></tr><tr><td><b>ZEE_ZONAS:</b></td><td>ZONA CON POTENCIAL TURISTICO</td></tr><tr><td><b>ZEE_GRANDE:</b></td><td>ZONAS PRODUCTIVAS</td></tr><tr><td><b>AREA:</b></td><td>7641742.278</td></tr><tr><td><b>PERIMETER:</b></td><td>17858.956</td></tr><tr><td><b>HECTARES:</b></td><td>764.174</td></tr></table></div>"},"geometry":{"type":"Polygon","coordinates":[[[-74.05961,-14.58885],[-74.05897,-14.59113],[-74.05893,-14.59159],[-74.05875,-14.59348],[-74.05895,-14.59584],[-74.05957,-14.59812],[-74.06059,-14.60027],[-74.06197,-14.60221],[-74.06368,-14.60389],[-74.06478,-14.60465],[-74.06535,-14.60504],[-74.06566,-14.60525],[-74.06786,-14.60626],[-74.0697,-14.60675],[-74.0702,-14.60688],[-74.07161,-14.60701],[-74.07262,-14.6071],[-74.07504,-14.6069],[-74.0755,-14.60678],[-74.07738,-14.6063],[-74.07959,-14.60531],[-74.08101,-14.60435],[-74.08023,-14.60298],[-74.07984,-14.60187],[-74.07973,-14.60088],[-74.07979,-14.60029],[-74.07983,-14.5999],[-74.08,-14.59925],[-74.08121,-14.59648],[-74.08206,-14.59392],[-74.08271,-14.59271],[-74.08347,-14.59189],[-74.08415,-14.59149],[-74.08444,-14.59132],[-74.08529,-14.59116],[-74.08575,-14.59121],[-74.08583,-14.59122],[-74.08641,-14.59143],[-74.08642,-14.59144],[-74.0864,-14.59124],[-74.08578,-14.58895],[-74.08476,-14.58681],[-74.08338,-14.58486],[-74.08167,-14.58319],[-74.07969,-14.58182],[-74.07912,-14.58156],[-74.07842,-14.58124],[-74.07749,-14.58081],[-74.07735,-14.58078],[-74.07515,-14.58019],[-74.07375,-14.58007],[-74.07273,-14.57998],[-74.07031,-14.58017],[-74.06797,-14.58078],[-74.06576,-14.58177],[-74.06458,-14.58257],[-74.06446,-14.58265],[-74.06377,-14.58311],[-74.06205,-14.58478],[-74.06064,-14.58671],[-74.05961,-14.58885]]]}},{"type":"Feature","properties":{"Name":"Zona con potencial turistico y valor alto en area urbana asociado a corredor turistico","description":"<div style='font-family:sans-serif;'><h4>ZEE AYACUCHO - Zona con potencial turistico y valor alto en area urbana asociado a corredor turistico</h4><table border='1' cellpadding='4' style='border-collapse:collapse;font-size:12px;'><tr><td><b>ZEECODE:</b></td><td>71</td></tr><tr><td><b>ZEE:</b></td><td>Zona con potencial turistico y valor alto en area urbana asociado a corredor turistico</td></tr><tr><td><b>ZEE_ZONAS:</b></td><td>ZONA CON POTENCIAL TURISTICO</td></tr><tr><td><b>ZEE_GRANDE:</b></td><td>ZONAS PRODUCTIVAS</td></tr><tr><td><b>AREA:</b></td><td>341456.423</td></tr><tr><td><b>PERIMETER:</b></td><td>7676.944</td></tr><tr><td><b>HECTARES:</b></td><td>34.146</td></tr></table></div>"},"geometry":{"type":"Polygon","coordinates":[[[-74.31007,-14.28917],[-74.31022,-14.28919],[-74.31036,-14.28917],[-74.3105,-14.28913],[-74.31064,-14.28907],[-74.31078,-14.289],[-74.31091,-14.28892],[-74.31092,-14.28891],[-74.31107,-14.28882],[-74.31135,-14.28863],[-74.3116,-14.28844],[-74.31167,-14.28798],[-74.31196,-14.28672],[-74.31343,-14.28291],[-74.31354,-14.28252],[-74.3135,-14.28247],[-74.31339,-14.28237],[-74.31328,-14.28228],[-74.31315,-14.2822],[-74.31301,-14.28212],[-74.31286,-14.28206],[-74.31272,-14.282],[-74.31257,-14.28195],[-74.31241,-14.28192],[-74.31226,-14.2819],[-74.31211,-14.2819],[-74.31195,-14.28192],[-74.31179,-14.28197],[-74.31162,-14.28204],[-74.31147,-14.28212],[-74.31131,-14.28221],[-74.31119,-14.28228],[-74.3111,-14.28257],[-74.31096,-14.28297],[-74.31076,-14.28366],[-74.31048,-14.28443],[-74.31013,-14.28508],[-74.30977,-14.28588],[-74.30942,-14.28657],[-74.30918,-14.28729],[-74.30898,-14.2881],[-74.30893,-14.28844],[-74.30901,-14.2885],[-74.30919,-14.28864],[-74.30934,-14.28877],[-74.30949,-14.28887],[-74.30963,-14.28897],[-74.30978,-14.28905],[-74.30992,-14.28912],[-74.31007,-14.28917]]]}},{"type":"Feature","properties":{"Name":"Zona de potencial turistico asociado a corredor turistico","description":"<div style='font-family:sans-serif;'><h4>ZEE AYACUCHO - Zona de potencial turistico asociado a corredor turistico</h4><table border='1' cellpadding='4' style='border-collapse:collapse;font-size:12px;'><tr><td><b>ZEECODE:</b></td><td>72</td></tr><tr><td><b>ZEE:</b></td><td>Zona de potencial turistico asociado a corredor turistico</td></tr><tr><td><b>ZEE_ZONAS:</b></td><td>ZONA CON POTENCIAL TURISTICO</td></tr><tr><td><b>ZEE_GRANDE:</b></td><td>ZONAS PRODUCTIVAS</td></tr><tr><td><b>AREA:</b></td><td>8078600.17</td></tr><tr><td><b>PERIMETER:</b></td><td>29105.484</td></tr><tr><td><b>HECTARES:</b></td><td>807.86</td></tr></table></div>"},"geometry":{"type":"Polygon","coordinates":[[[-74.11574,-14.69068],[-74.11584,-14.69082],[-74.11596,-14.69097],[-74.11608,-14.6911],[-74.1162,-14.69123],[-74.11633,-14.69136],[-74.11647,-14.69148],[-74.11661,-14.6916],[-74.11675,-14.69171],[-74.1166,-14.69194],[-74.11646,-14.69217],[-74.11635,-14.69236],[-74.11623,-14.69257],[-74.11616,-14.69272],[-74.11602,-14.69304],[-74.116,-14.69307],[-74.11596,-14.69317],[-74.1159,-14.69334],[-74.11584,-14.69351],[-74.11579,-14.69368],[-74.11576,-14.69378],[-74.11568,-14.69413],[-74.11565,-14.69429],[-74.1156,-14.69468],[-74.11559,-14.69475],[-74.11558,-14.69489],[-74.11557,-14.69522],[-74.11557,-14.69541],[-74.11557,-14.69552],[-74.11559,-14.69573],[-74.11564,-14.69612],[-74.11566,-14.69624],[-74.11575,-14.69664],[-74.11582,-14.69687],[-74.11595,-14.69723],[-74.11602,-14.69743],[-74.11613,-14.69771],[-74.11623,-14.69796],[-74.11635,-14.69821],[-74.11649,-14.69849],[-74.11662,-14.69873],[-74.11683,-14.69907],[-74.11695,-14.69924],[-74.11707,-14.69941],[-74.11727,-14.69967],[-74.11738,-14.69979],[-74.11748,-14.69991],[-74.11759,-14.70002],[-74.1177,-14.70013],[-74.11782,-14.70024],[-74.11793,-14.70034],[-74.11809,-14.70046],[-74.11823,-14.70057],[-74.11837,-14.70068],[-74.11851,-14.70078],[-74.11866,-14.70087],[-74.11884,-14.70097],[-74.11905,-14.7011],[-74.11942,-14.70127],[-74.1196,-14.70135],[-74.12,-14.70149],[-74.12017,-14.70155],[-74.12035,-14.7016],[-74.12051,-14.70164],[-74.12066,-14.70167],[-74.12082,-14.7017],[-74.12098,-14.70173],[-74.12114,-14.70175],[-74.12129,-14.70176],[-74.12145,-14.70177],[-74.12159,-14.70177],[-74.12176,-14.70178],[-74.12194,-14.70177],[-74.12211,-14.70176],[-74.12229,-14.70175],[-74.12246,-14.70173],[-74.12263,-14.7017],[-74.1228,-14.70167],[-74.12295,-14.70164],[-74.12328,-14.70155],[-74.12348,-14.70149],[-74.12375,-14.7014],[-74.12414,-14.70126],[-74.12444,-14.70114],[-74.12469,-14.70103],[-74.12499,-14.70089],[-74.12521,-14.70077],[-74.12552,-14.70059],[-74.12561,-14.70054],[-74.12587,-14.70036],[-74.12598,-14.70028],[-74.12628,-14.70005],[-74.12643,-14.69992],[-74.12709,-14.69978],[-74.12778,-14.69982],[-74.12781,-14.69982],[-74.12795,-14.69985],[-74.12825,-14.69992],[-74.12835,-14.69994],[-74.1284,-14.70004],[-74.1285,-14.70034],[-74.12865,-14.70068],[-74.12874,-14.70088],[-74.12877,-14.70095],[-74.12895,-14.70128],[-74.12902,-14.7014],[-74.12912,-14.70155],[-74.12922,-14.7017],[-74.12933,-14.70184],[-74.12942,-14.70197],[-74.12957,-14.70215],[-74.12982,-14.70245],[-74.12988,-14.70251],[-74.13012,-14.70276],[-74.1303,-14.70293],[-74.13048,-14.7031],[-74.13065,-14.70324],[-74.13088,-14.70343],[-74.13108,-14.70358],[-74.13139,-14.70379],[-74.13157,-14.70391],[-74.13185,-14.70408],[-74.13204,-14.70418],[-74.13226,-14.70429],[-74.13246,-14.70439],[-74.13257,-14.70444],[-74.13321,-14.70472],[-74.13349,-14.70485],[-74.13366,-14.70492],[-74.13382,-14.70498],[-74.134,-14.70504],[-74.13417,-14.70509],[-74.13434,-14.70514],[-74.13452,-14.70518],[-74.1347,-14.70521],[-74.13488,-14.70523],[-74.13506,-14.70525],[-74.13524,-14.70526],[-74.13542,-14.70526],[-74.1356,-14.70526],[-74.13578,-14.70525],[-74.13596,-14.70523],[-74.13614,-14.70521],[-74.13632,-14.70518],[-74.1365,-14.70514],[-74.13685,-14.70506],[-74.13739,-14.70494],[-74.13773,-14.70484],[-74.13786,-14.7048],[-74.13809,-14.70472],[-74.13836,-14.70462],[-74.13862,-14.7045],[-74.13882,-14.70441],[-74.13893,-14.70435],[-74.13927,-14.70415],[-74.13942,-14.70406],[-74.13976,-14.70382],[-74.13996,-14.70366],[-74.13996,-14.70366],[-74.14089,-14.70174],[-74.14153,-14.69945],[-74.14175,-14.6971],[-74.14155,-14.69474],[-74.14093,-14.69246],[-74.14051,-14.69158],[-74.14045,-14.69167],[-74.14033,-14.69173],[-74.13999,-14.6918],[-74.13941,-14.69167],[-74.13907,-14.6914],[-74.13884,-14.69108],[-74.13877,-14.69069],[-74.13876,-14.69012],[-74.1389,-14.68951],[-74.13903,-14.68942],[-74.13926,-14.6894],[-74.13852,-14.68837],[-74.13681,-14.68669],[-74.13587,-14.68604],[-74.13581,-14.68607],[-74.13573,-14.68613],[-74.13539,-14.68637],[-74.13516,-14.68654],[-74.13485,-14.6868],[-74.13479,-14.68686],[-74.13462,-14.68703],[-74.1345,-14.68714],[-74.13439,-14.68726],[-74.13428,-14.68739],[-74.13417,-14.68752],[-74.13408,-14.68765],[-74.13401,-14.68773],[-74.13384,-14.688],[-74.13371,-14.68822],[-74.13366,-14.68831],[-74.13349,-14.68866],[-74.13344,-14.68876],[-74.13338,-14.68892],[-74.13328,-14.68921],[-74.13323,-14.68935],[-74.1332,-14.68944],[-74.13313,-14.68975],[-74.13312,-14.68977],[-74.13305,-14.6901],[-74.133,-14.69038],[-74.13296,-14.69064],[-74.13296,-14.6907],[-74.13294,-14.69088],[-74.13291,-14.6912],[-74.13289,-14.69136],[-74.13286,-14.69198],[-74.13235,-14.69174],[-74.13204,-14.69161],[-74.13186,-14.69154],[-74.13164,-14.69147],[-74.13146,-14.69141],[-74.13127,-14.69135],[-74.13104,-14.69129],[-74.1307,-14.6912],[-74.13052,-14.69115],[-74.13004,-14.69104],[-74.12984,-14.69099],[-74.12943,-14.69092],[-74.12909,-14.69086],[-74.12873,-14.69082],[-74.12842,-14.6908],[-74.12739,-14.69074],[-74.12716,-14.69074],[-74.12691,-14.69073],[-74.12658,-14.69075],[-74.12651,-14.69075],[-74.12651,-14.69072],[-74.12648,-14.69045],[-74.12646,-14.69029],[-74.12643,-14.69013],[-74.12639,-14.68997],[-74.12636,-14.68981],[-74.12631,-14.68965],[-74.12627,-14.68952],[-74.12618,-14.68925],[-74.12607,-14.68899],[-74.126,-14.68884],[-74.12582,-14.68849],[-74.12545,-14.68782],[-74.12537,-14.68769],[-74.12514,-14.68732],[-74.12502,-14.68713],[-74.12486,-14.6869],[-74.12469,-14.68667],[-74.12477,-14.68647],[-74.12484,-14.68627],[-74.12492,-14.68602],[-74.12498,-14.68578],[-74.12503,-14.68557],[-74.12506,-14.68541],[-74.12511,-14.68505],[-74.12514,-14.68481],[-74.12515,-14.68475],[-74.12516,-14.68458],[-74.12517,-14.68441],[-74.12517,-14.68424],[-74.12517,-14.6841],[-74.12515,-14.68376],[-74.12454,-14.68392],[-74.1231,-14.68429],[-74.12289,-14.68438],[-74.12245,-14.68458],[-74.1209,-14.68528],[-74.12046,-14.68558],[-74.1189,-14.68663],[-74.11718,-14.68829],[-74.11673,-14.68892],[-74.11578,-14.69022],[-74.11563,-14.69053],[-74.11574,-14.69068]]]}},{"type":"Feature","properties":{"Name":"Zona con potencial turistico y valor alto en area urbana","description":"<div style='font-family:sans-serif;'><h4>ZEE AYACUCHO - Zona con potencial turistico y valor alto en area urbana</h4><table border='1' cellpadding='4' style='border-collapse:collapse;font-size:12px;'><tr><td><b>ZEECODE:</b></td><td>73</td></tr><tr><td><b>ZEE:</b></td><td>Zona con potencial turistico y valor alto en area urbana</td></tr><tr><td><b>ZEE_ZONAS:</b></td><td>ZONA CON POTENCIAL TURISTICO</td></tr><tr><td><b>ZEE_GRANDE:</b></td><td>ZONAS PRODUCTIVAS</td></tr><tr><td><b>AREA:</b></td><td>478867.673</td></tr><tr><td><b>PERIMETER:</b></td><td>6084.741</td></tr><tr><td><b>HECTARES:</b></td><td>47.887</td></tr></table></div>"},"geometry":{"type":"Polygon","coordinates":[[[-74.12643,-14.69013],[-74.12646,-14.69029],[-74.12648,-14.69045],[-74.12651,-14.69072],[-74.12651,-14.69075],[-74.12658,-14.69075],[-74.12691,-14.69073],[-74.12716,-14.69074],[-74.12739,-14.69074],[-74.12842,-14.6908],[-74.12873,-14.69082],[-74.12909,-14.69086],[-74.12943,-14.69092],[-74.12984,-14.69099],[-74.13004,-14.69104],[-74.13052,-14.69115],[-74.1307,-14.6912],[-74.13104,-14.69129],[-74.13103,-14.69099],[-74.13201,-14.69085],[-74.13276,-14.69085],[-74.13296,-14.6907],[-74.13296,-14.69064],[-74.133,-14.69038],[-74.13305,-14.6901],[-74.13312,-14.68977],[-74.13068,-14.69022],[-74.13073,-14.68952],[-74.13077,-14.68894],[-74.12925,-14.68846],[-74.12735,-14.68786],[-74.1273,-14.68546],[-74.12646,-14.68539],[-74.12629,-14.68424],[-74.12552,-14.68423],[-74.12523,-14.68466],[-74.12514,-14.68481],[-74.12511,-14.68505],[-74.12506,-14.68541],[-74.12503,-14.68557],[-74.12498,-14.68578],[-74.12492,-14.68602],[-74.12484,-14.68627],[-74.12477,-14.68647],[-74.12469,-14.68667],[-74.12486,-14.6869],[-74.12502,-14.68713],[-74.12514,-14.68732],[-74.12537,-14.68769],[-74.12545,-14.68782],[-74.12582,-14.68849],[-74.126,-14.68884],[-74.12607,-14.68899],[-74.12618,-14.68925],[-74.12627,-14.68952],[-74.12631,-14.68965],[-74.12636,-14.68981],[-74.12639,-14.68997],[-74.12643,-14.69013]]]}},{"type":"Feature","properties":{"Name":"ZONA CON POTENCIAL TURISTICO","description":"<div style='font-family:sans-serif;'><h4>ZEE AYACUCHO - ZONA CON POTENCIAL TURISTICO</h4><table border='1' cellpadding='4' style='border-collapse:collapse;font-size:12px;'><tr><td><b>ZEECODE:</b></td><td>74</td></tr><tr><td><b>ZEE:</b></td><td>Zona de potencial turistico</td></tr><tr><td><b>ZEE_ZONAS:</b></td><td>ZONA CON POTENCIAL TURISTICO</td></tr><tr><td><b>ZEE_GRANDE:</b></td><td>ZONAS PRODUCTIVAS</td></tr><tr><td><b>AREA:</b></td><td>2115807.683</td></tr><tr><td><b>PERIMETER:</b></td><td>11590.761</td></tr><tr><td><b>HECTARES:</b></td><td>211.581</td></tr></table></div>"},"geometry":{"type":"Polygon","coordinates":[[[-73.93226,-13.61578],[-73.93248,-13.6158],[-73.93231,-13.61569],[-73.93226,-13.61578]]]}},{"type":"Feature","properties":{"Name":"Zona de potencial alto para riego y/o piscicola","description":"<div style='font-family:sans-serif;'><h4>ZEE AYACUCHO - Zona de potencial alto para riego y/o piscicola</h4><table border='1' cellpadding='4' style='border-collapse:collapse;font-size:12px;'><tr><td><b>ZEECODE:</b></td><td>75</td></tr><tr><td><b>ZEE:</b></td><td>Zona de potencial alto para riego y/o piscicola</td></tr><tr><td><b>ZEE_ZONAS:</b></td><td>ZONA DE POTENCIAL HIDRICO Y ACUICOLA</td></tr><tr><td><b>ZEE_GRANDE:</b></td><td>ZONAS PRODUCTIVAS</td></tr><tr><td><b>AREA:</b></td><td>1230622.172</td></tr><tr><td><b>PERIMETER:</b></td><td>18606.137</td></tr><tr><td><b>HECTARES:</b></td><td>123.062</td></tr></table></div>"},"geometry":{"type":"Polygon","coordinates":[[[-73.57231,-14.19598],[-73.57219,-14.19603],[-73.57156,-14.19593],[-73.57052,-14.1963],[-73.57013,-14.19629],[-73.57247,-14.19672],[-73.57248,-14.19672],[-73.57264,-14.19675],[-73.57281,-14.19677],[-73.57299,-14.19678],[-73.57316,-14.19679],[-73.57333,-14.19679],[-73.57419,-14.19679],[-73.5743,-14.19692],[-73.57571,-14.19684],[-73.5761,-14.19627],[-73.57603,-14.19625],[-73.57535,-14.19603],[-73.57491,-14.19558],[-73.57459,-14.19529],[-73.57387,-14.19536],[-73.57325,-14.19562],[-73.57231,-14.19598]]]}},{"type":"Feature","properties":{"Name":"Zona de potencial muy alto para riego y/o piscicola","description":"<div style='font-family:sans-serif;'><h4>ZEE AYACUCHO - Zona de potencial muy alto para riego y/o piscicola</h4><table border='1' cellpadding='4' style='border-collapse:collapse;font-size:12px;'><tr><td><b>ZEECODE:</b></td><td>76</td></tr><tr><td><b>ZEE:</b></td><td>Zona de potencial muy alto para riego y/o piscicola</td></tr><tr><td><b>ZEE_ZONAS:</b></td><td>ZONA DE POTENCIAL HIDRICO Y ACUICOLA</td></tr><tr><td><b>ZEE_GRANDE:</b></td><td>ZONAS PRODUCTIVAS</td></tr><tr><td><b>AREA:</b></td><td>115322708.931</td></tr><tr><td><b>PERIMETER:</b></td><td>601424.674</td></tr><tr><td><b>HECTARES:</b></td><td>11532.271</td></tr></table></div>"},"geometry":{"type":"Polygon","coordinates":[[[-73.47002,-15.36348],[-73.47013,-15.36349],[-73.47055,-15.3635],[-73.47065,-15.36349],[-73.47083,-15.36348],[-73.47102,-15.36346],[-73.4712,-15.36343],[-73.47137,-15.3634],[-73.47145,-15.36339],[-73.47163,-15.36335],[-73.47166,-15.36335],[-73.47206,-15.36324],[-73.47219,-15.36321],[-73.4712,-15.3628],[-73.46981,-15.36196],[-73.46831,-15.36164],[-73.46681,-15.36142],[-73.46622,-15.36122],[-73.46642,-15.36152],[-73.46662,-15.36177],[-73.46667,-15.36183],[-73.46678,-15.36196],[-73.4669,-15.36208],[-73.46702,-15.3622],[-73.46714,-15.36231],[-73.46727,-15.36242],[-73.4674,-15.36252],[-73.46754,-15.36262],[-73.46768,-15.36271],[-73.46782,-15.3628],[-73.46797,-15.36289],[-73.46801,-15.36291],[-73.46815,-15.36298],[-73.4683,-15.36305],[-73.46844,-15.36312],[-73.46859,-15.36318],[-73.46874,-15.36323],[-73.4689,-15.36327],[-73.46907,-15.36332],[-73.46924,-15.36337],[-73.46942,-15.36341],[-73.46959,-15.36344],[-73.46977,-15.36346],[-73.46995,-15.36348],[-73.47002,-15.36348]]]}},{"type":"Feature","properties":{"Name":"Zona de potencial Acuicola e hidrico","description":"<div style='font-family:sans-serif;'><h4>ZEE AYACUCHO - Zona de potencial Acuicola e hidrico</h4><table border='1' cellpadding='4' style='border-collapse:collapse;font-size:12px;'><tr><td><b>ZEECODE:</b></td><td>77</td></tr><tr><td><b>ZEE:</b></td><td>Zona de potencial Acuicola e hidrico</td></tr><tr><td><b>ZEE_ZONAS:</b></td><td>ZONA DE POTENCIAL HIDRICO</td></tr><tr><td><b>ZEE_GRANDE:</b></td><td>ZONAS PRODUCTIVAS</td></tr><tr><td><b>AREA:</b></td><td>4740265.731</td></tr><tr><td><b>PERIMETER:</b></td><td>31727.839</td></tr><tr><td><b>HECTARES:</b></td><td>474.027</td></tr></table></div>"},"geometry":{"type":"Polygon","coordinates":[[[-74.02776,-14.51276],[-74.02625,-14.51308],[-74.02588,-14.51326],[-74.0263,-14.51368],[-74.02687,-14.51407],[-74.02696,-14.51413],[-74.02769,-14.51447],[-74.02847,-14.51467],[-74.02928,-14.51475],[-74.02968,-14.51471],[-74.0299,-14.51437],[-74.03003,-14.51416],[-74.03068,-14.51326],[-74.03111,-14.51301],[-74.03172,-14.5133],[-74.03247,-14.51351],[-74.03284,-14.51315],[-74.03331,-14.5125],[-74.03364,-14.51182],[-74.0313,-14.51204],[-74.02911,-14.51219],[-74.02837,-14.5125],[-74.02776,-14.51276]]]}},{"type":"Feature","properties":{"Name":"Zona de proteccion con limitaciones de erosion, suelo y clima","description":"<div style='font-family:sans-serif;'><h4>ZEE AYACUCHO - Zona de proteccion con limitaciones de erosion, suelo y clima</h4><table border='1' cellpadding='4' style='border-collapse:collapse;font-size:12px;'><tr><td><b>ZEECODE:</b></td><td>78</td></tr><tr><td><b>ZEE:</b></td><td>Zona de proteccion con limitaciones de erosion, suelo y clima</td></tr><tr><td><b>ZEE_ZONAS:</b></td><td>ZONA DE POTENCIAL MINERO</td></tr><tr><td><b>ZEE_GRANDE:</b></td><td>ZONA DE PROTECCION Y CONSERVACION ECOLOGICA</td></tr><tr><td><b>AREA:</b></td><td>13216011.698</td></tr><tr><td><b>PERIMETER:</b></td><td>34011.083</td></tr><tr><td><b>HECTARES:</b></td><td>1321.601</td></tr></table></div>"},"geometry":{"type":"Polygon","coordinates":[[[-74.04993,-15.61359],[-74.05017,-15.61553],[-74.05052,-15.61548],[-74.05097,-15.61541],[-74.05365,-15.61503],[-74.05377,-15.61501],[-74.05595,-15.6147],[-74.05606,-15.61468],[-74.05572,-15.61372],[-74.05564,-15.61349],[-74.05483,-15.61152],[-74.05464,-15.60974],[-74.05466,-15.60961],[-74.05405,-15.60869],[-74.05383,-15.60836],[-74.05345,-15.60669],[-74.04916,-15.6072],[-74.04924,-15.6079],[-74.04928,-15.60821],[-74.0493,-15.60833],[-74.04948,-15.60982],[-74.04971,-15.61176],[-74.04993,-15.61359]]]}},{"type":"Feature","properties":{"Name":"Zona de potencial y produccion minera","description":"<div style='font-family:sans-serif;'><h4>ZEE AYACUCHO - Zona de potencial y produccion minera</h4><table border='1' cellpadding='4' style='border-collapse:collapse;font-size:12px;'><tr><td><b>ZEECODE:</b></td><td>78</td></tr><tr><td><b>ZEE:</b></td><td>Zona de potencial y produccion minera</td></tr><tr><td><b>ZEE_ZONAS:</b></td><td>ZONA DE POTENCIAL MINERO</td></tr><tr><td><b>ZEE_GRANDE:</b></td><td>ZONAS PRODUCTIVAS</td></tr><tr><td><b>AREA:</b></td><td>59703760.078</td></tr><tr><td><b>PERIMETER:</b></td><td>169269.629</td></tr><tr><td><b>HECTARES:</b></td><td>5970.376</td></tr></table></div>"},"geometry":{"type":"Polygon","coordinates":[[[-74.05345,-15.60669],[-74.05383,-15.60836],[-74.05405,-15.60869],[-74.05466,-15.60961],[-74.05464,-15.60974],[-74.05483,-15.61152],[-74.05564,-15.61349],[-74.05572,-15.61372],[-74.05606,-15.61468],[-74.05659,-15.61461],[-74.05603,-15.61026],[-74.05683,-15.61007],[-74.05706,-15.61001],[-74.05655,-15.60633],[-74.05635,-15.60635],[-74.05504,-15.60651],[-74.05387,-15.60664],[-74.05375,-15.60666],[-74.05345,-15.60669]]]}},{"type":"Feature","properties":{"Name":"Zona de potencial minero no metalico","description":"<div style='font-family:sans-serif;'><h4>ZEE AYACUCHO - Zona de potencial minero no metalico</h4><table border='1' cellpadding='4' style='border-collapse:collapse;font-size:12px;'><tr><td><b>ZEECODE:</b></td><td>79</td></tr><tr><td><b>ZEE:</b></td><td>Zona de potencial minero no metalico</td></tr><tr><td><b>ZEE_ZONAS:</b></td><td>ZONA DE POTENCIAL MINERO</td></tr><tr><td><b>ZEE_GRANDE:</b></td><td>ZONAS PRODUCTIVAS</td></tr><tr><td><b>AREA:</b></td><td>2756.42</td></tr><tr><td><b>PERIMETER:</b></td><td>267.919</td></tr><tr><td><b>HECTARES:</b></td><td>0.276</td></tr></table></div>"},"geometry":{"type":"Polygon","coordinates":[[[-74.2061,-13.13469],[-74.20622,-13.13485],[-74.20705,-13.13437],[-74.20687,-13.13411],[-74.20658,-13.13434],[-74.20637,-13.13455],[-74.2061,-13.13469]]]}},{"type":"Feature","properties":{"Name":"Zona urbana con potencial historico cultural","description":"<div style='font-family:sans-serif;'><h4>ZEE AYACUCHO - Zona urbana con potencial historico cultural</h4><table border='1' cellpadding='4' style='border-collapse:collapse;font-size:12px;'><tr><td><b>ZEECODE:</b></td><td>80</td></tr><tr><td><b>ZEE:</b></td><td>Zona urbana con potencial historico cultural</td></tr><tr><td><b>ZEE_ZONAS:</b></td><td>ZONA DE TRATAMIENTO ESPECIAL</td></tr><tr><td><b>ZEE_GRANDE:</b></td><td>ZONAS DE TRATAMIENTO ESPECIAL</td></tr><tr><td><b>AREA:</b></td><td>319345.432</td></tr><tr><td><b>PERIMETER:</b></td><td>3444.745</td></tr><tr><td><b>HECTARES:</b></td><td>31.935</td></tr></table></div>"},"geometry":{"type":"Polygon","coordinates":[[[-73.95089,-13.65372],[-73.951,-13.65394],[-73.95135,-13.65447],[-73.95155,-13.65466],[-73.95118,-13.65521],[-73.95184,-13.65548],[-73.95184,-13.6558],[-73.95175,-13.6558],[-73.95002,-13.6558],[-73.94983,-13.65603],[-73.94975,-13.65663],[-73.95102,-13.65671],[-73.95161,-13.65675],[-73.95172,-13.65751],[-73.95172,-13.65773],[-73.95081,-13.6577],[-73.95085,-13.65838],[-73.95235,-13.65828],[-73.95252,-13.65827],[-73.95248,-13.65762],[-73.95248,-13.65709],[-73.95248,-13.6566],[-73.95242,-13.65572],[-73.95427,-13.65648],[-73.95466,-13.6555],[-73.95483,-13.65509],[-73.95527,-13.65399],[-73.95527,-13.65396],[-73.9553,-13.65346],[-73.95533,-13.65294],[-73.95537,-13.65225],[-73.9526,-13.65065],[-73.95258,-13.65068],[-73.95241,-13.6498],[-73.95131,-13.64976],[-73.95131,-13.65029],[-73.95066,-13.65045],[-73.95017,-13.65071],[-73.94986,-13.65071],[-73.94998,-13.65196],[-73.95059,-13.65215],[-73.95066,-13.65278],[-73.95074,-13.65341],[-73.95089,-13.65371],[-73.95089,-13.65372],[-73.95089,-13.65372]]]}},{"type":"Feature","properties":{"Name":"AREAS  MISCELANEAS","description":"<div style='font-family:sans-serif;'><h4>ZEE AYACUCHO - AREAS  MISCELANEAS</h4><table border='1' cellpadding='4' style='border-collapse:collapse;font-size:12px;'><tr><td><b>ZEECODE:</b></td><td>81</td></tr><tr><td><b>ZEE:</b></td><td>Areas Urbanas</td></tr><tr><td><b>ZEE_ZONAS:</b></td><td>AREAS  MISCELANEAS</td></tr><tr><td><b>ZEE_GRANDE:</b></td><td>ZONAS MISCELANEAS</td></tr><tr><td><b>AREA:</b></td><td>45501997.362</td></tr><tr><td><b>PERIMETER:</b></td><td>376484.135</td></tr><tr><td><b>HECTARES:</b></td><td>4550.2</td></tr></table></div>"},"geometry":{"type":"Polygon","coordinates":[[[-74.05762,-15.61952],[-74.05763,-15.61953],[-74.05763,-15.61952],[-74.05816,-15.61929],[-74.0625,-15.61736],[-74.06248,-15.61683],[-74.06235,-15.61632],[-74.06223,-15.61576],[-74.06204,-15.61511],[-74.06179,-15.61452],[-74.06166,-15.61421],[-74.06144,-15.61372],[-74.06119,-15.61324],[-74.06084,-15.61263],[-74.06043,-15.61204],[-74.05993,-15.61142],[-74.05951,-15.61091],[-74.05859,-15.61008],[-74.05813,-15.60976],[-74.05706,-15.61001],[-74.05683,-15.61007],[-74.05603,-15.61026],[-74.05659,-15.61461],[-74.05667,-15.61521],[-74.0569,-15.61651],[-74.05762,-15.61952]]]}},{"type":"Feature","properties":{"Name":"AREAS  MISCELANEAS","description":"<div style='font-family:sans-serif;'><h4>ZEE AYACUCHO - AREAS  MISCELANEAS</h4><table border='1' cellpadding='4' style='border-collapse:collapse;font-size:12px;'><tr><td><b>ZEECODE:</b></td><td>82</td></tr><tr><td><b>ZEE:</b></td><td>Rios y quebradas</td></tr><tr><td><b>ZEE_ZONAS:</b></td><td>AREAS  MISCELANEAS</td></tr><tr><td><b>ZEE_GRANDE:</b></td><td>ZONAS MISCELANEAS</td></tr><tr><td><b>AREA:</b></td><td>108530395.17</td></tr><tr><td><b>PERIMETER:</b></td><td>2684123.361</td></tr><tr><td><b>HECTARES:</b></td><td>10853.04</td></tr></table></div>"},"geometry":{"type":"Polygon","coordinates":[[[-73.28757,-15.37411],[-73.28727,-15.37428],[-73.28781,-15.37438],[-73.28805,-15.37443],[-73.28814,-15.37445],[-73.28918,-15.37469],[-73.29054,-15.37474],[-73.29102,-15.37522],[-73.29137,-15.37536],[-73.29242,-15.37578],[-73.29347,-15.37596],[-73.2947,-15.37584],[-73.29523,-15.37533],[-73.29576,-15.37487],[-73.29586,-15.37495],[-73.29614,-15.37516],[-73.29615,-15.37517],[-73.29617,-15.37517],[-73.29707,-15.37539],[-73.29821,-15.3754],[-73.29947,-15.37547],[-73.29992,-15.3755],[-73.30115,-15.37568],[-73.3022,-15.37568],[-73.30339,-15.37557],[-73.30453,-15.37583],[-73.30589,-15.3755],[-73.30672,-15.37538],[-73.3068,-15.3756],[-73.30698,-15.3761],[-73.30803,-15.37611],[-73.30956,-15.37567],[-73.30962,-15.37566],[-73.31023,-15.37587],[-73.31061,-15.37639],[-73.31092,-15.37681],[-73.31104,-15.37699],[-73.31162,-15.37788],[-73.31271,-15.37781],[-73.31298,-15.37781],[-73.31403,-15.37765],[-73.31477,-15.37803],[-73.31657,-15.37775],[-73.31855,-15.3773],[-73.32018,-15.37705],[-73.32083,-15.37745],[-73.32109,-15.37761],[-73.32262,-15.37797],[-73.3228,-15.37801],[-73.32285,-15.37801],[-73.32412,-15.37795],[-73.32451,-15.37794],[-73.32516,-15.37815],[-73.32582,-15.37837],[-73.3274,-15.37902],[-73.3291,-15.38014],[-73.33067,-15.38096],[-73.33216,-15.38178],[-73.33421,-15.38231],[-73.3343,-15.38232],[-73.33432,-15.38232],[-73.33467,-15.38236],[-73.33582,-15.38248],[-73.33632,-15.38254],[-73.33808,-15.38268],[-73.33873,-15.38273],[-73.34061,-15.38283],[-73.34106,-15.38273],[-73.34107,-15.38273],[-73.34171,-15.3826],[-73.34259,-15.38241],[-73.34373,-15.38221],[-73.34528,-15.38136],[-73.34538,-15.3813],[-73.34541,-15.38129],[-73.3462,-15.38076],[-73.34624,-15.38073],[-73.3466,-15.38049],[-73.34718,-15.37951],[-73.3466,-15.37989],[-73.34592,-15.38037],[-73.3459,-15.38039],[-73.34559,-15.38061],[-73.34537,-15.38076],[-73.34518,-15.38088],[-73.34466,-15.38124],[-73.34356,-15.38174],[-73.34277,-15.38192],[-73.34272,-15.38193],[-73.34229,-15.38203],[-73.34209,-15.38206],[-73.34071,-15.38232],[-73.33935,-15.38239],[-73.33761,-15.38219],[-73.33698,-15.38212],[-73.33616,-15.38209],[-73.33505,-15.38206],[-73.33461,-15.38194],[-73.33452,-15.38191],[-73.33432,-15.38185],[-73.33382,-15.38171],[-73.33229,-15.38136],[-73.33089,-15.38062],[-73.32993,-15.38015],[-73.32871,-15.37933],[-73.32744,-15.37864],[-73.32675,-15.37817],[-73.32565,-15.37769],[-73.32462,-15.37759],[-73.32429,-15.37755],[-73.32305,-15.37754],[-73.32302,-15.37754],[-73.32267,-15.37754],[-73.32211,-15.37741],[-73.32136,-15.37723],[-73.32132,-15.3772],[-73.32079,-15.37672],[-73.31952,-15.37662],[-73.31873,-15.3767],[-73.3179,-15.37695],[-73.31653,-15.37728],[-73.31557,-15.37757],[-73.31504,-15.37761],[-73.31438,-15.37727],[-73.31368,-15.37722],[-73.31289,-15.3773],[-73.31193,-15.37737],[-73.3116,-15.37708],[-73.31136,-15.37686],[-73.31067,-15.37588],[-73.31013,-15.37537],[-73.30993,-15.37519],[-73.30984,-15.3751],[-73.30896,-15.37535],[-73.30813,-15.3756],[-73.30733,-15.37572],[-73.30723,-15.37548],[-73.30716,-15.3753],[-73.30708,-15.37483],[-73.30651,-15.37487],[-73.30559,-15.37511],[-73.30484,-15.37536],[-73.30418,-15.37536],[-73.30357,-15.37514],[-73.30247,-15.37526],[-73.30128,-15.37534],[-73.30041,-15.37512],[-73.29962,-15.37503],[-73.29852,-15.37506],[-73.29769,-15.37505],[-73.29695,-15.37501],[-73.2968,-15.37494],[-73.29676,-15.37492],[-73.29599,-15.37455],[-73.29594,-15.37453],[-73.29537,-15.37453],[-73.29506,-15.37486],[-73.29466,-15.37541],[-73.294,-15.37545],[-73.29308,-15.37549],[-73.29308,-15.37549],[-73.29208,-15.37528],[-73.29203,-15.37527],[-73.29144,-15.37481],[-73.29141,-15.37479],[-73.2908,-15.37426],[-73.29066,-15.37415],[-73.29017,-15.37405],[-73.28951,-15.37417],[-73.28869,-15.37375],[-73.28835,-15.37358],[-73.28781,-15.37394],[-73.2878,-15.37395],[-73.28757,-15.37411]]]}},{"type":"Feature","properties":{"Name":"AREAS  MISCELANEAS","description":"<div style='font-family:sans-serif;'><h4>ZEE AYACUCHO - AREAS  MISCELANEAS</h4><table border='1' cellpadding='4' style='border-collapse:collapse;font-size:12px;'><tr><td><b>ZEECODE:</b></td><td>83</td></tr><tr><td><b>ZEE:</b></td><td>Lagunas</td></tr><tr><td><b>ZEE_ZONAS:</b></td><td>AREAS  MISCELANEAS</td></tr><tr><td><b>ZEE_GRANDE:</b></td><td>ZONAS MISCELANEAS</td></tr><tr><td><b>AREA:</b></td><td>88281928.365</td></tr><tr><td><b>PERIMETER:</b></td><td>1087435.655</td></tr><tr><td><b>HECTARES:</b></td><td>8828.193</td></tr></table></div>"},"geometry":{"type":"Polygon","coordinates":[[[-73.44685,-15.34807],[-73.44702,-15.34808],[-73.44727,-15.34804],[-73.44743,-15.348],[-73.44755,-15.34781],[-73.44755,-15.34759],[-73.44744,-15.34737],[-73.44732,-15.34723],[-73.44682,-15.3471],[-73.44642,-15.34729],[-73.44629,-15.34745],[-73.44631,-15.34769],[-73.44643,-15.34792],[-73.44657,-15.34803],[-73.44685,-15.34807]]]}}]}