{"type":"FeatureCollection","features":[{"type":"Feature","properties":{"Name":"ZONA DE PRODUCCION AGROPECUARIA","description":"<div style='font-family:sans-serif;'><h4>ZEE CALLAO - ZONA DE PRODUCCION AGROPECUARIA</h4><table border='1' cellpadding='4' style='border-collapse:collapse;font-size:12px;'><tr><td><b>OBJECTID:</b></td><td>1</td></tr><tr><td><b>ZEECODE:</b></td><td>1</td></tr><tr><td><b>ZEE:</b></td><td>ZONA DE PRODUCCION AGROPECUARIA</td></tr><tr><td><b>ZEE_ZONAS:</b></td><td>Zonas no urbanas</td></tr><tr><td><b>ZEE_GRANDE:</b></td><td>ZONAS PRODUCTIVAS</td></tr><tr><td><b>AREA:</b></td><td>1320173.234</td></tr><tr><td><b>PERIMETER:</b></td><td>22095.405</td></tr><tr><td><b>HECTARES:</b></td><td>132.017</td></tr></table></div>"},"geometry":{"type":"Polygon","coordinates":[[[-149.4875,8671445.4125],[-153.6767,8671441.5723],[-154.2501,8671444.5825],[-163.1704,8671445.1772],[-176.8483,8671439.2303],[159.9588,8671441.0144],[139.1446,8671438.6356],[127.8455,8671440.4197],[124.3797,8671471.5259],[122.4881,8671492.3341],[126.2714,8671510.3048],[132.2427,8671538.6683],[-100.6776,8671516.9633],[-104.8245,8671512.2021],[-106.4635,8671509.3338],[-113.4293,8671504.8265],[-113.4293,8671497.451],[-113.839,8671489.6657],[-120.3951,8671480.2414],[-128.1803,8671473.6854],[-138.8339,8671465.9001],[-141.2924,8671455.6563],[-149.4875,8671445.4125]]]}},{"type":"Feature","properties":{"Name":"ZONA DE PESCA ARTESANAL CON POTENCIAL HIDROBIOLOGICO MUY ALTO","description":"<div style='font-family:sans-serif;'><h4>ZEE CALLAO - ZONA DE PESCA ARTESANAL CON POTENCIAL HIDROBIOLOGICO MUY ALTO</h4><table border='1' cellpadding='4' style='border-collapse:collapse;font-size:12px;'><tr><td><b>OBJECTID:</b></td><td>2</td></tr><tr><td><b>ZEECODE:</b></td><td>2</td></tr><tr><td><b>ZEE:</b></td><td>ZONA DE PESCA ARTESANAL CON POTENCIAL HIDROBIOLOGICO MUY ALTO</td></tr><tr><td><b>ZEE_ZONAS:</b></td><td>Zonas no urbanas</td></tr><tr><td><b>ZEE_GRANDE:</b></td><td>ZONAS PRODUCTIVAS</td></tr><tr><td><b>AREA:</b></td><td>39589892.335</td></tr><tr><td><b>PERIMETER:</b></td><td>45654.045</td></tr><tr><td><b>HECTARES:</b></td><td>3958.989</td></tr></table></div>"},"geometry":{"type":"Polygon","coordinates":[[[46.8777,8660557.2719],[119.14,8660543.5701],[46.1398,8660546.7356],[118.9792,8660640.8634],[-124.1959,8660819.0519],[21.8417,8661083.5611],[120.2006,8661295.2148],[167.3593,8661396.6935],[-78.577,8661685.8854],[-1.3419,8661938.5489],[135.7534,8662478.1057],[148.1405,8662526.857],[-171.6593,8662676.6568],[-110.3287,8662912.7482],[-103.4243,8662951.1756],[-79.4915,8662965.8559],[-30.9039,8662995.3141],[-14.1993,8663003.293],[21.0097,8663019.4527],[56.5463,8663034.8789],[92.3951,8663049.5649],[113.1112,8663057.5541],[128.5407,8663063.5045],[164.9675,8663076.6915],[-158.34,8663089.1204],[-121.3977,8663100.7858],[-84.2214,8663111.6827],[-81.3614,8663112.457],[-46.8273,8663121.8065],[-9.2311,8663131.1526],[28.5507,8663139.7172],[66.5019,8663147.4965],[104.6063,8663154.4873],[142.8474,8663160.6865],[-178.7911,8663166.0913],[-140.3257,8663170.6995],[-101.7731,8663174.5093],[-63.1499,8663177.5187],[-24.4725,8663179.7267],[14.2423,8663181.1323],[52.978,8663181.7347],[55.9254,8663181.7194],[163.8679,8663141.241],[-157.2242,8662991.6505],[14.5331,8662910.5429],[-99.2791,8662624.2875],[-1.7219,8662577.6297],[37.7413,8662386.5821],[94.4722,8662362.9442],[166.5722,8662332.9026],[-32.9749,8662266.0472],[-138.5509,8662160.0372],[-138.4272,8661994.3493],[-138.3931,8661948.7387],[-138.3918,8661946.9634],[-138.2474,8661753.7015],[129.5432,8661610.8829],[75.4549,8661544.7749],[-14.9283,8661434.3066],[105.3105,8661141.2651],[-64.1486,8661063.0532],[69.9938,8660958.8113],[-89.6921,8660885.1101],[141.1043,8660762.8093],[117.9977,8660757.0327],[22.5752,8660740.4375],[-143.9299,8660586.2625],[-165.2066,8660586.2625],[125.0279,8660586.2625],[-64.3175,8660586.2625],[152.5654,8660562.3046],[46.8777,8660557.2719]]]}},{"type":"Feature","properties":{"Name":"ZONA DE PESCA ARTESANAL CON POTENCIAL HIDROBIOLOGICO ALTO","description":"<div style='font-family:sans-serif;'><h4>ZEE CALLAO - ZONA DE PESCA ARTESANAL CON POTENCIAL HIDROBIOLOGICO ALTO</h4><table border='1' cellpadding='4' style='border-collapse:collapse;font-size:12px;'><tr><td><b>OBJECTID:</b></td><td>3</td></tr><tr><td><b>ZEECODE:</b></td><td>3</td></tr><tr><td><b>ZEE:</b></td><td>ZONA DE PESCA ARTESANAL CON POTENCIAL HIDROBIOLOGICO ALTO</td></tr><tr><td><b>ZEE_ZONAS:</b></td><td>Zonas no urbanas</td></tr><tr><td><b>ZEE_GRANDE:</b></td><td>ZONAS PRODUCTIVAS</td></tr><tr><td><b>AREA:</b></td><td>180442357.191</td></tr><tr><td><b>PERIMETER:</b></td><td>156156.626</td></tr><tr><td><b>HECTARES:</b></td><td>18044.236</td></tr></table></div>"},"geometry":{"type":"Polygon","coordinates":[[[-78.5299,8664524.83],[-80.04,8664524.4],[-81.6399,8664523.96],[-83.2699,8664523.51],[-84.81,8664523.03],[-86.25,8664522.3801],[-87.7199,8664521.5501],[-89.12,8664520.59],[-90.4399,8664519.5401],[-91.63,8664518.5601],[-92.81,8664517.8301],[-93.98,8664517.59],[-95.07,8664517.89],[-96.0,8664518.4301],[-96.4375,8664518.7169],[-96.8999,8664519.02],[-97.91,8664519.6301],[-99.0,8664520.2301],[-100.0999,8664520.7301],[-101.2899,8664521.09],[-102.4699,8664521.4301],[-103.7199,8664521.7901],[-105.0699,8664522.1301],[-106.42,8664522.3701],[-107.6999,8664522.4801],[-108.98,8664522.4401],[-110.24,8664522.22],[-111.57,8664522.01],[-112.9699,8664522.0501],[-114.31,8664522.4101],[-115.5899,8664522.8201],[-116.8399,8664523.1501],[-118.13,8664523.4301],[-119.42,8664523.6601],[-120.7099,8664523.89],[-122.0899,8664524.1001],[-123.56,8664524.2401],[-125.05,8664524.27],[-126.5299,8664524.26],[-127.99,8664524.22],[-129.57,8664524.1801],[-131.13,8664524.1301],[-132.6999,8664524.09],[-134.31,8664524.09],[-135.99,8664524.2],[-137.6299,8664524.4],[-139.16,8664524.6101],[-140.7099,8664524.7201],[-142.19,8664524.77],[-143.6999,8664524.76],[-145.0299,8664524.53],[-146.3,8664524.1601],[-147.56,8664523.78],[-148.8899,8664523.3701],[-150.25,8664522.95],[-151.54,8664522.5001],[-152.88,8664522.01],[-154.2799,8664521.51],[-155.8299,8664521.01],[-157.4099,8664520.65],[-159.0899,8664520.4101],[-160.8299,8664520.2501],[-162.55,8664520.1801],[-164.2799,8664520.1401],[-166.05,8664520.1301],[-167.7799,8664520.1701],[-169.5299,8664520.1601],[-171.3399,8664520.1301],[-173.06,8664520.1001],[-174.6599,8664520.0901],[-176.3399,8664520.0501],[-177.9699,8664519.9701],[-179.51,8664519.9101],[179.01,8664519.84],[177.5,8664519.5901],[176.1601,8664519.1001],[174.8601,8664518.5601],[173.5,8664517.9],[172.02,8664517.2901],[170.5401,8664516.8801],[169.0501,8664516.6901],[167.69,8664516.5501],[166.38,8664516.4101],[165.1101,8664516.3701],[163.87,8664516.3601],[162.63,8664516.3101],[161.51,8664516.0501],[160.43,8664515.45],[159.4301,8664514.6801],[158.49,8664513.9101],[157.5301,8664513.26],[156.63,8664512.5701],[155.82,8664511.7601],[155.0301,8664510.71],[154.3501,8664509.5801],[153.74,8664508.5301],[153.08,8664507.4701],[152.4201,8664506.3901],[151.9101,8664505.1701],[151.5901,8664503.83],[151.43,8664502.6001],[151.3501,8664501.52],[151.32,8664500.4201],[151.34,8664499.1801],[151.38,8664497.8101],[151.4,8664496.59],[151.4701,8664495.5701],[151.74,8664494.58],[152.2,8664493.53],[152.7401,8664492.5001],[153.27,8664491.4201],[153.7301,8664490.4201],[154.2901,8664489.6701],[154.99,8664488.9901],[155.7801,8664488.21],[156.5,8664487.4101],[157.24,8664486.5501],[158.0501,8664485.7801],[158.9201,8664485.2501],[159.8001,8664484.8301],[160.57,8664484.4101],[161.27,8664484.0401],[161.71,8664483.7901],[161.88,8664483.67],[161.9001,8664483.67],[161.92,8664483.67],[162.0,8664483.69],[162.39,8664483.72],[163.0301,8664483.71],[163.7901,8664483.5501],[164.6701,8664483.2401],[165.62,8664482.9301],[166.5401,8664482.6701],[167.3601,8664482.4],[168.02,8664482.15],[168.46,8664481.9101],[168.61,8664481.76],[168.6116,8664481.7554],[168.615,8664481.745],[168.62,8664481.73],[168.67,8664481.71],[169.1601,8664481.6601],[170.0301,8664481.7301],[171.0,8664482.0301],[172.06,8664482.4201],[173.0901,8664482.7801],[174.13,8664483.0401],[175.2201,8664483.1301],[176.3701,8664483.1601],[177.58,8664483.1901],[178.7901,8664483.1701],[-179.9499,8664483.0601],[-178.69,8664482.9901],[-177.37,8664483.08],[-176.0199,8664483.15],[-174.55,8664482.9101],[-173.0199,8664482.53],[-171.5199,8664482.2],[-170.0799,8664481.9701],[-168.5399,8664481.8201],[-167.0,8664481.7901],[-165.5199,8664481.83],[-164.06,8664481.8801],[-162.5199,8664481.9001],[-160.9099,8664481.8601],[-159.4599,8664481.72],[-157.8999,8664481.4901],[-156.35,8664481.1501],[-154.9499,8664480.6601],[-153.5799,8664480.0701],[-152.1399,8664479.4801],[-150.6599,8664478.8901],[-149.3,8664478.2301],[-148.0,8664477.51],[-146.8999,8664476.7101],[-145.7099,8664475.8701],[-144.5299,8664475.0601],[-143.5699,8664474.1801],[-142.61,8664473.3401],[-141.54,8664472.45],[-140.9103,8664471.8493],[-140.4499,8664471.4101],[-139.36,8664470.2001],[-138.44,8664468.9201],[-137.6999,8664467.7801],[-137.0299,8664466.6901],[-136.4199,8664465.4201],[-135.92,8664463.8501],[-135.5299,8664462.3801],[-135.1999,8664461.0901],[-134.92,8664459.6701],[-134.6399,8664458.0001],[-134.35,8664456.58],[-134.3051,8664456.3385],[-134.12,8664455.34],[-133.8899,8664453.9901],[-133.6399,8664452.4901],[-133.35,8664451.0701],[-132.98,8664449.8501],[-132.5699,8664448.6301],[-132.07,8664447.3701],[-131.57,8664446.0601],[-131.18,8664444.8001],[-130.73,8664443.6201],[-130.18,8664442.3701],[-129.5299,8664440.95],[-128.86,8664439.45],[-128.26,8664438.09],[-127.5999,8664436.7801],[-126.8399,8664435.3001],[-126.11,8664433.8501],[-125.4699,8664432.6001],[-124.8599,8664431.4401],[-124.23,8664430.2201],[-123.62,8664428.9301],[-123.06,8664427.7401],[-122.55,8664426.7401],[-122.05,8664425.8501],[-121.5299,8664424.8201],[-121.0899,8664423.5601],[-120.8499,8664422.21],[-120.7199,8664420.9401],[-120.55,8664419.7901],[-120.25,8664418.5501],[-119.88,8664417.1901],[-119.4699,8664415.9901],[-119.0399,8664414.95],[-118.7199,8664413.9901],[-118.5199,8664413.0001],[-118.3799,8664411.8001],[-118.25,8664410.6601],[-118.1399,8664409.6501],[-118.0699,8664408.7101],[-118.0299,8664407.97],[-117.9699,8664407.2801],[-117.9199,8664406.45],[-117.8899,8664405.6301],[-117.87,8664404.9801],[-117.86,8664404.58],[-117.8399,8664404.4201],[-117.62,8664401.2701],[-117.62,8664399.15],[-118.0199,8664393.5901],[-119.99,8664388.3101],[-120.2555,8664387.601],[-121.05,8664385.4801],[-121.55,8664381.9],[-121.6599,8664378.3501],[-121.7099,8664374.9401],[-121.55,8664371.2901],[-120.9799,8664367.8101],[-119.9199,8664364.26],[-119.0122,8664361.7407],[-118.54,8664360.4301],[-117.7099,8664358.52],[-116.01,8664355.4201],[-113.36,8664352.6301],[-110.9699,8664350.2101],[-107.7699,8664347.7],[-104.6299,8664345.6801],[-101.25,8664344.0901],[-98.12,8664342.1301],[-96.42,8664340.9401],[-94.68,8664339.6801],[-93.0,8664338.4801],[-91.4499,8664337.2],[-88.43,8664334.6701],[-85.56,8664332.4801],[-83.05,8664330.5701],[-80.8299,8664328.4901],[-78.6499,8664326.4801],[-78.2699,8664323.9901],[-78.4099,8664321.3601],[-78.05,8664318.2],[-76.3899,8664315.14],[-75.32,8664312.8501],[-74.7699,8664310.5201],[-72.3099,8664309.4801],[-70.0899,8664308.58],[-69.51,8664305.96],[-69.82,8664303.9201],[-70.17,8664301.9201],[-70.76,8664298.2301],[-71.4699,8664294.4601],[-71.8699,8664292.2901],[-72.3,8664290.1101],[-72.6099,8664287.4541],[-72.7199,8664286.51],[-72.62,8664284.2101],[-72.5099,8664281.9201],[-71.98,8664278.9701],[-71.7099,8664275.2801],[-71.18,8664272.2201],[-69.57,8664270.4801],[-66.7699,8664268.96],[-64.75,8664268.34],[-64.4319,8664268.259],[-61.0199,8664267.39],[-58.69,8664267.1601],[-56.16,8664267.0601],[-53.5199,8664267.15],[-50.94,8664267.3701],[-48.85,8664267.64],[-46.7699,8664267.8801],[-44.68,8664268.2801],[-35.0199,8664267.6201],[-32.3,8664267.6001],[-29.54,8664267.6101],[-26.9699,8664267.5601],[-24.7299,8664267.6101],[-22.5199,8664267.7801],[-20.0799,8664268.1201],[-17.43,8664268.4801],[-15.05,8664269.02],[-12.8499,8664269.8101],[-10.55,8664270.4101],[-8.3399,8664270.76],[-6.25,8664271.0501],[-3.9699,8664271.45],[-1.74,8664272.26],[0.43,8664273.27],[2.6401,8664274.2201],[5.02,8664275.15],[7.5901,8664276.0701],[9.69,8664277.1501],[11.89,8664278.34],[14.26,8664279.45],[16.4101,8664280.6601],[18.5301,8664281.7901],[20.76,8664282.84],[23.0,8664283.8701],[25.59,8664284.9],[28.4101,8664285.9101],[31.01,8664287.02],[33.2301,8664287.9801],[35.5501,8664288.6801],[38.0,8664289.3501],[40.31,8664290.0501],[42.6001,8664290.6701],[44.6201,8664291.2301],[46.1499,8664291.6533],[48.0901,8664292.1901],[50.0501,8664292.6201],[52.0401,8664293.0301],[55.7801,8664293.8601],[58.2201,8664294.4401],[60.8601,8664295.02],[63.2701,8664295.7801],[65.52,8664296.4701],[68.02,8664296.8501],[70.37,8664297.1901],[72.8701,8664297.46],[75.69,8664297.8501],[78.5301,8664298.1301],[81.2701,8664298.39],[84.38,8664298.76],[87.82,8664299.08],[91.3401,8664299.4201],[94.4001,8664299.6601],[97.43,8664299.83],[100.3601,8664299.9701],[103.3001,8664300.1201],[106.51,8664300.3701],[109.95,8664300.76],[113.7901,8664301.1201],[117.5901,8664301.3501],[120.0,8664301.47],[121.0201,8664301.52],[124.69,8664301.6901],[128.21,8664301.8501],[131.8501,8664302.02],[135.6601,8664302.21],[139.6801,8664302.4001],[143.0301,8664302.5401],[146.51,8664302.6801],[149.93,8664302.7801],[153.4,8664302.9],[157.49,8664303.08],[162.3401,8664303.3101],[166.3901,8664303.5001],[170.3001,8664303.5401],[174.1701,8664303.47],[177.9201,8664303.51],[-178.4499,8664303.71],[-174.19,8664303.96],[-170.48,8664304.1801],[-166.66,8664304.5701],[-162.8391,8664305.0143],[-162.7899,8664305.0201],[-158.93,8664305.4],[-154.99,8664305.7301],[-150.57,8664305.9801],[-147.4599,8664306.1701],[-145.4499,8664306.27],[-143.2051,8664306.4203],[-142.91,8664306.4401],[-139.3799,8664306.77],[-137.9595,8664306.933],[-135.98,8664307.1601],[-132.1699,8664307.5701],[-127.42,8664307.9701],[-122.8599,8664308.3701],[-118.94,8664308.6801],[-116.16,8664308.8301],[-112.55,8664309.0001],[-109.63,8664309.1301],[-106.0199,8664309.3001],[-102.1399,8664309.5501],[-99.25,8664309.9101],[-96.3299,8664310.2801],[-95.654,8664310.3485],[-93.8809,8664310.528],[-93.17,8664310.6001],[-90.0199,8664310.8601],[-86.8199,8664311.0901],[-83.4751,8664311.3555],[-83.0399,8664311.39],[-78.79,8664311.72],[-75.43,8664311.8701],[-71.9099,8664311.8901],[-68.1999,8664311.8101],[-64.7199,8664311.7401],[-61.1,8664311.6601],[-57.3199,8664311.5501],[-53.74,8664311.3101],[-50.8,8664310.7901],[-47.8,8664310.14],[-44.86,8664309.4301],[-42.2699,8664308.6201],[-39.2799,8664307.8801],[-36.19,8664307.2301],[-33.13,8664306.4201],[-30.0899,8664305.6301],[-27.48,8664304.53],[-24.99,8664303.14],[-22.51,8664301.78],[-20.05,8664300.7101],[-17.81,8664299.9101],[-15.4799,8664299.34],[-12.8399,8664298.9301],[-10.01,8664298.8101],[-6.9699,8664298.8401],[-4.2199,8664299.0401],[-1.79,8664299.77],[0.4201,8664300.9901],[2.4101,8664302.7401],[3.7701,8664304.3201],[4.83,8664306.7401],[6.38,8664308.9901],[8.1601,8664310.9801],[8.34,8664313.5701],[6.8601,8664316.2301],[6.14,8664319.2],[6.64,8664321.71],[7.83,8664323.7501],[9.9701,8664325.3001],[13.02,8664325.3301],[15.6701,8664323.1201],[17.94,8664320.83],[20.2701,8664318.89],[22.76,8664315.8701],[25.12,8664312.6601],[26.24,8664310.9401],[27.9001,8664307.9001],[28.57,8664304.4],[28.8001,8664302.4001],[29.1701,8664300.4301],[29.2124,8664299.1412],[29.2801,8664297.08],[27.7,8664295.01],[24.49,8664292.9901],[22.4801,8664291.95],[20.4801,8664290.8701],[18.46,8664289.6801],[16.4201,8664288.4101],[14.2001,8664287.1101],[12.06,8664285.72],[9.94,8664284.15],[7.9,8664282.6601],[5.75,8664281.2801],[3.9001,8664279.8201],[3.5451,8664279.4565],[2.25,8664278.1301],[0.5501,8664276.1901],[-1.1399,8664274.14],[-3.01,8664272.1701],[-4.73,8664270.3501],[-6.3,8664268.7201],[-7.9699,8664267.28],[-9.5399,8664265.8701],[-11.04,8664264.4201],[-12.62,8664262.9101],[-14.19,8664261.6001],[-16.2299,8664260.84],[-18.26,8664260.2901],[-22.0799,8664258.9201],[-23.92,8664257.84],[-25.7199,8664256.39],[-27.5099,8664254.8201],[-28.85,8664253.2201],[-29.6499,8664251.3701],[-30.12,8664249.3001],[-30.55,8664247.2],[-30.7199,8664243.52],[-30.48,8664240.2901],[-29.9699,8664236.7901],[-27.5099,8664234.39],[-24.7199,8664232.3701],[-21.75,8664230.65],[-19.7699,8664230.0601],[-17.75,8664229.45],[-15.68,8664228.8601],[-13.56,8664228.4201],[-11.2099,8664228.5401],[-8.91,8664229.0001],[-6.76,8664229.89],[-4.9699,8664231.33],[-3.57,8664232.7801],[-1.6499,8664235.5501],[0.26,8664238.6901],[1.2801,8664240.4401],[2.2,8664242.3801],[3.4601,8664244.6001],[4.5201,8664247.9201],[5.5501,8664250.52],[7.7,8664253.1701],[10.5,8664255.9901],[13.1401,8664258.5501],[16.15,8664260.7801],[17.89,8664261.8101],[19.6001,8664262.9201],[23.09,8664265.4001],[25.4601,8664266.6901],[27.9701,8664268.1301],[30.31,8664269.6601],[32.9701,8664271.08],[35.7901,8664272.3001],[38.6001,8664273.3901],[41.6501,8664274.27],[44.24,8664275.1001],[46.8001,8664275.7801],[49.4101,8664276.33],[51.8601,8664276.7501],[54.08,8664276.9801],[56.4,8664277.1701],[59.0301,8664277.26],[61.8565,8664277.2699],[61.89,8664277.27],[64.99,8664277.1201],[67.9001,8664276.83],[70.58,8664276.5301],[73.1401,8664276.2201],[75.63,8664275.8601],[78.1001,8664275.4801],[80.75,8664274.9401],[83.56,8664274.3501],[86.5301,8664273.58],[89.9701,8664272.7501],[93.08,8664271.9101],[96.0401,8664271.0401],[98.9901,8664269.9901],[101.82,8664268.8601],[104.7201,8664267.8601],[107.7301,8664267.0601],[108.527,8664266.8253],[110.82,8664266.1501],[114.2301,8664264.9901],[117.2301,8664263.59],[120.3001,8664262.3201],[123.4201,8664261.0501],[126.32,8664259.65],[129.18,8664258.1701],[131.2401,8664257.01],[133.1701,8664255.6201],[136.8501,8664254.46],[139.15,8664253.8801],[141.24,8664253.08],[143.2801,8664252.1201],[145.56,8664251.0501],[148.25,8664249.84],[150.9301,8664248.6001],[153.6001,8664247.2901],[155.9101,8664245.8901],[158.4201,8664244.47],[160.89,8664242.9601],[163.2301,8664241.4101],[165.64,8664239.8801],[167.81,8664238.3401],[169.76,8664236.52],[171.9801,8664235.1201],[175.2,8664233.2301],[177.1701,8664232.3001],[-179.7199,8664230.33],[-176.63,8664227.6101],[-174.5699,8664226.03],[-172.01,8664224.3501],[-169.61,8664222.7301],[-167.2799,8664221.1201],[-164.94,8664219.3001],[-162.35,8664217.6201],[-159.99,8664215.8001],[-157.54,8664213.76],[-154.7799,8664211.9701],[-152.07,8664210.7101],[-149.49,8664209.71],[-147.2199,8664208.64],[-145.1799,8664207.3701],[-143.1599,8664205.84],[-142.5799,8664205.4],[-132.04,8664198.5001],[-127.3999,8664195.6801],[-124.93,8664194.5401],[-122.7099,8664193.3801],[-119.76,8664191.9901],[-116.3299,8664190.28],[-112.63,8664189.0701],[-110.26,8664188.5501],[-108.1599,8664187.9],[-106.2699,8664187.14],[-104.29,8664186.26],[-102.2099,8664185.4401],[-99.8399,8664184.9401],[-97.32,8664184.5101],[-95.2699,8664183.96],[-93.16,8664183.3701],[-91.0299,8664182.8101],[-88.6999,8664182.3601],[-86.1,8664182.1001],[-83.73,8664182.0201],[-81.6699,8664182.09],[-79.6699,8664182.21],[-75.8299,8664182.6001],[-73.37,8664182.58],[-71.2599,8664182.34],[-67.74,8664181.7201],[-63.75,8664181.9],[-61.29,8664182.21],[-58.4499,8664182.7701],[-55.92,8664183.2101],[-53.93,8664183.51],[-51.92,8664183.6801],[-49.68,8664184.2001],[-47.29,8664185.3701],[-45.41,8664186.5601],[-44.3359,8664187.7301],[-43.62,8664188.51],[-42.24,8664190.0901],[-40.0199,8664191.2301],[37.7775,8664154.8218],[-164.4873,8664081.0035],[-122.3267,8663942.4724],[-34.6157,8663788.5717],[-150.8199,8663704.7669],[-102.907,8663682.2197],[111.229,8663581.4498],[-143.4569,8663531.8903],[-63.2713,8663501.0497],[-61.5741,8663361.9352],[-36.675,8663352.3587],[58.3923,8663315.7943],[55.9254,8663181.7194],[52.978,8663181.7347],[14.2423,8663181.1323],[-24.4725,8663179.7267],[-63.1499,8663177.5187],[-101.7731,8663174.5093],[-140.3257,8663170.6995],[-178.7911,8663166.0913],[142.8474,8663160.6865],[104.6063,8663154.4873],[66.5019,8663147.4965],[28.5507,8663139.7172],[-9.2311,8663131.1526],[-46.8273,8663121.8065],[-81.3614,8663112.457],[-84.2214,8663111.6827],[-121.3977,8663100.7858],[-158.34,8663089.1204],[164.9675,8663076.6915],[128.5407,8663063.5045],[113.1112,8663057.5541],[92.3951,8663049.5649],[56.5463,8663034.8789],[21.0097,8663019.4527],[-14.1993,8663003.293],[-30.9039,8662995.3141],[-79.4915,8662965.8559],[-103.4243,8662951.1756],[-110.3287,8662912.7482],[-171.6593,8662676.6568],[148.1405,8662526.857],[135.7534,8662478.1057],[-1.3419,8661938.5489],[-78.577,8661685.8854],[167.3593,8661396.6935],[120.2006,8661295.2148],[21.8417,8661083.5611],[-124.1959,8660819.0519],[118.9792,8660640.8634],[46.1398,8660546.7356],[119.14,8660543.5701],[46.8777,8660557.2719],[152.5654,8660562.3046],[-64.3175,8660586.2625],[125.0279,8660586.2625],[-165.2066,8660586.2625],[-143.9299,8660586.2625],[22.5752,8660740.4375],[117.9977,8660757.0327],[141.1043,8660762.8093],[-89.6921,8660885.1101],[69.9938,8660958.8113],[-64.1486,8661063.0532],[105.3105,8661141.2651],[-14.9283,8661434.3066],[75.4549,8661544.7749],[129.5432,8661610.8829],[-138.2474,8661753.7015],[-138.3918,8661946.9634],[-138.4272,8661994.3493],[-138.5509,8662160.0372],[-136.7593,8662159.2907],[6.1695,8662099.7371],[-4.9985,8661954.3905],[-41.4376,8661646.788],[-148.4233,8661370.9315],[154.5903,8660830.6919],[-96.8824,8660376.8906],[62.2269,8659469.2879],[-74.3141,8659101.9249],[84.3159,8658734.562],[77.4323,8658323.9799],[-80.7185,8657978.2265],[-65.9925,8657481.2059],[141.5639,8657232.2425],[133.9746,8657232.2425],[69.6783,8657232.2425],[59.2661,8657232.2425],[-134.87,8657232.2425],[-136.7594,8657232.2425],[147.4445,8657232.2425],[-77.3069,8657232.2425],[63.7199,8657232.2425],[-32.329,8657232.2425],[-42.7492,8657232.2425],[85.7853,8657232.2425],[20.9686,8657343.0582],[-83.5177,8657521.6961],[-142.637,8657613.734],[122.2056,8657761.8767],[98.0287,8657799.5157],[-47.9787,8658097.6143],[-169.1423,8658263.6181],[134.4175,8658340.9457],[-99.8431,8658549.584],[-158.3495,8658601.6913],[150.7587,8658656.0929],[167.7457,8659022.7619],[128.2041,8659063.3174],[71.5263,8659121.4484],[114.0757,8659138.4681],[165.969,8659173.6499],[174.7039,8659179.5719],[-161.1807,8659202.7941],[-49.7147,8659248.0069],[119.896,8659338.107],[-175.7255,8659242.5452],[45.7179,8659404.3692],[-133.7287,8659536.3121],[-169.6869,8659591.216],[158.2969,8659640.1009],[-132.139,8659775.1359],[-122.0757,8659791.1329],[-127.9617,8659828.2949],[-133.1681,8659866.3029],[-137.5775,8659904.4115],[-141.1877,8659942.6041],[-143.9973,8659980.8641],[-146.0051,8660019.1744],[-147.2101,8660057.5183],[-147.6118,8660095.8791],[-147.2101,8660134.2399],[-146.0051,8660172.5839],[-144.6705,8660198.0499],[-143.9973,8660210.8943],[-141.1877,8660249.1541],[-137.5775,8660287.3467],[-135.2103,8660308.6667],[-133.1679,8660325.4567],[-127.9617,8660363.4628],[-121.9608,8660401.3515],[-115.1677,8660439.1061],[-107.5853,8660476.7103],[-99.2171,8660514.1475],[-93.4135,8660538.1617],[-87.5923,8660551.2569],[-78.6129,8660569.7698],[-68.9136,8660587.9159],[-58.5094,8660605.6672],[-47.4163,8660622.9963],[-35.6514,8660639.8767],[-23.2328,8660656.2821],[-12.7334,8660669.0756],[-10.1797,8660672.1873],[3.4876,8660687.5677],[17.7484,8660702.3997],[32.5804,8660716.6605],[47.9609,8660730.3279],[63.8661,8660743.3809],[72.978,8660750.2785],[-35.3253,8660750.2785],[-81.394,8660777.9198],[-102.8661,8660790.8031],[108.5439,8660912.3767],[-53.5543,8661033.9503],[119.15,8661154.3545],[-115.7163,8661555.1029],[93.7543,8662225.9461],[118.9945,8662306.7795],[128.3206,8662336.6468],[-28.3268,8662987.8966],[85.7834,8663353.3418],[175.6398,8663641.1127],[-159.982,8663719.1857],[-138.7905,8663787.0526],[87.6987,8663835.4411],[49.5077,8663849.2827],[-125.6404,8663892.8763],[28.7073,8663944.0623],[149.1424,8664003.6891],[-102.7293,8664066.3789],[-115.0468,8664069.4447],[-34.3613,8664138.965],[-103.7366,8664156.2322],[-145.2061,8664166.5538],[-107.659,8664195.5387],[-32.4527,8664247.8005],[-33.6272,8664190.256],[-13.6711,8664198.2749],[8.6855,8664206.3882],[31.3047,8664213.7376],[54.1605,8664220.3148],[77.2264,8664226.112],[86.9031,8664228.2979],[100.4729,8664231.122],[123.8785,8664235.3401],[147.4139,8664238.7611],[171.0518,8664241.3809],[172.7519,8664241.5381],[-173.543,8664243.0154],[-143.9259,8664245.6177],[-114.2493,8664247.4205],[-84.5349,8664248.4225],[-54.8043,8664248.6229],[-25.0791,8664248.0217],[4.6191,8664246.6191],[34.2687,8664244.4164],[63.8481,8664241.4149],[93.3358,8664237.6171],[122.7104,8664233.0255],[137.0865,8664230.3794],[151.9505,8664227.6435],[-178.9651,8664221.4751],[-150.0577,8664214.5247],[-123.9955,8664207.51],[-105.6277,8664262.6135],[-94.9072,8664300.1352],[-72.8805,8664377.2283],[-23.7599,8664557.3373],[-23.7599,8664676.2526],[63.0111,8664722.7701],[-12.2415,8664882.3856],[-138.3542,8665024.1201],[-138.7699,8665023.58],[-140.01,8665022.0301],[-141.1999,8665020.26],[-142.3399,8665018.6801],[-143.42,8665017.3701],[-144.5899,8665015.9101],[-145.86,8665014.2501],[-147.1699,8665012.71],[-148.49,8665011.3501],[-149.7899,8665009.9101],[-151.2799,8665008.4101],[-152.81,8665006.9801],[-154.29,8665005.7301],[-155.68,8665004.4201],[-157.17,8665002.96],[-158.68,8665001.5501],[-160.1099,8665000.3601],[-161.43,8664999.27],[-162.8999,8664998.0501],[-164.3,8664996.5901],[-165.6399,8664995.0401],[-166.8999,8664993.72],[-168.26,8664992.46],[-169.6399,8664991.1101],[-171.0599,8664989.64],[-172.43,8664988.4201],[-173.8899,8664987.4],[-175.4399,8664986.4],[-176.99,8664985.39],[-178.4299,8664984.4201],[-179.92,8664983.5301],[178.4701,8664982.77],[176.9301,8664982.0601],[175.56,8664981.3501],[174.09,8664980.59],[172.5401,8664979.7301],[171.06,8664978.9001],[169.68,8664978.0001],[168.0801,8664977.0401],[166.43,8664976.01],[164.93,8664975.0301],[163.57,8664974.0601],[162.0401,8664972.9701],[160.52,8664971.9301],[159.07,8664970.9201],[157.62,8664970.0001],[156.02,8664969.1801],[154.43,8664968.4901],[152.9001,8664967.7701],[151.4201,8664966.9801],[149.83,8664966.1601],[148.18,8664965.4301],[146.56,8664964.7801],[144.83,8664964.0301],[143.0901,8664963.1901],[141.51,8664962.3501],[140.1001,8664961.5701],[138.52,8664960.7301],[136.9101,8664959.7501],[135.3601,8664958.64],[133.9801,8664957.5401],[132.44,8664956.45],[130.93,8664955.3601],[129.4801,8664954.2001],[128.07,8664952.9701],[126.5701,8664951.7201],[125.0501,8664950.5601],[123.63,8664949.51],[122.2301,8664948.3701],[120.7401,8664947.2501],[120.0,8664946.7301],[119.2201,8664946.1901],[117.75,8664945.0901],[116.2901,8664943.9301],[114.6701,8664942.6901],[113.15,8664941.3801],[111.75,8664939.9701],[110.32,8664938.5301],[108.7501,8664937.14],[107.31,8664935.5701],[105.9701,8664933.8701],[104.69,8664932.2201],[103.4001,8664930.51],[102.15,8664928.64],[100.9201,8664926.8001],[99.87,8664925.1901],[98.8001,8664923.3701],[97.7501,8664921.4],[96.7,8664919.6201],[95.6001,8664917.76],[94.52,8664915.8601],[93.43,8664914.1101],[92.24,8664912.4101],[91.0801,8664910.5501],[89.8901,8664908.7201],[88.75,8664907.1101],[87.5401,8664905.3501],[86.3001,8664903.45],[85.18,8664901.76],[84.06,8664900.1001],[83.0401,8664898.2],[82.1001,8664896.33],[81.24,8664894.6601],[80.5201,8664892.7401],[79.89,8664890.7301],[79.24,8664889.0601],[78.6001,8664887.2401],[78.1001,8664885.2801],[77.6401,8664883.4101],[77.12,8664881.4001],[76.4201,8664879.3201],[75.7501,8664877.58],[75.14,8664875.8101],[74.64,8664873.96],[74.2301,8664872.2301],[73.89,8664870.72],[73.62,8664869.1301],[73.3001,8664867.5001],[72.9201,8664865.8201],[72.44,8664864.0701],[71.77,8664862.14],[70.9201,8664860.34],[70.21,8664858.6601],[69.71,8664856.7],[69.2,8664854.77],[68.7301,8664853.0501],[68.4201,8664851.0001],[68.21,8664848.89],[67.95,8664847.1001],[67.7401,8664844.96],[67.58,8664842.8201],[67.46,8664840.9801],[67.2801,8664838.8701],[66.96,8664836.8001],[66.6101,8664835.1101],[66.3101,8664833.1801],[66.0301,8664831.1101],[65.71,8664829.4101],[65.4,8664827.4301],[65.13,8664825.2101],[64.84,8664823.45],[64.58,8664821.5001],[64.3501,8664819.2801],[64.0201,8664817.4801],[63.7,8664815.6001],[63.33,8664813.5601],[62.9001,8664811.7501],[62.5301,8664809.8601],[62.2401,8664807.84],[62.0401,8664806.1101],[61.95,8664804.4401],[61.8901,8664802.4001],[61.8401,8664800.4201],[61.7801,8664798.6301],[61.6601,8664796.6101],[61.49,8664794.64],[61.2801,8664792.8801],[61.01,8664790.9401],[60.7001,8664788.97],[60.4201,8664787.3701],[60.21,8664785.5501],[60.0401,8664783.5301],[59.87,8664781.71],[59.7301,8664779.76],[59.5301,8664777.7401],[59.26,8664776.0501],[59.0401,8664774.3001],[58.9101,8664772.26],[58.74,8664770.3801],[58.5501,8664768.4801],[58.3401,8664766.39],[58.1601,8664764.6001],[57.71,8664760.8401],[57.46,8664758.9201],[57.1601,8664757.26],[56.76,8664755.4301],[56.27,8664753.5401],[55.75,8664751.9401],[55.24,8664750.2],[54.76,8664748.27],[54.24,8664746.5601],[53.7901,8664744.8801],[53.45,8664742.9101],[53.12,8664741.03],[52.8001,8664739.33],[52.6001,8664737.2901],[52.5301,8664735.26],[52.49,8664733.46],[52.4201,8664731.46],[52.2301,8664729.4501],[51.9901,8664727.65],[51.6101,8664725.7],[50.9801,8664723.7501],[50.39,8664722.1101],[49.9101,8664720.3001],[49.5201,8664718.2501],[49.1701,8664716.46],[48.88,8664714.58],[48.62,8664712.3801],[48.37,8664710.4901],[48.1701,8664708.5901],[48.07,8664706.47],[48.0,8664704.6601],[47.94,8664702.9201],[47.93,8664700.7301],[47.9101,8664698.8201],[47.89,8664696.95],[47.8501,8664694.7401],[47.75,8664692.7501],[47.5,8664690.89],[47.1601,8664688.9201],[46.9101,8664687.0601],[46.76,8664685.1801],[46.68,8664683.0501],[46.6701,8664681.1801],[46.6201,8664679.5101],[46.5,8664677.47],[46.4101,8664675.4601],[46.4001,8664673.76],[46.45,8664671.7301],[46.4901,8664669.7301],[46.5401,8664668.1501],[46.59,8664666.2801],[46.6001,8664664.26],[46.5501,8664662.6301],[46.4901,8664660.8801],[46.4101,8664658.89],[46.21,8664657.1601],[45.9,8664655.4801],[45.4801,8664653.51],[44.9501,8664651.6501],[44.2901,8664650.2],[43.5,8664648.46],[42.74,8664646.5601],[41.9801,8664645.0601],[41.1201,8664643.6901],[40.13,8664642.0701],[38.95,8664640.3801],[37.7801,8664639.0301],[36.63,8664637.8701],[35.3501,8664636.6301],[33.84,8664635.2901],[32.3401,8664633.9201],[30.95,8664632.7301],[29.58,8664631.5901],[28.01,8664630.39],[26.4901,8664629.2501],[25.02,8664628.28],[23.3501,8664627.4801],[21.52,8664626.8001],[19.8501,8664626.1701],[18.26,8664625.5601],[16.5,8664624.83],[14.82,8664624.01],[13.31,8664623.0301],[11.7201,8664621.9],[9.9801,8664620.77],[8.33,8664619.8201],[6.81,8664618.8201],[5.2901,8664617.5301],[3.88,8664616.0601],[2.57,8664614.6101],[1.43,8664613.21],[0.27,8664611.6201],[-0.93,8664609.8801],[-2.25,8664608.3501],[-3.5,8664606.96],[-4.5999,8664605.3901],[-5.6399,8664603.8101],[-6.6499,8664602.4901],[-7.67,8664601.2901],[-8.69,8664599.8701],[-9.6499,8664598.2201],[-10.62,8664596.76],[-11.5899,8664595.4801],[-12.48,8664594.09],[-13.38,8664592.59],[-14.36,8664591.2201],[-15.26,8664590.0301],[-16.0799,8664588.8701],[-16.98,8664587.5301],[-17.93,8664586.1401],[-18.81,8664584.8801],[-19.73,8664583.6901],[-20.6,8664582.39],[-21.4499,8664580.8801],[-22.0671,8664579.7193],[-22.29,8664579.3001],[-23.0299,8664577.96],[-23.7099,8664576.77],[-24.35,8664575.3801],[-24.8399,8664573.9201],[-25.16,8664572.6601],[-25.3299,8664571.5501],[-25.4099,8664570.4801],[-25.5899,8664569.1601],[-25.8499,8664567.6901],[-26.19,8664566.2901],[-26.7699,8664564.9201],[-27.4599,8664563.3601],[-28.23,8664561.6501],[-29.0,8664560.15],[-29.6299,8664558.65],[-30.31,8664556.9201],[-31.16,8664555.1201],[-32.04,8664553.6101],[-32.88,8664552.02],[-33.8399,8664550.1101],[-34.9699,8664548.3501],[-36.16,8664546.89],[-37.3899,8664545.3501],[-38.57,8664543.8701],[-39.94,8664542.5701],[-41.44,8664541.51],[-42.91,8664540.58],[-44.3299,8664539.6001],[-45.88,8664538.6901],[-47.4599,8664537.7501],[-49.0299,8664536.89],[-50.49,8664536.1001],[-52.06,8664535.3801],[-53.7199,8664534.8001],[-55.29,8664534.26],[-56.81,8664533.6001],[-58.3899,8664532.8501],[-59.9499,8664532.03],[-61.43,8664531.2401],[-62.8899,8664530.4801],[-64.4499,8664529.7401],[-66.05,8664529.1301],[-67.53,8664528.58],[-69.0899,8664528.01],[-70.7199,8664527.4401],[-72.3,8664526.9301],[-73.7099,8664526.3501],[-75.24,8664525.8001],[-76.88,8664525.2901],[-78.5299,8664524.83]]]}},{"type":"Feature","properties":{"Name":"ZONA DE PESCA ARTESANAL CON POTENCIAL HIDROBIOLOGICO MEDIO","description":"<div style='font-family:sans-serif;'><h4>ZEE CALLAO - ZONA DE PESCA ARTESANAL CON POTENCIAL HIDROBIOLOGICO MEDIO</h4><table border='1' cellpadding='4' style='border-collapse:collapse;font-size:12px;'><tr><td><b>OBJECTID:</b></td><td>4</td></tr><tr><td><b>ZEECODE:</b></td><td>4</td></tr><tr><td><b>ZEE:</b></td><td>ZONA DE PESCA ARTESANAL CON POTENCIAL HIDROBIOLOGICO MEDIO</td></tr><tr><td><b>ZEE_ZONAS:</b></td><td>Zonas no urbanas</td></tr><tr><td><b>ZEE_GRANDE:</b></td><td>ZONAS PRODUCTIVAS</td></tr><tr><td><b>AREA:</b></td><td>34758070.536</td></tr><tr><td><b>PERIMETER:</b></td><td>35473.185</td></tr><tr><td><b>HECTARES:</b></td><td>3475.807</td></tr></table></div>"},"geometry":{"type":"Polygon","coordinates":[[[113.2368,8668912.5472],[104.3959,8668832.9792],[82.6835,8668845.7512],[-50.1728,8668923.9019],[-154.1177,8669021.3502],[175.2017,8669604.2811],[58.7677,8670070.0175],[-96.4777,8670613.3767],[-96.4777,8671040.3017],[-96.4777,8671094.0754],[-88.6961,8671072.6259],[-86.8748,8671067.8856],[-73.3945,8671032.8011],[-57.3465,8670993.2713],[-40.5577,8670954.0503],[-23.0341,8670915.1521],[-4.7819,8670876.5903],[14.1925,8670838.3787],[33.8823,8670800.5307],[54.2805,8670763.0599],[75.3801,8670725.9795],[97.1733,8670689.3025],[119.6527,8670653.0419],[142.8103,8670617.2105],[166.6377,8670581.8213],[-168.8735,8670546.8863],[-143.7317,8670512.4183],[-117.9461,8670478.4293],[-91.5257,8670444.9313],[-64.4799,8670411.9363],[-36.8181,8670379.4559],[-11.0805,8670350.3127],[-6.1305,8670343.7111],[16.2989,8670314.6181],[39.3599,8670286.0229],[63.0413,8670257.9395],[87.3319,8670230.3813],[112.2199,8670203.3613],[137.6935,8670176.8927],[163.7403,8670150.9879],[-169.6521,8670125.6597],[-142.4963,8670100.9199],[-114.8055,8670076.7805],[-86.5929,8670053.2531],[-57.8719,8670030.3491],[-28.6565,8670008.0791],[1.0393,8669986.4541],[20.4513,8669972.9582],[-48.4495,8669852.3818],[-100.1835,8669723.0468],[173.5931,8669317.7969],[130.4815,8669171.2172],[113.2368,8668990.1482],[113.2368,8668912.5472]]]}},{"type":"Feature","properties":{"Name":"ZONA DE PESCA INDUSTRIAL CON POTENCIAL HIDROBIOLOGICO ALTO","description":"<div style='font-family:sans-serif;'><h4>ZEE CALLAO - ZONA DE PESCA INDUSTRIAL CON POTENCIAL HIDROBIOLOGICO ALTO</h4><table border='1' cellpadding='4' style='border-collapse:collapse;font-size:12px;'><tr><td><b>OBJECTID:</b></td><td>5</td></tr><tr><td><b>ZEECODE:</b></td><td>5</td></tr><tr><td><b>ZEE:</b></td><td>ZONA DE PESCA INDUSTRIAL CON POTENCIAL HIDROBIOLOGICO ALTO</td></tr><tr><td><b>ZEE_ZONAS:</b></td><td>Zonas no urbanas</td></tr><tr><td><b>ZEE_GRANDE:</b></td><td>ZONAS PRODUCTIVAS</td></tr><tr><td><b>AREA:</b></td><td>241892903.731</td></tr><tr><td><b>PERIMETER:</b></td><td>149903.106</td></tr><tr><td><b>HECTARES:</b></td><td>24189.29</td></tr></table></div>"},"geometry":{"type":"Polygon","coordinates":[[[55.6732,8659206.8031],[172.8189,8659169.8098],[-176.1485,8659169.8098],[-5.204,8659169.8098],[0.8687,8659169.8098],[111.335,8659151.8269],[144.218,8659141.5509],[-161.4105,8659124.8626],[-111.9949,8659109.6955],[37.0062,8659107.6403],[71.5263,8659121.4484],[128.2041,8659063.3174],[167.7457,8659022.7619],[150.7587,8658656.0929],[-158.3495,8658601.6913],[-99.8431,8658549.584],[134.4175,8658340.9457],[-169.1423,8658263.6181],[-47.9787,8658097.6143],[98.0287,8657799.5157],[122.2056,8657761.8767],[-142.637,8657613.734],[-83.5177,8657521.6961],[20.9686,8657343.0582],[85.7853,8657232.2425],[72.1299,8657232.2425],[-86.3448,8657232.2425],[-94.3631,8657232.2425],[-123.8199,8657232.2425],[8.1077,8657232.2425],[40.684,8657232.2425],[35.3738,8657253.7139],[28.2123,8657285.477],[21.8355,8657317.4069],[16.2473,8657349.4842],[11.4511,8657381.6895],[7.4498,8657414.0031],[4.2458,8657446.4055],[1.8411,8657478.877],[0.2372,8657511.398],[-0.565,8657543.9485],[-0.565,8657576.509],[0.2372,8657609.0595],[1.8411,8657641.5804],[3.2406,8657661.7569],[9.769,8657815.1188],[41.7587,8658096.7447],[43.9438,8658110.4775],[33.4264,8658139.6318],[22.0168,8658168.8867],[9.8608,8658197.8393],[-3.0337,8658226.4707],[-16.6581,8658254.7621],[-31.0035,8658282.6948],[-35.792,8658291.4582],[-46.0604,8658310.2504],[-61.819,8658337.4109],[-78.2689,8658364.1584],[-95.3993,8658390.4752],[-113.1988,8658416.3441],[-131.6559,8658441.7481],[-150.7583,8658466.6704],[-170.4936,8658491.0947],[169.1514,8658515.0049],[148.1899,8658538.3853],[126.6358,8658561.2205],[104.5032,8658583.4954],[81.8067,8658605.1955],[58.5612,8658626.3064],[34.782,8658646.8144],[15.344,8658662.7277],[10.4847,8658666.7058],[-14.3146,8658685.9676],[-39.5997,8658704.5872],[-65.354,8658722.5522],[-91.5605,8658739.851],[-118.2019,8658756.472],[-145.2608,8658772.4044],[-172.7193,8658787.6377],[159.4405,8658802.1619],[131.2371,8658815.9674],[102.6889,8658829.0452],[73.8148,8658841.3866],[44.6337,8658852.9835],[15.1648,8658863.8283],[-14.5725,8658873.9139],[-44.5586,8658883.2336],[-74.7739,8658891.7814],[-105.1984,8658899.5515],[-135.8121,8658906.5389],[-147.4713,8658908.9839],[32.4197,8658941.7309],[-147.6893,8658958.1045],[32.2017,8658958.1045],[-12.8897,8658958.1045],[-164.2809,8658958.1045],[15.6101,8658958.1045],[-106.1836,8658945.9251],[-148.1253,8658941.7309],[-150.5577,8658941.5098],[31.7657,8658925.3573],[-123.5279,8658897.1222],[-148.3433,8658892.6103],[-167.576,8658892.6103],[-136.811,8657607.2324],[-137.1665,8657232.2425],[86.0865,8657232.2425],[40.9609,8657232.2425],[18.3203,8657232.2425],[28.0935,8657242.0928],[59.6978,8657274.6915],[90.7202,8657307.8444],[121.151,8657341.5412],[150.9807,8657375.7712],[-179.8001,8657410.5239],[-151.2005,8657445.7882],[-123.2295,8657481.5531],[-95.8959,8657517.8075],[-78.5233,8657541.563],[-69.2082,8657554.54],[-43.1748,8657591.739],[-17.8038,8657629.393],[3.2406,8657661.7569],[40.5008,8657762.4967],[66.0898,8657841.3517],[111.5793,8658009.5719],[149.7409,8658205.0528],[172.8738,8658370.7633],[-165.2691,8658594.2398],[-164.9198,8658597.8116],[-154.1018,8658892.6103],[-151.8595,8658953.715],[-173.945,8659321.3785],[166.0074,8659517.5309],[125.1407,8659797.1866],[103.6201,8659902.258],[175.0429,8659924.5777],[76.3961,8659927.3745],[98.4327,8659927.6104],[-112.8537,8659929.2019],[59.7821,8659925.0915],[67.4078,8659924.0164],[77.1557,8659922.6422],[89.7541,8659870.1152],[90.8186,8659869.9575],[-161.4278,8659853.994],[-159.2657,8659853.6737],[-46.2303,8659826.9562],[69.8878,8659779.6869],[174.7023,8659692.3414],[-122.6144,8659596.7751],[-90.2452,8659517.1365],[-76.8865,8659431.8463],[-75.8589,8659336.28],[-66.6105,8659285.9279],[-44.0035,8659248.9345],[-3.9273,8659228.3826],[55.6732,8659206.8031]]]}},{"type":"Feature","properties":{"Name":"ZONA DE PESCA INDUSTRIAL CON POTENCIAL HIDROBIOLOGICO MEDIO","description":"<div style='font-family:sans-serif;'><h4>ZEE CALLAO - ZONA DE PESCA INDUSTRIAL CON POTENCIAL HIDROBIOLOGICO MEDIO</h4><table border='1' cellpadding='4' style='border-collapse:collapse;font-size:12px;'><tr><td><b>OBJECTID:</b></td><td>6</td></tr><tr><td><b>ZEECODE:</b></td><td>6</td></tr><tr><td><b>ZEE:</b></td><td>ZONA DE PESCA INDUSTRIAL CON POTENCIAL HIDROBIOLOGICO MEDIO</td></tr><tr><td><b>ZEE_ZONAS:</b></td><td>Zonas no urbanas</td></tr><tr><td><b>ZEE_GRANDE:</b></td><td>ZONAS PRODUCTIVAS</td></tr><tr><td><b>AREA:</b></td><td>35609415.683</td></tr><tr><td><b>PERIMETER:</b></td><td>54390.299</td></tr><tr><td><b>HECTARES:</b></td><td>3560.942</td></tr></table></div>"},"geometry":{"type":"Polygon","coordinates":[[[7.4203,8657232.2425],[-137.1665,8657232.2425],[-136.811,8657607.2324],[-167.576,8658892.6103],[-148.3433,8658892.6103],[-123.5279,8658897.1222],[31.7657,8658925.3573],[-150.5577,8658941.5098],[-148.1253,8658941.7309],[-106.1836,8658945.9251],[15.6101,8658958.1045],[-164.2809,8658958.1045],[-12.8897,8658958.1045],[32.2017,8658958.1045],[-147.6893,8658958.1045],[32.4197,8658941.7309],[-147.4713,8658908.9839],[-135.8121,8658906.5389],[-105.1984,8658899.5515],[-74.7739,8658891.7814],[-44.5586,8658883.2336],[-14.5725,8658873.9139],[15.1648,8658863.8283],[44.6337,8658852.9835],[73.8148,8658841.3866],[102.6889,8658829.0452],[131.2371,8658815.9674],[159.4405,8658802.1619],[-172.7193,8658787.6377],[-145.2608,8658772.4044],[-118.2019,8658756.472],[-91.5605,8658739.851],[-65.354,8658722.5522],[-39.5997,8658704.5872],[-14.3146,8658685.9676],[10.4847,8658666.7058],[15.344,8658662.7277],[34.782,8658646.8144],[58.5612,8658626.3064],[81.8067,8658605.1955],[104.5032,8658583.4954],[126.6358,8658561.2205],[148.1899,8658538.3853],[169.1514,8658515.0049],[-170.4936,8658491.0947],[-150.7583,8658466.6704],[-131.6559,8658441.7481],[-113.1988,8658416.3441],[-95.3993,8658390.4752],[-78.2689,8658364.1584],[-61.819,8658337.4109],[-46.0604,8658310.2504],[-35.792,8658291.4582],[-31.0035,8658282.6948],[-16.6581,8658254.7621],[-3.0337,8658226.4707],[9.8608,8658197.8393],[22.0168,8658168.8867],[33.4264,8658139.6318],[43.9438,8658110.4775],[41.7587,8658096.7447],[9.769,8657815.1188],[3.2406,8657661.7569],[1.8411,8657641.5804],[0.2372,8657609.0595],[-0.565,8657576.509],[-0.565,8657543.9485],[0.2372,8657511.398],[1.8411,8657478.877],[4.2458,8657446.4055],[7.4498,8657414.0031],[11.4511,8657381.6895],[16.2473,8657349.4842],[21.8355,8657317.4069],[28.2123,8657285.477],[35.3738,8657253.7139],[40.684,8657232.2425],[-159.7599,8657232.2425],[30.6988,8657232.2425],[7.4203,8657232.2425]]]}},{"type":"Feature","properties":{"Name":"ZONA POTENCIAL PARA MARICULTURA","description":"<div style='font-family:sans-serif;'><h4>ZEE CALLAO - ZONA POTENCIAL PARA MARICULTURA</h4><table border='1' cellpadding='4' style='border-collapse:collapse;font-size:12px;'><tr><td><b>OBJECTID:</b></td><td>7</td></tr><tr><td><b>ZEECODE:</b></td><td>7</td></tr><tr><td><b>ZEE:</b></td><td>ZONA POTENCIAL PARA MARICULTURA</td></tr><tr><td><b>ZEE_ZONAS:</b></td><td>Zonas no urbanas</td></tr><tr><td><b>ZEE_GRANDE:</b></td><td>ZONAS PRODUCTIVAS</td></tr><tr><td><b>AREA:</b></td><td>474623.329</td></tr><tr><td><b>PERIMETER:</b></td><td>4402.66</td></tr><tr><td><b>HECTARES:</b></td><td>47.462</td></tr></table></div>"},"geometry":{"type":"Polygon","coordinates":[[[45.7179,8659404.3692],[-175.7255,8659242.5452],[119.896,8659338.107],[-40.8317,8659576.6872],[138.1571,8659845.3757],[-41.1487,8660000.62],[165.7585,8660178.3853],[-126.926,8660075.6026],[-122.0288,8660068.1251],[158.2969,8659640.1009],[-169.6869,8659591.216],[-133.7287,8659536.3121],[45.7179,8659404.3692]]]}},{"type":"Feature","properties":{"Name":"ZONA DE NUCLEO DE PRODUCCION CON POTENCIAL HIDROBIOLOGICO ALTO","description":"<div style='font-family:sans-serif;'><h4>ZEE CALLAO - ZONA DE NUCLEO DE PRODUCCION CON POTENCIAL HIDROBIOLOGICO ALTO</h4><table border='1' cellpadding='4' style='border-collapse:collapse;font-size:12px;'><tr><td><b>OBJECTID:</b></td><td>8</td></tr><tr><td><b>ZEECODE:</b></td><td>8</td></tr><tr><td><b>ZEE:</b></td><td>ZONA DE NUCLEO DE PRODUCCION CON POTENCIAL HIDROBIOLOGICO ALTO</td></tr><tr><td><b>ZEE_ZONAS:</b></td><td>Zonas no urbanas</td></tr><tr><td><b>ZEE_GRANDE:</b></td><td>ZONAS PRODUCTIVAS</td></tr><tr><td><b>AREA:</b></td><td>13984612.302</td></tr><tr><td><b>PERIMETER:</b></td><td>24946.509</td></tr><tr><td><b>HECTARES:</b></td><td>1398.461</td></tr></table></div>"},"geometry":{"type":"Polygon","coordinates":[[[-81.394,8660777.9198],[-35.3253,8660750.2785],[72.978,8660750.2785],[63.8661,8660743.3809],[47.9609,8660730.3279],[32.5804,8660716.6605],[17.7484,8660702.3997],[3.4876,8660687.5677],[-10.1797,8660672.1873],[-12.7334,8660669.0756],[-23.2328,8660656.2821],[-35.6514,8660639.8767],[-47.4163,8660622.9963],[-58.5094,8660605.6672],[-68.9136,8660587.9159],[-78.6129,8660569.7698],[-87.5923,8660551.2569],[-93.4135,8660538.1617],[-99.2171,8660514.1475],[-107.5853,8660476.7103],[-115.1677,8660439.1061],[-121.9608,8660401.3515],[-127.9617,8660363.4628],[-133.1679,8660325.4567],[-135.2103,8660308.6667],[-137.5775,8660287.3467],[-141.1877,8660249.1541],[-143.9973,8660210.8943],[-144.6705,8660198.0499],[-146.0051,8660172.5839],[-147.2101,8660134.2399],[-147.6118,8660095.8791],[-147.2101,8660057.5183],[-146.0051,8660019.1744],[-143.9973,8659980.8641],[-141.1877,8659942.6041],[-137.5775,8659904.4115],[-133.1681,8659866.3029],[-127.9617,8659828.2949],[-122.0757,8659791.1329],[-132.139,8659775.1359],[158.2969,8659640.1009],[-122.0288,8660068.1251],[-126.926,8660075.6026],[165.7585,8660178.3853],[-41.1487,8660000.62],[138.1571,8659845.3757],[-40.8317,8659576.6872],[119.896,8659338.107],[-49.7147,8659248.0069],[-161.1807,8659202.7941],[-157.5511,8659206.2893],[-123.6405,8659258.6967],[-106.1714,8659297.7453],[-95.3817,8659386.6321],[-95.3817,8659441.0947],[-95.8129,8659442.4559],[-147.789,8659606.5373],[-178.6168,8659682.5792],[171.9581,8659711.7741],[109.6364,8659810.9221],[4.2382,8659975.3433],[-6.7874,8660000.5447],[-25.2733,8660042.7981],[-46.3529,8660122.9007],[-58.1988,8660161.0709],[-65.0945,8660183.2902],[-84.2962,8660245.1626],[-147.5351,8660358.9926],[98.6348,8660472.8227],[-175.4004,8660725.7783],[-38.221,8660883.4667],[-89.4357,8660919.7109],[173.598,8661050.4046],[162.982,8661067.0211],[76.6317,8661202.178],[66.2655,8661214.0251],[-100.4372,8661404.5425],[95.1416,8661493.077],[86.0979,8661504.0048],[-91.6467,8661718.7796],[151.5949,8661859.8626],[-24.9666,8661974.8329],[-29.69,8661977.9086],[140.5933,8662218.2164],[0.0456,8662429.038],[-2.7482,8662433.2287],[-67.035,8662521.3254],[-161.2518,8662591.9492],[84.6146,8662677.5024],[13.5191,8662731.7753],[-97.7833,8662816.7414],[152.2641,8662903.0593],[85.4705,8662973.9633],[11.9975,8663077.2365],[-51.7133,8663165.6096],[-77.7177,8663189.0645],[-98.2356,8663207.5708],[151.0648,8663307.4176],[101.2265,8663377.8078],[20.1349,8663585.3817],[19.5327,8663586.9232],[6.3546,8663608.8576],[5.1464,8663612.613],[-63.7024,8663706.1241],[-153.2095,8663772.8107],[-161.4769,8663778.9702],[114.9272,8663841.2527],[-130.154,8664029.8163],[155.8592,8664107.9134],[68.9153,8664196.5664],[10.8323,8664255.791],[6.0359,8664260.6817],[-53.2562,8664321.1392],[135.7844,8664492.0978],[102.7664,8664525.1166],[26.3819,8664590.2681],[-2.0482,8664614.5173],[-87.8523,8664676.6868],[-127.7638,8664704.554],[98.4843,8664797.9429],[-23.1563,8664928.2514],[-117.8243,8665029.6654],[112.8762,8665167.277],[98.9828,8665182.0635],[98.3125,8665182.7769],[36.4836,8665227.4053],[-38.3575,8665281.4259],[-150.7601,8665319.8331],[157.7412,8665337.4298],[50.8714,8665392.9199],[-71.3914,8665409.0364],[-175.1993,8665422.7201],[145.0745,8665429.3606],[9.5959,8665452.0066],[-52.2026,8665456.0369],[-84.9427,8665458.1721],[-172.2882,8665486.9448],[129.1389,8665522.9106],[70.3751,8665579.3471],[25.3519,8665622.5872],[-45.7176,8665639.9597],[-67.1316,8665645.1943],[-70.1967,8665645.3],[-96.9318,8665646.2219],[147.4638,8665647.7633],[5.6558,8665683.729],[-114.5727,8665764.909],[-123.7402,8665774.0572],[-61.0849,8665668.86],[-36.7763,8665662.8097],[153.6532,8665615.4125],[-5.6281,8665565.4544],[-175.2173,8665518.062],[-40.5504,8665484.5439],[-115.7552,8665413.6595],[38.2457,8665375.3293],[152.7309,8665346.8344],[154.0292,8665346.5112],[61.6159,8665279.91],[-64.4965,8665221.6963],[-33.9305,8665214.0885],[-2.3951,8665206.2395],[78.1609,8665096.5869],[163.1125,8665075.4428],[-166.5711,8664978.2946],[-66.905,8664863.8855],[-28.482,8664854.3222],[-76.21,8664776.5989],[-63.5855,8664773.4567],[-167.2423,8664709.6539],[1.6876,8664667.608],[48.9091,8664655.8547],[-61.7077,8664504.1817],[-147.8439,8664436.018],[88.6473,8664377.1563],[167.4676,8664267.9357],[-174.8982,8664263.5466],[-145.2061,8664166.5538],[-103.7366,8664156.2322],[-34.3613,8664138.965],[-115.0468,8664069.4447],[-102.7293,8664066.3789],[149.1424,8664003.6891],[28.7073,8663944.0623],[-125.6404,8663892.8763],[49.5077,8663849.2827],[87.6987,8663835.4411],[-138.7905,8663787.0526],[-159.982,8663719.1857],[175.6398,8663641.1127],[85.7834,8663353.3418],[-28.3268,8662987.8966],[128.3206,8662336.6468],[118.9945,8662306.7795],[93.7543,8662225.9461],[-115.7163,8661555.1029],[119.15,8661154.3545],[-53.5543,8661033.9503],[108.5439,8660912.3767],[-102.8661,8660790.8031],[-81.394,8660777.9198]]]}},{"type":"Feature","properties":{"Name":"ZONA DE CONCENTRACION INDUSTRIAL Y SERVICIOS LOGISTICOS","description":"<div style='font-family:sans-serif;'><h4>ZEE CALLAO - ZONA DE CONCENTRACION INDUSTRIAL Y SERVICIOS LOGISTICOS</h4><table border='1' cellpadding='4' style='border-collapse:collapse;font-size:12px;'><tr><td><b>OBJECTID:</b></td><td>9</td></tr><tr><td><b>ZEECODE:</b></td><td>10</td></tr><tr><td><b>ZEE:</b></td><td>ZONA DE CONCENTRACION INDUSTRIAL Y SERVICIOS LOGISTICOS</td></tr><tr><td><b>ZEE_ZONAS:</b></td><td>Zonas productivas urbanas</td></tr><tr><td><b>ZEE_GRANDE:</b></td><td>ZONAS PRODUCTIVAS</td></tr><tr><td><b>AREA:</b></td><td>13254709.228</td></tr><tr><td><b>PERIMETER:</b></td><td>78933.287</td></tr><tr><td><b>HECTARES:</b></td><td>1325.471</td></tr></table></div>"},"geometry":{"type":"Polygon","coordinates":[[[-136.8692,8665192.3772],[-141.8659,8665185.8319],[-153.788,8665194.0172],[-158.856,8665197.729],[88.4736,8665280.2482],[67.2036,8665303.0408],[59.0032,8665311.8282],[44.7591,8665327.092],[88.7562,8665336.9168],[89.0866,8665336.9906],[-143.5023,8665362.5625],[-129.2747,8665435.1],[-70.5736,8665446.4782],[26.4459,8665465.2838],[27.1128,8665461.7175],[29.0116,8665451.5628],[37.3805,8665406.8075],[48.3211,8665348.2993],[48.5521,8665347.0641],[48.6534,8665346.5222],[45.9765,8665346.0207],[14.6304,8665340.1475],[-118.6924,8665315.1677],[-34.5299,8665263.4857],[-69.3462,8665255.4512],[-77.0965,8665253.6626],[-82.7275,8665251.4102],[-86.69,8665249.8253],[-88.6317,8665249.0486],[-97.4835,8665242.4098],[-107.013,8665231.1477],[-109.6547,8665228.0257],[-133.8984,8665196.2686],[-136.8692,8665192.3772]]]}},{"type":"Feature","properties":{"Name":"ZONA DE CONCENTRACION COMERCIAL","description":"<div style='font-family:sans-serif;'><h4>ZEE CALLAO - ZONA DE CONCENTRACION COMERCIAL</h4><table border='1' cellpadding='4' style='border-collapse:collapse;font-size:12px;'><tr><td><b>OBJECTID:</b></td><td>10</td></tr><tr><td><b>ZEECODE:</b></td><td>11</td></tr><tr><td><b>ZEE:</b></td><td>ZONA DE CONCENTRACION COMERCIAL</td></tr><tr><td><b>ZEE_ZONAS:</b></td><td>Zonas productivas urbanas</td></tr><tr><td><b>ZEE_GRANDE:</b></td><td>ZONAS PRODUCTIVAS</td></tr><tr><td><b>AREA:</b></td><td>1179445.919</td></tr><tr><td><b>PERIMETER:</b></td><td>18489.161</td></tr><tr><td><b>HECTARES:</b></td><td>117.945</td></tr></table></div>"},"geometry":{"type":"Polygon","coordinates":[[[27.619,8665986.8303],[-77.4179,8665960.4756],[-53.7368,8666025.0255],[21.5078,8666034.5744],[27.619,8665986.8303]]]}},{"type":"Feature","properties":{"Name":"ZONA DE CONCENTRACION DE SERVICIOS METROPOLITANOS Y NACIONAL","description":"<div style='font-family:sans-serif;'><h4>ZEE CALLAO - ZONA DE CONCENTRACION DE SERVICIOS METROPOLITANOS Y NACIONAL</h4><table border='1' cellpadding='4' style='border-collapse:collapse;font-size:12px;'><tr><td><b>OBJECTID:</b></td><td>11</td></tr><tr><td><b>ZEECODE:</b></td><td>12</td></tr><tr><td><b>ZEE:</b></td><td>ZONA DE CONCENTRACION DE SERVICIOS METROPOLITANOS Y NACIONAL</td></tr><tr><td><b>ZEE_ZONAS:</b></td><td>Zonas productivas urbanas</td></tr><tr><td><b>ZEE_GRANDE:</b></td><td>ZONAS PRODUCTIVAS</td></tr><tr><td><b>AREA:</b></td><td>1170084.002</td></tr><tr><td><b>PERIMETER:</b></td><td>14296.488</td></tr><tr><td><b>HECTARES:</b></td><td>117.008</td></tr></table></div>"},"geometry":{"type":"Polygon","coordinates":[[[102.5769,8664042.7703],[102.4935,8664042.5431],[87.2465,8664048.7115],[71.3517,8664055.1423],[-127.7605,8664281.3433],[-142.4225,8664287.2751],[-162.3195,8664295.3249],[-161.5929,8664297.3169],[-119.8537,8664411.7257],[153.5359,8664181.3973],[102.5769,8664042.7703]]]}},{"type":"Feature","properties":{"Name":"Zonas productivas urbanas","description":"<div style='font-family:sans-serif;'><h4>ZEE CALLAO - Zonas productivas urbanas</h4><table border='1' cellpadding='4' style='border-collapse:collapse;font-size:12px;'><tr><td><b>OBJECTID:</b></td><td>12</td></tr><tr><td><b>ZEECODE:</b></td><td>13</td></tr><tr><td><b>ZEE:</b></td><td>ZONA AEROPORTUARIA</td></tr><tr><td><b>ZEE_ZONAS:</b></td><td>Zonas productivas urbanas</td></tr><tr><td><b>ZEE_GRANDE:</b></td><td>ZONAS PRODUCTIVAS</td></tr><tr><td><b>AREA:</b></td><td>3642721.397</td></tr><tr><td><b>PERIMETER:</b></td><td>10560.134</td></tr><tr><td><b>HECTARES:</b></td><td>364.272</td></tr></table></div>"},"geometry":{"type":"Polygon","coordinates":[[[-82.8772,8671960.7044],[-18.4035,8671832.1548],[-9.2771,8671836.7365],[-9.0568,8671836.8471],[63.5483,8671873.2968],[-139.2069,8671952.2379],[-125.9916,8671958.8723],[-124.5334,8671955.975],[-123.8354,8671954.5883],[-120.4911,8671947.9436],[172.2582,8671366.3021],[24.9248,8671471.4228],[25.7669,8671469.7605],[62.451,8671397.3478],[92.7396,8671335.7351],[155.5123,8671208.0435],[-144.5756,8671086.1711],[61.3502,8670675.627],[-139.8498,8670347.0332],[-128.6794,8670323.9189],[-88.1479,8670238.28],[-65.921,8670144.7962],[-59.5136,8670132.5386],[-35.8493,8670087.2677],[0.106,8670050.6587],[29.5239,8670013.396],[43.2523,8669983.3243],[149.8107,8669782.6284],[-94.4786,8669579.3175],[-83.4615,8669556.5147],[-65.3657,8669519.0606],[-38.2576,8669462.9531],[-31.2802,8669448.5548],[23.1883,8669336.1544],[74.8381,8669229.5706],[-155.7228,8668964.8089],[-117.9524,8668887.6676],[-78.5824,8668807.2594],[-48.8376,8668719.3324],[-28.7898,8668599.9172],[-15.7151,8668456.9677],[101.415,8668434.2447],[105.1679,8668395.4647],[109.1169,8668354.6585],[112.4385,8668320.3349],[118.7841,8668254.7637],[123.5529,8668205.4864],[65.8864,8668210.3867],[6.1707,8668224.2544],[-6.2335,8668232.0333],[-22.6527,8668242.3301],[-27.2248,8668245.1973],[-45.1302,8668263.6398],[-55.5261,8668274.3476],[-57.2058,8668277.6168],[-57.8396,8668278.8502],[-73.2578,8668308.8585],[-84.5688,8668330.873],[142.3125,8668306.6854],[113.1839,8668301.0212],[77.1824,8668294.0205],[66.2985,8668291.9041],[64.0769,8668290.3455],[7.212,8668250.4508],[-40.1244,8668235.9714],[-44.7357,8668235.2073],[-83.212,8668228.8319],[-83.4285,8668228.796],[-83.7647,8668228.8421],[-111.7413,8668232.6789],[-137.5654,8668236.2205],[-160.5407,8668283.085],[161.7088,8668360.0875],[161.4199,8668360.6769],[138.2944,8668407.8476],[78.1911,8669264.7646],[28.0516,8669367.038],[-26.9341,8669477.3511],[-51.5129,8669526.6613],[-41.9114,8670229.6353],[-64.2956,8670274.9077],[-118.0971,8670382.7262],[-173.6928,8670494.1403],[13.2258,8670844.4915],[13.1664,8670844.6121],[11.2014,8670845.0533],[11.0485,8670845.0876],[-19.0604,8670851.848],[-31.1214,8670847.1046],[-68.6563,8670925.8866],[-55.4572,8670931.2487],[-44.5989,8670956.8774],[-43.624,8670959.1785],[-43.4241,8670959.6505],[-67.0659,8671008.097],[158.0108,8671284.5803],[159.8485,8671285.5794],[130.0818,8671347.5324],[91.9553,8671424.6096],[60.576,8671488.0466],[46.1691,8671516.108],[45.2456,8671515.4018],[11.4389,8671583.754],[-63.3071,8671734.8795],[-121.2994,8671852.1316],[-154.437,8671919.1308],[-154.4748,8671919.2073],[-15.8884,8671987.8666],[-152.1056,8672098.7343],[-151.7812,8672098.0874],[-151.435,8672097.3972],[-150.9325,8672096.3953],[-82.8772,8671960.7044]]]}},{"type":"Feature","properties":{"Name":"Zonas productivas urbanas","description":"<div style='font-family:sans-serif;'><h4>ZEE CALLAO - Zonas productivas urbanas</h4><table border='1' cellpadding='4' style='border-collapse:collapse;font-size:12px;'><tr><td><b>OBJECTID:</b></td><td>13</td></tr><tr><td><b>ZEECODE:</b></td><td>14</td></tr><tr><td><b>ZEE:</b></td><td>ZONA PORTUARIA</td></tr><tr><td><b>ZEE_ZONAS:</b></td><td>Zonas productivas urbanas</td></tr><tr><td><b>ZEE_GRANDE:</b></td><td>ZONAS PRODUCTIVAS</td></tr><tr><td><b>AREA:</b></td><td>3543506.197</td></tr><tr><td><b>PERIMETER:</b></td><td>31731.761</td></tr><tr><td><b>HECTARES:</b></td><td>354.351</td></tr></table></div>"},"geometry":{"type":"Polygon","coordinates":[[[-103.7556,8665005.0275],[-130.3727,8664979.7025],[-148.4467,8664997.2697],[-162.5881,8665012.2285],[67.9396,8665149.1847],[-140.2119,8665369.3681],[144.199,8665646.4865],[-178.7412,8665682.596],[54.8857,8665910.2325],[90.0334,8665873.7516],[113.0992,8665849.8109],[-154.1123,8665753.5028],[74.0299,8665516.7069],[-15.9376,8665431.1067],[-87.1015,8665363.3974],[-103.7556,8665005.0275]]]}},{"type":"Feature","properties":{"Name":"ZONA PROTECCION NATURAL DE LOS HUMEDALES DE VENTANILLA","description":"<div style='font-family:sans-serif;'><h4>ZEE CALLAO - ZONA PROTECCION NATURAL DE LOS HUMEDALES DE VENTANILLA</h4><table border='1' cellpadding='4' style='border-collapse:collapse;font-size:12px;'><tr><td><b>OBJECTID:</b></td><td>14</td></tr><tr><td><b>ZEECODE:</b></td><td>15</td></tr><tr><td><b>ZEE:</b></td><td>ZONA PROTECCION NATURAL DE LOS HUMEDALES DE VENTANILLA</td></tr><tr><td><b>ZEE_ZONAS:</b></td><td>Zonas de protecci\u00f3n y conservaci\u00f3n ecol\u00f3gica</td></tr><tr><td><b>ZEE_GRANDE:</b></td><td>ZONAS DE PROTECCION Y CONSERVACION ECOLOGICA</td></tr><tr><td><b>AREA:</b></td><td>6014698.98</td></tr><tr><td><b>PERIMETER:</b></td><td>29104.719</td></tr><tr><td><b>HECTARES:</b></td><td>601.47</td></tr></table></div>"},"geometry":{"type":"Polygon","coordinates":[[[-60.749,8685784.0253],[-69.3619,8685780.5801],[-73.1398,8685779.4298],[-79.8645,8685772.7147],[-86.4777,8685768.5751],[-91.7501,8685765.2748],[-91.9727,8685765.1354],[-106.6435,8685755.952],[-108.2552,8685756.6217],[-127.8066,8685780.5963],[-129.0923,8685778.7714],[-130.1093,8685781.7181],[-65.6495,8685786.9092],[-49.6088,8685788.201],[-47.1963,8685786.3136],[-48.644,8685786.0545],[-55.9649,8685785.1933],[-58.4929,8685784.6373],[-60.749,8685784.0253]]]}},{"type":"Feature","properties":{"Name":"ZONA DE PROTECCION AMBIENTAL COSTERO - LA POZA ARENILLA","description":"<div style='font-family:sans-serif;'><h4>ZEE CALLAO - ZONA DE PROTECCION AMBIENTAL COSTERO - LA POZA ARENILLA</h4><table border='1' cellpadding='4' style='border-collapse:collapse;font-size:12px;'><tr><td><b>OBJECTID:</b></td><td>15</td></tr><tr><td><b>ZEECODE:</b></td><td>16</td></tr><tr><td><b>ZEE:</b></td><td>ZONA DE PROTECCION AMBIENTAL COSTERO - LA POZA ARENILLA</td></tr><tr><td><b>ZEE_ZONAS:</b></td><td>Zonas de protecci\u00f3n y conservaci\u00f3n ecol\u00f3gica</td></tr><tr><td><b>ZEE_GRANDE:</b></td><td>ZONAS DE PROTECCION Y CONSERVACION ECOLOGICA</td></tr><tr><td><b>AREA:</b></td><td>177953.699</td></tr><tr><td><b>PERIMETER:</b></td><td>2606.393</td></tr><tr><td><b>HECTARES:</b></td><td>17.795</td></tr></table></div>"},"geometry":{"type":"Polygon","coordinates":[[[-52.4599,8664990.8301],[-51.0999,8664988.3701],[-50.98,8664985.7501],[-52.6065,8664985.1049],[-53.35,8664984.8101],[-55.3765,8664984.7467],[-55.3801,8664984.7466],[-56.23,8664984.7201],[-59.16,8664984.9901],[-61.1,8664986.0601],[-62.82,8664987.39],[-65.1499,8664988.6501],[-67.6999,8664987.33],[-69.69,8664985.6201],[-71.43,8664983.89],[-72.6563,8664982.5123],[-73.0499,8664982.0701],[-74.7699,8664980.1001],[-76.18,8664977.7201],[-77.3399,8664975.14],[-78.1999,8664972.4401],[-78.75,8664969.46],[-79.39,8664965.88],[-80.3899,8664963.27],[-81.4099,8664960.9201],[-82.38,8664958.6001],[-83.1647,8664957.4961],[-83.56,8664956.9401],[-84.94,8664955.45],[-86.12,8664953.3001],[-87.16,8664950.7901],[-88.06,8664948.4401],[-89.0127,8664946.5691],[-89.1599,8664946.2801],[-90.4599,8664943.9501],[-91.74,8664941.5001],[-92.98,8664939.39],[-94.09,8664937.16],[-95.24,8664934.7901],[-96.38,8664932.4301],[-97.4599,8664929.7301],[-98.44,8664927.2],[-99.24,8664925.1301],[-100.1099,8664923.2401],[-101.55,8664920.64],[-102.66,8664918.4201],[-103.82,8664916.0601],[-104.8,8664913.7901],[-105.7099,8664911.2801],[-106.63,8664909.0701],[-107.7199,8664906.71],[-108.8999,8664904.4201],[-109.88,8664902.4201],[-110.9799,8664900.1201],[-112.2799,8664897.7201],[-113.82,8664895.29],[-115.35,8664893.16],[-116.91,8664891.8501],[-118.1399,8664889.9101],[-118.87,8664887.6901],[-119.69,8664885.6801],[-120.68,8664883.5301],[-121.69,8664881.04],[-122.5499,8664878.8001],[-123.43,8664876.66],[-124.24,8664874.4501],[-125.2999,8664872.48],[-126.5799,8664870.4301],[-127.56,8664868.46],[-128.54,8664866.21],[-129.11,8664863.26],[-129.67,8664860.3201],[-130.4699,8664857.3501],[-131.3299,8664854.71],[-132.12,8664852.2501],[-133.0,8664849.4101],[-133.6599,8664847.2247],[-133.8999,8664846.4301],[-135.0299,8664843.4401],[-136.3499,8664840.64],[-137.79,8664838.01],[-139.06,8664835.48],[-140.3,8664832.97],[-141.41,8664830.46],[-142.63,8664827.9401],[-143.91,8664825.2801],[-144.9699,8664822.7701],[-145.74,8664820.68],[-146.92,8664818.4601],[-148.41,8664816.3601],[-150.12,8664814.3501],[-151.6999,8664812.1101],[-152.8999,8664809.8001],[-154.1999,8664807.27],[-155.5299,8664804.8101],[-156.79,8664802.4001],[-157.88,8664799.7],[-158.98,8664796.76],[-160.1399,8664793.8701],[-161.42,8664790.79],[-162.4499,8664787.6201],[-163.43,8664784.9101],[-164.48,8664782.1001],[-165.79,8664779.5001],[-167.0799,8664776.85],[-168.24,8664774.1201],[-169.4299,8664771.35],[-170.8399,8664768.7],[-172.24,8664766.4501],[-173.2599,8664764.3801],[-174.17,8664761.9201],[-174.99,8664759.3201],[-175.94,8664756.65],[-177.1,8664754.01],[-178.48,8664751.52],[-179.6999,8664748.76],[178.8501,8664745.89],[177.2201,8664743.1],[175.76,8664740.0001],[174.4901,8664736.6601],[173.1701,8664734.0201],[172.1001,8664731.64],[171.1701,8664729.08],[170.2,8664726.3501],[169.06,8664722.96],[167.56,8664719.4],[165.9101,8664715.5601],[165.1,8664713.62],[164.7837,8664712.7985],[164.38,8664711.75],[162.96,8664708.5501],[161.6001,8664705.6001],[160.2901,8664702.4101],[159.64,8664700.51],[158.94,8664698.5701],[157.4101,8664695.3501],[156.02,8664691.9901],[155.33,8664690.07],[154.6601,8664687.8501],[153.99,8664685.84],[153.3601,8664683.9401],[152.8601,8664681.7501],[152.41,8664679.3101],[151.99,8664676.9801],[151.57,8664674.9201],[150.74,8664671.45],[150.08,8664669.4201],[149.4721,8664667.4963],[149.4101,8664667.3001],[148.8001,8664665.3801],[147.8901,8664661.46],[147.43,8664659.34],[147.0,8664656.9801],[146.44,8664654.4701],[145.82,8664651.9901],[145.18,8664649.3501],[144.62,8664646.52],[144.19,8664643.6901],[143.87,8664641.0301],[143.69,8664638.1901],[143.51,8664635.2501],[143.24,8664632.2301],[142.97,8664628.9201],[142.89,8664626.02],[142.9101,8664623.48],[142.97,8664620.9001],[143.0401,8664618.46],[143.18,8664614.7401],[143.5,8664611.2201],[143.9701,8664607.5301],[144.51,8664603.5401],[144.8733,8664601.3947],[145.0401,8664600.41],[145.45,8664597.46],[146.33,8664595.21],[147.46,8664592.3001],[148.5901,8664589.2901],[149.53,8664586.76],[150.38,8664584.08],[150.9001,8664581.1101],[151.416,8664578.4742],[151.4501,8664578.3001],[152.1601,8664575.7],[152.81,8664573.3001],[153.7201,8664570.4701],[154.6401,8664568.5601],[155.8501,8664566.8901],[157.0801,8664564.9701],[158.62,8664562.9],[160.2301,8664560.8201],[161.8001,8664558.23],[163.52,8664555.4301],[165.52,8664553.2401],[167.46,8664551.01],[169.37,8664549.0601],[171.1701,8664547.27],[173.2801,8664545.4901],[175.5501,8664543.5901],[177.4801,8664542.0701],[179.7301,8664540.7501],[-177.5299,8664539.29],[-174.6,8664537.9101],[-171.5199,8664536.6801],[-168.4699,8664535.5401],[-165.13,8664534.59],[-163.0999,8664534.1701],[-159.79,8664533.4901],[-156.74,8664532.9401],[-153.05,8664532.4301],[-149.7699,8664532.0001],[-146.43,8664531.6901],[-142.6999,8664531.4001],[-140.6999,8664531.1601],[-137.5,8664530.64],[-134.56,8664530.1901],[-131.5299,8664530.0501],[-128.8399,8664530.4],[-126.9099,8664531.0101],[-124.17,8664531.65],[-121.62,8664532.77],[-119.06,8664534.1],[-116.69,8664534.78],[-115.5109,8664535.2088],[-114.49,8664535.5801],[-111.92,8664536.52],[-109.74,8664536.59],[-107.4599,8664537.6701],[-105.5899,8664538.71],[-103.62,8664539.5501],[-101.3899,8664539.8801],[-99.32,8664539.3501],[-97.4599,8664538.08],[-95.92,8664536.14],[-94.81,8664533.8001],[-94.36,8664531.2901],[-94.3299,8664528.47],[-94.7199,8664525.3501],[-95.87,8664522.1201],[-97.92,8664519.09],[-98.8163,8664517.9866],[-100.3,8664516.1601],[-102.9099,8664513.7],[-105.63,8664512.0201],[-109.01,8664510.7901],[-111.7371,8664509.7845],[-112.3999,8664509.5401],[-115.9699,8664507.8101],[-119.17,8664506.15],[-122.1599,8664504.84],[-125.49,8664503.6401],[-128.9699,8664502.2101],[-132.2699,8664501.0401],[-135.6999,8664499.47],[-137.74,8664498.6301],[-139.8999,8664497.9201],[-143.26,8664496.76],[-145.8899,8664495.5701],[-148.81,8664494.1301],[-151.91,8664492.6401],[-154.86,8664491.3101],[-157.9599,8664489.96],[-159.9507,8664489.3087],[-161.75,8664488.7201],[-163.7699,8664488.1],[-165.7099,8664487.4201],[-169.09,8664485.9],[-172.82,8664484.3901],[-174.75,8664483.6201],[-178.0,8664482.2401],[178.4801,8664481.0701],[176.5501,8664480.5001],[174.51,8664479.8701],[172.34,8664479.09],[170.16,8664478.2],[168.0401,8664477.2801],[165.8401,8664476.3001],[163.57,8664475.14],[161.32,8664473.89],[159.2401,8664472.6801],[157.1501,8664471.66],[155.07,8664470.8001],[152.9701,8664469.9801],[150.9701,8664469.1201],[149.07,8664468.1901],[147.12,8664467.2501],[145.31,8664466.2801],[143.3601,8664465.2401],[141.2001,8664464.1501],[139.0,8664462.9601],[136.88,8664461.6601],[135.0501,8664460.2301],[133.3901,8664458.8501],[130.39,8664456.4401],[127.0501,8664454.4401],[123.8401,8664452.4201],[120.8601,8664450.14],[119.3301,8664448.7],[117.75,8664447.14],[116.2801,8664445.65],[114.8401,8664444.23],[113.43,8664442.64],[112.1001,8664441.0001],[110.74,8664439.48],[108.74,8664436.5801],[106.7,8664434.59],[104.77,8664432.9901],[101.75,8664429.71],[96.71,8664418.3801],[95.5163,8664415.6225],[93.71,8664411.45],[93.08,8664409.4301],[92.31,8664407.46],[91.21,8664405.4301],[89.88,8664403.3401],[88.2201,8664401.1801],[86.52,8664399.2501],[84.6601,8664397.4001],[83.02,8664395.4201],[81.77,8664393.1901],[80.51,8664390.79],[79.07,8664388.21],[77.34,8664385.9401],[75.6001,8664383.7801],[74.02,8664381.6201],[72.4001,8664379.3701],[71.06,8664377.0001],[69.74,8664374.73],[68.18,8664372.6801],[66.62,8664370.64],[65.3901,8664368.5601],[64.57,8664366.48],[63.95,8664364.21],[63.22,8664361.9301],[62.41,8664359.8901],[61.5,8664357.8501],[60.5301,8664355.9201],[59.22,8664354.14],[57.6101,8664352.33],[55.9101,8664350.5601],[54.22,8664348.9201],[52.7201,8664347.3201],[50.7801,8664345.6601],[48.8601,8664343.9301],[47.33,8664342.21],[45.8001,8664340.39],[44.8472,8664339.1606],[44.25,8664338.39],[42.5301,8664336.59],[40.45,8664335.1301],[37.96,8664333.5701],[35.25,8664332.1201],[32.7201,8664330.7201],[30.2101,8664329.2201],[27.0401,8664327.54],[23.81,8664325.7901],[21.09,8664323.8101],[18.9201,8664321.8301],[16.87,8664319.6901],[14.2401,8664317.6301],[11.2201,8664315.9301],[8.1701,8664314.6001],[5.1001,8664313.09],[1.16,8664311.9201],[-2.1499,8664311.0601],[-4.9599,8664309.89],[-8.43,8664308.4],[-12.13,8664307.0301],[-15.04,8664305.6901],[-17.8999,8664304.3801],[-22.1399,8664303.2401],[-25.43,8664302.1801],[-28.3299,8664300.8701],[-32.4499,8664299.3701],[-39.44,8664296.9201],[-42.81,8664295.8701],[-46.54,8664294.9401],[-49.79,8664294.1],[-52.81,8664293.3101],[-56.5199,8664292.6201],[-59.9599,8664292.14],[-63.07,8664291.66],[-66.38,8664291.0601],[-70.0899,8664290.51],[-73.2999,8664290.0701],[-76.2699,8664289.5401],[-79.8,8664288.9301],[-83.2099,8664288.14],[-86.37,8664287.2201],[-89.31,8664286.2401],[-92.88,8664284.9601],[-96.06,8664283.7301],[-98.99,8664282.7501],[-102.13,8664281.83],[-105.78,8664280.7801],[-109.0999,8664279.8801],[-112.13,8664279.1901],[-115.66,8664278.4201],[-119.0,8664277.4901],[-122.31,8664276.4201],[-125.6399,8664275.2301],[-129.42,8664274.0901],[-132.6599,8664273.0501],[-135.66,8664271.9901],[-139.0799,8664270.9001],[-142.4599,8664269.6201],[-145.5799,8664268.39],[-148.6499,8664267.1101],[-152.09,8664265.8201],[-155.11,8664264.6101],[-157.86,8664263.28],[-160.5,8664261.9201],[-163.7899,8664260.53],[-166.8399,8664259.2201],[-169.7299,8664258.1701],[-172.62,8664257.09],[-176.2199,8664255.9701],[-179.48,8664254.9],[177.4001,8664253.71],[174.0,8664252.72],[170.52,8664251.9801],[167.31,8664251.2101],[164.39,8664250.28],[160.9001,8664249.3601],[157.69,8664248.4],[151.34,8664246.8301],[147.84,8664245.8701],[144.7801,8664244.9801],[141.8501,8664243.98],[138.3301,8664242.6601],[134.94,8664241.6401],[131.77,8664240.9401],[128.4101,8664240.1901],[124.59,8664239.28],[121.46,8664238.6101],[118.26,8664238.01],[114.6001,8664237.39],[111.08,8664236.83],[107.88,8664236.22],[104.75,8664235.5001],[101.14,8664234.7301],[97.9601,8664233.8301],[95.0401,8664232.6301],[92.0501,8664231.16],[88.6601,8664229.5201],[85.4901,8664228.15],[82.33,8664226.8101],[78.49,8664225.53],[75.06,8664224.3501],[71.88,8664223.3601],[68.65,8664222.5901],[65.0,8664221.9701],[61.5501,8664221.41],[58.3001,8664220.9],[54.4701,8664220.3201],[50.9201,8664219.51],[47.39,8664218.59],[43.93,8664217.6401],[40.31,8664216.5601],[36.7301,8664215.4901],[32.8401,8664214.4701],[29.0,8664213.47],[25.75,8664212.46],[22.62,8664211.5501],[19.2301,8664210.59],[15.95,8664209.7401],[12.57,8664208.9201],[9.2101,8664208.02],[5.63,8664207.0701],[2.5,8664206.1701],[-0.66,8664205.3601],[-4.2099,8664204.4601],[-7.43,8664203.48],[-10.31,8664202.45],[-12.98,8664201.46],[-15.6499,8664200.5501],[-19.56,8664198.8801],[-22.3399,8664197.4401],[-25.11,8664196.6],[-27.25,8664197.3301],[-27.7446,8664198.5161],[-32.0997,8664195.7165],[-39.5482,8664196.487],[-39.9499,8664197.9301],[-40.56,8664200.8501],[-41.4499,8664203.52],[-42.19,8664205.78],[-43.43,8664207.58],[-45.0799,8664209.2501],[-46.75,8664210.7401],[-48.12,8664212.4201],[-49.2473,8664213.5474],[-49.85,8664214.15],[-50.99,8664216.26],[-51.4599,8664218.6701],[-51.61,8664221.4201],[-51.79,8664224.64],[-52.07,8664227.66],[-52.22,8664230.4301],[-52.38,8664233.3001],[-52.85,8664236.14],[-53.49,8664239.39],[-53.9499,8664242.58],[-54.09,8664244.6101],[-54.3299,8664247.45],[-54.4499,8664249.9401],[-54.18,8664252.64],[-53.5008,8664254.6705],[-53.24,8664255.45],[-52.2895,8664257.8703],[-52.2699,8664257.9201],[-51.1499,8664260.2501],[-49.6999,8664262.1101],[-47.62,8664263.9401],[-45.5199,8664265.6901],[-43.38,8664267.9],[-40.93,8664270.47],[-38.5,8664273.2],[-35.98,8664275.6701],[-33.12,8664277.8201],[-30.16,8664280.1301],[-27.7899,8664282.76],[-25.1999,8664285.1801],[-23.0799,8664287.77],[-20.8,8664290.4301],[-18.17,8664293.2801],[-16.0199,8664296.5601],[-13.73,8664299.7001],[-12.01,8664302.96],[-10.8299,8664306.7301],[-9.94,8664308.5601],[-9.0,8664312.3001],[-7.78,8664314.6101],[-6.3999,8664317.14],[-4.82,8664319.6],[-2.6499,8664321.9201],[-0.2699,8664324.1001],[3.0,8664325.9901],[6.1001,8664327.5601],[9.57,8664329.15],[13.24,8664331.1001],[15.06,8664332.2301],[17.21,8664334.91],[19.39,8664337.4701],[20.7301,8664339.5501],[21.9701,8664342.0301],[23.34,8664345.47],[24.82,8664348.53],[27.02,8664351.5701],[29.88,8664354.1101],[31.6101,8664355.2501],[33.33,8664356.4601],[35.51,8664357.6201],[38.06,8664358.46],[39.309,8664358.885],[40.0,8664359.1201],[42.18,8664359.71],[44.38,8664360.3801],[47.01,8664361.0701],[50.0901,8664361.7],[52.28,8664362.2],[54.44,8664362.5401],[58.1001,8664363.0601],[61.13,8664363.3701],[63.9501,8664364.02],[66.93,8664364.8701],[70.5,8664365.7501],[72.9801,8664366.3201],[75.0,8664366.84],[78.4801,8664367.8001],[82.31,8664368.9101],[84.59,8664369.6001],[86.69,8664370.22],[90.08,8664371.4901],[93.0301,8664372.6801],[95.59,8664373.6301],[97.94,8664374.8001],[100.5301,8664376.2901],[103.5901,8664377.8601],[107.5301,8664379.6001],[109.69,8664380.3801],[112.89,8664381.76],[115.89,8664382.9501],[118.9001,8664384.1601],[121.94,8664385.3201],[125.26,8664386.1801],[128.3901,8664386.9801],[132.03,8664387.83],[135.39,8664388.6901],[138.78,8664389.0401],[141.46,8664389.34],[144.0401,8664390.2],[146.2,8664392.1001],[147.74,8664395.1301],[149.01,8664398.5001],[149.6601,8664402.0501],[150.8501,8664405.3101],[152.69,8664408.7501],[154.88,8664411.77],[157.2301,8664414.34],[160.0301,8664416.27],[165.89,8664418.6101],[168.5,8664420.01],[169.5,8664421.0101],[171.3001,8664423.4801],[172.26,8664425.6801],[172.9101,8664427.9101],[173.8401,8664430.6801],[175.0901,8664433.7],[176.0,8664437.0001],[176.96,8664440.4901],[177.95,8664444.21],[179.13,8664447.0401],[-179.81,8664450.8101],[-179.32,8664452.9401],[-178.7699,8664455.1701],[-178.18,8664457.33],[-177.5799,8664459.3601],[-176.8899,8664461.3501],[-176.1999,8664463.3801],[-175.44,8664465.4301],[-174.6,8664467.4801],[-173.74,8664469.4801],[-172.99,8664471.4401],[-172.18,8664473.5001],[-171.43,8664475.58],[-170.76,8664477.78],[-170.18,8664480.0501],[-169.68,8664482.22],[-169.1499,8664484.2401],[-168.1499,8664487.9901],[-166.9499,8664491.5701],[-165.4499,8664494.8701],[-163.8,8664498.5001],[-162.8999,8664500.3801],[-162.01,8664502.3101],[-161.1399,8664504.27],[-160.19,8664506.2301],[-159.17,8664508.1501],[-158.37,8664510.1],[-157.69,8664511.9901],[-156.16,8664515.3001],[-154.18,8664518.3601],[-151.82,8664521.2501],[-150.51,8664522.7801],[-149.1,8664524.22],[-146.61,8664527.1901],[-144.5199,8664530.33],[-143.3,8664531.96],[-141.93,8664533.7],[-140.49,8664535.4701],[-139.18,8664537.08],[-136.6399,8664540.0701],[-135.0299,8664541.6101],[-133.3,8664542.95],[-131.35,8664544.1801],[-129.37,8664545.41],[-127.67,8664546.8501],[-126.1499,8664548.27],[-123.3999,8664551.02],[-120.44,8664553.7401],[-118.63,8664554.8701],[-116.56,8664556.01],[-114.47,8664557.33],[-112.3499,8664558.7301],[-110.07,8664560.0301],[-107.6999,8664561.2801],[-105.57,8664562.5401],[-103.69,8664563.78],[-102.05,8664565.1201],[-100.4699,8664566.5701],[-98.7799,8664568.02],[-96.93,8664569.3201],[-95.06,8664570.6901],[-93.3,8664572.21],[-91.68,8664573.8001],[-90.16,8664575.4301],[-88.6399,8664577.09],[-88.384,8664577.3356],[-86.92,8664578.7401],[-85.19,8664580.2201],[-83.5499,8664581.5401],[-81.9499,8664582.8801],[-79.17,8664585.46],[-77.1,8664587.96],[-75.6999,8664591.0901],[-74.72,8664594.2],[-73.48,8664597.6301],[-72.12,8664601.3701],[-72.0,8664605.0701],[-71.9935,8664607.1127],[-71.99,8664608.2],[-71.0999,8664611.2901],[-70.0799,8664614.4201],[-69.8796,8664615.1421],[-69.07,8664618.0601],[-67.9099,8664621.21],[-66.03,8664623.53],[-64.2199,8664626.6001],[-61.9699,8664629.6901],[-60.1608,8664632.2279],[-59.81,8664632.7201],[-57.61,8664635.76],[-55.81,8664639.33],[-54.0999,8664642.7201],[-52.5299,8664646.45],[-51.63,8664648.5001],[-50.72,8664650.6301],[-49.92,8664652.5601],[-48.3,8664656.1901],[-47.26,8664658.0401],[-45.75,8664661.0501],[-44.76,8664664.2501],[-43.38,8664667.7201],[-41.43,8664671.08],[-39.56,8664674.4],[-37.32,8664677.4301],[-34.4099,8664679.8801],[-32.63,8664681.09],[-30.8299,8664682.2901],[-29.04,8664683.45],[-27.0899,8664684.6301],[-26.2508,8664685.2028],[-25.1999,8664685.9201],[-23.38,8664687.2801],[-21.5199,8664688.3701],[-19.68,8664689.4101],[-17.76,8664690.4201],[-15.8,8664691.4901],[-14.06,8664692.8101],[-12.5,8664694.4201],[-11.24,8664696.2901],[-10.3,8664698.2901],[-9.56,8664700.39],[-8.98,8664702.4901],[-8.0799,8664706.01],[-7.3299,8664708.9701],[-6.6999,8664712.6701],[-5.73,8664716.21],[-5.6341,8664716.7239],[-5.04,8664719.91],[-4.5287,8664721.2871],[-3.7999,8664723.2501],[-1.1399,8664726.0601],[2.0901,8664728.2501],[3.77,8664729.4801],[5.7993,8664731.1918],[6.71,8664731.96],[8.9801,8664734.41],[10.2901,8664737.64],[11.0901,8664740.34],[11.99,8664743.34],[13.0,8664746.3201],[14.5401,8664748.97],[16.69,8664750.96],[19.0501,8664752.8601],[20.6101,8664754.58],[23.9,8664755.9401],[25.6001,8664757.6901],[27.2901,8664759.6301],[28.83,8664761.2401],[31.12,8664762.7401],[33.0,8664764.02],[34.77,8664765.95],[35.62,8664768.2501],[36.2901,8664770.84],[37.21,8664773.22],[38.21,8664775.7301],[39.56,8664777.5601],[40.65,8664779.53],[41.6101,8664781.8001],[42.52,8664784.22],[43.5,8664785.9701],[45.25,8664788.0701],[46.6001,8664790.4701],[47.84,8664792.6101],[48.8901,8664794.3601],[49.8601,8664796.3001],[50.93,8664798.1701],[51.9101,8664800.1901],[52.71,8664802.0701],[54.0501,8664804.7301],[55.13,8664806.7301],[56.14,8664808.7401],[57.82,8664810.34],[59.4101,8664811.85],[61.08,8664813.39],[63.1001,8664814.96],[64.6101,8664816.7001],[65.69,8664818.58],[67.5,8664820.85],[68.9101,8664822.46],[70.2901,8664824.2301],[71.84,8664826.6701],[73.03,8664829.0601],[74.71,8664831.2301],[76.43,8664833.08],[77.8501,8664834.97],[79.1601,8664836.53],[80.78,8664837.8101],[84.2664,8664842.3611],[88.39,8664843.1431],[93.89,8664849.1431],[98.89,8664855.1431],[103.6088,8664862.1431],[108.9838,8664870.1431],[115.2025,8664877.1431],[121.4838,8664883.1431],[125.2323,8664887.112],[129.9838,8664892.1431],[135.39,8664899.1431],[140.6088,8664905.1431],[144.89,8664911.1431],[148.7911,8664915.8245],[150.3579,8664917.0894],[152.13,8664918.52],[153.5,8664920.34],[154.71,8664922.0401],[156.25,8664924.14],[157.5301,8664926.1801],[157.7986,8664926.7605],[158.71,8664928.7301],[160.5501,8664930.4201],[162.57,8664931.71],[164.37,8664933.3201],[165.83,8664935.0601],[168.1701,8664936.8201],[170.64,8664938.4901],[170.9965,8664938.752],[172.7901,8664940.0701],[174.84,8664941.7701],[176.99,8664943.15],[179.1501,8664944.7401],[-178.74,8664946.52],[-176.3599,8664948.14],[-174.5,8664949.1301],[-172.8299,8664950.2901],[-171.1,8664951.53],[-169.37,8664952.9801],[-166.88,8664954.5401],[-166.1439,8664954.9494],[-165.0999,8664955.53],[-162.85,8664956.9401],[-161.1599,8664958.4201],[-159.82,8664960.3201],[-158.0299,8664961.9901],[-156.3999,8664963.83],[-154.7999,8664966.01],[-153.0,8664967.9401],[-151.11,8664970.0501],[-150.2135,8664970.8861],[-149.18,8664971.8501],[-146.81,8664973.2901],[-144.1499,8664974.5501],[-143.9419,8664974.6664],[-142.29,8664975.59],[-141.7908,8664976.0517],[-140.7122,8664977.0495],[-140.7011,8664977.0597],[-139.39,8664978.9901],[-137.5999,8664981.1101],[-136.0299,8664983.6101],[-134.5,8664986.1301],[-133.29,8664988.6801],[-132.5199,8664990.5701],[-130.66,8664992.8601],[-128.76,8664994.4301],[-128.605,8664994.6032],[-127.23,8664996.14],[-125.8399,8664997.76],[-124.29,8664999.53],[-122.81,8665001.6201],[-121.3399,8665003.9201],[-119.61,8665006.3601],[-117.29,8665008.9101],[-115.3399,8665011.2201],[-114.13,8665013.5001],[-112.94,8665015.8001],[-111.78,8665017.8901],[-110.73,8665019.9],[-109.6399,8665021.59],[-107.98,8665023.6701],[-106.0899,8665025.1801],[-104.23,8665027.0201],[-102.63,8665028.8201],[-101.0,8665030.3601],[-99.4599,8665031.6901],[-97.69,8665033.6101],[-95.32,8665034.9301],[-92.3299,8665035.52],[-89.93,8665035.58],[-87.07,8665035.41],[-84.98,8665034.6601],[-82.9499,8665033.8201],[-81.0799,8665032.4401],[-79.5199,8665030.9301],[-77.92,8665029.41],[-76.17,8665027.3801],[-73.62,8665026.0401],[-71.68,8665024.9701],[-70.3299,8665023.4],[-68.74,8665021.1801],[-68.2864,8665020.787],[-69.3741,8665010.9982],[-68.8,8665010.7501],[-66.3899,8665009.65],[-64.32,8665007.8601],[-63.3645,8665006.0898],[-63.03,8665005.47],[-62.9239,8665005.1654],[-62.1,8665002.8001],[-60.42,8665000.7701],[-58.7299,8664999.5201],[-56.9599,8664998.14],[-55.56,8664996.4],[-54.5499,8664994.5901],[-53.56,8664992.73],[-52.4599,8664990.8301]]]}},{"type":"Feature","properties":{"Name":"Zonas de protecci\u00f3n y conservaci\u00f3n ecol\u00f3gica","description":"<div style='font-family:sans-serif;'><h4>ZEE CALLAO - Zonas de protecci\u00f3n y conservaci\u00f3n ecol\u00f3gica</h4><table border='1' cellpadding='4' style='border-collapse:collapse;font-size:12px;'><tr><td><b>OBJECTID:</b></td><td>16</td></tr><tr><td><b>ZEECODE:</b></td><td>17</td></tr><tr><td><b>ZEE:</b></td><td>ZONA DE PROTECCION INSULAR</td></tr><tr><td><b>ZEE_ZONAS:</b></td><td>Zonas de protecci\u00f3n y conservaci\u00f3n ecol\u00f3gica</td></tr><tr><td><b>ZEE_GRANDE:</b></td><td>ZONAS DE PROTECCION Y CONSERVACION ECOLOGICA</td></tr><tr><td><b>AREA:</b></td><td>15218456.237</td></tr><tr><td><b>PERIMETER:</b></td><td>40632.109</td></tr><tr><td><b>HECTARES:</b></td><td>1521.846</td></tr></table></div>"},"geometry":{"type":"Polygon","coordinates":[[[86.0007,8658084.0141],[61.9974,8658063.9899],[23.9985,8658065.0001],[-4.9993,8658086.0035],[-12.0045,8658114.0116],[13.0043,8658170.0098],[58.0053,8658193.0035],[75.9937,8658183.0068],[95.014,8658132.0115],[86.0007,8658084.0141]]]}},{"type":"Feature","properties":{"Name":"ZONA DE PROTECCION POR PENDIENTE EMPINADAS Y MUY EMPINADAS","description":"<div style='font-family:sans-serif;'><h4>ZEE CALLAO - ZONA DE PROTECCION POR PENDIENTE EMPINADAS Y MUY EMPINADAS</h4><table border='1' cellpadding='4' style='border-collapse:collapse;font-size:12px;'><tr><td><b>OBJECTID:</b></td><td>17</td></tr><tr><td><b>ZEECODE:</b></td><td>18</td></tr><tr><td><b>ZEE:</b></td><td>ZONA DE PROTECCION POR PENDIENTE EMPINADAS Y MUY EMPINADAS</td></tr><tr><td><b>ZEE_ZONAS:</b></td><td>Zonas de protecci\u00f3n y conservaci\u00f3n ecol\u00f3gica</td></tr><tr><td><b>ZEE_GRANDE:</b></td><td>ZONAS DE PROTECCION Y CONSERVACION ECOLOGICA</td></tr><tr><td><b>AREA:</b></td><td>28473726.373</td></tr><tr><td><b>PERIMETER:</b></td><td>156709.586</td></tr><tr><td><b>HECTARES:</b></td><td>2847.373</td></tr></table></div>"},"geometry":{"type":"Polygon","coordinates":[[[-153.7464,8673676.0575],[-141.5145,8673663.8256],[-139.8613,8673661.9362],[-136.0537,8673653.052],[-107.9075,8673624.9058],[-107.39,8673624.8261],[-105.2215,8673622.3478],[-80.6206,8673620.7078],[38.4528,8673602.3888],[61.7352,8673606.5464],[67.9653,8673604.5943],[68.0844,8673604.7069],[71.9588,8673608.372],[114.5856,8673615.9839],[133.4876,8673608.1796],[148.1381,8673602.1307],[158.8747,8673597.3126],[170.9652,8673591.8868],[169.4345,8673590.5379],[166.9765,8673588.6471],[166.3862,8673587.8515],[158.621,8673581.0083],[150.4958,8673574.8691],[138.2022,8673565.5803],[112.888,8673542.2551],[80.4852,8673513.5827],[78.8711,8673511.4485],[51.5923,8673475.382],[46.7028,8673450.9514],[48.4807,8673409.1973],[47.6198,8673383.0674],[11.8081,8673380.5675],[18.1571,8673274.7505],[50.9603,8673226.6039],[61.5419,8673200.1497],[61.0075,8673182.3441],[57.8331,8673175.4659],[9.1573,8673214.0891],[-46.3965,8673235.2524],[-43.2221,8673245.3051],[-83.9615,8673261.1776],[-76.0253,8673277.0501],[-140.2928,8673301.3189],[-144.3476,8673305.6778],[-151.2703,8673307.4837],[-149.5679,8673315.1441],[-161.2077,8673317.2605],[-139.5154,8673375.9888],[-170.7313,8673386.5705],[-175.4877,8673362.0494],[164.7959,8673369.2986],[91.9173,8673396.0941],[90.1484,8673396.9423],[93.9165,8673406.9904],[96.9019,8673415.8129],[1.8894,8673468.4091],[33.9824,8673587.1947],[53.2762,8673658.6064],[69.2169,8673674.5471],[73.4611,8673708.5013],[124.2693,8673727.5543],[133.9961,8673723.9759],[176.0977,8673686.8274],[-153.7464,8673676.0575]]]}},{"type":"Feature","properties":{"Name":"ZONA DE P ROTECCION POR ALTO VALOR HIDROBIOLOGICO ASOCIADOS A BANCOS NATURALES","description":"<div style='font-family:sans-serif;'><h4>ZEE CALLAO - ZONA DE P ROTECCION POR ALTO VALOR HIDROBIOLOGICO ASOCIADOS A BANCOS NATURALES</h4><table border='1' cellpadding='4' style='border-collapse:collapse;font-size:12px;'><tr><td><b>OBJECTID:</b></td><td>18</td></tr><tr><td><b>ZEECODE:</b></td><td>19</td></tr><tr><td><b>ZEE:</b></td><td>ZONA DE P ROTECCION POR ALTO VALOR HIDROBIOLOGICO ASOCIADOS A BANCOS NATURALES</td></tr><tr><td><b>ZEE_ZONAS:</b></td><td>Zonas de protecci\u00f3n y conservaci\u00f3n ecol\u00f3gica</td></tr><tr><td><b>ZEE_GRANDE:</b></td><td>ZONAS DE PROTECCION Y CONSERVACION ECOLOGICA</td></tr><tr><td><b>AREA:</b></td><td>9327361.702</td></tr><tr><td><b>PERIMETER:</b></td><td>77549.266</td></tr><tr><td><b>HECTARES:</b></td><td>932.736</td></tr></table></div>"},"geometry":{"type":"Polygon","coordinates":[[[18.3203,8657232.2425],[143.6898,8657232.2425],[-163.9668,8657457.3522],[-116.7594,8657661.7569],[-75.0125,8657813.5392],[-5.3379,8658107.836],[45.9817,8658408.7101],[75.9781,8658660.8561],[89.8996,8658892.6103],[-148.7795,8658892.6103],[47.7031,8658892.6103],[-170.0046,8658892.6103],[-154.1018,8658892.6103],[-164.9198,8658597.8116],[-165.2691,8658594.2398],[172.8738,8658370.7633],[149.7409,8658205.0528],[111.5793,8658009.5719],[66.0898,8657841.3517],[40.5008,8657762.4967],[3.2406,8657661.7569],[-17.8038,8657629.393],[-43.1748,8657591.739],[-69.2082,8657554.54],[-78.5233,8657541.563],[-95.8959,8657517.8075],[-123.2295,8657481.5531],[-151.2005,8657445.7882],[-179.8001,8657410.5239],[150.9807,8657375.7712],[121.151,8657341.5412],[90.7202,8657307.8444],[59.6978,8657274.6915],[28.0935,8657242.0928],[18.3203,8657232.2425]]]}},{"type":"Feature","properties":{"Name":"Zonas de protecci\u00f3n y conservaci\u00f3n ecol\u00f3gica","description":"<div style='font-family:sans-serif;'><h4>ZEE CALLAO - Zonas de protecci\u00f3n y conservaci\u00f3n ecol\u00f3gica</h4><table border='1' cellpadding='4' style='border-collapse:collapse;font-size:12px;'><tr><td><b>OBJECTID:</b></td><td>19</td></tr><tr><td><b>ZEECODE:</b></td><td>20</td></tr><tr><td><b>ZEE:</b></td><td>ZONA DE PROTECCION POR LOMAS COSTERAS</td></tr><tr><td><b>ZEE_ZONAS:</b></td><td>Zonas de protecci\u00f3n y conservaci\u00f3n ecol\u00f3gica</td></tr><tr><td><b>ZEE_GRANDE:</b></td><td>ZONAS DE PROTECCION Y CONSERVACION ECOLOGICA</td></tr><tr><td><b>AREA:</b></td><td>3992765.198</td></tr><tr><td><b>PERIMETER:</b></td><td>17248.306</td></tr><tr><td><b>HECTARES:</b></td><td>399.277</td></tr></table></div>"},"geometry":{"type":"Polygon","coordinates":[[[34.6844,8691674.3895],[35.6088,8691674.1431],[108.6834,8691707.3591],[134.0604,8691720.038],[-157.9294,8691719.5309],[-73.6779,8691772.2756],[-91.6855,8691683.2891],[-101.4336,8691635.1174],[-172.2448,8691530.0427],[-174.8877,8691526.121],[157.7967,8691499.2569],[157.531,8691498.9956],[113.4866,8691500.9875],[-153.2333,8691513.0502],[-165.7263,8691527.1049],[-176.6577,8691563.0224],[169.2876,8691575.5154],[125.562,8691559.8991],[109.9457,8691517.7351],[115.2457,8691507.135],[135.1839,8691467.2586],[142.7399,8691452.1467],[144.9972,8691451.3259],[177.0957,8691439.6536],[-156.3566,8691403.7362],[-153.8124,8691401.9871],[-168.3988,8691388.1817],[172.6119,8691370.2092],[-172.2326,8691356.3146],[-157.1251,8691342.4639],[-146.0297,8691332.2916],[-158.7432,8691337.4926],[-161.1773,8691338.5636],[-174.0788,8691344.2403],[169.9721,8691344.8537],[163.8379,8691342.4],[157.7036,8691328.2912],[154.0231,8691317.2496],[154.0231,8691299.4603],[154.0231,8691287.8052],[153.4097,8691270.0158],[152.7962,8691256.5205],[149.7291,8691244.252],[147.8888,8691230.1432],[145.4351,8691217.2613],[142.368,8691197.6317],[142.368,8691181.0692],[149.1157,8691163.8933],[161.9976,8691147.3308],[157.7036,8691136.9026],[150.956,8691133.8355],[143.5949,8691141.1966],[132.5532,8691151.0114],[113.537,8691163.2799],[95.1343,8691170.641],[69.9839,8691177.3887],[52.808,8691180.4558],[33.7918,8691180.4558],[27.5708,8691182.1977],[28.1198,8691195.9214],[29.8287,8691233.5182],[29.8287,8691249.7532],[12.7393,8691256.589],[-26.5664,8691256.589],[-70.999,8691256.589],[-97.4876,8691260.8613],[-155.5917,8691261.7158],[142.0318,8691259.1524],[127.0231,8691258.4261],[36.0773,8691254.0255],[-16.0455,8691247.1898],[-40.8252,8691242.9174],[-42.5341,8691235.2271],[-31.426,8691212.1564],[96.7448,8691113.8921],[136.905,8691078.0043],[145.1545,8691073.5358],[177.9196,8691055.788],[-164.9909,8691031.0083],[-72.7079,8690947.2701],[85.2674,8690834.662],[91.3845,8690830.5452],[95.0169,8690828.1006],[103.3133,8690822.5172],[121.2572,8690812.2635],[153.7271,8690806.2822],[155.7245,8690806.6389],[177.6524,8690810.5545],[166.7077,8690681.5742],[166.6921,8690681.5083],[-161.6434,8690615.1743],[-81.6283,8690447.5505],[-71.3327,8690425.9823],[-65.4366,8690429.6029],[-65.3566,8690429.3028],[-61.7616,8690415.8215],[-55.9157,8690393.8995],[23.777,8690371.7626],[71.327,8690358.5543],[103.7973,8690349.5348],[162.9502,8690319.9583],[-148.2005,8690307.4328],[-81.7015,8690290.3818],[-63.2844,8690286.5594],[-63.2844,8690276.211],[32.5563,8690254.9131],[159.9413,8690226.6053],[-101.2085,8690164.8239],[-38.558,8690125.6673],[101.3775,8690038.2077],[127.3954,8690023.3403],[151.874,8690009.3525],[-156.8692,8689980.0629],[-155.5181,8689979.2908],[-60.805,8689925.1691],[-46.7526,8689911.1167],[14.5028,8689849.8612],[26.6023,8689837.7618],[33.3938,8689830.9703],[33.0418,8689830.3248],[-22.4597,8689728.5721],[-23.1254,8689727.3516],[-26.6644,8689704.3486],[-27.7018,8689697.605],[-35.3577,8689647.8417],[-30.9237,8689643.2061],[-1.4982,8689612.443],[19.3335,8689590.6644],[20.5244,8689589.4194],[64.8891,8689539.1394],[128.3815,8689497.2105],[-138.3556,8689435.6217],[-137.0086,8689399.2528],[-135.3979,8689355.7653],[-106.0837,8689262.4929],[-102.8638,8689252.2476],[-67.6639,8689228.4639],[6.5692,8689178.3064],[-178.9297,8689098.4499],[-144.831,8689090.1836],[-81.3273,8689074.7888],[39.9363,8689027.4664],[13.3174,8688968.3135],[24.6134,8688948.5454],[25.4915,8688947.0088],[48.8092,8688906.2029],[54.5037,8688899.5973],[122.7504,8688820.4311],[-175.139,8688755.3629],[-137.0277,8688718.9085],[-166.3058,8688666.0052],[-177.4475,8688645.8731],[168.6241,8688596.2003],[157.5634,8688546.4983],[153.6005,8688528.6907],[148.7265,8688506.7893],[147.6165,8688489.4239],[145.204,8688451.6831],[121.7979,8688440.1928],[116.6637,8688437.6724],[118.2465,8688430.9455],[121.7185,8688416.1896],[84.0193,8688399.1642],[48.2243,8688384.4251],[29.274,8688359.8598],[-0.5763,8688305.3961],[-1.9203,8688302.9439],[-3.5464,8688299.9771],[-10.7322,8688286.866],[-11.8589,8688284.6356],[-85.8731,8688314.0878],[-86.9902,8688314.5323],[-100.4727,8688319.8974],[-120.8145,8688327.9919],[166.4343,8688356.9415],[154.9361,8688361.517],[154.9151,8688361.5201],[150.3641,8688363.3363],[140.6844,8688397.5873],[137.8206,8688407.721],[140.1137,8688423.1997],[141.6801,8688433.7729],[142.645,8688447.2813],[132.0313,8688485.8767],[118.5229,8688512.8934],[114.2248,8688556.4882],[112.7747,8688571.1965],[112.5883,8688573.0869],[111.7687,8688581.4003],[108.692,8688584.1264],[108.0241,8688584.7182],[36.1897,8688648.3689],[35.5428,8688648.9421],[12.3856,8688676.9238],[6.6124,8688684.8138],[5.1597,8688683.8479],[3.1485,8688687.0657],[-0.3846,8688692.7186],[-7.489,8688704.0857],[-26.0343,8688733.7582],[-68.458,8688794.8983],[-92.0557,8688820.8557],[-93.4132,8688822.3489],[-100.2007,8688834.7928],[-108.3863,8688849.7996],[-119.6161,8688864.7727],[-140.828,8688884.7368],[-172.0219,8688905.9487],[170.8375,8688922.081],[166.7662,8688925.9128],[163.2973,8688928.181],[134.3245,8688947.1247],[118.1037,8688970.8321],[111.5229,8688985.9292],[111.3312,8688986.3689],[96.8918,8689019.4946],[86.7488,8689029.1546],[83.7638,8689031.9975],[70.6889,8689044.4498],[59.3729,8689063.687],[58.2113,8689065.6617],[43.8467,8689072.6263],[17.0353,8689085.6258],[8.8177,8689096.5826],[-5.4243,8689115.572],[-60.3256,8689157.9957],[-63.7894,8689162.2744],[-81.5375,8689184.1986],[-87.5565,8689186.6892],[-107.0103,8689194.7391],[-116.3108,8689198.5875],[-121.0403,8689204.4522],[-134.5618,8689221.2188],[176.0459,8689248.0079],[131.2625,8689279.0118],[-41.2665,8689406.0453],[7.8609,8689406.0453],[58.3949,8689417.7443],[96.1002,8689424.69],[122.8908,8689450.4883],[146.7046,8689489.1858],[122.6263,8689518.4985],[101.0614,8689544.7515],[69.3096,8689566.5808],[64.9747,8689579.8263],[63.6294,8689583.9369],[62.291,8689588.0264],[60.9029,8689592.2681],[51.4492,8689621.1543],[51.4492,8689656.875],[45.4957,8689689.6191],[22.6741,8689713.4329],[11.7705,8689720.702],[-7.0932,8689733.2778],[-43.5992,8689741.2427],[-61.6666,8689745.1847],[-74.8885,8689745.1847],[-79.4779,8689745.1847],[-117.2323,8689745.1847],[-176.7669,8689737.2468],[105.8381,8689713.4329],[80.9691,8689692.9371],[98.7149,8689669.2759],[146.0373,8689571.6735],[-171.5698,8689459.4571],[-10.4775,8689204.7157],[-25.528,8689188.6626],[167.9962,8689392.6893],[-95.7682,8689681.5742],[-129.4593,8689681.5742],[-134.1546,8689681.5742],[-150.7617,8689700.8035],[-160.0275,8689706.2086],[-161.7066,8689707.1881],[-172.5754,8689713.5282],[172.5973,8689712.1401],[153.1715,8689726.1066],[116.3413,8689720.6318],[115.9919,8689720.4751],[115.4119,8689720.4351],[114.9791,8689720.4293],[114.7447,8689720.3945],[112.1318,8689719.0471],[111.4998,8689719.075],[110.8438,8689719.147],[110.1058,8689718.775],[109.2058,8689718.415],[107.8937,8689718.631],[107.2877,8689718.451],[106.2196,8689718.241],[104.8516,8689718.133],[103.6996,8689718.413],[101.3349,8689718.4011],[101.3116,8689718.401],[100.7916,8689718.577],[99.4055,8689718.601],[98.9215,8689718.805],[98.1835,8689718.859],[97.3975,8689719.021],[96.6775,8689719.297],[96.2255,8689719.541],[95.5175,8689719.895],[94.9355,8689720.255],[94.2815,8689720.801],[93.5615,8689721.551],[93.1415,8689721.835],[92.6375,8689722.483],[92.2775,8689723.077],[92.0495,8689723.581],[91.8455,8689724.247],[91.6775,8689725.3749],[91.2895,8689725.6989],[91.1756,8689727.6189],[90.8196,8689727.9829],[90.4876,8689728.3829],[90.4707,8689728.5413],[78.3319,8689733.21],[45.3879,8689756.2708],[13.6198,8689761.1581],[-13.5553,8689748.6339],[-14.8335,8689744.8049],[-15.3115,8689745.1973],[-16.6413,8689746.1503],[-18.0307,8689747.0141],[-19.4735,8689747.7853],[-20.6577,8689748.3315],[-22.7409,8689749.2269],[-24.0221,8689749.7955],[-24.5935,8689750.0405],[-26.1247,8689750.6167],[-27.6901,8689751.0917],[-29.2833,8689751.4631],[-30.6405,8689751.6945],[-32.8905,8689752.0145],[-33.1475,8689752.0497],[-33.8055,8689752.1275],[-99.7063,8689759.0325],[-163.5426,8689765.7212],[-164.3161,8689765.8023],[172.1525,8689768.2679],[143.0757,8689771.3145],[69.6545,8689779.0075],[68.6845,8689779.0901],[67.6876,8689779.1226],[67.0493,8689779.1435],[65.4143,8689779.0901],[63.7861,8689778.9297],[62.4731,8689778.7211],[54.7931,8689777.2911],[54.4923,8689777.2333],[52.8991,8689776.8617],[51.3333,8689776.3869],[49.8023,8689775.8105],[48.3121,8689775.1353],[46.8695,8689774.3643],[45.4801,8689773.5003],[45.4693,8689773.4931],[38.9923,8689769.1603],[34.8117,8689766.8559],[33.7153,8689767.2567],[32.1499,8689767.7317],[30.5567,8689768.1031],[28.9425,8689768.3697],[27.3145,8689768.5301],[25.2409,8689768.5797],[24.6709,8689768.5697],[23.4743,8689768.5201],[21.8463,8689768.3597],[20.2321,8689768.0933],[19.7091,8689767.9833],[18.7799,8689768.2517],[17.1867,8689768.6231],[16.7156,8689768.7079],[16.2865,8689768.7851],[14.1765,8689769.1251],[13.4627,8689769.2297],[11.8345,8689769.3899],[10.1993,8689769.4435],[9.8193,8689769.4435],[8.1845,8689769.3901],[6.5563,8689769.2297],[6.2383,8689769.1857],[4.7181,8689768.9657],[3.4221,8689768.7431],[1.8289,8689768.3717],[0.2633,8689767.8969],[-1.2677,8689767.3205],[-2.7577,8689766.6453],[-4.2007,8689765.8741],[-5.5899,8689765.0103],[-6.0251,8689764.7129],[-6.2555,8689764.5517],[-94.5687,8689741.3901],[-96.8971,8689740.8763],[-97.9809,8689740.6117],[-99.5467,8689740.1367],[-101.0777,8689739.5605],[-102.5677,8689738.8853],[-104.0107,8689738.1141],[-104.0153,8689738.1115],[-126.0273,8689725.3967],[-148.3942,8689722.2387],[158.0547,8689714.4917],[136.3577,8689722.7095],[128.0843,8689725.8429],[127.2655,8689726.1369],[126.6765,8689726.3285],[125.2665,8689726.7685],[124.2899,8689727.0517],[122.6967,8689727.4231],[121.0825,8689727.6897],[119.4547,8689727.8501],[117.2817,8689727.8977],[115.4219,8689727.8577],[114.3243,8689727.8101],[112.6961,8689727.6497],[111.0823,8689727.3831],[109.4891,8689727.0117],[109.4367,8689726.9977],[107.5935,8689726.4995],[106.6893,8689726.2565],[105.1433,8689725.7867],[95.4599,8689725.7145],[90.6671,8689724.5163],[84.0771,8689722.7191],[72.0953,8689716.1291],[64.9063,8689715.5299],[51.1271,8689713.7327],[43.3389,8689710.1381],[38.5461,8689703.5481],[31.3511,8689697.4417],[29.541,8689697.4368],[13.2413,8689697.8369],[-3.0192,8689699.0364],[-19.2013,8689701.0322],[-35.2659,8689703.8197],[-51.1744,8689707.3921],[-66.8885,8689711.7407],[-82.3702,8689716.8552],[-97.5824,8689722.7232],[-102.6497,8689724.8715],[-102.6667,8689724.9921],[-102.7245,8689725.4667],[-102.8167,8689726.1027],[-102.8765,8689726.4827],[-103.0509,8689727.4609],[-103.0829,8689727.6185],[-103.3029,8689728.6885],[-103.3553,8689728.9369],[-103.4353,8689729.3069],[-103.7031,8689730.4209],[-104.0629,8689731.7809],[-104.0825,8689731.8541],[-104.1427,8689732.0747],[-104.2429,8689732.4347],[-104.5445,8689733.4391],[-104.6547,8689733.7791],[-104.7675,8689734.1195],[-104.9459,8689734.6271],[-105.0659,8689734.9571],[-105.4437,8689735.9323],[-105.5615,8689736.2185],[-105.6691,8689736.4829],[-105.7337,8689736.6407],[-106.4087,8689738.1307],[-106.4699,8689738.2539],[-106.5709,8689738.4557],[-106.6653,8689738.6503],[-106.7389,8689738.8007],[-107.3711,8689740.0001],[-108.0911,8689741.2801],[-108.2301,8689741.5235],[-109.0937,8689742.9129],[-109.3999,8689743.3601],[-109.5001,8689743.5033],[-109.6027,8689743.6547],[-109.7205,8689743.8269],[-109.9203,8689744.1169],[-110.3405,8689744.7077],[-110.7805,8689745.3077],[-111.1067,8689745.7425],[-111.3531,8689746.0585],[-111.5833,8689746.3485],[-112.1193,8689747.0013],[-112.8447,8689747.8671],[-113.0265,8689748.0721],[-113.2475,8689748.3187],[-113.4555,8689748.5527],[-113.8209,8689748.9549],[-114.3409,8689749.5149],[-114.9829,8689750.1813],[-115.8129,8689751.0113],[-116.1259,8689751.3185],[-116.4157,8689751.5985],[-117.0565,8689752.1959],[-117.3263,8689752.4389],[-117.6335,8689752.7161],[-117.9069,8689752.9595],[-118.0175,8689753.0557],[-118.1395,8689753.1619],[-118.2667,8689753.2759],[-118.5069,8689753.4895],[-118.9253,8689753.8483],[-119.2353,8689754.1083],[-120.0817,8689754.7873],[-120.2699,8689754.9305],[-120.7115,8689755.2773],[-121.9229,8689756.1507],[-122.1899,8689756.3311],[-123.0675,8689756.9345],[-123.3415,8689757.1203],[-123.5013,8689757.2261],[-124.2013,8689757.6861],[-124.3411,8689757.7775],[-125.3911,8689758.4575],[-125.5211,8689758.5409],[-125.9709,8689758.8285],[-125.9883,8689758.8403],[-126.5307,8689759.2277],[-126.6031,8689759.2781],[-126.6743,8689759.3325],[-126.9093,8689759.5099],[-127.3517,8689759.8573],[-127.3845,8689759.8825],[-127.3989,8689759.8937],[-127.4099,8689759.9025],[-127.5575,8689760.0223],[-127.9175,8689760.3123],[-127.9831,8689760.3653],[-128.0265,8689760.3999],[-128.0669,8689760.4343],[-128.3401,8689760.6641],[-128.5767,8689760.8599],[-128.8137,8689761.0609],[-128.8327,8689761.0783],[-129.1369,8689761.3495],[-129.2011,8689761.4055],[-129.5111,8689761.6755],[-129.5573,8689761.7157],[-129.6797,8689761.8219],[-129.8065,8689761.9359],[-130.0467,8689762.1495],[-130.8293,8689762.8079],[-131.1261,8689763.0591],[-131.4261,8689763.3091],[-131.7367,8689763.5639],[-132.0467,8689763.8139],[-132.2057,8689763.9409],[-133.0323,8689764.5965],[-133.2931,8689764.8053],[-133.3759,8689764.8709],[-133.6657,8689765.1009],[-133.9011,8689765.2853],[-134.5449,8689765.7835],[-134.6569,8689765.8739],[-135.1317,8689766.2473],[-136.0557,8689766.9235],[-136.7159,8689767.3835],[-137.1211,8689767.6603],[-137.4293,8689767.8629],[-137.7693,8689768.0829],[-138.1523,8689768.3257],[-138.8921,8689768.7857],[-138.9883,8689768.8451],[-139.3783,8689769.0851],[-139.7039,8689769.2819],[-140.0739,8689769.5019],[-140.1511,8689769.5477],[-140.5409,8689769.7777],[-140.7407,8689769.8941],[-141.3881,8689770.2553],[-142.4281,8689770.8153],[-142.8729,8689771.0489],[-143.0365,8689771.1329],[-143.2083,8689771.2253],[-144.0033,8689771.6353],[-144.1001,8689771.6827],[-144.2577,8689771.7597],[-144.2837,8689771.7737],[-144.5385,8689771.9145],[-144.7783,8689772.0453],[-144.7931,8689772.0535],[-144.8805,8689772.1043],[-145.7339,8689772.5749],[-146.7027,8689773.0989],[-146.7469,8689773.1217],[-146.7885,8689773.1445],[-147.7003,8689773.6243],[-148.0803,8689773.8143],[-148.2035,8689773.8753],[-148.3115,8689773.9283],[-148.5805,8689774.0593],[-148.8505,8689774.1943],[-148.9735,8689774.2553],[-149.3555,8689774.4397],[-149.4615,8689774.4899],[-149.5905,8689774.5543],[-149.7135,8689774.6153],[-150.8479,8689775.1399],[-151.0905,8689775.2449],[-151.1855,8689775.2897],[-152.2935,8689775.7805],[-153.1561,8689776.1191],[-153.3433,8689776.1887],[-154.1157,8689776.4877],[-154.5969,8689776.6683],[-154.9271,8689776.7883],[-155.3625,8689776.9421],[-155.5969,8689777.0225],[-155.8401,8689777.1083],[-156.1247,8689777.2069],[-157.1065,8689777.5177],[-157.4463,8689777.6177],[-157.6327,8689777.6717],[-157.9827,8689777.7717],[-158.3801,8689777.8817],[-158.4533,8689777.9011],[-158.7935,8689777.9911],[-158.9647,8689778.0359],[-159.2295,8689778.1039],[-159.4835,8689778.1711],[-160.5381,8689778.4261],[-160.8071,8689778.4849],[-161.1375,8689778.5583],[-161.2775,8689778.5889],[-161.6475,8689778.6689],[-161.7431,8689778.6895],[-162.0731,8689778.7595],[-162.2193,8689778.7899],[-162.8993,8689778.9299],[-163.0633,8689778.9631],[-163.2837,8689779.0059],[-163.7031,8689779.0931],[-163.9735,8689779.1453],[-164.1189,8689779.1727],[-164.7815,8689779.3067],[-164.8633,8689779.3231],[-164.9901,8689779.3481],[-165.3001,8689779.4081],[-166.7873,8689779.6497],[-167.6425,8689779.7473],[-167.9265,8689779.7747],[-168.8101,8689779.8621],[-169.6355,8689779.9299],[-170.4379,8689779.9697],[-170.7379,8689779.9797],[-171.5705,8689779.9935],[-173.2057,8689779.9401],[-174.0583,8689779.8695],[-174.2943,8689779.8459],[-174.5889,8689779.8173],[-175.3801,8689779.7279],[-175.6901,8689779.6879],[-175.7537,8689779.6797],[-177.3679,8689779.4131],[-178.7375,8689779.1005],[-179.3577,8689778.9405],[-179.5811,8689778.8817],[179.9189,8689778.7423],[179.6089,8689778.6523],[178.5433,8689778.3169],[177.5545,8689777.9577],[177.2445,8689777.8377],[176.7925,8689777.6577],[175.9627,8689777.3177],[175.8723,8689777.2805],[175.4189,8689777.0875],[175.0989,8689776.9475],[174.8297,8689776.8279],[174.5197,8689776.6879],[174.2373,8689776.5581],[173.9371,8689776.4181],[173.4521,8689776.1853],[172.2955,8689775.5769],[171.4193,8689775.0941],[170.0303,8689774.2303],[169.8819,8689774.1305],[169.6017,8689773.9405],[169.2521,8689773.6987],[168.7121,8689773.3187],[159.3899,8689772.9331],[152.2007,8689770.5367],[139.6197,8689763.3477],[121.6471,8689760.3523],[118.7469,8689759.6931],[108.4669,8689757.3567],[92.7337,8689756.4315],[88.0979,8689756.1587],[62.9361,8689756.1587],[42.5669,8689756.1587],[32.9719,8689757.0583],[32.5241,8689757.4875],[31.6831,8689758.2595],[31.3595,8689758.5385],[31.0873,8689758.7709],[30.9529,8689758.8895],[30.7759,8689759.0381],[30.1159,8689759.5921],[29.5895,8689760.1567],[29.0945,8689760.6729],[28.8503,8689761.1257],[28.7655,8689761.2797],[28.6823,8689761.4373],[28.4403,8689761.8857],[28.4157,8689761.9303],[28.3605,8689762.0441],[28.2885,8689762.2001],[28.0111,8689762.7807],[27.9501,8689762.9039],[27.8153,8689763.1737],[27.6105,8689763.5943],[27.5385,8689763.7501],[27.3141,8689764.2227],[27.1635,8689764.5321],[26.7713,8689765.3509],[26.7051,8689765.5589],[26.6297,8689765.8083],[26.4713,8689766.3133],[26.3539,8689766.6733],[26.2425,8689767.0237],[26.1911,8689767.1833],[26.0511,8689767.6133],[25.9527,8689767.9095],[25.9421,8689767.9403],[25.7921,8689768.3803],[25.4187,8689769.4021],[25.2589,8689769.8121],[25.0985,8689770.2125],[24.9385,8689770.6025],[24.9063,8689770.6807],[24.7267,8689771.1031],[24.5567,8689771.4931],[24.1203,8689772.4401],[23.9403,8689772.8101],[23.8811,8689772.9307],[23.1101,8689774.3735],[22.9479,8689774.6505],[22.7279,8689775.0205],[22.0407,8689776.1111],[21.8207,8689776.4411],[21.8063,8689776.4629],[21.4435,8689776.9907],[21.2037,8689777.3307],[20.6131,8689778.1325],[19.9341,8689778.9789],[19.7301,8689779.2221],[19.5393,8689779.4527],[19.0753,8689779.9973],[18.3365,8689780.8033],[18.0717,8689781.0977],[18.0011,8689781.1751],[18.7709,8689788.0996],[20.3701,8689795.4944],[22.7464,8689802.6773],[25.8726,8689809.5669],[29.7135,8689816.0852],[34.2255,8689822.1584],[39.3574,8689827.7175],[45.0512,8689832.6996],[46.3855,8689833.7219],[46.8291,8689833.6199],[47.0407,8689833.5753],[47.2715,8689833.5233],[47.8821,8689833.3939],[49.2239,8689833.1649],[49.6437,8689833.1049],[49.9165,8689833.0675],[50.7519,8689832.9717],[50.9685,8689832.9505],[51.2065,8689832.9235],[51.8157,8689832.8617],[51.9273,8689832.8519],[52.0219,8689832.8409],[52.5393,8689832.7861],[52.6325,8689832.7773],[52.7131,8689832.7675],[53.4237,8689832.6911],[53.5657,8689832.6779],[53.7119,8689832.6609],[54.2293,8689832.6061],[54.3571,8689832.5939],[54.4839,8689832.5789],[54.6787,8689832.5565],[55.1285,8689832.5065],[56.2373,8689832.4081],[57.7473,8689832.3081],[57.7643,8689832.3071],[58.8181,8689832.2603],[59.6781,8689832.2403],[60.2593,8689832.2335],[60.6993,8689832.2335],[61.2547,8689832.2397],[61.4259,8689832.2435],[61.6293,8689832.2435],[62.1195,8689832.2483],[62.3847,8689832.2535],[62.6593,8689832.2535],[63.7001,8689832.2753],[64.8617,8689832.3237],[65.1057,8689832.3331],[65.3791,8689832.3385],[65.8785,8689832.3535],[66.1101,8689832.3629],[67.4623,8689832.3879],[67.9987,8689832.4035],[68.6143,8689832.4035],[69.0603,8689832.3853],[69.2699,8689832.3723],[69.8099,8689832.3443],[70.0303,8689832.3353],[70.2397,8689832.3223],[70.7135,8689832.2971],[71.1733,8689832.2771],[72.2593,8689832.2535],[73.8593,8689832.2535],[74.8487,8689832.2731],[75.8587,8689832.3131],[76.3971,8689832.3403],[76.8871,8689832.3703],[76.9945,8689832.3771],[78.5929,8689832.5335],[78.7297,8689832.5513],[78.8897,8689832.5681],[79.5625,8689832.6473],[80.2273,8689832.7441],[81.1073,8689832.8841],[81.7865,8689833.0017],[82.2665,8689833.0917],[82.5367,8689833.1439],[82.8619,8689833.2109],[83.3321,8689833.3109],[83.9435,8689833.4491],[84.4037,8689833.5591],[85.0599,8689833.7253],[85.4573,8689833.8355],[85.8773,8689833.9555],[87.0453,8689834.3203],[87.2683,8689834.3971],[89.4909,8689835.2527],[91.2339,8689843.0935],[91.2339,8689846.6881],[91.2339,8689851.4807],[99.0221,8689858.0707],[103.8149,8689868.2553],[111.0039,8689875.4445],[122.9857,8689876.6427],[138.7599,8689881.7535],[139.0295,8689882.2327],[139.1997,8689882.5427],[139.7011,8689883.5063],[140.3343,8689884.8953],[140.4643,8689885.2053],[140.5063,8689885.3065],[141.0827,8689886.8375],[141.1263,8689886.9679],[141.2265,8689887.2679],[141.6575,8689888.7031],[142.0291,8689890.2963],[142.1169,8689890.8275],[151.9992,8689895.1017],[161.1055,8689899.8025],[167.316,8689914.5523],[-167.1174,8689922.7701],[-161.3227,8689928.2658],[-153.5513,8689936.7551],[-146.3981,8689945.7715],[-139.8988,8689955.27],[-134.0856,8689965.2033],[-128.9876,8689975.5219],[-124.8339,8689985.6243],[-124.6065,8689985.6895],[-124.2663,8689985.7895],[-123.2847,8689986.1003],[-123.1937,8689986.1313],[-123.1857,8689986.1341],[-123.1549,8689986.1437],[-122.8401,8689986.2451],[-122.2833,8689986.4083],[-121.7573,8689986.5399],[-121.3501,8689986.6453],[-120.6963,8689986.8301],[-120.6869,8689986.8329],[-120.3733,8689986.9159],[-120.2999,8689986.9355],[-120.1927,8689986.9645],[-119.8629,8689987.0545],[-119.4705,8689987.1649],[-119.1605,8689987.2549],[-118.9469,8689987.3179],[-118.8009,8689987.3617],[-118.6825,8689987.3955],[-117.5227,8689987.7577],[-116.9947,8689987.9303],[-116.1887,8689988.2195],[-116.0061,8689988.2827],[-115.9113,8689988.3129],[-115.4947,8689988.4503],[-115.3581,8689988.4971],[-114.7645,8689988.6903],[-113.6905,8689989.0825],[-113.4607,8689989.1725],[-113.2859,8689989.2417],[-113.0857,8689989.3217],[-112.8035,8689989.4365],[-111.3133,8689990.1117],[-111.1903,8689990.1729],[-110.8303,8689990.3529],[-109.5107,8689991.0629],[-109.0291,8689991.3481],[-108.2393,8689991.8281],[-107.3313,8689992.4069],[-106.1831,8689993.2219],[-105.9069,8689993.4143],[-105.6041,8689993.6227],[-105.4041,8689993.7627],[-104.7407,8689994.2435],[-104.5405,8689994.3935],[-104.3217,8689994.5597],[-103.0571,8689995.5975],[-101.8629,8689996.7159],[-101.7031,8689996.8759],[-101.1041,8689997.4955],[-100.9643,8689997.6455],[-100.4447,8689998.2199],[-99.4065,8689999.4845],[-98.4539,8690000.8143],[-98.4395,8690000.8361],[-98.3195,8690001.0161],[-98.1955,8690001.2037],[-97.6869,8690001.8445],[-96.7339,8690003.1743],[-96.4639,8690003.5873],[-96.3039,8690003.8373],[-95.7101,8690004.8135],[-95.1803,8690005.7797],[-95.0503,8690006.0297],[-94.8089,8690006.5063],[-94.1337,8690007.9965],[-93.8971,8690008.5891],[-93.8857,8690008.6187],[-93.8683,8690008.6611],[-93.3961,8690009.9157],[-93.3059,8690010.1757],[-93.2573,8690010.3175],[-93.2135,8690010.4479],[-93.0335,8690010.9879],[-92.7809,8690011.7903],[-92.7799,8690011.7933],[-92.4809,8690012.7953],[-92.4007,8690013.0853],[-92.3523,8690013.2631],[-92.3007,8690013.4595],[-92.2307,8690013.7295],[-92.1771,8690013.9401],[-92.1071,8690014.2201],[-91.8463,8690015.3807],[-91.6761,8690016.2307],[-91.6711,8690016.2563],[-91.5097,8690017.1527],[-91.4597,8690017.4627],[-91.4229,8690017.6985],[-91.3729,8690018.0285],[-91.3045,8690018.5103],[-91.2963,8690018.5743],[-91.2563,8690018.8843],[-91.1833,8690019.5111],[-91.1533,8690019.8011],[-91.1447,8690019.8859],[-91.0147,8690021.1859],[-90.9997,8690021.3401],[-90.9697,8690021.6601],[-90.9141,8690022.3585],[-90.9079,8690022.4579],[-90.8679,8690023.1079],[-90.8609,8690023.2591],[-90.8541,8690023.3279],[-90.8455,8690023.5899],[-90.8329,8690023.8627],[-90.8227,8690024.1827],[-90.8199,8690024.3761],[-90.8007,8690024.9635],[-90.8007,8690025.2835],[-90.8445,8690026.7625],[-90.8795,8690027.4937],[-90.8957,8690027.7547],[-90.9325,8690028.3909],[-90.9395,8690028.5037],[-90.9553,8690028.7599],[-91.0145,8690029.7913],[-91.0247,8690030.0867],[-91.0463,8690030.5855],[-91.0861,8690031.3355],[-91.1041,8690031.6393],[-91.1089,8690031.7087],[-91.1253,8690032.0681],[-91.1283,8690032.1265],[-91.1297,8690032.1793],[-91.1571,8690032.8535],[-91.1587,8690032.8839],[-91.1599,8690032.9193],[-91.1615,8690032.9789],[-91.1815,8690033.6589],[-91.2075,8690034.2807],[-91.2575,8690035.2007],[-91.2743,8690035.4793],[-91.3447,8690036.3321],[-91.3621,8690036.5055],[-91.5063,8690037.9541],[-91.6263,8690038.8841],[-91.6345,8690038.9481],[-91.7397,8690039.6659],[-91.7899,8690039.9759],[-91.9513,8690040.8727],[-92.1819,8690041.9161],[-92.5329,8690043.4067],[-92.8433,8690044.4701],[-93.1977,8690045.6027],[-93.2241,8690045.6791],[-93.4079,8690046.2427],[-93.9845,8690047.7745],[-94.0297,8690047.8833],[-94.3697,8690048.6933],[-94.6087,8690049.2441],[-94.7387,8690049.5341],[-95.1299,8690050.3653],[-95.3463,8690050.7937],[-95.4965,8690051.0837],[-95.8125,8690051.6753],[-95.8983,8690051.8309],[-95.9749,8690051.9739],[-96.3613,8690052.6685],[-96.6425,8690053.1431],[-96.8125,8690053.4231],[-97.3957,8690054.3383],[-97.8681,8690055.0205],[-98.7187,8690056.1987],[-99.2339,8690056.8473],[-100.1571,8690057.9637],[-100.8695,8690058.7423],[-101.0797,8690058.9623],[-101.4859,8690059.3783],[-101.8831,8690059.7669],[-102.1131,8690059.9869],[-102.5371,8690060.3831],[-102.7671,8690060.5931],[-103.1405,8690060.9271],[-104.3817,8690061.9471],[-104.6417,8690062.1471],[-104.6655,8690062.1653],[-105.9959,8690063.1187],[-106.8979,8690063.6939],[-107.9755,8690064.3529],[-109.0099,8690064.9179],[-109.3199,8690065.0779],[-109.7291,8690065.2843],[-110.4415,8690065.6219],[-110.7715,8690065.7719],[-111.1099,8690065.9227],[-111.9799,8690066.3027],[-112.4195,8690066.4897],[-113.0587,8690066.7441],[-113.3987,8690066.8741],[-113.5489,8690066.9311],[-113.8327,8690067.0375],[-114.1179,8690067.9327],[-114.1283,8690067.9635],[-114.1309,8690067.9711],[-114.1991,8690068.1935],[-114.5493,8690069.3135],[-114.5803,8690069.4127],[-114.7103,8690069.8227],[-114.7623,8690069.9843],[-115.1323,8690071.1243],[-115.2379,8690071.4427],[-115.4597,8690072.0687],[-115.5379,8690072.3027],[-115.6559,8690072.6421],[-115.8159,8690073.0921],[-115.8933,8690073.3065],[-115.9485,8690073.4585],[-116.0085,8690073.6337],[-116.1159,8690073.9421],[-116.2215,8690074.2399],[-116.3185,8690074.5237],[-116.4865,8690075.0005],[-116.6465,8690075.4405],[-116.7793,8690075.7973],[-116.7879,8690075.8227],[-116.9835,8690076.3775],[-117.0979,8690076.7227],[-117.2159,8690077.0621],[-117.4817,8690077.8099],[-117.4911,8690077.8379],[-117.7583,8690078.7129],[-117.7729,8690078.7643],[-117.8965,8690079.1969],[-118.0169,8690079.6269],[-118.0529,8690079.7543],[-118.1041,8690079.9333],[-118.1453,8690080.1119],[-118.2241,8690080.4461],[-118.2949,8690080.7673],[-118.3061,8690080.8189],[-118.4261,8690081.3589],[-118.4887,8690081.6329],[-118.5987,8690082.1029],[-118.7455,8690082.6969],[-118.7717,8690082.7985],[-118.8065,8690082.9645],[-118.8281,8690083.0683],[-118.9283,8690083.5383],[-119.0665,8690084.1503],[-119.1583,8690084.5343],[-119.4119,8690085.6233],[-119.6129,8690086.4267],[-119.9303,8690087.5127],[-119.9607,8690087.6089],[-120.1895,8690088.4015],[-120.4395,8690089.2163],[-120.5793,8690089.6463],[-120.6779,8690089.9427],[-120.7547,8690090.1657],[-120.8647,8690090.4797],[-120.9405,8690090.7023],[-120.9535,8690090.7405],[-120.9867,8690090.8487],[-121.2079,8690091.5327],[-121.2973,8690091.7913],[-121.4679,8690092.3127],[-121.6037,8690092.7021],[-121.7567,8690093.2187],[-121.8083,8690093.3867],[-121.8429,8690093.5167],[-121.9297,8690093.8327],[-122.1193,8690094.5049],[-122.2627,8690095.0667],[-122.3969,8690095.5477],[-122.4709,8690095.8041],[-122.4773,8690095.8293],[-122.5543,8690096.1285],[-122.6135,8690096.3545],[-122.6673,8690096.5693],[-122.7043,8690096.7155],[-122.7295,8690096.8145],[-122.7721,8690096.9991],[-122.7811,8690097.0423],[-122.8463,8690097.3685],[-122.8521,8690097.3969],[-122.9323,8690097.9563],[-123.0145,8690098.7311],[-123.0203,8690098.7781],[-123.0239,8690098.8393],[-123.1233,8690099.9631],[-123.1395,8690100.1767],[-123.1869,8690100.7761],[-123.1937,8690100.9067],[-123.2339,8690101.7393],[-123.2603,8690102.0979],[-123.2801,8690102.3479],[-123.3091,8690102.6815],[-123.3205,8690102.8341],[-123.4643,8690104.2281],[-123.4885,8690104.4041],[-123.5189,8690104.6229],[-123.5619,8690104.9607],[-123.5633,8690104.9715],[-123.5843,8690105.3293],[-123.5899,8690105.4143],[-123.6099,8690105.7043],[-123.6117,8690105.7285],[-123.6441,8690106.3393],[-123.6673,8690106.6611],[-123.6743,8690106.7693],[-123.6807,8690106.8663],[-123.7115,8690107.4589],[-123.7343,8690108.3311],[-123.7421,8690108.6657],[-123.7923,8690110.3057],[-123.8293,8690111.1037],[-123.8693,8690111.7437],[-123.8741,8690111.8193],[-123.9369,8690112.5927],[-123.9527,8690112.7569],[-123.9541,8690112.7793],[-124.0825,8690114.1531],[-124.1223,8690114.4831],[-124.1543,8690114.7381],[-124.1703,8690114.8547],[-124.2345,8690115.3881],[-124.3205,8690115.9845],[-124.3705,8690116.3045],[-124.4741,8690116.9175],[-124.5119,8690117.1253],[-124.5503,8690117.3493],[-124.5713,8690117.4699],[-124.6313,8690117.8099],[-124.7313,8690118.3427],[-124.7951,8690118.6533],[-124.8155,8690118.7501],[-124.9311,8690119.3727],[-125.0297,8690119.8441],[-125.1089,8690120.2775],[-125.2989,8690121.2675],[-125.3105,8690121.3273],[-125.3385,8690121.4709],[-125.5213,8690122.5027],[-125.5263,8690122.5285],[-125.5627,8690122.7111],[-125.6677,8690123.3695],[-125.7541,8690123.9389],[-125.7707,8690124.0749],[-125.7677,8690124.0787],[-124.9589,8690125.0785],[-124.5191,8690125.6693],[-124.2343,8690126.0533],[-123.4343,8690127.1533],[-122.8653,8690127.9687],[-122.6277,8690128.3317],[-122.5557,8690128.4387],[-122.2729,8690128.8715],[-122.1055,8690129.1187],[-121.7331,8690129.6929],[-121.5107,8690130.0363],[-121.4427,8690130.1427],[-121.3719,8690130.2513],[-120.6613,8690131.4085],[-120.6593,8690131.4123],[-120.5287,8690131.6303],[-120.3989,8690131.8503],[-120.2713,8690132.0685],[-120.2159,8690132.1651],[-120.0959,8690132.3751],[-119.6561,8690133.1787],[-119.5461,8690133.3887],[-119.2699,8690133.9319],[-118.6255,8690135.3481],[-118.5329,8690135.5617],[-118.4427,8690135.7717],[-118.3245,8690136.0527],[-118.2827,8690136.1539],[-118.1927,8690136.3739],[-117.6579,8690137.8043],[-117.5081,8690138.2605],[-117.4903,8690138.3155],[-117.4741,8690138.3647],[-117.0427,8690139.8005],[-117.0222,8690139.8858],[-116.7401,8690141.0607],[-116.7375,8690141.0715],[-116.6153,8690141.4669],[-116.5555,8690141.6669],[-116.3529,8690142.3805],[-116.2843,8690142.6417],[-116.1843,8690143.0317],[-115.8811,8690144.3643],[-115.6521,8690145.7067],[-115.5721,8690146.2667],[-115.5347,8690146.5391],[-115.4893,8690146.9053],[-115.4193,8690147.5053],[-115.3617,8690148.0501],[-115.2599,8690149.1629],[-115.2523,8690149.2725],[-115.2469,8690149.3365],[-115.2143,8690149.7779],[-115.1807,8690150.4139],[-115.1707,8690150.6639],[-115.1667,8690150.7699],[-115.1499,8690150.9491],[-115.1183,8690151.3153],[-115.0883,8690151.6953],[-115.0641,8690152.0279],[-115.0107,8690153.6635],[-115.0107,8690154.0935],[-115.0343,8690155.1799],[-115.0543,8690155.6399],[-115.0839,8690156.1893],[-115.1513,8690157.0075],[-115.1887,8690157.3861],[-115.2855,8690158.4103],[-115.3155,8690158.6703],[-115.3645,8690159.0681],[-115.3853,8690159.2209],[-115.4651,8690159.8009],[-115.7113,8690161.2627],[-115.7495,8690161.4507],[-115.7931,8690161.6625],[-115.8363,8690161.8785],[-115.9649,8690162.4823],[-116.0349,8690162.7923],[-116.0749,8690162.9665],[-116.1449,8690163.2665],[-116.2691,8690163.7747],[-116.4033,8690164.3321],[-116.5553,8690164.9339],[-116.6447,8690165.3159],[-116.7245,8690165.6459],[-116.8281,8690166.0567],[-117.0329,8690166.8767],[-117.1803,8690167.4041],[-117.2129,8690167.5267],[-117.6879,8690169.0927],[-117.9531,8690169.8351],[-118.1931,8690170.4751],[-118.5045,8690171.2645],[-118.6975,8690171.7181],[-118.7797,8690171.9057],[-118.8669,8690172.1113],[-119.3777,8690173.2369],[-119.5275,8690173.5469],[-119.6099,8690173.7153],[-119.6711,8690173.8383],[-119.6895,8690173.8751],[-119.7053,8690173.9087],[-119.9199,8690174.3551],[-120.2879,8690175.0721],[-120.6131,8690175.7029],[-120.7729,8690176.0029],[-120.9113,8690176.2583],[-120.9511,8690176.3383],[-121.2511,8690176.9383],[-121.3299,8690177.0947],[-121.3487,8690177.1341],[-121.6977,8690177.8869],[-121.8477,8690178.1969],[-121.8675,8690178.2379],[-122.0919,8690178.7211],[-122.4025,8690179.4377],[-122.5825,8690179.8427],[-122.6817,8690180.0613],[-122.8893,8690180.5311],[-122.8931,8690180.5399],[-122.9643,8690180.7145],[-123.3245,8690181.5417],[-123.3617,8690181.6233],[-123.3929,8690181.6955],[-123.6547,8690182.2853],[-123.7071,8690182.4001],[-123.7551,8690182.5103],[-123.9647,8690182.9817],[-124.1247,8690183.3317],[-124.2501,8690183.6017],[-124.4745,8690184.1053],[-124.8147,8690184.8453],[-125.0441,8690185.3305],[-125.2141,8690185.6805],[-125.2797,8690185.8151],[-125.3411,8690185.9383],[-125.5211,8690186.2983],[-125.6421,8690186.5373],[-125.8199,8690186.9053],[-125.8811,8690187.0283],[-126.1477,8690187.5617],[-126.3681,8690188.0399],[-126.5481,8690188.4199],[-126.5499,8690188.4237],[-126.5543,8690188.4345],[-126.8145,8690189.0397],[-126.9395,8690189.3521],[-127.0545,8690189.6345],[-127.1905,8690189.9565],[-127.4563,8690190.6491],[-127.6291,8690191.1169],[-127.7209,8690191.3579],[-127.9765,8690192.0605],[-128.2877,8690192.8721],[-128.6565,8690193.7865],[-128.7291,8690193.9769],[-128.8375,8690194.2563],[-129.2661,8690195.3421],[-129.4119,8690195.7157],[-129.4979,8690195.9331],[-129.5127,8690196.1445],[-129.6261,8690197.3401],[-129.6295,8690197.3689],[-129.6313,8690197.3943],[-129.7845,8690198.9181],[-129.8107,8690199.1099],[-129.8213,8690199.1859],[-129.8281,8690199.2601],[-129.9347,8690200.2081],[-129.9843,8690200.5649],[-130.0387,8690200.9381],[-130.0507,8690201.0209],[-130.0661,8690201.1501],[-130.1045,8690201.4581],[-130.2555,8690202.4505],[-130.4347,8690203.4871],[-130.4909,8690203.8251],[-130.5251,8690204.0247],[-130.5951,8690204.4247],[-130.6623,8690204.7933],[-130.7423,8690205.2133],[-130.7635,8690205.3233],[-130.7779,8690205.3965],[-130.7909,8690205.4751],[-130.8249,8690205.6747],[-130.8775,8690205.9747],[-131.0009,8690206.7151],[-131.1237,8690207.3933],[-131.1479,8690207.5187],[-131.2655,8690208.2045],[-131.5171,8690209.7413],[-131.6045,8690210.2445],[-131.6745,8690210.6245],[-131.7411,8690210.9727],[-131.7465,8690210.9985],[-131.8165,8690211.3485],[-131.9635,8690212.0339],[-132.2877,8690213.4457],[-132.4929,8690214.2667],[-132.5747,8690214.5649],[-132.6649,8690214.8849],[-132.7223,8690215.0865],[-132.7845,8690215.3005],[-132.8447,8690215.5149],[-132.9655,8690215.9301],[-133.0555,8690216.2301],[-133.1947,8690216.6789],[-133.5179,8690217.7027],[-133.6305,8690218.0271],[-133.7407,8690218.3371],[-133.9347,8690218.8655],[-134.4343,8690220.1745],[-134.4765,8690220.2755],[-134.5533,8690220.4587],[-134.6297,8690220.6467],[-134.6945,8690220.8045],[-135.0139,8690221.5419],[-135.3939,8690222.3819],[-135.5351,8690222.6887],[-135.6851,8690223.0087],[-135.8999,8690223.4551],[-136.1095,8690223.8705],[-136.5795,8690224.7805],[-137.1413,8690225.8085],[-137.2245,8690225.9515],[-137.4181,8690226.2817],[-137.4279,8690226.2995],[-137.6313,8690226.6585],[-137.9123,8690227.1331],[-138.0091,8690227.2923],[-138.1049,8690227.4537],[-138.3205,8690227.8113],[-138.4807,8690228.0713],[-138.6823,8690228.3933],[-139.2957,8690229.3583],[-139.4425,8690229.5757],[-139.6157,8690229.8383],[-140.5169,8690231.1007],[-140.6771,8690231.3107],[-140.7289,8690231.3787],[-141.0141,8690231.7433],[-141.0489,8690231.7887],[-142.0871,8690233.0537],[-142.2523,8690233.2401],[-142.4221,8690233.4301],[-142.8267,8690233.8713],[-143.2865,8690234.3613],[-143.8357,8690234.9283],[-144.4153,8690235.4893],[-144.5753,8690235.6393],[-145.1905,8690236.1971],[-145.7815,8690236.6995],[-145.9517,8690236.8395],[-146.6255,8690237.3753],[-146.8447,8690237.5415],[-147.3245,8690237.9015],[-148.4359,8690238.6887],[-149.5239,8690239.3759],[-150.0441,8690239.6859],[-150.3457,8690239.8629],[-150.8745,8690240.1597],[-151.9745,8690240.7597],[-152.8889,8690241.2343],[-153.0481,8690241.3121],[-153.6879,8690241.6221],[-155.0197,8690242.2197],[-155.0681,8690242.2397],[-155.4081,8690242.3797],[-156.8913,8690242.9363],[-157.2321,8690243.0491],[-157.5721,8690243.1591],[-157.9623,8690243.2819],[-158.3223,8690243.3919],[-158.951,8690243.5723],[-159.1573,8690243.6315],[-160.4051,8690243.9225],[-161.4529,8690245.0413],[-162.6471,8690246.1595],[-162.6681,8690246.1779],[-162.9881,8690246.4579],[-164.2317,8690247.4773],[-165.5615,8690248.4303],[-165.8261,8690248.6047],[-166.0261,8690248.7347],[-166.6143,8690249.1055],[-166.7943,8690249.2155],[-167.3307,8690249.5341],[-168.7735,8690250.3053],[-170.2541,8690250.9765],[-170.6635,8690251.1505],[-172.1947,8690251.7267],[-173.3625,8690252.0917],[-173.5727,8690252.1517],[-173.9701,8690252.2617],[-175.5377,8690252.6281],[-175.7379,8690252.6681],[-175.7633,8690252.6731],[-177.3775,8690252.9397],[-178.2703,8690253.0409],[-178.4805,8690253.0609],[-178.6851,8690253.0795],[-178.9149,8690253.0995],[-179.4455,8690253.1401],[178.9193,8690253.1935],[178.4995,8690253.1935],[176.8643,8690253.1401],[176.2359,8690253.0909],[176.0161,8690253.0709],[175.0161,8690252.9597],[173.4021,8690252.6931],[172.4889,8690252.4937],[172.2787,8690252.4437],[171.5989,8690252.2717],[171.2013,8690252.1617],[170.9913,8690252.1017],[170.2793,8690251.8867],[170.0591,8690251.8167],[169.6033,8690251.6667],[168.7395,8690251.3557],[168.5295,8690251.2757],[168.1445,8690251.1255],[167.9445,8690251.0455],[167.6625,8690250.9305],[166.5031,8690250.4155],[166.1029,8690250.2255],[165.7721,8690250.0653],[164.5851,8690249.4397],[163.9295,8690249.0743],[162.6377,8690248.2751],[162.1701,8690247.9703],[161.3089,8690247.3683],[161.2481,8690247.3237],[160.1203,8690246.5073],[160.0697,8690246.4683],[159.7503,8690246.2273],[159.1861,8690245.7779],[157.7898,8690245.9059],[135.62,8690247.5098],[113.4067,8690248.3123],[91.179,8690248.3123],[68.9657,8690247.5098],[68.2127,8690247.4685],[52.1384,8690244.0442],[-8.9316,8690230.5167],[-46.7649,8690221.7229],[-47.7519,8690222.2625],[-48.6417,8690222.7225],[-49.0633,8690222.9355],[-50.5535,8690223.6105],[-50.9575,8690223.7737],[-51.0311,8690223.8027],[-51.0925,8690223.8285],[-51.1935,8690223.8705],[-51.7357,8690224.0877],[-51.8523,8690224.1329],[-51.9813,8690224.1853],[-53.3545,8690224.6969],[-54.8061,8690225.1409],[-55.5799,8690225.3617],[-55.6251,8690225.3737],[-56.5651,8690225.6237],[-57.6923,8690225.8957],[-58.0709,8690225.9853],[-58.1201,8690226.0081],[-58.6999,8690226.2781],[-59.6833,8690226.7105],[-60.3507,8690226.9757],[-60.5609,8690227.0557],[-61.4247,8690227.3669],[-61.5551,8690227.4107],[-61.7649,8690227.4807],[-62.0905,8690227.5867],[-62.1433,8690227.6035],[-62.1949,8690227.6207],[-63.6301,8690228.0517],[-65.2233,8690228.4233],[-66.5651,8690228.6523],[-66.7751,8690228.6823],[-67.0475,8690228.7197],[-67.7733,8690228.8043],[-68.4451,8690228.8761],[-68.8751,8690228.9161],[-69.5555,8690228.9699],[-72.0235,8690229.0097],[-72.2321,8690229.0027],[-73.6557,8690228.9501],[-75.0581,8690228.8183],[-75.9239,8690228.7197],[-77.5379,8690228.4531],[-77.5637,8690228.4481],[-77.9635,8690228.3681],[-78.8223,8690228.1805],[-79.2025,8690228.0905],[-79.9109,8690227.9117],[-80.7461,8690227.6723],[-81.1063,8690227.5623],[-81.8365,8690227.3269],[-83.3675,8690226.7505],[-84.1457,8690226.4127],[-84.4757,8690226.2627],[-84.7415,8690226.1401],[-85.0615,8690225.9901],[-85.5077,8690225.7753],[-86.7761,8690225.1041],[-87.0761,8690224.9341],[-87.2505,8690224.8343],[-88.1269,8690224.3041],[-88.4271,8690224.1141],[-88.9399,8690223.7803],[-90.2697,8690222.8273],[-90.8253,8690222.3885],[-91.5753,8690221.7785],[-92.2843,8690221.1795],[-92.4819,8690220.9943],[-112.2047,8690218.8505],[-131.3755,8690218.8505],[-160.1319,8690219.6493],[179.7543,8690224.2587],[165.5201,8690245.6099],[159.0431,8690263.3137],[161.6291,8690275.7897],[161.6689,8690275.9863],[161.9355,8690277.6003],[162.0959,8690279.2285],[162.1479,8690281.1383],[162.1393,8690281.9117],[162.1393,8690282.0035],[162.0859,8690283.6387],[162.0453,8690284.1693],[162.0255,8690284.3993],[161.9055,8690285.4967],[161.6777,8690286.9113],[161.6379,8690287.1213],[161.5993,8690287.3209],[161.2275,8690288.9141],[160.7527,8690290.4795],[160.3605,8690291.5535],[160.2705,8690291.7835],[160.0863,8690292.2407],[159.4111,8690293.7307],[158.9167,8690294.6815],[158.6867,8690295.1015],[158.4099,8690295.5935],[157.5461,8690296.9829],[156.5931,8690298.3125],[156.4673,8690298.4753],[156.1473,8690298.8853],[155.2355,8690299.9873],[154.1169,8690301.1813],[153.6069,8690301.6913],[152.4131,8690302.8095],[151.1485,8690303.8475],[150.4605,8690304.3569],[150.1803,8690304.5569],[149.5387,8690305.0003],[148.1895,8690305.8409],[146.9995,8690306.5309],[146.9595,8690306.5543],[145.5165,8690307.3253],[145.4781,8690307.3443],[143.8081,8690308.1643],[142.3565,8690308.8205],[141.1495,8690309.2843],[140.8395,8690309.3943],[140.7947,8690309.4101],[140.3763,8690310.4907],[140.1833,8690310.9441],[140.0433,8690311.2641],[139.8659,8690311.6603],[139.8163,8690311.7807],[139.1411,8690313.2707],[138.3699,8690314.7135],[137.5061,8690316.1027],[136.5531,8690317.4325],[136.1505,8690317.9435],[135.9803,8690318.1535],[135.3453,8690318.9073],[134.2271,8690320.1013],[133.8865,8690320.4353],[132.8369,8690321.5511],[131.6429,8690322.6695],[131.5639,8690322.7387],[131.3337,8690322.9387],[130.6377,8690323.5221],[130.3777,8690323.7321],[129.8883,8690324.1173],[128.5585,8690325.0703],[128.4551,8690325.1391],[127.8651,8690325.5291],[126.5793,8690326.3241],[126.4829,8690326.3797],[125.8529,8690326.7397],[124.5067,8690327.4553],[124.3893,8690327.5129],[123.2875,8690328.0491],[122.7181,8690328.3515],[122.0465,8690328.6953],[120.5565,8690329.3705],[119.0255,8690329.9469],[118.8951,8690329.9907],[118.5621,8690330.1017],[123.2754,8690348.7024],[119.887,8690361.1263],[124.4129,8690369.5316],[124.2227,8690370.1195],[124.1739,8690370.2613],[124.0841,8690370.5213],[124.0511,8690370.6159],[123.7809,8690371.3859],[123.2863,8690372.6807],[122.6111,8690374.1707],[122.0021,8690375.3287],[121.8619,8690375.5787],[121.7001,8690375.8635],[120.8363,8690377.2529],[120.0121,8690378.4133],[119.9789,8690378.4709],[119.9601,8690378.5035],[119.9081,8690378.5929],[119.6573,8690379.1317],[119.4901,8690379.5617],[120.1217,8690379.8501],[120.5017,8690380.0301],[120.8567,8690380.2017],[121.5865,8690380.5617],[122.3991,8690380.9811],[123.1591,8690381.3911],[123.7893,8690381.7429],[124.6271,8690382.2487],[124.6779,8690382.2807],[124.8879,8690382.3973],[125.2693,8690382.6129],[126.6585,8690383.4769],[127.4571,8690384.0333],[127.6289,8690384.1467],[128.1565,8690384.5093],[128.4489,8690384.7157],[128.5591,8690384.7861],[128.9887,8690385.0669],[130.0693,8690385.8311],[132.2095,8690387.4311],[132.4583,8690387.6197],[132.9331,8690387.9933],[133.2621,8690388.2585],[133.7583,8690388.6297],[134.7425,8690389.4253],[134.7485,8690389.4297],[135.1639,8690389.7557],[135.8269,8690390.2319],[136.1679,8690390.4853],[136.8843,8690391.0115],[137.3083,8690391.3297],[138.4727,8690392.2801],[138.5017,8690392.3015],[138.8983,8690392.5997],[140.0715,8690393.5577],[140.4049,8690393.8473],[140.4153,8690393.8561],[140.4985,8690393.9197],[141.6033,8690394.8187],[142.1683,8690395.2397],[142.6709,8690395.6357],[143.1505,8690395.8733],[144.3229,8690396.4937],[144.7765,8690396.7117],[146.2193,8690397.4829],[146.8929,8690397.8859],[147.3637,8690398.1779],[147.4677,8690398.2325],[148.3393,8690398.7129],[148.7019,8690398.9263],[149.2019,8690399.2263],[149.8309,8690399.6167],[149.8593,8690399.6329],[151.0407,8690400.3593],[151.5605,8690400.6993],[151.7685,8690400.8369],[151.8959,8690400.9223],[152.3175,8690401.2079],[153.2585,8690401.8069],[154.5339,8690402.7181],[155.4439,8690403.3269],[155.4687,8690403.3439],[155.5893,8690403.4129],[156.8543,8690404.1943],[157.3243,8690404.5043],[157.3297,8690404.5077],[157.4595,8690404.5815],[157.6195,8690404.6729],[158.6383,8690405.2941],[158.9371,8690405.4859],[159.1593,8690405.6129],[160.3161,8690406.3233],[160.3971,8690406.3761],[160.6195,8690406.5029],[162.0089,8690407.3667],[162.3857,8690407.6239],[163.2475,8690408.2227],[164.3241,8690408.9225],[164.5887,8690409.0969],[164.9713,8690409.3577],[166.2513,8690410.2477],[166.7131,8690410.5767],[167.9331,8690411.4667],[168.2627,8690411.7113],[169.7727,8690412.8513],[169.9283,8690412.9697],[170.5385,8690413.4533],[171.0285,8690413.8197],[172.0331,8690414.6327],[172.3731,8690414.9227],[172.6329,8690415.1475],[173.4601,8690415.9067],[173.5531,8690415.9875],[173.8265,8690416.2309],[174.1365,8690416.5109],[175.0569,8690417.3859],[175.1939,8690417.5225],[175.6141,8690417.9285],[175.9273,8690418.2359],[176.2455,8690418.5601],[176.5155,8690418.8401],[177.3153,8690419.7099],[178.3531,8690420.9745],[178.3561,8690420.9785],[179.2131,8690422.0345],[179.5829,8690422.5289],[-179.9871,8690423.1189],[-179.4037,8690423.9543],[-154.7603,8690434.5223],[-132.823,8690441.3775],[-129.8675,8690444.2099],[-120.2809,8690452.9976],[-108.6607,8690455.0482],[-89.4633,8690465.6051],[-88.9785,8690465.8201],[-88.7885,8690465.9101],[-88.4333,8690466.0817],[-88.3327,8690466.1318],[-88.3103,8690466.1429],[-88.1303,8690466.2329],[-87.6671,8690466.4705],[-87.4771,8690466.5705],[-86.9795,8690466.8397],[-86.7995,8690466.9397],[-86.5935,8690467.0555],[-85.8407,8690467.4729],[-85.5537,8690467.6413],[-85.1337,8690467.8913],[-84.9619,8690467.9945],[-83.7589,8690468.7419],[-83.5993,8690468.8443],[-83.4293,8690468.9543],[-83.1211,8690469.1567],[-82.7021,8690469.4433],[-82.1897,8690469.7963],[-81.1891,8690470.5151],[-80.7017,8690470.8797],[-80.1645,8690471.3037],[-79.7469,8690471.6333],[-79.6579,8690471.7051],[-79.5163,8690471.8083],[-79.2913,8690471.9569],[-78.8441,8690472.2627],[-78.7729,8690472.3125],[-78.6913,8690472.3667],[-78.3667,8690472.5875],[-78.2487,8690472.6621],[-77.5889,8690473.0821],[-77.1215,8690473.3869],[-76.1393,8690474.0779],[-75.3913,8690474.6297],[-75.3109,8690474.6922],[-75.1737,8690474.7989],[-75.1087,8690474.8481],[-74.6115,8690475.2197],[-73.8261,8690475.8481],[-73.7149,8690475.9407],[-72.7971,8690476.7075],[-72.6981,8690476.7949],[-72.4113,8690477.0393],[-71.8913,8690477.4893],[-71.7671,8690477.5975],[-70.5727,8690478.7159],[-69.6023,8690479.7431],[-69.3523,8690480.0231],[-69.2047,8690480.1899],[-68.9697,8690480.4619],[-68.7395,8690480.7319],[-67.9365,8690481.7245],[-67.1457,8690482.8151],[-67.0709,8690482.9197],[-66.7009,8690483.4397],[-66.4019,8690483.8695],[-65.7083,8690484.8887],[-64.7631,8690485.7859],[-64.6521,8690485.8967],[-64.5373,8690486.0075],[-64.2129,8690486.3259],[-63.6629,8690486.8759],[-63.0207,8690487.5423],[-62.7609,8690487.8223],[-62.4665,8690488.1449],[-62.2065,8690488.4349],[-62.0247,8690488.6399],[-61.3459,8690489.4477],[-60.5977,8690490.3643],[-60.2033,8690490.8517],[-59.9433,8690491.1817],[-59.7469,8690491.4345],[-59.4709,8690491.8009],[-59.4077,8690491.8787],[-58.9767,8690492.4245],[-58.6723,8690492.8297],[-58.2769,8690493.3251],[-58.2121,8690493.4083],[-57.5095,8690494.2479],[-57.3823,8690494.4009],[-57.1023,8690494.7409],[-57.0457,8690494.8099],[-57.0121,8690494.8467],[-56.7647,8690495.1231],[-56.4647,8690495.4631],[-56.4145,8690495.5199],[-56.1899,8690495.7799],[-56.0655,8690495.9257],[-55.9155,8690496.0945],[-55.8549,8690496.1631],[-55.5547,8690496.5031],[-55.5047,8690496.5599],[-55.2797,8690496.8199],[-54.9899,8690497.1599],[-54.6441,8690497.5741],[-53.8441,8690498.5541],[-53.3769,8690499.1445],[-53.1489,8690499.4459],[-52.9495,8690499.7143],[-52.7569,8690499.9667],[-52.6305,8690500.1335],[-52.3307,8690500.5335],[-51.6857,8690501.4345],[-51.4057,8690501.8445],[-51.2639,8690502.0543],[-50.7941,8690502.7847],[-50.5341,8690503.2047],[-50.1399,8690503.8635],[-50.0543,8690504.0133],[-49.8043,8690504.4533],[-49.5933,8690504.8323],[-49.3531,8690505.2723],[-49.2419,8690505.4789],[-49.0019,8690505.9289],[-48.6389,8690506.6363],[-48.6053,8690506.7047],[-48.4683,8690506.9845],[-48.3255,8690507.2641],[-48.1689,8690507.5763],[-47.9597,8690508.0109],[-47.7299,8690508.5009],[-47.4055,8690509.2213],[-47.3035,8690509.4575],[-47.1983,8690509.6859],[-46.9553,8690510.2313],[-46.8535,8690510.4675],[-46.7483,8690510.6959],[-46.5777,8690511.0751],[-46.3577,8690511.5751],[-46.1435,8690512.0765],[-46.0597,8690512.2819],[-45.9603,8690512.5279],[-45.9261,8690512.6069],[-45.7841,8690512.9237],[-45.4937,8690513.5965],[-45.4737,8690513.6449],[-45.2635,8690514.1549],[-45.2345,8690514.2261],[-45.0345,8690514.7161],[-44.8943,8690515.0673],[-44.5551,8690515.9355],[-44.5391,8690515.9727],[-44.3935,8690516.3165],[-44.1707,8690516.8735],[-44.0005,8690517.3135],[-43.8897,8690517.6061],[-43.7787,8690517.8787],[-43.6187,8690518.2787],[-43.1573,8690519.5275],[-43.1407,8690519.5771],[-43.0009,8690519.9569],[-42.8607,8690520.3469],[-42.7411,8690520.6875],[-42.4329,8690521.5198],[-42.2671,8690521.9675],[-42.0999,8690522.4791],[-41.8473,8690523.1875],[-41.5749,8690524.0399],[-41.4549,8690524.4399],[-41.3907,8690524.6575],[-41.1125,8690525.5655],[-40.9925,8690525.9855],[-40.8823,8690526.3831],[-40.6805,8690527.1907],[-40.6685,8690527.2419],[-40.4677,8690527.9987],[-40.1855,8690529.1753],[-40.0955,8690529.5953],[-40.0207,8690529.9563],[-39.7545,8690531.5703],[-39.7079,8690531.9461],[-39.6579,8690532.3761],[-39.6371,8690532.5621],[-39.5871,8690533.0221],[-39.5697,8690533.1857],[-39.5307,8690533.5679],[-39.4937,8690533.9027],[-39.4697,8690534.1257],[-39.4199,8690534.6157],[-39.4055,8690534.7607],[-39.3311,8690535.5337],[-39.3017,8690535.7825],[-39.1899,8690536.9835],[-39.1499,8690537.5635],[-39.1461,8690537.6205],[-39.1059,8690538.2205],[-39.1041,8690538.2485],[-39.0645,8690539.0507],[-39.0445,8690539.6507],[-39.0337,8690540.0867],[-39.0239,8690540.7167],[-39.0207,8690541.1135],[-39.0207,8690544.9335],[-39.0233,8690545.2857],[-39.0307,8690545.8181],[-39.0307,8690546.9335],[-39.0337,8690547.3241],[-39.0475,8690548.2073],[-39.0441,8690548.4303],[-39.0405,8690548.8335],[-39.0405,8690549.0371],[-39.0197,8690549.6825],[-38.9875,8690550.0145],[-38.9333,8690550.5245],[-38.8709,8690551.0965],[-38.8037,8690551.7027],[-38.7563,8690552.1657],[-38.7157,8690552.6065],[-38.6753,8690552.9755],[-38.6135,8690553.5135],[-38.5747,8690553.8759],[-38.4779,8690554.8445],[-38.4347,8690555.2081],[-38.3827,8690555.6863],[-38.2813,8690556.7077],[-38.2337,8690557.1235],[-38.2235,8690557.2127],[-38.1535,8690557.8427],[-38.1311,8690558.0529],[-37.9425,8690559.8923],[-37.8737,8690560.5127],[-37.8581,8690560.6565],[-37.7841,8690561.3589],[-37.7093,8690562.0401],[-37.6811,8690562.3107],[-37.6407,8690562.7201],[-37.5885,8690563.1445],[-37.5395,8690563.5727],[-37.3551,8690565.3155],[-37.3245,8690565.5733],[-37.2743,8690565.9321],[-37.2443,8690566.1503],[-37.2429,8690566.1627],[-37.1629,8690566.7727],[-37.1377,8690566.9697],[-37.1273,8690567.0557],[-37.1223,8690567.0859],[-37.0473,8690567.5551],[-36.9571,8690568.1551],[-36.9243,8690568.3821],[-36.8693,8690568.7731],[-36.8531,8690568.8725],[-36.7219,8690569.5873],[-36.6507,8690569.9935],[-36.5709,8690570.4729],[-36.5167,8690570.7711],[-36.4221,8690571.2521],[-36.3011,8690571.9121],[-36.2905,8690571.9737],[-36.2783,8690572.0311],[-36.2011,8690572.3971],[-36.0709,8690573.0371],[-36.0511,8690573.1363],[-35.9213,8690573.8421],[-35.8925,8690574.0109],[-35.8629,8690574.1531],[-35.8111,8690574.4063],[-35.7461,8690574.7449],[-35.6261,8690575.3949],[-35.4245,8690576.6703],[-35.3459,8690577.3357],[-35.2927,8690577.8445],[-35.2317,8690578.3625],[-35.1779,8690578.8645],[-35.1211,8690579.4501],[-35.0555,8690580.0565],[-35.0413,8690580.1929],[-34.9773,8690580.8141],[-34.9055,8690581.4379],[-34.8617,8690581.8463],[-34.7963,8690582.5079],[-34.7235,8690583.1627],[-34.6977,8690583.4047],[-34.5415,8690584.9479],[-34.4735,8690585.5947],[-34.4011,8690586.2641],[-34.3279,8690586.9143],[-34.2913,8690587.2607],[-34.2363,8690587.8179],[-34.1735,8690588.3827],[-34.1555,8690588.5517],[-33.8479,8690591.5007],[-33.7984,8690591.9336],[-33.7823,8690592.0749],[-33.7483,8690592.3903],[-33.6289,8690593.5673],[-33.5719,8690594.0525],[-33.5321,8690594.4135],[-33.4701,8690595.0153],[-33.4087,8690595.5753],[-33.3391,8690596.3157],[-33.3277,8690596.4597],[-33.3147,8690596.5681],[-33.2733,8690596.9411],[-33.2133,8690597.5211],[-33.2047,8690597.6059],[-33.1501,8690598.1529],[-33.0933,8690598.7011],[-33.0499,8690599.1625],[-33.0127,8690599.5993],[-32.9669,8690600.0755],[-32.9041,8690600.8485],[-32.8789,8690601.2945],[-32.8491,8690601.9245],[-32.8325,8690602.3447],[-32.8173,8690602.8387],[-32.7943,8690603.3677],[-32.7707,8690604.4535],[-32.7707,8690604.7919],[-32.7599,8690605.1789],[-32.7505,8690605.8635],[-32.8039,8690607.4987],[-32.8415,8690607.9947],[-32.8841,8690608.8887],[-32.9547,8690609.7411],[-32.9707,8690609.9011],[-32.9803,8690610.0697],[-32.9939,8690610.2987],[-33.1507,8690611.8971],[-33.1967,8690612.2499],[-33.2321,8690612.5935],[-33.3047,8690613.2215],[-33.3645,8690613.6863],[-33.4087,8690614.0917],[-33.4745,8690614.6367],[-33.5373,8690615.0821],[-33.6179,8690615.6197],[-33.6999,8690616.1849],[-33.8607,8690617.1569],[-33.9365,8690617.6727],[-34.0097,8690618.1359],[-34.0843,8690618.7667],[-34.1999,8690619.5479],[-34.2693,8690619.9711],[-34.5019,8690621.5375],[-34.5821,8690622.0413],[-34.5915,8690622.0963],[-34.5937,8690622.1145],[-34.6145,8690622.2767],[-34.7641,8690623.2613],[-34.7657,8690623.2703],[-34.7845,8690623.4167],[-34.9767,8690624.6409],[-35.1245,8690625.5781],[-35.3711,8690626.9681],[-35.4611,8690627.4781],[-35.5611,8690628.0109],[-35.6533,8690628.4533],[-35.7609,8690629.0309],[-35.9801,8690630.0255],[-35.9909,8690630.0809],[-36.1279,8690630.7241],[-36.1297,8690630.7325],[-36.1339,8690630.7557],[-36.2111,8690631.1607],[-36.2855,8690631.5217],[-36.4055,8690632.0817],[-36.5969,8690632.9069],[-36.6721,8690633.2073],[-36.7409,8690633.5051],[-36.7951,8690633.7349],[-36.9249,8690634.2749],[-37.0597,8690634.8083],[-37.1997,8690635.3383],[-37.2223,8690635.4241],[-37.2965,8690635.6943],[-37.4365,8690636.1943],[-37.5775,8690636.6787],[-37.7375,8690637.2087],[-37.8169,8690637.4671],[-37.9771,8690637.9771],[-38.0655,8690638.2535],[-38.2255,8690638.7435],[-38.3175,8690639.0195],[-38.5239,8690639.6039],[-38.6721,8690640.0073],[-38.8285,8690640.4415],[-38.9007,8690640.6399],[-39.0709,8690641.0999],[-39.4237,8690642.0007],[-39.4481,8690642.0597],[-39.7937,8690642.9407],[-39.8297,8690643.0271],[-39.8957,8690643.1851],[-39.9697,8690643.3735],[-40.1121,8690643.7293],[-40.2921,8690644.1693],[-40.3303,8690644.2623],[-40.8103,8690645.4223],[-40.8137,8690645.4307],[-40.8643,8690645.5517],[-40.9875,8690645.9309],[-41.0351,8690646.0907],[-41.0625,8690646.1941],[-41.3779,8690647.2731],[-41.5081,8690647.7237],[-41.5425,8690647.8541],[-41.8011,8690648.7513],[-41.9235,8690649.1485],[-41.9723,8690649.3341],[-42.1273,8690649.8861],[-42.2339,8690650.2501],[-42.3365,8690650.6051],[-42.4579,8690651.0115],[-42.8147,8690652.2107],[-42.8535,8690652.3295],[-42.9225,8690652.5715],[-43.0149,8690652.8873],[-43.0333,8690652.9491],[-43.0833,8690653.1631],[-42.9607,8690653.5889],[-42.8611,8690653.9053],[-42.8061,8690654.0815],[-42.7421,8690654.2899],[-42.6801,8690654.4809],[-42.4113,8690655.3649],[-42.2019,8690656.0181],[-42.0919,8690656.3781],[-41.9127,8690656.9925],[-41.8299,8690657.2903],[-41.5463,8690658.2981],[-41.4625,8690658.6031],[-41.3571,8690659.0101],[-41.3241,8690659.1415],[-41.2865,8690659.2809],[-41.2725,8690659.3331],[-40.9853,8690660.5203],[-40.9051,8690660.8903],[-40.8209,8690661.2963],[-40.5545,8690662.9103],[-40.4937,8690663.4127],[-40.4135,8690664.1327],[-40.3979,8690664.2765],[-40.3581,8690664.6565],[-40.3513,8690664.7229],[-40.3145,8690665.0797],[-40.2381,8690665.8065],[-40.2313,8690665.8729],[-40.1911,8690666.2629],[-40.1363,8690666.8713],[-40.0763,8690667.6413],[-40.0543,8690667.9485],[-40.0095,8690668.9171],[-39.9895,8690669.6671],[-39.9807,8690670.3335],[-40.0171,8690671.6829],[-40.0557,8690672.4007],[-40.0735,8690672.7439],[-40.0941,8690673.0987],[-40.2545,8690674.7267],[-40.2783,8690674.9027],[-40.2813,8690674.9235],[-40.2835,8690674.9443],[-40.3445,8690675.4467],[-40.3683,8690675.6227],[-40.4047,8690675.8863],[-40.4441,8690676.1859],[-40.5213,8690676.7249],[-40.5225,8690676.7329],[-40.5945,8690677.3367],[-40.6619,8690677.8133],[-40.6947,8690678.1411],[-40.7639,8690678.7545],[-40.8213,8690679.2155],[-40.8289,8690679.2911],[-40.8933,8690679.8787],[-40.9911,8690680.6863],[-41.0047,8690680.8211],[-41.0835,8690681.5127],[-41.0914,8690681.5742],[-41.1337,8690681.9027],[-41.1443,8690681.9867],[-41.3411,8690683.2353],[-41.5413,8690684.3253],[-41.6111,8690684.6909],[-41.6405,8690684.8371],[-41.7205,8690685.2271],[-42.0189,8690686.5095],[-42.2525,8690687.4541],[-42.5699,8690688.5397],[-42.6407,8690688.7633],[-42.7049,8690688.9773],[-42.9337,8690689.6993],[-42.9435,8690689.7293],[-42.9549,8690689.7673],[-43.2273,8690690.6195],[-43.4225,8690691.1731],[-43.5725,8690691.5831],[-43.6425,8690691.7717],[-43.9425,8690692.5717],[-44.2537,8690693.3607],[-44.6515,8690694.2701],[-44.7207,8690694.4197],[-44.7833,8690694.5631],[-45.2787,8690695.6307],[-45.4553,8690695.9815],[-45.7953,8690696.6445],[-45.9401,8690696.9339],[-46.3953,8690697.8015],[-46.5711,8690698.1213],[-46.5995,8690698.1741],[-46.8823,8690698.7259],[-46.9959,8690698.9443],[-47.2057,8690699.3443],[-47.4791,8690699.8507],[-47.8553,8690700.5615],[-48.0753,8690700.9615],[-48.2061,8690701.1965],[-48.2975,8690701.3585],[-48.6117,8690701.9439],[-48.9901,8690702.6235],[-49.0651,8690702.7531],[-49.2559,8690703.0789],[-49.4379,8690703.3953],[-49.4599,8690703.4335],[-49.5351,8690703.5631],[-49.5945,8690703.6645],[-49.7619,8690703.9783],[-49.8933,8690704.2215],[-49.9547,8690704.3337],[-50.0145,8690704.4505],[-50.2949,8690704.9827],[-50.4177,8690705.2443],[-50.8961,8690706.3823],[-50.9127,8690706.4223],[-50.9285,8690706.4635],[-51.1937,8690707.1307],[-51.2823,8690707.3421],[-51.4077,8690707.6371],[-51.5073,8690707.8781],[-51.8537,8690708.7607],[-52.1525,8690709.4527],[-52.1601,8690709.4697],[-52.1615,8690709.4725],[-52.1937,8690709.5507],[-52.6973,8690710.6857],[-52.8213,8690710.9479],[-53.1317,8690711.6201],[-53.3559,8690712.0927],[-53.5459,8690712.4827],[-53.5987,8690712.5907],[-53.6599,8690712.7139],[-53.8599,8690713.1139],[-53.9753,8690713.3415],[-54.1753,8690713.7315],[-54.2977,8690713.9673],[-54.3777,8690714.1193],[-54.4599,8690714.2839],[-54.9153,8690715.1515],[-55.1353,8690715.5515],[-55.3899,8690716.0035],[-55.4909,8690716.1765],[-55.6771,8690716.5149],[-55.9071,8690716.9249],[-56.0379,8690717.1553],[-56.2025,8690717.4417],[-56.2563,8690717.5381],[-56.3617,8690717.7339],[-56.7401,8690718.4135],[-57.0991,8690719.0159],[-57.1655,8690719.1241],[-57.4301,8690719.5935],[-57.5465,8690719.7931],[-57.7765,8690720.1831],[-57.9231,8690720.4287],[-57.9901,8690720.5393],[-58.0745,8690720.6871],[-58.1299,8690720.7835],[-58.2465,8690720.9831],[-58.4765,8690721.3731],[-58.6787,8690721.7099],[-58.8711,8690722.0251],[-59.4779,8690723.0265],[-59.5287,8690723.1099],[-59.7487,8690723.4699],[-60.2939,8690724.3227],[-60.4625,8690724.5717],[-60.5207,8690724.6571],[-60.8267,8690725.1283],[-61.0139,8690725.4127],[-61.0861,8690725.5199],[-61.2035,8690725.6943],[-61.5567,8690726.2383],[-61.5855,8690726.2827],[-61.8635,8690726.7333],[-61.9687,8690726.9003],[-62.3589,8690727.5465],[-62.4005,8690727.6183],[-62.5463,8690727.8765],[-62.6699,8690728.0935],[-62.6851,8690728.1195],[-62.8353,8690728.3795],[-62.8667,8690728.4349],[-62.9589,8690728.6061],[-63.1187,8690728.8979],[-63.2375,8690729.1273],[-63.2497,8690729.1503],[-63.3043,8690729.2763],[-63.6573,8690730.0557],[-63.7685,8690730.2907],[-64.1189,8690731.1009],[-64.2519,8690731.4115],[-64.6245,8690732.2387],[-64.6475,8690732.2875],[-64.7219,8690732.4615],[-65.2093,8690733.5285],[-65.5127,8690734.1541],[-65.9453,8690735.0565],[-66.0687,8690735.3107],[-66.2585,8690735.6873],[-66.4383,8690736.0373],[-66.9445,8690736.9717],[-66.9885,8690737.0573],[-67.4497,8690737.9129],[-67.6829,8690738.3625],[-67.8119,8690738.6057],[-67.8487,8690738.6807],[-68.1465,8690739.2651],[-68.1789,8690739.3307],[-68.2683,8690739.5099],[-68.2841,8690739.5443],[-68.3069,8690739.5931],[-68.3545,8690739.7287],[-68.6193,8690740.5945],[-68.6349,8690740.6473],[-68.7249,8690740.9473],[-68.9535,8690741.6693],[-69.0537,8690741.9693],[-69.0973,8690742.0995],[-69.2987,8690742.6699],[-69.4741,8690743.1483],[-69.5399,8690743.3337],[-69.6925,8690743.7517],[-69.8125,8690744.0717],[-70.1237,8690744.8607],[-70.1749,8690744.9833],[-70.5449,8690745.8633],[-70.8065,8690746.4633],[-70.9463,8690746.7733],[-71.0487,8690746.9969],[-71.5987,8690748.1907],[-71.8051,8690748.5997],[-71.9651,8690748.9097],[-72.0535,8690749.0789],[-72.0789,8690749.1307],[-72.8501,8690750.5735],[-72.8809,8690750.6269],[-72.9489,8690750.7441],[-73.3701,8690751.5035],[-73.5243,8690751.7671],[-73.7143,8690752.0871],[-74.0901,8690752.6999],[-74.2801,8690752.9999],[-74.3933,8690753.1767],[-74.4365,8690753.2441],[-74.4755,8690753.3077],[-75.0039,8690754.1329],[-75.2103,8690754.4369],[-75.2671,8690754.5195],[-75.3097,8690754.5877],[-75.4911,8690754.8757],[-75.6695,8690755.1677],[-75.8495,8690755.4577],[-76.3039,8690756.1629],[-76.4267,8690756.3451],[-76.5501,8690756.5399],[-76.6411,8690756.6825],[-76.8211,8690756.9625],[-76.9391,8690757.1443],[-77.1291,8690757.4343],[-77.2539,8690757.6229],[-77.4135,8690757.8587],[-77.8989,8690758.5677],[-77.9491,8690758.6443],[-78.0739,8690758.8329],[-78.3379,8690759.2201],[-78.6581,8690759.6801],[-78.9321,8690760.0663],[-78.9745,8690760.1249],[-79.0103,8690760.1769],[-79.7569,8690761.2025],[-80.1587,8690761.7125],[-80.4765,8690762.1307],[-80.5467,8690762.2227],[-80.9455,8690762.7289],[-80.9867,8690762.7825],[-81.7359,8690763.7121],[-81.9561,8690763.9721],[-82.0095,8690764.0353],[-82.2085,8690764.2687],[-82.4061,8690764.5021],[-82.6947,8690764.8373],[-82.7657,8690764.9179],[-83.2257,8690765.4379],[-83.5523,8690765.7999],[-84.0565,8690766.3479],[-84.0929,8690766.3893],[-84.4625,8690766.7999],[-84.9223,8690767.2999],[-85.6429,8690768.0513],[-85.8895,8690768.2943],[-86.1331,8690768.5413],[-86.3831,8690768.7913],[-86.9947,8690769.3825],[-87.5821,8690769.9453],[-88.1323,8690770.4553],[-88.4803,8690770.7719],[-89.3203,8690771.5219],[-89.4871,8690771.6695],[-89.9661,8690772.0791],[-90.0935,8690772.1853],[-90.1521,8690772.2377],[-90.3571,8690772.4195],[-90.4569,8690772.5067],[-90.9271,8690772.9295],[-91.0871,8690773.0687],[-91.2123,8690773.1767],[-91.6103,8690773.5319],[-91.7771,8690773.6795],[-92.2561,8690774.0891],[-92.9745,8690774.6877],[-93.2829,8690774.9809],[-93.2905,8690774.9883],[-93.5799,8690775.2873],[-93.6147,8690775.3305],[-93.8505,8690775.6577],[-94.1085,8690776.0095],[-94.2703,8690776.2469],[-94.4155,8690776.4575],[-94.5537,8690776.6611],[-94.9873,8690777.2797],[-95.6041,8690778.1415],[-95.6413,8690778.1941],[-95.8405,8690778.4869],[-96.0405,8690778.7769],[-96.1399,8690778.9201],[-96.3499,8690779.2201],[-96.4431,8690779.3523],[-96.6629,8690779.6623],[-96.9889,8690780.1111],[-97.5691,8690780.8911],[-97.7133,8690781.0833],[-97.9333,8690781.3733],[-98.0167,8690781.4827],[-98.0825,8690781.5679],[-98.3225,8690781.8779],[-98.5689,8690782.1909],[-99.0489,8690782.7909],[-99.7747,8690783.6571],[-100.4879,8690784.4367],[-100.5649,8690784.5235],[-100.6005,8690784.5673],[-101.2645,8690785.3571],[-101.6543,8690785.7913],[-101.6859,8690785.8289],[-101.9275,8690786.1171],[-101.9733,8690786.1719],[-101.9903,8690786.1943],[-101.9967,8690786.2027],[-102.6251,8690786.9881],[-103.1251,8690787.5881],[-103.1759,8690787.6489],[-103.4177,8690787.9371],[-103.6353,8690788.1981],[-103.6859,8690788.2589],[-104.0521,8690788.6959],[-104.1505,8690788.8173],[-104.6971,8690789.4721],[-104.7613,8690789.5577],[-104.8921,8690789.7379],[-105.1107,8690790.0335],[-105.3505,8690790.3535],[-105.5167,8690790.5725],[-105.6169,8690790.7021],[-105.7999,8690790.9375],[-105.9533,8690791.1399],[-106.0473,8690791.2633],[-106.6623,8690792.0647],[-106.8635,8690792.3299],[-106.9567,8690792.4525],[-107.0901,8690792.6247],[-107.3401,8690792.9447],[-107.6377,8690793.3183],[-108.1577,8690793.9583],[-108.3787,8690794.2263],[-108.9387,8690794.8963],[-108.9807,8690794.9463],[-109.2791,8690795.3191],[-109.2903,8690795.3345],[-109.3517,8690795.4195],[-109.5601,8690795.7321],[-109.5835,8690795.7705],[-109.6361,8690795.8603],[-109.7935,8690796.1259],[-109.9441,8690796.3775],[-110.0923,8690796.6291],[-110.2033,8690796.8159],[-110.3541,8690797.0675],[-110.5023,8690797.3191],[-110.6707,8690797.6011],[-110.8709,8690797.9311],[-111.4639,8690798.8627],[-111.6497,8690799.1367],[-111.7159,8690799.2331],[-111.7793,8690799.3299],[-111.8939,8690799.5029],[-112.0797,8690799.7767],[-112.2997,8690800.0967],[-112.9007,8690800.9335],[-113.3805,8690801.5735],[-113.5467,8690801.7925],[-113.9203,8690802.2673],[-114.1703,8690802.5773],[-114.4251,8690802.8881],[-114.6751,8690803.1881],[-114.7259,8690803.2489],[-114.9859,8690803.5589],[-115.3447,8690803.9771],[-115.5915,8690804.2547],[-116.3167,8690805.0569],[-116.5531,8690805.3197],[-116.7623,8690805.5539],[-117.3621,8690806.2023],[-117.4955,8690806.3571],[-117.6347,8690806.5171],[-117.7455,8690806.6427],[-117.8351,8690806.7435],[-117.9293,8690806.8533],[-117.9603,8690806.8897],[-118.0847,8690807.0455],[-118.1859,8690807.1839],[-118.3231,8690807.3701],[-118.4333,8690807.5247],[-118.5265,8690807.6621],[-118.6395,8690807.8311],[-118.6537,8690807.8529],[-118.7675,8690808.0213],[-118.9375,8690808.2713],[-119.0879,8690808.4901],[-119.2479,8690808.7201],[-119.3043,8690808.8007],[-119.7743,8690809.4707],[-119.8975,8690809.6445],[-120.0973,8690809.9245],[-120.6067,8690810.6125],[-120.6585,8690810.6797],[-120.6645,8690810.6873],[-120.6761,8690810.7033],[-120.9469,8690811.0625],[-120.9987,8690811.1297],[-121.1685,8690811.3497],[-121.4643,8690811.7249],[-121.6067,8690811.9125],[-122.0919,8690812.5245],[-122.2719,8690812.7445],[-122.4531,8690812.9637],[-122.6425,8690813.1963],[-122.6645,8690813.2231],[-122.8007,8690813.4435],[-122.9289,8690813.6491],[-123.0239,8690813.8025],[-123.4939,8690814.5329],[-124.4469,8690815.8625],[-124.5051,8690815.9385],[-125.2367,8690816.9425],[-126.2747,8690818.2071],[-127.3931,8690819.4011],[-127.8089,8690819.8075],[-129.6057,8690827.0017],[-129.7125,8690827.4141],[-129.9749,8690828.3241],[-132.8949,8690837.7741],[-133.1073,8690838.4295],[-133.4293,8690839.3219],[-134.7293,8690842.7219],[-134.9837,8690843.3607],[-135.1587,8690843.7731],[-136.4389,8690846.7131],[-136.7479,8690847.3945],[-138.9777,8690852.1245],[-139.1689,8690852.5207],[-139.6541,8690853.4543],[-140.9439,8690855.8143],[-141.2301,8690856.3235],[-141.8491,8690857.3391],[-143.8989,8690860.5291],[-144.1439,8690860.9029],[-144.6007,8690861.5633],[-146.0609,8690863.6033],[-146.5143,8690864.2169],[-147.9943,8690866.1569],[-148.0369,8690866.2125],[-148.0675,8690866.2525],[-153.5075,8690873.3125],[-154.2775,8690874.2629],[-155.8277,8690876.0829],[-156.0175,8690876.3031],[-160.0083,8690880.8803],[-166.1573,8690888.3423],[-166.6547,8690888.9271],[-167.7729,8690890.1213],[-168.0521,8690890.3961],[-169.6721,8690891.9661],[-170.2515,8690892.5101],[-172.2811,8690894.3557],[-172.2635,8690894.6575],[-171.9047,8690900.7011],[-171.8629,8690901.8457],[-171.1677,8690903.3241],[-170.6937,8690904.3965],[-170.2797,8690905.4643],[-169.5097,8690907.5943],[-169.3473,8690908.0575],[-168.8725,8690909.6231],[-168.7277,8690910.1905],[-168.4677,8690911.2605],[-168.2411,8690912.2863],[-167.9745,8690913.9003],[-167.9571,8690914.0351],[-167.8173,8690915.1451],[-167.6739,8690916.6385],[-167.6241,8690917.8569],[-167.6041,8690919.0569],[-167.6005,8690919.4735],[-167.6543,8690921.1087],[-167.7503,8690922.2043],[-168.0503,8690924.9343],[-168.1145,8690925.4667],[-168.3811,8690927.0809],[-168.3861,8690927.1065],[-168.6663,8690928.5065],[-168.9585,8690929.7917],[-169.3087,8690931.1617],[-169.3823,8690931.4441],[-169.4925,8690931.8415],[-171.3325,8690938.2815],[-171.6973,8690939.4495],[-172.0395,8690940.3949],[-172.9097,8690942.6549],[-173.1435,8690943.2407],[-173.7765,8690944.6445],[-175.2465,8690947.6545],[-175.2887,8690947.7407],[-175.6811,8690948.5029],[-177.5911,8690952.0629],[-177.9701,8690952.7435],[-178.2389,8690953.1983],[-179.7177,8690955.6389],[-179.9491,8690956.1123],[178.1541,8690960.3457],[177.7611,8690961.1807],[177.3015,8690962.0679],[176.3713,8690963.7779],[176.0599,8690964.3335],[175.1961,8690965.7229],[175.0851,8690965.8877],[174.0451,8690967.4177],[173.2033,8690968.5827],[172.9053,8690968.9631],[171.8351,8690970.3031],[171.5425,8690970.6627],[169.4349,8690973.2043],[169.0751,8690973.7197],[168.7297,8690974.3019],[168.2779,8690976.2265],[168.2555,8690976.3209],[166.7055,8690982.8109],[166.5375,8690983.4741],[166.4035,8690983.9551],[165.5235,8690986.9951],[165.1827,8690988.0795],[165.1391,8690988.2065],[165.1017,8690988.3147],[164.8985,8690990.1567],[164.8355,8690990.6767],[164.5693,8690992.2909],[164.1975,8690993.8841],[163.9897,8690994.6151],[163.6197,8690995.8451],[163.3529,8690996.6795],[162.8069,8690998.1363],[162.2571,8690999.4763],[162.2263,8690999.5507],[161.6351,8691000.8687],[160.9395,8691002.3069],[159.6313,8691005.0689],[159.2759,8691005.9707],[157.1107,8691011.9871],[156.9301,8691012.5503],[156.8015,8691013.6595],[156.5151,8691016.6529],[156.0505,8691022.4873],[155.9157,8691023.7667],[155.6943,8691025.1477],[155.393,8691026.7405],[155.3445,8691026.7839],[155.0085,8691027.4799],[154.2605,8691028.3279],[153.4505,8691029.7618],[150.8285,8691035.1018],[149.0466,8691041.1437],[148.7026,8691041.6237],[148.3826,8691042.1277],[143.5426,8691047.5035],[142.6306,8691048.2155],[140.5547,8691054.7374],[140.0867,8691055.1694],[139.6347,8691055.6334],[138.2009,8691060.8893],[137.9849,8691062.2513],[137.7329,8691065.1552],[137.3249,8691065.6111],[136.9769,8691066.0431],[136.719,8691067.5191],[136.399,8691067.9591],[135.687,8691069.0711],[134.907,8691073.1631],[134.5111,8691076.331],[133.6991,8691077.723],[133.1592,8691084.0649],[132.4113,8691085.4768],[131.7473,8691086.9488],[131.4113,8691088.7728],[130.8593,8691090.1768],[130.6193,8691091.1188],[130.2433,8691092.1667],[129.3554,8691095.6946],[128.9894,8691097.7526],[128.5695,8691099.1326],[128.4255,8691100.5666],[128.1916,8691103.2665],[127.9556,8691104.2425],[111.2834,8691114.0463],[110.0594,8691113.6583],[109.9274,8691114.2821],[115.4717,8691118.7175],[127.8361,8691124.8997],[129.5418,8691136.8401],[129.1765,8691137.0353],[128.1399,8691137.5175],[126.8597,8691138.0775],[126.4065,8691138.2705],[126.3561,8691138.2913],[121.8439,8691140.1489],[120.3855,8691140.9263],[118.1871,8691142.2203],[117.8421,8691142.4383],[117.7661,8691142.5527],[116.8131,8691143.8825],[116.4637,8691144.3275],[115.6437,8691145.3475],[114.9555,8691146.1671],[113.8371,8691147.3613],[113.5447,8691147.6487],[112.6147,8691148.5487],[111.7131,8691149.3795],[110.4483,8691150.4173],[109.1943,8691151.3195],[108.2143,8691151.9795],[108.1385,8691152.0303],[106.7495,8691152.8941],[105.3065,8691153.6653],[103.8167,8691154.3405],[103.2381,8691154.5717],[102.1481,8691154.9917],[101.1953,8691155.3367],[99.6299,8691155.8117],[98.0367,8691156.1831],[97.7319,8691156.2419],[96.4421,8691156.4819],[95.1325,8691156.6897],[93.6739,8691156.8383],[92.1537,8691156.9483],[91.9845,8691156.9601],[90.8039,8691157.0095],[89.1537,8691157.0395],[88.6993,8691157.0435],[88.5291,8691157.0379],[88.3907,8691157.0417],[86.9247,8691157.0235],[85.9449,8691157.0235],[85.4931,8691157.4295],[85.3739,8691157.5333],[84.5539,8691158.2433],[83.4085,8691159.1773],[82.0787,8691160.1303],[81.7261,8691160.3615],[81.1363,8691160.7415],[80.0993,8691161.3741],[78.6565,8691162.1453],[77.1665,8691162.8205],[75.6353,8691163.3967],[74.0699,8691163.8717],[72.4767,8691164.2431],[72.3995,8691164.2583],[71.9397,8691164.3483],[70.4027,8691164.5997],[68.7745,8691164.7601],[67.1393,8691164.8135],[65.5043,8691164.7601],[63.8761,8691164.5997],[62.2621,8691164.3331],[60.6689,8691163.9617],[60.3987,8691163.8877],[59.8987,8691163.7477],[59.0163,8691163.4829],[58.4595,8691163.8141],[57.7841,8691164.1903],[54.9341,8691165.7203],[54.1665,8691166.1153],[54.0865,8691166.1547],[53.4973,8691168.6247],[53.4465,8691168.9009],[53.3869,8691169.6421],[53.3637,8691171.5015],[53.3803,8691172.0953],[53.5923,8691175.9963],[53.6293,8691177.3535],[53.5761,8691178.9887],[53.5647,8691179.1507],[53.4847,8691180.2607],[53.3355,8691181.7267],[53.0689,8691183.3409],[52.8287,8691184.4231],[52.5585,8691185.5231],[52.4277,8691186.0341],[51.9527,8691187.5995],[51.3763,8691189.1307],[50.7011,8691190.6207],[50.4633,8691191.0905],[49.9333,8691192.1105],[49.4001,8691193.0835],[48.5361,8691194.4729],[47.5833,8691195.8027],[47.2915,8691196.1755],[46.5415,8691197.1155],[45.7953,8691198.0071],[44.6769,8691199.2013],[43.7969,8691200.0813],[42.6031,8691201.1995],[42.4547,8691201.3287],[41.5047,8691202.1487],[40.7355,8691202.7863],[39.8053,8691203.5263],[39.4583,8691203.7973],[39.3773,8691203.8593],[37.8351,8691205.0327],[38.2965,8691205.2417],[39.7393,8691206.0129],[41.1289,8691206.8769],[42.1199,8691207.5747],[42.3901,8691207.7747],[42.7283,8691208.0297],[43.9931,8691209.0675],[45.1871,8691210.1859],[46.3053,8691211.3799],[47.3431,8691212.6445],[48.2961,8691213.9743],[49.1599,8691215.3635],[49.9313,8691216.8063],[50.0573,8691217.0659],[50.3973,8691217.7759],[50.9463,8691219.0065],[51.5227,8691220.5375],[51.9151,8691221.8184],[51.9609,8691221.9677],[52.1609,8691222.6977],[52.1975,8691222.8331],[52.5693,8691224.4263],[52.8355,8691226.0403],[52.8593,8691226.2263],[53.0193,8691227.5163],[53.1559,8691228.9585],[53.2095,8691230.5935],[53.2063,8691230.6875],[53.2087,8691230.7721],[53.1989,8691232.1721],[53.1845,8691232.8543],[52.9073,8691240.9035],[53.5659,8691243.0753],[53.7933,8691243.6791],[55.9955,8691244.1545],[61.1469,8691245.2627],[62.3601,8691245.5555],[62.4143,8691245.5701],[70.8843,8691247.8601],[72.3955,8691248.3203],[73.9265,8691248.8965],[74.7625,8691249.2609],[75.9425,8691249.8009],[76.5965,8691250.1117],[78.0393,8691250.8829],[78.1913,8691250.9715],[79.4015,8691251.6815],[80.6387,8691252.4569],[81.8589,8691253.3263],[83.0191,8691254.2063],[83.1285,8691254.2897],[84.3933,8691255.3275],[85.2439,8691256.1093],[86.3039,8691257.1293],[86.6471,8691257.4659],[87.7655,8691258.6599],[87.9975,8691258.9283],[88.9775,8691260.0783],[89.7835,8691261.0745],[90.6255,8691262.2403],[92.3655,8691264.8003],[92.4761,8691264.9643],[93.3399,8691266.3535],[93.5509,8691266.7261],[94.3109,8691268.0961],[94.8711,8691269.1663],[95.1159,8691269.6773],[95.7859,8691271.1173],[96.2163,8691272.0965],[96.5403,8691272.9197],[97.1003,8691274.4197],[97.3525,8691275.1275],[97.6205,8691275.9655],[98.0807,8691277.4955],[98.2875,8691278.2231],[98.4663,8691278.9319],[98.8263,8691280.4519],[99.0075,8691281.2791],[99.3075,8691282.7691],[99.3193,8691282.8263],[99.3359,8691282.9131],[99.9969,8691286.2975],[100.2615,8691287.2955],[100.4939,8691287.5675],[104.8401,8691292.6315],[105.7033,8691293.6945],[106.3063,8691294.5147],[107.5465,8691296.2747],[107.8961,8691296.7843],[108.3345,8691297.4641],[109.5047,8691299.3441],[109.9301,8691300.0535],[110.0671,8691300.2943],[110.1339,8691300.4129],[110.6455,8691300.5803],[111.6343,8691300.9393],[114.7343,8691302.1393],[115.2765,8691302.3565],[116.5323,8691302.9177],[118.0525,8691303.6477],[118.2865,8691303.7617],[119.5845,8691304.4501],[121.0447,8691305.2801],[121.1893,8691305.3629],[122.5787,8691306.2269],[122.8653,8691306.4213],[124.2453,8691307.3713],[125.2885,8691308.1297],[125.3973,8691308.2139],[126.7375,8691309.2539],[127.2403,8691309.6547],[128.5603,8691310.7347],[128.7339,8691310.8781],[130.0539,8691311.9781],[130.4845,8691312.3451],[132.9147,8691314.4651],[132.9631,8691314.5075],[134.1571,8691315.6259],[134.3911,8691315.8631],[136.2411,8691317.7631],[137.1253,8691318.7199],[137.5769,8691319.2497],[139.1271,8691321.1197],[139.7131,8691321.8545],[140.2937,8691322.6427],[141.9337,8691324.9627],[142.3063,8691325.5043],[142.5443,8691325.8675],[144.4743,8691328.8675],[145.0999,8691329.8935],[145.3935,8691330.4163],[146.8235,8691333.0363],[147.3011,8691333.9563],[147.9745,8691335.4425],[148.4347,8691336.5525],[148.4363,8691336.5565],[148.7431,8691337.3337],[149.5735,8691339.5443],[150.7593,8691340.6773],[151.1671,8691341.0759],[152.2853,8691342.2699],[153.3233,8691343.5345],[154.2763,8691344.8643],[155.1401,8691346.2535],[155.9113,8691347.6963],[156.3453,8691348.6241],[156.7355,8691349.5041],[156.9763,8691350.0665],[157.5527,8691351.5975],[158.0277,8691353.1631],[158.3991,8691354.7563],[158.6657,8691356.3703],[158.8261,8691357.9985],[158.8793,8691359.6335],[158.8261,8691361.2687],[158.6657,8691362.8967],[158.3991,8691364.5109],[158.0277,8691366.1041],[157.5527,8691367.6695],[157.3135,8691368.3417],[153.8871,8691377.5629],[172.9001,8691412.6539],[173.3413,8691413.5063],[174.0163,8691414.9965],[174.5927,8691416.5275],[175.0675,8691418.0931],[175.4391,8691419.6863],[175.7055,8691421.3003],[175.8659,8691422.9285],[175.9193,8691424.5635],[175.8659,8691426.1987],[175.7055,8691427.8267],[175.4391,8691429.4409],[175.0675,8691431.0341],[174.5927,8691432.5995],[174.4259,8691433.0745],[174.0061,8691434.2345],[173.5963,8691435.2907],[172.9211,8691436.7807],[172.1499,8691438.2235],[171.2861,8691439.6127],[171.2391,8691439.6829],[170.5389,8691440.7229],[169.6331,8691441.9825],[168.5953,8691443.2471],[167.4771,8691444.4413],[167.3769,8691444.5409],[166.4869,8691445.4209],[165.3933,8691446.4395],[164.1283,8691447.4773],[163.8069,8691447.7201],[161.4609,8691449.4609],[160.8109,8691450.0281],[160.0417,8691450.8111],[159.7355,8691451.1843],[159.6781,8691451.3109],[157.2083,8691456.8009],[156.8311,8691457.6007],[156.0599,8691459.0435],[155.8319,8691459.4305],[155.0619,8691460.7105],[154.4261,8691461.7127],[154.0295,8691462.2885],[153.1997,8691463.4585],[152.6433,8691464.2125],[152.2547,8691464.7061],[150.4447,8691466.9461],[149.8033,8691467.7079],[148.8135,8691468.8379],[148.8053,8691468.8471],[148.7973,8691468.8563],[146.1881,8691471.8285],[145.6125,8691472.5667],[145.3681,8691472.9523],[144.7751,8691474.0729],[144.0541,8691475.5683],[143.1407,8691477.6105],[143.1123,8691477.6743],[139.7821,8691485.0643],[139.4111,8691485.8507],[138.9497,8691486.7409],[137.8997,8691488.6709],[137.5899,8691489.2235],[137.5765,8691489.2467],[134.0865,8691495.2767],[133.6069,8691496.0709],[130.0569,8691501.7109],[129.6861,8691502.2827],[128.9753,8691503.2917],[127.3355,8691505.5017],[127.0931,8691505.8225],[126.8901,8691506.0837],[121.5855,8691512.8109],[121.2365,8691513.3357],[120.5221,8691514.6247],[119.9021,8691515.9623],[119.8449,8691516.1349],[119.1775,8691520.2523],[119.0191,8691521.1309],[118.7013,8691522.5201],[118.1213,8691524.7601],[118.0675,8691524.9641],[117.6817,8691526.2621],[117.0017,8691528.3421],[116.9127,8691528.6095],[116.6175,8691529.4315],[115.0375,8691533.6015],[114.7563,8691534.3107],[114.4659,8691534.9833],[113.3661,8691537.4333],[112.9811,8691538.2507],[112.4281,8691539.3079],[111.6581,8691540.6979],[111.4399,8691541.0835],[111.1903,8691541.5065],[109.6203,8691544.1065],[109.5783,8691544.1759],[106.3481,8691549.4859],[105.7763,8691550.3827],[105.0251,8691551.4457],[104.0251,8691552.7857],[103.8233,8691553.0525],[102.7853,8691554.3171],[102.3535,8691554.7971],[101.2635,8691555.9771],[100.6141,8691556.6541],[71.1491,8691690.3429],[73.7611,8691692.7159],[74.6291,8691693.5431],[75.5103,8691694.4705],[91.7113,8691712.4209],[93.2795,8691714.0924],[65.5761,8691711.8793],[30.0228,8691705.4244],[46.2338,8691723.3859],[69.4512,8691748.1326],[84.5506,8691756.8679],[98.8599,8691765.1461],[139.1575,8691782.8386],[-170.9687,8691789.7924],[-170.3337,8691789.8809],[-140.5399,8691770.9811],[-123.3869,8691760.0999],[-89.85,8691734.4],[-80.8339,8691699.2202],[-62.68,8691677.33],[-15.7507,8691658.6379],[1.8683,8691651.6201],[16.3888,8691634.026],[27.3846,8691620.7224],[74.0309,8691566.8707],[90.871,8691541.6294],[90.9933,8691541.4461],[144.0004,8691541.4461],[-162.9925,8691560.5145],[-112.1057,8691579.5828],[-76.0335,8691580.6751],[-42.1362,8691581.7015],[19.3521,8691583.8201],[59.0537,8691581.7322],[59.6375,8691581.7015],[106.2838,8691566.8707],[123.2462,8691562.6331],[172.6979,8691535.0511],[-151.4465,8691522.4057],[-151.2573,8691522.3389],[-119.453,8691518.1015],[-70.6864,8691522.3389],[-41.0024,8691554.1195],[-33.5558,8691574.5825],[-24.0401,8691600.731],[1.4033,8691653.6987],[9.2441,8691678.898],[20.4859,8691715.1411],[52.2902,8691734.2095],[94.6959,8691734.2095],[149.8233,8691774.4649],[-144.4478,8691806.2454],[-72.3581,8691810.4829],[-31.2401,8691830.3696],[-31.2288,8691830.3751],[35.8192,8691818.3497],[54.0714,8691807.6113],[65.0453,8691801.1709],[109.744,8691773.6845],[144.1276,8691763.377],[-145.386,8691744.4801],[-83.4954,8691704.9685],[-28.4817,8691691.2252],[34.6844,8691674.3895]]]}},{"type":"Feature","properties":{"Name":"ZONA DE BORDE COSTERO Y ACANTILADO","description":"<div style='font-family:sans-serif;'><h4>ZEE CALLAO - ZONA DE BORDE COSTERO Y ACANTILADO</h4><table border='1' cellpadding='4' style='border-collapse:collapse;font-size:12px;'><tr><td><b>OBJECTID:</b></td><td>20</td></tr><tr><td><b>ZEECODE:</b></td><td>21</td></tr><tr><td><b>ZEE:</b></td><td>ZONA DE BORDE COSTERO Y ACANTILADO</td></tr><tr><td><b>ZEE_ZONAS:</b></td><td>Zonas de tratamiento especial</td></tr><tr><td><b>ZEE_GRANDE:</b></td><td>ZONAS DE TRATAMIENTO ESPECIAL</td></tr><tr><td><b>AREA:</b></td><td>2031913.154</td></tr><tr><td><b>PERIMETER:</b></td><td>40212.66</td></tr><tr><td><b>HECTARES:</b></td><td>203.191</td></tr></table></div>"},"geometry":{"type":"Polygon","coordinates":[[[-127.7606,8664281.3433],[71.3516,8664055.1422],[87.2465,8664048.7115],[102.4934,8664042.543],[103.2796,8664042.3038],[108.2734,8664040.7841],[108.9707,8664040.572],[108.1585,8664038.3849],[106.8847,8664034.9548],[104.2661,8664027.9034],[103.0026,8664024.5011],[102.1332,8664022.1601],[100.3624,8664017.3917],[96.14,8664006.0216],[92.9753,8663997.4997],[88.49,8663999.1001],[85.7919,8664000.129],[82.5901,8664001.3501],[80.18,8664002.4101],[75.08,8664005.64],[70.58,8664009.4201],[66.58,8664011.95],[62.19,8664015.64],[60.0,8664017.0601],[58.0401,8664017.7801],[55.45,8664018.1801],[45.94,8664018.14],[44.2201,8664018.4301],[41.5401,8664019.6301],[38.27,8664021.7501],[31.57,8664027.0401],[30.44,8664028.3201],[27.3601,8664030.58],[23.6701,8664032.6201],[16.4201,8664034.6901],[13.57,8664036.1001],[-136.7593,8664102.2912],[-171.2099,8664117.46],[-175.9599,8664119.9701],[178.81,8664123.3601],[167.0801,8664129.5901],[134.14,8664143.71],[125.58,8664148.2301],[122.88,8664149.4601],[118.4701,8664150.8701],[108.76,8664153.4001],[100.74,8664154.8601],[97.63,8664155.6601],[90.5301,8664158.5401],[79.5501,8664162.0301],[76.43,8664163.15],[73.81,8664164.3801],[67.2801,8664168.9701],[60.8601,8664172.7401],[56.52,8664174.8901],[50.14,8664177.58],[47.08,8664178.6001],[38.06,8664179.6801],[34.99,8664180.08],[31.64,8664180.9001],[20.3201,8664186.2901],[16.58,8664187.7901],[7.64,8664190.4201],[3.3301,8664192.0501],[-4.88,8664195.9901],[-9.0799,8664197.76],[-13.3899,8664199.26],[-16.7799,8664200.1301],[-20.0999,8664200.64],[-25.26,8664200.5701],[-26.29,8664200.6301],[-27.63,8664200.8701],[-29.6199,8664201.4901],[-40.24,8664207.45],[-43.5499,8664209.4801],[-49.56,8664214.1701],[-52.67,8664216.15],[-55.93,8664217.7801],[-66.0099,8664221.9301],[-71.2199,8664223.6601],[-72.4639,8664223.8814],[-80.8299,8664225.3701],[-84.04,8664226.14],[-88.68,8664227.7301],[-92.1899,8664229.1901],[-95.5099,8664231.4301],[-97.87,8664231.3701],[-99.12,8664231.8101],[-102.4499,8664234.08],[-104.1599,8664235.0501],[-107.1999,8664236.2],[-120.3699,8664238.2],[-127.6099,8664239.6101],[-140.1,8664243.26],[-144.23,8664244.6901],[-150.4499,8664247.5601],[-153.31,8664248.9401],[-155.99,8664250.1301],[-157.0499,8664250.4901],[-160.7899,8664250.4201],[-164.7199,8664250.5401],[-166.37,8664251.0301],[-167.94,8664252.27],[-169.86,8664253.0701],[-171.9699,8664253.3701],[-173.93,8664254.0301],[-175.208,8664255.0623],[-175.49,8664255.2901],[-177.06,8664256.5401],[-178.87,8664257.64],[179.33,8664258.6701],[177.26,8664260.1201],[176.6765,8664260.4383],[175.5001,8664261.08],[173.6701,8664261.9501],[171.83,8664262.9701],[170.0501,8664264.0301],[168.2801,8664265.2],[166.45,8664266.2401],[164.56,8664266.9],[167.6504,8664274.2199],[173.1733,8664287.3016],[173.649,8664288.4284],[176.9614,8664296.2741],[179.2118,8664301.6044],[-175.9009,8664299.6208],[-170.1867,8664297.8134],[-169.3493,8664297.5485],[-163.5674,8664295.7196],[-162.3196,8664295.3249],[-142.4226,8664287.2751],[-127.7606,8664281.3433]]]}},{"type":"Feature","properties":{"Name":"Zonas de protecci\u00f3n y conservaci\u00f3n ecol\u00f3gica","description":"<div style='font-family:sans-serif;'><h4>ZEE CALLAO - Zonas de protecci\u00f3n y conservaci\u00f3n ecol\u00f3gica</h4><table border='1' cellpadding='4' style='border-collapse:collapse;font-size:12px;'><tr><td><b>OBJECTID:</b></td><td>21</td></tr><tr><td><b>ZEECODE:</b></td><td>22</td></tr><tr><td><b>ZEE:</b></td><td>ZONA DE PROTECCION FLUVIAL</td></tr><tr><td><b>ZEE_ZONAS:</b></td><td>Zonas de protecci\u00f3n y conservaci\u00f3n ecol\u00f3gica</td></tr><tr><td><b>ZEE_GRANDE:</b></td><td>ZONAS DE PROTECCION Y CONSERVACION ECOLOGICA</td></tr><tr><td><b>AREA:</b></td><td>535129.808</td></tr><tr><td><b>PERIMETER:</b></td><td>14829.024</td></tr><tr><td><b>HECTARES:</b></td><td>53.513</td></tr></table></div>"},"geometry":{"type":"Polygon","coordinates":[[[-179.2562,8669180.165],[-178.662,8669179.8427],[-177.9337,8669180.6639],[-169.1491,8669176.0719],[-141.8353,8669161.7942],[0.5391,8669092.1546],[138.2707,8669033.3478],[155.3417,8669026.8988],[-152.0897,8669007.0395],[-8.1678,8668959.0656],[120.2786,8668915.7343],[-82.8132,8668873.443],[48.7334,8668835.8583],[-106.8224,8668773.7073],[-17.6358,8668746.5945],[109.2127,8668711.3588],[-134.3107,8668661.8962],[-79.307,8668638.5384],[75.7301,8668586.8594],[-162.0059,8668538.1802],[-151.0602,8668533.8222],[-148.6827,8668532.8756],[-148.0923,8668532.6405],[-139.7267,8668529.3098],[-75.2113,8668503.6231],[-30.5729,8668485.8504],[91.5775,8668436.5204],[124.5225,8668423.8094],[161.4574,8668409.5589],[157.9066,8668401.2333],[158.803,8668400.9175],[-82.9636,8668351.5415],[39.001,8668307.1921],[114.8586,8668287.1792],[132.1151,8668282.6265],[-127.6667,8668263.4793],[54.504,8668237.9698],[71.5933,8668234.5024],[85.8207,8668233.5845],[139.9891,8668225.9993],[7.0885,8668202.3457],[-57.3741,8668135.5151],[-28.2584,8668126.4463],[66.8274,8668107.4291],[14.2828,8668037.9035],[76.8049,8668032.3815],[123.2566,8668028.2789],[-24.9765,8668050.1989],[116.5553,8668059.7137],[-80.843,8668080.8651],[-50.1814,8668084.8536],[-21.1399,8668087.8597],[64.5674,8668109.0527],[157.8312,8668137.1044],[178.9908,8668143.4687],[-160.599,8668142.918],[-80.3647,8668174.1839],[-57.8225,8668178.588],[-45.3688,8668183.8875],[-4.7126,8668197.5918],[20.2347,8668206.001],[43.1395,8668213.7217],[43.8393,8668213.9576],[104.815,8668234.5112],[-54.3775,8668264.8855],[-52.3627,8668363.0456],[-49.6218,8668340.2957],[-45.4662,8668305.8033],[-45.3601,8668304.9219],[-51.5387,8668302.6049],[-119.834,8668276.9941],[-120.359,8668276.7973],[-144.8406,8668271.7307],[147.4154,8668257.8765],[136.2793,8668255.6149],[45.1506,8668237.1076],[-5.6052,8668226.7085],[-34.0439,8668220.8264],[-40.1655,8668219.8061],[-51.0644,8668217.3084],[-95.8181,8668208.1611],[-132.2978,8668200.7048],[-175.2978,8668191.9159],[164.5184,8668187.7904],[160.1231,8668186.8921],[133.2479,8668181.3989],[131.4007,8668180.525],[50.6829,8668142.3359],[48.2826,8668141.2003],[47.4358,8668140.7997],[46.5025,8668140.4348],[22.8846,8668134.7259],[0.9456,8668131.1371],[-0.7607,8668129.0285],[-56.3372,8668120.6078],[126.4797,8668073.359],[101.3832,8668065.9937],[-28.7664,8668027.7976],[179.977,8668006.6294],[101.6994,8667985.7841],[53.0681,8667945.2524],[24.0985,8668120.9518],[-56.988,8668151.2189],[-104.6811,8668157.2162],[-178.2506,8668174.2688],[98.4357,8668200.5784],[-36.4171,8668247.6496],[-137.5531,8668284.9817],[-144.1108,8668287.7038],[127.3613,8668324.4512],[125.4902,8668325.2279],[112.5303,8668330.6074],[53.2747,8668355.4566],[48.6712,8668355.4566],[-63.3451,8668398.5397],[-111.2026,8668416.9465],[-125.4511,8668422.4267],[-131.1379,8668424.6139],[-135.5347,8668426.3269],[-137.6626,8668427.156],[-146.931,8668430.7671],[-147.2244,8668433.3758],[43.3974,8668498.1113],[-120.2946,8668560.6735],[-21.9175,8668660.6644],[-26.962,8668662.5931],[-41.7348,8668668.2416],[-64.2564,8668676.8528],[-126.6397,8668691.4739],[-128.1826,8668691.8355],[7.4706,8668744.4168],[128.7446,8668823.2414],[-49.1739,8668854.7713],[56.3351,8668929.0916],[-114.827,8668985.3949],[87.5237,8669030.4376],[52.8984,8669053.5212],[51.2162,8669052.3063],[-48.4965,8669081.2711],[-32.1404,8669091.3716],[-30.8911,8669092.1431],[-27.5546,8669093.9226],[-27.2231,8669094.0994],[-23.3911,8669096.1431],[-16.9216,8669100.0678],[-16.7975,8669100.1431],[-10.0161,8669103.1431],[-2.8911,8669104.1431],[3.7963,8669112.1431],[3.6098,8669112.6984],[1.1089,8669120.1431],[6.1089,8669125.1431],[7.9291,8669126.3931],[13.3901,8669130.1431],[14.3987,8669131.1019],[19.7025,8669136.1431],[23.2963,8669142.1431],[27.7963,8669148.1431],[33.1089,8669153.1431],[40.8901,8669157.1431],[47.7963,8669158.1431],[63.7025,8669159.1431],[64.7025,8669166.1431],[67.7025,8669175.1431],[72.9839,8669189.1431],[75.4839,8669197.1431],[78.4839,8669205.1431],[79.1598,8669207.3904],[80.89,8669213.1431],[83.39,8669221.1431],[86.2025,8669229.1431],[86.8902,8669231.0686],[88.7025,8669236.1431],[90.6089,8669244.1431],[92.89,8669252.1431],[94.89,8669261.1431],[97.2394,8669260.5015],[102.7525,8669253.6101],[110.3525,8669246.0101],[127.4525,8669235.8768],[148.8471,8669226.3681],[139.8984,8669202.3184],[141.0146,8669201.713],[140.6873,8669200.7313],[146.9154,8669198.5126],[-179.2562,8669180.165]]]}},{"type":"Feature","properties":{"Name":"ZONA DE CONSOLIDACION PARA RENOVACION URBANA EN AREA DECADENTE","description":"<div style='font-family:sans-serif;'><h4>ZEE CALLAO - ZONA DE CONSOLIDACION PARA RENOVACION URBANA EN AREA DECADENTE</h4><table border='1' cellpadding='4' style='border-collapse:collapse;font-size:12px;'><tr><td><b>OBJECTID:</b></td><td>23</td></tr><tr><td><b>ZEECODE:</b></td><td>24</td></tr><tr><td><b>ZEE:</b></td><td>ZONA DE CONSOLIDACION PARA RENOVACION URBANA EN AREA DECADENTE</td></tr><tr><td><b>ZEE_ZONAS:</b></td><td>Zonas de tratamiento especial</td></tr><tr><td><b>ZEE_GRANDE:</b></td><td>ZONAS DE TRATAMIENTO ESPECIAL</td></tr><tr><td><b>AREA:</b></td><td>2009192.284</td></tr><tr><td><b>PERIMETER:</b></td><td>19177.426</td></tr><tr><td><b>HECTARES:</b></td><td>200.919</td></tr></table></div>"},"geometry":{"type":"Polygon","coordinates":[[[-56.1788,8664158.8503],[26.46,8664123.8841],[3.5938,8664084.1166],[-30.1989,8664025.3463],[-43.6406,8664001.9695],[-46.5947,8664003.0429],[-78.644,8664014.6885],[-87.6184,8664017.9495],[-91.7398,8664019.447],[-120.5563,8663953.4191],[-134.9007,8663914.2573],[-142.4951,8663893.5238],[-145.3267,8663885.7931],[-146.8192,8663881.7185],[-147.3897,8663880.0105],[-155.6483,8663855.2873],[-160.9178,8663839.5123],[-162.3053,8663835.3584],[-163.5896,8663831.5137],[-169.2023,8663814.7112],[-170.1935,8663811.7441],[-172.7424,8663804.1134],[-175.0934,8663797.0755],[-175.4473,8663796.0161],[-177.1599,8663791.7807],[175.3587,8663795.2337],[126.4672,8663817.7993],[-0.01,8663877.8501],[-0.24,8663877.9401],[-0.5,8663878.0401],[-0.76,8663878.14],[-1.5199,8663878.4301],[-1.8,8663878.52],[-2.06,8663878.6201],[-2.32,8663878.7201],[-2.5899,8663878.8101],[-2.85,8663878.9],[-3.12,8663879.0001],[-3.3899,8663879.09],[-3.67,8663879.1801],[-3.94,8663879.2801],[-4.1999,8663879.3701],[-4.4699,8663879.46],[-4.76,8663879.5501],[-5.0299,8663879.6301],[-5.29,8663879.71],[-5.56,8663879.8001],[-5.81,8663879.8601],[-6.0799,8663879.9301],[-6.32,8663880.01],[-6.56,8663880.08],[-6.8,8663880.1201],[-7.0299,8663880.1901],[-7.26,8663880.2501],[-7.48,8663880.3001],[-7.69,8663880.33],[-7.92,8663880.3801],[-8.12,8663880.4201],[-8.3299,8663880.45],[-8.5299,8663880.5001],[-8.74,8663880.5301],[-9.3299,8663880.59],[-9.54,8663880.6001],[-9.7199,8663880.6201],[-9.9499,8663880.6301],[-10.1399,8663880.6301],[-10.32,8663880.64],[-10.5199,8663880.64],[-10.7099,8663880.64],[-10.92,8663880.65],[-11.11,8663880.65],[-11.29,8663880.64],[-11.49,8663880.64],[-11.68,8663880.64],[-11.88,8663880.64],[-12.06,8663880.64],[-12.25,8663880.6301],[-12.43,8663880.6301],[-13.01,8663880.6301],[-13.19,8663880.6301],[-13.38,8663880.6301],[-13.57,8663880.6301],[-13.76,8663880.6301],[-13.98,8663880.6201],[-14.17,8663880.6201],[-14.36,8663880.6201],[-14.54,8663880.6301],[-14.74,8663880.65],[-16.55,8663881.1701],[-19.4699,8663882.9101],[-24.9599,8663887.4201],[-28.5299,8663890.01],[-33.2329,8663892.7991],[-35.1399,8663893.9301],[-42.8299,8663897.6801],[-45.5299,8663898.9101],[-47.37,8663899.52],[-49.93,8663899.8701],[-56.05,8663899.83],[-58.81,8663900.1001],[-61.9499,8663900.9301],[-66.57,8663902.71],[-75.13,8663907.7301],[-84.07,8663911.8001],[-84.84,8663912.1851],[-86.67,8663913.1001],[-92.5899,8663917.3801],[-97.2475,8663920.1746],[-97.6399,8663920.4101],[-101.0199,8663922.1001],[-111.0299,8663925.2801],[-114.86,8663926.89],[-120.4499,8663929.95],[-127.3,8663932.6601],[-129.1335,8663933.4923],[-130.12,8663933.9401],[-135.93,8663937.89],[-140.32,8663940.4],[-142.94,8663941.6001],[-150.11,8663943.5001],[-155.55,8663945.3801],[-158.8999,8663946.83],[-163.75,8663949.7901],[-170.98,8663953.4],[176.96,8663960.5601],[170.64,8663964.8601],[168.27,8663966.3601],[165.4101,8663967.7201],[160.4201,8663969.4101],[135.3501,8663976.14],[131.4801,8663977.26],[129.8001,8663978.0001],[126.81,8663980.09],[121.13,8663985.2],[119.07,8663986.89],[116.8001,8663988.3601],[103.12,8663993.8801],[95.1987,8663996.7064],[94.1911,8663997.0659],[92.9753,8663997.4997],[96.14,8664006.0216],[100.3624,8664017.3917],[102.1332,8664022.1601],[103.0026,8664024.5011],[104.2661,8664027.9034],[106.8847,8664034.9548],[108.1585,8664038.3849],[108.9707,8664040.572],[108.2734,8664040.7841],[103.2796,8664042.3038],[102.4934,8664042.543],[102.5769,8664042.7702],[153.5358,8664181.3973],[159.1991,8664179.4335],[159.6707,8664179.27],[160.3857,8664179.022],[163.5534,8664187.552],[163.9306,8664188.5678],[164.4413,8664189.943],[-110.7554,8664159.1362],[-53.4508,8664138.319],[-18.1597,8664125.4987],[-17.2518,8664128.0187],[-17.2161,8664128.118],[29.5069,8664257.7994],[33.5579,8664269.043],[37.3574,8664267.5451],[57.9339,8664259.4333],[81.1015,8664250.0832],[86.6016,8664247.8635],[-125.1208,8664188.0212],[-122.1411,8664186.7604],[-56.1788,8664158.8503]]]}},{"type":"Feature","properties":{"Name":"ZONA DE DESLIZAMIENTO Y ARENAMIENTO","description":"<div style='font-family:sans-serif;'><h4>ZEE CALLAO - ZONA DE DESLIZAMIENTO Y ARENAMIENTO</h4><table border='1' cellpadding='4' style='border-collapse:collapse;font-size:12px;'><tr><td><b>OBJECTID:</b></td><td>24</td></tr><tr><td><b>ZEECODE:</b></td><td>25</td></tr><tr><td><b>ZEE:</b></td><td>ZONA DE DESLIZAMIENTO Y ARENAMIENTO</td></tr><tr><td><b>ZEE_ZONAS:</b></td><td>Zonas de tratamiento especial</td></tr><tr><td><b>ZEE_GRANDE:</b></td><td>ZONAS DE TRATAMIENTO ESPECIAL</td></tr><tr><td><b>AREA:</b></td><td>713910.645</td></tr><tr><td><b>PERIMETER:</b></td><td>11222.562</td></tr><tr><td><b>HECTARES:</b></td><td>71.391</td></tr></table></div>"},"geometry":{"type":"Polygon","coordinates":[[[64.9314,8689252.8093],[-32.097,8689211.2689],[-152.7228,8689167.1634],[155.2383,8689153.4607],[103.8738,8689147.8733],[42.6482,8689147.8733],[-2.4029,8689153.5742],[-2.8862,8689153.6354],[-11.7249,8689155.4948],[-64.512,8689166.5996],[-88.8826,8689162.3834],[-175.1589,8689147.4575],[-178.4756,8689146.8837],[156.6606,8689142.5822],[149.7456,8689141.3859],[142.7727,8689134.8169],[126.9809,8689119.94],[72.9737,8689069.0614],[-0.3344,8689000.0],[-16.2328,8688985.0226],[-34.5033,8688965.8818],[-77.2352,8688921.1142],[-99.065,8688900.7044],[-105.6163,8688894.5792],[-107.6076,8688891.2439],[-158.6706,8688805.718],[-162.7873,8688798.8229],[179.9087,8688702.9066],[167.9782,8688636.7752],[166.2681,8688627.2963],[160.0,8688588.5776],[145.7713,8688500.6855],[129.8238,8688320.7375],[110.8395,8688332.7763],[109.3402,8688333.727],[106.1435,8688335.7542],[100.4826,8688339.344],[87.8481,8688347.3562],[64.3143,8688362.2801],[59.1307,8688365.5673],[-25.7534,8688427.8156],[-34.5207,8688434.2449],[-121.4207,8688497.9716],[-139.1391,8688542.2676],[-177.5922,8688638.4004],[-177.5922,8688710.0353],[-177.5922,8688723.4335],[-177.5922,8688751.9907],[-177.5922,8688753.3048],[-177.5922,8688770.8047],[-159.9785,8688858.8734],[-145.4942,8688931.2948],[-109.3839,8689027.5889],[-76.7702,8689077.286],[21.9192,8689145.1843],[132.2921,8689209.0275],[157.8061,8689176.6455],[165.2442,8689108.0677],[174.4426,8689023.2591],[174.5164,8689023.2591],[-107.652,8689023.2591],[-107.246,8689023.2591],[-106.6822,8689023.2591],[-106.2762,8689023.2591],[-96.5396,8689032.9884],[-94.9975,8689034.5293],[-42.636,8689086.8519],[-42.4635,8689087.0242],[-64.6721,8689127.9939],[162.3867,8689261.9099],[164.5973,8689261.6688],[-136.5312,8689255.2486],[86.7539,8689230.8985],[151.0175,8689223.8903],[151.1063,8689223.9865],[151.9873,8689223.8903],[175.4529,8689249.2922],[-153.2358,8689283.187],[-143.8993,8689293.2939],[-71.7338,8689341.4629],[-20.1005,8689341.4629],[45.9499,8689337.0595],[61.7277,8689332.8521],[80.0,8689327.9795],[84.2401,8689326.8488],[89.388,8689325.476],[92.0692,8689324.7611],[97.4432,8689323.328],[98.9291,8689322.9317],[104.6184,8689321.4146],[112.0003,8689319.4461],[115.3068,8689317.1636],[152.0075,8689291.8288],[137.747,8689285.1682],[107.3209,8689270.9573],[80.0,8689259.2605],[64.9314,8689252.8093]]]}},{"type":"Feature","properties":{"Name":"ZONA INUNDABLE POR AFLORAMIENTO / REGADIO","description":"<div style='font-family:sans-serif;'><h4>ZEE CALLAO - ZONA INUNDABLE POR AFLORAMIENTO / REGADIO</h4><table border='1' cellpadding='4' style='border-collapse:collapse;font-size:12px;'><tr><td><b>OBJECTID:</b></td><td>25</td></tr><tr><td><b>ZEECODE:</b></td><td>27</td></tr><tr><td><b>ZEE:</b></td><td>ZONA INUNDABLE POR AFLORAMIENTO / REGADIO</td></tr><tr><td><b>ZEE_ZONAS:</b></td><td>Zonas de tratamiento especial</td></tr><tr><td><b>ZEE_GRANDE:</b></td><td>ZONAS DE TRATAMIENTO ESPECIAL</td></tr><tr><td><b>AREA:</b></td><td>871325.287</td></tr><tr><td><b>PERIMETER:</b></td><td>12488.134</td></tr><tr><td><b>HECTARES:</b></td><td>87.133</td></tr></table></div>"},"geometry":{"type":"Polygon","coordinates":[[[62.5103,8669952.9422],[-179.3216,8669886.0546],[-174.8668,8669883.5331],[-164.7026,8669870.8278],[-164.4668,8669870.5331],[-150.0865,8669852.5576],[-60.4958,8669740.5693],[26.307,8669615.5732],[27.6029,8669613.7071],[32.6087,8669606.4988],[41.6211,8669593.5209],[42.4904,8669592.5317],[44.4828,8669590.2646],[44.6573,8669590.066],[56.5405,8669576.5436],[-175.0165,8669841.1009],[122.1095,8669869.2194],[115.7383,8669872.0688],[39.7426,8669906.0557],[0.4726,8669784.8309],[-1.0914,8669780.0029],[-6.0416,8669760.5714],[-111.8506,8669345.2316],[80.597,8669345.2316],[-88.9797,8669373.4944],[-98.3475,8669379.6144],[-148.8778,8669412.6265],[-150.1507,8669413.4581],[-176.9431,8669430.9618],[-179.0996,8669432.3707],[-178.3351,8669434.5113],[-175.4037,8669442.3285],[-175.1385,8669443.0705],[-174.7703,8669444.2511],[-172.4907,8669452.2449],[-172.0458,8669453.802],[-170.4925,8669459.2385],[-170.3823,8669459.6361],[-170.1259,8669460.6833],[-168.1259,8669469.6833],[-168.0109,8669470.2293],[-167.9729,8669470.4253],[-166.0667,8669480.4253],[-165.8759,8669481.5711],[-165.0366,8669487.4461],[-164.8759,8669488.5711],[-164.8393,8669488.8361],[-163.8311,8669496.4763],[-162.5287,8669501.7815],[-162.3119,8669502.5618],[-160.1303,8669510.4155],[-160.0701,8669510.6361],[-159.9647,8669511.0431],[-158.1057,8669518.4793],[-155.2725,8669527.9229],[-155.0701,8669528.6361],[-154.7567,8669529.9463],[-153.0689,8669537.9463],[-153.0109,8669538.2293],[-152.7819,8669539.5711],[-150.7987,8669553.4541],[-149.7739,8669560.1807],[-148.1281,8669566.7635],[-143.1129,8669577.6301],[-142.7149,8669578.5395],[-142.1385,8669580.0705],[-141.7739,8669581.2385],[-139.7739,8669588.2385],[-139.6637,8669588.6361],[-139.3895,8669589.7643],[-133.8863,8669614.9211],[-133.7591,8669615.5027],[-132.2551,8669621.7411],[-130.4831,8669627.9427],[-128.0927,8669635.5927],[-125.8867,8669642.5533],[-125.5701,8669643.6361],[-125.4647,8669644.0431],[-123.4647,8669652.0431],[-123.2567,8669652.9463],[-121.5689,8669660.9463],[-121.5161,8669661.2037],[-119.5687,8669670.9407],[-117.6259,8669679.6833],[-117.5885,8669679.8551],[-115.8841,8669687.7879],[-113.8501,8669697.0869],[-111.5365,8669705.4155],[-111.4763,8669705.6361],[-111.1049,8669707.2293],[-111.0525,8669707.4993],[-109.6051,8669715.2199],[-108.0705,8669722.4931],[-106.1833,8669730.0431],[-105.9943,8669730.8557],[-104.3635,8669738.4477],[-101.9763,8669747.9967],[-100.2985,8669754.5891],[-98.3989,8669761.2385],[-98.2887,8669761.6361],[-98.2851,8669761.6495],[-96.6458,8669767.7806],[-96.0135,8669770.1457],[-93.6687,8669777.6497],[-93.4925,8669778.2385],[-91.4925,8669785.2385],[-91.4401,8669785.4251],[-89.2473,8669793.3311],[-87.4959,8669799.4611],[-85.2683,8669805.6981],[-85.1385,8669806.0705],[-84.7739,8669807.2385],[-82.9671,8669813.5619],[-80.4171,8669820.8973],[-80.3603,8669821.0621],[-78.0871,8669827.7507],[-75.3941,8669833.4959],[-74.9337,8669834.5395],[-74.4871,8669835.6981],[-71.9871,8669842.6981],[-71.8575,8669843.0705],[-71.6687,8669843.6497],[-69.1859,8669851.5945],[-66.9803,8669858.5527],[-66.7739,8669859.2385],[-64.7739,8669866.2385],[-64.6637,8669866.6361],[-64.6443,8669866.7093],[-60.1829,8669883.5631],[-57.7241,8669892.4155],[-57.6637,8669892.6361],[-57.2923,8669894.2293],[-57.2401,8669894.4997],[-55.6645,8669902.9025],[-53.8989,8669910.3119],[-53.7039,8669911.2037],[-51.8307,8669920.5679],[-50.4007,8669926.1881],[-47.6341,8669934.7831],[-42.9845,8669946.8723],[-40.3917,8669953.1937],[-36.6475,8669959.8501],[-36.0149,8669961.0493],[-35.5915,8669961.9531],[-31.5915,8669970.9531],[-31.3399,8669971.5395],[-30.7635,8669973.0705],[-30.4911,8669973.9229],[-27.4911,8669983.9229],[-27.2887,8669984.6361],[-27.1579,8669985.1457],[-25.4391,8669992.1457],[-25.1985,8669993.2293],[-24.9321,8669994.8433],[-24.7771,8669996.3915],[-24.0897,8670006.3915],[-24.0839,8670006.4715],[-24.0381,8670007.4989],[-23.8191,8670016.4989],[-23.8119,8670017.1065],[-23.8119,8670026.9367],[-23.7389,8670032.3843],[-23.0217,8670038.1235],[-21.8387,8670044.1005],[-19.9461,8670048.9733],[-17.6601,8670054.7261],[-13.1841,8670063.3871],[-9.9343,8670066.7599],[-9.1407,8670067.6229],[-8.1029,8670068.8875],[-7.1501,8670070.2173],[-6.3983,8670071.4143],[-2.2733,8670078.4143],[-2.1609,8670078.6065],[-1.3899,8670080.0493],[-0.7149,8670081.5395],[-0.1385,8670083.0705],[0.3363,8670084.6361],[0.7079,8670086.2293],[0.8487,8670087.0826],[0.9743,8670087.8433],[1.1347,8670089.4715],[1.1863,8670090.8141],[1.1961,8670091.6315],[10.5659,8670101.2796],[51.6909,8670098.1161],[64.7175,8670097.1141],[64.8639,8670097.1028],[78.701,8670096.0384],[83.8531,8670095.6421],[86.7447,8670095.4197],[104.185,8670094.0781],[105.9213,8670093.9446],[133.129,8670091.8517],[135.8383,8670091.5561],[-177.424,8670086.4574],[-58.4728,8670073.4809],[-28.0577,8670070.1629],[-2.2137,8670067.3436],[31.1081,8670056.8209],[35.4433,8670055.4519],[44.5129,8670052.5878],[102.5052,8670034.2744],[107.6147,8670032.6609],[110.7324,8670031.6764],[153.0041,8670018.3274],[-134.2382,8670013.2513],[-31.3548,8670006.0734],[60.7736,8669953.9252],[62.5103,8669952.9422]]]}},{"type":"Feature","properties":{"Name":"Zonas de tratamiento especial","description":"<div style='font-family:sans-serif;'><h4>ZEE CALLAO - Zonas de tratamiento especial</h4><table border='1' cellpadding='4' style='border-collapse:collapse;font-size:12px;'><tr><td><b>OBJECTID:</b></td><td>26</td></tr><tr><td><b>ZEECODE:</b></td><td>28</td></tr><tr><td><b>ZEE:</b></td><td>ZONA MILITAR</td></tr><tr><td><b>ZEE_ZONAS:</b></td><td>Zonas de tratamiento especial</td></tr><tr><td><b>ZEE_GRANDE:</b></td><td>ZONAS DE TRATAMIENTO ESPECIAL</td></tr><tr><td><b>AREA:</b></td><td>1776223.165</td></tr><tr><td><b>PERIMETER:</b></td><td>12609.506</td></tr><tr><td><b>HECTARES:</b></td><td>177.622</td></tr></table></div>"},"geometry":{"type":"Polygon","coordinates":[[[102.1993,8664965.6858],[126.4007,8664963.74],[132.5419,8664964.0609],[-138.0954,8664956.3684],[-130.0805,8664955.0963],[-133.4079,8664942.6705],[-135.7975,8664933.7469],[-150.1594,8664866.7749],[-150.8959,8664853.8957],[-156.4711,8664823.8475],[-169.7282,8664772.6987],[176.2298,8664711.2549],[175.1762,8664706.6445],[169.0951,8664686.0521],[168.5476,8664684.1979],[163.0239,8664669.1109],[143.141,8664630.0156],[106.825,8664642.6904],[102.4012,8664644.3918],[92.8441,8664644.819],[47.2947,8664662.1595],[-155.1537,8664740.3721],[51.0946,8664799.772],[84.3539,8664951.3723],[84.3892,8664951.5333],[88.4546,8664950.6852],[-112.8295,8664925.1239],[3.3257,8664957.3107],[13.1172,8664957.8222],[47.8251,8664963.8107],[102.1993,8664965.6858]]]}},{"type":"Feature","properties":{"Name":"ZONA DE CONFLICTOS POR OCUPACION DE HUMEDALES","description":"<div style='font-family:sans-serif;'><h4>ZEE CALLAO - ZONA DE CONFLICTOS POR OCUPACION DE HUMEDALES</h4><table border='1' cellpadding='4' style='border-collapse:collapse;font-size:12px;'><tr><td><b>OBJECTID:</b></td><td>27</td></tr><tr><td><b>ZEECODE:</b></td><td>29</td></tr><tr><td><b>ZEE:</b></td><td>ZONA DE CONFLICTOS POR OCUPACION DE HUMEDALES</td></tr><tr><td><b>ZEE_ZONAS:</b></td><td>Zonas de tratamiento especial</td></tr><tr><td><b>ZEE_GRANDE:</b></td><td>ZONAS DE TRATAMIENTO ESPECIAL</td></tr><tr><td><b>AREA:</b></td><td>1369084.249</td></tr><tr><td><b>PERIMETER:</b></td><td>20775.753</td></tr><tr><td><b>HECTARES:</b></td><td>136.908</td></tr></table></div>"},"geometry":{"type":"Polygon","coordinates":[[[0.8525,8683145.0187],[2.3485,8683144.8507],[2.3635,8683144.8507],[9.3013,8683124.0375],[-14.8011,8683123.6904],[-15.0906,8683121.5728],[-16.3367,8683116.9223],[-18.3714,8683112.5589],[-21.1329,8683108.615],[-24.5373,8683105.2106],[-28.4812,8683102.4491],[-32.8446,8683100.4144],[-37.4951,8683099.1683],[-37.9215,8683099.131],[-42.2914,8683098.7486],[-47.0876,8683099.1683],[-51.7381,8683100.4144],[-52.5086,8683100.7079],[-53.7568,8683100.766],[-56.09,8683100.5618],[-58.3524,8683099.9557],[-60.4751,8683098.9658],[-62.3937,8683097.6224],[-64.0498,8683095.9663],[-65.0673,8683094.583],[-67.1397,8683100.602],[-72.8671,8683117.2362],[-75.5966,8683125.1635],[-79.5689,8683136.7005],[-75.283,8683137.0302],[-66.9734,8683137.6694],[-65.0924,8683138.2068],[-65.9279,8683122.8614],[-66.1887,8683118.071],[-66.2002,8683117.86],[-63.5431,8683117.5428],[-62.0814,8683117.3149],[-60.6197,8683117.0871],[-55.2615,8683115.9651],[-53.9755,8683115.7571],[-52.6895,8683115.5491],[-49.3294,8683114.9311],[-47.2533,8683114.3511],[-44.1392,8683114.8491],[-42.8952,8683114.8491],[-41.7312,8683115.3451],[-41.1517,8683115.8879],[-40.4031,8683116.5891],[-38.6631,8683118.3291],[-37.9151,8683120.0731],[-36.7929,8683122.9349],[-36.6838,8683123.8671],[-36.4903,8683125.519],[-36.3643,8683127.889],[-36.1708,8683129.5409],[-35.815,8683134.2543],[-26.3829,8683145.2584],[-16.9339,8683147.9581],[-14.6299,8683147.6285],[-5.6656,8683146.0147],[-3.6736,8683145.7667],[-2.5956,8683145.5187],[-1.5175,8683145.2707],[0.8525,8683145.0187]]]}},{"type":"Feature","properties":{"Name":"ZONA DE CONFLICTOS POR OCUPACION DE BORDE COSTERO POR ACTIVIDADES INDUSTRIALES","description":"<div style='font-family:sans-serif;'><h4>ZEE CALLAO - ZONA DE CONFLICTOS POR OCUPACION DE BORDE COSTERO POR ACTIVIDADES INDUSTRIALES</h4><table border='1' cellpadding='4' style='border-collapse:collapse;font-size:12px;'><tr><td><b>OBJECTID:</b></td><td>28</td></tr><tr><td><b>ZEECODE:</b></td><td>30</td></tr><tr><td><b>ZEE:</b></td><td>ZONA DE CONFLICTOS POR OCUPACION DE BORDE COSTERO POR ACTIVIDADES INDUSTRIALES</td></tr><tr><td><b>ZEE_ZONAS:</b></td><td>Zonas de tratamiento especial</td></tr><tr><td><b>ZEE_GRANDE:</b></td><td>ZONAS DE TRATAMIENTO ESPECIAL</td></tr><tr><td><b>AREA:</b></td><td>532696.304</td></tr><tr><td><b>PERIMETER:</b></td><td>21039.661</td></tr><tr><td><b>HECTARES:</b></td><td>53.27</td></tr></table></div>"},"geometry":{"type":"Polygon","coordinates":[[[131.1335,8678748.4211],[131.2485,8678747.8747],[131.2901,8678747.6617],[131.3439,8678747.4159],[131.4041,8678747.1359],[131.4785,8678746.7747],[131.4809,8678746.7625],[131.5985,8678746.2047],[131.7155,8678745.5747],[131.7297,8678745.4929],[131.7439,8678745.4259],[131.8185,8678745.0647],[132.0647,8678743.6023],[132.0957,8678743.3771],[132.1165,8678743.2315],[132.1385,8678743.0831],[132.2485,8678742.3681],[132.3253,8678741.8293],[132.3559,8678741.5879],[132.3791,8678741.4301],[132.4353,8678741.0293],[132.4845,8678740.6315],[132.5143,8678740.3715],[132.5787,8678739.7437],[132.6585,8678738.8859],[132.7021,8678738.4849],[132.7221,8678738.3139],[132.7477,8678738.1319],[132.7853,8678737.8593],[132.8583,8678737.2475],[132.8825,8678737.0661],[132.9953,8678736.2481],[133.0003,8678736.2175],[133.0193,8678736.0961],[133.0601,8678735.8361],[133.1387,8678735.3485],[133.2969,8678734.4217],[133.3377,8678734.1543],[133.3467,8678734.0959],[133.3987,8678733.8117],[133.4587,8678733.4717],[133.4783,8678733.3587],[133.5387,8678733.0647],[133.6871,8678732.2473],[133.7933,8678731.6979],[133.8885,8678731.1767],[133.9435,8678730.9103],[134.0035,8678730.6103],[134.0089,8678730.5847],[134.0361,8678730.4445],[134.1387,8678729.9547],[134.1907,8678729.6845],[134.2289,8678729.4819],[134.3287,8678729.0047],[134.4057,8678728.5993],[134.4657,8678728.2693],[134.5085,8678728.0273],[134.5453,8678727.8489],[134.5787,8678727.6847],[134.6507,8678727.3069],[134.6755,8678727.1889],[134.7453,8678726.8489],[134.7785,8678726.6847],[134.8501,8678726.3105],[134.9089,8678726.0247],[135.1069,8678724.8917],[135.1111,8678724.8643],[135.1557,8678724.6193],[135.1639,8678724.5745],[135.2087,8678724.3547],[135.3413,8678723.6327],[135.3615,8678723.5403],[135.4535,8678723.1003],[135.4959,8678722.8881],[135.6925,8678721.9379],[135.8015,8678721.4403],[135.8099,8678721.4021],[135.8623,8678721.1917],[135.9067,8678721.0109],[136.1361,8678720.0641],[136.1465,8678720.0271],[136.2569,8678719.6293],[136.2737,8678719.5659],[136.3241,8678719.3995],[136.3413,8678719.3423],[136.3915,8678719.1959],[136.7105,8678718.1863],[136.7803,8678717.9663],[136.8095,8678717.8735],[136.8453,8678717.7655],[136.9905,8678717.3163],[137.0905,8678716.9963],[137.1867,8678716.6809],[137.4225,8678715.9233],[137.4911,8678715.6905],[137.5641,8678715.4495],[137.7871,8678714.6693],[137.8923,8678714.2617],[137.9079,8678714.1993],[137.9277,8678714.1267],[137.9569,8678714.0193],[138.0623,8678713.6117],[138.0779,8678713.5493],[138.0977,8678713.4767],[138.1271,8678713.3693],[138.3141,8678712.6241],[138.3531,8678712.4587],[138.3727,8678712.3805],[138.4411,8678712.1145],[138.5251,8678711.7783],[138.6051,8678711.4483],[138.6449,8678711.2811],[138.8919,8678710.2641],[138.9743,8678709.9241],[138.9953,8678709.8347],[139.1111,8678709.3845],[139.2705,8678708.7287],[139.2755,8678708.7063],[139.2809,8678708.6845],[139.4403,8678708.0287],[139.4815,8678707.8487],[139.4901,8678707.8139],[139.7933,8678706.6357],[139.8525,8678706.4333],[139.9067,8678706.2471],[139.9779,8678705.9977],[140.0017,8678705.9167],[140.1819,8678705.3545],[140.4349,8678704.5665],[140.5215,8678704.3159],[140.7441,8678703.6279],[140.7517,8678703.6059],[140.9127,8678703.1145],[140.9915,8678702.8859],[141.1579,8678702.3779],[141.2781,8678701.9979],[141.3473,8678701.7749],[141.4573,8678701.4149],[141.5119,8678701.2335],[141.5321,8678701.1657],[141.5641,8678701.0669],[141.6281,8678700.8679],[141.7481,8678700.4879],[141.9967,8678699.6499],[142.0069,8678699.6127],[142.1399,8678699.1791],[142.3869,8678698.3193],[142.4505,8678698.0771],[142.4573,8678698.0549],[142.6827,8678697.2715],[142.7827,8678696.9015],[142.7969,8678696.8491],[142.8797,8678696.5317],[142.9969,8678696.1093],[143.0093,8678696.0623],[143.1969,8678695.3993],[143.2101,8678695.3497],[143.2867,8678695.0871],[143.3865,8678694.7371],[143.4317,8678694.5777],[143.7387,8678693.4759],[143.7571,8678693.4149],[143.9457,8678692.7673],[144.0357,8678692.4419],[144.3123,8678691.4931],[144.5135,8678690.8421],[144.7769,8678689.9293],[144.8249,8678689.7475],[144.9877,8678689.1767],[144.9995,8678689.1341],[145.0303,8678689.0393],[145.3565,8678687.9539],[145.3877,8678687.8492],[145.6079,8678687.1109],[145.6599,8678686.9461],[145.6975,8678686.8257],[145.7271,8678686.7387],[145.7415,8678686.6959],[145.9987,8678685.8941],[146.0263,8678685.8037],[146.0555,8678685.7155],[146.1141,8678685.5369],[146.2441,8678685.1369],[146.3507,8678684.8015],[146.3723,8678684.7319],[146.3825,8678684.7023],[146.4015,8678684.6459],[146.5537,8678684.1831],[146.6815,8678683.8159],[146.8853,8678683.1883],[146.9551,8678682.9891],[147.0461,8678682.7399],[147.1647,8678682.4089],[147.3047,8678682.0089],[147.3817,8678681.7859],[147.4255,8678681.6555],[147.4751,8678681.5065],[147.5179,8678681.3869],[147.6471,8678681.0187],[147.7055,8678680.8479],[148.0067,8678680.0215],[148.0481,8678679.9069],[148.3279,8678679.1269],[148.4523,8678678.7723],[148.4887,8678678.6669],[148.5265,8678678.5631],[148.5279,8678678.5599],[148.9193,8678677.5291],[149.0249,8678677.2783],[149.3103,8678676.5579],[149.4075,8678676.3009],[149.4411,8678676.2145],[149.6049,8678675.8283],[149.6719,8678675.6643],[150.0821,8678674.6543],[150.3003,8678674.0979],[150.4403,8678673.7279],[150.5165,8678673.5231],[150.5937,8678673.3141],[150.6621,8678673.1359],[150.7881,8678672.8119],[150.8215,8678672.7253],[150.9717,8678672.3353],[151.1181,8678671.9449],[151.2715,8678671.5553],[151.3615,8678671.3221],[151.4031,8678671.2175],[151.5115,8678670.9565],[151.5151,8678670.9483],[151.7867,8678670.2639],[151.8349,8678670.1483],[152.2561,8678669.0603],[152.4463,8678668.5687],[152.5609,8678668.2639],[152.8215,8678667.5853],[152.9765,8678667.1715],[153.2693,8678666.3683],[153.3275,8678666.2193],[153.5819,8678665.5387],[153.6979,8678665.2139],[153.8163,8678664.8899],[153.8817,8678664.7087],[154.0317,8678664.2887],[154.1615,8678663.9159],[154.2083,8678663.7765],[154.4615,8678663.0659],[154.6707,8678662.4215],[154.7467,8678662.1765],[154.7763,8678662.0855],[155.0209,8678661.3669],[155.0315,8678661.3359],[155.1815,8678660.8797],[155.3215,8678660.4397],[155.3699,8678660.2861],[155.5099,8678659.8361],[155.7823,8678658.8959],[156.0469,8678657.9793],[156.0545,8678657.9503],[156.1079,8678657.7507],[156.1665,8678657.5475],[156.1867,8678657.4771],[156.3265,8678656.9871],[156.4371,8678656.5893],[156.4975,8678656.3587],[156.6871,8678655.6893],[156.6945,8678655.6603],[156.8145,8678655.2103],[156.8431,8678655.1027],[156.9027,8678654.8759],[156.9563,8678654.6827],[157.2643,8678653.5997],[157.3669,8678653.2293],[157.4095,8678653.0679],[157.4319,8678652.9917],[157.5519,8678652.5817],[157.6637,8678652.1877],[157.7737,8678651.7877],[157.8147,8678651.6369],[157.9247,8678651.2269],[157.9269,8678651.2193],[158.0317,8678650.8145],[158.0367,8678650.7971],[158.1469,8678650.3993],[158.1831,8678650.2627],[158.2931,8678649.8427],[158.4591,8678649.1709],[158.4963,8678649.0103],[158.8471,8678647.6407],[159.0335,8678646.8611],[159.1211,8678646.4669],[159.1471,8678646.3525],[159.1925,8678646.1717],[159.4319,8678645.1175],[159.4419,8678645.0679],[159.4489,8678645.0387],[159.5739,8678644.4859],[159.7261,8678643.7771],[159.8791,8678643.0957],[159.9527,8678642.7579],[160.0327,8678642.3779],[160.0835,8678642.1303],[160.1635,8678641.7303],[160.1687,8678641.7047],[160.2557,8678641.2437],[160.3257,8678640.8537],[160.3625,8678640.6443],[160.4325,8678640.2343],[160.4643,8678640.0437],[160.5343,8678639.6137],[160.5957,8678639.2165],[160.6557,8678638.8065],[160.6791,8678638.6413],[160.7391,8678638.2113],[160.7655,8678638.0193],[160.8011,8678637.7355],[160.8853,8678637.1493],[160.9479,8678636.6315],[161.1479,8678634.8215],[161.1589,8678634.7203],[161.2091,8678634.2503],[161.2513,8678633.8141],[161.2561,8678633.7769],[161.3161,8678633.2969],[161.4421,8678632.0267],[161.4807,8678631.7129],[161.5923,8678630.7575],[161.6199,8678630.5541],[161.6353,8678630.4393],[161.6563,8678630.2769],[161.6823,8678630.0685],[161.8001,8678629.2287],[161.8053,8678629.1933],[161.8323,8678629.0343],[161.9753,8678628.0893],[162.0053,8678627.8523],[162.0169,8678627.7571],[162.0371,8678627.6295],[162.0823,8678627.3643],[162.1877,8678626.6919],[162.2123,8678626.5203],[162.2273,8678626.4399],[162.3089,8678625.9769],[162.3131,8678625.9529],[162.3235,8678625.9003],[162.3287,8678625.8747],[162.3675,8678625.6751],[162.4561,8678625.2099],[162.4735,8678625.1311],[162.4875,8678625.0681],[162.6331,8678624.4045],[162.6523,8678624.3217],[162.7023,8678624.1217],[162.9537,8678623.0083],[163.0191,8678622.7257],[163.1093,8678622.3257],[163.1799,8678622.0007],[163.3095,8678621.4497],[163.5407,8678620.4777],[163.7961,8678619.3649],[164.0019,8678618.4475],[164.0371,8678618.2755],[164.0581,8678618.1835],[164.1509,8678617.7853],[164.3287,8678616.9647],[164.4297,8678616.4259],[164.5085,8678616.0447],[164.5475,8678615.8451],[164.7763,8678614.6449],[164.8239,8678614.4015],[165.0433,8678613.3465],[165.0887,8678613.1247],[165.1061,8678613.0351],[165.1863,8678612.6251],[165.2459,8678612.3093],[165.2557,8678612.2541],[165.2639,8678612.2159],[165.3091,8678612.0011],[165.3673,8678611.7173],[165.4059,8678611.5371],[165.4691,8678611.2557],[165.5487,8678610.8893],[165.5683,8678610.7955],[165.5891,8678610.7087],[165.7141,8678610.1559],[165.7303,8678610.0791],[165.7467,8678610.0121],[165.9519,8678609.0975],[166.0069,8678608.8285],[166.0575,8678608.5981],[166.1383,8678608.2165],[166.3687,8678607.1747],[166.3927,8678607.0515],[166.4453,8678606.8187],[166.5791,8678606.2709],[166.6671,8678605.8919],[166.6867,8678605.8191],[166.8589,8678605.1387],[166.8735,8678605.0781],[166.9385,8678604.8489],[167.0585,8678604.4189],[167.1123,8678604.2231],[167.1217,8678604.1959],[167.2289,8678603.8723],[167.2553,8678603.7919],[167.2849,8678603.7073],[167.3127,8678603.6275],[167.8419,8678602.1049],[167.9381,8678601.8369],[168.0815,8678601.4259],[168.2267,8678600.9849],[168.3515,8678600.6259],[168.4515,8678600.3253],[168.5063,8678600.1787],[168.6419,8678599.8087],[168.7823,8678599.4153],[168.9181,8678599.0369],[168.9837,8678598.8525],[169.1765,8678598.3611],[169.1993,8678598.3053],[169.4985,8678597.6227],[169.6587,8678597.2427],[169.6819,8678597.1873],[170.0247,8678596.3983],[170.0963,8678596.2237],[170.1013,8678596.2115],[170.2329,8678595.9151],[170.4851,8678595.3283],[170.6419,8678594.9401],[170.7917,8678594.5601],[170.8969,8678594.2895],[170.9349,8678594.1983],[171.2203,8678593.4779],[171.3603,8678593.1079],[171.5035,8678592.7195],[171.5249,8678592.6683],[171.9579,8678591.5469],[172.2091,8678590.8477],[172.311,8678590.5791],[172.5281,8678590.0069],[172.5949,8678589.8209],[172.6383,8678589.7059],[172.7611,8678589.3865],[173.1013,8678588.5073],[173.1899,8678588.2857],[173.2939,8678588.0215],[173.3749,8678587.8283],[173.7137,8678586.9651],[173.8457,8678586.6101],[173.8565,8678586.5837],[173.8999,8678586.4757],[174.0397,8678586.1257],[174.2637,8678585.5451],[174.3269,8678585.3759],[174.3981,8678585.1919],[174.6119,8678584.6215],[174.7199,8678584.3233],[174.8265,8678584.0331],[175.0223,8678583.4823],[175.1523,8678583.1023],[175.1715,8678583.0459],[175.2155,8678582.9155],[175.3355,8678582.5555],[175.3943,8678582.3769],[175.4653,8678582.1583],[175.5323,8678581.9623],[175.5515,8678581.9059],[175.9399,8678580.6555],[175.9605,8678580.5825],[176.0143,8678580.4169],[176.1841,8678579.8729],[176.3041,8678579.4729],[176.4969,8678578.7957],[176.8069,8678577.6457],[176.8169,8678577.6093],[176.9223,8678577.2017],[177.0223,8678576.8017],[177.0891,8678576.5287],[177.1889,8678576.1087],[177.2875,8678575.6781],[177.2995,8678575.6231],[177.3123,8678575.5717],[177.5209,8678574.6661],[177.7535,8678573.6203],[177.7901,8678573.4373],[178.0085,8678572.4447],[178.0533,8678572.2145],[178.0569,8678572.1951],[178.2487,8678571.3147],[178.2875,8678571.1143],[178.4887,8678570.1947],[178.5093,8678570.0891],[178.7073,8678569.0721],[178.8575,8678568.4281],[178.9475,8678568.0181],[179.0061,8678567.7439],[179.1661,8678567.0387],[179.2119,8678566.8617],[179.2861,8678566.6029],[179.3717,8678566.3559],[179.4543,8678566.1077],[179.4749,8678566.0583],[179.6781,8678565.5519],[179.8181,8678565.1919],[179.9001,8678564.9779],[179.9377,8678564.8791],[179.9763,8678564.7837],[-179.8097,8678564.2379],[-179.6699,8678563.8679],[-179.3979,8678563.1131],[-179.3223,8678562.9107],[-179.1427,8678562.4543],[-178.7027,8678561.3043],[-178.3977,8678560.4623],[-178.3615,8678560.3569],[-178.3233,8678560.2531],[-178.1953,8678559.8973],[-178.0651,8678559.5273],[-177.9785,8678559.2759],[-177.8711,8678558.9523],[-177.8125,8678558.7717],[-177.7477,8678558.5823],[-177.7285,8678558.5259],[-177.6259,8678558.2169],[-177.5457,8678557.9705],[-177.3671,8678557.4451],[-177.0885,8678556.6659],[-176.9259,8678556.1701],[-176.7085,8678555.5559],[-176.7053,8678555.5465],[-176.5517,8678555.1519],[-176.4163,8678554.7951],[-176.3947,8678554.7371],[-176.3701,8678554.6757],[-176.2819,8678554.4519],[-176.0907,8678553.9602],[-176.0019,8678553.7319],[-175.6529,8678552.7781],[-175.5995,8678552.6225],[-175.5603,8678552.5133],[-175.4737,8678552.2781],[-175.3463,8678551.9351],[-175.1085,8678551.2659],[-174.8729,8678550.5349],[-174.8653,8678550.5105],[-174.7631,8678550.2181],[-174.6431,8678549.8681],[-174.6183,8678549.7959],[-174.5027,8678549.4463],[-174.4763,8678549.3751],[-174.3979,8678549.1615],[-174.2681,8678548.8015],[-174.2193,8678548.6653],[-174.0863,8678548.3151],[-173.9781,8678548.0237],[-173.7707,8678547.4991],[-173.6407,8678547.1591],[-173.5561,8678546.9351],[-173.5347,8678546.8771],[-173.5103,8678546.8157],[-173.2863,8678546.2351],[-172.7663,8678544.8351],[-172.5285,8678544.1659],[-172.4571,8678543.9531],[-171.8873,8678542.2231],[-171.8509,8678542.1123],[-171.7309,8678541.7423],[-171.4503,8678540.8155],[-171.3401,8678540.4255],[-171.2563,8678540.1209],[-171.1673,8678539.8205],[-171.0573,8678539.4405],[-170.9231,8678538.9593],[-170.7967,8678538.4675],[-170.7233,8678538.1991],[-170.5833,8678537.6521],[-170.4831,8678537.2421],[-170.4113,8678536.9395],[-170.3895,8678536.8449],[-170.3647,8678536.7479],[-170.2213,8678536.1595],[-170.1313,8678535.7695],[-170.0605,8678535.4531],[-169.8473,8678534.5279],[-169.8351,8678534.4697],[-169.6609,8678533.7042],[-169.5313,8678533.1347],[-169.4767,8678532.8515],[-169.426,8678532.6088],[-169.3867,8678532.4203],[-169.3167,8678532.0703],[-169.3115,8678532.0447],[-169.2905,8678531.9391],[-169.2657,8678531.8125],[-169.0915,8678531.0047],[-169.0705,8678530.8991],[-169.0005,8678530.5391],[-168.9361,8678530.1947],[-168.8111,8678529.6047],[-168.7487,8678529.2775],[-168.6765,8678528.9303],[-168.6449,8678528.7723],[-168.6057,8678528.5911],[-168.5215,8678528.1847],[-168.5005,8678528.0791],[-168.4307,8678527.7191],[-168.2931,8678526.9485],[-168.2855,8678526.9011],[-168.2769,8678526.8545],[-168.1811,8678526.3169],[-168.1559,8678526.1653],[-168.1247,8678525.9963],[-168.0891,8678525.7987],[-167.9159,8678524.8153],[-167.8647,8678524.5363],[-167.7775,8678524.0345],[-167.729,8678523.7665],[-167.6511,8678523.3369],[-167.6017,8678523.0401],[-167.5869,8678522.9543],[-167.5651,8678522.8389],[-167.3783,8678521.8685],[-167.3266,8678521.6104],[-167.3213,8678521.5847],[-167.3007,8678521.4791],[-167.2307,8678521.1191],[-167.1283,8678520.5585],[-167.1113,8678520.4747],[-167.0445,8678520.1263],[-166.9745,8678519.7463],[-166.8917,8678519.2697],[-166.8509,8678519.0711],[-166.8213,8678518.9247],[-166.6175,8678517.7551],[-166.6029,8678517.6575],[-166.5853,8678517.5565],[-166.4743,8678516.8665],[-166.4651,8678516.8043],[-166.3853,8678516.3465],[-166.2765,8678515.6705],[-166.1837,8678515.1951],[-166.1645,8678515.0963],[-166.1441,8678515.0099],[-165.9513,8678514.1247],[-165.9093,8678513.9083],[-165.7465,8678513.2211],[-165.7381,8678513.1833],[-165.7277,8678513.1417],[-165.6095,8678512.6487],[-165.5667,8678512.4607],[-165.5463,8678512.3773],[-165.3177,8678511.4617],[-165.1995,8678510.9687],[-165.1233,8678510.6351],[-164.9873,8678510.1315],[-164.9731,8678510.0793],[-164.8675,8678509.6717],[-164.7981,8678509.3937],[-164.7935,8678509.3771],[-164.6933,8678509.0271],[-164.6093,8678508.7261],[-164.3133,8678507.7399],[-164.2533,8678507.5233],[-164.2027,8678507.3619],[-163.8927,8678506.3619],[-163.7873,8678506.0133],[-163.6525,8678505.5557],[-163.6117,8678505.4253],[-163.3129,8678504.3993],[-163.2661,8678504.2203],[-163.1623,8678503.8537],[-162.9231,8678503.0193],[-162.8177,8678502.6117],[-162.7277,8678502.2517],[-162.6095,8678501.7587],[-162.5683,8678501.5775],[-162.5247,8678501.3985],[-162.4731,8678501.2091],[-162.1859,8678500.0211],[-162.1649,8678499.9247],[-161.9157,8678498.8811],[-161.8357,8678498.5111],[-161.7855,8678498.2735],[-161.7477,8678498.1217],[-161.4947,8678497.0017],[-161.2649,8678495.8617],[-161.2515,8678495.7947],[-161.1275,8678495.1243],[-161.1073,8678495.0061],[-161.0509,8678494.7311],[-161.0213,8678494.5847],[-160.9303,8678494.1021],[-160.8711,8678493.8147],[-160.7685,8678493.2663],[-160.7215,8678493.0347],[-160.7007,8678492.9291],[-160.6305,8678492.5691],[-160.4329,8678491.4073],[-160.2881,8678490.5715],[-160.2447,8678490.3589],[-160.2115,8678490.1947],[-159.9933,8678488.9293],[-159.9105,8678488.4711],[-159.8505,8678488.1211],[-159.8311,8678488.0069],[-159.7711,8678487.6469],[-159.6447,8678486.7993],[-159.6129,8678486.5479],[-159.5041,8678485.8345],[-159.3541,8678484.7445],[-159.3347,8678484.5993],[-159.2811,8678484.1623],[-159.2085,8678483.6755],[-159.1585,8678483.3155],[-159.1347,8678483.1393],[-159.0785,8678482.6811],[-159.0081,8678482.2013],[-158.9831,8678482.0287],[-158.8447,8678481.1093],[-158.7925,8678480.6845],[-158.7821,8678480.5937],[-158.6367,8678479.5191],[-158.6247,8678479.4293],[-158.5723,8678479.0045],[-158.5379,8678478.7029],[-158.5321,8678478.6619],[-158.4947,8678478.3893],[-158.3723,8678477.2629],[-158.3021,8678476.5603],[-158.2989,8678476.5249],[-158.2937,8678476.4765],[-158.2375,8678475.9127],[-158.2135,8678475.6413],[-158.1899,8678475.3889],[-158.1341,8678474.6899],[-158.1251,8678474.5447],[-158.1209,8678474.4729],[-158.0543,8678473.6599],[-158.0525,8678473.6343],[-158.0327,8678473.3243],[-157.9937,8678472.5195],[-157.9643,8678471.8875],[-157.9495,8678471.6443],[-157.9137,8678470.8903],[-157.8837,8678469.9603],[-157.8795,8678469.8155],[-157.8531,8678469.3205],[-157.8491,8678469.2619],[-157.8339,8678469.0499],[-157.8191,8678468.8023],[-157.7775,8678468.2733],[-157.7719,8678468.2173],[-157.7139,8678467.6001],[-157.6861,8678467.3183],[-157.6675,8678467.1161],[-157.6131,8678466.6491],[-157.5531,8678466.0891],[-157.4903,8678465.4171],[-157.4149,8678464.7531],[-157.3849,8678464.4531],[-157.3249,8678463.7581],[-157.3203,8678463.7203],[-157.3147,8678463.6793],[-157.2115,8678462.7675],[-157.1847,8678462.5373],[-157.1655,8678462.4061],[-157.1367,8678462.2603],[-157.1313,8678462.2347],[-157.0945,8678462.0447],[-157.0113,8678461.6447],[-156.9865,8678461.5179],[-156.9339,8678461.2459],[-156.8819,8678461.1429],[-156.7421,8678460.8629],[-156.6807,8678460.7397],[-156.5775,8678460.5277],[-156.4475,8678460.2577],[-156.1269,8678459.5651],[-156.1179,8678459.5445],[-156.0921,8678459.4929],[-156.0309,8678459.3697],[-155.8421,8678458.9783],[-155.7555,8678458.8117],[-155.6605,8678458.6379],[-155.6451,8678458.6113],[-155.6063,8678458.5463],[-155.3927,8678458.1835],[-155.3885,8678458.1767],[-155.3451,8678458.1013],[-155.3061,8678458.0363],[-155.0927,8678457.6735],[-155.0117,8678457.5321],[-154.9267,8678457.3905],[-154.6737,8678456.9941],[-154.5239,8678456.7541],[-154.3687,8678456.5027],[-154.3065,8678456.4007],[-154.2337,8678456.2841],[-153.9961,8678455.8963],[-153.8463,8678455.6463],[-153.6327,8678455.2835],[-153.2713,8678454.6355],[-152.7113,8678453.5955],[-152.5291,8678453.2507],[-152.4141,8678453.0289],[-152.1247,8678452.4903],[-151.8091,8678451.9007],[-151.6953,8678451.6813],[-151.3137,8678450.9639],[-151.1323,8678450.6353],[-150.7697,8678449.9551],[-150.3719,8678449.1929],[-150.2421,8678448.9329],[-150.1807,8678448.8097],[-149.7569,8678447.9051],[-149.7065,8678447.7913],[-149.6635,8678447.6983],[-149.3379,8678446.9623],[-149.1181,8678446.4423],[-149.0451,8678446.2683],[-148.6831,8678445.3427],[-148.3883,8678444.5587],[-148.2881,8678444.2787],[-148.1583,8678443.9059],[-148.1145,8678443.7755],[-147.9145,8678443.1755],[-147.6859,8678442.4529],[-147.6375,8678442.2919],[-147.5797,8678442.1063],[-147.4959,8678441.8329],[-147.4861,8678441.8003],[-147.4345,8678441.6455],[-147.0031,8678440.2091],[-146.9583,8678440.0391],[-146.9151,8678439.8877],[-146.8253,8678439.5677],[-146.7431,8678439.2691],[-146.6843,8678439.0455],[-146.5243,8678438.4255],[-146.4943,8678438.3073],[-146.2741,8678437.4373],[-146.0251,8678436.3511],[-145.8057,8678435.3831],[-145.5511,8678434.2447],[-145.5239,8678434.1041],[-145.4213,8678433.6147],[-145.2599,8678432.7175],[-145.2099,8678432.4075],[-145.1045,8678431.6893],[-145.0923,8678431.5933],[-145.0597,8678431.3849],[-145.0199,8678431.1375],[-144.9929,8678430.9661],[-144.9307,8678430.6049],[-144.8519,8678430.4099],[-144.7949,8678430.2891],[-144.6475,8678430.0083],[-144.4975,8678429.7183],[-144.4325,8678429.5921],[-143.9159,8678428.6203],[-143.3609,8678427.5597],[-143.2787,8678427.3913],[-143.2219,8678427.2741],[-143.079,8678426.9993],[-142.7357,8678426.3391],[-142.5061,8678425.9109],[-142.3733,8678425.7151],[-142.2237,8678425.4983],[-142.1399,8678425.3759],[-141.7035,8678424.7715],[-141.5619,8678424.5695],[-141.4311,8678424.3861],[-141.2103,8678424.0719],[-140.7677,8678423.4319],[-140.6947,8678423.3365],[-140.0535,8678422.4615],[-139.9041,8678422.2481],[-139.7343,8678422.0195],[-139.5145,8678421.7195],[-139.0323,8678421.0385],[-138.9909,8678420.9847],[-138.6643,8678420.5495],[-138.5619,8678420.4099],[-138.4675,8678420.2853],[-138.3847,8678420.1755],[-138.2113,8678419.9443],[-138.0373,8678419.7153],[-137.7943,8678419.3895],[-137.5745,8678419.0895],[-137.2533,8678418.6415],[-137.2021,8678418.5683],[-137.1443,8678418.4895],[-137.0557,8678418.3681],[-136.4259,8678417.4981],[-135.9763,8678416.8559],[-135.8747,8678416.7063],[-135.7735,8678416.5615],[-135.4673,8678416.1139],[-135.4187,8678416.0398],[-135.2465,8678415.7775],[-135.1005,8678415.5515],[-134.9427,8678415.3109],[-134.7233,8678414.9705],[-134.5333,8678414.6705],[-134.4539,8678414.5441],[-134.2537,8678414.2241],[-133.9571,8678413.7373],[-133.7953,8678413.4653],[-133.6461,8678413.2163],[-133.4325,8678412.8535],[-133.0927,8678412.2455],[-133.0627,8678412.1935],[-132.4973,8678411.1587],[-132.1773,8678410.5387],[-131.9709,8678410.1297],[-131.7379,8678409.6441],[-131.5979,8678409.3441],[-131.5587,8678409.2593],[-130.9485,8678407.9393],[-130.8379,8678407.6967],[-130.4435,8678406.8317],[-130.3781,8678406.6809],[-130.3097,8678406.5281],[-130.1833,8678406.2417],[-130.0535,8678405.9417],[-129.8951,8678405.5683],[-129.8151,8678405.3731],[-129.6775,8678405.0875],[-129.3409,8678404.4297],[-129.1825,8678404.1025],[-129.0509,8678403.8395],[-128.8941,8678403.5159],[-128.7609,8678403.2497],[-128.6689,8678403.0609],[-128.6059,8678402.9305],[-128.5321,8678402.7829],[-128.4709,8678402.6597],[-128.1081,8678401.8915],[-127.9683,8678401.5815],[-127.9397,8678401.5181],[-127.8241,8678401.2603],[-127.7551,8678401.1081],[-127.4333,8678400.4269],[-127.3347,8678400.2101],[-127.2479,8678400.0241],[-126.9983,8678399.4721],[-126.8593,8678399.1543],[-126.7339,8678398.8877],[-126.0731,8678397.5195],[-125.9461,8678397.2529],[-125.7961,8678396.9329],[-125.5033,8678396.2843],[-125.4037,8678396.0709],[-125.0607,8678395.3485],[-124.8297,8678394.8481],[-124.6995,8678394.5581],[-124.4151,8678393.8983],[-124.3001,8678393.6157],[-124.2927,8678393.5971],[-124.1753,8678393.3183],[-123.8971,8678392.6169],[-123.7869,8678392.3269],[-123.7053,8678392.1085],[-123.2585,8678390.8959],[-123.2147,8678390.7655],[-123.1145,8678390.4655],[-122.9697,8678390.0163],[-122.9405,8678389.9235],[-122.9145,8678389.8455],[-122.6229,8678388.9093],[-122.6031,8678388.8423],[-122.5797,8678388.7663],[-122.4329,8678388.2793],[-122.3509,8678387.9973],[-122.1673,8678387.3733],[-122.0323,8678386.8967],[-121.9423,8678386.5667],[-121.9131,8678386.4591],[-121.8543,8678386.2355],[-121.7743,8678385.9255],[-121.6093,8678385.2465],[-121.4453,8678384.5645],[-121.3751,8678384.2545],[-121.2653,8678383.7431],[-121.1533,8678383.2309],[-121.0561,8678382.7959],[-120.9961,8678382.5159],[-120.9213,8678382.1547],[-120.8321,8678381.6827],[-120.6239,8678380.6993],[-120.5667,8678380.4203],[-120.5067,8678380.1203],[-120.5015,8678380.0947],[-120.4765,8678379.9679],[-120.4165,8678379.6579],[-120.3245,8678379.1547],[-120.3177,8678379.1151],[-120.3065,8678379.0579],[-120.1505,8678378.1661],[-120.1005,8678377.8461],[-120.0145,8678377.2493],[-119.9973,8678377.1137],[-119.9267,8678376.6639],[-119.8769,8678376.3239],[-119.8505,8678376.1415],[-119.8313,8678376.0317],[-119.7295,8678375.4081],[-119.6367,8678374.7923],[-119.6313,8678374.7617],[-119.5771,8678374.4427],[-119.5511,8678374.3147],[-119.4055,8678373.5123],[-119.3711,8678373.3447],[-119.2487,8678372.6807],[-119.1313,8678372.1247],[-119.0283,8678371.5741],[-119.0163,8678371.5211],[-118.9565,8678371.2511],[-118.8689,8678370.8407],[-118.7753,8678370.4101],[-118.7489,8678370.3065],[-118.7235,8678370.2171],[-118.7021,8678370.1421],[-118.3633,8678368.9891],[-118.2729,8678368.6423],[-118.2533,8678368.5691],[-118.1277,8678368.0815],[-118.0983,8678367.9691],[-118.0233,8678367.7071],[-117.9131,8678367.3091],[-117.8805,8678367.1867],[-117.7331,8678366.6593],[-117.6909,8678366.4991],[-117.6309,8678366.2691],[-117.3011,8678364.8347],[-117.1393,8678363.9341],[-116.8747,8678362.3293],[-116.8621,8678362.2317],[-116.8407,8678362.1105],[-116.8007,8678361.8805],[-116.7447,8678361.5465],[-116.7049,8678361.2965],[-116.6815,8678361.1481],[-116.6651,8678361.0415],[-116.5711,8678360.4769],[-116.5215,8678360.1681],[-116.4815,8678359.9081],[-116.4607,8678359.7701],[-116.4207,8678359.5001],[-116.3647,8678359.0993],[-116.3249,8678358.7807],[-116.2945,8678358.5593],[-116.2135,8678357.8681],[-116.1971,8678357.7097],[-116.1753,8678357.5523],[-116.1547,8678357.3993],[-116.0735,8678356.7081],[-116.0171,8678356.1635],[-115.9401,8678355.6303],[-115.9201,8678355.4807],[-115.8421,8678354.9719],[-115.8021,8678354.6919],[-115.7645,8678354.4193],[-115.6889,8678353.7805],[-115.6147,8678353.2593],[-115.5249,8678352.4831],[-115.5039,8678352.2737],[-115.4831,8678352.0791],[-115.4649,8678351.9031],[-115.4413,8678351.6681],[-115.3881,8678351.1627],[-115.3747,8678351.0331],[-115.3447,8678350.7331],[-115.2799,8678349.9649],[-115.2685,8678349.8007],[-115.2043,8678349.0099],[-115.1971,8678348.8963],[-115.1529,8678348.1761],[-115.1399,8678347.9849],[-115.1341,8678347.8999],[-115.1281,8678347.8051],[-115.0993,8678347.3365],[-115.0565,8678346.8511],[-114.9839,8678345.9799],[-114.9779,8678345.8811],[-114.9643,8678345.7125],[-114.9467,8678345.4823],[-114.9235,8678345.2581],[-114.8635,8678344.5927],[-114.7235,8678343.2381],[-114.6953,8678342.9473],[-114.6721,8678342.7401],[-114.6403,8678342.5003],[-114.6347,8678342.4593],[-114.5805,8678342.0167],[-114.5647,8678341.8993],[-114.5427,8678341.7291],[-114.5089,8678341.5495],[-114.4589,8678341.2795],[-114.3629,8678340.7269],[-114.1701,8678339.5103],[-114.1547,8678339.3937],[-114.0609,8678338.7601],[-114.0543,8678338.7165],[-113.9343,8678337.8965],[-113.8847,8678337.5393],[-113.8129,8678336.9391],[-113.7849,8678336.6767],[-113.6999,8678335.9033],[-113.6265,8678335.1193],[-113.5947,8678334.7789],[-113.5547,8678334.4893],[-113.4735,8678333.7981],[-113.4557,8678333.6277],[-113.4201,8678333.3703],[-113.3801,8678333.0703],[-113.3747,8678333.0293],[-113.2891,8678332.2949],[-113.2725,8678332.1329],[-113.1961,8678331.4835],[-113.1331,8678330.9491],[-113.1031,8678330.6691],[-113.0849,8678330.4931],[-113.0639,8678330.2837],[-113.0431,8678330.0891],[-112.9599,8678329.1449],[-112.9469,8678328.9571],[-112.9211,8678328.6207],[-112.8895,8678328.2419],[-112.8841,8678328.1805],[-112.8831,8678328.1677],[-112.6547,8678326.7493],[-112.4943,8678325.1199],[-112.4561,8678324.3585],[-112.4307,8678323.2335],[-112.4307,8678322.5735],[-112.4589,8678321.3837],[-112.4607,8678321.3111],[-112.4607,8678321.2335],[-112.4693,8678320.5777],[-112.4655,8678320.3529],[-112.4499,8678320.2107],[-112.4365,8678320.1109],[-112.4301,8678320.0811],[-112.3811,8678319.8787],[-112.3485,8678319.7421],[-112.2931,8678319.5391],[-112.1513,8678318.9839],[-112.0731,8678318.6993],[-111.8819,8678317.9381],[-111.8577,8678317.8417],[-111.8285,8678317.7249],[-111.8009,8678317.6191],[-111.6123,8678316.8465],[-111.4301,8678316.0969],[-111.4213,8678316.0627],[-111.2165,8678315.2111],[-111.1947,8678315.1135],[-111.0543,8678314.5199],[-110.9715,8678314.1591],[-110.9033,8678313.9091],[-110.7899,8678313.4705],[-110.7671,8678313.3897],[-110.6933,8678313.1191],[-110.6493,8678312.9531],[-110.5431,8678312.5693],[-110.5301,8678312.5205],[-110.4915,8678312.3915],[-110.4491,8678312.2491],[-110.4071,8678312.1115],[-110.2017,8678311.4071],[-110.1659,8678311.2781],[-110.0915,8678311.0315],[-109.8177,8678310.1071],[-109.7749,8678309.9695],[-109.6135,8678309.4271],[-109.6115,8678309.4203],[-109.6049,8678309.3995],[-109.5117,8678309.0915],[-109.4315,8678308.8215],[-109.4173,8678308.7733],[-109.2675,8678308.2633],[-109.2107,8678308.0679],[-108.9331,8678307.1093],[-108.7727,8678306.4775],[-108.7617,8678306.4371],[-108.7129,8678306.2593],[-108.5709,8678305.7025],[-108.4931,8678305.4193],[-108.2813,8678304.5695],[-108.2361,8678304.3731],[-108.0463,8678303.5811],[-108.0095,8678303.4147],[-107.9713,8678303.2495],[-107.8391,8678302.6423],[-107.7089,8678302.0325],[-107.5911,8678301.4747],[-107.4249,8678300.5465],[-107.3849,8678300.2965],[-107.3509,8678300.0779],[-107.2071,8678299.1257],[-107.1847,8678298.9865],[-107.1615,8678298.8381],[-107.0817,8678298.3181],[-107.0047,8678297.7793],[-106.9925,8678297.6847],[-106.8225,8678296.6823],[-106.7691,8678296.3225],[-106.6713,8678295.8547],[-106.5473,8678295.1829],[-106.5215,8678295.0547],[-106.4589,8678294.7295],[-106.4091,8678294.4595],[-106.3665,8678294.2239],[-106.3115,8678293.9547],[-106.1945,8678293.3247],[-106.1879,8678293.2867],[-106.1659,8678293.1859],[-106.0723,8678292.7489],[-105.9159,8678292.0659],[-105.8635,8678291.8217],[-105.6687,8678290.9413],[-105.6093,8678290.6943],[-105.4953,8678290.2009],[-105.3361,8678289.5059],[-105.3025,8678289.3495],[-105.2891,8678289.2943],[-105.2191,8678289.0043],[-105.1099,8678288.5311],[-104.9199,8678287.6711],[-104.8513,8678287.3515],[-104.7209,8678286.7909],[-104.6109,8678286.2943],[-104.5457,8678286.0275],[-104.4831,8678285.7991],[-104.4243,8678285.5755],[-104.3963,8678285.4669],[-104.3715,8678285.3771],[-104.3231,8678285.1993],[-104.2411,8678284.8851],[-103.8331,8678283.5193],[-103.7881,8678283.3491],[-103.7133,8678283.0871],[-103.6031,8678282.6893],[-103.5583,8678282.5201],[-103.5015,8678282.3171],[-103.4215,8678282.0271],[-103.3733,8678281.8491],[-103.2763,8678281.4761],[-103.2627,8678281.4293],[-103.1727,8678281.1113],[-103.0449,8678280.6995],[-102.9073,8678280.2403],[-102.8783,8678280.1559],[-102.6749,8678279.5295],[-102.4049,8678278.6595],[-102.2727,8678278.2193],[-102.2461,8678278.1283],[-102.2249,8678278.0595],[-102.0015,8678277.2971],[-101.9435,8678277.0867],[-101.8091,8678276.6109],[-101.5915,8678275.8671],[-101.5409,8678275.6841],[-101.4115,8678275.2303],[-101.3151,8678274.9195],[-101.1349,8678274.3121],[-100.9261,8678273.6309],[-100.9085,8678273.5751],[-100.8083,8678273.2859],[-100.7143,8678273.0033],[-100.6989,8678272.9587],[-100.4185,8678272.1759],[-100.4135,8678272.1609],[-100.1725,8678271.4945],[-99.9661,8678270.9733],[-99.5601,8678269.9135],[-99.3797,8678269.4283],[-99.2563,8678269.0859],[-99.2237,8678268.9987],[-99.0761,8678268.5949],[-99.0437,8678268.5087],[-98.9535,8678268.2687],[-98.8263,8678267.9209],[-98.7505,8678267.7103],[-98.6005,8678267.3165],[-98.5803,8678267.2657],[-98.5001,8678267.0657],[-98.1529,8678266.1463],[-97.6131,8678264.7435],[-96.8629,8678262.8089],[-96.4983,8678261.8059],[-96.2161,8678260.9201],[-95.6161,8678258.9101],[-95.4231,8678258.2291],[-95.2075,8678257.3629],[-94.7177,8678255.2329],[-94.7111,8678255.2053],[-94.2511,8678253.1953],[-94.1015,8678252.4947],[-94.0847,8678252.4097],[-93.5847,8678249.8497],[-93.3487,8678248.4233],[-93.0687,8678246.3633],[-93.0547,8678246.2593],[-93.0121,8678245.9169],[-92.9167,8678245.1075],[-92.7327,8678244.2681],[-92.6655,8678243.9531],[-91.9853,8678240.6531],[-91.9513,8678240.4847],[-91.7577,8678239.3837],[-91.4079,8678237.0937],[-91.3625,8678236.7849],[-91.0727,8678234.7149],[-91.0445,8678234.5093],[-90.9795,8678233.9691],[-90.7395,8678231.7791],[-90.6945,8678231.3291],[-90.5525,8678229.7763],[-90.1065,8678226.6617],[-89.7873,8678224.5351],[-89.7663,8678224.3913],[-89.4937,8678222.4983],[-89.1457,8678221.7051],[-88.5731,8678220.6629],[-88.0609,8678219.6797],[-87.9019,8678219.3511],[-87.0417,8678217.5411],[-86.5251,8678216.3783],[-86.1389,8678215.3867],[-85.2989,8678213.0867],[-85.1085,8678212.5459],[-84.6331,8678210.9793],[-84.2613,8678209.3847],[-84.1631,8678208.8613],[-83.6431,8678205.9213],[-83.4745,8678204.8293],[-83.3529,8678203.7105],[-83.2013,8678201.9525],[-83.2009,8678201.9463],[-83.1599,8678201.7937],[-83.1529,8678201.7693],[-83.0605,8678201.4133],[-82.5005,8678199.1933],[-82.2215,8678197.9547],[-82.0987,8678197.2921],[-81.5789,8678194.2521],[-81.4347,8678193.2993],[-81.2743,8678191.6699],[-81.2655,8678191.5321],[-81.1855,8678190.1973],[-81.1471,8678189.8611],[-80.9395,8678188.8851],[-80.8997,8678188.6947],[-80.1395,8678184.9847],[-80.1115,8678184.8447],[-79.9857,8678184.1637],[-79.6189,8678182.0095],[-79.5561,8678181.7253],[-79.3119,8678181.1553],[-78.0113,8678178.4435],[-77.4549,8678177.1983],[-77.2271,8678176.6275],[-76.4171,8678174.5275],[-76.0685,8678173.5659],[-75.7439,8678172.5373],[-75.0839,8678170.2773],[-74.9333,8678169.7391],[-74.8415,8678169.3871],[-74.3217,8678167.3271],[-74.0413,8678166.0847],[-73.9757,8678165.7423],[-73.8351,8678164.9803],[-73.6363,8678164.3091],[-73.2125,8678163.2469],[-73.0985,8678162.9553],[-72.1983,8678160.6153],[-71.8585,8678159.6759],[-71.3831,8678158.1093],[-71.0113,8678156.5147],[-70.7447,8678154.8993],[-70.7237,8678154.7369],[-69.6537,8678146.1769],[-69.5143,8678144.7099],[-69.4615,8678143.2831],[-69.0163,8678142.2427],[-68.2137,8678140.3953],[-68.1583,8678140.2665],[-67.2381,8678138.1165],[-67.1251,8678137.8483],[-66.6855,8678136.7089],[-65.6255,8678133.7489],[-65.4885,8678133.3559],[-65.0677,8678131.9895],[-64.3977,8678129.5695],[-64.3429,8678129.3693],[-63.9715,8678127.7747],[-63.7047,8678126.1593],[-63.6457,8678125.6751],[-63.3877,8678123.3703],[-63.1427,8678121.8809],[-62.6577,8678119.3925],[-62.2093,8678117.3433],[-62.1115,8678116.8747],[-62.0957,8678116.7953],[-61.6557,8678114.5453],[-61.4339,8678113.2239],[-61.0979,8678110.8319],[-60.6807,8678108.6391],[-60.2379,8678106.7147],[-60.1219,8678106.1839],[-59.7717,8678104.4953],[-59.3819,8678102.9293],[-58.5633,8678099.6445],[-58.5605,8678099.6327],[-58.4471,8678099.1769],[-58.0233,8678098.3135],[-57.3651,8678096.8583],[-56.8921,8678095.6255],[-53.6298,8678086.4009],[-52.7721,8678083.9755],[-52.6685,8678083.6759],[-52.2147,8678082.1891],[-51.6147,8678079.9791],[-51.5933,8678079.8991],[-51.2871,8678078.6241],[-51.1359,8678077.9127],[-50.7787,8678077.0875],[-50.5029,8678076.5079],[-50.0385,8678075.7415],[-48.9115,8678073.9345],[-48.4727,8678073.2035],[-47.7009,8678071.7597],[-47.0251,8678070.2683],[-46.9959,8678070.1975],[-46.2325,8678068.3379],[-46.1461,8678068.1275],[-45.5985,8678066.6659],[-45.1233,8678065.0991],[-44.7515,8678063.5047],[-44.6525,8678062.9781],[-44.2725,8678060.8281],[-44.1045,8678059.7393],[-44.1015,8678059.7149],[-44.0113,8678059.0235],[-43.9331,8678058.6963],[-43.3249,8678056.4835],[-43.2833,8678056.3291],[-43.0141,8678055.2253],[-42.5041,8678052.9053],[-42.4013,8678052.4147],[-42.1347,8678050.7993],[-42.0557,8678050.1283],[-42.0499,8678050.0757],[-41.7785,8678049.3159],[-41.7345,8678049.1855],[-41.0345,8678047.0855],[-40.6865,8678045.9525],[-40.2349,8678044.9283],[-39.6583,8678043.3959],[-39.2097,8678041.9271],[-38.6297,8678039.7971],[-38.6031,8678039.6993],[-38.2313,8678038.1047],[-37.9647,8678036.4893],[-37.9207,8678036.1357],[-37.6913,8678034.1785],[-37.4825,8678032.9257],[-37.1183,8678030.9309],[-36.7519,8678029.0229],[-36.6029,8678028.3831],[-35.1832,8678024.2478],[-32.9961,8678017.8775],[-32.9685,8678017.7959],[-32.6035,8678016.6271],[-32.0233,8678014.5971],[-31.9131,8678014.1993],[-31.5413,8678012.6047],[-31.4163,8678011.9277],[-31.1291,8678010.2423],[-31.0539,8678009.8177],[-31.0467,8678009.7849],[-30.9165,8678009.4251],[-30.8495,8678009.2377],[-29.6095,8678005.7277],[-29.5085,8678005.4359],[-29.0333,8678003.8691],[-28.9675,8678003.6185],[-28.4073,8678001.4385],[-28.2613,8678000.8395],[-27.7813,8677998.7595],[-27.6215,8677998.0147],[-27.5879,8677997.8427],[-27.0717,8677995.1493],[-26.6789,8677993.2445],[-26.2677,8677991.4115],[-26.1413,8677990.8147],[-25.8747,8677989.1993],[-25.8673,8677989.1433],[-25.6227,8677987.2527],[-25.3213,8677985.0961],[-25.2945,8677984.8993],[-25.1983,8677984.0577],[-25.1247,8677983.3011],[-24.9909,8677982.6963],[-24.9223,8677982.3757],[-24.1925,8677978.8575],[-23.7561,8677976.9433],[-23.7415,8677976.8783],[-23.2215,8677974.5683],[-23.0911,8677973.9547],[-22.8245,8677972.3393],[-22.7779,8677971.9613],[-22.5193,8677969.7365],[-22.2511,8677968.1269],[-22.1951,8677967.7751],[-21.9607,8677966.2353],[-21.4685,8677963.8293],[-21.4413,8677963.6947],[-21.1747,8677962.0793],[-21.0215,8677960.5575],[-20.8615,8677958.2675],[-20.8541,8677958.1599],[-20.8007,8677956.5945],[-20.7927,8677953.8141],[-20.7003,8677952.3387],[-20.5717,8677950.6597],[-20.5163,8677950.1843],[-20.1205,8677948.2711],[-19.7407,8677946.7433],[-19.4815,8677945.5847],[-19.2147,8677943.9693],[-19.2129,8677943.9551],[-19.0735,8677942.8925],[-18.9055,8677942.1061],[-18.6375,8677941.2821],[-18.2895,8677940.1171],[-17.7097,8677937.9871],[-17.6831,8677937.8893],[-17.6051,8677937.5907],[-17.1289,8677935.7213],[-16.8737,8677935.0315],[-16.6485,8677934.3959],[-16.3889,8677933.5865],[-15.7791,8677931.5665],[-15.5633,8677930.8091],[-15.3419,8677929.9179],[-14.8519,8677927.7779],[-14.7013,8677927.0747],[-14.5089,8677925.9803],[-14.2093,8677924.0245],[-13.9705,8677922.5711],[-13.6431,8677921.0807],[-13.5415,8677920.5947],[-13.4777,8677920.2627],[-13.0427,8677917.9109],[-12.6775,8677916.1703],[-12.2149,8677914.1379],[-12.1439,8677913.8155],[-11.5409,8677910.9971],[-11.1901,8677909.5657],[-10.8545,8677908.3053],[-10.2395,8677906.4077],[-10.1201,8677906.0291],[-9.4301,8677903.7791],[-9.2515,8677903.1689],[-8.6515,8677901.0189],[-8.6175,8677900.8961],[-8.0377,8677898.7761],[-8.0031,8677898.6493],[-7.8557,8677898.0717],[-7.3657,8677896.0517],[-7.1413,8677895.0347],[-6.8747,8677893.4193],[-6.7143,8677891.7899],[-6.6912,8677891.0853],[-6.6607,8677890.1535],[-6.6607,8677889.1333],[-6.5827,8677888.3351],[-6.3801,8677887.1849],[-6.2147,8677886.1093],[-6.1143,8677885.2259],[-6.0181,8677884.2197],[-5.8715,8677883.4931],[-5.4187,8677881.4051],[-5.3313,8677880.9847],[-5.2061,8677880.3065],[-5.0203,8677879.2173],[-4.8311,8677878.5085],[-4.1335,8677876.0569],[-3.7291,8677874.9761],[-3.4685,8677874.2459],[-3.3075,8677873.7551],[-2.9697,8677872.6883],[-2.5925,8677871.7545],[-1.8937,8677870.086],[-1.5435,8677869.2499],[-1.5051,8677869.1583],[-0.9285,8677867.6259],[-0.7395,8677867.0463],[-0.0395,8677864.8063],[0.2467,8677863.8191],[0.5653,8677862.4855],[0.9641,8677860.5859],[1.4313,8677858.4503],[1.5277,8677857.9895],[1.9775,8677855.7295],[1.9787,8677855.7247],[2.2453,8677854.1093],[2.3691,8677852.9677],[2.5551,8677850.7847],[2.8017,8677848.0029],[2.8457,8677847.4299],[2.8905,8677846.4643],[2.9605,8677843.8543],[2.9693,8677843.1835],[2.9475,8677842.1371],[2.8575,8677839.9871],[2.8421,8677839.6689],[2.7365,8677837.7339],[2.7283,8677837.3063],[2.9187,8677836.1969],[3.0587,8677835.2783],[3.3073,8677833.4187],[3.6917,8677830.7983],[5.3235,8677822.3679],[5.5653,8677820.8793],[5.7185,8677819.3575],[5.8767,8677817.0955],[6.4381,8677814.9159],[6.7485,8677813.5547],[6.9779,8677812.2119],[7.2679,8677810.1819],[7.3053,8677809.9093],[7.4233,8677808.8321],[7.6035,8677806.7821],[7.6459,8677806.2299],[7.6647,8677805.9085],[7.7747,8677803.8185],[7.8095,8677802.5035],[7.8017,8677801.8813],[7.7857,8677801.2407],[7.8459,8677800.8147],[8.2449,8677798.9687],[8.3287,8677798.5647],[8.5953,8677796.9493],[8.7561,8677795.3199],[8.7765,8677794.9649],[8.8965,8677792.6249],[8.9291,8677791.4687],[8.9355,8677790.1691],[8.9649,8677789.6913],[9.0679,8677789.4167],[9.8141,8677787.5191],[10.2215,8677786.4059],[10.4015,8677785.8545],[11.1647,8677783.4227],[11.6889,8677781.9565],[11.7579,8677781.7613],[12.4595,8677779.7469],[13.1433,8677777.8997],[13.3717,8677777.2559],[13.5953,8677776.5643],[14.3051,8677774.2543],[14.5569,8677773.3793],[14.6693,8677772.9445],[15.1891,8677770.8545],[15.3951,8677769.9555],[15.8153,8677767.9555],[15.8687,8677767.6947],[16.1353,8677766.0793],[16.2763,8677764.7243],[16.4563,8677762.3743],[16.4757,8677762.0999],[16.5293,8677760.4635],[16.4977,8677759.2045],[16.3677,8677756.6245],[16.3459,8677756.2471],[16.2981,8677755.6353],[16.0581,8677752.9753],[15.9453,8677751.9577],[15.7603,8677750.7729],[15.3262,8677748.3718],[15.2903,8677748.1729],[15.2697,8677748.0605],[14.9685,8677746.4349],[15.2619,8677745.3001],[15.5787,8677743.9147],[15.8453,8677742.2993],[16.0057,8677740.6699],[16.0595,8677739.0335],[16.0075,8677737.4227],[15.8475,8677734.9427],[15.8459,8677734.9171],[15.7809,8677734.1221],[15.9195,8677733.7301],[16.2091,8677732.8885],[16.7329,8677731.7951],[17.2849,8677730.5583],[17.7809,8677729.2597],[18.4609,8677727.3197],[18.5415,8677727.0859],[19.0169,8677725.5193],[19.2185,8677724.7135],[19.6885,8677722.6935],[19.8587,8677721.9047],[19.9989,8677721.1369],[20.4289,8677718.5569],[20.4439,8677718.4661],[20.8039,8677716.2561],[20.9153,8677715.4993],[21.0757,8677713.8699],[21.1293,8677712.2335],[21.0757,8677710.5971],[20.9153,8677708.9677],[20.8733,8677708.6629],[20.7123,8677707.5469],[21.3617,8677705.7287],[21.4915,8677705.3559],[21.9669,8677703.7893],[22.3387,8677702.1947],[22.3719,8677702.0237],[23.4313,8677696.4979],[23.8135,8677695.2049],[23.9869,8677694.5893],[24.1233,8677694.0569],[24.6833,8677691.7669],[24.7585,8677691.4495],[25.2079,8677689.5025],[25.6325,8677687.9009],[26.1683,8677686.0915],[26.1877,8677686.0261],[27.0677,8677683.0261],[27.2271,8677682.4593],[27.5987,8677680.8647],[27.8653,8677679.2493],[27.9265,8677678.7465],[28.1035,8677677.1515],[28.1253,8677677.0063],[28.5085,8677675.6845],[28.6469,8677675.1891],[29.0185,8677673.5947],[29.1029,8677673.1495],[29.5929,8677670.4295],[29.7755,8677669.2593],[29.9359,8677667.6299],[29.9893,8677665.9935],[29.9515,8677664.6175],[29.8213,8677662.2575],[29.8059,8677661.9971],[29.6455,8677660.3677],[29.5779,8677659.8913],[29.8197,8677658.9813],[30.0091,8677658.2209],[30.4099,8677656.4979],[30.4409,8677656.3823],[30.4985,8677656.2399],[31.1255,8677654.9551],[31.7549,8677653.5583],[32.3315,8677652.0259],[32.3861,8677651.8637],[33.1261,8677649.6337],[33.5469,8677648.2291],[33.9185,8677646.6347],[34.1263,8677645.4393],[34.4763,8677643.0893],[34.5353,8677642.6693],[34.6957,8677641.0399],[34.7047,8677640.8979],[34.7373,8677640.3537],[34.9925,8677639.4619],[35.1069,8677639.0493],[35.3923,8677637.8699],[35.8597,8677635.7117],[36.8911,8677630.9971],[37.2933,8677629.5517],[37.3569,8677629.3193],[37.5075,8677628.7287],[38.0375,8677626.5387],[38.1435,8677626.0811],[38.5331,8677624.3285],[39.0093,8677622.5331],[39.4337,8677621.0161],[39.7075,8677620.1111],[40.4205,8677618.2639],[40.6029,8677617.7765],[41.1911,8677616.1535],[41.8321,8677614.5743],[42.3417,8677613.2059],[42.4563,8677612.8597],[43.2063,8677610.5397],[43.5667,8677609.3191],[43.6521,8677608.9921],[44.1921,8677606.8621],[44.3607,8677606.1539],[44.8109,8677604.1339],[44.9287,8677603.5747],[45.0451,8677602.9475],[45.5351,8677600.1075],[45.5995,8677599.7161],[45.7943,8677598.4699],[46.0295,8677597.4879],[46.2387,8677596.5347],[46.3423,8677595.9811],[46.5351,8677594.8831],[46.7953,8677593.8679],[46.9427,8677593.2617],[47.4027,8677591.2617],[47.8629,8677589.2787],[48.4049,8677587.2073],[48.8203,8677585.7145],[49.3901,8677583.9241],[49.7167,8677582.8091],[50.0885,8677581.2147],[50.1241,8677581.0317],[50.3919,8677579.6317],[50.4259,8677579.4931],[50.5705,8677579.1145],[51.3691,8677577.0651],[52.0873,8677575.3073],[52.5162,8677574.2891],[55.2177,8677567.8755],[55.2747,8677567.7383],[55.8515,8677566.2059],[56.1759,8677565.1783],[56.7657,8677563.1583],[56.9169,8677562.6193],[56.9677,8677562.4265],[57.5177,8677560.3065],[57.8385,8677558.9047],[57.9847,8677558.1011],[58.3547,8677555.8611],[58.4753,8677555.0493],[58.6011,8677553.8817],[58.7713,8677551.8617],[58.8059,8677551.3999],[58.8495,8677550.4647],[58.9095,8677548.3247],[58.9193,8677547.6235],[58.9193,8677547.5457],[58.9099,8677544.4819],[58.911,8677544.3554],[58.9283,8677542.3749],[58.9295,8677542.1535],[58.9031,8677541.0071],[58.8955,8677540.8367],[58.9007,8677540.8115],[58.9291,8677540.6765],[59.0325,8677540.1827],[59.5497,8677538.9057],[60.0515,8677537.5559],[60.4125,8677536.4019],[61.0223,8677534.2719],[61.1367,8677533.8591],[61.2241,8677533.5281],[61.7933,8677531.2779],[62.0787,8677530.0147],[62.0855,8677529.9803],[62.4703,8677528.0315],[62.7309,8677527.1639],[62.9371,8677526.4391],[63.2859,8677524.9577],[63.5987,8677523.4219],[63.7995,8677522.6411],[64.2225,8677521.3051],[64.2463,8677521.2291],[64.9165,8677519.0891],[65.2069,8677518.0893],[65.4787,8677516.9723],[66.1387,8677513.9623],[66.2387,8677513.4847],[66.5053,8677511.8693],[66.6639,8677510.2679],[66.7401,8677509.1291],[66.8871,8677508.1909],[66.8929,8677508.1541],[67.2129,8677506.0941],[67.2953,8677505.5193],[67.3703,8677504.7584],[67.4559,8677503.8899],[67.5027,8677502.8249],[67.5859,8677499.1943],[68.6209,8677495.9037],[68.9215,8677494.8713],[69.2933,8677493.2767],[69.5599,8677491.6613],[69.7207,8677490.0319],[69.7741,8677488.4327],[69.7791,8677485.0061],[69.8051,8677483.6097],[69.7557,8677481.5071],[69.5953,8677479.8777],[69.3287,8677478.2623],[68.9569,8677476.6679],[68.6833,8677475.7219],[68.2733,8677474.4019],[68.0715,8677473.7811],[67.8919,8677473.2697],[67.8567,8677473.1379],[67.3817,8677471.5711],[66.8049,8677470.0389],[66.1291,8677468.5475],[65.6549,8677467.6337],[65.5453,8677467.1363],[65.1733,8677465.2767],[65.1335,8677465.0807],[64.7141,8677463.0673],[64.3565,8677461.2439],[63.9807,8677459.2621],[63.7217,8677457.8675],[63.6339,8677457.1925],[63.5357,8677455.8209],[63.4887,8677455.2537],[63.2887,8677453.1337],[63.1853,8677452.2177],[63.0783,8677451.4881],[62.7483,8677449.4481],[62.7056,8677449.2043],[62.6371,8677448.8127],[62.2171,8677446.5827],[62.1685,8677446.3323],[62.0939,8677445.9711],[61.9095,8677445.1106],[61.6739,8677444.0111],[61.3767,8677442.7779],[61.2213,8677442.2231],[60.6997,8677440.4415],[60.2721,8677438.7549],[60.1871,8677438.4279],[59.842,8677437.2911],[59.7115,8677436.8611],[59.1349,8677435.3289],[58.4591,8677433.8375],[58.0205,8677432.9889],[56.7415,8677428.4151],[56.0993,8677425.6255],[56.1281,8677423.9557],[56.3359,8677422.5161],[58.7915,8677416.8513],[60.8243,8677414.8869],[61.1311,8677414.5853],[62.2503,8677413.3903],[63.2893,8677412.1247],[64.2427,8677410.7939],[64.4126,8677410.5206],[65.1073,8677409.4035],[65.8791,8677407.9597],[66.5549,8677406.4683],[66.8771,8677405.6497],[72.4516,8677390.7283],[73.5708,8677387.7327],[76.8371,8677378.9897],[77.0917,8677378.2759],[77.5667,8677376.7091],[77.9385,8677375.1147],[78.2055,8677373.4993],[78.3059,8677372.6149],[79.7827,8677357.1677],[80.2507,8677352.2725],[81.1031,8677344.4103],[82.4865,8677335.8461],[85.4473,8677326.4958],[88.6421,8677316.4067],[88.9569,8677315.3291],[89.0375,8677315.0199],[91.8431,8677303.9871],[98.2037,8677290.5169],[98.5657,8677289.7139],[99.3783,8677287.8239],[99.6669,8677287.4083],[99.9221,8677287.0339],[100.7785,8677285.6577],[102.4381,8677282.7875],[102.4463,8677282.7733],[103.1413,8677281.4839],[104.5209,8677278.7339],[104.5375,8677278.7013],[105.9573,8677275.8613],[106.0177,8677275.7393],[106.6715,8677274.3009],[107.8511,8677271.4709],[107.8731,8677271.4181],[108.4501,8677269.8857],[108.9251,8677268.3189],[109.0621,8677267.7843],[109.9323,8677264.2243],[109.9351,8677264.2131],[110.6669,8677261.2133],[110.8345,8677260.4783],[111.3049,8677258.2621],[111.9273,8677256.0551],[112.7417,8677253.2485],[112.8811,8677252.7495],[112.9895,8677252.3303],[113.7903,8677249.1205],[114.0537,8677247.9451],[114.1917,8677247.1909],[114.7419,8677243.9009],[114.8705,8677243.0397],[114.9667,8677242.1995],[115.2669,8677239.1195],[115.3309,8677238.3303],[115.3681,8677237.5987],[115.4653,8677234.9117],[115.6425,8677232.1565],[115.8941,8677229.3351],[115.9391,8677228.7501],[115.9817,8677227.8541],[116.0515,8677225.5069],[116.2625,8677223.0271],[116.2709,8677222.9257],[116.5411,8677219.5957],[116.5693,8677219.2101],[116.6177,8677218.0799],[116.6869,8677214.6599],[116.6917,8677214.2913],[116.7105,8677210.8711],[116.7107,8677210.8065],[116.7195,8677207.7865],[116.7195,8677207.7135],[116.7195,8677207.6507],[116.7087,8677203.4307],[116.7079,8677203.2569],[116.6781,8677200.1069],[116.6451,8677199.0391],[116.4749,8677195.7791],[116.4713,8677195.7127],[116.2865,8677192.3441],[116.1391,8677189.2275],[116.0537,8677186.4837],[116.0273,8677183.7779],[116.0075,8677177.5355],[116.0075,8677176.2483],[116.0075,8677174.2465],[116.0491,8677171.5169],[116.1497,8677169.1153],[116.2825,8677167.2715],[116.5981,8677165.4553],[116.7115,8677164.7407],[117.3069,8677160.6083],[117.8567,8677157.8411],[117.9801,8677157.1741],[118.5091,8677154.0759],[119.0761,8677151.0229],[119.1329,8677150.7055],[119.5847,8677148.0859],[120.0215,8677146.0577],[120.8051,8677143.2351],[120.8641,8677143.0191],[120.8875,8677142.9307],[121.6603,8677140.0039],[122.4389,8677137.4403],[123.2937,8677134.8295],[123.3023,8677134.8039],[124.3761,8677131.5123],[125.3479,8677128.5767],[125.5849,8677127.8209],[126.5451,8677124.5807],[126.7231,8677123.9487],[126.7355,8677123.9029],[127.9853,8677119.2029],[128.1057,8677118.7321],[128.8393,8677115.7397],[129.4873,8677113.2633],[130.4147,8677110.4651],[130.8325,8677109.0687],[131.1143,8677107.9067],[131.8641,8677104.4567],[131.9541,8677104.0243],[132.2209,8677102.4089],[132.3813,8677100.7795],[132.4225,8677099.9271],[132.5227,8677096.7371],[132.5263,8677096.6103],[132.5829,8677094.4547],[132.8075,8677092.1843],[132.9631,8677090.8111],[133.2675,8677089.5117],[134.1111,8677086.5337],[134.2063,8677086.1891],[134.3633,8677085.5709],[135.0835,8677082.5809],[135.2979,8677081.6045],[135.4573,8677080.7201],[135.9573,8677077.6303],[135.9731,8677077.5319],[136.5331,8677073.9817],[136.5829,8677073.6521],[136.8695,8677071.6657],[137.3265,8677069.8437],[137.3789,8677069.6305],[138.1447,8677066.4619],[139.4851,8677061.1195],[140.2287,8677058.2345],[141.0039,8677055.4467],[141.0661,8677055.2193],[141.3363,8677054.1095],[141.9865,8677051.1493],[142.0523,8677050.8397],[142.4903,8677048.7169],[143.1831,8677046.3729],[143.3531,8677045.7689],[143.9847,8677043.4163],[144.7437,8677041.0799],[145.5797,8677038.6367],[146.2213,8677037.0713],[147.3145,8677034.9331],[147.4771,8677034.6095],[147.8351,8677033.8517],[149.2549,8677030.7117],[149.5725,8677029.9781],[150.1495,8677028.4457],[150.2614,8677028.0769],[150.6211,8677026.8917],[151.5609,8677023.3917],[151.5643,8677023.3789],[151.9361,8677021.7845],[152.0331,8677021.2693],[152.5807,8677018.1787],[153.1161,8677015.2229],[153.3027,8677014.0291],[153.4631,8677012.3997],[153.4999,8677011.6797],[153.6201,8677008.3997],[153.6369,8677007.5597],[153.6469,8677004.2797],[153.6469,8677004.2033],[153.6469,8677001.1509],[153.6759,8676997.8641],[153.6769,8676997.6433],[153.6769,8676997.5629],[153.6667,8676994.4583],[153.6571,8676990.9893],[153.6571,8676987.6559],[153.6849,8676984.6613],[153.7351,8676982.3351],[153.9605,8676979.6357],[153.9937,8676979.1897],[154.0467,8676977.7123],[154.0661,8676974.6565],[154.1141,8676971.7449],[154.1173,8676971.4165],[154.1271,8676968.4065],[154.1273,8676968.3233],[154.1273,8676964.9233],[154.1271,8676964.8629],[154.1177,8676960.8443],[154.1177,8676954.3933],[154.1175,8676954.3129],[154.1079,8676951.2941],[154.1079,8676948.5279],[154.1803,8676947.2385],[154.5079,8676944.8893],[154.5339,8676944.6991],[154.6297,8676943.8615],[154.9779,8676940.2911],[155.3595,8676937.9923],[155.4837,8676937.1591],[155.5425,8676936.6743],[155.8825,8676933.6343],[155.9269,8676933.2019],[156.2495,8676929.7835],[156.5245,8676927.0239],[157.0331,8676923.6019],[157.5695,8676920.2685],[157.5939,8676920.1141],[158.1021,8676916.8251],[158.6389,8676913.5947],[158.7087,8676913.1489],[159.0559,8676910.7997],[159.2369,8676909.9874],[159.3335,8676909.5539],[159.8651,8676907.8003],[160.6571,8676905.5017],[161.7579,8676902.4875],[161.9489,8676901.9457],[162.2969,8676900.8365],[163.0643,8676898.1759],[163.7863,8676895.9883],[164.7281,8676893.4829],[165.4373,8676891.9433],[166.6559,8676889.5479],[166.7955,8676889.2693],[167.1267,8676888.5705],[168.5563,8676885.4305],[168.8597,8676884.7365],[170.5995,8676880.5865],[170.6407,8676880.4879],[170.8797,8676879.8889],[172.4093,8676875.9089],[172.7469,8676874.9755],[172.8513,8676874.6613],[173.7921,8676871.7643],[174.6585,8676869.2511],[175.6715,8676866.4711],[175.8265,8676866.0333],[176.9363,8676862.8033],[176.9663,8676862.7155],[177.4417,8676861.1489],[177.6021,8676860.5177],[178.4019,8676857.1877],[178.6133,8676856.2243],[178.8803,8676854.6089],[178.9351,8676854.1591],[179.2749,8676851.1591],[179.3803,8676849.9795],[179.4339,8676848.3431],[179.4339,8676848.2677],[179.4239,8676845.0177],[179.4237,8676844.9333],[179.4037,8676841.8033],[179.3655,8676840.5753],[179.1957,8676837.5153],[179.1805,8676837.2667],[179.0201,8676835.6373],[178.8919,8676834.7791],[178.3421,8676831.4891],[178.2037,8676830.7319],[177.8319,8676829.1375],[177.8103,8676829.0575],[176.7107,8676825.0075],[176.2569,8676823.5207],[176.2263,8676823.4311],[175.2365,8676820.5511],[175.2199,8676820.5027],[174.6505,8676818.8573],[174.4561,8676817.9267],[174.1733,8676816.1205],[173.9761,8676814.3251],[173.8893,8676811.9209],[173.8523,8676811.1867],[173.8193,8676810.7453],[173.6491,8676808.7033],[173.6355,8676806.5253],[173.6349,8676806.4441],[173.6047,8676803.3043],[173.5994,8676803.1518],[178.3999,8676772.7552],[178.6105,8676772.4209],[178.8567,8676772.0221],[-179.4333,8676769.1921],[-179.1805,8676768.7637],[-178.9023,8676768.2689],[-177.2927,8676765.3289],[-176.7989,8676764.3799],[-176.2337,8676763.1505],[-174.8739,8676759.9703],[-174.7635,8676759.7083],[-174.4105,8676758.8069],[-173.2905,8676755.7769],[-173.0669,8676755.1459],[-172.6543,8676753.8083],[-171.8145,8676750.7883],[-171.7515,8676750.5593],[-171.3799,8676748.9647],[-171.3129,8676748.6149],[-170.6831,8676745.1949],[-170.4835,8676743.9293],[-170.4077,8676743.2903],[-170.0479,8676739.8803],[-169.9629,8676738.8899],[-169.9105,8676737.4769],[-169.8805,8676734.1169],[-169.8795,8676733.8935],[-169.8795,8676733.8163],[-169.8885,8676730.8521],[-169.8539,8676728.2383],[-169.7693,8676725.2391],[-169.7605,8676724.7797],[-169.7305,8676721.7297],[-169.7291,8676721.4841],[-169.7291,8676711.8741],[-169.7291,8676711.8039],[-169.7389,8676708.2501],[-169.7389,8676702.2139],[-169.7389,8676702.1321],[-169.7533,8676697.7415],[-166.8834,8676679.57],[-152.1204,8676564.849],[-151.1793,8676561.2881],[-150.8289,8676559.7749],[-150.7025,8676559.0891],[-150.1225,8676555.6791],[-149.9823,8676554.7495],[-149.9221,8676554.2543],[-149.6709,8676551.9999],[-149.3103,8676550.3737],[-148.5571,8676547.0769],[-148.4469,8676546.5705],[-147.7769,8676543.3305],[-147.7613,8676543.2549],[-147.0915,8676539.9647],[-147.0695,8676539.8547],[-146.9749,8676539.3519],[-146.2249,8676535.1321],[-146.0525,8676534.0189],[-145.7801,8676531.9483],[-145.3401,8676529.9903],[-144.6803,8676527.0603],[-144.5499,8676526.4449],[-144.4173,8676525.7233],[-143.8373,8676522.2831],[-143.8181,8676522.1677],[-143.2479,8676518.6877],[-143.1331,8676517.9093],[-143.0311,8676517.0083],[-142.7309,8676513.8483],[-142.6727,8676513.1199],[-142.6311,8676512.2601],[-142.5313,8676509.0401],[-142.5199,8676508.4787],[-142.507,8676506.9719],[-142.4901,8676504.9887],[-142.4889,8676504.7735],[-142.4889,8676501.4235],[-142.5067,8676500.4815],[-142.6265,8676497.3017],[-142.6573,8676496.6879],[-142.8573,8676493.4777],[-142.8625,8676493.3971],[-142.8687,8676493.3051],[-142.8845,8676493.0778],[-136.5492,8676443.8475],[-136.3399,8676443.4497],[-136.0119,8676442.7581],[-134.6223,8676439.7081],[-134.2743,8676438.9083],[-134.2317,8676438.8043],[-133.0025,8676435.7989],[-131.8115,8676432.9349],[-130.2641,8676429.3037],[-130.1651,8676429.0683],[-129.7761,8676428.0691],[-128.4663,8676424.4791],[-128.2787,8676423.9459],[-127.8033,8676422.3793],[-127.4315,8676420.7847],[-127.3813,8676420.5245],[-126.8213,8676417.5445],[-126.6049,8676416.1893],[-126.4863,8676415.1057],[-126.1963,8676411.7957],[-126.1547,8676411.2499],[-126.1027,8676409.9025],[-126.0625,8676406.4225],[-126.0609,8676406.1335],[-126.0609,8676403.0335],[-126.0609,8676402.9633],[-126.0705,8676399.5797],[-126.0431,8676397.2065],[-125.7917,8676394.2661],[-125.7541,8676393.7699],[-125.7031,8676392.4753],[-125.6543,8676388.9207],[-125.5937,8676386.1727],[-125.3813,8676383.6817],[-125.3791,8676383.6563],[-125.1175,8676380.5541],[-124.8195,8676377.6303],[-124.7439,8676376.7299],[-124.7079,8676376.0225],[-124.6023,8676373.1839],[-124.3899,8676370.0917],[-124.1449,8676367.0637],[-123.8349,8676364.0811],[-123.8235,8676363.9699],[-123.4601,8676360.3161],[-123.0793,8676356.7133],[-123.0457,8676356.3749],[-122.7459,8676353.1149],[-122.7135,8676352.7283],[-122.4333,8676349.0583],[-122.4141,8676348.7899],[-122.3615,8676347.3531],[-122.3317,8676343.6173],[-122.3307,8676343.4193],[-122.3307,8676340.1163],[-122.3119,8676337.1845],[-122.2657,8676334.2693],[-122.0539,8676331.5085],[-122.0341,8676331.2299],[-122.0235,8676330.9705],[-118.4686,8676303.346],[-118.4317,8676303.2721],[-118.3809,8676303.1697],[-117.9649,8676302.2827],[-117.6735,8676301.6285],[-117.1597,8676301.0603],[-116.1209,8676299.7947],[-115.9547,8676299.5755],[-114.3347,8676297.4155],[-113.5473,8676296.3039],[-112.6825,8676294.9135],[-111.9109,8676293.4697],[-111.8007,8676293.2433],[-109.3107,8676288.0633],[-108.7451,8676286.7983],[-108.1685,8676285.2659],[-107.6931,8676283.6993],[-107.3213,8676282.1047],[-107.1139,8676280.9109],[-106.6637,8676277.8909],[-106.6045,8676277.4693],[-106.4849,8676276.3745],[-106.2679,8676273.8807],[-105.9395,8676271.4705],[-105.9247,8676271.3593],[-105.7905,8676270.0887],[-105.7715,8676269.8543],[-105.7033,8676269.6343],[-105.4331,8676268.6993],[-105.0611,8676267.1047],[-104.8755,8676266.0531],[-104.4155,8676263.0831],[-104.3969,8676262.9611],[-104.0581,8676260.7001],[-103.5817,8676258.5085],[-103.4915,8676258.0747],[-103.2525,8676256.6641],[-102.8593,8676253.8561],[-102.4671,8676251.4299],[-101.9601,8676248.6953],[-101.8899,8676248.2997],[-101.4109,8676245.4641],[-100.8963,8676242.6747],[-100.6947,8676241.3993],[-100.6327,8676240.8877],[-100.2927,8676237.8177],[-100.2055,8676236.8635],[-99.9853,8676233.8135],[-99.9809,8676233.7491],[-99.7837,8676230.9143],[-99.6631,8676229.4863],[-99.3385,8676227.8993],[-99.3115,8676227.7647],[-99.1773,8676227.0343],[-98.6375,8676223.8243],[-98.5047,8676222.9393],[-98.4331,8676222.3391],[-98.1655,8676219.8431],[-97.7953,8676217.4531],[-97.7147,8676216.8893],[-97.6765,8676216.5851],[-97.3167,8676213.5651],[-97.1977,8676212.2945],[-96.9925,8676209.2639],[-96.7783,8676206.3411],[-96.5521,8676203.2845],[-96.3151,8676200.2249],[-96.2943,8676199.9299],[-96.2747,8676199.5957],[-96.1145,8676196.5257],[-96.0807,8676195.2235],[-96.0941,8676194.4009],[-96.1913,8676191.4463],[-96.2607,8676188.7173],[-96.2607,8676186.3563],[-96.1931,8676184.0819],[-96.0163,8676181.1671],[-95.9707,8676179.6535],[-96.0121,8676178.2125],[-96.1345,8676176.0911],[-96.1005,8676174.5759],[-95.9243,8676172.1061],[-95.9141,8676171.9599],[-95.8607,8676170.3235],[-95.9141,8676168.6871],[-95.9145,8676168.6811],[-96.0073,8676167.2719],[-95.7483,8676166.5459],[-95.2729,8676164.9793],[-94.9013,8676163.3847],[-94.7633,8676162.6299],[-94.2533,8676159.5799],[-94.1247,8676158.7193],[-93.9643,8676157.0899],[-93.9107,8676155.4535],[-93.9643,8676153.8171],[-94.1247,8676152.1877],[-94.3913,8676150.5723],[-94.4245,8676150.4089],[-94.2713,8676148.7063],[-94.2243,8676148.0999],[-94.2115,8676147.8955],[-94.0799,8676145.5981],[-93.8455,8676143.7281],[-93.5821,8676141.9917],[-93.1203,8676139.9709],[-92.9713,8676139.2747],[-92.7533,8676138.0107],[-92.4095,8676135.6569],[-91.9383,8676133.3773],[-91.9015,8676133.1947],[-91.9,8676133.1871],[-91.8975,8676133.1751],[-91.3007,8676130.1625],[-90.6945,8676127.2467],[-90.6513,8676127.0347],[-90.4899,8676126.1375],[-89.9899,8676123.0375],[-89.9025,8676122.4525],[-89.5391,8676119.8019],[-89.0847,8676117.0479],[-88.9861,8676116.3977],[-88.6713,8676114.1189],[-88.2229,8676111.8921],[-88.2115,8676111.8347],[-87.9759,8676110.4475],[-87.5359,8676107.3275],[-87.5047,8676107.0993],[-87.3607,8676105.7027],[-87.1305,8676102.6327],[-87.1139,8676102.3999],[-87.0607,8676100.7635],[-87.0689,8676100.1181],[-87.1489,8676097.0181],[-87.1941,8676096.0271],[-87.3545,8676094.3977],[-87.6215,8676092.7823],[-87.6783,8676092.5051],[-87.7671,8676092.0827],[-87.6623,8676089.5651],[-87.6505,8676089.2247],[-87.5873,8676086.9755],[-87.3681,8676084.8927],[-87.3115,8676084.2847],[-87.0615,8676081.1847],[-87.0573,8676081.1299],[-86.8187,8676078.0877],[-86.6175,8676075.5723],[-86.3379,8676073.3915],[-85.9203,8676070.6043],[-85.6349,8676068.7295],[-85.1771,8676066.9101],[-84.9015,8676065.6847],[-84.6347,8676064.0693],[-84.5235,8676063.0687],[-84.2433,8676059.9887],[-84.2157,8676059.6611],[-83.9777,8676056.5967],[-83.7399,8676053.6121],[-83.7335,8676053.5299],[-83.5055,8676050.5511],[-83.2703,8676047.6087],[-83.2443,8676047.2499],[-83.1989,8676046.2569],[-83.1189,8676043.1469],[-83.1641,8676040.8671],[-83.2609,8676039.7671],[-83.2905,8676039.4953],[-83.2585,8676039.3645],[-83.0113,8676038.2547],[-82.7447,8676036.6393],[-82.5839,8676035.0099],[-82.5307,8676033.3735],[-82.5369,8676032.8113],[-81.7019,8676025.2503],[-81.6041,8676024.1399],[-81.5507,8676022.5683],[-81.5425,8676019.3393],[-81.4127,8676016.9277],[-81.2479,8676014.3109],[-81.0713,8676013.1335],[-80.5911,8676010.8837],[-80.5215,8676010.5447],[-80.2971,8676009.2361],[-79.8571,8676006.1861],[-79.8147,8676005.8793],[-79.8017,8676005.7783],[-79.4239,8676002.8169],[-79.0843,8676000.1847],[-78.7419,8675998.1237],[-78.1031,8675995.1243],[-77.4513,8675992.2515],[-77.3111,8675991.5947],[-77.0901,8675990.3079],[-76.6403,8675987.2079],[-76.6165,8675987.0403],[-76.3461,8675985.0844],[-76.1865,8675983.9303],[-76.1801,8675983.8841],[-75.7725,8675980.8961],[-75.3621,8675978.0411],[-75.0811,8675976.2785],[-74.6945,8675974.7219],[-73.9261,8675972.0373],[-73.8781,8675971.8667],[-73.7115,8675971.2683],[-73.0481,8675968.8867],[-72.9831,8675968.6491],[-72.8051,8675967.9437],[-72.2439,8675965.5755],[-71.7877,8675964.0533],[-70.9875,8675961.8843],[-70.7685,8675961.2659],[-70.4915,8675960.3981],[-69.6369,8675957.5431],[-68.9962,8675955.4577],[-68.9489,8675955.3037],[-68.1703,8675953.1611],[-67.2431,8675950.7745],[-66.4057,8675949.0153],[-66.0369,8675948.2617],[-65.4245,8675947.4107],[-64.9271,8675946.6939],[-64.3187,8675945.7367],[-62.6985,8675943.0567],[-62.4427,8675942.6235],[-61.6709,8675941.1797],[-60.9951,8675939.6883],[-60.4815,8675938.3234],[-60.4185,8675938.1559],[-60.1139,8675937.1959],[-59.2639,8675934.3159],[-59.0929,8675933.7093],[-58.7213,8675932.1147],[-58.5037,8675930.8525],[-58.0637,8675927.8425],[-58.0145,8675927.4893],[-57.8541,8675925.8599],[-57.8069,8675924.7795],[-57.7367,8675921.6295],[-57.7843,8675919.4371],[-57.9447,8675917.8077],[-58.2115,8675916.1923],[-58.2801,8675915.8593],[-47.6515,8675697.2603],[-42.8775,8675599.0717],[-40.4875,8675549.9174],[-38.6701,8675512.5387],[-38.6407,8675511.3235],[-38.6941,8675509.6871],[-38.8545,8675508.0577],[-39.1215,8675506.4423],[-39.3255,8675505.5097],[-39.7456,8675503.7513],[-40.0255,8675502.5797],[-40.1931,8675501.9179],[-40.6685,8675500.3511],[-40.8611,8675499.8047],[-46.9558,8675483.1293],[-47.1069,8675482.7158],[-68.1601,8675425.1131],[-68.0875,8675424.5365],[-67.9441,8675423.0399],[-67.8971,8675421.9739],[-67.8271,8675418.9039],[-67.8205,8675418.3335],[-67.8205,8675412.1335],[-67.8209,8675412.0515],[-67.8401,8675406.1415],[-67.8025,8675403.0695],[-67.8007,8675402.8093],[-67.7905,8675397.3493],[-67.7905,8675397.3035],[-67.7905,8675394.2935],[-67.7957,8675393.7999],[-67.8557,8675390.7599],[-67.8761,8675390.1247],[-67.9997,8675387.3837],[-68.0719,8675383.0431],[-68.0909,8675379.8337],[-68.1187,8675370.8881],[-67.9821,8675368.0573],[-67.7159,8675365.8193],[-67.5943,8675364.4999],[-67.5825,8675364.3105],[-67.3925,8675361.0305],[-67.3575,8675360.1653],[-67.2775,8675356.7253],[-67.2771,8675356.7083],[-67.2179,8675354.0995],[-67.0865,8675351.9727],[-66.8407,8675349.4749],[-66.4737,8675346.2747],[-66.3971,8675345.5013],[-66.1471,8675342.5013],[-66.1139,8675342.0599],[-66.0767,8675341.3195],[-65.9665,8675338.2495],[-65.9507,8675337.3535],[-65.9507,8675330.8035],[-65.9511,8675330.6537],[-65.9598,8675329.1972],[-65.9709,8675327.3419],[-65.9807,8675324.3023],[-65.9827,8675324.0679],[-66.0227,8675320.8979],[-66.0265,8675320.6715],[-66.0319,8675320.4203],[-65.2151,8675317.8829],[-64.8631,8675316.6893],[-64.4915,8675315.0947],[-64.2245,8675313.4793],[-64.1801,8675313.1201],[-63.7801,8675309.7001],[-63.6641,8675308.4299],[-63.6107,8675306.7935],[-63.6107,8675303.6635],[-63.6641,8675302.0271],[-63.7503,8675301.0235],[-64.0803,8675297.9135],[-64.1041,8675297.6973],[-64.3481,8675295.5757],[-64.3751,8675294.5431],[-64.2957,8675292.8819],[-64.0387,8675290.5327],[-63.9491,8675289.5223],[-63.7191,8675286.1623],[-63.7143,8675286.0899],[-63.6627,8675284.7763],[-63.6229,8675281.6801],[-63.6045,8675280.3045],[-63.0247,8675278.8735],[-61.8203,8675276.0443],[-61.7251,8675275.8183],[-61.1485,8675274.2859],[-60.8057,8675273.1951],[-59.8657,8675269.9451],[-59.7331,8675269.4693],[-59.3613,8675267.8747],[-59.0947,8675266.2593],[-59.0565,8675265.9547],[-58.6465,8675262.5147],[-58.5243,8675261.1899],[-58.4733,8675259.9139],[-58.4033,8675255.0539],[-58.4007,8675254.6935],[-58.4007,8675251.7153],[-58.3823,8675248.8371],[-58.3159,8675245.5497],[-58.3107,8675245.0435],[-58.3107,8675241.8735],[-58.3109,8675241.7969],[-58.3209,8675238.5495],[-58.3307,8675233.7119],[-58.3311,8675233.6017],[-58.3513,8675230.5117],[-58.3549,8675230.2089],[-58.4129,8675227.0863],[-58.4411,8675224.1977],[-58.4607,8675219.7877],[-58.4707,8675216.6765],[-58.5009,8675206.5693],[-58.5009,8675206.5613],[-58.5207,8675200.5017],[-58.5207,8675197.2665],[-58.5127,8675193.5005],[-58.3877,8675192.0691],[-58.0391,8675189.5031],[-57.6181,8675186.6591],[-57.2259,8675184.0559],[-56.6829,8675181.2395],[-56.6761,8675181.2033],[-55.8459,8675176.8633],[-55.7603,8675176.3911],[-55.1605,8675172.8911],[-55.0717,8675172.3355],[-54.5979,8675169.1429],[-54.1593,8675166.4585],[-53.5731,8675163.1867],[-53.3947,8675162.0393],[-53.3917,8675162.0165],[-52.9917,8675158.9565],[-52.8343,8675157.3499],[-52.8259,8675157.2167],[-52.5817,8675153.1589],[-52.4051,8675150.9839],[-52.0497,8675148.3227],[-51.5821,8675144.9535],[-51.1405,8675141.8509],[-51.1045,8675141.5893],[-51.0041,8675140.7027],[-50.6841,8675137.3527],[-50.6241,8675136.6099],[-50.5705,8675134.9735],[-50.5753,8675134.4971],[-50.6551,8675130.2971],[-50.7043,8675129.1371],[-50.8647,8675127.5077],[-51.0145,8675126.5225],[-51.5645,8675123.3325],[-51.5857,8675123.2105],[-52.1085,8675120.2653],[-52.5263,8675117.3059],[-52.5321,8675117.2651],[-53.0023,8675113.9751],[-53.0135,8675113.8965],[-53.3903,8675111.3167],[-53.5769,8675109.5395],[-53.6645,8675107.5033],[-53.7389,8675104.6023],[-53.7495,8675104.2705],[-53.8751,8675101.0425],[-53.9633,8675098.0357],[-53.9909,8675094.3561],[-53.9997,8675091.5165],[-53.9489,8675088.9059],[-53.8447,8675085.8021],[-53.8325,8675085.2641],[-53.7925,8675081.9341],[-53.7905,8675081.6335],[-53.7905,8675078.3635],[-53.7907,8675078.2821],[-53.8003,8675075.2799],[-53.7913,8675070.5331],[-53.7031,8675067.7575],[-53.6933,8675067.3229],[-53.6433,8675063.8429],[-53.6407,8675063.5619],[-53.6317,8675060.6783],[-53.5535,8675057.8425],[-53.4409,8675054.8435],[-53.3043,8675051.6309],[-53.1655,8675048.5045],[-53.1619,8675048.4199],[-53.0265,8675045.1261],[-52.9123,8675042.8215],[-52.6535,8675040.5977],[-52.2361,8675037.6393],[-52.2047,8675037.4093],[-52.0629,8675036.0453],[-51.7231,8675031.5853],[-51.7043,8675031.3199],[-51.6511,8675029.8361],[-51.6311,8675026.5561],[-51.6305,8675026.4035],[-51.6485,8675025.4587],[-51.7785,8675022.0187],[-51.7849,8675021.8667],[-51.9749,8675017.5367],[-51.9803,8675017.4145],[-52.1403,8675014.1345],[-52.1593,8675013.7929],[-52.3693,8675010.4329],[-52.3741,8675010.3571],[-52.4247,8675009.7141],[-52.7147,8675006.5441],[-52.8245,8675005.5577],[-52.8401,8675005.4431],[-53.2215,8675002.6447],[-53.2707,8675002.2675],[-53.2747,8675002.2377],[-53.4925,8675000.8743],[-54.1027,8674997.6343],[-54.1513,8674997.3823],[-54.5167,8674995.8123],[-55.3867,8674992.5523],[-55.3931,8674992.5279],[-55.5061,8674992.1201],[-56.1783,8674989.7713],[-56.5081,8674988.2211],[-56.8871,8674985.4643],[-57.0957,8674983.1917],[-57.3401,8674979.9195],[-57.3623,8674979.6445],[-57.6223,8674976.6145],[-57.6463,8674976.3505],[-57.9585,8674973.1149],[-58.1349,8674970.9565],[-58.1825,8674968.9483],[-58.1319,8674967.0347],[-57.9425,8674965.8269],[-57.4401,8674963.2991],[-57.3259,8674962.6829],[-56.8057,8674959.6729],[-56.6547,8674958.6795],[-56.2349,8674955.4895],[-56.0741,8674953.8599],[-56.0529,8674953.4941],[-55.8729,8674949.9541],[-55.8407,8674948.6835],[-55.8407,8674945.5235],[-55.8435,8674945.1479],[-55.8935,8674941.8179],[-55.9441,8674940.5571],[-55.9961,8674939.8987],[-56.2761,8674936.8587],[-56.3689,8674936.0105],[-56.7589,8674932.9305],[-56.7747,8674932.8077],[-56.7755,8674932.8017],[-57.2055,8674929.5417],[-57.3671,8674928.4901],[-57.9671,8674925.0701],[-58.0713,8674924.5123],[-58.3375,8674923.3253],[-59.0677,8674920.4053],[-59.1731,8674919.9979],[-59.6286,8674918.4967],[-59.6485,8674918.4311],[-60.1411,8674917.1045],[-61.4011,8674913.9845],[-61.4849,8674913.7789],[-62.1609,8674912.2875],[-62.9325,8674910.8435],[-62.9863,8674910.7513],[-64.7063,8674907.8013],[-65.1037,8674907.1429],[-66.9539,8674904.1829],[-67.0995,8674903.9525],[-68.5357,8674901.7093],[-68.5401,8674901.7013],[-68.7545,8674898.7075],[-68.8245,8674897.9089],[-69.1745,8674894.5389],[-69.2547,8674893.8577],[-69.3317,8674893.3191],[-69.7903,8674890.3375],[-70.2349,8674887.4343],[-70.5955,8674884.4009],[-70.6347,8674884.0877],[-70.7505,8674883.3035],[-71.2707,8674880.1335],[-71.4213,8674879.3023],[-71.6841,8674878.1299],[-72.6541,8674874.2399],[-72.7515,8674873.8613],[-73.2103,8674872.1359],[-73.3029,8674871.5027],[-73.3519,8674870.0777],[-73.3607,8674867.1331],[-73.3607,8674863.2647],[-72.1869,8674861.4223],[-70.4961,8674858.9259],[-70.4073,8674858.7939],[-69.5427,8674857.4035],[-69.4575,8674857.2547],[-67.4175,8674853.6647],[-66.7309,8674852.3695],[-66.0553,8674850.8783],[-65.7287,8674850.0483],[-64.5387,8674846.8583],[-64.2885,8674846.1559],[-63.8133,8674844.5891],[-63.6605,8674843.9895],[-62.9405,8674841.0095],[-62.7215,8674840.0147],[-62.5359,8674838.9663],[-62.0261,8674835.6763],[-61.9447,8674835.1093],[-61.9107,8674834.8389],[-61.5005,8674831.4389],[-61.4643,8674831.1201],[-61.1243,8674827.9601],[-61.1215,8674827.9347],[-60.7385,8674824.3411],[-60.3783,8674821.1481],[-60.3047,8674820.3941],[-60.0547,8674817.3541],[-60.0243,8674816.9399],[-60.0097,8674816.6995],[-59.8197,8674813.2995],[-59.8069,8674813.0493],[-59.6475,8674809.5705],[-59.5485,8674807.4541],[-59.0909,8674804.0399],[-58.6035,8674800.8239],[-58.5347,8674800.3393],[-58.3907,8674798.9447],[-58.1507,8674795.7447],[-58.1341,8674795.5099],[-58.0821,8674794.1485],[-58.0321,8674789.5985],[-58.0307,8674789.3235],[-58.0471,8674788.4199],[-58.1671,8674785.0999],[-58.2043,8674784.3671],[-58.3647,8674782.7377],[-58.4539,8674782.1205],[-58.9737,8674778.8105],[-59.1515,8674777.8123],[-59.3285,8674776.9935],[-60.0587,8674773.8735],[-60.2531,8674773.0979],[-60.7285,8674771.5311],[-61.1699,8674770.3319],[-61.3025,8674769.9981],[-61.0959,8674768.9953],[-61.0615,8674768.8247],[-60.7945,8674767.2093],[-60.7525,8674766.8703],[-60.2625,8674762.7103],[-60.1443,8674761.4199],[-60.1215,8674761.0247],[-59.9715,8674758.0047],[-59.9485,8674757.3909],[-59.8687,8674754.2009],[-59.8607,8674753.5735],[-59.8607,8674750.1935],[-59.8607,8674750.1197],[-59.8709,8674746.7297],[-59.8711,8674746.6533],[-59.8911,8674743.3233],[-59.9057,8674742.6063],[-60.0857,8674737.4163],[-60.1139,8674736.8143],[-60.3139,8674733.4143],[-60.3241,8674733.2471],[-60.4287,8674732.0765],[-60.7787,8674728.9765],[-60.8347,8674728.5177],[-60.8353,8674728.5133],[-61.1897,8674725.8241],[-61.4585,8674723.0661],[-61.5301,8674722.4201],[-61.9101,8674719.3501],[-61.9347,8674719.1577],[-62.2013,8674717.5423],[-62.5733,8674715.9479],[-62.9405,8674714.7067],[-63.8905,8674711.7767],[-63.9983,8674711.4511],[-64.5749,8674709.9189],[-65.2509,8674708.4275],[-65.5911,8674707.7625],[-65.1785,8674706.6359],[-64.7429,8674705.2153],[-63.8729,8674702.0453],[-63.8331,8674701.8993],[-63.4615,8674700.3047],[-63.1947,8674698.6893],[-63.0343,8674697.0599],[-62.9807,8674695.4235],[-63.0343,8674693.7871],[-63.1209,8674692.7785],[-63.4409,8674689.7685],[-63.5145,8674689.1477],[-63.7813,8674687.5323],[-64.1529,8674685.9379],[-64.6283,8674684.3711],[-65.2049,8674682.8387],[-65.4307,8674682.3113],[-66.5207,8674679.8419],[-67.0797,8674678.1467],[-67.1485,8674677.9411],[-67.7251,8674676.4089],[-68.3667,8674674.9871],[-68.7331,8674674.2379],[-68.7743,8674673.3971],[-68.9347,8674671.7677],[-69.0817,8674670.7977],[-69.3617,8674669.1677],[-69.4813,8674668.5223],[-69.7409,8674667.3621],[-69.4989,8674665.9053],[-69.3289,8674664.6553],[-69.3147,8674664.5493],[-69.1857,8674663.3443],[-69.0857,8674662.1343],[-69.0539,8674661.7099],[-69.0247,8674661.1723],[-68.8247,8674656.6223],[-68.8007,8674655.5235],[-68.8177,8674654.5975],[-68.8571,8674653.5381],[-68.9365,8674651.2985],[-68.9431,8674651.1243],[-68.9879,8674650.0647],[-69.0641,8674647.7437],[-69.0701,8674647.5793],[-69.1175,8674646.3671],[-69.2657,8674642.1053],[-69.2701,8674641.9893],[-69.3201,8674640.7193],[-69.3541,8674640.0671],[-69.4011,8674639.4653],[-69.5509,8674637.7953],[-69.6645,8674636.7677],[-69.6843,8674636.6209],[-69.8745,8674635.2409],[-70.1215,8674633.7723],[-70.1933,8674633.4239],[-70.4735,8674632.1139],[-70.7035,8674631.1341],[-71.0135,8674629.9241],[-71.0833,8674629.6579],[-71.1223,8674629.5143],[-71.4323,8674628.3843],[-71.5673,8674627.9099],[-71.7635,8674627.2459],[-71.9301,8674626.5857],[-72.0229,8674626.2279],[-72.2727,8674625.3595],[-72.8517,8674623.4737],[-73.2999,8674621.7475],[-73.5153,8674620.8929],[-73.5261,8674620.8199],[-73.5817,8674620.4383],[-73.6237,8674619.9685],[-73.7299,8674618.7141],[-73.7403,8674618.5919],[-73.8603,8674617.2519],[-73.9745,8674616.2177],[-74.0157,8674615.9203],[-74.0843,8674615.4417],[-74.1977,8674613.8087],[-74.2873,8674611.7387],[-74.3223,8674610.5941],[-74.3299,8674610.3793],[-74.3801,8674609.1093],[-74.4141,8674608.4571],[-74.4867,8674607.5849],[-74.6167,8674606.2949],[-74.7047,8674605.5377],[-74.9713,8674603.9223],[-75.3429,8674602.3279],[-75.5103,8674601.7337],[-75.8903,8674600.4437],[-75.9413,8674600.2731],[-76.2031,8674599.4071],[-76.3817,8674598.7311],[-76.5825,8674597.8245],[-76.5983,8674597.7533],[-76.7443,8674597.1017],[-76.8181,8674596.7273],[-76.8519,8674596.2651],[-76.7473,8674595.5797],[-76.7009,8674595.2613],[-76.5261,8674594.0099],[-76.3521,8674592.7919],[-76.3147,8674592.5193],[-76.3097,8674592.4809],[-76.1497,8674591.2509],[-76.0749,8674590.6117],[-75.9449,8674589.3617],[-75.8639,8674588.4099],[-75.8115,8674586.9645],[-75.7713,8674581.7245],[-75.7707,8674581.5335],[-75.7913,8674580.5201],[-75.8513,8674579.0401],[-75.8841,8674578.4171],[-76.0015,8674577.1361],[-76.2661,8674574.8811],[-76.3187,8674574.3527],[-76.3501,8674573.9605],[-76.3943,8674573.0763],[-76.4387,8674571.9065],[-76.4409,8674571.8455],[-76.4745,8674571.0143],[-76.2949,8674568.0017],[-76.2823,8674567.7735],[-76.2223,8674566.5835],[-76.2021,8674566.0861],[-76.1523,8674564.4461],[-76.1407,8674563.6835],[-76.1413,8674563.5133],[-76.1507,8674562.1315],[-76.1507,8674561.2035],[-76.1519,8674560.9697],[-76.1619,8674559.8997],[-76.1649,8674559.6745],[-76.1847,8674558.5845],[-76.1891,8674558.3911],[-76.2191,8674557.2411],[-76.2335,8674556.8253],[-76.2785,8674555.7695],[-76.3545,8674553.4901],[-76.3567,8674553.4225],[-76.3849,8674552.6389],[-76.4217,8674548.9259],[-76.4283,8674548.5585],[-76.4583,8674547.3385],[-76.4615,8674547.2179],[-76.5415,8674544.4979],[-76.5485,8674544.2901],[-76.6273,8674542.2027],[-76.6753,8674540.7973],[-76.6803,8674540.6635],[-76.7193,8674539.6763],[-76.7577,8674538.6573],[-76.7965,8674537.5903],[-76.8353,8674536.4847],[-76.8747,8674535.3131],[-76.9141,8674534.5171],[-76.9173,8674534.4707],[-77.2173,8674530.0207],[-77.3703,8674528.4719],[-77.6479,8674526.3409],[-77.7201,8674525.6845],[-77.8297,8674524.6121],[-77.9253,8674523.4941],[-78.0265,8674522.2175],[-78.1227,8674520.9845],[-78.3603,8674517.2511],[-78.5381,8674512.4985],[-78.5417,8674512.4061],[-78.5991,8674511.0127],[-78.6861,8674508.5411],[-78.6875,8674508.5061],[-78.7273,8674507.4161],[-78.7299,8674507.3531],[-78.8083,8674505.3521],[-78.8307,8674504.7381],[-78.8307,8674503.0735],[-78.8317,8674502.8441],[-78.8419,8674501.7541],[-78.8521,8674501.2333],[-78.8819,8674500.2333],[-78.8877,8674500.0575],[-78.9279,8674498.9775],[-78.9333,8674498.8353],[-78.9777,8674497.8019],[-79.0127,8674496.6951],[-79.0517,8674495.3825],[-79.0559,8674495.2493],[-79.1059,8674493.8193],[-79.1099,8674493.7103],[-79.1779,8674491.9829],[-79.3549,8674486.9057],[-79.3947,8674485.7231],[-79.4011,8674485.5555],[-79.4469,8674484.4151],[-79.4837,8674483.2769],[-79.4895,8674483.1145],[-79.5391,8674481.8309],[-79.5847,8674480.6199],[-79.6225,8674479.3941],[-79.6287,8674479.2165],[-79.6787,8674477.8965],[-79.6811,8674477.8273],[-79.7269,8674476.7049],[-79.7833,8674474.9355],[-79.7869,8674474.8307],[-79.9165,8674471.2437],[-80.0163,8674468.4337],[-80.0183,8674468.3837],[-80.0655,8674467.1293],[-80.1037,8674465.9469],[-80.1129,8674465.7033],[-80.1583,8674464.6181],[-80.1945,8674463.5613],[-80.2335,8674462.3433],[-80.2411,8674462.1273],[-80.2913,8674460.8973],[-80.3241,8674460.2771],[-80.4369,8674459.0331],[-80.7869,8674456.0131],[-80.8347,8674455.6277],[-81.1015,8674454.0123],[-81.3419,8674452.9293],[-81.5099,8674452.2441],[-81.5835,8674451.8935],[-81.6789,8674451.3309],[-81.7287,8674450.8765],[-81.7945,8674450.3277],[-82.0615,8674448.7123],[-82.4333,8674447.1179],[-82.5341,8674446.7523],[-83.0941,8674444.7823],[-83.4685,8674443.5811],[-84.0451,8674442.0489],[-84.7209,8674440.5575],[-85.2779,8674439.4929],[-86.8081,8674436.7329],[-87.0227,8674436.3535],[-87.8873,8674434.9631],[-88.8409,8674433.6323],[-89.8797,8674432.3667],[-90.1311,8674432.0843],[-90.0785,8674431.9503],[-89.6785,8674430.8559],[-89.5865,8674430.5799],[-89.2667,8674429.5999],[-88.8831,8674428.3093],[-88.5113,8674426.7147],[-88.3773,8674425.9843],[-88.1973,8674424.9143],[-88.0647,8674424.0293],[-87.9043,8674422.3999],[-87.8505,8674420.7635],[-87.8577,8674420.1715],[-87.8977,8674418.4815],[-87.9063,8674418.1869],[-87.9379,8674417.2957],[-87.9311,8674416.1871],[-87.9839,8674414.3971],[-88.0271,8674413.8391],[-88.1671,8674412.2491],[-88.2847,8674411.1777],[-88.4109,8674410.3303],[-88.4189,8674410.2827],[-88.4289,8674410.0735],[-88.4543,8674409.6271],[-88.4671,8674409.4411],[-88.5971,8674407.6611],[-88.6623,8674406.9193],[-88.7551,8674406.0197],[-88.8031,8674404.8855],[-88.8067,8674404.8023],[-88.8905,8674402.9637],[-88.9151,8674401.5457],[-88.8765,8674400.0297],[-88.8155,8674398.8149],[-88.7349,8674398.0387],[-88.4993,8674396.5605],[-88.2525,8674395.1375],[-87.8907,8674393.6525],[-87.7691,8674393.1275],[-87.2591,8674390.8175],[-87.1515,8674390.3047],[-86.9641,8674389.2439],[-86.6041,8674386.9139],[-86.5247,8674386.3593],[-86.4661,8674385.8783],[-86.1861,8674383.3783],[-86.0843,8674382.2299],[-86.0673,8674381.9465],[-85.9317,8674379.4441],[-85.8379,8674378.2051],[-85.6341,8674376.9091],[-85.5445,8674376.2893],[-85.4509,8674375.4727],[-85.2237,8674373.1641],[-84.9845,8674370.9665],[-84.7215,8674368.8053],[-84.4237,8674366.6829],[-84.4207,8674366.6613],[-84.1209,8674364.5113],[-84.0947,8674364.3193],[-83.9909,8674363.3993],[-83.7997,8674361.3687],[-83.5313,8674358.9357],[-83.4889,8674358.5199],[-83.2491,8674355.9499],[-83.1941,8674355.2599],[-83.1911,8674355.2107],[-83.0409,8674352.8507],[-82.9907,8674351.2635],[-82.9915,8674351.0459],[-83.0117,8674348.7459],[-83.0213,8674348.2341],[-83.0821,8674346.1469],[-83.0909,8674344.0019],[-83.1195,8674342.9021],[-83.2197,8674340.8221],[-83.2443,8674340.3871],[-83.2609,8674340.1493],[-83.4209,8674338.0193],[-83.5363,8674336.8525],[-83.7761,8674334.8925],[-83.8047,8674334.6677],[-83.8845,8674334.1111],[-84.1451,8674332.4249],[-84.2915,8674331.2329],[-84.3849,8674329.8149],[-84.4113,8674329.4583],[-84.5711,8674327.4683],[-84.7047,8674326.2077],[-84.8743,8674325.1093],[-85.1843,8674323.3593],[-85.2815,8674322.8423],[-85.2985,8674322.7571],[-85.6187,8674321.1771],[-85.8675,8674320.0753],[-86.6587,8674316.9105],[-86.6547,8674316.8793],[-86.5695,8674316.1487],[-86.4593,8674315.0687],[-86.3841,8674314.1699],[-86.3307,8674312.5335],[-86.3841,8674310.8971],[-86.4755,8674309.8443],[-86.5955,8674308.7343],[-86.6645,8674308.1577],[-86.9315,8674306.5423],[-87.3031,8674304.9479],[-87.3259,8674304.8643],[-87.3057,8674304.4851],[-87.2359,8674302.9251],[-87.2107,8674301.8035],[-87.2107,8674299.9335],[-87.2643,8674298.2971],[-87.3745,8674297.0765],[-87.5745,8674295.3365],[-87.6247,8674294.9277],[-87.6349,8674294.8503],[-87.8751,8674293.0703],[-87.9431,8674292.5999],[-88.2531,8674290.5899],[-88.4415,8674289.5223],[-88.5161,8674289.1611],[-88.9361,8674287.2011],[-88.9701,8674287.0445],[-89.3701,8674285.2345],[-89.6333,8674284.1579],[-89.8115,8674283.5257],[-90.3715,8674281.6357],[-90.6125,8674280.8679],[-91.2287,8674279.0097],[-91.0825,8674278.4095],[-90.8703,8674277.4587],[-90.4765,8674275.5185],[-90.0861,8674273.6959],[-90.0113,8674273.3347],[-89.7769,8674271.9555],[-89.5069,8674270.0455],[-89.4745,8674269.8093],[-89.3141,8674268.1799],[-89.2609,8674266.6753],[-89.2509,8674264.7753],[-89.3043,8674263.0071],[-89.3977,8674261.9347],[-89.6179,8674259.9147],[-89.6847,8674259.3577],[-89.9513,8674257.7423],[-90.2671,8674256.3609],[-90.7971,8674254.3109],[-90.8531,8674254.0979],[-91.2845,8674252.6615],[-91.9809,8674250.5727],[-92.5877,8674248.7231],[-92.6685,8674248.4811],[-93.2451,8674246.9489],[-93.2575,8674246.9189],[-93.6581,8674245.9555],[-93.9633,8674245.0447],[-94.4917,8674243.3785],[-94.6485,8674242.9011],[-95.2251,8674241.3689],[-95.4477,8674240.8479],[-95.9589,8674239.6889],[-96.3429,8674238.7161],[-96.8839,8674237.1875],[-97.3551,8674235.9589],[-97.4243,8674235.7937],[-97.5027,8674235.6081],[-97.7139,8674234.6385],[-97.9115,8674233.8007],[-98.2461,8674232.4839],[-98.4083,8674231.7163],[-98.6331,8674230.2603],[-98.7589,8674229.5177],[-99.1089,8674227.6277],[-99.1713,8674227.3023],[-99.2551,8674226.8991],[-99.6851,8674224.9091],[-99.9473,8674223.8153],[-100.3997,8674222.0993],[-100.7279,8674220.6159],[-101.0605,8674218.9247],[-101.1931,8674218.0857],[-101.2729,8674217.0621],[-101.4119,8674214.8929],[-101.4141,8674214.8571],[-101.4297,8674214.6345],[-101.6197,8674212.0845],[-101.7259,8674210.9859],[-102.0261,8674208.4659],[-102.0647,8674208.1577],[-102.2561,8674206.9377],[-102.6461,8674204.7977],[-102.7215,8674204.4023],[-102.7401,8674204.3101],[-103.0667,8674202.6991],[-103.3447,8674200.9607],[-103.5113,8674200.0323],[-103.6443,8674199.4059],[-104.1543,8674197.1459],[-104.3931,8674196.1779],[-104.8683,8674194.6111],[-105.0239,8674194.1667],[-105.7739,8674192.0867],[-105.7877,8674192.0491],[-106.5775,8674189.8691],[-106.9849,8674188.8187],[-107.6609,8674187.3275],[-107.7459,8674187.1569],[-108.4317,8674185.7925],[-108.8559,8674184.8385],[-109.5255,8674183.1731],[-109.6251,8674182.9289],[-109.8313,8674182.4457],[-110.6153,8674180.6597],[-111.0417,8674179.6243],[-111.2295,8674179.0707],[-111.2671,8674178.7639],[-111.2945,8674178.5477],[-111.3459,8674178.1789],[-111.7057,8674175.7297],[-112.0439,8674173.3341],[-112.3239,8674171.1519],[-112.3347,8674171.0677],[-112.3563,8674170.9071],[-112.6469,8674168.8057],[-112.9491,8674166.5337],[-113.1971,8674165.0251],[-113.6671,8674162.6251],[-113.6811,8674162.5523],[-114.0531,8674160.9579],[-114.0589,8674160.9363],[-114.6529,8674158.7271],[-115.1577,8674156.7365],[-115.2431,8674156.4079],[-115.7185,8674154.8411],[-115.7329,8674154.7985],[-116.4329,8674152.7485],[-116.9953,8674151.2589],[-117.3137,8674150.5233],[-118.2139,8674148.5333],[-118.5709,8674147.7775],[-118.8263,8674147.2737],[-119.9165,8674145.1837],[-120.2609,8674144.5457],[-121.3509,8674142.5957],[-121.4817,8674142.3649],[-122.5417,8674140.5149],[-122.5827,8674140.4435],[-122.7017,8674140.2397],[-123.8817,8674138.2397],[-124.6273,8674137.0533],[-125.5807,8674135.7223],[-125.8355,8674135.3963],[-126.3133,8674134.7945],[-126.7671,8674133.9207],[-126.9743,8674133.5303],[-127.0105,8674133.4639],[-127.0069,8674133.2255],[-126.9471,8674131.5705],[-126.9843,8674129.0271],[-127.0099,8674128.6729],[-127.1801,8674126.5429],[-127.3147,8674125.2677],[-127.5637,8674123.7419],[-127.6247,8674123.4287],[-127.6227,8674123.3669],[-127.5111,8674121.1077],[-127.4843,8674120.3049],[-127.4445,8674117.9849],[-127.4405,8674117.5535],[-127.4545,8674116.7239],[-127.5149,8674114.9039],[-127.5269,8674113.7175],[-127.4893,8674112.4129],[-127.3845,8674110.3915],[-127.3823,8674110.3535],[-127.2807,8674108.3387],[-127.1579,8674106.7995],[-126.9897,8674105.0823],[-126.9239,8674104.2799],[-126.9099,8674104.0443],[-126.7899,8674101.9043],[-126.7509,8674100.6109],[-126.7409,8674098.2809],[-126.7941,8674096.5371],[-126.9369,8674095.0453],[-127.2469,8674092.5853],[-127.2645,8674092.4477],[-127.3881,8674091.6183],[-127.6333,8674090.1397],[-127.5883,8674089.9631],[-127.3141,8674088.7677],[-126.9843,8674087.1477],[-126.9615,8674087.0347],[-126.6947,8674085.4193],[-126.5993,8674084.5865],[-126.4293,8674082.8465],[-126.3643,8674082.0499],[-126.3233,8674081.2099],[-126.2733,8674079.6399],[-126.2607,8674078.8435],[-126.2733,8674078.0471],[-126.3233,8674076.4771],[-126.3643,8674075.6371],[-126.5247,8674074.0077],[-126.7913,8674072.3923],[-126.8895,8674071.9225],[-127.2595,8674070.2325],[-127.4231,8674069.5333],[-127.1811,8674068.4447],[-127.0139,8674067.5107],[-126.7439,8674065.8207],[-126.6447,8674065.1393],[-126.4843,8674063.5099],[-126.4307,8674061.8735],[-126.4843,8674060.2371],[-126.4995,8674060.0201],[-126.6295,8674058.2701],[-126.6613,8674057.8835],[-126.8211,8674056.1035],[-126.9347,8674055.0777],[-126.9901,8674054.6823],[-127.2401,8674052.9923],[-127.4513,8674051.7723],[-127.8231,8674050.1779],[-128.2867,8674048.6459],[-128.3317,8674048.2483],[-128.5651,8674046.0903],[-128.8043,8674043.8663],[-128.8747,8674043.2777],[-129.1413,8674041.6623],[-129.2625,8674041.0885],[-129.6825,8674039.2085],[-129.9331,8674038.1879],[-130.0087,8674037.9125],[-130.5185,8674036.0925],[-130.9185,8674034.8011],[-130.9509,8674034.7065],[-131.6007,8674032.8165],[-131.9931,8674031.7547],[-132.8429,8674029.6047],[-132.9951,8674029.2287],[-133.6709,8674027.7375],[-133.7103,8674027.6575],[-134.7403,8674025.5875],[-135.3401,8674024.4559],[-135.3487,8674024.3937],[-135.4735,8674023.5769],[-135.8107,8674021.5901],[-135.8643,8674019.9071],[-135.9105,8674019.3115],[-139.0469,8673984.2954],[-140.5905,8673967.0615],[-140.7047,8673966.0277],[-140.9713,8673964.4123],[-141.3429,8673962.8179],[-141.8185,8673961.2511],[-142.3951,8673959.7189],[-143.0709,8673958.2275],[-143.8427,8673956.7835],[-144.7071,8673955.3931],[-145.6609,8673954.0623],[-146.4957,8673953.0323],[-147.1335,8673952.2865],[-147.6507,8673951.2471],[-148.3827,8673949.8835],[-148.3925,8673949.8669],[-149.1829,8673948.5001],[-149.8941,8673947.1335],[-150.8295,8673945.2949],[-151.1859,8673944.5423],[-151.6261,8673943.2173],[-151.6731,8673943.0769],[-152.5131,8673940.5969],[-152.5185,8673940.5811],[-152.7385,8673939.9599],[-153.3263,8673938.3665],[-153.7151,8673937.0677],[-154.2793,8673934.6955],[-154.4531,8673934.0079],[-154.5569,8673933.6327],[-155.2271,8673931.2781],[-155.6963,8673929.3577],[-156.1169,8673927.4745],[-156.5121,8673924.9519],[-156.6039,8673924.4055],[-157.1439,8673921.3955],[-157.1803,8673921.1969],[-157.6703,8673918.5869],[-157.7215,8673918.3223],[-157.7299,8673918.2807],[-158.3197,8673915.3407],[-158.6041,8673914.0903],[-159.4343,8673910.8303],[-159.5131,8673910.5279],[-159.9445,8673909.0915],[-160.8845,8673906.2715],[-160.9285,8673906.1411],[-161.1175,8673905.6045],[-161.8899,8673903.4885],[-162.5723,8673901.3301],[-163.4319,8673898.3867],[-164.1009,8673896.0917],[-164.5089,8673894.3459],[-164.9167,8673892.2001],[-165.2847,8673889.5721],[-165.6435,8673886.6733],[-165.9155,8673884.1241],[-166.1345,8673881.0659],[-166.2595,8673879.7845],[-166.6995,8673876.2245],[-166.7245,8673876.0277],[-166.9911,8673874.4123],[-167.1345,8673873.7419],[-167.6707,8673871.3847],[-167.9283,8673869.8017],[-168.1371,8673867.2957],[-168.2645,8673866.1077],[-168.3163,8673865.7377],[-168.7863,8673862.5377],[-169.0013,8673861.2923],[-169.1289,8673860.6903],[-169.7713,8673857.8301],[-170.3877,8673854.6065],[-171.0561,8673851.0289],[-171.1115,8673850.7423],[-171.2229,8673850.2119],[-171.6981,8673848.0673],[-171.8523,8673846.8633],[-171.9307,8673844.8487],[-171.9307,8673842.3345],[-171.8513,8673839.5873],[-171.8407,8673838.8635],[-171.8411,8673838.7123],[-171.8613,8673835.4023],[-171.9141,8673833.9171],[-172.0503,8673832.4785],[-172.4503,8673829.2485],[-172.4745,8673829.0577],[-172.7415,8673827.4423],[-172.7567,8673827.3665],[-173.3267,8673824.5465],[-173.4343,8673824.0409],[-174.0351,8673821.3541],[-174.6125,8673818.4865],[-174.9733,8673816.9479],[-175.0077,8673816.8205],[-175.8477,8673813.7505],[-176.1541,8673812.7189],[-176.4665,8673811.7435],[-176.6363,8673810.6485],[-176.6493,8673810.5649],[-177.1395,8673807.4749],[-177.3111,8673806.5123],[-177.6075,8673805.2073],[-178.3473,8673802.3073],[-178.4231,8673802.0179],[-178.6865,8673801.1049],[-179.4469,8673798.6449],[179.7875,8673795.9341],[179.6231,8673795.3755],[178.8203,8673792.7663],[178.1683,8673790.1581],[177.4613,8673787.2721],[177.3269,8673786.7479],[177.2957,8673786.6331],[176.8109,8673784.8569],[176.4147,8673782.6811],[176.3969,8673782.5855],[175.8069,8673779.4155],[175.7487,8673779.1123],[175.6661,8673778.7151],[175.0877,8673776.0345],[174.5179,8673773.2863],[173.9269,8673770.2555],[173.9085,8673770.1623],[173.7633,8673769.4815],[173.1885,8673766.9605],[172.9273,8673765.5197],[172.7037,8673763.2693],[172.4009,8673760.0275],[172.3111,8673759.2105],[171.9211,8673756.1305],[171.9053,8673756.0077],[171.8761,8673755.7933],[171.5487,8673753.4621],[171.3309,8673750.9467],[171.1235,8673748.0917],[171.0873,8673747.6459],[170.8971,8673745.5479],[170.8641,8673743.8591],[170.9143,8673741.1433],[170.9743,8673738.1907],[170.9793,8673737.6835],[170.9715,8673737.0605],[170.9015,8673734.2505],[170.8901,8673733.8963],[170.7749,8673730.9447],[170.6783,8673727.6759],[170.6357,8673726.7771],[170.6123,8673726.4527],[170.3623,8673723.2727],[170.2253,8673721.9677],[170.1913,8673721.7191],[169.7813,8673718.8291],[169.7365,8673718.5271],[169.2897,8673715.6315],[168.8745,8673712.5987],[168.5209,8673709.8083],[168.5053,8673709.6877],[168.3251,8673708.5287],[167.8651,8673705.9687],[167.7787,8673705.5123],[167.6839,8673705.0585],[167.1499,8673702.6117],[166.7899,8673700.9095],[166.6823,8673700.3337],[166.6339,8673699.6653],[166.5797,8673699.0279],[166.4695,8673697.9079],[166.4529,8673697.7457],[166.2347,8673695.6625],[166.0829,8673693.9383],[165.9653,8673692.8677],[165.9183,8673692.5279],[165.6499,8673690.6865],[165.4559,8673689.1679],[165.3113,8673687.4475],[165.2643,8673686.9469],[165.0243,8673684.6469],[164.9453,8673683.9777],[164.9317,8673683.8755],[164.5715,8673681.2255],[164.5055,8673680.7699],[164.0555,8673677.8599],[163.8687,8673676.8023],[163.7861,8673676.4051],[163.1863,8673673.6251],[162.8969,8673672.4279],[162.8813,8673672.3707],[162.3623,8673670.4507],[161.8759,8673668.2901],[161.2439,8673665.3411],[161.1343,8673664.8529],[160.4143,8673661.7929],[160.3011,8673661.3323],[159.9175,8673659.8299],[159.6777,8673658.1847],[159.6693,8673658.1269],[159.2293,8673655.1569],[159.0187,8673653.9423],[158.6469,8673652.3479],[158.5977,8673652.1675],[157.7477,8673649.0875],[157.3215,8673647.7011],[157.0523,8673646.9479],[156.2593,8673644.8363],[155.9233,8673643.8563],[155.5385,8673642.2665],[154.8785,8673639.4075],[154.8553,8673639.3081],[154.2253,8673636.6281],[154.1371,8673636.2643],[153.5573,8673633.9535],[153.1159,8673631.9121],[152.6651,8673629.2999],[152.5487,8673628.6723],[152.5331,8673628.5957],[151.9731,8673625.8257],[151.8253,8673625.1437],[151.3999,8673623.3045],[151.0791,8673621.4271],[150.6227,8673618.4381],[150.5689,8673618.1003],[150.1455,8673615.5597],[149.8355,8673613.1453],[149.8253,8673613.0677],[149.7423,8673612.4895],[149.2323,8673609.2095],[149.2159,8673609.1063],[148.7449,8673606.1577],[148.4619,8673603.8759],[148.1541,8673601.2123],[148.1321,8673601.0285],[147.7423,8673597.8585],[147.7153,8673597.6477],[147.6117,8673596.9393],[147.1227,8673593.8993],[146.8659,8673592.1821],[146.7615,8673590.8381],[146.6643,8673588.3507],[146.5671,8673585.2345],[146.5631,8673585.1077],[146.4631,8673582.3477],[146.4259,8673581.6171],[146.4209,8673581.5451],[146.2409,8673578.9151],[146.2007,8673578.4029],[145.9305,8673575.3729],[145.8699,8673574.7719],[145.4997,8673571.5119],[145.4453,8673571.0677],[145.4027,8673570.7595],[145.0135,8673568.0625],[144.7419,8673565.9195],[144.5277,8673563.2737],[144.4363,8673562.3563],[144.0663,8673559.2263],[144.0255,8673558.8977],[143.9135,8673558.1393],[143.5197,8673555.7223],[143.2039,8673553.4633],[142.8641,8673550.6077],[142.8253,8673550.2977],[142.8219,8673550.2719],[142.3919,8673547.0319],[142.3673,8673546.8509],[141.9971,8673544.2109],[141.8225,8673543.1351],[141.3911,8673540.8015],[141.0769,8673539.0565],[140.8831,8673537.3579],[140.7319,8673535.1297],[140.5753,8673533.5577],[140.5359,8673533.2709],[140.1859,8673530.8309],[139.9587,8673529.5023],[139.6983,8673528.3387],[139.2719,8673526.6259],[138.9507,8673524.8939],[138.5595,8673522.3455],[138.3951,8673521.3979],[137.8851,8673518.7579],[137.8587,8673518.6223],[137.7759,8673518.2231],[137.2057,8673515.5831],[137.1205,8673515.2031],[136.4007,8673512.1031],[136.1967,8673511.2879],[136.1275,8673511.0349],[135.2675,8673507.9549],[134.8615,8673506.6411],[134.4605,8673505.5441],[133.5303,8673503.1741],[133.3549,8673502.7389],[132.7877,8673501.4705],[132.3081,8673500.4733],[132.2357,8673500.2889],[131.8451,8673499.0919],[131.7517,8673498.8111],[131.5895,8673498.3487],[131.0165,8673496.7633],[130.4229,8673495.0881],[130.3313,8673494.8339],[129.6313,8673492.9239],[129.5155,8673492.6137],[128.9353,8673491.0937],[128.6747,8673490.4389],[127.9991,8673488.9475],[127.2273,8673487.5035],[126.6195,8673486.5051],[126.4327,8673485.9723],[126.0097,8673484.8515],[125.2803,8673483.0507],[125.2503,8673482.8037],[125.0003,8673480.8337],[124.9855,8673480.7177],[124.7343,8673479.1817],[124.2943,8673476.9317],[124.2785,8673476.8523],[124.0511,8673475.8225],[123.4311,8673473.2725],[123.3923,8673473.1153],[122.7723,8673470.6353],[122.6669,8673470.2279],[122.4767,8673469.5565],[121.8567,8673467.4765],[121.5715,8673466.5811],[121.2759,8673465.7575],[120.9971,8673465.0217],[120.8605,8673464.5141],[120.6751,8673463.8603],[89.1423,8673358.1707],[86.709,8673345.8946],[82.9735,8673327.0488],[77.2329,8673298.0867],[73.0357,8673240.0267],[71.1455,8673200.8505],[74.9745,8673137.0217],[74.9657,8673133.8871],[74.8053,8673132.2577],[74.5385,8673130.6423],[74.4087,8673130.0295],[68.6469,8673104.4315],[68.3987,8673102.9523],[68.2193,8673102.1243],[68.0693,8673101.4843],[67.9823,8673101.1253],[67.8123,8673100.4453],[67.7069,8673100.0379],[67.5967,8673099.6401],[67.3965,8673098.9401],[67.0315,8673097.7711],[66.9089,8673097.4189],[66.6703,8673096.7487],[66.4201,8673096.0345],[66.3717,8673095.8985],[66.1217,8673095.1985],[65.8659,8673094.5133],[65.9053,8673093.3171],[65.9115,8673093.1089],[65.9417,8673091.9089],[65.9425,8673091.8653],[65.9695,8673090.7103],[66.0053,8673089.6441],[66.0077,8673089.5671],[66.0475,8673088.2661],[66.0847,8673087.0733],[66.1263,8673085.9493],[66.1781,8673084.9129],[66.2029,8673084.2277],[66.2311,8673082.9805],[66.2669,8673081.7537],[66.3063,8673080.5467],[66.3187,8673079.772],[66.3193,8673079.7335],[66.3193,8673078.4935],[66.2657,8673076.8571],[66.1581,8673075.6587],[66.0281,8673074.5187],[65.9901,8673074.2017],[65.9887,8673074.1905],[65.9973,8673073.5143],[65.9995,8673073.1935],[65.9985,8673072.9933],[65.9909,8673072.0245],[66.0067,8673070.9387],[66.0085,8673070.7603],[66.0165,8673069.7021],[66.0483,8673068.6401],[66.0509,8673068.5405],[66.0809,8673067.3805],[66.0815,8673067.3537],[66.1117,8673066.1437],[66.1183,8673065.7321],[66.1285,8673064.5321],[66.1293,8673064.3235],[66.1285,8673064.1059],[66.1203,8673063.1661],[66.1285,8673062.1937],[66.1293,8673061.9835],[66.1293,8673061.0229],[66.1383,8673060.0795],[66.1393,8673059.8435],[66.1355,8673059.4047],[66.1195,8673058.4813],[66.1195,8673057.8813],[66.1535,8673056.9265],[66.1599,8673056.7283],[66.1897,8673055.6483],[66.1985,8673055.1587],[66.2085,8673053.9387],[66.2095,8673053.7335],[66.1861,8673052.6561],[66.1469,8673051.7437],[66.1227,8673050.6963],[66.1177,8673050.5099],[66.0863,8673049.4827],[66.0801,8673048.7355],[66.0881,8673047.7115],[66.1039,8673046.6505],[66.1361,8673045.5519],[66.1733,8673044.5065],[66.1753,8673044.4541],[66.2151,8673043.2641],[66.2293,8673042.4235],[66.2293,8673041.2035],[66.1759,8673039.5671],[66.1469,8673039.1717],[66.0367,8673037.8217],[65.9053,8673036.5877],[65.8351,8673036.0937],[65.6675,8673034.9895],[65.6219,8673034.6649],[65.5799,8673034.1707],[65.5517,8673033.8595],[65.4641,8673032.9591],[65.3821,8673031.9195],[65.2563,8673030.7019],[65.1239,8673029.6687],[65.0761,8673029.2579],[65.0559,8673028.9465],[65.0177,8673028.0319],[64.9857,8673027.4371],[64.9445,8673026.8975],[64.8345,8673025.6375],[64.7485,8673024.8121],[64.5063,8673022.8065],[64.4313,8673021.9627],[64.3993,8673021.6257],[64.2693,8673020.3557],[64.2485,8673020.1621],[64.1087,8673018.8921],[64.0453,8673018.3677],[63.9809,8673017.9113],[63.9393,8673017.6349],[63.9393,8673016.7035],[63.9161,8673015.6261],[63.8661,8673014.4661],[63.8399,8673013.9689],[63.7729,8673012.9093],[63.7177,8673011.9621],[63.6809,8673011.1243],[63.6451,8673010.0631],[63.6059,8673009.2671],[63.5729,8673008.8257],[63.5067,8673008.0277],[63.5067,8673008.0181],[63.5269,8673007.2209],[63.5433,8673006.8065],[63.5739,8673006.4809],[63.6885,8673005.4047],[63.7757,8673004.3899],[63.8037,8673003.8897],[63.8637,8673002.5697],[63.8833,8673001.9853],[63.9433,8672999.2653],[63.9493,8672998.7135],[63.9461,8672998.3067],[63.9261,8672997.0767],[63.9111,8672996.5293],[63.8261,8672994.2987],[63.8189,8672993.2673],[63.8157,8672993.0267],[63.7959,8672991.8267],[63.7459,8672990.6071],[63.7315,8672990.4029],[63.6415,8672989.1829],[63.6369,8672989.1207],[63.6039,8672988.6887],[63.6029,8672988.6177],[63.6159,8672987.8305],[63.6195,8672987.4135],[63.6035,8672986.5205],[63.5635,8672985.4005],[63.5565,8672985.2253],[63.5381,8672984.7945],[63.5429,8672984.5149],[63.5763,8672983.4703],[63.5855,8672983.0987],[63.6057,8672981.9487],[63.6093,8672981.5135],[63.5917,8672980.5789],[63.5519,8672979.5089],[63.5157,8672978.8071],[63.3553,8672977.1777],[63.3457,8672977.1055],[63.3405,8672977.0679],[63.3465,8672976.3695],[63.3703,8672975.4895],[63.3785,8672975.0293],[63.3885,8672973.8693],[63.3893,8672973.6535],[63.3893,8672971.6209],[63.4161,8672970.7967],[63.4211,8672970.6249],[63.4511,8672969.4549],[63.4585,8672969.0221],[63.4685,8672967.8221],[63.4693,8672967.6135],[63.4385,8672966.3745],[63.3785,8672965.1645],[63.3559,8672964.7671],[63.3437,8672964.5923],[63.2539,8672963.3523],[63.1635,8672962.3751],[63.0433,8672961.3051],[63.0061,8672960.9903],[62.8919,8672960.0763],[62.7839,8672959.0789],[62.7713,8672958.9665],[62.6313,8672957.7265],[62.5753,8672957.2677],[62.3985,8672956.1283],[62.3077,8672955.6215],[62.3157,8672955.1611],[62.3193,8672954.7335],[62.2987,8672953.7173],[62.2487,8672952.4873],[62.2157,8672951.8671],[62.1451,8672951.0139],[62.0351,8672949.9139],[61.9591,8672949.2447],[61.8193,8672948.1447],[61.8053,8672948.0377],[61.7203,8672947.4479],[61.5505,8672946.3579],[61.4749,8672945.9005],[61.2649,8672944.7005],[61.1585,8672944.1323],[61.1535,8672944.1067],[60.9035,8672942.8567],[60.5367,8672941.2879],[60.4605,8672941.0091],[60.1809,8672940.0125],[60.1701,8672939.9723],[60.1903,8672939.1531],[60.2273,8672937.9021],[60.2669,8672936.6575],[60.2759,8672936.2737],[60.2959,8672935.0537],[60.2993,8672934.6435],[60.2987,8672934.4425],[60.2785,8672931.9525],[60.2731,8672931.5977],[60.2431,8672930.2477],[60.1957,8672929.1671],[60.1357,8672928.4213],[60.0257,8672927.2713],[59.9255,8672926.3877],[59.9045,8672926.2349],[59.7447,8672925.0749],[59.5017,8672923.6275],[59.2715,8672922.4675],[59.2685,8672922.4523],[59.0815,8672921.5919],[58.8637,8672920.6677],[58.6587,8672919.6879],[58.3369,8672918.3379],[58.1537,8672917.6895],[57.8537,8672916.6795],[57.5617,8672915.7611],[57.5437,8672915.7089],[57.5585,8672915.6347],[57.6011,8672915.4157],[57.8211,8672914.2557],[58.0453,8672912.8593],[58.1715,8672911.6887],[58.2715,8672910.4987],[58.2969,8672910.1705],[58.3769,8672909.0405],[58.3857,8672908.9099],[58.4135,8672908.4097],[58.4635,8672907.3097],[58.4893,8672906.1735],[58.4851,8672905.7145],[58.4651,8672904.6245],[58.4223,8672903.5501],[58.3523,8672902.4101],[58.3457,8672902.3071],[58.3269,8672902.0407],[58.2369,8672900.8607],[58.1365,8672899.8271],[58.0635,8672899.2087],[58.0565,8672898.9449],[58.0491,8672898.1331],[58.0403,8672897.6633],[58.0257,8672897.1373],[58.0179,8672896.3783],[57.9695,8672895.0565],[57.9095,8672894.1065],[57.9057,8672894.0471],[57.8979,8672893.9321],[57.8575,8672893.3547],[57.8719,8672892.7537],[57.8727,8672892.7163],[57.9027,8672891.4063],[57.9093,8672890.8335],[57.9055,8672890.3965],[57.8655,8672888.1065],[57.8329,8672887.1931],[57.7729,8672886.0831],[57.7557,8672885.7971],[57.6787,8672884.8807],[57.5587,8672883.7107],[57.4753,8672882.9977],[57.2085,8672881.3823],[57.0299,8672880.5575],[56.7699,8672879.4475],[56.5769,8672878.6779],[56.4313,8672878.1569],[55.8311,8672876.0969],[55.5017,8672875.0511],[55.4317,8672874.8481],[55.1313,8672873.9875],[55.0829,8672873.8411],[54.9649,8672873.3955],[54.9469,8672873.3279],[54.9179,8672873.2203],[54.6657,8672872.2955],[54.7271,8672871.5673],[54.8069,8672870.8195],[54.9303,8672869.8709],[55.0711,8672868.4919],[55.1709,8672867.1419],[55.1859,8672866.9299],[55.2283,8672866.0345],[55.2683,8672864.6845],[55.2693,8672864.6481],[55.3095,8672863.2281],[55.3127,8672863.1007],[55.3423,8672861.8099],[55.3723,8672860.5591],[55.3785,8672860.1575],[55.3885,8672858.8675],[55.3893,8672858.6735],[55.3803,8672857.9975],[55.3401,8672856.5175],[55.2957,8672855.5571],[55.2721,8672855.2295],[55.1721,8672853.9595],[55.0863,8672853.0711],[54.9463,8672851.8511],[54.9101,8672851.5517],[54.8011,8672850.6939],[54.7365,8672850.0057],[54.6667,8672849.0249],[54.5523,8672847.8209],[54.4121,8672846.6509],[54.3753,8672846.3577],[54.3225,8672845.9777],[54.1325,8672844.6877],[53.9709,8672843.7227],[53.8735,8672843.2037],[53.7989,8672842.6025],[53.7755,8672842.4177],[53.6815,8672841.7707],[53.4915,8672840.5707],[53.4323,8672840.2129],[53.2121,8672838.9429],[53.0987,8672838.3323],[53.0855,8672838.2671],[52.8457,8672837.0771],[52.7651,8672836.6933],[52.4749,8672835.3633],[52.3689,8672834.8985],[52.0811,8672833.6897],[51.8431,8672832.6711],[51.7523,8672832.2953],[51.4823,8672831.2153],[51.3771,8672830.8079],[50.9015,8672829.2411],[50.6459,8672828.5243],[50.4837,8672828.0905],[50.2759,8672827.5343],[49.9547,8672826.7189],[49.9483,8672826.7025],[49.9351,8672826.5625],[49.8595,8672825.8487],[49.6895,8672824.4387],[49.6553,8672824.1677],[49.5079,8672823.1953],[49.3323,8672822.1743],[49.1711,8672821.1029],[49.1137,8672820.7391],[48.8905,8672819.3885],[48.6719,8672818.0305],[48.5089,8672817.1223],[48.4801,8672816.9809],[48.4153,8672816.6645],[48.2021,8672814.3703],[48.0953,8672813.4177],[47.9575,8672812.5025],[47.8239,8672811.7125],[47.7249,8672810.9923],[47.5801,8672809.8517],[47.5653,8672809.7377],[47.5421,8672809.5665],[47.3521,8672808.1965],[47.1347,8672806.8857],[46.9049,8672805.6957],[46.8785,8672805.5623],[46.6789,8672804.6485],[46.4289,8672803.5985],[46.3489,8672803.2719],[46.1295,8672802.4025],[46.0797,8672802.1895],[45.9877,8672801.6553],[45.9209,8672801.2827],[45.7109,8672800.1627],[45.6589,8672799.8923],[45.3215,8672798.4293],[45.0517,8672797.3993],[45.0169,8672797.2679],[44.5415,8672795.7011],[44.0437,8672794.3615],[43.6837,8672793.4715],[43.6303,8672793.3401],[43.6161,8672793.3061],[43.3405,8672792.4025],[43.1015,8672791.6611],[42.9819,8672791.3171],[42.7549,8672790.6791],[42.6737,8672790.1793],[42.5823,8672789.6551],[42.4859,8672789.1329],[42.4799,8672788.9545],[42.4569,8672787.9293],[42.4485,8672786.9051],[42.4455,8672786.6765],[42.4093,8672784.6041],[42.4093,8672783.4635],[42.4067,8672783.1035],[42.3877,8672781.7859],[42.3785,8672780.6651],[42.3501,8672779.6643],[42.3099,8672778.8275],[42.2961,8672777.9833],[42.2928,8672777.8358],[42.2633,8672776.4657],[42.2369,8672775.7429],[42.1769,8672774.5629],[42.1557,8672774.1971],[42.0765,8672773.2591],[41.9565,8672772.0991],[41.8753,8672771.4077],[41.7657,8672770.6631],[41.6255,8672769.7987],[41.6043,8672769.6443],[41.5621,8672769.0687],[41.5053,8672768.4139],[41.3951,8672767.3139],[41.3807,8672767.1739],[41.2507,8672765.9439],[41.1869,8672765.3969],[41.0707,8672764.4893],[41.0021,8672763.8023],[40.9411,8672762.9373],[40.8923,8672762.1989],[40.8659,8672761.3937],[40.8257,8672760.5771],[40.8055,8672760.2947],[40.7757,8672759.9047],[40.6875,8672758.9827],[40.6477,8672758.6327],[40.5953,8672758.2077],[40.3287,8672756.5923],[40.3059,8672756.4795],[40.1957,8672755.9395],[40.1805,8672755.8643],[40.0005,8672754.9943],[39.9707,8672754.8521],[39.7405,8672753.7721],[39.7311,8672753.7273],[39.5375,8672752.8257],[39.3661,8672751.9183],[39.3435,8672751.7993],[39.2307,8672751.2161],[39.1639,8672750.7355],[39.0411,8672749.7125],[38.8855,8672748.3989],[38.8783,8672748.3389],[38.7281,8672747.0989],[38.6953,8672746.8377],[38.6789,8672746.7151],[38.4889,8672745.3251],[38.2755,8672744.0207],[38.3755,8672743.3077],[38.4053,8672743.0893],[38.4775,8672742.4823],[38.6177,8672741.1723],[38.7057,8672740.1499],[38.7441,8672739.3817],[38.7943,8672737.9417],[38.8095,8672737.0735],[38.8085,8672736.8855],[38.7987,8672735.5555],[38.7591,8672734.3263],[38.6791,8672732.9163],[38.6657,8672732.6971],[38.6617,8672732.6355],[38.5617,8672731.1655],[38.5053,8672730.4773],[38.3478,8672728.8337],[38.3453,8672728.8073],[38.3083,8672728.4493],[38.2553,8672727.9657],[38.2469,8672727.7129],[38.2401,8672726.5755],[38.2489,8672725.1299],[38.2495,8672724.9735],[38.2495,8672723.4735],[38.2447,8672722.9863],[38.2225,8672721.8363],[38.2301,8672721.1777],[38.2355,8672720.7203],[38.2699,8672719.4587],[38.2767,8672719.1285],[38.2969,8672717.7185],[38.2993,8672717.3635],[38.2987,8672717.1899],[38.2887,8672715.7499],[38.2853,8672715.4741],[38.2611,8672714.1185],[38.2687,8672713.0775],[38.2693,8672712.8935],[38.2693,8672711.8151],[38.2899,8672710.9051],[38.3333,8672709.6013],[38.3811,8672708.3479],[38.3965,8672707.7755],[38.4165,8672706.4655],[38.4193,8672706.0835],[38.4187,8672705.9009],[38.4087,8672704.5309],[38.3949,8672703.8631],[38.3449,8672702.3931],[38.3309,8672702.0535],[38.2709,8672700.7935],[38.2459,8672700.3471],[38.2267,8672700.0807],[38.1369,8672698.9007],[37.9953,8672697.5377],[37.9707,8672697.3557],[37.8283,8672696.3307],[37.7881,8672696.0191],[37.7373,8672695.6261],[37.6861,8672695.0907],[37.6281,8672694.2621],[37.5827,8672693.7067],[37.5699,8672693.5685],[37.6715,8672692.9263],[37.7655,8672692.2793],[37.9259,8672690.6499],[37.9389,8672690.4351],[38.0089,8672689.2051],[38.0305,8672688.7525],[38.0595,8672688.0035],[38.0845,8672687.7017],[38.1711,8672686.9339],[38.2757,8672685.7599],[38.3199,8672684.8057],[38.3501,8672683.7057],[38.3551,8672683.4869],[38.3749,8672682.4069],[38.3793,8672681.9435],[38.3785,8672681.7449],[38.3695,8672680.5857],[38.3695,8672679.4435],[38.3565,8672678.6369],[38.3163,8672677.3969],[38.2757,8672676.5671],[38.2091,8672675.7543],[38.1575,8672675.2291],[38.1585,8672675.0009],[38.1437,8672674.1407],[38.1347,8672673.8733],[38.0957,8672673.0971],[38.0819,8672672.8987],[38.0321,8672672.2187],[37.9667,8672671.4791],[37.8767,8672670.6091],[37.7953,8672669.9177],[37.7808,8672669.8169],[37.7129,8672669.3431],[37.5527,8672668.3131],[37.3687,8672667.2723],[37.2127,8672666.5453],[36.9829,8672665.5453],[36.7669,8672664.6779],[36.6903,8672664.3991],[36.3905,8672663.3291],[36.0973,8672662.3597],[35.7273,8672661.2197],[35.6217,8672660.9011],[35.5949,8672660.8231],[35.3507,8672660.1119],[35.3049,8672659.9659],[35.2095,8672659.4165],[35.0987,8672658.8223],[34.7271,8672657.2279],[34.7033,8672657.1401],[34.4231,8672656.1101],[33.9715,8672654.6311],[33.8589,8672654.3067],[33.5287,8672653.3767],[33.0647,8672652.1689],[32.9991,8672652.0121],[33.0285,8672651.8057],[33.1585,8672650.8557],[33.1755,8672650.7293],[33.3359,8672649.0999],[33.3395,8672649.0407],[33.3995,8672648.0907],[33.4331,8672647.4173],[33.4631,8672646.5873],[33.4721,8672646.2937],[33.4919,8672645.4737],[33.4995,8672644.8635],[33.4637,8672643.5311],[33.4239,8672642.7811],[33.4057,8672642.4771],[33.2453,8672640.8477],[33.1825,8672640.4021],[33.1527,8672640.2021],[32.97,8672639.1535],[32.9489,8672639.0323],[32.5769,8672637.4379],[32.1015,8672635.8711],[31.5249,8672634.3389],[31.1097,8672633.3923],[30.1615,8672631.3465],[29.9009,8672630.8017],[29.5909,8672630.1939],[28.3777,8672627.8931],[28.3277,8672626.6919],[28.2959,8672626.0971],[28.1353,8672624.4677],[28.1065,8672624.2561],[27.9465,8672623.1161],[27.7087,8672621.7123],[27.4779,8672620.6697],[27.1881,8672619.4797],[27.0469,8672618.9279],[27.0271,8672618.8549],[26.8395,8672618.1633],[26.6615,8672617.3837],[26.4367,8672616.4779],[26.0913,8672615.3043],[25.7475,8672614.2335],[25.6549,8672613.7257],[25.4247,8672612.5357],[25.3985,8672612.4023],[25.0805,8672611.0119],[24.7907,8672609.8919],[24.7683,8672609.8063],[24.6307,8672609.2829],[24.5411,8672608.4633],[24.4753,8672607.9177],[24.3369,8672606.9989],[24.1469,8672605.8789],[24.0663,8672605.4283],[23.8363,8672604.2083],[23.8221,8672604.1337],[23.7019,8672603.5053],[23.6307,8672603.0129],[23.5227,8672602.1339],[23.4953,8672601.9177],[23.4449,8672601.5555],[23.2749,8672600.3955],[23.0993,8672599.3513],[22.8691,8672598.1413],[22.8287,8672597.9323],[22.8235,8672597.9067],[22.5913,8672596.7449],[22.3567,8672595.5011],[22.3087,8672595.2523],[22.2433,8672594.9355],[22.0035,8672593.8055],[21.8391,8672593.0847],[21.6083,8672592.1367],[21.3997,8672591.2129],[21.1401,8672590.0165],[20.9737,8672589.3011],[20.6637,8672588.0511],[20.5469,8672587.5979],[20.3727,8672586.9799],[20.2463,8672586.5527],[20.1935,8672586.3243],[19.9869,8672585.3391],[19.8521,8672584.7333],[19.5219,8672583.3333],[19.3369,8672582.5979],[19.3213,8672582.5407],[19.0105,8672581.3911],[18.7217,8672580.3035],[18.7069,8672580.2479],[18.4529,8672579.3655],[18.0929,8672578.1955],[18.0091,8672577.9281],[17.6089,8672576.6781],[17.5689,8672576.5539],[17.1389,8672575.2339],[17.0415,8672574.9411],[16.8017,8672574.2667],[16.4443,8672573.3043],[16.1949,8672572.6041],[16.1069,8672572.3343],[15.9283,8672571.6527],[15.5721,8672570.2671],[15.5091,8672570.0259],[15.3405,8672568.4891],[15.2755,8672567.9477],[15.2337,8672567.6459],[15.2315,8672567.6303],[15.2287,8672567.2583],[15.2199,8672566.7489],[15.1797,8672565.3089],[15.1587,8672564.7645],[15.0987,8672563.5545],[15.0863,8672563.3243],[15.0161,8672562.1343],[15.0057,8672561.9671],[14.9867,8672561.6991],[14.8867,8672560.3891],[14.7745,8672559.2561],[14.6043,8672557.8661],[14.5753,8672557.6377],[14.4635,8672556.8793],[14.2437,8672555.5293],[14.0885,8672554.6723],[13.9099,8672553.8475],[13.6499,8672552.7375],[13.4883,8672552.0863],[13.1921,8672550.9589],[13.0103,8672550.2539],[12.8215,8672549.3667],[12.5169,8672548.0979],[12.4537,8672547.8663],[12.1335,8672546.7163],[11.7215,8672545.3811],[11.5779,8672544.9701],[11.1759,8672543.8497],[11.0993,8672543.6327],[11.0653,8672543.5017],[11.0483,8672543.4309],[10.9631,8672542.4057],[10.9183,8672541.9265],[10.7683,8672540.4665],[10.6853,8672539.7577],[10.6271,8672539.3421],[10.5237,8672538.6473],[10.4771,8672538.2101],[10.3901,8672537.1841],[10.3307,8672536.5705],[10.1809,8672535.2005],[10.1153,8672534.6577],[10.0859,8672534.4425],[9.9161,8672533.2325],[9.7741,8672532.3391],[9.6111,8672531.4225],[9.4551,8672530.4771],[9.3847,8672530.0723],[9.3533,8672529.4885],[9.1929,8672527.8591],[8.9261,8672526.2437],[8.5545,8672524.6493],[8.5213,8672524.5273],[6.8747,8672518.5035],[6.8689,8672517.6199],[6.8157,8672516.1471],[6.6553,8672514.5177],[6.3887,8672512.9023],[6.0979,8672511.6187],[5.9479,8672511.0287],[5.8669,8672510.7179],[5.3915,8672509.1511],[5.2449,8672508.7319],[5.0151,8672508.0919],[4.5847,8672506.9789],[4.1765,8672506.0473],[3.8665,8672505.3773],[3.7489,8672505.1267],[3.3489,8672504.2867],[3.2911,8672504.1673],[3.1991,8672503.9775],[2.6419,8672502.9129],[2.1319,8672501.9929],[1.9173,8672501.6135],[1.3579,8672500.6909],[0.7279,8672499.7009],[0.6075,8672499.5137],[-0.0025,8672498.5737],[-0.1873,8672498.2931],[-1.0279,8672497.1107],[-1.4825,8672496.5093],[-1.5377,8672496.2633],[-1.7979,8672495.1333],[-2.0133,8672494.2679],[-2.1157,8672493.8975],[-2.3407,8672493.1061],[-2.3459,8672493.0847],[-2.4325,8672492.6025],[-2.5213,8672492.1323],[-2.5509,8672491.9859],[-2.7909,8672490.8159],[-3.1331,8672489.3679],[-3.1389,8672489.3463],[-3.4589,8672488.1563],[-3.7681,8672487.1003],[-4.0439,8672486.2289],[-4.2775,8672485.4141],[-4.4651,8672484.7435],[-4.6417,8672484.0127],[-4.6675,8672483.9055],[-4.6677,8672483.9011],[-4.6775,8672483.2335],[-4.6635,8672482.2797],[-4.6631,8672482.2585],[-4.6433,8672480.8485],[-4.6407,8672480.4935],[-4.6525,8672479.7241],[-4.6925,8672478.4241],[-4.7335,8672477.5697],[-4.7979,8672476.5773],[-4.8473,8672475.5101],[-4.8657,8672475.1613],[-4.9459,8672473.8313],[-4.9543,8672473.6971],[-5.0381,8672472.7143],[-5.1781,8672471.3843],[-5.2547,8672470.7377],[-5.4151,8672469.6905],[-5.6251,8672468.4905],[-5.6859,8672468.1575],[-5.9257,8672466.8875],[-5.9715,8672466.6523],[-6.0059,8672466.4829],[-6.2403,8672465.3435],[-6.4621,8672464.1903],[-6.6577,8672463.0769],[-6.6691,8672463.0119],[-6.8989,8672461.7219],[-6.9911,8672461.2323],[-7.0183,8672461.0997],[-7.1879,8672460.2697],[-7.2505,8672459.8849],[-7.2989,8672459.4813],[-7.3115,8672459.3761],[-7.3969,8672458.4787],[-7.4965,8672457.3743],[-7.5547,8672456.6111],[-7.5785,8672455.9551],[-7.5947,8672455.0507],[-7.6443,8672453.8571],[-7.7633,8672452.5589],[-7.9135,8672451.2889],[-7.9547,8672450.9577],[-8.2197,8672449.3501],[-8.4997,8672447.9401],[-8.5013,8672447.9323],[-8.7677,8672446.7453],[-9.1277,8672445.3053],[-9.2331,8672444.8979],[-9.2623,8672444.7903],[-9.3213,8672444.5741],[-9.3729,8672444.2971],[-9.4311,8672443.9923],[-9.5087,8672443.6187],[-9.7987,8672442.2687],[-9.9875,8672441.4553],[-10.3675,8672439.9353],[-10.4731,8672439.5279],[-10.9485,8672437.9611],[-11.0741,8672437.5999],[-11.4661,8672436.5005],[-11.6707,8672435.8967],[-11.7649,8672435.5757],[-11.9579,8672434.7883],[-12.2465,8672433.5527],[-12.3493,8672433.1289],[-12.6593,8672431.8989],[-12.7533,8672431.5379],[-13.0565,8672430.4973],[-13.4051,8672429.3901],[-13.7083,8672428.3793],[-14.0457,8672427.1737],[-14.4485,8672425.8711],[-14.7931,8672424.9191],[-15.2633,8672423.6991],[-15.3927,8672423.3699],[-15.8883,8672422.1359],[-16.1537,8672421.4667],[-16.4625,8672420.5595],[-17.0351,8672419.0389],[-17.3173,8672418.3843],[-17.8773,8672417.1343],[-17.9659,8672416.9389],[-18.5157,8672415.7389],[-18.8209,8672415.0975],[-18.9203,8672414.8979],[-19.4807,8672413.7871],[-19.9737,8672412.8007],[-20.4245,8672411.8319],[-20.6709,8672411.3175],[-21.4427,8672409.8735],[-21.8827,8672409.1405],[-22.5629,8672408.0505],[-22.9873,8672407.3931],[-23.3811,8672406.8213],[-23.8297,8672406.1885],[-24.3557,8672405.3227],[-24.3607,8672405.3139],[-24.4127,8672405.2235],[-24.6261,8672404.8609],[-25.4063,8672403.5609],[-26.0573,8672402.5333],[-26.3217,8672402.1455],[-27.1217,8672400.9955],[-27.8109,8672400.0523],[-28.0911,8672399.6941],[-28.8667,8672398.7205],[-29.2161,8672398.2623],[-29.7613,8672397.4651],[-30.4773,8672396.4719],[-31.2461,8672395.4587],[-31.9187,8672394.5447],[-32.0075,8672394.4245],[-32.7675,8672393.4045],[-32.9809,8672393.1223],[-33.2453,8672392.7839],[-33.3161,8672392.6595],[-33.3827,8672392.5435],[-34.2473,8672391.1531],[-34.7675,8672390.4045],[-35.0969,8672389.9481],[-35.4059,8672389.4599],[-35.5499,8672389.2307],[-35.7465,8672388.8495],[-36.3227,8672387.7935],[-36.3267,8672387.7867],[-37.1067,8672386.4367],[-37.3161,8672386.0809],[-37.7003,8672385.4407],[-37.9715,8672384.9353],[-38.0219,8672384.8383],[-38.1857,8672384.4419],[-38.1953,8672384.4189],[-38.7841,8672383.1057],[-39.3639,8672381.9057],[-39.4509,8672381.7275],[-39.8737,8672380.9083],[-40.4709,8672379.8021],[-40.9361,8672378.9333],[-41.4165,8672377.9963],[-42.0457,8672376.7471],[-42.7227,8672375.4935],[-43.2053,8672374.6925],[-43.8831,8672373.6137],[-44.4338,8672372.7264],[-44.4471,8672372.7051],[-44.6055,8672372.3261],[-45.1159,8672371.1857],[-45.6559,8672370.0557],[-45.7909,8672369.7775],[-46.0857,8672369.1985],[-46.6959,8672368.0385],[-47.0833,8672367.3297],[-47.2255,8672367.0791],[-47.5399,8672366.3235],[-47.5539,8672366.2897],[-47.6093,8672365.9935],[-47.6631,8672365.1653],[-47.6641,8672365.1471],[-47.8245,8672363.5177],[-47.8787,8672363.1317],[-47.9209,8672362.8461],[-48.0587,8672361.9117],[-48.2713,8672360.6823],[-48.5377,8672359.4953],[-48.8277,8672358.3353],[-48.9331,8672357.9279],[-49.4083,8672356.3611],[-49.5681,8672355.9057],[-49.9579,8672354.8257],[-50.3465,8672353.8179],[-50.8067,8672352.6979],[-50.8353,8672352.6289],[-51.2335,8672351.7187],[-51.3683,8672351.4265],[-51.4781,8672351.0719],[-51.7071,8672350.3235],[-51.8249,8672349.8981],[-52.0349,8672349.0393],[-52.3585,8672347.6875],[-52.5233,8672347.0379],[-52.9983,8672345.4711],[-53.2719,8672344.7065],[-53.4953,8672344.1127],[-53.4713,8672343.2785],[-53.4679,8672343.1587],[-53.4409,8672342.0417],[-53.4055,8672341.0157],[-53.3989,8672340.7949],[-53.3705,8672339.6921],[-53.3325,8672338.4531],[-53.3307,8672338.3931],[-53.2907,8672336.9831],[-53.2885,8672336.8989],[-53.2585,8672335.6989],[-53.2541,8672335.4871],[-53.2375,8672334.4853],[-53.2047,8672333.4971],[-53.1967,8672333.2153],[-53.1695,8672331.9777],[-53.1333,8672330.8375],[-53.1217,8672330.2659],[-53.1035,8672328.2143],[-53.0791,8672327.2193],[-53.0449,8672325.9891],[-53.0073,8672325.0901],[-52.9921,8672324.7879],[-52.9561,8672324.4665],[-52.9025,8672324.0139],[-52.8747,8672323.9103],[-52.7047,8672323.3951],[-52.4575,8672322.6033],[-52.0573,8672321.2433],[-51.8931,8672320.6593],[-51.8693,8672320.5701],[-51.5453,8672319.3425],[-51.3159,8672318.4799],[-51.0651,8672317.5979],[-50.9629,8672317.2293],[-50.8451,8672316.7713],[-50.5651,8672315.6413],[-50.5537,8672315.5949],[-50.2635,8672314.4149],[-50.0629,8672313.5281],[-49.8859,8672312.6757],[-49.5993,8672312.1509],[-49.0793,8672311.1709],[-48.7409,8672310.5097],[-48.4965,8672309.9995],[-48.0265,8672308.9895],[-47.5951,8672308.0083],[-47.2175,8672307.0399],[-46.8473,8672306.0299],[-46.6485,8672305.4659],[-46.1731,8672303.8991],[-45.8573,8672302.5779],[-45.6573,8672301.6279],[-45.6013,8672301.3547],[-45.3347,8672299.7393],[-45.3183,8672299.6121],[-45.3127,8672299.5689],[-45.2395,8672299.3625],[-45.1115,8672299.0177],[-44.9995,8672298.7547],[-44.8163,8672298.3515],[-44.7149,8672298.1487],[-44.5395,8672297.8331],[-44.0861,8672297.0651],[-43.9625,8672296.8535],[-43.8953,8672296.7365],[-43.2783,8672295.6542],[-43.2455,8672295.5965],[-42.6391,8672294.4667],[-42.0291,8672293.2567],[-41.9307,8672293.0597],[-41.5873,8672292.3337],[-40.9973,8672291.0337],[-40.7309,8672290.4257],[-40.1609,8672289.0757],[-40.0951,8672288.9183],[-39.6099,8672287.6509],[-39.1701,8672286.4009],[-39.0785,8672286.1359],[-39.0483,8672286.0365],[-38.6031,8672284.5693],[-38.3639,8672283.5989],[-38.0639,8672282.2689],[-37.9315,8672281.6447],[-37.6645,8672280.0293],[-37.5069,8672278.4389],[-37.4069,8672276.9489],[-37.4043,8672276.9099],[-37.3527,8672275.5963],[-37.3327,8672274.0463],[-37.3307,8672273.7235],[-37.3499,8672272.7469],[-37.3997,8672271.4669],[-37.4029,8672271.3873],[-37.4629,8672269.9673],[-37.4939,8672269.3871],[-37.5341,8672268.8633],[-37.6641,8672267.3633],[-37.7847,8672266.2577],[-37.8285,8672265.9395],[-38.0487,8672264.4195],[-38.2715,8672263.1223],[-38.2927,8672263.0169],[-38.3521,8672262.7247],[-38.3817,8672262.4953],[-38.5271,8672261.2771],[-38.5413,8672261.1613],[-38.7213,8672259.7113],[-38.7447,8672259.5277],[-38.7501,8672259.4869],[-38.7567,8672259.4373],[-38.7859,8672258.5179],[-38.8029,8672257.2809],[-38.8073,8672257.0463],[-38.8281,8672256.1403],[-38.8227,8672255.4849],[-38.7995,8672254.4825],[-38.7613,8672253.1891],[-38.7537,8672252.8385],[-38.7337,8672251.5385],[-38.7315,8672251.3637],[-38.7215,8672250.1737],[-38.7207,8672249.9635],[-38.7241,8672249.5467],[-38.7443,8672248.3467],[-38.7757,8672247.4385],[-38.8457,8672246.1185],[-38.8643,8672245.8071],[-38.8675,8672245.7569],[-38.9677,8672244.2769],[-39.0615,8672243.2221],[-39.2013,8672241.9521],[-39.2645,8672241.4277],[-39.3369,8672240.9205],[-39.4871,8672239.9345],[-39.5517,8672239.4607],[-39.6233,8672238.7115],[-39.7245,8672237.8177],[-39.7703,8672237.4893],[-39.9503,8672236.2493],[-40.1713,8672234.9623],[-40.2761,8672234.4635],[-40.4641,8672233.6093],[-40.6335,8672232.7617],[-40.8045,8672231.8641],[-40.9369,8672231.0811],[-41.0869,8672230.1005],[-41.1353,8672229.7951],[-41.3073,8672228.7531],[-41.4369,8672227.9245],[-41.5625,8672226.9413],[-41.5745,8672226.8477],[-41.5847,8672226.7723],[-41.7747,8672225.3623],[-42.0313,8672223.8223],[-42.1089,8672223.4473],[-42.3689,8672222.2373],[-42.6631,8672221.0179],[-42.7205,8672220.8075],[-43.0507,8672219.6175],[-43.0673,8672219.5575],[-43.2729,8672218.8225],[-43.4509,8672218.0643],[-43.4815,8672217.9345],[-43.7815,8672216.6845],[-43.9431,8672216.0479],[-43.9723,8672215.9403],[-44.2721,8672214.8403],[-44.4173,8672214.3299],[-44.7573,8672213.1799],[-44.8951,8672212.7295],[-45.2649,8672211.5595],[-45.3299,8672211.3577],[-45.7497,8672210.0677],[-45.8485,8672209.7711],[-46.1295,8672208.9863],[-46.5897,8672207.7663],[-46.8849,8672207.0189],[-47.3017,8672206.0695],[-47.8115,8672204.9695],[-48.0709,8672204.4275],[-48.1703,8672204.2279],[-48.5051,8672203.5645],[-48.8443,8672202.8087],[-48.9177,8672202.6471],[-49.3765,8672201.6435],[-49.4061,8672201.4853],[-49.4189,8672201.3457],[-49.4665,8672200.5485],[-49.5247,8672199.3409],[-49.5703,8672198.1915],[-49.6041,8672197.5471],[-49.6219,8672197.2967],[-49.7119,8672196.1067],[-49.7299,8672195.8841],[-49.8285,8672194.7155],[-50.0185,8672192.1421],[-50.0297,8672191.9971],[-50.1197,8672190.8671],[-50.2039,8672190.0011],[-50.3133,8672189.0455],[-50.2985,8672188.4541],[-50.2905,8672187.8235],[-50.2905,8672186.6435],[-50.3393,8672185.0829],[-50.4193,8672183.8029],[-50.4243,8672183.7271],[-50.4287,8672183.6615],[-50.5185,8672182.3415],[-50.5471,8672181.9657],[-50.6571,8672180.6457],[-50.7847,8672179.4577],[-50.9777,8672178.2291],[-51.1877,8672177.0791],[-51.2613,8672176.6923],[-51.6331,8672175.0979],[-51.8759,8672174.2517],[-52.5539,8672172.0367],[-52.9215,8672170.7957],[-53.2185,8672169.8611],[-53.4395,8672169.2373],[-53.9195,8672167.9373],[-54.2751,8672167.0289],[-54.4865,8672166.5337],[-54.8969,8672165.6003],[-54.9535,8672165.4643],[-55.0799,8672165.0497],[-55.3115,8672164.2101],[-55.7385,8672162.8211],[-55.7819,8672162.6941],[-56.1619,8672161.5941],[-56.6953,8672160.1889],[-56.7735,8672160.0021],[-57.2735,8672158.8221],[-57.3137,8672158.7277],[-57.4435,8672158.4245],[-57.5847,8672158.0015],[-57.6283,8672157.8711],[-57.7053,8672157.6481],[-58.1253,8672156.4481],[-58.1873,8672156.2735],[-58.2047,8672156.2247],[-58.2161,8672156.1627],[-58.4823,8672154.7137],[-58.5511,8672154.3523],[-58.6395,8672153.9281],[-58.7093,8672153.1837],[-58.7837,8672152.4929],[-58.9637,8672151.0129],[-58.9947,8672150.7677],[-59.1635,8672149.6731],[-59.2757,8672149.0387],[-59.3093,8672148.7925],[-59.3881,8672147.9573],[-59.5135,8672146.5783],[-59.5745,8672145.9841],[-59.7047,8672144.8541],[-59.7547,8672144.4477],[-59.8097,8672144.0547],[-59.9795,8672142.9047],[-59.9867,8672142.8567],[-60.3043,8672140.7375],[-60.4051,8672139.7727],[-60.5213,8672138.6407],[-60.6045,8672137.9277],[-60.7943,8672136.7179],[-61.0143,8672135.5079],[-61.0915,8672135.1023],[-61.4131,8672133.6981],[-61.6977,8672132.6013],[-61.9879,8672131.3985],[-62.1355,8672130.8169],[-62.4555,8672129.6169],[-62.4629,8672129.5879],[-62.6947,8672128.7787],[-62.9463,8672127.9517],[-63.0959,8672127.4071],[-63.3053,8672126.5573],[-63.5957,8672125.3229],[-63.7833,8672124.5779],[-63.9013,8672124.1525],[-63.9675,8672123.9213],[-63.9773,8672123.8631],[-64.0887,8672122.9621],[-64.1147,8672122.7577],[-64.1483,8672122.5125],[-64.3281,8672121.2425],[-64.4578,8672120.4718],[-64.5427,8672119.9669],[-64.7461,8672118.9237],[-64.753,8672118.8862],[-64.9729,8672117.6901],[-64.9967,8672117.5625],[-65.2635,8672116.1515],[-65.4207,8672115.2971],[-65.5251,8672114.5855],[-65.5807,8672114.2235],[-65.7909,8672112.9235],[-65.8159,8672112.7723],[-65.9077,8672112.2241],[-65.9449,8672111.8341],[-66.0135,8672110.9737],[-66.0793,8672110.0819],[-66.1193,8672109.3243],[-66.1507,8672108.2241],[-66.1941,8672107.2971],[-66.3339,8672105.8303],[-66.4839,8672104.6303],[-66.5047,8672104.4677],[-66.7715,8672102.8523],[-66.7765,8672102.8267],[-66.9647,8672101.8857],[-67.1573,8672100.8307],[-67.2315,8672100.4423],[-67.2365,8672100.4167],[-67.4865,8672099.1667],[-67.5183,8672099.0111],[-67.7683,8672097.8011],[-68.1031,8672096.3879],[-68.2049,8672096.0191],[-68.4665,8672095.0993],[-68.5439,8672094.8129],[-68.6233,8672094.3357],[-68.7493,8672093.4547],[-68.8501,8672092.6425],[-68.9713,8672091.5421],[-69.0347,8672091.0177],[-69.1609,8672090.1703],[-69.3811,8672088.8503],[-69.5983,8672087.5005],[-69.6975,8672086.9251],[-69.8505,8672086.0971],[-69.9839,8672085.2339],[-70.0533,8672084.8093],[-70.2379,8672083.7367],[-70.3863,8672082.8075],[-70.5211,8672081.8821],[-70.6919,8672080.8579],[-70.8819,8672079.8479],[-70.9315,8672079.5923],[-71.1595,8672078.5601],[-71.4295,8672077.4501],[-71.5733,8672076.8879],[-71.6917,8672076.4607],[-71.9425,8672075.5873],[-72.1767,8672074.7151],[-72.6485,8672073.1611],[-72.8499,8672072.5903],[-73.1111,8672071.8779],[-73.1577,8672071.4773],[-73.2047,8672071.0977],[-73.3825,8672069.9525],[-73.6225,8672068.6125],[-73.7025,8672068.1883],[-73.9625,8672066.8683],[-73.9715,8672066.8223],[-74.0377,8672066.5007],[-74.2305,8672065.5939],[-74.4243,8672064.5279],[-74.5015,8672064.1223],[-74.7913,8672062.8419],[-75.0705,8672061.7421],[-75.2785,8672060.8895],[-75.3567,8672060.5417],[-75.3711,8672060.4567],[-75.4571,8672059.7371],[-75.4947,8672059.4377],[-75.7585,8672057.8375],[-75.9885,8672056.6775],[-75.9915,8672056.6623],[-76.2693,8672055.4289],[-76.5793,8672054.1989],[-76.6731,8672053.8379],[-76.8863,8672053.0893],[-77.2419,8672051.9103],[-77.6499,8672050.5249],[-77.9585,8672049.5511],[-78.3033,8672048.5991],[-78.7733,8672047.3791],[-79.0051,8672046.7989],[-79.0811,8672046.6179],[-79.4365,8672045.7779],[-79.6313,8672045.2865],[-79.8571,8672044.6715],[-80.0019,8672044.2567],[-80.0257,8672044.1581],[-80.1627,8672043.5397],[-80.2801,8672042.9111],[-80.4433,8672041.8719],[-80.6175,8672040.6877],[-80.8313,8672039.4523],[-80.9145,8672039.0511],[-81.1847,8672037.8011],[-81.2975,8672037.3037],[-81.3589,8672036.6741],[-81.4307,8672036.0255],[-81.5807,8672034.8155],[-81.6045,8672034.6277],[-81.8711,8672033.0123],[-82.0211,8672032.3119],[-82.3123,8672031.0393],[-82.3715,8672030.7323],[-82.7433,8672029.1379],[-82.9391,8672028.4463],[-82.9619,8672028.3205],[-83.0503,8672027.7327],[-83.1781,8672026.6529],[-83.3441,8672025.2085],[-83.3889,8672024.8437],[-83.5587,8672023.5337],[-83.5647,8672023.4877],[-83.5685,8672023.4595],[-83.7291,8672022.2483],[-83.8545,8672021.2679],[-83.9405,8672020.3819],[-84.0257,8672019.3529],[-84.1107,8672018.5015],[-84.2607,8672017.2215],[-84.3047,8672016.8677],[-84.3211,8672016.7451],[-84.5111,8672015.3551],[-84.5609,8672015.0093],[-84.8009,8672013.4193],[-85.0013,8672012.2723],[-85.0135,8672012.2115],[-85.2549,8672011.0137],[-85.4259,8672010.1109],[-85.4323,8672010.0727],[-85.4871,8672009.4157],[-85.5049,8672009.2125],[-85.6349,8672007.7925],[-85.7157,8672007.0361],[-85.8857,8672005.6461],[-85.9145,8672005.4177],[-86.0275,8672004.6521],[-86.2675,8672003.1821],[-86.3537,8672002.6859],[-86.5627,8672001.5501],[-86.6151,8672001.2505],[-86.7215,8672000.6823],[-86.9285,8671999.7375],[-87.2685,8671998.3175],[-87.4333,8671997.6679],[-87.4705,8671997.5301],[-87.6833,8671996.7535],[-87.8191,8671996.1469],[-88.0739,8671994.8419],[-88.0911,8671994.7523],[-88.1909,8671994.2769],[-88.4769,8671992.9709],[-88.5615,8671992.5591],[-88.6747,8671991.7495],[-88.8883,8671990.1767],[-88.9225,8671989.9329],[-89.1325,8671988.4929],[-89.2259,8671987.9015],[-89.3227,8671987.3331],[-89.5695,8671985.0019],[-89.6447,8671984.3677],[-89.6785,8671984.1211],[-89.8683,8671982.7811],[-90.0215,8671981.8323],[-90.2237,8671980.7155],[-90.4375,8671979.2921],[-90.4641,8671979.1195],[-90.6839,8671977.7195],[-90.8365,8671976.8493],[-91.0767,8671975.6093],[-91.1015,8671975.4823],[-91.1065,8671975.4567],[-91.3867,8671974.0567],[-91.3917,8671974.0303],[-91.7519,8671972.2403],[-92.1131,8671970.6979],[-92.2559,8671970.1875],[-92.6657,8671968.7775],[-92.9983,8671967.7211],[-93.0493,8671967.5729],[-93.2049,8671967.1241],[-93.3647,8671966.3481],[-93.5089,8671965.6919],[-93.7667,8671964.5903],[-93.9261,8671963.8211],[-94.1333,8671962.7003],[-94.3929,8671961.1701],[-94.5215,8671960.4723],[-94.5831,8671960.1721],[-94.8729,8671958.8021],[-95.1313,8671957.7045],[-95.3047,8671957.0349],[-95.3689,8671956.7153],[-95.5253,8671955.7051],[-95.7089,8671954.6641],[-95.9589,8671953.4041],[-95.9613,8671953.3923],[-95.9981,8671953.2111],[-96.1615,8671952.4209],[-96.2987,8671951.6189],[-96.4921,8671950.3403],[-96.6209,8671949.5717],[-96.8245,8671948.4609],[-96.9477,8671947.7619],[-97.0683,8671946.9125],[-97.1743,8671946.2319],[-97.4343,8671944.7019],[-97.5615,8671944.0123],[-97.7837,8671943.0043],[-98.0661,8671941.8379],[-98.1971,8671941.2749],[-98.2375,8671941.0499],[-98.3953,8671939.9525],[-98.5067,8671939.2501],[-98.7365,8671937.9201],[-98.8513,8671937.3023],[-98.9201,8671936.9685],[-99.1801,8671935.7485],[-99.3197,8671935.1321],[-99.4619,8671934.5391],[-99.5713,8671933.9515],[-99.7663,8671932.7519],[-99.9453,8671931.6173],[-100.0749,8671930.7379],[-100.2187,8671929.5721],[-100.2263,8671929.5099],[-100.4163,8671927.9999],[-100.4347,8671927.8577],[-100.7013,8671926.2423],[-100.7395,8671926.0543],[-101.2197,8671923.7343],[-101.3657,8671923.0729],[-101.6457,8671921.8829],[-101.6593,8671921.8261],[-101.9993,8671920.3961],[-102.1731,8671919.7079],[-102.3473,8671919.0899],[-102.5279,8671918.4789],[-102.6699,8671917.5995],[-102.7143,8671917.3325],[-102.9643,8671915.8825],[-103.0815,8671915.2523],[-103.3361,8671914.1125],[-103.5167,8671913.3835],[-103.5269,8671913.3343],[-103.5835,8671912.6793],[-103.6005,8671912.4929],[-103.7403,8671911.0029],[-103.8447,8671910.0777],[-103.8783,8671909.8311],[-104.0685,8671908.4911],[-104.0723,8671908.4651],[-104.1289,8671908.0681],[-104.1759,8671907.4177],[-104.1853,8671907.2911],[-104.2953,8671905.8711],[-104.4347,8671904.5377],[-104.5561,8671903.7203],[-104.7761,8671902.3903],[-104.9213,8671901.5923],[-105.0509,8671900.9813],[-105.2245,8671900.2095],[-105.3217,8671899.6935],[-105.4655,8671898.7495],[-105.6613,8671897.6323],[-105.7329,8671897.2855],[-105.9829,8671896.1155],[-106.0571,8671895.7801],[-106.2701,8671894.8454],[-106.3169,8671894.6401],[-106.5431,8671893.7279],[-106.8061,8671892.8155],[-106.8831,8671892.2301],[-106.8847,8671892.2177],[-106.9813,8671891.5525],[-107.0515,8671891.1125],[-107.2215,8671890.1623],[-107.2265,8671890.1367],[-107.2567,8671889.9867],[-107.6233,8671888.4179],[-108.0985,8671886.8511],[-108.6749,8671885.3189],[-109.3509,8671883.8275],[-109.3835,8671883.7617],[-115.52,8671871.4095],[-127.4519,8671847.3917],[-134.1282,8671829.9544],[-147.37,8671795.3692],[-148.1113,8671793.4331],[-173.9107,8671723.0783],[-178.3841,8671710.8833],[-178.3907,8671710.8465],[-178.4243,8671710.6579],[-178.4307,8671710.6227],[-178.4411,8671710.5603],[-178.5815,8671709.7923],[-178.7175,8671709.1523],[-178.7215,8671709.1323],[-178.8629,8671708.4685],[-178.9129,8671708.2485],[-179.0005,8671707.8765],[-179.0005,8671707.8673],[-179.0005,8671706.8635],[-179.0047,8671706.4125],[-178.9741,8671706.1501],[-178.9643,8671706.0785],[-178.9189,8671705.7315],[-178.9007,8671705.5981],[-178.8975,8671705.5751],[-178.8401,8671705.1703],[-178.7003,8671704.1203],[-178.6947,8671704.0793],[-178.6049,8671703.3031],[-178.5991,8671703.2451],[-178.5735,8671703.0165],[-178.5047,8671702.3031],[-178.4447,8671701.5731],[-178.4141,8671701.1599],[-178.3607,8671699.5235],[-178.3607,8671697.9235],[-178.4141,8671696.2871],[-178.5745,8671694.6577],[-178.8411,8671693.0423],[-179.1937,8671691.5211],[-179.2837,8671691.1811],[-179.3031,8671691.1079],[-179.7785,8671689.5411],[-179.8031,8671689.4689],[-179.9231,8671689.1189],[179.7793,8671688.2979],[179.6495,8671687.9579],[179.3949,8671687.3187],[178.7191,8671685.8275],[178.6579,8671685.7043],[178.4879,8671685.3643],[178.2691,8671684.9367],[178.0823,8671684.5729],[177.9609,8671684.3347],[177.8791,8671684.1675],[177.8179,8671684.0443],[177.8055,8671684.0193],[177.4419,8671683.2099],[177.0591,8671682.3975],[177.0157,8671682.3101],[176.8691,8671682.0075],[176.5929,8671681.4641],[176.5343,8671681.3523],[176.2691,8671680.7975],[176.1823,8671680.6227],[176.1075,8671680.4535],[176.0929,8671680.4195],[176.0739,8671680.3731],[175.8741,8671679.8193],[175.7815,8671679.5411],[175.7625,8671679.4849],[175.6325,8671679.1049],[175.5747,8671678.9381],[175.5553,8671678.8825],[175.4089,8671678.4481],[174.9715,8671677.0211],[174.7123,8671676.2947],[174.5465,8671675.8385],[174.4563,8671675.5985],[174.3127,8671675.2251],[174.3117,8671675.2211],[174.2795,8671675.1279],[174.1615,8671674.7711],[174.0751,8671674.5207],[174.0115,8671674.3311],[173.7001,8671673.4665],[173.6203,8671673.2565],[173.5423,8671673.0545],[173.5329,8671673.0249],[173.3561,8671672.4635],[173.2185,8671671.7123],[172.9579,8671670.5487],[172.9493,8671670.0947],[172.9493,8671670.0335],[172.8959,8671668.3971],[172.8511,8671667.8183],[172.8111,8671667.3683],[172.6953,8671666.3177],[172.6579,8671666.0451],[172.6277,8671665.8351],[172.3985,8671664.4923],[172.2571,8671663.8285],[172.2365,8671663.7369],[172.2303,8671663.7093],[172.2035,8671663.5807],[171.8893,8671662.2551],[171.8793,8671662.2123],[171.8793,8671661.7835],[171.8261,8671660.1471],[171.7929,8671659.7055],[171.8659,8671658.8299],[171.8927,8671658.3487],[171.9057,8671658.1599],[171.9269,8671657.7941],[171.9571,8671657.2041],[171.9891,8671656.0157],[171.9995,8671655.3035],[171.9995,8671652.5635],[171.9893,8671651.8543],[171.9359,8671650.2571],[171.7755,8671648.6277],[171.5085,8671647.0123],[171.1367,8671645.4179],[171.1329,8671645.4035],[164.0743,8671619.1229],[164.0659,8671618.9871],[164.0329,8671618.5457],[164.0031,8671618.1857],[163.9363,8671617.5005],[163.9109,8671617.2719],[163.9053,8671617.2139],[163.8157,8671616.4395],[163.7691,8671616.0871],[163.7153,8671615.6477],[163.4485,8671614.0323],[163.4435,8671614.0067],[163.4035,8671613.8067],[163.3875,8671613.7269],[163.2673,8671613.1369],[163.0069,8671611.9943],[162.8169,8671611.2379],[162.3855,8671609.8015],[162.1693,8671609.1523],[162.1515,8671609.0973],[162.0453,8671608.7715],[161.9753,8671608.5615],[161.9315,8671608.4311],[161.8449,8671608.1807],[161.7815,8671607.9911],[161.6029,8671607.4831],[161.5229,8671607.2631],[161.3273,8671606.7431],[161.3207,8671606.7239],[161.2029,8671606.3931],[161.1231,8671606.1731],[161.0097,8671605.8679],[160.9667,8671605.6591],[160.8369,8671605.0391],[160.5245,8671603.7269],[160.4742,8671603.5383],[160.4445,8671603.4269],[160.4371,8671603.3979],[160.0055,8671601.9615],[159.9843,8671601.8981],[159.7755,8671601.2415],[159.3755,8671600.0415],[159.3315,8671599.9111],[159.0663,8671599.1685],[158.9463,8671598.8485],[158.6349,8671598.0589],[158.5927,8671597.9577],[158.3327,8671597.3377],[158.0619,8671596.7157],[157.9219,8671596.4057],[157.5591,8671595.6375],[157.3427,8671595.2087],[157.1925,8671594.9187],[156.8763,8671594.3269],[156.5563,8671593.7469],[156.3175,8671593.3235],[155.7791,8671592.4343],[155.7221,8671592.3447],[155.2319,8671591.5325],[155.0621,8671591.2625],[155.0191,8671591.1943],[154.7589,8671590.7843],[154.4327,8671590.2831],[153.9339,8671589.5643],[153.6505,8671589.1707],[153.5409,8671589.0147],[152.9291,8671588.1823],[152.6627,8671587.8415],[152.5191,8671587.6523],[152.4189,8671587.5227],[152.2091,8671587.2527],[152.0367,8671587.0337],[151.6693,8671586.5423],[151.6357,8671586.4989],[151.5545,8671586.3213],[151.2391,8671585.6575],[151.1779,8671585.5343],[151.1541,8671585.4861],[150.9027,8671584.9679],[150.8291,8671584.8175],[150.7679,8671584.6943],[150.6079,8671584.3743],[150.3251,8671583.8253],[150.2235,8671583.6339],[150.2079,8671583.6041],[150.1281,8671583.4443],[149.5625,8671582.3787],[149.1173,8671581.5735],[148.8341,8671581.0955],[148.8273,8671581.0835],[148.1565,8671579.9877],[148.1167,8671579.8379],[148.0067,8671579.4401],[147.7825,8671578.6555],[147.5971,8671577.9179],[147.5005,8671577.5685],[147.3771,8671577.0879],[147.3041,8671576.8223],[147.3023,8671576.8153],[147.2423,8671576.5753],[147.1369,8671576.1679],[147.1087,8671576.0637],[146.9569,8671575.4679],[146.6317,8671574.3573],[146.4915,8671573.9173],[146.3601,8671573.5159],[146.1917,8671573.0011],[146.0129,8671572.4931],[145.9331,8671572.2731],[145.5349,8671571.2489],[145.2085,8671570.4961],[145.1745,8671570.4175],[145.0743,8671570.1875],[144.9185,8671569.8363],[144.3911,8671568.6917],[144.0909,8671568.0817],[144.0791,8671568.0575],[143.6079,8671567.1493],[143.5371,8671566.8285],[143.5163,8671566.7369],[143.4985,8671566.6191],[143.4585,8671566.3591],[143.3437,8671565.6777],[143.1473,8671564.4915],[143.0185,8671563.7923],[143.0135,8671563.7667],[142.9829,8671563.6127],[142.9491,8671563.4385],[142.9185,8671563.2823],[142.9135,8671563.2567],[142.8633,8671563.0067],[142.8235,8671562.8107],[142.7735,8671562.5707],[142.6587,8671562.0475],[142.5987,8671561.7875],[142.3867,8671560.9379],[142.3791,8671560.9091],[142.3091,8671560.6491],[142.2979,8671560.6079],[142.2387,8671560.3745],[142.1687,8671560.1045],[142.1169,8671559.9079],[141.7021,8671558.5215],[141.6885,8671558.4757],[141.5291,8671557.9581],[141.4905,8671557.8375],[141.3731,8671557.4555],[141.1975,8671556.9075],[141.1231,8671556.6655],[141.0389,8671556.3981],[141.0231,8671556.3483],[140.8731,8671555.8507],[140.7903,8671555.5581],[140.6779,8671555.1707],[140.6385,8671554.9975],[140.6379,8671554.9947],[140.6321,8671554.9669],[140.5885,8671554.7423],[140.5835,8671554.7167],[140.5621,8671554.6103],[140.5193,8671554.3565],[140.4793,8671554.1265],[140.3687,8671553.5323],[140.2785,8671553.0985],[140.2283,8671552.8685],[140.1117,8671552.3581],[139.9771,8671551.7285],[139.9273,8671551.5085],[139.6969,8671550.5779],[139.6679,8671550.4703],[139.5479,8671550.0303],[139.3741,8671549.4241],[139.2541,8671549.0241],[138.9815,8671548.1711],[138.8947,8671547.9199],[138.8417,8671547.7611],[138.6283,8671547.1583],[138.5547,8671546.9481],[138.4183,8671546.5683],[138.4147,8671546.5581],[138.2785,8671546.1783],[138.2745,8671546.1681],[138.1365,8671545.7841],[138.0869,8671545.6491],[137.9031,8671545.1431],[137.6151,8671544.3893],[137.6105,8671544.3771],[137.5975,8671544.3385],[137.5775,8671544.2683],[137.5067,8671543.9979],[137.4909,8671543.9383],[137.4771,8671543.8785],[137.4409,8671543.7215],[137.3687,8671543.3423],[137.3307,8671543.1117],[137.1953,8671541.8277],[137.1393,8671541.4263],[137.0753,8671540.8977],[137.0699,8671540.8569],[136.9981,8671540.3183],[136.9637,8671540.0517],[136.9555,8671539.9877],[136.7719,8671538.8111],[136.5787,8671537.7123],[136.4303,8671537.0185],[136.3503,8671536.6685],[136.1653,8671535.9139],[135.9763,8671535.1511],[135.9533,8671535.0635],[135.9349,8671534.9889],[135.7871,8671534.4079],[135.7049,8671534.1095],[135.5527,8671533.5675],[135.3977,8671533.0003],[135.0645,8671531.8819],[135.0177,8671531.7371],[134.9673,8671531.5723],[134.8391,8671531.1647],[134.5989,8671530.4247],[134.4915,8671530.1011],[134.4147,8671529.8781],[134.2745,8671529.4781],[134.2665,8671529.4551],[134.2555,8671529.4215],[134.1925,8671529.2321],[134.0773,8671528.8631],[134.0345,8671528.7273],[134.0269,8671528.6979],[133.6933,8671527.5615],[133.5985,8671527.2279],[133.5761,8671527.1505],[133.5707,8671527.1301],[133.4667,8671526.7193],[133.3393,8671526.1689],[133.3087,8671526.0123],[133.2875,8671525.9077],[133.2391,8671525.6485],[133.1891,8671525.3885],[133.1589,8671525.2323],[133.0199,8671524.5809],[132.9109,8671524.0751],[132.5669,8671522.6179],[132.5169,8671522.4347],[132.4371,8671522.1279],[132.1387,8671521.1037],[131.7415,8671519.8211],[131.5919,8671519.3933],[131.4915,8671519.0911],[131.3403,8671518.6587],[131.2503,8671518.4087],[131.0451,8671517.8587],[130.6449,8671516.8289],[130.5921,8671516.7029],[130.4447,8671516.3389],[130.3819,8671516.1883],[130.1119,8671515.5483],[129.5229,8671514.2559],[129.2395,8671513.6513],[129.1199,8671513.1559],[129.0835,8671512.9807],[128.7641,8671511.6349],[128.5667,8671510.8479],[128.5591,8671510.8191],[128.4605,8671510.4531],[128.3487,8671510.0045],[128.2787,8671509.7345],[128.2271,8671509.5379],[128.2167,8671509.4997],[128.0169,8671508.6055],[127.9649,8671508.3783],[127.9229,8671508.1981],[127.9135,8671508.1493],[127.8885,8671508.0223],[127.5169,8671506.4279],[127.4409,8671506.1513],[127.3667,8671505.8679],[127.3589,8671505.8391],[127.3481,8671505.7987],[127.3323,8671505.7353],[127.2271,8671505.3279],[126.9729,8671504.4455],[126.8929,8671504.1855],[126.6715,8671503.5011],[126.6231,8671503.3593],[126.6181,8671503.3455],[126.4215,8671502.7411],[126.2705,8671502.3087],[126.0003,8671501.5587],[125.5751,8671500.4589],[125.5595,8671500.4219],[125.3849,8671499.9889],[125.3647,8671499.9405],[125.0647,8671499.2205],[124.7141,8671498.4189],[124.6043,8671498.1789],[124.5013,8671497.9573],[124.4649,8671497.8689],[124.1267,8671497.0903],[124.0267,8671496.8703],[123.8391,8671496.4667],[123.8345,8671496.4575],[123.8269,8671496.4403],[123.4891,8671495.7275],[123.4279,8671495.6043],[123.3907,8671495.5297],[123.1761,8671495.0857],[123.0891,8671494.9075],[122.7781,8671494.2979],[122.7289,8671494.1979],[122.7091,8671494.1575],[122.1789,8671493.1419],[122.0013,8671492.8125],[121.8189,8671492.4797],[121.7491,8671492.3375],[121.7173,8671492.2731],[121.6557,8671492.1363],[121.6153,8671492.0469],[121.5751,8671491.9489],[121.5547,8671491.9005],[121.4175,8671491.5709],[121.2975,8671491.2655],[121.0505,8671490.6137],[120.9707,8671490.3839],[120.9391,8671490.2937],[120.7603,8671489.7861],[120.7455,8671489.7415],[120.7015,8671489.6111],[120.6531,8671489.4693],[120.5631,8671489.2093],[120.4429,8671488.8705],[120.3439,8671488.5973],[120.2815,8671488.4111],[120.1303,8671487.9787],[119.9503,8671487.4787],[119.9161,8671487.3841],[119.8417,8671487.1611],[119.6365,8671486.5801],[119.5353,8671486.2487],[119.4043,8671485.8311],[119.3191,8671485.5543],[119.1653,8671485.0287],[119.1371,8671484.9357],[118.9685,8671484.3579],[118.7791,8671483.7381],[118.6991,8671483.4881],[118.6053,8671483.2015],[118.5851,8671483.1407],[118.5753,8671483.1087],[118.3315,8671482.3511],[118.2707,8671482.1739],[118.2109,8671482.0015],[118.0403,8671481.4773],[117.8717,8671480.9611],[117.6819,8671480.4231],[117.4521,8671479.7931],[117.2491,8671479.2563],[117.1589,8671479.0263],[117.0325,8671478.7093],[116.9927,8671478.6021],[116.6649,8671477.7687],[116.4657,8671477.3015],[116.3149,8671476.9289],[116.2281,8671476.7219],[116.1797,8671476.6013],[116.0649,8671476.3189],[115.9729,8671476.0999],[115.8147,8671475.7089],[115.7481,8671475.5497],[115.5201,8671474.9265],[115.5069,8671474.8917],[115.4259,8671474.6559],[115.4053,8671474.5887],[115.3149,8671474.2981],[115.2987,8671474.2275],[115.1449,8671473.5989],[115.0787,8671473.2523],[114.8789,8671472.3385],[114.8289,8671472.1285],[114.7625,8671471.8553],[114.7567,8671471.8319],[114.7535,8671471.8167],[114.5303,8671470.8101],[114.4847,8671470.6217],[114.2355,8671469.5861],[114.1755,8671469.3581],[114.0623,8671468.9053],[113.9569,8671468.4979],[113.7787,8671467.8671],[113.7367,8671467.7079],[113.6783,8671467.4941],[113.6267,8671467.2979],[113.4413,8671466.6415],[113.4393,8671466.5935],[113.4093,8671465.8435],[113.3757,8671465.2071],[113.3521,8671464.8795],[113.2521,8671463.6095],[113.1513,8671462.5925],[113.1211,8671462.3425],[113.0855,8671462.0577],[112.9591,8671461.2103],[112.9323,8671461.0507],[112.9053,8671460.8807],[112.8789,8671460.7203],[112.8651,8671460.6357],[112.8485,8671460.5291],[112.7989,8671460.2203],[112.7189,8671459.7403],[112.5787,8671458.9723],[112.5735,8671458.9467],[112.5235,8671458.6967],[112.2625,8671457.5353],[112.2023,8671457.2953],[112.1419,8671457.0577],[112.0315,8671456.5975],[111.8669,8671455.9479],[111.5469,8671454.8539],[111.4411,8671454.5051],[111.0711,8671453.3151],[110.8717,8671452.7011],[110.7203,8671452.2687],[110.5403,8671451.7687],[110.2989,8671451.1263],[110.2897,8671451.1019],[110.2705,8671451.0487],[110.1563,8671450.7385],[109.9905,8671450.2961],[109.9115,8671450.0745],[109.7835,8671449.5519],[109.7203,8671449.2685],[109.6589,8671448.9999],[109.6187,8671448.7923],[109.5213,8671448.3269],[109.4479,8671447.9909],[109.3485,8671447.4623],[109.2337,8671446.9159],[109.1535,8671446.5559],[109.1317,8671446.4585],[109.0115,8671445.9285],[108.9203,8671445.5401],[108.8305,8671445.1701],[108.7923,8671445.0153],[108.7423,8671444.8153],[108.6367,8671444.4079],[108.4341,8671443.6941],[108.4091,8671443.6107],[108.3327,8671443.3465],[108.0353,8671442.3915],[107.8955,8671441.9715],[107.8515,8671441.8411],[107.3899,8671440.5913],[107.3067,8671440.3833],[107.3003,8671440.3665],[107.0765,8671439.8001],[106.9865,8671439.5801],[106.9449,8671439.4789],[106.8263,8671439.1977],[106.7365,8671438.9877],[106.1791,8671437.7775],[106.1181,8671437.6543],[106.1155,8671437.6493],[105.9691,8671437.3475],[105.9079,8671437.2243],[105.7979,8671437.0043],[105.0873,8671435.6835],[104.9869,8671435.5113],[95.3593,8671413.1579],[95.2391,8671412.8369],[95.2311,8671412.8123],[95.1311,8671412.5023],[95.0115,8671412.1411],[94.9987,8671412.1035],[94.8229,8671411.5647],[94.6329,8671411.0047],[94.6317,8671411.0011],[94.5829,8671410.8593],[94.4975,8671410.6125],[94.4911,8671410.5929],[94.2155,8671409.7115],[94.1255,8671409.4415],[94.0815,8671409.3111],[93.5601,8671407.9135],[93.4501,8671407.6435],[93.3949,8671407.5089],[93.3219,8671407.3347],[93.2119,8671407.0747],[92.8865,8671406.3387],[92.7665,8671406.0787],[92.5923,8671405.7095],[92.4939,8671405.5049],[92.4779,8671405.4691],[90.5693,8671399.2523],[90.5693,8671398.1935],[90.5235,8671396.6799],[90.5035,8671396.3499],[90.4959,8671396.2271],[90.3355,8671394.5977],[90.2979,8671394.3251],[90.2477,8671393.9751],[90.0957,8671393.0379],[90.0357,8671392.7079],[89.9587,8671392.3023],[89.8103,8671391.6085],[89.8059,8671391.5889],[89.8033,8671391.5767],[89.4371,8671390.0079],[89.3547,8671389.7095],[89.2649,8671389.3895],[88.9153,8671388.2515],[88.8155,8671387.9515],[88.7715,8671387.8211],[88.5063,8671387.0785],[88.2965,8671386.5185],[87.9851,8671385.7287],[87.4125,8671384.4495],[87.2823,8671384.1795],[87.1791,8671383.9675],[86.6463,8671382.9469],[86.3263,8671382.3669],[86.0873,8671381.9435],[85.3987,8671380.8361],[85.3703,8671380.4801],[85.3401,8671380.1601],[85.2965,8671379.7327],[85.2265,8671379.1027],[85.2083,8671378.9425],[85.1683,8671378.6025],[85.1255,8671378.2603],[84.9591,8671377.1789],[84.8991,8671376.8389],[84.8761,8671376.7115],[84.8161,8671376.3815],[84.7391,8671375.9763],[84.6241,8671375.4303],[84.4641,8671374.7103],[84.3131,8671374.0701],[84.2229,8671373.7101],[84.1177,8671373.3031],[84.0573,8671373.0825],[83.9573,8671372.7225],[83.8535,8671372.3593],[83.6035,8671371.5093],[83.3365,8671370.6579],[83.1443,8671370.0813],[82.9313,8671368.7463],[82.8323,8671368.2193],[82.7231,8671367.5431],[82.6123,8671366.8951],[82.5591,8671366.5635],[82.5331,8671366.4079],[82.5183,8671366.2977],[82.5137,8671366.2447],[82.4875,8671365.9231],[82.4427,8671365.4303],[82.4125,8671365.0563],[82.3525,8671364.3763],[82.2677,8671363.5653],[82.2275,8671363.2353],[82.1955,8671362.9803],[81.9909,8671361.6883],[81.9803,8671361.6227],[81.9303,8671361.3127],[81.7691,8671360.4163],[81.5953,8671359.6129],[81.5569,8671359.4479],[81.5241,8671359.3003],[81.2675,8671358.2531],[80.9053,8671357.0281],[80.6855,8671356.3481],[80.5725,8671356.0075],[80.0517,8671354.6111],[79.9417,8671354.3411],[79.8865,8671354.2065],[79.2113,8671352.7163],[79.1501,8671352.5933],[79.0501,8671352.3933],[78.3401,8671351.0735],[77.4761,8671349.6843],[76.9563,8671348.9363],[76.8263,8671348.7563],[76.3933,8671348.1745],[75.3553,8671346.9099],[74.2373,8671345.7159],[73.0429,8671344.5975],[71.7785,8671343.5597],[70.4489,8671342.6069],[69.0595,8671341.7429],[67.6165,8671340.9717],[66.1267,8671340.2965],[65.8441,8671340.1817],[65.6441,8671340.1017],[65.3579,8671339.9959],[65.5641,8671329.8629],[65.5161,8671327.7185],[65.3557,8671326.0903],[65.0891,8671324.4763],[64.7745,8671323.0997],[64.7697,8671323.0399],[64.7141,8671322.4357],[64.5741,8671321.0957],[64.5339,8671320.7383],[64.4341,8671319.8983],[64.4037,8671319.6543],[64.3741,8671319.4245],[64.2995,8671318.7687],[64.2155,8671318.0503],[64.2101,8671318.0095],[64.1765,8671317.7575],[64.1513,8671317.5621],[64.1331,8671317.3755],[64.0677,8671316.7765],[63.9455,8671315.6505],[63.9305,8671315.5403],[63.9065,8671315.3127],[63.8763,8671315.0427],[63.8511,8671314.8249],[63.8401,8671314.7319],[63.8271,8671314.6103],[63.8045,8671314.4079],[63.7745,8671314.1479],[63.7257,8671313.7503],[63.6709,8671313.3593],[63.6555,8671313.2403],[63.5787,8671312.7021],[63.4785,8671312.0515],[63.4655,8671311.9505],[63.4281,8671311.6781],[63.3879,8671311.3981],[63.1933,8671310.2315],[63.0585,8671309.3333],[63.0407,8671309.1695],[63.0393,8671309.1367],[63.0393,8671304.4335],[63.0293,8671303.7275],[63.0293,8671301.4243],[63.0359,8671301.3287],[63.0363,8671301.3197],[63.0567,8671301.1069],[63.0765,8671300.8869],[63.1259,8671300.2587],[63.1311,8671300.1775],[63.1975,8671299.9341],[63.3029,8671299.5269],[63.4129,8671299.0869],[63.6791,8671297.9009],[63.9457,8671296.2859],[63.9959,8671295.9049],[64.1559,8671294.2787],[64.1859,8671293.7295],[64.1957,8671293.4995],[64.2007,8671293.3743],[64.2109,8671293.1143],[64.2293,8671292.1535],[64.2293,8671288.2935],[64.1759,8671286.6585],[64.1559,8671286.3791],[64.1429,8671285.8873],[63.6329,8671271.8273],[63.5957,8671271.0985],[63.5025,8671270.0277],[62.5823,8671261.5777],[62.5155,8671261.0203],[62.2489,8671259.4063],[61.8775,8671257.8131],[61.8429,8671257.6855],[59.6129,8671249.5355],[59.1725,8671248.0975],[58.5963,8671246.5665],[58.2929,8671245.8647],[53.5193,8671235.2689],[52.7373,8671233.5247],[52.7527,8671232.8441],[52.7059,8671230.6385],[52.5455,8671229.0103],[52.2791,8671227.3963],[51.9075,8671225.8031],[51.6675,8671224.9657],[50.8575,8671222.3157],[50.6227,8671221.5875],[50.5891,8671221.4893],[47.2143,8671211.6815],[46.6367,8671208.2291],[46.4989,8671207.4763],[46.4305,8671207.1437],[44.8179,8671199.5759],[43.3197,8671192.3429],[42.9875,8671190.9431],[42.5127,8671189.3775],[41.9363,8671187.8465],[41.6831,8671187.2563],[39.9627,8671183.3867],[39.3301,8671181.1457],[39.1739,8671180.6143],[37.1627,8671174.0457],[35.2589,8671167.7193],[34.9927,8671166.8875],[34.4541,8671165.4483],[28.5443,8671151.0183],[28.5063,8671150.9265],[28.2505,8671150.3307],[18.2705,8671127.9007],[17.8511,8671127.0063],[17.7729,8671126.8491],[13.5439,8671118.4233],[12.4417,8671114.6165],[8.0473,8671097.8517],[4.1957,8671082.8331],[4.1275,8671082.5731],[3.6527,8671081.0075],[3.3565,8671080.1829],[-5.9901,8671055.5239],[-11.4643,8671039.2931],[-14.5091,8671029.5791],[-16.7923,8671021.2479],[-17.7891,8671013.7565],[-18.0509,8671012.1763],[-18.4225,8671010.5831],[-18.8971,8671009.0175],[-18.9093,8671008.9823],[-30.0687,8670976.2679],[-33.1305,8670965.1667],[-33.5573,8670963.7775],[-33.7069,8670963.3497],[-36.7469,8670954.9005],[-36.9115,8670954.0749],[-37.5615,8670950.8149],[-38.9437,8670943.2069],[-39.5935,8670935.6773],[-39.8899,8670925.9463],[-38.8859,8670921.2639],[-38.8109,8670920.9009],[-38.6395,8670919.9423],[-37.4097,8670912.1923],[-37.3145,8670911.5367],[-37.1541,8670909.9087],[-37.1005,8670908.2735],[-37.1005,8670900.9335],[-37.1541,8670899.2985],[-37.3145,8670897.6703],[-37.5811,8670896.0563],[-37.9525,8670894.4631],[-38.4275,8670892.8975],[-39.0037,8670891.3665],[-39.6789,8670889.8763],[-39.8819,8670889.4739],[-40.8781,8670887.5423],[-41.3235,8670886.3865],[-41.9987,8670884.8963],[-42.5533,8670883.8367],[-42.5799,8670883.7833],[-42.6225,8670883.6985],[-42.7075,8670883.5289],[-42.7401,8670883.4633],[-42.7699,8670883.4033],[-43.4005,8670882.2227],[-43.9245,8670881.2309],[-43.9837,8670881.0865],[-44.1565,8670880.6791],[-44.2635,8670880.4165],[-44.4409,8670879.9997],[-44.4887,8670879.8787],[-44.5687,8670879.6787],[-44.6837,8670879.3965],[-45.0277,8670878.6049],[-45.0485,8670878.5457],[-45.1261,8670878.3227],[-45.5449,8670877.1887],[-45.7737,8670876.6165],[-46.0733,8670875.9229],[-46.2233,8670875.5829],[-46.2711,8670875.4733],[-46.3209,8670875.3503],[-46.4481,8670875.0319],[-46.8137,8670874.0965],[-46.8339,8670874.0481],[-46.8665,8670873.9695],[-46.9937,8670873.6565],[-47.0139,8670873.6081],[-47.1137,8670873.3681],[-47.1665,8670873.2425],[-47.2209,8670873.1137],[-47.3737,8670872.7365],[-47.7271,8670871.9241],[-47.7473,8670871.8779],[-47.8335,8670871.6665],[-47.9979,8670871.2787],[-48.0211,8670871.2245],[-48.0921,8670871.0561],[-48.1737,8670870.8565],[-48.5113,8670870.0785],[-48.5615,8670869.9685],[-48.8913,8670869.2715],[-49.1103,8670868.7105],[-49.3571,8670868.0631],[-49.379,8670868.0084],[-49.5835,8670867.4965],[-49.6037,8670867.4481],[-49.6537,8670867.3281],[-49.8289,8670866.9183],[-50.1037,8670866.2877],[-50.1161,8670866.2527],[-50.6737,8670864.7765],[-50.6986,8670864.7182],[-50.8941,8670864.2607],[-50.9959,8670864.0265],[-51.2849,8670863.3785],[-51.3979,8670863.0987],[-51.4965,8670862.8451],[-51.5655,8670862.6613],[-51.7869,8670862.0831],[-52.0135,8670861.5165],[-52.0337,8670861.4681],[-52.0839,8670861.3481],[-52.1821,8670861.1155],[-52.2171,8670861.0339],[-52.3795,8670860.6493],[-52.4321,8670860.5255],[-52.5207,8670860.3187],[-52.5687,8670860.1987],[-52.6837,8670859.9165],[-52.8377,8670859.5527],[-52.8935,8670859.4165],[-52.9137,8670859.3681],[-52.9639,8670859.2481],[-53.2143,8670858.6675],[-53.5851,8670857.8529],[-53.7055,8670857.5237],[-54.0073,8670856.6869],[-54.3635,8670855.7765],[-54.3839,8670855.7281],[-54.4115,8670855.6615],[-54.7437,8670854.8165],[-55.0291,8670854.1547],[-55.0459,8670854.1057],[-55.2625,8670853.5055],[-55.3523,8670853.2655],[-55.4605,8670852.9823],[-55.5305,8670852.8023],[-55.7337,8670852.2965],[-56.1317,8670851.3871],[-56.1789,8670851.2847],[-56.2873,8670850.9575],[-56.3885,8670850.6657],[-56.4527,8670850.4805],[-56.4875,8670850.3775],[-56.6395,8670849.9425],[-56.9279,8670849.1457],[-57.2191,8670848.3941],[-57.2597,8670848.2917],[-57.3679,8670847.9811],[-57.5073,8670847.5575],[-57.7039,8670847.0007],[-57.9369,8670846.3691],[-57.9871,8670846.2391],[-58.1591,8670845.8037],[-58.2141,8670845.6369],[-58.4509,8670844.8863],[-58.5735,8670844.5079],[-58.6535,8670844.2679],[-58.6973,8670844.1375],[-58.7823,8670843.8915],[-58.8061,8670843.8205],[-58.8813,8670843.5863],[-59.0321,8670843.1225],[-59.0413,8670843.0621],[-59.1013,8670842.6721],[-59.2031,8670842.0613],[-59.2263,8670841.9211],[-59.3339,8670841.2815],[-59.3523,8670841.1795],[-59.3617,8670841.1263],[-59.3895,8670840.9527],[-59.4343,8670840.6859],[-59.4597,8670840.5381],[-59.4643,8670840.5005],[-59.5569,8670839.8625],[-59.6175,8670839.4333],[-59.6313,8670839.3333],[-59.6341,8670839.2885],[-59.6671,8670838.8475],[-59.6771,8670838.7275],[-59.7397,8670838.0791],[-59.7739,8670837.4185],[-59.7765,8670837.3831],[-59.8141,8670836.6385],[-59.8205,8670836.5421],[-59.8205,8670836.3805],[-59.8155,8670836.1713],[-59.8037,8670836.0585],[-59.7845,8670835.9167],[-59.7661,8670835.7719],[-59.7545,8670835.6867],[-59.7291,8670835.4873],[-59.6879,8670835.1961],[-59.5667,8670834.3833],[-59.5515,8670834.2849],[-59.5313,8670834.1549],[-59.4679,8670833.7161],[-59.4409,8670833.5501],[-59.2779,8670832.8363],[-59.2551,8670832.7293],[-59.2425,8670832.6775],[-59.0493,8670831.8187],[-59.0453,8670831.8009],[-59.0271,8670831.7269],[-58.9687,8670831.4883],[-58.9071,8670831.2469],[-58.8469,8670831.0069],[-58.6899,8670830.3391],[-58.6457,8670830.1493],[-58.5377,8670829.6841],[-58.4875,8670829.4641],[-58.4477,8670829.2889],[-58.3751,8670828.9891],[-58.3167,8670828.7493],[-58.3125,8670828.7341],[-58.2403,8670828.4591],[-58.1471,8670828.0969],[-58.1211,8670827.9935],[-58.1023,8670827.9241],[-58.0673,8670827.7911],[-58.0025,8670827.5541],[-57.8971,8670827.1469],[-57.8645,8670827.0171],[-57.7733,8670826.6965],[-57.6125,8670826.1241],[-57.5407,8670825.8501],[-57.4517,8670825.5315],[-57.4215,8670825.4215],[-57.3925,8670825.3141],[-57.374,8670825.2443],[-57.3621,8670825.1995],[-57.2699,8670824.8721],[-57.1801,8670824.5521],[-57.0817,8670824.2015],[-56.9615,8670823.7615],[-56.9325,8670823.6541],[-56.8613,8670823.3819],[-56.4995,8670822.8299],[-56.3503,8670822.5878],[-55.7497,8670821.6135],[-54.9787,8670820.1707],[-54.3037,8670818.6807],[-53.7273,8670817.1495],[-53.2525,8670815.5841],[-52.8809,8670813.9909],[-52.6917,8670812.9165],[-45.3999,8670765.5409],[-45.3227,8670765.0011],[-45.1623,8670763.3731],[-45.1089,8670761.7379],[-45.1623,8670760.1029],[-45.3227,8670758.4747],[-45.5893,8670756.8607],[-45.9607,8670755.2675],[-46.0709,8670754.8699],[-50.9481,8670737.8003],[-51.3129,8670736.6323],[-51.8891,8670735.1013],[-52.5641,8670733.6111],[-53.3353,8670732.1683],[-54.1991,8670730.7791],[-55.1523,8670729.4493],[-56.1901,8670728.1847],[-57.3083,8670726.9907],[-57.5667,8670726.7363],[-70.9528,8670713.7324],[-71.1125,8670713.5773],[-76.5591,8670707.4203],[-80.5677,8670695.8663],[-80.8811,8670682.7039],[-80.9275,8670681.6639],[-80.9514,8670681.3874],[-81.0163,8670680.6353],[-82.2357,8670669.2555],[-82.3073,8670668.6559],[-82.5739,8670667.0419],[-82.7581,8670666.1935],[-83.7191,8670662.1085],[-83.7191,8670657.6943],[-83.7727,8670656.0593],[-83.9329,8670654.4313],[-84.1995,8670652.8171],[-84.5709,8670651.2239],[-85.0459,8670649.6583],[-85.6219,8670648.1273],[-85.8737,8670647.5411],[-89.7465,8670638.8273],[-94.3191,8670618.4817],[-94.5625,8670617.4931],[-95.0373,8670615.9275],[-95.6135,8670614.3965],[-96.2887,8670612.9063],[-97.0601,8670611.4635],[-97.9239,8670610.0743],[-98.8769,8670608.7445],[-99.9145,8670607.4799],[-101.0331,8670606.2859],[-102.2271,8670605.1675],[-103.4917,8670604.1297],[-104.8213,8670603.1769],[-106.2107,8670602.3129],[-107.6535,8670601.5417],[-109.1435,8670600.8667],[-109.8155,8670600.5997],[-109.8397,8670600.5719],[-109.8957,8670600.5045],[-110.3847,8670599.9299],[-110.5099,8670599.7883],[-110.5347,8670599.7599],[-110.6525,8670599.6267],[-110.8285,8670599.4157],[-110.8697,8670599.3435],[-111.4051,8670598.4593],[-111.5001,8670598.2935],[-111.7133,8670597.9311],[-111.7569,8670597.8585],[-111.7845,8670597.8101],[-111.8443,8670597.7057],[-112.1701,8670597.1235],[-112.3833,8670596.7611],[-112.4433,8670596.6611],[-112.6103,8670596.3867],[-112.6735,8670596.2811],[-112.8137,8670596.0471],[-113.0233,8670595.6911],[-113.0833,8670595.5911],[-113.2703,8670595.2847],[-113.3733,8670595.1111],[-113.4933,8670594.9111],[-114.1439,8670593.8843],[-114.3375,8670593.5989],[-114.3609,8670593.5641],[-114.5695,8670593.2461],[-114.6895,8670593.0661],[-114.7039,8670593.0443],[-114.8969,8670592.7597],[-115.1793,8670592.3361],[-115.1937,8670592.3143],[-115.4815,8670591.8933],[-115.8017,8670591.4291],[-116.0015,8670591.1389],[-116.4931,8670590.4383],[-116.7627,8670590.0613],[-117.1407,8670589.5435],[-117.2007,8670589.4635],[-117.3669,8670589.2445],[-117.8629,8670588.6189],[-117.9665,8670588.4913],[-118.9063,8670587.3509],[-119.4661,8670586.7109],[-119.4845,8670586.6899],[-119.5955,8670586.5645],[-119.6107,8670586.5473],[-119.6161,8670586.5409],[-119.6347,8670586.5199],[-120.2675,8670585.8253],[-120.9029,8670585.1659],[-121.0629,8670585.0059],[-121.4867,8670584.5921],[-121.5429,8670584.5359],[-122.4195,8670583.7009],[-122.6701,8670583.4703],[-122.7021,8670583.4405],[-123.2715,8670582.9183],[-123.3615,8670582.8383],[-123.4871,8670582.7275],[-123.5081,8670582.7091],[-123.5145,8670582.7035],[-123.6215,8670582.6083],[-123.7469,8670582.4975],[-123.7681,8670582.4791],[-123.7743,8670582.4735],[-123.8817,8670582.3783],[-124.0069,8670582.2675],[-124.4805,8670581.8629],[-125.4615,8670581.0697],[-126.0263,8670580.6489],[-126.0553,8670580.6267],[-126.2045,8670580.5115],[-126.2717,8670580.4597],[-126.3397,8670580.4077],[-126.5495,8670580.2477],[-127.1855,8670579.7791],[-127.9863,8670579.2143],[-128.1739,8670579.0827],[-128.3798,8670578.9419],[-128.6211,8670578.7769],[-128.6725,8670578.7429],[-129.1049,8670578.4381],[-129.2701,8670578.3209],[-129.9187,8670577.8663],[-130.1087,8670577.7363],[-130.1497,8670577.7081],[-130.4337,8670577.5019],[-130.5335,8670577.4293],[-131.5731,8670576.6835],[-132.0215,8670576.3769],[-132.0449,8670576.3613],[-132.3315,8670576.1669],[-132.3549,8670576.1513],[-132.6413,8670575.9569],[-132.6631,8670575.9425],[-132.9513,8670575.7469],[-133.5337,8670575.3693],[-133.6385,8670575.3009],[-134.0113,8670575.0467],[-135.0213,8670574.4065],[-135.1349,8670574.3367],[-135.2443,8670574.2667],[-135.6241,8670574.0285],[-135.8145,8670573.9037],[-136.0315,8670573.7569],[-136.2813,8670573.5921],[-136.5341,8670573.4127],[-136.6341,8670573.3427],[-137.0815,8670573.0369],[-137.2083,8670572.9527],[-137.2915,8670572.8969],[-137.3647,8670572.8481],[-138.0313,8670572.3867],[-139.0107,8670571.7649],[-139.6681,8670571.3563],[-139.7453,8670571.3101],[-139.8883,8670571.2221],[-140.3477,8670570.9461],[-140.3917,8670570.9201],[-140.6229,8670570.7777],[-141.2513,8670570.4027],[-141.3053,8670570.3705],[-141.4547,8670570.2749],[-141.7547,8670570.0781],[-141.8219,8670570.0335],[-141.9815,8670569.9097],[-142.8639,8670569.2627],[-142.9447,8670569.2063],[-143.4641,8670568.8327],[-143.7641,8670568.6227],[-144.1275,8670568.3733],[-144.3163,8670568.2443],[-144.4041,8670568.1827],[-144.7627,8670567.9365],[-145.0713,8670567.7267],[-145.6739,8670567.3367],[-145.9015,8670567.1597],[-146.3187,8670566.8469],[-146.3971,8670566.7775],[-146.7523,8670566.4721],[-147.1561,8670566.1281],[-147.2761,8670566.0281],[-147.4603,8670565.8761],[-147.8097,8670565.5847],[-148.0297,8670565.4047],[-148.1157,8670565.3347],[-148.1887,8670565.2755],[-149.2317,8670564.4297],[-149.5665,8670564.1771],[-149.6829,8670564.0859],[-149.8717,8670563.9397],[-150.5333,8670563.4493],[-151.3155,8670562.8829],[-152.0811,8670562.2459],[-152.1471,8670562.1875],[-152.5969,8670561.8025],[-152.7221,8670561.6839],[-152.9221,8670561.4939],[-153.1245,8670561.3017],[-153.2093,8670561.2207],[-153.4525,8670560.9845],[-153.5457,8670560.8421],[-153.6089,8670560.7443],[-153.8201,8670560.4135],[-153.8795,8670560.3179],[-154.2509,8670559.7175],[-154.7039,8670559.0143],[-154.8579,8670558.7865],[-154.9879,8670558.5965],[-155.0659,8670558.4833],[-155.2459,8670558.2233],[-155.4575,8670557.9225],[-155.5517,8670557.7905],[-155.6259,8670557.6833],[-156.0543,8670557.0835],[-156.1941,8670556.8935],[-156.4867,8670556.5045],[-156.6627,8670556.2781],[-156.7353,8670556.1853],[-156.7967,8670556.1015],[-156.9173,8670555.9325],[-157.0343,8670555.7701],[-157.2263,8670555.3345],[-157.6447,8670554.4277],[-157.8989,8670553.8963],[-157.9415,8670553.8105],[-158.0887,8670553.5063],[-158.2439,8670553.1973],[-158.4087,8670552.8563],[-158.8187,8670552.0611],[-158.8889,8670551.9311],[-159.1255,8670551.5017],[-159.4599,8670550.9035],[-159.5857,8670550.6883],[-159.6797,8670550.5235],[-159.9687,8670550.0365],[-160.1187,8670549.7865],[-160.3653,8670549.3787],[-160.4199,8670549.2835],[-160.4763,8670549.1867],[-160.7561,8670548.7067],[-160.9885,8670548.3165],[-161.2945,8670547.8137],[-161.3947,8670547.6459],[-161.6667,8670547.0645],[-161.6851,8670547.0265],[-161.7115,8670546.9685],[-161.7433,8670546.8987],[-161.7609,8670546.8535],[-161.9787,8670546.2887],[-162.0387,8670546.1387],[-162.1281,8670545.9187],[-162.3837,8670545.2765],[-162.5019,8670544.9955],[-162.6219,8670544.7155],[-162.6287,8670544.6987],[-162.6887,8670544.5487],[-162.8037,8670544.2665],[-162.9221,8670543.9855],[-162.9821,8670543.8455],[-163.2135,8670543.3221],[-163.4809,8670542.7361],[-163.6103,8670542.4573],[-163.7301,8670542.1987],[-163.8101,8670542.0287],[-163.8349,8670541.9765],[-163.8479,8670541.9471],[-164.2389,8670541.1163],[-164.2891,8670541.0149],[-164.3693,8670540.8453],[-164.4373,8670540.7021],[-164.4597,8670540.6545],[-164.5417,8670540.4771],[-164.8187,8670539.8963],[-164.8527,8670539.8283],[-165.0069,8670539.4945],[-165.2259,8670539.0115],[-165.3599,8670538.7243],[-165.3681,8670538.7059],[-165.5135,8670538.3465],[-165.5293,8670538.3091],[-165.5467,8670538.2645],[-165.8235,8670537.5665],[-165.9315,8670537.3107],[-165.9535,8670537.2565],[-165.9755,8670537.2039],[-166.0723,8670536.9455],[-166.2689,8670536.4387],[-166.3289,8670536.2887],[-166.4437,8670536.0065],[-166.6059,8670535.6237],[-166.6337,8670535.5565],[-166.7201,8670535.3501],[-166.8235,8670535.0965],[-166.8849,8670534.9497],[-167.0711,8670534.4525],[-167.2887,8670533.8887],[-167.3487,8670533.7387],[-167.4637,8670533.4565],[-167.5821,8670533.1755],[-167.6421,8670533.0355],[-167.7645,8670532.7543],[-167.8033,8670532.6631],[-167.8837,8670532.4665],[-168.0417,8670532.0933],[-168.1717,8670531.7933],[-168.4719,8670531.1273],[-168.5571,8670530.9313],[-168.6577,8670530.7025],[-168.7469,8670530.4971],[-169.0869,8670529.5839],[-169.2067,8670529.2745],[-169.4837,8670528.5765],[-169.4993,8670528.5391],[-169.5139,8670528.5015],[-169.5425,8670528.4255],[-169.6093,8670528.2491],[-169.6985,8670527.9737],[-169.8235,8670527.5879],[-169.8737,8670527.4379],[-169.9027,8670527.3509],[-169.9995,8670527.0389],[-170.2035,8670526.3979],[-170.2219,8670526.3421],[-170.3875,8670525.8375],[-170.4745,8670525.5857],[-170.4873,8670525.5475],[-170.5109,8670525.4783],[-170.6175,8670525.1575],[-170.7473,8670524.7851],[-170.7567,8670524.7585],[-170.7735,8670524.7079],[-170.8175,8670524.5775],[-170.9473,8670524.2051],[-171.0471,8670523.9251],[-171.2055,8670523.4941],[-171.2199,8670523.4533],[-171.4471,8670522.8391],[-171.4947,8670522.7153],[-171.5073,8670522.6775],[-171.5475,8670522.5607],[-171.5779,8670522.4641],[-171.6005,8670522.3901],[-171.7903,8670521.7723],[-172.0135,8670521.0679],[-172.0637,8670520.9179],[-172.1075,8670520.7875],[-172.2133,8670520.4823],[-172.4201,8670519.8283],[-172.5315,8670519.4843],[-172.6471,8670519.1275],[-172.7363,8670518.8315],[-172.7375,8670518.8263],[-172.7515,8670518.7757],[-172.7943,8670518.6209],[-172.2649,8670516.7493],[-172.1725,8670516.4141],[-172.0429,8670515.9095],[-171.3231,8670512.9795],[-171.0811,8670511.8909],[-170.9697,8670511.2939],[-170.5846,8670509.0771],[-170.3999,8670508.0139],[-170.2443,8670506.9967],[-170.2053,8670506.6839],[-169.7953,8670503.2339],[-169.7259,8670502.5745],[-169.4259,8670499.3145],[-169.3743,8670498.6587],[-169.3703,8670498.5971],[-169.1601,8670495.2671],[-169.1525,8670495.1381],[-168.9723,8670492.0281],[-168.9449,8670491.4253],[-168.7549,8670485.7853],[-168.7407,8670484.9435],[-168.7407,8670484.8629],[-168.7495,8670482.1487],[-168.6609,8670478.9417],[-168.5623,8670475.7053],[-168.5511,8670475.0959],[-168.5313,8670471.8159],[-168.5307,8670471.6635],[-168.5341,8670471.2577],[-168.5839,8670468.1777],[-168.588,8670468.0787],[-168.6341,8670466.9485],[-168.6541,8670466.6697],[-169.0539,8670461.4597],[-169.1945,8670460.1105],[-169.3209,8670459.2635],[-169.9679,8670455.3799],[-170.2965,8670452.5434],[-170.5565,8670450.2981],[-170.5969,8670449.9699],[-171.2869,8670444.6299],[-171.2945,8670444.5703],[-171.5609,8670442.9563],[-171.5731,8670442.8955],[-172.6533,8670437.5355],[-173.0125,8670436.0031],[-173.4875,8670434.4375],[-173.9091,8670433.2885],[-175.5545,8670429.1233],[-175.6591,8670428.8585],[-175.8079,8670428.4903],[-176.9489,8670425.7311],[-178.1435,8670422.0097],[-179.7035,8670416.8583],[-179.9571,8670416.0675],[179.4663,8670414.5365],[179.4577,8670414.5155],[178.5451,8670412.3181],[176.8659,8670407.3053],[175.1589,8670402.1359],[175.0927,8670401.9375],[175.0157,8670401.7147],[173.2615,8670396.7023],[171.9367,8670392.4765],[170.8139,8670388.3915],[170.0157,8670384.9273],[169.4595,8670382.2783],[169.1509,8670379.6355],[169.1057,8670379.2703],[168.8391,8670377.6563],[168.7965,8670377.4473],[167.6765,8670372.0573],[167.3923,8670370.8419],[165.9621,8670365.3519],[165.9175,8670365.1831],[165.8941,8670365.0961],[165.0893,8670362.1355],[164.2543,8670359.0447],[163.7929,8670357.5275],[163.6415,8670357.0955],[162.5617,8670354.0955],[162.3287,8670353.4749],[161.2087,8670350.6049],[161.0163,8670350.1265],[160.7973,8670349.6139],[158.3871,8670344.1439],[158.1247,8670343.5677],[155.9109,8670338.8693],[153.9295,8670334.3199],[153.6101,8670333.6165],[151.7907,8670329.7689],[150.4551,8670325.8145],[150.4427,8670325.7775],[150.3525,8670325.5173],[148.4305,8670320.0531],[146.7767,8670315.1769],[145.0569,8670309.8813],[144.9527,8670309.5675],[144.7673,8670309.0411],[142.9373,8670304.0211],[142.8005,8670303.6551],[141.0085,8670298.9683],[139.2375,8670294.2455],[138.9265,8670293.4565],[138.2511,8670291.9663],[137.4799,8670290.5235],[137.3127,8670290.2381],[135.2831,8670286.8277],[133.6357,8670283.2697],[133.3713,8670282.7163],[132.6001,8670281.2735],[132.5927,8670281.2609],[130.3727,8670277.4209],[129.5161,8670276.0443],[128.6445,8670274.8211],[126.2845,8670271.7111],[126.2033,8670271.6045],[126.0127,8670271.3595],[123.8355,8670268.5939],[121.8401,8670265.7603],[121.2333,8670264.9345],[121.1917,8670264.8803],[118.8489,8670261.8447],[116.6683,8670258.7533],[116.0733,8670257.9445],[115.1129,8670256.7689],[112.2029,8670253.4189],[112.1253,8670253.3299],[111.6333,8670252.7851],[109.0639,8670250.0233],[106.6449,8670247.3633],[105.8271,8670246.5059],[105.7213,8670246.4007],[103.4491,8670244.1555],[102.3167,8670242.7205],[101.1089,8670240.8979],[99.9577,8670238.8533],[99.2881,8670237.4505],[98.3677,8670234.7223],[98.3525,8670234.6775],[98.1369,8670234.0681],[96.7069,8670230.1881],[96.6575,8670230.0555],[95.1575,8670226.0555],[94.8463,8670225.2665],[94.4253,8670224.3073],[92.3215,8670219.7755],[90.5675,8670215.9297],[89.0031,8670211.9155],[88.8063,8670211.4265],[88.6831,8670211.1341],[86.6231,8670206.3341],[86.0711,8670205.1363],[85.3001,8670203.6935],[85.1849,8670203.4961],[82.9287,8670199.6697],[81.2001,8670196.7175],[79.6443,8670193.5819],[78.8999,8670192.1935],[78.6483,8670191.7675],[77.2785,8670189.4999],[76.6245,8670188.0811],[75.5421,8670184.9067],[75.0751,8670183.6485],[74.0537,8670181.1079],[73.0851,8670178.6985],[72.9865,8670178.4565],[72.7583,8670177.9237],[69.9583,8670171.5837],[69.5111,8670170.6263],[68.7401,8670169.1835],[68.6689,8670169.0615],[66.8091,8670165.8815],[66.0161,8670164.6143],[65.0631,8670163.2845],[64.0255,8670162.0199],[63.8641,8670161.8377],[52.8293,8670149.4997],[50.499,8670146.561],[33.2911,8670124.8601],[32.4985,8670123.9097],[31.6367,8670122.9761],[28.541,8670119.7884],[24.9859,8670116.1277],[10.5659,8670101.2796],[1.1961,8670091.6315],[1.1863,8670090.8141],[1.1347,8670089.4715],[0.9743,8670087.8433],[0.8487,8670087.0826],[0.7079,8670086.2293],[0.3363,8670084.6361],[-0.1385,8670083.0705],[-0.7149,8670081.5395],[-1.3899,8670080.0493],[-2.1609,8670078.6065],[-2.2733,8670078.4143],[-6.3983,8670071.4143],[-7.1501,8670070.2173],[-8.1029,8670068.8875],[-9.1407,8670067.6229],[-9.9343,8670066.7599],[-13.1841,8670063.3871],[-17.6601,8670054.7261],[-19.9461,8670048.9733],[-21.8387,8670044.1005],[-23.0217,8670038.1235],[-23.7389,8670032.3843],[-23.8119,8670026.9367],[-23.8119,8670017.1065],[-23.8191,8670016.4989],[-24.0381,8670007.4989],[-24.0839,8670006.4715],[-24.0897,8670006.3915],[-24.7771,8669996.3915],[-24.9321,8669994.8433],[-25.1985,8669993.2293],[-25.4391,8669992.1457],[-27.1579,8669985.1457],[-27.2887,8669984.6361],[-27.4911,8669983.9229],[-30.4911,8669973.9229],[-30.7635,8669973.0705],[-31.3399,8669971.5395],[-31.5915,8669970.9531],[-35.5915,8669961.9531],[-36.0149,8669961.0493],[-36.6475,8669959.8501],[-40.3917,8669953.1937],[-42.9845,8669946.8723],[-47.6341,8669934.7831],[-50.4007,8669926.1881],[-51.8307,8669920.5679],[-53.7039,8669911.2037],[-53.8989,8669910.3119],[-55.6645,8669902.9025],[-57.2401,8669894.4997],[-57.2923,8669894.2293],[-57.6637,8669892.6361],[-57.7241,8669892.4155],[-60.1829,8669883.5631],[-64.6443,8669866.7093],[-64.6637,8669866.6361],[-64.7739,8669866.2385],[-66.7739,8669859.2385],[-66.9803,8669858.5527],[-69.1859,8669851.5945],[-71.6687,8669843.6497],[-71.8575,8669843.0705],[-71.9871,8669842.6981],[-74.4871,8669835.6981],[-74.9337,8669834.5395],[-75.3941,8669833.4959],[-78.0871,8669827.7507],[-80.3603,8669821.0621],[-80.4171,8669820.8973],[-82.9671,8669813.5619],[-84.7739,8669807.2385],[-85.1385,8669806.0705],[-85.2683,8669805.6981],[-87.4959,8669799.4611],[-89.2473,8669793.3311],[-91.4401,8669785.4251],[-91.4925,8669785.2385],[-93.4925,8669778.2385],[-93.6687,8669777.6497],[-96.0135,8669770.1457],[-96.6458,8669767.7806],[-98.2851,8669761.6495],[-98.2887,8669761.6361],[-98.3989,8669761.2385],[-100.2985,8669754.5891],[-101.9763,8669747.9967],[-104.3635,8669738.4477],[-105.9943,8669730.8557],[-106.1833,8669730.0431],[-108.0705,8669722.4931],[-109.6051,8669715.2199],[-111.0525,8669707.4993],[-111.1049,8669707.2293],[-111.4763,8669705.6361],[-111.5365,8669705.4155],[-113.8501,8669697.0869],[-115.8841,8669687.7879],[-117.5885,8669679.8551],[-117.6259,8669679.6833],[-119.5687,8669670.9407],[-121.5161,8669661.2037],[-121.5689,8669660.9463],[-123.2567,8669652.9463],[-123.4647,8669652.0431],[-125.4647,8669644.0431],[-125.5701,8669643.6361],[-125.8867,8669642.5533],[-128.0927,8669635.5927],[-130.4831,8669627.9427],[-132.2551,8669621.7411],[-133.7591,8669615.5027],[-133.8863,8669614.9211],[-139.3895,8669589.7643],[-139.6637,8669588.6361],[-139.7739,8669588.2385],[-141.7739,8669581.2385],[-142.1385,8669580.0705],[-142.7149,8669578.5395],[-143.1129,8669577.6301],[-148.1281,8669566.7635],[-149.7739,8669560.1807],[-150.7987,8669553.4541],[-152.7819,8669539.5711],[-153.0109,8669538.2293],[-153.0689,8669537.9463],[-154.7567,8669529.9463],[-155.0701,8669528.6361],[-155.2725,8669527.9229],[-158.1057,8669518.4793],[-159.9647,8669511.0431],[-160.0701,8669510.6361],[-160.1303,8669510.4155],[-162.3119,8669502.5618],[-162.5287,8669501.7815],[-163.8311,8669496.4763],[-164.8393,8669488.8361],[-164.8759,8669488.5711],[-165.0366,8669487.4461],[-165.8759,8669481.5711],[-166.0667,8669480.4253],[-167.9729,8669470.4253],[-168.0109,8669470.2293],[-168.1259,8669469.6833],[-170.1259,8669460.6833],[-170.3823,8669459.6361],[-170.4925,8669459.2385],[-172.0458,8669453.802],[-172.4907,8669452.2449],[-174.7703,8669444.2511],[-175.1385,8669443.0705],[-175.4037,8669442.3285],[-178.3351,8669434.5113],[-179.0996,8669432.3707],[179.2317,8669427.6981],[179.0963,8669427.3285],[176.3243,8669419.9365],[174.5351,8669414.2913],[172.8121,8669407.3999],[170.9475,8669398.8759],[170.0887,8669392.0057],[170.0679,8669391.8433],[169.9967,8669391.3419],[168.9621,8669384.5495],[168.6523,8669378.7691],[168.6347,8669378.4715],[168.4949,8669377.0057],[167.4949,8669369.0057],[167.4743,8669368.8433],[167.3177,8669367.8183],[166.1953,8669361.3709],[165.8182,8669358.4284],[164.9855,8669351.9295],[164.9743,8669351.8433],[164.8105,8669350.7779],[163.4895,8669343.2629],[162.3371,8669334.7521],[162.2229,8669333.9965],[160.8195,8669325.5755],[159.7011,8669316.1583],[159.6617,8669315.8433],[159.4475,8669314.4993],[156.4475,8669298.4993],[156.3955,8669298.2293],[156.2803,8669297.6833],[154.2803,8669288.6833],[154.0237,8669287.6361],[153.8877,8669287.1487],[150.7003,8669276.1487],[150.5197,8669275.5527],[148.4361,8669268.9795],[146.2325,8669261.0467],[144.3796,8669252.7081],[129.9907,8669261.8465],[100.5875,8669280.5206],[102.7963,8669288.1431],[104.7963,8669297.1431],[106.2963,8669305.1431],[107.7963,8669313.1431],[108.9839,8669323.1431],[110.4839,8669332.1431],[111.7025,8669341.1431],[113.1089,8669349.1431],[114.3901,8669359.1431],[115.6089,8669366.1431],[116.6089,8669374.1431],[116.9839,8669381.1431],[118.2025,8669389.1431],[119.2025,8669397.1431],[121.3901,8669407.1431],[123.3901,8669415.1431],[125.6089,8669422.1431],[126.4975,8669424.5129],[128.6089,8669430.1431],[131.1089,8669437.1431],[134.1089,8669445.1431],[136.3901,8669453.1431],[138.3901,8669460.1431],[140.39,8669469.1431],[142.2963,8669479.1431],[143.2963,8669486.1431],[144.4839,8669495.1431],[146.2025,8669502.1431],[148.7025,8669511.1431],[150.7025,8669519.1431],[153.7025,8669529.1431],[155.39,8669537.1431],[156.3901,8669544.1431],[157.39,8669551.1431],[158.6089,8669559.1431],[161.1089,8669569.1431],[167.1089,8669582.1431],[169.1089,8669589.1431],[171.2963,8669599.1431],[174.7963,8669615.1431],[176.4839,8669622.1431],[178.4839,8669629.1431],[-179.0161,8669637.1431],[-176.7975,8669644.1431],[-174.7975,8669652.1431],[-173.11,8669660.1431],[-171.11,8669670.1431],[-169.11,8669679.1431],[-167.3911,8669687.1431],[-165.2037,8669697.1431],[-162.7037,8669706.1431],[-161.2037,8669714.1431],[-159.5161,8669722.1431],[-157.5161,8669730.1431],[-155.7975,8669738.1431],[-153.2975,8669748.1431],[-151.5161,8669755.1431],[-149.5161,8669762.1431],[-147.11,8669771.1431],[-145.8077,8669775.3103],[-144.6099,8669779.1431],[-142.61,8669786.1431],[-140.3911,8669794.1431],[-138.3911,8669801.1431],[-135.8911,8669808.1431],[-133.8911,8669815.1431],[-131.11,8669823.1431],[-128.3911,8669831.1431],[-125.11,8669838.1431],[-122.6099,8669845.1431],[-120.11,8669853.1431],[-117.8911,8669860.1431],[-115.8911,8669867.1431],[-111.3911,8669884.1431],[-108.8911,8669893.1431],[-107.2037,8669902.1431],[-105.2975,8669910.1431],[-103.2975,8669920.1431],[-101.5161,8669927.1431],[-98.2975,8669937.1431],[-93.2975,8669950.1431],[-90.0161,8669958.1431],[-85.5161,8669966.1431],[-81.5161,8669975.1431],[-78.5161,8669985.1431],[-76.7975,8669992.1431],[-76.11,8670002.1431],[-75.8911,8670011.1431],[-75.8911,8670021.1431],[-75.7975,8670028.1431],[-74.7975,8670036.1431],[-73.0161,8670045.1431],[-70.2975,8670052.1431],[-67.5161,8670059.1431],[-60.7975,8670072.1431],[-55.0161,8670078.1431],[-50.8911,8670085.1431],[-50.7975,8670093.1431],[-45.7037,8670101.1431],[-44.2829,8670102.6061],[-43.6161,8670103.2927],[-42.3977,8670104.5473],[-41.669,8670105.2977],[-27.5914,8670119.7933],[-13.3769,8670134.4299],[-10.3756,8670138.2148],[1.0555,8670152.6304],[2.0625,8670153.9004],[6.6215,8670159.6497],[18.1501,8670172.5401],[20.01,8670175.7201],[22.81,8670182.0601],[24.8001,8670187.0101],[26.3001,8670191.4101],[28.08,8670195.27],[30.1701,8670198.7301],[32.1101,8670202.64],[34.3001,8670206.3801],[36.57,8670210.2301],[38.6301,8670215.03],[40.45,8670219.7001],[42.5301,8670224.26],[44.6701,8670228.8701],[46.1701,8670232.8701],[47.6001,8670236.7501],[49.0,8670240.9],[50.68,8670244.4201],[52.6901,8670247.9901],[54.9701,8670251.4301],[57.7,8670254.89],[61.0701,8670258.2201],[63.5801,8670260.9801],[66.25,8670263.8501],[69.1601,8670267.2001],[71.6501,8670270.7301],[74.32,8670274.1901],[76.7,8670277.5701],[79.2901,8670280.8601],[81.65,8670283.9701],[83.87,8670287.8101],[86.06,8670292.5401],[88.75,8670297.0601],[90.5501,8670301.8601],[92.37,8670306.6201],[94.2001,8670311.6401],[95.9701,8670317.0901],[97.7201,8670322.2501],[99.69,8670327.8501],[101.4901,8670333.1801],[103.93,8670338.34],[106.06,8670343.2301],[108.43,8670348.26],[110.84,8670353.7301],[111.96,8670356.6001],[113.0401,8670359.6001],[113.88,8670362.71],[114.69,8670365.6901],[116.12,8670371.1801],[117.2401,8670376.5701],[117.68,8670380.3401],[118.52,8670384.34],[119.49,8670388.5501],[120.87,8670393.5701],[122.4501,8670398.6101],[124.3401,8670404.01],[126.07,8670409.2501],[128.0401,8670415.1301],[129.2901,8670418.1401],[130.9101,8670423.4901],[132.4801,8670428.3801],[134.01,8670432.08],[135.76,8670436.5101],[136.8401,8670441.8701],[137.5301,8670447.21],[138.19,8670452.9101],[138.94,8670457.4101],[139.34,8670462.6201],[139.3901,8670465.7],[139.37,8670468.9801],[139.27,8670472.2601],[139.1701,8670475.8801],[139.18,8670478.9801],[139.1409,8670480.1412],[138.9901,8670484.6201],[138.9006,8670486.1648],[138.81,8670487.7301],[138.6001,8670491.0601],[138.3001,8670494.3201],[137.89,8670497.77],[137.3201,8670501.0501],[136.6001,8670503.9801],[135.01,8670509.6001],[134.1001,8670513.15],[134.1501,8670513.3201],[134.2001,8670513.4801],[134.25,8670513.6401],[134.3001,8670513.8101],[134.3501,8670513.9701],[134.4,8670514.14],[134.45,8670514.3001],[134.5001,8670514.47],[134.5501,8670514.64],[134.5912,8670514.7717],[134.6001,8670514.8001],[134.65,8670514.9601],[134.7,8670515.1301],[134.7501,8670515.28],[134.8001,8670515.4401],[134.8601,8670515.6001],[134.9101,8670515.77],[134.9701,8670515.9301],[135.02,8670516.09],[135.0801,8670516.2501],[135.13,8670516.4101],[135.18,8670516.5701],[135.24,8670516.7301],[135.2901,8670516.89],[135.3401,8670517.0501],[135.4,8670517.21],[135.4501,8670517.3701],[135.5001,8670517.53],[135.5501,8670517.6901],[135.6001,8670517.8501],[135.6501,8670518.01],[135.6901,8670518.1801],[135.7401,8670518.34],[135.7901,8670518.51],[135.8501,8670518.71],[135.93,8670519.0001],[136.0501,8670519.39],[136.1701,8670519.83],[136.2901,8670520.2201],[136.3701,8670520.5101],[136.4401,8670520.72],[136.4901,8670520.89],[136.5501,8670521.0501],[136.6001,8670521.22],[136.6601,8670521.3901],[136.71,8670521.5601],[136.7701,8670521.7301],[136.8201,8670521.9],[136.87,8670522.0701],[136.9201,8670522.2301],[136.9701,8670522.39],[137.0301,8670522.5501],[137.0801,8670522.71],[137.14,8670522.8601],[137.1901,8670523.01],[137.2051,8670523.0664],[137.2301,8670523.1601],[137.2801,8670523.3101],[137.33,8670523.46],[137.3701,8670523.6101],[137.4201,8670523.7601],[137.46,8670523.9101],[137.51,8670524.0501],[137.5501,8670524.2001],[137.6,8670524.34],[137.6197,8670524.4039],[137.64,8670524.47],[137.6901,8670524.6101],[137.7401,8670524.7501],[137.7801,8670524.9],[137.8301,8670525.0401],[137.8803,8670525.18],[137.9051,8670525.2451],[137.9298,8670525.3101],[137.9803,8670525.45],[138.0051,8670525.5151],[138.0304,8670525.5799],[138.0897,8670525.7202],[138.1151,8670525.7851],[138.1398,8670525.8502],[138.19,8670525.9901],[138.2501,8670526.1601],[138.33,8670526.3701],[138.43,8670526.65],[138.5301,8670526.9501],[138.63,8670527.2301],[138.7,8670527.45],[138.76,8670527.6201],[138.81,8670527.77],[138.8601,8670527.9101],[138.9,8670528.0501],[138.9501,8670528.1901],[139.0,8670528.3401],[139.0401,8670528.4801],[139.09,8670528.6301],[139.1301,8670528.7801],[139.18,8670528.9301],[139.2201,8670529.08],[139.27,8670529.2301],[139.33,8670529.3801],[139.38,8670529.5301],[139.43,8670529.6901],[139.4801,8670529.84],[139.5301,8670530.0001],[139.58,8670530.1601],[139.62,8670530.3101],[139.68,8670530.4701],[139.7301,8670530.6201],[139.7801,8670530.77],[139.84,8670530.9201],[139.9,8670531.08],[139.9701,8670531.2401],[140.0301,8670531.4],[140.0901,8670531.5601],[140.15,8670531.71],[140.21,8670531.8701],[140.2701,8670532.0301],[140.34,8670532.1801],[140.4001,8670532.3401],[140.46,8670532.4901],[140.52,8670532.6501],[140.5801,8670532.8001],[140.63,8670532.95],[140.68,8670533.1101],[140.74,8670533.26],[140.7901,8670533.4101],[140.8501,8670533.5501],[140.9101,8670533.7],[140.9701,8670533.8501],[141.0301,8670534.0001],[141.09,8670534.15],[141.1601,8670534.3001],[141.2201,8670534.45],[141.2901,8670534.6001],[141.3501,8670534.7501],[141.43,8670534.9201],[141.5301,8670535.15],[141.6601,8670535.45],[141.8101,8670535.77],[141.9401,8670536.0701],[142.0301,8670536.3001],[142.1101,8670536.4801],[142.1701,8670536.6301],[142.2301,8670536.77],[142.3001,8670536.9201],[142.3601,8670537.0601],[142.4201,8670537.21],[142.4701,8670537.3501],[142.5301,8670537.5001],[142.5801,8670537.65],[142.64,8670537.8001],[142.6901,8670537.9501],[142.7501,8670538.1001],[142.81,8670538.2401],[142.8701,8670538.3901],[142.93,8670538.5401],[143.0001,8670538.7001],[143.0601,8670538.8501],[143.12,8670539.0001],[143.1901,8670539.1601],[143.25,8670539.3101],[143.3101,8670539.46],[143.38,8670539.6101],[143.4401,8670539.7601],[143.5001,8670539.9201],[143.56,8670540.08],[143.6201,8670540.2401],[143.68,8670540.4],[143.7401,8670540.5501],[143.8001,8670540.71],[143.87,8670540.8601],[143.93,8670541.02],[144.0,8670541.1701],[144.06,8670541.33],[144.1201,8670541.4801],[144.18,8670541.64],[144.24,8670541.8001],[144.31,8670541.95],[144.37,8670542.1101],[144.43,8670542.26],[144.5,8670542.4201],[144.5601,8670542.5701],[144.6301,8670542.72],[144.6901,8670542.8701],[144.76,8670543.02],[144.83,8670543.1701],[144.9,8670543.3201],[144.9701,8670543.4701],[145.0401,8670543.6201],[145.1001,8670543.7601],[145.1701,8670543.9101],[145.2301,8670544.0501],[145.3001,8670544.1901],[145.3601,8670544.3301],[145.4201,8670544.4701],[145.4901,8670544.6001],[145.5501,8670544.7301],[145.6101,8670544.8601],[145.68,8670544.9901],[145.74,8670545.1201],[145.8001,8670545.2501],[145.8801,8670545.4201],[145.9801,8670545.6301],[146.1101,8670545.9101],[146.26,8670546.21],[146.3901,8670546.5001],[146.4901,8670546.7101],[146.57,8670546.8801],[146.6301,8670547.02],[146.7,8670547.1601],[146.76,8670547.3001],[146.83,8670547.4401],[146.8901,8670547.58],[146.9601,8670547.7301],[147.02,8670547.8701],[147.08,8670548.02],[147.1301,8670548.1601],[147.19,8670548.3101],[147.25,8670548.4501],[147.32,8670548.6001],[147.3801,8670548.7401],[147.4401,8670548.8801],[147.4901,8670549.03],[147.5501,8670549.1701],[147.6101,8670549.3201],[147.6701,8670549.4601],[147.7301,8670549.6101],[147.7801,8670549.76],[147.8401,8670549.9001],[147.89,8670550.0501],[147.9501,8670550.1901],[148.0,8670550.33],[148.0601,8670550.4701],[148.1201,8670550.6201],[148.2,8670550.8001],[148.3001,8670551.0401],[148.45,8670551.3501],[148.6001,8670551.6801],[148.75,8670551.9901],[148.8501,8670552.22],[148.93,8670552.4],[149.0001,8670552.5401],[149.06,8670552.6801],[149.1201,8670552.8201],[149.18,8670552.96],[149.2501,8670553.1001],[149.32,8670553.2301],[149.39,8670553.3701],[149.46,8670553.5101],[149.5401,8670553.65],[149.6201,8670553.78],[149.7,8670553.9201],[149.7901,8670554.0501],[149.87,8670554.1801],[149.9501,8670554.3201],[150.0301,8670554.4501],[150.1101,8670554.58],[150.1901,8670554.72],[150.2251,8670554.7801],[150.2603,8670554.8399],[150.34,8670554.97],[150.4201,8670555.0901],[150.49,8670555.2201],[150.5701,8670555.34],[150.64,8670555.46],[150.6751,8670555.5201],[150.71,8670555.58],[150.7801,8670555.7],[150.8151,8670555.7601],[150.85,8670555.82],[150.9201,8670555.9501],[150.9901,8670556.0701],[151.0251,8670556.1301],[151.0602,8670556.19],[151.1399,8670556.3202],[151.1751,8670556.3801],[151.21,8670556.44],[151.2901,8670556.5601],[151.3601,8670556.6901],[151.4401,8670556.8101],[151.51,8670556.9401],[151.59,8670557.0601],[151.6601,8670557.1901],[151.7301,8670557.3201],[151.81,8670557.4401],[151.8801,8670557.5701],[151.95,8670557.7],[151.9824,8670557.7554],[151.9851,8670557.7601],[152.02,8670557.82],[152.09,8670557.9501],[152.1501,8670558.0801],[152.2201,8670558.2201],[152.2801,8670558.3501],[152.34,8670558.48],[152.3751,8670558.5401],[152.41,8670558.6],[152.4701,8670558.7301],[152.5301,8670558.8601],[152.6001,8670558.9901],[152.6601,8670559.1201],[152.7201,8670559.26],[152.7901,8670559.39],[152.8501,8670559.5301],[152.9101,8670559.6601],[152.96,8670559.8001],[153.02,8670559.9301],[153.08,8670560.0701],[153.13,8670560.21],[153.19,8670560.34],[153.2501,8670560.4801],[153.3201,8670560.6101],[153.3801,8670560.7401],[153.4401,8670560.8701],[153.51,8670561.0101],[153.5801,8670561.1401],[153.64,8670561.2701],[153.7201,8670561.4101],[153.7901,8670561.5401],[153.8601,8670561.6701],[153.93,8670561.8001],[154.0001,8670561.9301],[154.06,8670562.06],[154.0949,8670562.1198],[154.13,8670562.18],[154.1593,8670562.2437],[154.1607,8670562.2465],[154.19,8670562.31],[154.2247,8670562.3695],[154.26,8670562.43],[154.3201,8670562.5601],[154.39,8670562.6801],[154.4251,8670562.7401],[154.4601,8670562.8001],[154.5301,8670562.9201],[154.5651,8670562.9802],[154.6,8670563.04],[154.68,8670563.1601],[154.76,8670563.2901],[154.84,8670563.4101],[154.93,8670563.53],[155.02,8670563.6601],[155.1101,8670563.7801],[155.2101,8670563.9],[155.3201,8670564.0501],[155.4701,8670564.2501],[155.6601,8670564.5001],[155.8601,8670564.78],[156.0501,8670565.0401],[156.1901,8670565.2301],[156.3001,8670565.3801],[156.39,8670565.5001],[156.4901,8670565.6201],[156.6001,8670565.7601],[156.74,8670565.95],[156.9201,8670566.21],[157.1201,8670566.4901],[157.3001,8670566.7501],[157.43,8670566.9401],[157.5201,8670567.09],[157.6001,8670567.2101],[157.6701,8670567.33],[157.7051,8670567.3901],[157.74,8670567.45],[157.7768,8670567.5052],[157.7799,8670567.5098],[157.82,8670567.57],[157.8528,8670567.6263],[157.8551,8670567.6302],[157.8903,8670567.69],[157.9701,8670567.8201],[158.0501,8670567.9401],[158.13,8670568.06],[158.1633,8670568.1171],[158.1651,8670568.1202],[158.2,8670568.18],[158.2801,8670568.3001],[158.3599,8670568.4202],[158.3951,8670568.4751],[158.4302,8670568.53],[158.51,8670568.65],[158.58,8670568.77],[158.6201,8670568.8251],[158.66,8670568.88],[158.73,8670569.0],[158.765,8670569.06],[158.8,8670569.12],[158.8801,8670569.2401],[158.95,8670569.36],[158.99,8670569.4149],[159.03,8670569.47],[159.1101,8670569.5901],[159.19,8670569.7001],[159.2301,8670569.7551],[159.2702,8670569.81],[159.36,8670569.9301],[159.4001,8670569.9851],[159.4402,8670570.04],[159.5301,8670570.1601],[159.62,8670570.2701],[159.71,8670570.39],[159.8001,8670570.5001],[159.88,8670570.6101],[159.9201,8670570.6652],[159.96,8670570.72],[159.9921,8670570.7591],[159.9956,8670570.7634],[160.05,8670570.83],[160.0851,8670570.8801],[160.1202,8670570.93],[160.2001,8670571.0401],[160.28,8670571.15],[160.3201,8670571.2001],[160.3603,8670571.2499],[160.45,8670571.36],[160.4947,8670571.4096],[160.5401,8670571.4601],[160.63,8670571.5601],[160.6751,8670571.6101],[160.72,8670571.66],[160.8201,8670571.76],[160.93,8670571.8701],[160.9801,8670571.9201],[161.03,8670571.97],[161.14,8670572.0701],[161.2401,8670572.1801],[161.35,8670572.28],[161.3995,8670572.3295],[161.45,8670572.38],[161.5601,8670572.4801],[161.6601,8670572.5801],[161.7101,8670572.6301],[161.76,8670572.68],[161.8152,8670572.7302],[161.87,8670572.78],[161.9197,8670572.8297],[161.9702,8670572.8799],[162.07,8670572.98],[162.1201,8670573.0251],[162.17,8670573.07],[162.2699,8670573.1702],[162.3201,8670573.2201],[162.37,8670573.27],[162.4801,8670573.3701],[162.58,8670573.47],[162.6299,8670573.5149],[162.68,8670573.56],[162.7296,8670573.6096],[162.78,8670573.66],[162.83,8670573.705],[162.88,8670573.75],[162.9279,8670573.798],[162.9312,8670573.8012],[162.98,8670573.85],[163.0301,8670573.8951],[163.08,8670573.94],[163.1287,8670573.9887],[163.18,8670574.04],[163.2298,8670574.0849],[163.28,8670574.13],[163.38,8670574.2301],[163.4801,8670574.3201],[163.5301,8670574.3651],[163.58,8670574.4101],[163.68,8670574.5001],[163.7301,8670574.5451],[163.7802,8670574.5899],[163.88,8670574.68],[163.9301,8670574.7201],[163.98,8670574.76],[164.0799,8670574.8503],[164.1301,8670574.8951],[164.18,8670574.94],[164.2901,8670575.0201],[164.39,8670575.1101],[164.4402,8670575.1552],[164.4901,8670575.2001],[164.59,8670575.2901],[164.6401,8670575.3351],[164.69,8670575.38],[164.8003,8670575.4699],[164.8501,8670575.5101],[164.9,8670575.5502],[165.01,8670575.6401],[165.12,8670575.7301],[165.23,8670575.81],[165.2799,8670575.855],[165.3302,8670575.8999],[165.43,8670575.99],[165.4794,8670576.0295],[165.53,8670576.07],[165.58,8670576.1151],[165.63,8670576.16],[165.6777,8670576.1981],[165.6801,8670576.2001],[165.7301,8670576.2401],[165.83,8670576.3201],[165.8802,8670576.3602],[165.93,8670576.4],[166.03,8670576.48],[166.0751,8670576.5251],[166.12,8670576.57],[166.22,8670576.65],[166.2743,8670576.6895],[166.33,8670576.73],[166.44,8670576.8202],[166.4901,8670576.8601],[166.54,8670576.9],[166.66,8670576.9802],[166.7151,8670577.0201],[166.77,8670577.06],[166.8901,8670577.14],[167.01,8670577.2201],[167.1501,8670577.3201],[167.34,8670577.45],[167.5701,8670577.6301],[167.83,8670577.8101],[168.0601,8670577.9901],[168.2301,8670578.1201],[168.3601,8670578.2201],[168.47,8670578.3],[168.5199,8670578.345],[168.57,8670578.39],[168.6901,8670578.4901],[168.8501,8670578.6201],[169.06,8670578.7901],[169.2801,8670578.97],[169.4801,8670579.1401],[169.6401,8670579.2701],[169.76,8670579.37],[169.81,8670579.415],[169.8603,8670579.4598],[169.95,8670579.54],[169.9947,8670579.5748],[170.04,8670579.61],[170.13,8670579.6901],[170.2201,8670579.77],[170.2651,8670579.8101],[170.31,8670579.8501],[170.4,8670579.9301],[170.4452,8670579.9702],[170.49,8670580.01],[170.58,8670580.09],[170.6251,8670580.1301],[170.67,8670580.17],[170.7703,8670580.2498],[170.8152,8670580.2852],[170.86,8670580.3202],[170.96,8670580.4001],[171.0101,8670580.4401],[171.06,8670580.48],[171.1096,8670580.5247],[171.16,8670580.57],[171.2067,8670580.6073],[171.2101,8670580.6101],[171.26,8670580.65],[171.37,8670580.73],[171.4251,8670580.7651],[171.48,8670580.8],[171.59,8670580.88],[171.64,8670580.9201],[171.69,8670580.96],[171.7452,8670580.9951],[171.8,8670581.03],[171.8499,8670581.0699],[171.9001,8670581.1101],[172.0001,8670581.1899],[172.0451,8670581.2251],[172.0899,8670581.2603],[172.19,8670581.34],[172.2351,8670581.3801],[172.28,8670581.42],[172.3799,8670581.4903],[172.4301,8670581.5302],[172.4802,8670581.5699],[172.58,8670581.65],[172.6295,8670581.6847],[172.6799,8670581.7202],[172.79,8670581.8001],[172.8451,8670581.8401],[172.9,8670581.88],[173.02,8670581.9501],[173.1401,8670582.03],[173.2602,8670582.1099],[173.3151,8670582.1451],[173.37,8670582.1801],[173.49,8670582.26],[173.5499,8670582.2949],[173.61,8670582.33],[173.7301,8670582.4101],[173.7851,8670582.4451],[173.8401,8670582.48],[173.96,8670582.55],[174.0146,8670582.5897],[174.07,8670582.63],[174.1799,8670582.7003],[174.2301,8670582.7351],[174.28,8670582.7702],[174.3902,8670582.85],[174.4401,8670582.8851],[174.4902,8670582.9199],[174.6,8670582.99],[174.6512,8670583.0274],[174.6551,8670583.0301],[174.71,8670583.07],[174.8199,8670583.1403],[174.8701,8670583.1751],[174.9201,8670583.21],[175.02,8670583.2801],[175.0701,8670583.3151],[175.12,8670583.35],[175.1698,8670583.3898],[175.22,8670583.43],[175.2699,8670583.4649],[175.32,8670583.5],[175.4201,8670583.5801],[175.52,8670583.65],[175.5699,8670583.68],[175.62,8670583.71],[175.72,8670583.78],[175.7651,8670583.8201],[175.81,8670583.86],[175.9002,8670583.9299],[175.9451,8670583.9651],[175.99,8670584.0],[176.08,8670584.08],[176.18,8670584.14],[176.2251,8670584.1751],[176.27,8670584.21],[176.3196,8670584.2447],[176.37,8670584.28],[176.4151,8670584.3151],[176.46,8670584.35],[176.5601,8670584.4199],[176.6101,8670584.4551],[176.66,8670584.49],[176.7701,8670584.5601],[176.87,8670584.6301],[176.9201,8670584.6651],[176.9703,8670584.6997],[177.0251,8670584.7351],[177.0799,8670584.7704],[177.1301,8670584.8051],[177.1802,8670584.8398],[177.2351,8670584.8752],[177.29,8670584.91],[177.3401,8670584.9451],[177.39,8670584.98],[177.5,8670585.0501],[177.61,8670585.12],[177.657,8670585.153],[177.6601,8670585.1551],[177.71,8670585.19],[177.8201,8670585.26],[177.93,8670585.33],[177.9852,8670585.3651],[178.04,8670585.4],[178.0952,8670585.4402],[178.0985,8670585.4425],[178.15,8670585.48],[178.2047,8670585.5148],[178.26,8670585.5501],[178.38,8670585.63],[178.4399,8670585.665],[178.4999,8670585.7002],[178.6302,8670585.7799],[178.6901,8670585.8151],[178.75,8670585.85],[178.8801,8670585.9201],[179.01,8670586.0001],[179.1701,8670586.0901],[179.3801,8670586.2201],[179.64,8670586.3801],[179.93,8670586.5501],[-179.81,8670586.71],[-179.61,8670586.83],[-179.4699,8670586.9201],[-179.35,8670587.0001],[-179.23,8670587.07],[-179.1749,8670587.1051],[-179.12,8670587.14],[-179.0,8670587.2101],[-178.8898,8670587.2899],[-178.8399,8670587.3251],[-178.79,8670587.3602],[-178.6799,8670587.4399],[-178.6299,8670587.4751],[-178.5798,8670587.5098],[-178.5249,8670587.5452],[-178.47,8670587.58],[-178.4199,8670587.6151],[-178.3697,8670587.6497],[-178.3149,8670587.6851],[-178.2602,8670587.7205],[-178.2099,8670587.7551],[-178.1598,8670587.7898],[-178.0501,8670587.8603],[-177.9999,8670587.8951],[-177.95,8670587.9302],[-177.8399,8670588.01],[-177.74,8670588.08],[-177.6899,8670588.1151],[-177.64,8670588.1502],[-177.5298,8670588.2299],[-177.4799,8670588.2651],[-177.4298,8670588.2998],[-177.3749,8670588.3351],[-177.3202,8670588.3704],[-177.2699,8670588.4051],[-177.22,8670588.44],[-177.11,8670588.5101],[-177.0,8670588.58],[-176.9499,8670588.6201],[-176.9,8670588.66],[-176.8201,8670588.7066],[-176.78,8670588.73],[-176.7256,8670588.7696],[-176.67,8670588.81],[-176.5199,8670588.9001],[-176.3299,8670589.03],[-176.0799,8670589.1901],[-175.8,8670589.3601],[-175.5499,8670589.5201],[-175.36,8670589.64],[-175.2101,8670589.7303],[-175.1549,8670589.7651],[-175.1,8670589.8002],[-174.98,8670589.87],[-174.9299,8670589.9101],[-174.88,8670589.95],[-174.7699,8670590.02],[-174.66,8670590.09],[-174.6103,8670590.1248],[-174.56,8670590.16],[-174.4499,8670590.2301],[-174.34,8670590.3],[-174.29,8670590.335],[-174.2397,8670590.3696],[-174.1838,8670590.4057],[-174.1301,8670590.4404],[-174.0799,8670590.4751],[-174.03,8670590.51],[-173.92,8670590.5701],[-173.82,8670590.6401],[-173.7699,8670590.6751],[-173.72,8670590.71],[-173.61,8670590.7801],[-173.5099,8670590.8501],[-173.4599,8670590.8851],[-173.41,8670590.92],[-173.3,8670590.9901],[-173.1999,8670591.0601],[-173.1499,8670591.0951],[-173.0998,8670591.1299],[-172.99,8670591.2],[-172.9449,8670591.2351],[-172.9,8670591.27],[-172.8,8670591.34],[-172.7502,8670591.3699],[-172.7,8670591.4],[-172.61,8670591.47],[-172.5649,8670591.5051],[-172.52,8670591.54],[-172.42,8670591.6101],[-172.33,8670591.68],[-172.285,8670591.71],[-172.24,8670591.74],[-172.1986,8670591.7722],[-172.1953,8670591.7748],[-172.15,8670591.81],[-172.1051,8670591.8399],[-172.06,8670591.87],[-171.9697,8670591.9399],[-171.9199,8670591.9751],[-171.87,8670592.01],[-171.7801,8670592.0802],[-171.7349,8670592.1151],[-171.69,8670592.15],[-171.6408,8670592.1795],[-171.59,8670592.21],[-171.5449,8670592.2451],[-171.5,8670592.28],[-171.4508,8670592.3095],[-171.4,8670592.34],[-171.3549,8670592.3751],[-171.31,8670592.41],[-171.2606,8670592.4397],[-171.21,8670592.47],[-171.1652,8670592.5049],[-171.12,8670592.54],[-171.0199,8670592.6001],[-170.9299,8670592.6701],[-170.8849,8670592.7051],[-170.84,8670592.74],[-170.74,8670592.8001],[-170.65,8670592.87],[-170.6051,8670592.9],[-170.5601,8670592.9302],[-170.4599,8670592.9999],[-170.4149,8670593.0301],[-170.37,8670593.06],[-170.2799,8670593.1301],[-170.18,8670593.2],[-170.1349,8670593.2351],[-170.09,8670593.27],[-169.99,8670593.34],[-169.9483,8670593.3677],[-169.9448,8670593.3701],[-169.9,8670593.4002],[-169.8,8670593.4701],[-169.7499,8670593.5051],[-169.7,8670593.54],[-169.5899,8670593.6001],[-169.49,8670593.67],[-169.4399,8670593.7051],[-169.39,8670593.7402],[-169.2798,8670593.8199],[-169.2299,8670593.8551],[-169.18,8670593.89],[-169.07,8670593.96],[-168.9499,8670594.0501],[-168.7799,8670594.1701],[-168.57,8670594.33],[-168.35,8670594.5001],[-168.1399,8670594.6601],[-167.98,8670594.7801],[-167.86,8670594.8701],[-167.76,8670594.94],[-167.7149,8670594.9801],[-167.67,8670595.02],[-167.6197,8670595.0602],[-167.57,8670595.1],[-167.5251,8670595.14],[-167.4799,8670595.1801],[-167.3899,8670595.26],[-167.3499,8670595.2951],[-167.31,8670595.3301],[-167.2199,8670595.4101],[-167.1299,8670595.49],[-167.0899,8670595.5251],[-167.05,8670595.5601],[-166.9599,8670595.6401],[-166.88,8670595.72],[-166.8401,8670595.7549],[-166.8,8670595.79],[-166.7201,8670595.8702],[-166.6799,8670595.9101],[-166.64,8670595.95],[-166.55,8670596.02],[-166.4699,8670596.1001],[-166.4299,8670596.1401],[-166.39,8670596.18],[-166.3438,8670596.2159],[-166.3,8670596.25],[-166.2599,8670596.2901],[-166.2201,8670596.3302],[-166.14,8670596.41],[-166.105,8670596.45],[-166.07,8670596.49],[-165.9898,8670596.5699],[-165.9499,8670596.6102],[-165.91,8670596.65],[-165.8645,8670596.6854],[-165.82,8670596.72],[-165.7803,8670596.7597],[-165.7401,8670596.8002],[-165.66,8670596.88],[-165.625,8670596.92],[-165.59,8670596.96],[-165.5501,8670596.9999],[-165.51,8670597.04],[-165.475,8670597.08],[-165.4399,8670597.12],[-165.36,8670597.21],[-165.29,8670597.2901],[-165.2549,8670597.3301],[-165.2199,8670597.3701],[-165.1499,8670597.45],[-165.1149,8670597.4901],[-165.0799,8670597.5301],[-165.0099,8670597.6101],[-164.9749,8670597.6501],[-164.94,8670597.6901],[-164.87,8670597.7701],[-164.8349,8670597.8101],[-164.8,8670597.85],[-164.74,8670597.9401],[-164.67,8670598.02],[-164.6401,8670598.0599],[-164.61,8670598.1],[-164.5746,8670598.1405],[-164.54,8670598.18],[-164.51,8670598.2199],[-164.48,8670598.26],[-164.4443,8670598.3008],[-164.41,8670598.34],[-164.3804,8670598.3795],[-164.35,8670598.42],[-164.3144,8670598.4607],[-164.28,8670598.5],[-164.2501,8670598.5399],[-164.2204,8670598.5803],[-164.1903,8670598.6245],[-164.1884,8670598.6274],[-164.16,8670598.67],[-164.1299,8670598.7101],[-164.1001,8670598.7502],[-164.04,8670598.83],[-164.015,8670598.8699],[-163.99,8670598.91],[-163.9302,8670598.9902],[-163.8999,8670599.0352],[-163.87,8670599.08],[-163.79,8670599.1801],[-163.6999,8670599.3201],[-163.57,8670599.5001],[-163.4299,8670599.71],[-163.2999,8670599.89],[-163.2001,8670600.0402],[-163.1649,8670600.0951],[-163.13,8670600.15],[-163.0835,8670600.2098],[-163.06,8670600.24],[-163.0301,8670600.2848],[-163.0,8670600.33],[-162.94,8670600.4201],[-162.9099,8670600.4651],[-162.88,8670600.51],[-162.82,8670600.6001],[-162.7899,8670600.6451],[-162.7599,8670600.6901],[-162.6999,8670600.7801],[-162.6699,8670600.8251],[-162.6397,8670600.87],[-162.57,8670600.97],[-162.5099,8670601.0601],[-162.4799,8670601.1051],[-162.45,8670601.15],[-162.3899,8670601.2501],[-162.3299,8670601.34],[-162.2999,8670601.3851],[-162.2698,8670601.43],[-162.2,8670601.5302],[-162.1699,8670601.5751],[-162.14,8670601.6201],[-162.08,8670601.72],[-162.0449,8670601.7651],[-162.01,8670601.81],[-161.9499,8670601.9101],[-161.89,8670602.01],[-161.865,8670602.0601],[-161.84,8670602.11],[-161.78,8670602.21],[-161.7501,8670602.2548],[-161.7202,8670602.3003],[-161.6597,8670602.3999],[-161.6299,8670602.4451],[-161.6,8670602.49],[-161.54,8670602.59],[-161.5151,8670602.6348],[-161.4897,8670602.6799],[-161.4299,8670602.78],[-161.3999,8670602.8301],[-161.3699,8670602.8801],[-161.3099,8670602.9801],[-161.2799,8670603.0301],[-161.2501,8670603.0801],[-161.1902,8670603.1803],[-161.1649,8670603.2251],[-161.1397,8670603.2699],[-161.0799,8670603.3701],[-161.02,8670603.47],[-160.99,8670603.515],[-160.96,8670603.56],[-160.9,8670603.66],[-160.8751,8670603.7097],[-160.8497,8670603.7599],[-160.7799,8670603.8901],[-160.69,8670604.0401],[-160.57,8670604.2501],[-160.4399,8670604.4801],[-160.32,8670604.6801],[-160.23,8670604.8301],[-160.17,8670604.95],[-160.14,8670604.9949],[-160.11,8670605.04],[-160.0849,8670605.0901],[-160.06,8670605.14],[-160.03,8670605.1851],[-160.0,8670605.23],[-159.9746,8670605.2808],[-159.95,8670605.33],[-159.9203,8670605.3745],[-159.89,8670605.42],[-159.8647,8670605.4705],[-159.84,8670605.52],[-159.8102,8670605.5646],[-159.7799,8670605.6101],[-159.72,8670605.7],[-159.6899,8670605.7451],[-159.6602,8670605.7902],[-159.6,8670605.88],[-159.5753,8670605.9243],[-159.5502,8670605.9702],[-159.4997,8670606.0699],[-159.4749,8670606.1151],[-159.4495,8670606.1599],[-159.4344,8670606.1833],[-159.39,8670606.25],[-159.365,8670606.3],[-159.34,8670606.35],[-159.2961,8670606.4158],[-159.2804,8670606.4403],[-159.255,8670606.485],[-159.23,8670606.53],[-159.1996,8670606.5756],[-159.17,8670606.62],[-159.1451,8670606.6648],[-159.1198,8670606.7099],[-159.0602,8670606.8102],[-159.0349,8670606.8551],[-159.0097,8670606.8999],[-158.9499,8670607.0001],[-158.89,8670607.09],[-158.865,8670607.135],[-158.84,8670607.18],[-158.7799,8670607.27],[-158.72,8670607.36],[-158.6952,8670607.4046],[-158.67,8670607.45],[-158.6099,8670607.5401],[-158.55,8670607.63],[-158.52,8670607.67],[-158.49,8670607.71],[-158.4301,8670607.8002],[-158.3999,8670607.8451],[-158.37,8670607.89],[-158.3346,8670607.9355],[-158.3,8670607.98],[-158.2702,8670608.0247],[-158.24,8670608.07],[-158.2044,8670608.1158],[-158.17,8670608.16],[-158.1402,8670608.2048],[-158.11,8670608.25],[-158.0397,8670608.3399],[-158.0049,8670608.3851],[-157.9699,8670608.4301],[-157.9,8670608.52],[-157.8649,8670608.5651],[-157.83,8670608.61],[-157.76,8670608.7],[-157.7201,8670608.7399],[-157.68,8670608.78],[-157.61,8670608.8701],[-157.53,8670608.96],[-157.495,8670609.005],[-157.46,8670609.05],[-157.4203,8670609.0947],[-157.38,8670609.14],[-157.3449,8670609.1851],[-157.31,8670609.23],[-157.2698,8670609.2752],[-157.23,8670609.32],[-157.195,8670609.365],[-157.16,8670609.41],[-157.09,8670609.5],[-157.0501,8670609.5399],[-157.01,8670609.58],[-156.9399,8670609.6701],[-156.86,8670609.76],[-156.8256,8670609.8042],[-156.79,8670609.85],[-156.7099,8670609.9401],[-156.64,8670610.03],[-156.6,8670610.07],[-156.56,8670610.11],[-156.5256,8670610.1543],[-156.49,8670610.2],[-156.4503,8670610.2398],[-156.41,8670610.28],[-156.375,8670610.325],[-156.34,8670610.37],[-156.3002,8670610.4098],[-156.26,8670610.45],[-156.1899,8670610.5401],[-156.11,8670610.63],[-156.075,8670610.675],[-156.04,8670610.72],[-155.97,8670610.81],[-155.9299,8670610.85],[-155.89,8670610.89],[-155.8198,8670610.98],[-155.7849,8670611.0201],[-155.7499,8670611.0601],[-155.67,8670611.1501],[-155.6349,8670611.1901],[-155.6,8670611.2302],[-155.53,8670611.32],[-155.4901,8670611.3599],[-155.45,8670611.4],[-155.3799,8670611.4901],[-155.3,8670611.57],[-155.2654,8670611.6096],[-155.23,8670611.65],[-155.189,8670611.691],[-155.1864,8670611.6936],[-155.15,8670611.73],[-155.1099,8670611.7751],[-155.07,8670611.82],[-154.9699,8670611.9201],[-154.8499,8670612.0501],[-154.6999,8670612.21],[-154.5299,8670612.39],[-154.3899,8670612.5601],[-154.28,8670612.6802],[-154.2399,8670612.7251],[-154.2001,8670612.7702],[-154.14,8670612.8401],[-154.1099,8670612.8751],[-154.0799,8670612.9101],[-154.0199,8670612.9801],[-153.9899,8670613.0151],[-153.96,8670613.05],[-153.9,8670613.12],[-153.865,8670613.15],[-153.83,8670613.18],[-153.7698,8670613.2499],[-153.7399,8670613.2801],[-153.71,8670613.31],[-153.68,8670613.345],[-153.65,8670613.38],[-153.6201,8670613.4099],[-153.5895,8670613.4397],[-153.5543,8670613.4706],[-153.52,8670613.5],[-153.4904,8670613.5296],[-153.46,8670613.56],[-153.3898,8670613.6199],[-153.3549,8670613.6501],[-153.32,8670613.6802],[-153.24,8670613.7501],[-153.1299,8670613.84],[-152.9799,8670613.9601],[-152.82,8670614.0901],[-152.67,8670614.21],[-152.5601,8670614.2903],[-152.5149,8670614.3251],[-152.47,8670614.36],[-152.3999,8670614.41],[-152.3649,8670614.4351],[-152.3299,8670614.46],[-152.2599,8670614.5101],[-152.2249,8670614.5351],[-152.1898,8670614.5599],[-152.12,8670614.61],[-152.0854,8670614.6298],[-152.05,8670614.65],[-151.98,8670614.7],[-151.91,8670614.75],[-151.8791,8670614.7677],[-151.84,8670614.79],[-151.7701,8670614.8403],[-151.7201,8670614.8755],[-151.6997,8670614.8898],[-151.6699,8670614.9098],[-151.6398,8670614.93],[-151.57,8670614.98],[-151.5356,8670614.9997],[-151.5,8670615.02],[-151.4655,8670615.0447],[-151.43,8670615.07],[-151.3951,8670615.09],[-151.36,8670615.11],[-151.29,8670615.1602],[-151.2602,8670615.1802],[-151.2302,8670615.2004],[-151.2096,8670615.2148],[-151.16,8670615.25],[-151.1394,8670615.2619],[-151.09,8670615.29],[-151.0639,8670615.3118],[-151.0599,8670615.3148],[-151.0099,8670615.3475],[-150.96,8670615.38],[-150.89,8670615.4203],[-150.8599,8670615.4398],[-150.8299,8670615.4599],[-150.8102,8670615.4708],[-150.7601,8670615.5004],[-150.69,8670615.54],[-150.66,8670615.5651],[-150.5599,8670615.6301],[-150.49,8670615.67],[-150.4642,8670615.6915],[-150.4599,8670615.6948],[-150.36,8670615.76],[-150.3255,8670615.7797],[-150.29,8670615.8],[-150.2502,8670615.815],[-150.21,8670615.83],[-150.1751,8670615.85],[-150.14,8670615.87],[-150.07,8670615.91],[-150.04,8670615.9351],[-149.94,8670616.0002],[-149.91,8670616.0201],[-149.8799,8670616.04],[-149.78,8670616.105],[-149.75,8670616.12],[-149.68,8670616.16],[-149.65,8670616.1801],[-149.5852,8670616.215],[-149.55,8670616.23],[-149.52,8670616.25],[-149.42,8670616.3102],[-149.3799,8670616.3351],[-149.3399,8670616.3599],[-149.24,8670616.4201],[-149.13,8670616.49],[-149.0831,8670616.5229],[-149.08,8670616.525],[-149.03,8670616.56],[-148.92,8670616.63],[-148.8735,8670616.6579],[-148.8698,8670616.6601],[-148.82,8670616.69],[-148.7726,8670616.7232],[-148.7698,8670616.7251],[-148.72,8670616.76],[-148.6739,8670616.7877],[-148.6699,8670616.7901],[-148.62,8670616.82],[-148.5099,8670616.8801],[-148.3998,8670616.9398],[-148.3499,8670616.9651],[-148.2999,8670616.99],[-148.18,8670617.05],[-148.1281,8670617.0736],[-148.125,8670617.075],[-148.07,8670617.1],[-147.96,8670617.15],[-147.91,8670617.1801],[-147.86,8670617.21],[-147.75,8670617.26],[-147.7008,8670617.2797],[-147.65,8670617.3],[-147.6009,8670617.3246],[-147.55,8670617.35],[-147.5005,8670617.3698],[-147.45,8670617.39],[-147.36,8670617.43],[-147.32,8670617.45],[-147.28,8670617.4702],[-147.175,8670617.525],[-147.14,8670617.54],[-147.0699,8670617.5799],[-147.04,8670617.5951],[-147.0099,8670617.6099],[-146.94,8670617.64],[-146.9053,8670617.6599],[-146.87,8670617.68],[-146.7599,8670617.7201],[-146.6199,8670617.7701],[-146.4599,8670617.83],[-146.31,8670617.8801],[-146.2499,8670617.9001],[-146.19,8670617.92],[-146.0899,8670617.9401],[-146.0499,8670617.9501],[-146.01,8670617.96],[-145.7899,8670618.0001],[-140.6753,8670640.7575],[-135.7983,8670651.7309],[-135.7983,8670659.0465],[-134.1727,8670665.9556],[-132.9533,8670677.3354],[-132.5469,8670694.4051],[-125.6378,8670714.3197],[-116.2901,8670724.8867],[-102.0653,8670738.7049],[-97.1883,8670755.7745],[-102.1419,8670787.959],[-102.8284,8670792.4199],[-104.48,8670803.15],[-106.79,8670806.6701],[-106.8999,8670806.9501],[-106.94,8670807.05],[-106.9548,8670807.0996],[-106.97,8670807.15],[-106.9887,8670807.1968],[-106.9901,8670807.2005],[-107.01,8670807.25],[-107.0249,8670807.2998],[-107.04,8670807.35],[-107.0799,8670807.46],[-107.1099,8670807.5601],[-107.1249,8670807.6102],[-107.14,8670807.66],[-107.1581,8670807.7097],[-107.1599,8670807.7148],[-107.1794,8670807.7702],[-107.1949,8670807.8201],[-107.21,8670807.8701],[-107.24,8670807.98],[-107.2632,8670808.0404],[-107.2649,8670808.0451],[-107.29,8670808.11],[-107.3399,8670808.2801],[-107.4099,8670808.5001],[-107.48,8670808.7501],[-107.5499,8670808.9701],[-107.6,8670809.14],[-107.6141,8670809.2017],[-107.6149,8670809.205],[-107.63,8670809.27],[-107.6602,8670809.37],[-107.675,8670809.4202],[-107.69,8670809.47],[-107.7099,8670809.58],[-107.74,8670809.6801],[-107.7549,8670809.7301],[-107.7698,8670809.7801],[-107.8001,8670809.89],[-107.8149,8670809.9401],[-107.8299,8670809.9901],[-107.8599,8670810.0901],[-107.8749,8670810.14],[-107.8899,8670810.1901],[-107.9199,8670810.2901],[-107.9349,8670810.34],[-107.95,8670810.39],[-107.9699,8670810.5001],[-108.0,8670810.6001],[-108.0149,8670810.65],[-108.0297,8670810.7001],[-108.0599,8670810.8101],[-108.09,8670810.91],[-108.1,8670810.9601],[-108.11,8670811.01],[-108.1238,8670811.0608],[-108.1249,8670811.0651],[-108.1259,8670811.0687],[-108.14,8670811.12],[-108.1492,8670811.1666],[-108.1499,8670811.1701],[-108.16,8670811.22],[-108.1899,8670811.33],[-108.2199,8670811.4401],[-108.235,8670811.4951],[-108.2501,8670811.5501],[-108.2802,8670811.66],[-108.295,8670811.7101],[-108.3097,8670811.7601],[-108.3399,8670811.8701],[-108.3702,8670811.98],[-108.3849,8670812.03],[-108.3997,8670812.0801],[-108.4299,8670812.1901],[-108.4449,8670812.2451],[-108.46,8670812.3],[-108.4783,8670812.355],[-108.48,8670812.3601],[-108.4814,8670812.3646],[-108.5,8670812.42],[-108.5137,8670812.4705],[-108.5149,8670812.4751],[-108.5298,8670812.5301],[-108.5601,8670812.65],[-108.5749,8670812.705],[-108.5898,8670812.7601],[-108.6201,8670812.8801],[-108.6349,8670812.9351],[-108.65,8670812.99],[-108.668,8670813.0441],[-108.6699,8670813.0501],[-108.6716,8670813.055],[-108.69,8670813.11],[-108.7037,8670813.1608],[-108.7049,8670813.1651],[-108.7198,8670813.2201],[-108.7501,8670813.34],[-108.7649,8670813.395],[-108.7797,8670813.4501],[-108.8099,8670813.5701],[-108.84,8670813.69],[-108.8598,8670813.7445],[-108.88,8670813.8],[-108.9099,8670813.9201],[-108.94,8670814.04],[-108.9586,8670814.0911],[-108.96,8670814.0951],[-108.98,8670814.15],[-108.9975,8670814.2205],[-108.9992,8670814.2269],[-109.01,8670814.27],[-109.0277,8670814.323],[-109.0289,8670814.3267],[-109.0299,8670814.33],[-109.05,8670814.39],[-109.0643,8670814.4526],[-109.0651,8670814.4556],[-109.08,8670814.52],[-109.0997,8670814.5793],[-109.12,8670814.64],[-109.15,8670814.76],[-109.1599,8670814.8198],[-109.17,8670814.88],[-109.2002,8670815.0],[-109.2149,8670815.0601],[-109.23,8670815.12],[-109.2486,8670815.1804],[-109.2499,8670815.1851],[-109.251,8670815.1885],[-109.27,8670815.25],[-109.2839,8670815.3062],[-109.285,8670815.3101],[-109.3,8670815.37],[-109.33,8670815.49],[-109.3498,8670815.5446],[-109.37,8670815.6],[-109.3999,8670815.7201],[-109.43,8670815.84],[-109.4392,8670815.8912],[-109.4399,8670815.8951],[-109.45,8670815.95],[-109.48,8670816.07],[-109.4925,8670816.1159],[-109.4937,8670816.1203],[-109.4949,8670816.125],[-109.5098,8670816.1801],[-109.5401,8670816.3001],[-109.5549,8670816.3551],[-109.5699,8670816.4101],[-109.5999,8670816.52],[-109.615,8670816.5751],[-109.63,8670816.6301],[-109.6599,8670816.7401],[-109.675,8670816.7951],[-109.69,8670816.85],[-109.6991,8670816.9057],[-109.7,8670816.9102],[-109.71,8670816.97],[-109.7248,8670817.0243],[-109.7397,8670817.0801],[-109.77,8670817.19],[-109.7799,8670817.2447],[-109.79,8670817.3],[-109.8199,8670817.4101],[-109.85,8670817.52],[-109.8598,8670817.5745],[-109.87,8670817.63],[-109.8843,8670817.6824],[-109.8851,8670817.6857],[-109.8863,8670817.6904],[-109.9,8670817.74],[-109.9099,8670817.7945],[-109.92,8670817.85],[-109.9341,8670817.9018],[-109.9353,8670817.9063],[-109.95,8670817.96],[-109.9591,8670818.0107],[-109.9599,8670818.0151],[-109.97,8670818.07],[-109.984,8670818.1216],[-109.985,8670818.1252],[-109.9862,8670818.1298],[-110.0,8670818.18],[-110.0091,8670818.231],[-110.0099,8670818.2351],[-110.02,8670818.29],[-110.05,8670818.4],[-110.08,8670818.52],[-110.0893,8670818.572],[-110.0899,8670818.5751],[-110.1,8670818.63],[-110.1299,8670818.7501],[-110.16,8670818.87],[-110.1699,8670818.9247],[-110.18,8670818.98],[-110.2099,8670819.1001],[-110.24,8670819.22],[-110.2587,8670819.2713],[-110.2599,8670819.275],[-110.28,8670819.33],[-110.3094,8670819.4502],[-110.3249,8670819.51],[-110.34,8670819.57],[-110.36,8670819.7],[-110.3899,8670819.8201],[-110.4049,8670819.8801],[-110.42,8670819.9401],[-110.4499,8670820.0601],[-110.4649,8670820.1201],[-110.4795,8670820.1802],[-110.51,8670820.3201],[-110.55,8670820.5001],[-110.6099,8670820.7901],[-110.7099,8670821.2001],[-110.8099,8670821.6701],[-110.9099,8670822.0801],[-110.9699,8670822.3701],[-111.0199,8670822.5501],[-111.0501,8670822.6801],[-111.0649,8670822.7401],[-111.08,8670822.8],[-111.0997,8670822.9201],[-111.11,8670822.9801],[-111.1202,8670823.04],[-111.15,8670823.16],[-111.1549,8670823.2248],[-111.16,8670823.29],[-111.1804,8670823.41],[-111.1899,8670823.4701],[-111.2,8670823.53],[-111.2099,8670823.6601],[-111.23,8670823.7801],[-111.24,8670823.8401],[-111.2499,8670823.9],[-111.2699,8670824.0201],[-111.2799,8670824.0801],[-111.2894,8670824.1401],[-111.31,8670824.27],[-111.3146,8670824.3267],[-111.3149,8670824.3301],[-111.32,8670824.39],[-111.3405,8670824.5199],[-111.3493,8670824.5763],[-111.3499,8670824.5801],[-111.3598,8670824.6401],[-111.3799,8670824.77],[-111.3999,8670824.89],[-111.41,8670824.9501],[-111.42,8670825.01],[-111.4299,8670825.1401],[-111.4499,8670825.26],[-111.4599,8670825.3201],[-111.4698,8670825.3801],[-111.4901,8670825.51],[-111.4999,8670825.5701],[-111.5096,8670825.6301],[-111.53,8670825.75],[-111.5349,8670825.8097],[-111.54,8670825.87],[-111.5599,8670825.9901],[-111.58,8670826.11],[-111.5849,8670826.1645],[-111.59,8670826.22],[-111.61,8670826.34],[-111.62,8670826.46],[-111.6293,8670826.5112],[-111.6299,8670826.515],[-111.64,8670826.57],[-111.6454,8670826.6362],[-111.6458,8670826.6398],[-111.65,8670826.69],[-111.6595,8670826.7473],[-111.66,8670826.7501],[-111.6697,8670826.8101],[-111.69,8670826.93],[-111.6949,8670826.9897],[-111.7,8670827.05],[-111.7107,8670827.1146],[-111.7114,8670827.1187],[-111.72,8670827.17],[-111.7246,8670827.2217],[-111.725,8670827.2251],[-111.7299,8670827.2801],[-111.74,8670827.4],[-111.75,8670827.52],[-111.7593,8670827.5712],[-111.7599,8670827.575],[-111.77,8670827.63],[-111.7799,8670827.7501],[-111.7899,8670827.8701],[-111.795,8670827.9301],[-111.7999,8670827.9901],[-111.81,8670828.1101],[-111.8149,8670828.1701],[-111.82,8670828.23],[-111.8295,8670828.2871],[-111.83,8670828.2901],[-111.8307,8670828.2949],[-111.84,8670828.35],[-111.8449,8670828.4094],[-111.8496,8670828.4701],[-111.86,8670828.6],[-111.8599,8670828.6561],[-111.8599,8670828.6601],[-111.86,8670828.72],[-111.8699,8670828.8501],[-111.88,8670828.97],[-111.8799,8670829.0269],[-111.8799,8670829.0301],[-111.88,8670829.09],[-111.8847,8670829.147],[-111.885,8670829.1501],[-111.8853,8670829.1547],[-111.89,8670829.21],[-111.8899,8670829.2657],[-111.8899,8670829.2701],[-111.8899,8670829.33],[-111.8899,8670829.46],[-111.8899,8670829.5201],[-111.8902,8670829.58],[-111.89,8670829.71],[-111.8947,8670829.7706],[-111.8949,8670829.7751],[-111.9,8670829.84],[-111.8996,8670829.9701],[-111.8999,8670830.0351],[-111.8999,8670830.1001],[-111.8999,8670830.2301],[-111.8999,8670830.2951],[-111.8999,8670830.3601],[-111.8999,8670830.4901],[-111.8999,8670830.5501],[-111.8999,8670830.6101],[-111.8999,8670830.7401],[-111.8999,8670830.8701],[-111.8999,8670830.9351],[-111.8999,8670831.0001],[-111.8999,8670831.1301],[-111.8999,8670831.1951],[-111.9,8670831.26],[-111.8899,8670831.4],[-111.8899,8670831.53],[-111.8899,8670831.5951],[-111.89,8670831.66],[-111.8852,8670831.7253],[-111.8849,8670831.7302],[-111.8848,8670831.7332],[-111.88,8670831.8],[-111.88,8670831.8584],[-111.88,8670831.8619],[-111.8799,8670831.8651],[-111.88,8670831.93],[-111.87,8670832.06],[-111.86,8670832.1197],[-111.85,8670832.18],[-111.84,8670832.31],[-111.84,8670832.3722],[-111.8399,8670832.3751],[-111.84,8670832.44],[-111.835,8670832.5088],[-111.8348,8670832.5129],[-111.83,8670832.58],[-111.83,8670832.6422],[-111.8299,8670832.6451],[-111.83,8670832.71],[-111.8195,8670832.8401],[-111.8149,8670832.9001],[-111.81,8670832.96],[-111.7999,8670833.09],[-111.7999,8670833.2201],[-111.7999,8670833.2851],[-111.7996,8670833.3501],[-111.8,8670833.48],[-111.795,8670833.5397],[-111.79,8670833.6001],[-111.7799,8670833.7301],[-111.7699,8670833.8501],[-111.7649,8670833.9101],[-111.76,8670833.9701],[-111.7499,8670834.1001],[-111.745,8670834.1601],[-111.7397,8670834.22],[-111.73,8670834.35],[-111.7203,8670834.4071],[-111.7199,8670834.4101],[-111.71,8670834.47],[-111.7002,8670834.6001],[-111.6949,8670834.6601],[-111.69,8670834.72],[-111.6801,8670834.7793],[-111.67,8670834.84],[-111.665,8670834.8994],[-111.66,8670834.96],[-111.6599,8670835.09],[-111.6499,8670835.2401],[-111.6399,8670835.4401],[-111.61,8670835.6901],[-111.5799,8670835.9801],[-111.5599,8670836.2301],[-111.5299,8670836.4301],[-111.5097,8670836.58],[-111.4999,8670836.6451],[-111.4901,8670836.7101],[-111.47,8670836.83],[-111.4654,8670836.8808],[-111.4649,8670836.8851],[-111.46,8670836.94],[-111.4397,8670837.0601],[-111.4299,8670837.1201],[-111.42,8670837.18],[-111.4099,8670837.3101],[-111.3899,8670837.4301],[-111.3799,8670837.4901],[-111.3701,8670837.5501],[-111.3498,8670837.6801],[-111.3399,8670837.7401],[-111.33,8670837.8],[-111.3253,8670837.8608],[-111.325,8670837.8639],[-111.3245,8670837.8693],[-111.32,8670837.93],[-111.31,8670837.9899],[-111.3,8670838.05],[-111.2945,8670838.1211],[-111.2942,8670838.1247],[-111.29,8670838.18],[-111.2807,8670838.2397],[-111.2799,8670838.2451],[-111.2694,8670838.31],[-111.24,8670838.4701],[-111.1999,8670838.6801],[-111.1499,8670838.9701],[-111.0999,8670839.2801],[-111.0499,8670839.5701],[-111.0099,8670839.7901],[-110.99,8670839.96],[-110.9599,8670840.1001],[-110.9398,8670840.24],[-110.9299,8670840.3051],[-110.92,8670840.37],[-110.906,8670840.4347],[-110.9045,8670840.4423],[-110.89,8670840.51],[-110.8812,8670840.5675],[-110.8805,8670840.5716],[-110.8799,8670840.5751],[-110.8699,8670840.64],[-110.8499,8670840.77],[-110.8399,8670840.8351],[-110.83,8670840.9001],[-110.8099,8670841.04],[-110.8,8670841.1051],[-110.7901,8670841.1701],[-110.7699,8670841.3101],[-110.75,8670841.45],[-110.74,8670841.5201],[-110.7296,8670841.59],[-110.71,8670841.73],[-110.695,8670841.7949],[-110.6801,8670841.8601],[-110.6499,8670842.0001],[-110.62,8670842.13],[-110.61,8670842.1947],[-110.6,8670842.26],[-110.5852,8670842.3288],[-110.5844,8670842.3328],[-110.57,8670842.4],[-110.5612,8670842.4572],[-110.5605,8670842.4614],[-110.5599,8670842.465],[-110.55,8670842.53],[-110.52,8670842.67],[-110.505,8670842.7349],[-110.4901,8670842.8001],[-110.4598,8670842.9401],[-110.4449,8670843.0052],[-110.43,8670843.07],[-110.4108,8670843.1321],[-110.4096,8670843.1363],[-110.39,8670843.2],[-110.3752,8670843.2639],[-110.36,8670843.33],[-110.3401,8670843.3947],[-110.32,8670843.46],[-110.3057,8670843.5221],[-110.3049,8670843.525],[-110.29,8670843.59],[-110.25,8670843.7201],[-110.21,8670843.85],[-110.196,8670843.9107],[-110.1949,8670843.9151],[-110.18,8670843.98],[-110.1399,8670844.1101],[-110.1,8670844.24],[-110.0857,8670844.3019],[-110.085,8670844.3049],[-110.07,8670844.37],[-110.03,8670844.5],[-110.0111,8670844.5563],[-110.0099,8670844.5602],[-109.9895,8670844.6199],[-109.9647,8670844.686],[-109.94,8670844.75],[-109.9201,8670844.8096],[-109.8998,8670844.8701],[-109.86,8670845.0],[-109.835,8670845.06],[-109.81,8670845.12],[-109.77,8670845.2501],[-109.7499,8670845.3102],[-109.73,8670845.37],[-109.6999,8670845.5001],[-109.6599,8670845.6201],[-109.6399,8670845.6801],[-109.62,8670845.74],[-109.5966,8670845.7959],[-109.595,8670845.7999],[-109.57,8670845.86],[-109.5501,8670845.9197],[-109.5298,8670845.9801],[-109.4897,8670846.1],[-109.4699,8670846.1551],[-109.4502,8670846.2102],[-109.41,8670846.3301],[-109.3899,8670846.3901],[-109.3702,8670846.4501],[-109.3299,8670846.58],[-109.2899,8670846.7001],[-109.2699,8670846.7601],[-109.25,8670846.82],[-109.2199,8670846.95],[-109.1799,8670847.0701],[-109.1599,8670847.1301],[-109.1399,8670847.1901],[-109.0999,8670847.3101],[-109.0799,8670847.3701],[-109.0601,8670847.4301],[-109.02,8670847.55],[-109.0052,8670847.6041],[-108.9899,8670847.66],[-108.96,8670847.78],[-108.9399,8670847.84],[-108.9202,8670847.9001],[-108.88,8670848.0301],[-108.8399,8670848.1501],[-108.8199,8670848.2101],[-108.8,8670848.27],[-108.7599,8670848.39],[-108.7399,8670848.4501],[-108.72,8670848.51],[-108.67,8670848.6301],[-108.6197,8670848.7599],[-108.5949,8670848.8202],[-108.57,8670848.88],[-108.51,8670849.0001],[-108.46,8670849.13],[-108.4299,8670849.1901],[-108.4,8670849.25],[-108.35,8670849.38],[-108.3302,8670849.4393],[-108.3097,8670849.5],[-108.26,8670849.63],[-108.24,8670849.6949],[-108.2199,8670849.7601],[-108.1699,8670849.9201],[-108.0999,8670850.1301],[-108.0,8670850.4],[-107.8999,8670850.7],[-107.8,8670850.9701],[-107.7199,8670851.1801],[-107.6599,8670851.3401],[-107.6097,8670851.47],[-107.5849,8670851.5301],[-107.5602,8670851.5901],[-107.5099,8670851.7201],[-107.46,8670851.84],[-107.4414,8670851.8959],[-107.4399,8670851.9001],[-107.42,8670851.96],[-107.37,8670852.08],[-107.3299,8670852.2001],[-107.3099,8670852.2601],[-107.2895,8670852.3199],[-107.2642,8670852.3873],[-107.2405,8670852.4502],[-107.2199,8670852.5101],[-107.1998,8670852.5701],[-107.1596,8670852.69],[-107.1399,8670852.7452],[-107.1201,8670852.8002],[-107.0798,8670852.92],[-107.0599,8670852.9751],[-107.04,8670853.03],[-107.0251,8670853.0896],[-107.01,8670853.15],[-106.99,8670853.205],[-106.97,8670853.26],[-106.9519,8670853.3326],[-106.9507,8670853.3371],[-106.94,8670853.38],[-106.9201,8670853.4396],[-106.9,8670853.5],[-106.8893,8670853.5427],[-106.8886,8670853.5455],[-106.87,8670853.62],[-106.851,8670853.6719],[-106.8499,8670853.6751],[-106.8301,8670853.7301],[-106.7898,8670853.85],[-106.7699,8670853.9051],[-106.75,8670853.96],[-106.7248,8670854.0153],[-106.7,8670854.07],[-106.6802,8670854.1243],[-106.66,8670854.18],[-106.61,8670854.2901],[-106.5697,8670854.41],[-106.5499,8670854.4651],[-106.5302,8670854.5202],[-106.49,8670854.6401],[-106.44,8670854.75],[-106.4201,8670854.7997],[-106.4,8670854.85],[-106.3499,8670854.96],[-106.2999,8670855.0701],[-106.2749,8670855.1252],[-106.2503,8670855.1802],[-106.1999,8670855.3001],[-106.14,8670855.42],[-106.1151,8670855.4748],[-106.09,8670855.53],[-106.0298,8670855.65],[-105.9999,8670855.7101],[-105.9703,8670855.7702],[-105.9099,8670855.9],[-105.8399,8670856.08],[-105.7499,8670856.3201],[-105.6599,8670856.5801],[-105.5799,8670856.8201],[-105.5099,8670857.0001],[-105.47,8670857.13],[-105.4499,8670857.1851],[-105.4299,8670857.2401],[-105.39,8670857.36],[-105.3651,8670857.4147],[-105.34,8670857.47],[-105.3139,8670857.5481],[-105.3,8670857.59],[-105.2749,8670857.6501],[-105.25,8670857.71],[-105.2198,8670857.7704],[-105.19,8670857.83],[-105.1661,8670857.8873],[-105.165,8670857.89],[-105.14,8670857.95],[-105.0801,8670858.0702],[-105.0549,8670858.1251],[-105.03,8670858.1801],[-104.98,8670858.3],[-104.9499,8670858.3601],[-104.92,8670858.42],[-104.8894,8670858.5194],[-104.88,8670858.55],[-104.8552,8670858.6095],[-104.8302,8670858.6702],[-104.78,8670858.79],[-104.7601,8670858.8495],[-104.74,8670858.91],[-104.69,8670859.03],[-104.6652,8670859.0844],[-104.6402,8670859.1402],[-104.5899,8670859.2601],[-104.54,8670859.38],[-104.5219,8670859.4299],[-104.5199,8670859.4352],[-104.4999,8670859.49],[-104.45,8670859.62],[-104.432,8670859.6742],[-104.4305,8670859.6785],[-104.4098,8670859.7401],[-104.3697,8670859.86],[-104.3499,8670859.9151],[-104.3302,8670859.9702],[-104.29,8670860.09],[-104.25,8670860.21],[-104.2249,8670860.2651],[-104.2,8670860.32],[-104.1599,8670860.4401],[-104.13,8670860.56],[-104.11,8670860.6149],[-104.09,8670860.67],[-104.0718,8670860.7429],[-104.071,8670860.7459],[-104.0699,8670860.7499],[-104.06,8670860.79],[-104.0402,8670860.8493],[-104.02,8670860.91],[-103.9699,8670861.0401],[-103.92,8670861.16],[-103.9012,8670861.2164],[-103.8999,8670861.2201],[-103.88,8670861.28],[-103.82,8670861.4],[-103.7699,8670861.52],[-103.7449,8670861.5801],[-103.72,8670861.64],[-103.66,8670861.77],[-103.6299,8670861.8301],[-103.6002,8670861.8902],[-103.54,8670862.02],[-103.4799,8670862.15],[-103.4102,8670862.2802],[-103.3799,8670862.3401],[-103.3503,8670862.4002],[-103.29,8670862.5301],[-103.23,8670862.65],[-103.2051,8670862.7096],[-103.1797,8670862.7699],[-103.1203,8670862.9002],[-103.0949,8670862.9601],[-103.0702,8670863.0201],[-103.0197,8670863.15],[-102.9949,8670863.2101],[-102.9699,8670863.27],[-102.92,8670863.4],[-102.8899,8670863.4601],[-102.86,8670863.52],[-102.7999,8670863.6701],[-102.7199,8670863.8701],[-102.61,8670864.1301],[-102.49,8670864.4101],[-102.3799,8670864.6701],[-102.3,8670864.8601],[-102.2401,8670865.0001],[-102.2149,8670865.0601],[-102.19,8670865.12],[-102.1774,8670865.1577],[-102.1761,8670865.1615],[-102.15,8670865.24],[-102.1249,8670865.295],[-102.1,8670865.35],[-102.0599,8670865.4701],[-102.01,8670865.59],[-101.99,8670865.6498],[-101.97,8670865.71],[-101.9199,8670865.83],[-101.88,8670865.95],[-101.8551,8670866.0046],[-101.83,8670866.06],[-101.7899,8670866.1801],[-101.74,8670866.3],[-101.7219,8670866.3498],[-101.7199,8670866.3551],[-101.7,8670866.41],[-101.65,8670866.53],[-101.6249,8670866.585],[-101.6,8670866.64],[-101.5809,8670866.6974],[-101.5799,8670866.7002],[-101.56,8670866.76],[-101.5349,8670866.8151],[-101.51,8670866.87],[-101.4902,8670866.9293],[-101.47,8670866.99],[-101.4449,8670867.0451],[-101.42,8670867.1],[-101.38,8670867.2201],[-101.33,8670867.34],[-101.3,8670867.395],[-101.27,8670867.45],[-101.2199,8670867.5701],[-101.16,8670867.69],[-101.1366,8670867.7415],[-101.135,8670867.745],[-101.11,8670867.8],[-101.05,8670867.9201],[-100.9997,8670868.04],[-100.9749,8670868.0951],[-100.9501,8670868.1502],[-100.8997,8670868.27],[-100.8749,8670868.3251],[-100.85,8670868.38],[-100.81,8670868.5001],[-100.7899,8670868.5551],[-100.7701,8670868.6102],[-100.7297,8670868.73],[-100.7099,8670868.7851],[-100.69,8670868.84],[-100.6599,8670868.96],[-100.62,8670869.08],[-100.6051,8670869.1397],[-100.59,8670869.2],[-100.54,8670869.3201],[-100.4997,8670869.44],[-100.4799,8670869.4951],[-100.46,8670869.55],[-100.4098,8670869.67],[-100.3849,8670869.7301],[-100.3601,8670869.7901],[-100.3097,8670869.92],[-100.2849,8670869.9801],[-100.26,8670870.04],[-100.2,8670870.16],[-100.1714,8670870.2123],[-100.1699,8670870.2151],[-100.14,8670870.27],[-100.08,8670870.3901],[-100.0499,8670870.4501],[-100.0202,8670870.5102],[-99.96,8670870.63],[-99.9352,8670870.6895],[-99.9098,8670870.7501],[-99.8595,8670870.8699],[-99.8362,8670870.9223],[-99.8349,8670870.9252],[-99.8103,8670870.9802],[-99.7599,8670871.1001],[-99.72,8670871.22],[-99.695,8670871.2749],[-99.67,8670871.33],[-99.63,8670871.4501],[-99.6099,8670871.5051],[-99.5901,8670871.5602],[-99.5498,8670871.68],[-99.5299,8670871.7351],[-99.51,8670871.79],[-99.4601,8670871.9001],[-99.4399,8670871.9501],[-99.4197,8670872.0],[-99.37,8670872.11],[-99.3501,8670872.1648],[-99.3297,8670872.22],[-99.2799,8670872.3501],[-99.2199,8670872.52],[-99.1299,8670872.7501],[-99.0399,8670872.9901],[-98.9499,8670873.2201],[-98.8799,8670873.3901],[-98.8549,8670873.4501],[-98.83,8670873.51],[-98.78,8670873.62],[-98.755,8670873.6699],[-98.7297,8670873.72],[-98.6702,8670873.8302],[-98.6449,8670873.8801],[-98.6197,8670873.93],[-98.5602,8670874.0402],[-98.5349,8670874.0901],[-98.5097,8670874.1399],[-98.4502,8670874.2502],[-98.4249,8670874.3001],[-98.4004,8670874.3503],[-98.3499,8670874.46],[-98.3099,8670874.5601],[-98.2899,8670874.6101],[-98.2699,8670874.6601],[-98.23,8670874.77],[-98.205,8670874.82],[-98.18,8670874.87],[-98.1398,8670874.97],[-98.1199,8670875.0151],[-98.1002,8670875.0602],[-98.06,8670875.1601],[-98.01,8670875.27],[-97.9952,8670875.3194],[-97.98,8670875.37],[-97.94,8670875.48],[-97.9151,8670875.5298],[-97.89,8670875.58],[-97.8499,8670875.6901],[-97.8,8670875.7901],[-97.7749,8670875.8401],[-97.75,8670875.89],[-97.7301,8670875.9447],[-97.71,8670876.0],[-97.6849,8670876.0501],[-97.6602,8670876.1002],[-97.6099,8670876.21],[-97.55,8670876.34],[-97.48,8670876.52],[-97.38,8670876.76],[-97.2699,8670877.02],[-97.1699,8670877.2601],[-97.0999,8670877.4401],[-97.04,8670877.58],[-96.99,8670877.7],[-96.9718,8670877.7502],[-96.9699,8670877.7551],[-96.9499,8670877.8101],[-96.9099,8670877.9201],[-96.8899,8670877.9751],[-96.8696,8670878.0299],[-96.8462,8670878.0872],[-96.8205,8670878.1502],[-96.7999,8670878.2051],[-96.78,8670878.26],[-96.7299,8670878.3801],[-96.68,8670878.5],[-96.6601,8670878.5598],[-96.64,8670878.62],[-96.59,8670878.74],[-96.5649,8670878.795],[-96.54,8670878.85],[-96.5202,8670878.9095],[-96.5,8670878.97],[-96.4749,8670879.0251],[-96.4502,8670879.0802],[-96.3997,8670879.1999],[-96.3749,8670879.2552],[-96.3502,8670879.3102],[-96.2997,8670879.43],[-96.2749,8670879.4851],[-96.2503,8670879.5402],[-96.1999,8670879.6601],[-96.1499,8670879.77],[-96.1249,8670879.8251],[-96.1002,8670879.8802],[-96.05,8670880.0001],[-95.9999,8670880.1101],[-95.9749,8670880.1651],[-95.95,8670880.22],[-95.9302,8670880.2793],[-95.91,8670880.34],[-95.8849,8670880.3951],[-95.86,8670880.45],[-95.82,8670880.5701],[-95.7999,8670880.6252],[-95.7801,8670880.6801],[-95.7398,8670880.8],[-95.7199,8670880.8551],[-95.7,8670880.91],[-95.6852,8670880.969],[-95.6839,8670880.9737],[-95.67,8670881.03],[-95.6511,8670881.0816],[-95.6499,8670881.0851],[-95.6302,8670881.1402],[-95.59,8670881.25],[-95.5759,8670881.3018],[-95.5749,8670881.3051],[-95.56,8670881.36],[-95.5196,8670881.47],[-95.4999,8670881.5251],[-95.48,8670881.58],[-95.44,8670881.6901],[-95.4199,8670881.7451],[-95.4,8670881.8],[-95.3754,8670881.8541],[-95.35,8670881.91],[-95.3302,8670881.9645],[-95.31,8670882.02],[-95.2597,8670882.1299],[-95.2349,8670882.1851],[-95.2103,8670882.2402],[-95.1599,8670882.3601],[-95.11,8670882.4701],[-95.0849,8670882.5251],[-95.0597,8670882.58],[-95.0,8670882.69],[-94.9801,8670882.7446],[-94.96,8670882.8],[-94.91,8670882.9],[-94.885,8670882.9499],[-94.86,8670883.0],[-94.8202,8670883.1001],[-94.7999,8670883.1501],[-94.7802,8670883.2002],[-94.74,8670883.3101],[-94.6999,8670883.4101],[-94.6799,8670883.4601],[-94.6601,8670883.5102],[-94.6197,8670883.62],[-94.5999,8670883.6701],[-94.58,8670883.72],[-94.5553,8670883.7692],[-94.53,8670883.82],[-94.5102,8670883.8695],[-94.49,8670883.92],[-94.4399,8670884.02],[-94.3999,8670884.1201],[-94.3799,8670884.1701],[-94.3598,8670884.22],[-94.3196,8670884.3199],[-94.3,8670884.3649],[-94.2801,8670884.4102],[-94.2397,8670884.5099],[-94.2199,8670884.5552],[-94.2002,8670884.6002],[-94.16,8670884.69],[-94.1451,8670884.7348],[-94.13,8670884.78],[-94.0899,8670884.8701],[-94.06,8670884.9601],[-94.0449,8670885.0051],[-94.0299,8670885.0501],[-93.9999,8670885.14],[-93.9849,8670885.1852],[-93.97,8670885.23],[-93.9526,8670885.269],[-93.9512,8670885.2723],[-93.93,8670885.32],[-93.914,8670885.3679],[-93.9127,8670885.3717],[-93.908,8670885.3854],[-93.9,8670885.41],[-93.87,8670885.49],[-93.8301,8670885.5801],[-93.8149,8670885.6202],[-93.7996,8670885.66],[-93.7603,8670885.7502],[-93.7449,8670885.7901],[-93.73,8670885.83],[-93.69,8670885.92],[-93.6703,8670885.9594],[-93.6502,8670886.0002],[-93.6097,8670886.0899],[-93.5899,8670886.1301],[-93.57,8670886.17],[-93.5448,8670886.2104],[-93.52,8670886.25],[-93.5002,8670886.2896],[-93.48,8670886.33],[-93.43,8670886.41],[-93.3933,8670886.4681],[-93.3797,8670886.49],[-93.33,8670886.56],[-93.28,8670886.64],[-93.26,8670886.685],[-93.24,8670886.73],[-93.19,8670886.83],[-93.1552,8670886.8896],[-93.1201,8670886.9501],[-93.0299,8670887.1101],[-92.9299,8670887.2901],[-92.8399,8670887.4401],[-92.78,8670887.56],[-92.7604,8670887.6041],[-92.74,8670887.65],[-92.7201,8670887.6848],[-92.7,8670887.72],[-92.6849,8670887.7551],[-92.6298,8670887.87],[-92.6049,8670887.9201],[-92.58,8670887.97],[-92.4999,8670888.1101],[-92.42,8670888.2501],[-92.3499,8670888.3801],[-92.29,8670888.48],[-92.2703,8670888.5194],[-92.25,8670888.56],[-92.2267,8670888.5949],[-92.21,8670888.62],[-92.195,8670888.65],[-92.1802,8670888.6802],[-92.15,8670888.75],[-92.1302,8670888.7847],[-92.11,8670888.82],[-92.0902,8670888.8644],[-92.0882,8670888.8688],[-92.07,8670888.91],[-92.0463,8670888.9525],[-92.0449,8670888.9551],[-92.02,8670889.0],[-91.97,8670889.1],[-91.9517,8670889.1413],[-91.9499,8670889.1451],[-91.93,8670889.19],[-91.8801,8670889.2801],[-91.8599,8670889.3201],[-91.8402,8670889.3602],[-91.8,8670889.44],[-91.785,8670889.4799],[-91.77,8670889.52],[-91.73,8670889.6],[-91.7099,8670889.6351],[-91.6899,8670889.6701],[-91.64,8670889.75],[-91.6213,8670889.7874],[-91.6199,8670889.7901],[-91.6,8670889.83],[-91.5497,8670889.91],[-91.5249,8670889.9501],[-91.5,8670889.99],[-91.47,8670890.08],[-91.4601,8670890.1195],[-91.45,8670890.16],[-91.44,8670890.24],[-91.44,8670890.2797],[-91.44,8670890.32],[-91.4699,8670890.5301],[-89.1799,8670894.9701],[-89.1799,8670897.8301],[-89.1799,8670902.3101],[-90.4099,8670910.0601],[-92.05,8670917.71],[-91.6399,8670931.1701],[-90.8299,8670940.5601],[-89.1999,8670949.5301],[-87.98,8670955.65],[-84.31,8670965.8501],[-81.05,8670977.6701],[-69.6499,8671011.09],[-69.4311,8671012.7347],[-68.43,8671020.2601],[-65.5799,8671030.6601],[-62.3199,8671041.0601],[-56.61,8671057.9901],[-47.0999,8671083.08],[-43.23,8671098.1701],[-38.74,8671115.3001],[-36.9099,8671121.6201],[-31.6499,8671132.1001],[-21.67,8671154.5301],[-15.76,8671168.96],[-13.8399,8671175.34],[-11.8099,8671181.9701],[-10.6899,8671185.9401],[-8.24,8671191.45],[-6.73,8671198.7401],[-5.0999,8671206.39],[-4.1799,8671211.89],[-0.1299,8671223.6601],[0.68,8671226.3101],[0.5801,8671230.6901],[0.9901,8671233.65],[3.6401,8671239.5601],[8.4201,8671250.1701],[10.6501,8671258.3201],[11.5701,8671266.7701],[12.08,8671280.83],[12.0501,8671281.4901],[12.08,8671281.7701],[12.12,8671282.0401],[12.1501,8671282.33],[12.1501,8671282.6001],[12.1501,8671283.3501],[12.1501,8671283.6201],[12.1501,8671283.8701],[12.1501,8671284.1001],[12.1501,8671284.3501],[12.1501,8671284.5901],[12.1501,8671284.8001],[12.1501,8671285.02],[12.1501,8671285.2301],[12.1501,8671285.5801],[12.1501,8671285.9101],[12.1501,8671286.1901],[12.14,8671286.45],[12.1301,8671286.6801],[12.08,8671287.0601],[11.9701,8671287.5001],[11.8901,8671287.7601],[11.8001,8671288.01],[11.7101,8671288.2301],[11.63,8671288.4201],[11.5401,8671288.65],[11.4301,8671288.8701],[11.32,8671289.0601],[11.2501,8671289.2801],[11.19,8671289.6901],[11.19,8671290.14],[11.19,8671290.4101],[11.19,8671290.7],[11.1701,8671291.0301],[11.1601,8671291.3701],[11.1501,8671291.7301],[11.1401,8671292.0901],[11.1101,8671292.46],[11.1001,8671292.6601],[11.08,8671292.8801],[11.06,8671293.0801],[11.0401,8671293.2901],[11.02,8671293.51],[11.01,8671293.7301],[10.9901,8671293.95],[10.9701,8671294.1801],[10.95,8671294.4101],[10.95,8671294.65],[10.95,8671294.9],[10.95,8671295.5901],[10.95,8671295.8501],[10.95,8671296.5801],[10.95,8671296.8501],[10.95,8671297.14],[10.95,8671297.9301],[10.95,8671298.21],[10.9601,8671298.4701],[10.9601,8671298.7501],[10.9601,8671299.0301],[10.9601,8671299.3001],[10.9601,8671299.5901],[10.9601,8671299.8601],[10.9601,8671300.1401],[10.9601,8671300.4301],[10.9601,8671300.7301],[10.9601,8671301.0001],[10.9601,8671301.2801],[10.9601,8671301.5701],[10.9601,8671301.8601],[10.9601,8671302.15],[10.9601,8671302.4301],[10.9601,8671302.71],[10.9601,8671302.9901],[10.9601,8671303.2801],[10.9601,8671303.58],[10.9701,8671303.9001],[10.9801,8671304.2],[10.9901,8671304.5001],[11.01,8671304.8001],[11.0301,8671305.1001],[11.0501,8671305.4201],[11.08,8671305.7201],[11.1201,8671306.02],[11.1501,8671306.33],[11.19,8671306.64],[11.46,8671308.4401],[11.5,8671308.7001],[11.5601,8671308.9701],[11.6001,8671309.2501],[11.63,8671309.5001],[11.6701,8671309.7601],[11.7101,8671310.0201],[11.7501,8671310.2801],[11.7901,8671310.5401],[11.8201,8671310.7901],[11.8601,8671311.0501],[11.8901,8671311.3101],[11.9201,8671311.59],[11.9501,8671311.84],[11.9801,8671312.1101],[12.0001,8671312.39],[12.0401,8671312.6701],[12.08,8671312.9501],[12.1001,8671313.26],[12.1301,8671313.5401],[12.1701,8671313.8201],[12.2,8671314.1301],[12.2301,8671314.4401],[12.27,8671314.7401],[12.31,8671315.0501],[12.3501,8671315.3501],[12.38,8671315.6601],[12.4201,8671315.9601],[12.45,8671316.2701],[12.49,8671316.58],[12.5301,8671316.89],[12.6301,8671317.7301],[12.6601,8671318.02],[12.69,8671318.3001],[12.77,8671319.0701],[12.7901,8671319.3201],[12.8101,8671319.5701],[12.8301,8671319.8201],[12.8501,8671320.0601],[12.8701,8671320.2901],[12.89,8671320.5401],[12.96,8671321.2301],[12.9901,8671321.4701],[13.0301,8671321.7001],[13.0701,8671321.9201],[13.1101,8671322.15],[13.1501,8671322.3601],[13.21,8671322.5701],[13.2701,8671322.7801],[13.33,8671322.9901],[13.4201,8671323.1901],[13.4901,8671323.39],[13.1597,8671339.6052],[14.9771,8671346.6005],[16.45,8671352.27],[16.2901,8671352.5601],[16.1601,8671352.8501],[16.1501,8671353.15],[16.1501,8671353.4701],[16.1701,8671353.77],[16.25,8671354.0601],[16.38,8671354.3301],[16.5501,8671354.58],[17.0901,8671355.1101],[17.3601,8671355.3201],[17.77,8671355.5701],[18.0501,8671355.7401],[18.3401,8671355.8901],[18.63,8671356.0501],[18.9301,8671356.1801],[19.2401,8671356.34],[19.57,8671356.4601],[19.9001,8671356.6101],[20.2401,8671356.7301],[20.58,8671356.84],[20.9301,8671356.9401],[21.26,8671357.0401],[21.6001,8671357.09],[21.93,8671357.2],[22.2501,8671357.2901],[22.5501,8671357.3201],[22.8601,8671357.33],[23.31,8671357.3401],[23.58,8671357.3501],[24.0701,8671357.3501],[24.5801,8671357.3501],[24.8701,8671357.3501],[25.12,8671357.3501],[25.3601,8671357.3501],[25.6101,8671357.3501],[25.8501,8671357.3401],[26.08,8671357.3401],[26.2901,8671357.3401],[26.5,8671357.3401],[26.71,8671357.3401],[27.0201,8671357.3401],[27.26,8671357.3401],[27.4901,8671357.3401],[27.7301,8671357.3401],[27.9801,8671357.3401],[28.2101,8671357.3401],[28.44,8671357.3401],[28.6501,8671357.3401],[28.8601,8671357.3401],[29.08,8671357.3401],[29.2801,8671357.3501],[29.4801,8671357.4301],[29.6101,8671357.6101],[29.71,8671357.8101],[29.8201,8671358.08],[30.0401,8671358.76],[30.1001,8671359.0301],[30.1701,8671359.33],[30.2201,8671359.64],[30.27,8671359.9601],[30.33,8671360.2801],[30.3701,8671360.6101],[30.4001,8671360.9501],[30.4301,8671361.2901],[30.45,8671361.64],[30.49,8671361.9801],[30.5201,8671362.3501],[30.5501,8671362.7],[30.58,8671363.0601],[30.6301,8671363.4301],[30.6801,8671363.8001],[30.7301,8671364.1701],[30.8201,8671364.7101],[30.8401,8671364.9101],[30.95,8671365.4801],[30.9801,8671365.6901],[31.02,8671365.9001],[31.0501,8671366.1101],[31.08,8671366.3201],[31.1201,8671366.5401],[31.1601,8671366.7501],[31.2801,8671367.39],[31.3101,8671367.6201],[31.3401,8671367.84],[31.37,8671368.0601],[31.39,8671368.27],[31.43,8671368.4801],[31.4701,8671368.7],[31.5401,8671369.0901],[31.6201,8671369.4701],[31.6701,8671369.6701],[31.74,8671370.0401],[31.7801,8671370.2401],[31.89,8671370.6001],[31.9801,8671370.95],[32.0901,8671371.2901],[32.2,8671371.6101],[32.3201,8671371.9401],[32.5401,8671372.6001],[32.7901,8671373.4501],[32.89,8671373.8101],[32.9801,8671374.1701],[33.06,8671374.5301],[33.1401,8671374.89],[33.2,8671375.2201],[33.26,8671375.5601],[33.3001,8671375.9],[33.37,8671376.5301],[33.4001,8671376.8501],[33.4201,8671377.1601],[33.4401,8671377.4801],[33.4701,8671377.7801],[33.5,8671378.0901],[33.5301,8671378.39],[33.5801,8671378.71],[33.6701,8671379.33],[33.7501,8671379.8001],[33.81,8671380.1301],[33.8801,8671380.45],[33.9501,8671380.76],[33.9901,8671381.0601],[34.0301,8671381.3501],[34.0501,8671381.6501],[34.0501,8671381.9301],[34.0501,8671382.2001],[34.0501,8671382.45],[34.0501,8671382.7101],[34.0501,8671382.9701],[34.07,8671383.2201],[34.12,8671383.5701],[34.18,8671383.8101],[34.26,8671384.0601],[34.38,8671384.2901],[34.56,8671384.65],[34.69,8671384.8901],[34.93,8671385.2401],[35.1001,8671385.4601],[35.2701,8671385.6901],[35.4301,8671385.9101],[35.5901,8671386.1301],[35.7501,8671386.3501],[35.9101,8671386.5601],[36.08,8671386.77],[36.2401,8671386.9801],[36.4001,8671387.1801],[36.56,8671387.39],[36.71,8671387.5901],[36.87,8671387.8101],[37.02,8671388.0401],[37.1801,8671388.26],[37.3401,8671388.4901],[37.6601,8671389.0701],[37.7901,8671389.34],[38.0001,8671389.9001],[38.1001,8671390.2],[38.1901,8671390.5201],[38.26,8671390.8701],[38.3401,8671391.2201],[38.4001,8671391.5501],[38.45,8671391.9001],[38.4701,8671392.2301],[38.4701,8671392.5601],[38.4701,8671392.9],[38.4701,8671393.21],[38.4701,8671393.5301],[38.4701,8671393.83],[38.4601,8671394.1301],[38.45,8671394.4301],[38.4101,8671394.7201],[38.3701,8671395.0001],[38.25,8671395.52],[38.1101,8671395.8701],[38.0001,8671396.08],[37.8144,8671396.3493],[37.8001,8671396.3701],[37.6501,8671396.5501],[37.4701,8671396.6901],[37.27,8671396.8301],[37.0401,8671396.9401],[36.7901,8671397.0401],[36.52,8671397.1201],[36.2301,8671397.1901],[35.94,8671397.26],[35.64,8671397.3501],[35.3401,8671397.4401],[35.0301,8671397.5601],[34.75,8671397.7101],[34.5001,8671397.8901],[34.2401,8671398.09],[33.9276,8671398.431],[33.9101,8671398.45],[33.7101,8671398.7201],[33.4901,8671399.15],[33.3801,8671399.4701],[33.3801,8671399.7801],[33.3801,8671400.1101],[33.4201,8671400.4201],[33.51,8671400.7401],[33.8901,8671401.4801],[34.1301,8671401.7901],[34.27,8671401.9401],[34.4101,8671402.1001],[34.56,8671402.2501],[34.7201,8671402.4001],[34.8801,8671402.5701],[35.06,8671402.7301],[35.2201,8671402.89],[35.4001,8671403.0501],[35.5801,8671403.2],[35.7501,8671403.3501],[35.9201,8671403.51],[36.1001,8671403.6601],[36.2801,8671403.7901],[36.45,8671403.95],[36.7801,8671404.2001],[37.2501,8671404.5601],[37.4101,8671404.6801],[37.81,8671404.9701],[38.1101,8671405.1601],[38.38,8671405.34],[38.6801,8671405.4801],[38.9701,8671405.6501],[39.2501,8671405.7801],[39.5301,8671405.9201],[39.7801,8671406.0401],[40.0301,8671406.15],[40.27,8671406.2501],[40.4801,8671406.3701],[40.7701,8671406.5401],[40.9401,8671406.6701],[41.1101,8671406.83],[41.27,8671406.9901],[41.4101,8671407.1701],[41.5301,8671407.3701],[41.6901,8671407.6701],[41.8001,8671407.89],[41.9401,8671408.2501],[42.0401,8671408.51],[42.1501,8671408.7601],[42.2401,8671409.01],[42.3401,8671409.2601],[42.45,8671409.52],[42.5901,8671409.7901],[42.7101,8671410.0601],[42.8401,8671410.33],[42.9701,8671410.6001],[43.0901,8671410.8601],[43.2,8671411.1201],[43.31,8671411.39],[43.4001,8671411.6601],[43.4701,8671411.9301],[43.6001,8671412.3101],[43.6801,8671412.5601],[43.8601,8671413.08],[44.0501,8671413.6401],[44.1301,8671413.9201],[44.24,8671414.2201],[44.3401,8671414.5301],[44.4401,8671414.8501],[44.5501,8671415.1701],[44.6501,8671415.4901],[44.7901,8671415.8101],[44.8901,8671416.14],[45.0201,8671416.4401],[45.12,8671416.7401],[45.2,8671417.0301],[45.3001,8671417.2901],[45.3401,8671417.5301],[45.3401,8671417.77],[45.3501,8671418.0001],[45.3501,8671418.21],[45.3501,8671418.51],[45.3501,8671419.1601],[45.3401,8671419.4101],[45.3401,8671419.6901],[45.33,8671419.9801],[45.3201,8671420.2901],[45.3201,8671420.6201],[45.3201,8671420.9701],[45.33,8671421.33],[45.33,8671421.71],[45.33,8671422.08],[45.33,8671422.2901],[45.33,8671422.6801],[45.33,8671422.9001],[45.33,8671423.3001],[45.33,8671423.51],[45.33,8671423.7201],[45.33,8671423.9401],[45.33,8671424.15],[45.33,8671424.3601],[45.33,8671424.58],[45.33,8671424.8001],[45.33,8671425.02],[45.33,8671425.6301],[45.33,8671425.8501],[45.33,8671426.4801],[45.33,8671426.6901],[45.33,8671426.9],[45.33,8671427.1101],[45.33,8671427.3201],[45.3401,8671427.71],[45.4301,8671428.4801],[45.52,8671428.8501],[45.62,8671429.2201],[45.69,8671429.4101],[45.8301,8671429.76],[45.9901,8671430.1101],[46.1701,8671430.4501],[46.37,8671430.8001],[46.4801,8671430.9701],[46.5901,8671431.14],[46.7101,8671431.3101],[46.8201,8671431.4801],[46.94,8671431.65],[47.1801,8671431.9801],[47.3101,8671432.1601],[47.4401,8671432.3201],[47.5701,8671432.4901],[48.06,8671433.14],[48.46,8671433.6401],[48.5901,8671433.8201],[48.7401,8671433.9901],[48.8901,8671434.1601],[49.0301,8671434.3401],[49.1801,8671434.51],[49.32,8671434.6801],[49.4901,8671434.8501],[49.6301,8671435.01],[49.7901,8671435.1801],[49.9301,8671435.3501],[50.0801,8671435.5301],[50.24,8671435.7],[50.4001,8671435.8701],[50.5501,8671436.0501],[50.71,8671436.2301],[51.21,8671436.71],[51.39,8671436.8801],[51.5701,8671437.0501],[51.7501,8671437.21],[51.9501,8671437.3801],[52.1601,8671437.5601],[52.3501,8671437.7401],[52.5401,8671437.9101],[52.7301,8671438.0801],[52.93,8671438.2501],[53.1201,8671438.4301],[53.3101,8671438.6101],[53.4901,8671438.7901],[53.6901,8671438.9701],[53.87,8671439.15],[54.0501,8671439.33],[54.5601,8671439.8601],[54.7201,8671440.0501],[55.19,8671440.6001],[55.3501,8671440.7901],[55.5301,8671440.9901],[55.68,8671441.1901],[55.83,8671441.39],[55.9701,8671441.6001],[56.0901,8671441.8201],[56.2201,8671442.0301],[56.3401,8671442.2301],[56.45,8671442.45],[56.5501,8671442.6601],[56.6601,8671442.8801],[56.75,8671443.09],[56.8401,8671443.3101],[56.9201,8671443.52],[57.0,8671443.7201],[57.08,8671443.9201],[57.1501,8671444.1301],[57.2201,8671444.34],[57.33,8671444.7201],[57.39,8671444.9201],[57.4401,8671445.1201],[57.5301,8671445.4901],[57.6501,8671446.02],[57.7301,8671446.3801],[57.7901,8671446.7301],[57.8601,8671447.0701],[58.0001,8671447.71],[58.0901,8671448.2001],[58.1701,8671448.5301],[58.25,8671448.8801],[58.3201,8671449.2401],[58.4101,8671449.6001],[58.4701,8671449.8101],[58.51,8671450.0101],[58.56,8671450.21],[58.6001,8671450.4201],[58.6501,8671450.6301],[58.7201,8671450.83],[58.7801,8671451.0401],[58.8501,8671451.2601],[58.9101,8671451.4901],[58.9801,8671451.7001],[59.06,8671451.9401],[59.1401,8671452.1701],[59.2101,8671452.3801],[59.3001,8671452.6101],[59.3801,8671452.8501],[59.4701,8671453.08],[59.5601,8671453.3201],[59.6501,8671453.5601],[59.7401,8671453.8101],[59.83,8671454.0501],[59.9201,8671454.2801],[60.01,8671454.5301],[60.1001,8671454.7801],[60.4701,8671455.9701],[60.5401,8671456.2201],[60.6201,8671456.46],[60.7901,8671457.1701],[60.8501,8671457.4001],[60.9101,8671457.6401],[60.96,8671457.89],[61.0,8671458.1301],[61.0401,8671458.3701],[61.0801,8671458.6301],[61.1201,8671458.8701],[61.1601,8671459.1201],[61.2,8671459.3601],[61.2301,8671459.6101],[61.2501,8671459.8601],[61.27,8671460.1201],[61.2901,8671460.3701],[61.31,8671460.6201],[61.33,8671460.8801],[61.3401,8671461.1301],[61.3501,8671461.3801],[61.3601,8671461.6301],[61.3601,8671461.9],[61.3601,8671462.1501],[61.3701,8671462.3901],[61.3801,8671462.6301],[61.3901,8671462.8601],[61.4001,8671463.1001],[61.4201,8671463.33],[61.44,8671463.5601],[61.46,8671463.7901],[61.4801,8671464.01],[61.5001,8671464.2301],[61.5301,8671464.45],[61.57,8671464.6601],[61.6101,8671464.8701],[61.7201,8671465.4701],[61.8201,8671465.8701],[61.9801,8671466.4401],[62.0301,8671466.65],[62.2001,8671467.2201],[62.25,8671467.4201],[62.3101,8671467.6201],[62.3801,8671467.8101],[62.43,8671468.01],[62.4901,8671468.2201],[62.5301,8671468.4201],[62.6501,8671468.8101],[62.71,8671469.01],[62.76,8671469.2101],[62.8101,8671469.4101],[62.8601,8671469.6101],[62.96,8671469.9901],[63.0,8671470.1901],[63.0501,8671470.39],[63.14,8671470.76],[63.18,8671470.96],[63.26,8671471.3501],[63.31,8671471.5601],[63.3601,8671471.76],[63.4101,8671471.9601],[63.46,8671472.1701],[63.5001,8671472.39],[63.5301,8671472.6001],[63.57,8671472.8001],[63.7301,8671473.45],[63.7801,8671473.6601],[63.8401,8671473.89],[63.99,8671474.5401],[64.0501,8671474.77],[64.1101,8671475.0001],[64.1701,8671475.2401],[64.2401,8671475.4701],[64.3101,8671475.6901],[64.39,8671475.9101],[64.46,8671476.1401],[64.5301,8671476.3601],[64.6001,8671476.59],[64.6801,8671476.8101],[64.9001,8671477.45],[64.9801,8671477.6601],[65.0601,8671477.8701],[65.1301,8671478.09],[65.21,8671478.3001],[65.2901,8671478.5001],[65.3701,8671478.7201],[65.45,8671478.9201],[65.5301,8671479.1301],[65.62,8671479.3201],[65.6901,8671479.5301],[65.7801,8671479.7301],[65.8701,8671479.9301],[65.95,8671480.1301],[66.0301,8671480.33],[66.1201,8671480.5401],[66.2,8671480.7601],[66.2901,8671480.9701],[66.37,8671481.1801],[66.4701,8671481.3801],[66.6901,8671481.9701],[66.7801,8671482.1801],[66.8701,8671482.4101],[67.1001,8671483.0401],[67.1701,8671483.2701],[67.25,8671483.5001],[67.3201,8671483.7301],[67.4001,8671483.9701],[67.4801,8671484.2],[67.56,8671484.4301],[67.6301,8671484.6601],[67.71,8671484.9101],[67.7901,8671485.15],[67.8701,8671485.4001],[67.9401,8671485.64],[68.01,8671485.8801],[68.08,8671486.1201],[68.1501,8671486.3501],[68.2201,8671486.6101],[68.2901,8671486.8501],[68.37,8671487.09],[68.4401,8671487.33],[68.52,8671487.5701],[68.7301,8671488.26],[68.81,8671488.5001],[68.8901,8671488.7501],[68.9701,8671489.0001],[69.07,8671489.2401],[69.1501,8671489.4901],[69.2401,8671489.7501],[69.3301,8671489.9901],[69.4201,8671490.2401],[69.51,8671490.4901],[69.5901,8671490.7401],[69.8401,8671491.4301],[69.93,8671491.6901],[70.01,8671491.9301],[70.26,8671492.6401],[70.3401,8671492.8701],[70.4201,8671493.1201],[70.51,8671493.3501],[70.6001,8671493.6001],[70.7,8671493.84],[70.7901,8671494.1001],[70.88,8671494.3501],[70.99,8671494.6001],[71.08,8671494.8401],[71.1801,8671495.08],[71.2801,8671495.3201],[71.38,8671495.5601],[71.4701,8671495.7801],[71.56,8671496.0101],[71.6601,8671496.2301],[71.76,8671496.4401],[71.8501,8671496.64],[71.9401,8671496.8501],[72.0301,8671497.0501],[72.1201,8671497.2501],[72.2301,8671497.4401],[72.3201,8671497.6401],[72.4101,8671497.8201],[72.51,8671498.0101],[72.6101,8671498.2],[72.71,8671498.3801],[72.99,8671498.8901],[73.08,8671499.08],[73.19,8671499.26],[73.46,8671499.8101],[73.5701,8671500.0101],[73.8601,8671500.6101],[73.9701,8671500.83],[74.07,8671501.0501],[74.1701,8671501.26],[74.27,8671501.4801],[74.3601,8671501.71],[74.45,8671501.9401],[74.5601,8671502.1701],[74.6701,8671502.4101],[74.7801,8671502.64],[74.89,8671502.8801],[74.99,8671503.1201],[75.0901,8671503.3601],[75.19,8671503.6001],[75.2801,8671503.83],[75.3801,8671504.0701],[75.406,8671504.1422],[75.4701,8671504.3201],[75.56,8671504.5701],[75.6501,8671504.8201],[75.7201,8671505.0701],[75.81,8671505.3201],[75.9001,8671505.5801],[75.9801,8671505.8401],[76.0501,8671506.1201],[76.1201,8671506.3801],[76.1901,8671506.6601],[76.27,8671506.9401],[76.33,8671507.2501],[76.3901,8671507.5301],[76.45,8671507.8001],[76.5201,8671508.1001],[76.9001,8671509.8001],[76.9801,8671510.0501],[77.0501,8671510.3201],[77.1101,8671510.58],[77.1801,8671510.84],[77.2501,8671511.1001],[77.32,8671511.3601],[77.3801,8671511.6201],[77.4401,8671511.8701],[77.51,8671512.1201],[77.5601,8671512.3601],[77.6101,8671512.6001],[77.6601,8671512.8401],[77.7201,8671513.0801],[77.7801,8671513.3101],[77.83,8671513.5401],[77.8701,8671513.7601],[77.9301,8671513.9701],[77.9801,8671514.2001],[78.0401,8671514.4101],[78.0901,8671514.6301],[78.1301,8671514.83],[78.18,8671515.0401],[78.25,8671515.2401],[78.3001,8671515.4401],[78.3601,8671515.64],[78.4801,8671516.0101],[78.5501,8671516.21],[78.62,8671516.4201],[78.71,8671516.6101],[78.7801,8671516.8001],[79.0501,8671517.3601],[79.1501,8671517.5701],[79.4301,8671518.1601],[79.5301,8671518.3801],[79.6501,8671518.6101],[79.7501,8671518.8401],[79.8601,8671519.08],[79.9801,8671519.3101],[80.25,8671519.95],[80.3401,8671520.1901],[80.45,8671520.4401],[80.5401,8671520.6901],[80.6301,8671520.9201],[80.7201,8671521.1701],[80.8001,8671521.4201],[80.8801,8671521.65],[80.9701,8671521.9001],[81.0401,8671522.15],[81.1101,8671522.4],[81.1901,8671522.64],[81.2501,8671522.8901],[81.3201,8671523.1301],[81.37,8671523.39],[81.4301,8671523.6401],[81.4801,8671523.89],[81.5401,8671524.15],[81.5901,8671524.4101],[81.6301,8671524.6701],[81.6901,8671524.9301],[81.7401,8671525.1901],[81.7901,8671525.4401],[81.95,8671526.1301],[82.01,8671526.3901],[82.0701,8671526.6501],[82.2401,8671527.3201],[82.3001,8671527.5601],[82.3601,8671527.7901],[82.43,8671528.0301],[82.5001,8671528.27],[82.56,8671528.5001],[82.6301,8671528.7301],[82.7,8671528.9701],[82.7801,8671529.21],[82.8401,8671529.4401],[82.9001,8671529.6801],[82.96,8671529.9101],[83.0301,8671530.1301],[83.1101,8671530.34],[83.3001,8671530.95],[83.3701,8671531.1601],[83.44,8671531.3701],[83.5001,8671531.5701],[83.58,8671531.7801],[83.6501,8671531.9801],[83.7201,8671532.1801],[83.8401,8671532.5501],[83.9601,8671532.9201],[84.0701,8671533.2801],[84.1801,8671533.6201],[84.3601,8671534.2801],[84.5401,8671534.9201],[84.6201,8671535.2501],[84.71,8671535.59],[84.7901,8671535.9401],[84.8801,8671536.2801],[84.96,8671536.6301],[85.01,8671536.9701],[85.07,8671537.2901],[85.1101,8671537.6001],[85.1501,8671537.9],[85.1901,8671538.2],[85.2201,8671538.4801],[85.27,8671538.8601],[85.31,8671539.1301],[85.33,8671539.4201],[85.3601,8671539.71],[85.4201,8671540.3101],[85.51,8671540.95],[85.58,8671541.3101],[85.6301,8671541.6801],[85.6701,8671541.8801],[85.75,8671542.26],[85.7801,8671542.4701],[85.8601,8671542.8501],[85.9001,8671543.0501],[85.95,8671543.26],[86.0001,8671543.4601],[86.0501,8671543.6801],[86.08,8671543.8801],[86.1401,8671544.09],[86.2001,8671544.3001],[86.26,8671544.51],[86.3001,8671544.7301],[86.3601,8671544.9301],[86.43,8671545.14],[86.4801,8671545.3501],[86.5401,8671545.5601],[86.6101,8671545.7701],[86.6701,8671545.9901],[86.74,8671546.2],[86.8201,8671546.4],[86.89,8671546.6201],[87.2301,8671547.5401],[87.31,8671547.7301],[87.51,8671548.2801],[87.58,8671548.4701],[87.6501,8671548.6701],[87.7201,8671548.8601],[87.7901,8671549.0601],[87.8601,8671549.2501],[87.93,8671549.4501],[88.0001,8671549.65],[88.0701,8671549.8401],[88.1301,8671550.0401],[88.21,8671550.2501],[88.2701,8671550.45],[88.33,8671550.65],[88.39,8671550.8701],[88.4501,8671551.09],[88.5,8671551.3101],[88.5401,8671551.5401],[88.5901,8671551.7501],[88.64,8671551.9901],[88.7,8671552.2201],[88.7501,8671552.45],[88.7901,8671552.6801],[88.83,8671552.9301],[88.8601,8671553.1701],[88.9201,8671553.4101],[88.9701,8671553.6601],[89.01,8671553.9101],[89.07,8671554.1601],[89.12,8671554.4],[89.18,8671554.6601],[89.2301,8671554.9201],[89.4101,8671555.6201],[89.4801,8671555.8701],[89.6801,8671556.5601],[89.75,8671556.8201],[89.8301,8671557.0801],[90.0501,8671557.8101],[90.13,8671558.0601],[90.21,8671558.3201],[90.2901,8671558.58],[90.3801,8671558.8501],[90.46,8671559.1101],[90.5401,8671559.3701],[90.6201,8671559.6201],[90.7,8671559.89],[90.7801,8671560.15],[90.8701,8671560.4201],[90.94,8671560.6901],[91.0001,8671560.9401],[91.07,8671561.1901],[91.14,8671561.45],[91.2001,8671561.71],[91.25,8671561.95],[91.3001,8671562.2],[91.3501,8671562.46],[91.4001,8671562.7101],[91.4401,8671562.96],[91.49,8671563.21],[91.52,8671563.4601],[91.56,8671563.7001],[91.6001,8671563.95],[91.6501,8671564.2],[91.69,8671564.46],[91.7801,8671565.1101],[91.83,8671565.34],[91.96,8671565.9701],[92.01,8671566.1901],[92.06,8671566.4101],[92.1001,8671566.6301],[92.1501,8671566.84],[92.2,8671567.0601],[92.2501,8671567.27],[92.2901,8671567.4801],[92.3401,8671567.6901],[92.39,8671567.9001],[92.4301,8671568.1001],[92.5301,8671568.6601],[92.5501,8671568.8701],[92.64,8671569.2501],[92.68,8671569.45],[92.7301,8671569.65],[92.8001,8671569.8601],[92.88,8671570.0601],[92.95,8671570.2601],[93.0401,8671570.46],[93.14,8671570.6701],[93.2401,8671570.8601],[93.3501,8671571.0601],[93.45,8671571.26],[93.5701,8671571.4701],[93.69,8671571.6901],[93.82,8671571.9],[93.9501,8671572.1101],[94.31,8671572.71],[94.44,8671572.9401],[94.5601,8671573.1601],[94.8601,8671573.77],[94.95,8671573.9801],[95.0501,8671574.2001],[95.1501,8671574.4301],[95.2401,8671574.65],[95.3401,8671574.8601],[95.4201,8671575.08],[95.4901,8671575.3101],[95.5701,8671575.5401],[95.6401,8671575.7601],[95.71,8671575.9801],[95.76,8671576.21],[95.8201,8671576.4401],[95.89,8671576.6801],[95.9501,8671576.9201],[96.0,8671577.15],[96.0601,8671577.3801],[96.13,8671577.6001],[96.2801,8671578.2201],[96.3501,8671578.4301],[96.4001,8671578.65],[96.45,8671578.8701],[96.51,8671579.0801],[96.57,8671579.3001],[96.6301,8671579.51],[96.6901,8671579.7201],[96.75,8671579.9301],[96.8101,8671580.1401],[96.8701,8671580.3501],[97.02,8671580.9401],[97.08,8671581.1501],[97.2301,8671581.71],[97.32,8671582.1001],[97.3801,8671582.3101],[97.4701,8671582.6801],[97.5701,8671583.0501],[97.6801,8671583.3901],[97.7901,8671583.71],[97.9001,8671584.0101],[98.01,8671584.3001],[98.14,8671584.5701],[98.2401,8671584.83],[98.3701,8671585.08],[98.5001,8671585.3201],[98.64,8671585.5501],[98.76,8671585.7801],[99.02,8671586.1801],[99.24,8671586.46],[99.4001,8671586.6701],[99.6101,8671586.96],[99.77,8671587.1701],[99.9201,8671587.4],[100.08,8671587.6301],[100.21,8671587.8701],[100.3701,8671588.1201],[100.51,8671588.3901],[100.6701,8671588.6701],[100.82,8671588.9701],[100.9801,8671589.2801],[101.1501,8671589.6001],[101.3101,8671589.9201],[101.4701,8671590.2501],[101.63,8671590.58],[101.7201,8671590.7601],[101.8801,8671591.1101],[101.96,8671591.3001],[102.0501,8671591.4801],[102.3101,8671592.0001],[102.7501,8671592.89],[102.9201,8671593.2401],[103.1201,8671593.5801],[103.2201,8671593.76],[103.4301,8671594.08],[103.64,8671594.3901],[103.8601,8671594.6801],[104.0701,8671594.9701],[104.3001,8671595.26],[104.52,8671595.5401],[104.74,8671595.8101],[104.9501,8671596.1001],[105.1601,8671596.3801],[105.3801,8671596.65],[105.5901,8671596.9201],[105.8001,8671597.2],[106.0001,8671597.4501],[106.19,8671597.7201],[106.5501,8671598.2201],[106.8101,8671598.6301],[106.9801,8671598.9001],[107.14,8671599.1801],[107.31,8671599.46],[107.57,8671599.8701],[107.7301,8671600.1601],[107.89,8671600.45],[108.0401,8671600.7401],[108.1801,8671601.0501],[108.3101,8671601.3601],[108.4401,8671601.6701],[108.56,8671601.9901],[108.6601,8671602.2901],[108.76,8671602.59],[108.8601,8671602.89],[108.96,8671603.1901],[109.0501,8671603.4901],[109.1901,8671603.9101],[109.27,8671604.21],[109.4001,8671604.83],[109.46,8671605.1701],[109.5301,8671605.52],[109.6001,8671605.8801],[109.64,8671606.08],[109.7401,8671606.46],[109.8001,8671606.6701],[109.8601,8671606.8801],[109.9201,8671607.09],[110.0001,8671607.2901],[110.0701,8671607.5001],[110.2901,8671608.1101],[110.37,8671608.33],[110.4501,8671608.5501],[110.5301,8671608.7601],[110.6101,8671608.9801],[110.6901,8671609.21],[110.76,8671609.4201],[110.8401,8671609.6401],[110.9301,8671609.8501],[111.01,8671610.0701],[111.08,8671610.2901],[111.1601,8671610.51],[111.2301,8671610.7201],[111.3001,8671610.9401],[111.3701,8671611.15],[111.5701,8671611.7501],[111.6101,8671611.9501],[111.6701,8671612.1601],[111.6831,8671612.2243],[111.7901,8671612.7501],[111.8301,8671612.95],[111.8501,8671613.1601],[111.8801,8671613.3601],[111.93,8671613.7401],[111.95,8671613.9401],[111.9901,8671614.3001],[112.02,8671614.6601],[112.0401,8671615.02],[112.0701,8671615.3701],[112.08,8671615.7],[112.0901,8671616.0301],[112.0901,8671616.34],[112.0901,8671616.6301],[112.1001,8671616.9001],[112.1201,8671617.2701],[112.1201,8671617.51],[112.1401,8671617.7201],[112.1601,8671617.9301],[112.2501,8671618.2601],[112.3601,8671618.58],[112.4701,8671618.7801],[112.5801,8671618.9701],[112.7,8671619.1601],[119.89,8671645.9301],[119.89,8671646.1401],[119.89,8671646.4001],[119.9001,8671646.6001],[119.9001,8671646.8001],[119.9001,8671647.0001],[119.9001,8671647.21],[119.9001,8671647.4201],[119.9001,8671647.6301],[119.9001,8671647.8301],[119.9001,8671648.1101],[119.9001,8671648.4001],[119.9001,8671648.6101],[119.9001,8671648.8401],[119.9001,8671649.09],[119.9001,8671649.34],[119.89,8671649.6001],[119.89,8671649.9701],[119.8601,8671650.5601],[119.8401,8671650.7901],[119.83,8671651.0201],[119.8201,8671651.2301],[119.7901,8671651.51],[119.77,8671651.76],[119.74,8671651.9901],[119.6901,8671652.2501],[119.6501,8671652.46],[119.6201,8671652.6801],[119.6201,8671652.9101],[119.6201,8671653.1601],[119.6201,8671653.4101],[119.6201,8671653.6301],[119.6201,8671653.84],[119.6201,8671654.0701],[119.63,8671654.27],[119.6401,8671654.4801],[119.6501,8671654.71],[119.6801,8671654.9401],[119.7,8671655.1601],[119.7501,8671655.6001],[119.7801,8671655.8201],[119.7801,8671656.0601],[119.7801,8671656.2901],[119.7801,8671656.7001],[119.7801,8671656.95],[119.7801,8671657.1801],[119.7801,8671657.4001],[119.7801,8671657.6101],[119.7801,8671657.8701],[119.77,8671658.1001],[119.7301,8671658.4301],[119.7,8671658.6501],[119.7,8671658.8701],[119.6601,8671659.0701],[119.6601,8671659.2901],[119.6701,8671659.52],[119.7301,8671659.76],[119.81,8671659.9901],[119.9001,8671660.2301],[119.9901,8671660.4901],[120.0901,8671660.76],[120.18,8671661.0501],[120.2401,8671661.2501],[120.3001,8671661.46],[120.45,8671662.0001],[120.5001,8671662.2501],[120.5601,8671662.4801],[120.6301,8671662.7201],[120.6801,8671662.96],[120.7301,8671663.1901],[120.7801,8671663.4101],[120.8101,8671663.6201],[120.8301,8671663.84],[120.8501,8671664.0701],[120.8501,8671664.3201],[120.8501,8671664.5701],[120.8601,8671664.84],[120.8601,8671665.1101],[120.8601,8671665.3801],[120.8601,8671665.6801],[120.8601,8671665.9601],[120.8601,8671666.2501],[120.9001,8671667.3901],[120.9401,8671667.6801],[121.01,8671667.9801],[121.0901,8671668.26],[121.1201,8671668.5501],[121.1401,8671668.8201],[121.1601,8671669.0801],[121.24,8671669.3501],[121.3101,8671669.6201],[121.3601,8671669.8701],[121.4401,8671670.1201],[121.5301,8671670.3701],[121.6001,8671670.6301],[121.63,8671670.8801],[121.6501,8671671.1301],[121.6701,8671671.4301],[121.6901,8671671.71],[121.7201,8671672.0101],[122.0401,8671672.7901],[122.1501,8671673.1301],[122.25,8671673.4901],[122.3601,8671673.8501],[122.5901,8671674.5801],[122.6501,8671674.7801],[122.71,8671674.9801],[122.7801,8671675.1801],[122.8401,8671675.3701],[122.9101,8671675.5701],[122.9901,8671675.7801],[123.0701,8671676.0001],[123.1601,8671676.2],[123.24,8671676.4101],[123.3101,8671676.64],[123.39,8671676.8501],[123.46,8671677.0701],[123.5401,8671677.3001],[123.6101,8671677.5101],[123.6901,8671677.7301],[123.76,8671677.96],[123.8501,8671678.1901],[123.95,8671678.4201],[124.0401,8671678.6601],[124.12,8671678.89],[124.2001,8671679.1001],[124.25,8671679.34],[124.3201,8671679.58],[124.39,8671679.8001],[124.4701,8671680.0301],[124.8101,8671681.0401],[124.8801,8671681.2401],[125.01,8671681.6201],[125.1201,8671681.96],[125.2301,8671682.3001],[125.3601,8671682.6201],[125.4701,8671682.95],[125.5901,8671683.2901],[125.7301,8671683.6201],[125.9301,8671684.1101],[126.08,8671684.4601],[126.2301,8671684.8001],[126.38,8671685.15],[126.4701,8671685.3401],[126.56,8671685.52],[126.6501,8671685.71],[126.7501,8671685.9],[126.8401,8671686.1001],[126.9301,8671686.2901],[127.0301,8671686.4901],[127.13,8671686.6901],[127.24,8671686.9001],[127.3501,8671687.1101],[127.44,8671687.3001],[127.5401,8671687.5001],[127.9801,8671688.4801],[128.0701,8671688.6801],[128.1601,8671688.8801],[128.26,8671689.0701],[128.3601,8671689.27],[128.45,8671689.4701],[128.5501,8671689.6601],[128.6501,8671689.8501],[128.74,8671690.0401],[128.8401,8671690.2201],[128.9301,8671690.4001],[129.0301,8671690.59],[129.2,8671690.9301],[129.33,8671691.27],[129.45,8671691.6201],[129.5401,8671691.9601],[129.5401,8671692.3101],[129.5401,8671692.6701],[129.5401,8671693.2],[129.5401,8671693.5601],[129.51,8671693.9301],[129.4801,8671694.2901],[129.44,8671694.65],[129.4201,8671694.8501],[129.2801,8671695.9001],[129.2501,8671696.1001],[129.2,8671696.4701],[129.1501,8671696.8501],[129.1001,8671697.2201],[129.0801,8671697.4201],[129.02,8671697.7901],[128.9901,8671698.1601],[128.9401,8671698.5401],[128.9201,8671698.9101],[128.89,8671699.1101],[128.89,8671699.4801],[128.89,8671699.8701],[128.89,8671700.2601],[128.89,8671700.4701],[128.89,8671700.6801],[128.9001,8671700.9],[128.9001,8671701.1201],[128.9001,8671701.3501],[128.9001,8671701.5701],[128.9001,8671701.7901],[128.9001,8671702.02],[128.9001,8671702.2401],[128.9401,8671703.7301],[128.9501,8671703.96],[128.96,8671704.1901],[128.9801,8671704.4101],[129.0,8671704.6301],[129.0301,8671704.8601],[129.0601,8671705.0701],[129.0901,8671705.2901],[129.13,8671705.52],[129.1701,8671705.7301],[129.2,8671705.9401],[129.2401,8671706.1601],[129.2801,8671706.3701],[129.33,8671706.58],[129.3801,8671706.8001],[129.4201,8671707.02],[129.46,8671707.2201],[129.51,8671707.4301],[129.5501,8671707.6301],[129.6101,8671707.83],[129.6601,8671708.0501],[129.7001,8671708.2801],[129.75,8671708.4901],[129.8001,8671708.71],[129.8401,8671708.9501],[129.88,8671709.1701],[129.9201,8671709.4],[129.9601,8671709.6501],[130.01,8671709.8901],[130.0501,8671710.1301],[130.1001,8671710.3801],[130.1401,8671710.6301],[130.19,8671710.8701],[130.2301,8671711.1301],[130.28,8671711.3901],[130.2901,8671711.4451],[130.3,8671711.5],[135.52,8671725.7301],[161.3801,8671796.2501],[-177.4699,8671851.4901],[-158.8699,8671888.9301],[-158.8399,8671889.0801],[-158.7699,8671889.5201],[-158.6899,8671890.1301],[-158.5999,8671890.8501],[-158.49,8671891.5001],[-158.4099,8671892.0501],[-158.4099,8671892.3501],[-158.4099,8671892.3651],[-158.4102,8671892.3801],[-158.42,8671892.5501],[-158.42,8671892.77],[-158.3399,8671892.96],[-158.0799,8671893.3501],[-157.7899,8671894.2401],[-157.5299,8671895.3801],[-157.2799,8671896.5501],[-157.0699,8671897.9301],[-156.8099,8671899.3101],[-156.5399,8671900.51],[-156.3199,8671901.8401],[-156.2099,8671903.26],[-156.0999,8671904.7801],[-155.9199,8671906.0401],[-155.73,8671907.3801],[-155.5899,8671908.8701],[-155.4499,8671910.4901],[-155.25,8671911.7501],[-154.9999,8671912.96],[-154.6999,8671914.1701],[-154.4499,8671915.6201],[-154.2499,8671916.8601],[-154.04,8671918.02],[-153.7599,8671919.0701],[-153.42,8671920.2201],[-153.0799,8671921.65],[-152.7999,8671922.84],[-152.5599,8671924.0001],[-152.3199,8671925.1601],[-152.13,8671926.6701],[-151.9499,8671928.1301],[-151.7599,8671929.4201],[-151.55,8671930.7501],[-151.2999,8671932.2901],[-151.0199,8671933.7901],[-150.7299,8671935.0001],[-150.4699,8671936.2201],[-150.24,8671937.5501],[-150.0199,8671939.08],[-149.79,8671940.3601],[-149.49,8671941.65],[-149.18,8671942.9301],[-148.92,8671944.46],[-148.74,8671945.7301],[-148.5299,8671946.9201],[-148.3099,8671948.1201],[-148.0799,8671949.64],[-147.8299,8671951.1001],[-147.5799,8671952.3101],[-147.3299,8671953.5701],[-147.0899,8671955.1201],[-146.7799,8671956.6701],[-146.43,8671958.02],[-146.1399,8671959.39],[-145.8499,8671961.1001],[-145.5599,8671962.6701],[-145.2799,8671964.02],[-144.9499,8671965.4301],[-144.5999,8671967.1301],[-144.2099,8671968.5301],[-143.7699,8671969.8001],[-143.3599,8671971.2101],[-143.0,8671973.0001],[-142.7199,8671974.4001],[-142.4799,8671975.64],[-142.2599,8671977.0401],[-141.99,8671978.8401],[-141.7199,8671980.33],[-141.5299,8671981.6701],[-141.3799,8671983.0901],[-141.1999,8671984.7901],[-140.9699,8671986.14],[-140.7599,8671987.58],[-140.54,8671989.2],[-140.3099,8671990.8501],[-140.0299,8671992.21],[-139.7099,8671993.6701],[-139.3899,8671995.3101],[-139.0499,8671996.83],[-138.6799,8671998.1801],[-138.3399,8671999.6001],[-138.2699,8672000.0001],[-138.04,8672001.2501],[-137.8,8672002.7201],[-137.63,8672004.1101],[-137.5,8672005.5301],[-137.36,8672007.21],[-137.1399,8672008.5301],[-136.8899,8672009.8501],[-136.62,8672011.1901],[-136.3799,8672012.7801],[-136.1899,8672014.1701],[-136.04,8672015.4501],[-135.94,8672016.6601],[-135.8,8672018.1001],[-135.6199,8672019.51],[-135.4499,8672020.7901],[-135.2799,8672022.1001],[-135.1099,8672023.58],[-134.9299,8672025.1001],[-134.73,8672026.4301],[-134.5199,8672027.6001],[-134.3299,8672028.51],[-134.1599,8672029.26],[-133.99,8672029.65],[-133.9499,8672029.9201],[-133.76,8672030.7501],[-133.49,8672031.9301],[-133.3399,8672033.1401],[-133.2199,8672034.3701],[-133.0299,8672035.83],[-132.7199,8672037.1201],[-132.4499,8672038.3701],[-132.26,8672039.6601],[-132.0199,8672041.1901],[-131.7599,8672042.58],[-131.49,8672043.8001],[-131.23,8672044.8901],[-130.92,8672045.9201],[-130.49,8672047.1501],[-130.0899,8672048.2401],[-129.67,8672049.3001],[-129.1999,8672050.4101],[-128.7299,8672051.6301],[-128.3,8672053.0901],[-127.92,8672054.3501],[-127.6099,8672055.5801],[-127.38,8672056.7401],[-127.2199,8672058.08],[-126.99,8672059.4301],[-126.7199,8672060.6301],[-126.43,8672061.8201],[-126.1199,8672063.0401],[-125.86,8672064.4701],[-125.5899,8672065.7401],[-125.3299,8672067.0601],[-125.0899,8672068.4001],[-124.9099,8672069.95],[-124.6999,8672071.3001],[-124.43,8672072.4501],[-124.1099,8672073.5101],[-123.75,8672074.3401],[-123.42,8672075.2401],[-123.13,8672076.3201],[-122.82,8672077.4001],[-122.5499,8672078.51],[-122.36,8672079.52],[-122.1999,8672080.6201],[-121.9999,8672081.8701],[-121.79,8672083.09],[-121.5999,8672084.3201],[-121.3799,8672085.51],[-121.1499,8672086.9401],[-120.9199,8672088.3201],[-120.7799,8672089.5901],[-120.6299,8672090.8001],[-120.43,8672092.2],[-120.2099,8672093.52],[-119.9699,8672094.6601],[-119.6599,8672095.8101],[-119.3499,8672096.9],[-119.0999,8672098.1101],[-118.8499,8672099.3601],[-118.62,8672100.6201],[-118.3899,8672101.77],[-118.24,8672102.9701],[-118.1999,8672104.3801],[-118.1299,8672105.7],[-118.0399,8672106.9201],[-117.9499,8672108.0501],[-117.81,8672109.5201],[-117.5699,8672110.9501],[-117.36,8672112.2501],[-117.19,8672113.4101],[-116.9399,8672114.77],[-116.6599,8672116.2501],[-116.4099,8672117.6101],[-116.18,8672118.7901],[-116.0,8672120.0601],[-115.8199,8672121.52],[-115.61,8672122.76],[-115.36,8672123.9401],[-115.0299,8672125.09],[-114.7099,8672126.45],[-114.6682,8672126.6196],[-114.3899,8672127.7501],[-114.0599,8672128.9501],[-113.7099,8672130.1001],[-113.3899,8672131.3001],[-113.05,8672132.7101],[-112.7099,8672134.02],[-112.49,8672135.2301],[-112.3699,8672136.4],[-112.2099,8672137.9301],[-111.8099,8672140.6001],[-111.6399,8672141.7501],[-111.5099,8672142.8801],[-111.38,8672144.3101],[-111.25,8672145.6901],[-111.0799,8672146.9401],[-110.88,8672148.0701],[-110.6999,8672149.5501],[-110.57,8672150.9401],[-110.42,8672152.1601],[-110.17,8672153.27],[-109.8999,8672154.7401],[-109.6199,8672156.2501],[-109.25,8672157.5501],[-108.8199,8672158.7501],[-108.3999,8672159.9501],[-107.93,8672161.3601],[-107.3899,8672162.6201],[-106.8899,8672163.8001],[-106.5099,8672164.9],[-106.19,8672166.0601],[-105.8,8672167.3401],[-105.3999,8672168.4701],[-104.98,8672169.4801],[-104.4699,8672170.6401],[-103.99,8672171.9401],[-103.5899,8672173.2901],[-103.2199,8672174.5001],[-102.8799,8672175.6101],[-102.67,8672176.76],[-102.56,8672178.08],[-102.4699,8672179.4],[-102.3899,8672180.6801],[-102.3899,8672181.8601],[-102.4199,8672183.0501],[-102.3999,8672184.3901],[-102.2799,8672185.6701],[-102.1399,8672186.89],[-102.05,8672188.0201],[-101.9499,8672189.3701],[-101.8499,8672190.7301],[-101.74,8672192.0301],[-101.6499,8672193.2201],[-101.5999,8672194.4801],[-101.5299,8672195.9301],[-101.4499,8672197.27],[-101.3399,8672198.4701],[-101.18,8672199.58],[-100.9299,8672200.9201],[-100.67,8672202.2101],[-100.36,8672203.4601],[-99.8899,8672204.6201],[-99.3399,8672205.8001],[-98.7499,8672207.0901],[-98.1799,8672208.3601],[-97.5899,8672209.5301],[-97.0799,8672210.6301],[-96.62,8672211.8501],[-96.1999,8672213.1401],[-95.8299,8672214.3101],[-95.49,8672215.46],[-95.19,8672216.5601],[-94.8899,8672217.8101],[-94.5899,8672219.09],[-94.24,8672220.34],[-93.9099,8672221.5301],[-93.6499,8672222.7401],[-93.4599,8672224.15],[-93.2899,8672225.4801],[-93.0899,8672226.7601],[-92.8999,8672227.9101],[-92.7199,8672229.0901],[-92.51,8672230.33],[-92.2699,8672231.59],[-92.0299,8672232.7901],[-91.7899,8672233.8801],[-91.61,8672235.1201],[-91.49,8672236.3801],[-91.3299,8672237.5501],[-91.1499,8672238.7301],[-91.01,8672240.0001],[-90.9099,8672241.4801],[-90.8399,8672242.8001],[-90.8199,8672244.0001],[-90.8299,8672245.1901],[-90.8499,8672246.4901],[-90.8899,8672247.8501],[-90.92,8672249.1301],[-90.9299,8672250.3601],[-90.8999,8672251.6601],[-90.88,8672253.1201],[-90.8399,8672254.3801],[-90.79,8672255.6301],[-90.6299,8672256.83],[-90.4499,8672258.2801],[-90.29,8672259.6201],[-90.13,8672260.8601],[-89.8899,8672262.0401],[-89.67,8672263.5601],[-89.54,8672265.0601],[-89.4799,8672266.4801],[-89.43,8672267.76],[-89.4499,8672269.3101],[-89.5499,8672270.8001],[-89.8499,8672272.1301],[-90.29,8672273.3801],[-90.86,8672274.7301],[-91.4499,8672276.0301],[-92.0599,8672277.2401],[-92.7099,8672278.3801],[-93.3299,8672279.4301],[-93.9299,8672280.5101],[-94.48,8672281.6101],[-94.9799,8672282.71],[-95.4399,8672283.7901],[-95.8299,8672284.8401],[-96.24,8672285.9901],[-96.5799,8672287.1201],[-96.8099,8672288.09],[-96.99,8672288.9401],[-97.11,8672289.6401],[-97.2199,8672290.51],[-97.42,8672291.4601],[-97.79,8672292.4701],[-98.2599,8672293.4801],[-98.7799,8672294.46],[-99.3499,8672295.3801],[-99.9499,8672296.2601],[-100.36,8672296.9801],[-100.5999,8672297.5401],[-100.7699,8672297.8801],[-100.8799,8672298.1201],[-101.0099,8672298.5401],[-101.1399,8672299.1601],[-101.2699,8672299.7401],[-101.31,8672300.2201],[-101.3299,8672300.7501],[-101.42,8672301.4201],[-101.6399,8672302.4801],[-101.9299,8672303.6601],[-102.2099,8672304.7901],[-102.5199,8672305.8801],[-102.8099,8672306.9701],[-103.1399,8672308.2201],[-103.5399,8672309.58],[-103.93,8672310.7601],[-104.24,8672311.9101],[-104.5099,8672313.01],[-104.74,8672314.3601],[-104.8899,8672315.6301],[-105.0199,8672316.7901],[-105.0799,8672317.96],[-105.1299,8672319.1601],[-105.1699,8672320.6001],[-105.1999,8672321.83],[-105.2099,8672322.9701],[-105.2199,8672324.08],[-105.2599,8672325.3401],[-105.29,8672326.7],[-105.3299,8672327.9],[-105.3499,8672329.1101],[-105.38,8672330.3101],[-105.42,8672331.7201],[-105.4599,8672333.0201],[-105.49,8672334.1901],[-105.5299,8672335.3501],[-105.5599,8672336.59],[-105.5999,8672337.9701],[-105.6299,8672339.2201],[-105.62,8672340.4],[-105.4599,8672341.4701],[-105.1899,8672342.6901],[-104.92,8672343.96],[-104.5999,8672345.1801],[-104.2099,8672346.3801],[-103.7699,8672347.5501],[-103.4299,8672348.9701],[-103.1199,8672350.2401],[-102.8099,8672351.3601],[-102.4699,8672352.4701],[-102.0899,8672353.7001],[-101.57,8672355.0701],[-101.0299,8672356.2401],[-100.5699,8672357.3601],[-100.1799,8672358.4401],[-99.8899,8672359.6001],[-99.7099,8672360.8201],[-99.6399,8672361.9],[-99.5799,8672362.9101],[-99.3999,8672364.0001],[-99.17,8672365.2301],[-98.9099,8672366.5501],[-98.7482,8672367.1284],[-98.5799,8672367.7301],[-98.1799,8672368.8801],[-97.7199,8672369.9701],[-97.1999,8672371.2201],[-96.5899,8672372.5401],[-95.92,8672373.7201],[-95.3099,8672374.8801],[-94.7699,8672376.0101],[-94.2099,8672377.3501],[-93.5899,8672378.6001],[-92.8999,8672379.7501],[-92.18,8672380.9101],[-91.4699,8672382.0401],[-90.7999,8672383.3701],[-90.18,8672384.58],[-89.5799,8672385.7],[-88.9699,8672386.8301],[-88.3899,8672388.0301],[-87.82,8672389.4101],[-87.1899,8672390.6301],[-86.54,8672391.84],[-85.8499,8672392.9901],[-85.07,8672394.34],[-84.3799,8672395.6801],[-83.6499,8672396.8401],[-82.9099,8672398.0101],[-82.1299,8672399.09],[-81.44,8672400.3001],[-80.7199,8672401.3801],[-79.9099,8672402.3901],[-79.1499,8672403.4101],[-78.3699,8672404.4701],[-77.49,8672405.6301],[-76.5799,8672406.9601],[-75.68,8672408.14],[-74.74,8672409.3201],[-73.94,8672410.4701],[-73.1599,8672411.77],[-72.9888,8672412.0695],[-71.9567,8672413.7678],[-71.6499,8672414.2301],[-70.8699,8672415.33],[-70.1899,8672416.4201],[-69.5899,8672417.71],[-68.9299,8672419.0301],[-68.3399,8672420.2],[-67.7899,8672421.4],[-67.23,8672422.6501],[-66.7199,8672424.15],[-66.1999,8672425.46],[-65.69,8672426.7301],[-65.2199,8672427.9501],[-64.8199,8672429.3801],[-64.3999,8672430.7801],[-64.0,8672432.0501],[-63.69,8672433.2801],[-63.3699,8672434.65],[-63.0099,8672436.1201],[-62.61,8672437.4801],[-62.1799,8672438.7501],[-61.7199,8672440.0401],[-61.3399,8672441.5601],[-61.05,8672442.9101],[-60.81,8672444.2],[-60.48,8672445.4101],[-60.1199,8672446.8501],[-59.8399,8672448.2601],[-59.6899,8672449.5301],[-59.6699,8672450.6601],[-59.62,8672452.0501],[-59.51,8672453.4901],[-59.3899,8672454.8201],[-59.3477,8672455.2629],[-59.2699,8672456.08],[-59.11,8672457.4201],[-58.8799,8672458.83],[-58.61,8672460.15],[-58.3799,8672461.4401],[-58.1499,8672462.7501],[-57.86,8672464.26],[-57.5899,8672465.5701],[-57.3499,8672466.84],[-57.1399,8672468.0401],[-57.0,8672469.3701],[-56.9199,8672470.7001],[-56.86,8672472.0001],[-56.7799,8672473.2301],[-56.74,8672474.5301],[-56.76,8672475.9401],[-56.7799,8672477.27],[-56.76,8672478.6001],[-56.7099,8672479.9101],[-56.5799,8672481.3801],[-56.3499,8672482.6301],[-56.05,8672483.89],[-55.7599,8672485.09],[-55.4299,8672486.2701],[-55.0799,8672487.4901],[-54.6999,8672488.6901],[-54.38,8672489.8801],[-54.1399,8672491.0501],[-53.8999,8672492.3901],[-53.7653,8672492.9244],[-53.5899,8672493.6201],[-53.5597,8672493.7264],[-53.26,8672494.7801],[-53.0,8672495.9101],[-52.8099,8672496.9701],[-52.5899,8672498.08],[-52.3299,8672499.2],[-52.0399,8672500.3001],[-51.54,8672501.4301],[-50.93,8672502.5001],[-50.24,8672503.5401],[-49.5199,8672504.4301],[-48.75,8672505.33],[-48.07,8672506.2301],[-47.4599,8672507.1701],[-46.8299,8672508.1601],[-46.3199,8672509.08],[-45.9199,8672509.9201],[-45.6099,8672510.59],[-45.38,8672511.2301],[-45.23,8672511.8201],[-45.2032,8672515.9105],[-45.2028,8672515.9785],[-122.2259,8672517.9393],[179.2821,8672519.4283],[151.2025,8672520.1431],[146.451,8672525.0798],[146.39,8672525.1431],[151.4838,8672530.1431],[-177.448,8672529.2098],[-110.3983,8672527.1955],[-65.1016,8672525.8347],[-42.6923,8672525.1615],[-42.6899,8672525.6901],[-42.6599,8672526.3501],[-42.5899,8672526.9],[-42.48,8672527.6701],[-42.3099,8672528.59],[-42.13,8672529.6801],[-41.9399,8672530.7501],[-41.7699,8672531.96],[-41.62,8672533.3301],[-41.51,8672534.6301],[-41.38,8672535.8501],[-41.1999,8672537.0601],[-41.05,8672538.5201],[-40.94,8672539.8401],[-40.8399,8672541.02],[-40.63,8672542.1701],[-40.3,8672543.5601],[-39.93,8672544.9901],[-39.4699,8672546.2901],[-39.05,8672547.46],[-38.7299,8672548.6101],[-38.43,8672550.02],[-38.0999,8672551.3001],[-37.79,8672552.4801],[-37.5299,8672553.5901],[-37.31,8672554.9401],[-37.1399,8672556.33],[-37.04,8672557.6401],[-36.9699,8672558.8301],[-36.9099,8672560.0401],[-36.87,8672561.4801],[-36.8599,8672562.8301],[-36.814,8672563.5428],[-36.7799,8672564.0701],[-36.61,8672565.2501],[-36.4499,8672566.71],[-36.3,8672568.08],[-36.0699,8672569.3501],[-35.74,8672570.5301],[-35.3699,8672571.9701],[-34.99,8672573.4201],[-34.5699,8672574.7101],[-34.1895,8672575.7787],[-34.1499,8672575.89],[-33.73,8672577.0201],[-33.3,8672578.3401],[-32.8999,8672579.59],[-32.668,8672580.3439],[-32.54,8672580.7601],[-32.24,8672581.89],[-31.9099,8672583.1101],[-31.5799,8672584.51],[-31.3199,8672585.7501],[-31.04,8672586.96],[-30.6999,8672588.1101],[-30.3899,8672589.3601],[-30.11,8672590.65],[-29.8299,8672591.89],[-29.5499,8672593.0401],[-29.3099,8672594.1701],[-29.0499,8672595.5501],[-28.79,8672596.8501],[-28.5599,8672598.0601],[-28.3899,8672599.2201],[-28.25,8672600.3601],[-28.0599,8672601.6801],[-27.8299,8672602.8801],[-27.5999,8672604.1001],[-27.4099,8672605.2201],[-27.2699,8672606.5001],[-27.1746,8672607.1936],[-27.0899,8672607.8101],[-26.8199,8672609.02],[-26.51,8672610.2001],[-26.2199,8672611.3201],[-25.99,8672612.5101],[-25.7899,8672613.6901],[-25.5299,8672614.8001],[-25.1599,8672615.9],[-24.8099,8672616.9901],[-24.5199,8672618.26],[-24.1999,8672619.4401],[-23.9099,8672620.6301],[-23.7499,8672621.7701],[-23.6999,8672622.9701],[-23.67,8672624.3201],[-23.6099,8672625.5101],[-23.4599,8672626.7001],[-23.1999,8672627.7901],[-22.8699,8672628.95],[-22.5199,8672630.1001],[-22.11,8672631.1201],[-21.0488,8672633.1862],[-20.9351,8672633.4077],[-19.6181,8672635.9043],[-18.67,8672637.95],[-18.6399,8672638.15],[-18.5999,8672638.9],[-18.6199,8672639.7201],[-18.6499,8672640.5501],[-18.7099,8672641.5001],[-18.8399,8672642.4501],[-19.0299,8672643.4101],[-19.2599,8672644.3801],[-19.4799,8672645.3501],[-19.6499,8672646.4201],[-19.7599,8672647.46],[-19.79,8672648.3901],[-19.79,8672649.2801],[-19.6799,8672650.1901],[-19.4999,8672651.0601],[-19.3099,8672651.96],[-18.9699,8672652.8601],[-18.48,8672653.6301],[-17.9599,8672654.2901],[-17.4999,8672654.9801],[-17.1299,8672655.7801],[-16.8,8672656.71],[-16.5199,8672657.7401],[-16.32,8672658.89],[-16.0999,8672659.9101],[-15.8299,8672660.9101],[-15.4999,8672661.96],[-15.1499,8672662.9801],[-14.7799,8672664.1201],[-14.48,8672665.1901],[-14.25,8672666.1901],[-14.0899,8672667.2201],[-13.9999,8672668.09],[-13.9499,8672668.77],[-13.9407,8672669.0375],[-13.9599,8672669.7201],[-13.8899,8672671.02],[-13.7699,8672672.2401],[-13.73,8672673.4801],[-13.73,8672674.7201],[-13.7199,8672675.9801],[-13.74,8672677.0601],[-13.7699,8672678.1601],[-13.8999,8672679.3101],[-13.9999,8672680.5301],[-14.05,8672681.8201],[-14.12,8672683.0501],[-14.3099,8672684.2501],[-14.49,8672685.4701],[-14.5799,8672686.7401],[-14.5999,8672687.9301],[-14.5099,8672688.9701],[-14.4099,8672690.0501],[-14.3299,8672691.1901],[-14.3258,8672691.2339],[-14.2099,8672692.45],[-14.05,8672693.6901],[-13.8899,8672694.84],[-13.7999,8672696.0201],[-13.74,8672697.2801],[-13.7391,8672697.3059],[-13.6899,8672698.7501],[-13.68,8672700.1201],[-13.6999,8672701.4301],[-13.75,8672702.7401],[-13.7999,8672704.2401],[-13.8299,8672705.5701],[-13.8299,8672706.9301],[-13.8399,8672708.2901],[-13.8099,8672709.96],[-13.7999,8672711.4001],[-13.8199,8672712.8101],[-13.86,8672714.27],[-13.88,8672715.9701],[-13.8499,8672717.51],[-13.8499,8672719.0101],[-13.86,8672720.6101],[-13.8499,8672722.2301],[-13.7999,8672723.7801],[-13.6399,8672725.2301],[-13.48,8672726.9],[-13.3799,8672728.3701],[-13.3,8672729.7801],[-13.29,8672731.1101],[-13.2986,8672731.3583],[-13.3399,8672732.5501],[-13.48,8672733.8601],[-13.6599,8672735.1401],[-13.88,8672736.4101],[-13.9999,8672737.77],[-13.9999,8672739.1001],[-13.8499,8672740.3501],[-13.6299,8672741.5501],[-13.3799,8672742.7501],[-13.1899,8672744.14],[-13.04,8672745.3801],[-12.8799,8672746.7301],[-12.73,8672747.9801],[-12.54,8672749.3501],[-12.5001,8672749.5562],[-12.3,8672750.59],[-12.0699,8672751.8101],[-11.81,8672753.0201],[-11.5799,8672754.1001],[-11.3999,8672754.9701],[-11.29,8672755.5101],[-11.2499,8672755.8601],[-11.2199,8672756.2501],[-11.1799,8672757.4701],[-11.0999,8672758.6801],[-11.0099,8672759.96],[-10.87,8672761.3601],[-10.7099,8672762.6101],[-10.5799,8672763.84],[-10.4699,8672764.9401],[-10.3699,8672766.3001],[-10.1999,8672767.5401],[-10.01,8672768.7101],[-9.8899,8672769.8701],[-9.8299,8672771.0501],[-9.7999,8672772.4201],[-9.7799,8672773.6701],[-9.7199,8672774.9101],[-9.7099,8672776.1101],[-9.6899,8672777.5001],[-9.6899,8672778.8601],[-9.67,8672779.9801],[-9.6499,8672781.15],[-9.6399,8672782.3501],[-9.61,8672783.6901],[-9.57,8672784.89],[-9.48,8672785.9701],[-9.3199,8672787.0501],[-9.0999,8672788.2401],[-8.8799,8672789.59],[-8.67,8672790.7301],[-8.3999,8672791.7001],[-8.0399,8672792.7],[-7.8973,8672793.1009],[-7.67,8672793.7401],[-7.3099,8672794.9201],[-6.9599,8672795.9901],[-6.5899,8672796.8901],[-6.23,8672797.7801],[-5.9599,8672798.8101],[-5.7499,8672799.9301],[-5.5299,8672801.21],[-5.2599,8672802.3601],[-4.99,8672803.4301],[-4.74,8672804.4801],[-4.51,8672805.6701],[-4.3199,8672807.0401],[-4.1599,8672808.3001],[-3.99,8672809.5401],[-3.7899,8672810.7201],[-3.6499,8672812.2301],[-3.5299,8672813.5201],[-3.36,8672814.8201],[-3.1099,8672816.0401],[-2.88,8672817.4701],[-2.6499,8672818.8601],[-2.4499,8672820.1901],[-2.2299,8672821.4701],[-2.0599,8672822.8801],[-1.9299,8672824.3001],[-1.76,8672825.5601],[-1.4999,8672826.7901],[-1.1499,8672827.9401],[-0.7199,8672829.2301],[-0.24,8672830.3301],[-0.2286,8672830.3606],[0.13,8672831.3201],[0.4001,8672832.4001],[0.6501,8672833.4701],[0.95,8672834.7301],[1.2401,8672836.0601],[1.4801,8672837.2501],[1.7,8672838.52],[1.89,8672839.7201],[2.0601,8672841.0901],[2.3001,8672842.3701],[2.49,8672843.6601],[2.6301,8672844.8301],[2.7201,8672846.1001],[2.8501,8672847.4801],[3.01,8672848.7401],[3.1501,8672849.96],[3.2501,8672851.2301],[3.2901,8672852.71],[3.2801,8672854.0001],[3.2501,8672855.2601],[3.2201,8672856.5601],[3.1801,8672857.9801],[3.1401,8672859.33],[3.0626,8672860.3764],[3.0401,8672860.6801],[2.88,8672861.9101],[2.7401,8672863.2201],[2.6301,8672864.5201],[2.5301,8672865.8201],[2.49,8672866.95],[2.51,8672868.1201],[2.62,8672869.4001],[2.8001,8672870.5701],[3.0901,8672871.6701],[3.4001,8672872.7401],[3.7,8672873.84],[4.01,8672875.0101],[4.3601,8672876.0701],[4.7301,8672877.1301],[5.0301,8672878.1601],[5.33,8672879.1901],[5.5901,8672880.3001],[5.7101,8672881.4701],[5.77,8672882.5801],[5.7901,8672883.7301],[5.81,8672884.8701],[5.7801,8672886.1801],[5.7501,8672887.4101],[5.7801,8672888.58],[5.8601,8672889.7201],[5.9201,8672890.6701],[5.9301,8672891.65],[5.9508,8672892.3967],[5.9523,8672892.5522],[5.96,8672893.4101],[5.99,8672894.5901],[6.08,8672895.7],[6.21,8672896.8001],[6.3001,8672897.9801],[6.3701,8672899.1201],[6.39,8672900.21],[6.3401,8672901.3101],[6.26,8672902.4401],[6.1601,8672903.6301],[5.94,8672904.7901],[5.7764,8672905.4227],[5.64,8672905.95],[5.3401,8672907.08],[5.1801,8672908.2101],[5.1001,8672909.3801],[5.06,8672910.4401],[5.0901,8672911.52],[5.2701,8672912.6201],[5.4901,8672913.7901],[5.7501,8672914.9001],[6.0501,8672915.8801],[6.2735,8672916.43],[6.4401,8672916.84],[6.7901,8672917.84],[7.0901,8672918.8501],[7.3601,8672920.14],[7.6501,8672921.3701],[7.88,8672922.5301],[8.0401,8672923.6901],[8.1501,8672924.8401],[8.1801,8672926.1901],[8.1901,8672927.45],[8.2001,8672928.6801],[8.1918,8672929.1823],[8.1801,8672929.9001],[8.14,8672931.1601],[8.1001,8672932.51],[8.0701,8672933.7201],[8.0501,8672934.9301],[8.0701,8672936.08],[8.21,8672937.3601],[8.43,8672938.51],[8.6801,8672939.6001],[8.9901,8672940.7301],[9.2901,8672941.8001],[9.5401,8672943.0501],[9.75,8672944.2501],[9.9201,8672945.34],[10.06,8672946.4401],[10.1701,8672947.5401],[10.2201,8672948.77],[10.2001,8672949.9401],[10.2001,8672951.0601],[10.2001,8672951.0901],[10.27,8672952.2401],[10.4701,8672953.34],[10.5954,8672954.0407],[10.69,8672954.5701],[10.83,8672955.8101],[10.96,8672957.0101],[11.1001,8672958.1301],[11.2201,8672959.2],[11.31,8672960.4401],[11.3701,8672961.6501],[11.3601,8672962.8501],[11.33,8672964.02],[11.2901,8672965.2501],[11.2901,8672966.52],[11.2901,8672967.6901],[11.2801,8672968.8501],[11.2501,8672969.96],[11.2401,8672971.14],[11.2401,8672971.6799],[11.2401,8672972.33],[11.2647,8672972.634],[11.33,8672973.4401],[11.4701,8672974.4801],[11.51,8672975.5501],[11.49,8672976.7001],[11.45,8672977.9401],[11.4313,8672979.083],[11.4301,8672979.1601],[11.4383,8672979.3523],[11.4801,8672980.33],[11.5201,8672981.4501],[11.5092,8672982.0991],[11.5001,8672982.65],[11.5201,8672983.8801],[11.5733,8672984.5777],[11.6101,8672985.0601],[11.7001,8672986.2801],[11.7201,8672987.4801],[11.7301,8672988.9],[11.7801,8672990.2201],[11.8301,8672991.52],[11.8501,8672992.7501],[11.8201,8672994.1301],[11.7901,8672995.4701],[11.7301,8672996.7901],[11.6001,8672998.01],[11.49,8672999.1701],[11.44,8673000.45],[11.4101,8673001.6201],[11.4001,8673002.7501],[11.4701,8673003.8601],[11.5601,8673004.9401],[11.6001,8673006.1301],[11.6501,8673007.27],[11.7201,8673008.4701],[11.7901,8673009.58],[11.8401,8673010.7401],[11.8401,8673012.0401],[11.8701,8673013.2501],[11.99,8673014.5401],[12.1601,8673015.6701],[12.3001,8673016.9401],[12.43,8673018.2101],[12.5401,8673019.45],[12.6901,8673020.6901],[12.83,8673021.8501],[12.94,8673023.1101],[12.9901,8673024.3101],[13.07,8673025.5501],[13.21,8673026.7501],[13.3601,8673027.9201],[13.46,8673029.1901],[13.5701,8673030.3201],[13.6701,8673031.5001],[13.8301,8673032.6401],[14.02,8673033.89],[14.1301,8673035.2401],[14.1301,8673036.46],[14.0901,8673037.65],[14.0501,8673038.77],[14.01,8673040.1301],[13.9901,8673041.4701],[13.9801,8673042.7801],[13.9901,8673044.0001],[14.0301,8673045.3101],[14.06,8673046.6101],[14.1101,8673047.77],[14.1001,8673048.9901],[14.0701,8673050.0701],[14.02,8673051.4701],[14.02,8673052.0736],[14.02,8673052.7401],[14.0348,8673053.5788],[14.0401,8673053.8801],[14.0389,8673054.0018],[14.0301,8673054.9401],[14.0301,8673056.02],[14.02,8673057.21],[14.0301,8673058.3601],[14.02,8673059.5601],[13.9901,8673060.77],[13.9601,8673061.9301],[13.9201,8673063.27],[13.9101,8673064.6101],[13.89,8673065.9801],[13.9001,8673067.2301],[13.88,8673068.7901],[13.93,8673070.1301],[14.0901,8673071.39],[14.2201,8673072.5301],[14.2201,8673073.77],[14.1801,8673075.0001],[14.1721,8673075.2717],[14.1401,8673076.3701],[14.1101,8673077.7001],[14.0501,8673078.9],[14.0001,8673080.2501],[13.9601,8673081.5301],[13.9201,8673082.84],[13.88,8673084.0301],[13.8501,8673085.3201],[13.82,8673086.5201],[13.7801,8673087.7201],[13.7401,8673088.8601],[13.6701,8673089.83],[13.62,8673090.84],[13.6801,8673091.7],[13.8701,8673092.5501],[14.1101,8673093.3801],[14.3401,8673094.1301],[14.5301,8673094.9001],[14.7201,8673095.7],[14.9701,8673096.4301],[15.2201,8673097.0501],[15.4801,8673097.6501],[15.7301,8673098.3501],[16.0,8673099.1201],[16.26,8673099.8501],[16.46,8673100.5501],[16.63,8673101.2301],[16.7801,8673101.8701],[16.8501,8673102.4001],[16.8901,8673102.77],[22.9201,8673129.5601],[20.9588,8673162.2546],[19.01,8673194.7401],[20.9801,8673235.5701],[24.0746,8673278.379],[25.3101,8673295.4701],[29.5524,8673316.8726],[33.0457,8673334.4966],[37.75,8673358.2301],[69.6201,8673465.0501],[70.08,8673466.76],[70.8001,8673468.6601],[71.4201,8673470.7401],[72.0401,8673473.2201],[72.6601,8673475.77],[73.1001,8673478.02],[73.3501,8673479.9901],[73.44,8673482.1701],[73.5801,8673483.2001],[74.1101,8673484.3801],[74.93,8673486.2801],[75.7401,8673488.2801],[76.3601,8673490.0501],[77.13,8673492.3601],[77.9001,8673493.1601],[78.4801,8673494.0501],[79.0601,8673495.5701],[79.76,8673497.4801],[80.3801,8673499.2301],[80.9801,8673500.8901],[81.6001,8673502.7901],[82.2801,8673504.5201],[83.1601,8673506.3501],[84.0901,8673508.7201],[84.95,8673511.8001],[85.6701,8673514.9001],[86.24,8673517.5401],[86.75,8673520.1801],[87.2001,8673523.1101],[87.7301,8673525.9701],[88.3401,8673528.4201],[88.6901,8673530.8601],[88.88,8673533.6601],[89.2301,8673536.7301],[89.7,8673539.34],[90.14,8673541.7201],[90.51,8673544.3601],[90.9401,8673547.6001],[91.3101,8673550.71],[91.7,8673553.5001],[92.14,8673556.2001],[92.51,8673559.33],[92.77,8673562.5401],[93.1401,8673565.4601],[93.5601,8673568.3701],[93.9301,8673571.6301],[94.2001,8673574.6601],[94.38,8673577.2901],[94.4801,8673580.0501],[94.58,8673583.2601],[94.7001,8673586.33],[94.9101,8673589.0401],[95.0724,8673590.1252],[95.3201,8673591.7801],[95.83,8673594.95],[96.2201,8673598.1201],[96.5401,8673600.89],[96.89,8673603.71],[97.4301,8673607.09],[97.9401,8673610.3701],[98.3101,8673613.2501],[98.8101,8673616.2501],[99.3001,8673619.46],[99.7801,8673622.27],[100.37,8673624.8201],[100.9301,8673627.5901],[101.4701,8673630.7201],[102.1101,8673633.6801],[102.7901,8673636.3901],[103.4201,8673639.0701],[104.1101,8673642.0601],[104.8001,8673644.9101],[105.6301,8673647.33],[106.5501,8673649.7801],[107.4001,8673652.8601],[107.8401,8673655.83],[108.27,8673658.7801],[108.9801,8673661.5601],[109.7,8673664.6201],[110.3601,8673667.7],[110.99,8673670.5001],[111.6501,8673672.9401],[112.25,8673675.7201],[112.7001,8673678.6301],[113.06,8673681.2801],[113.3001,8673683.5801],[113.4901,8673685.8401],[113.7801,8673688.1101],[114.08,8673690.1701],[114.25,8673692.1001],[114.49,8673694.39],[114.6001,8673695.51],[114.75,8673697.58],[115.1701,8673699.83],[115.6101,8673701.9101],[116.1601,8673704.4301],[116.6201,8673706.9901],[116.9901,8673709.9101],[117.4501,8673713.27],[117.9301,8673716.3801],[118.3401,8673719.27],[118.5901,8673722.4501],[118.69,8673725.8401],[118.8101,8673728.9101],[118.8801,8673731.7201],[118.82,8673734.6801],[118.76,8673737.9101],[118.82,8673740.96],[119.0901,8673743.9401],[119.31,8673746.9701],[119.6001,8673750.3201],[120.02,8673753.3101],[120.4101,8673756.39],[120.7201,8673759.71],[121.0501,8673763.0301],[121.5901,8673766.0101],[122.2901,8673769.08],[122.9101,8673772.2601],[123.5301,8673775.2501],[124.1301,8673778.0301],[124.7201,8673781.2],[125.31,8673784.4401],[126.08,8673787.26],[126.8001,8673790.2],[127.6301,8673793.52],[128.6301,8673796.7701],[129.4801,8673799.7801],[130.33,8673802.5301],[131.0701,8673805.4301],[131.56,8673808.52],[132.0301,8673811.5501],[132.9401,8673814.3901],[133.7801,8673817.46],[134.4101,8673820.5901],[135.0701,8673823.5401],[135.64,8673826.3601],[136.0401,8673829.5901],[136.0601,8673832.9],[135.9701,8673836.01],[135.9701,8673839.3701],[136.1101,8673842.9801],[136.5501,8673846.4101],[137.2701,8673849.6601],[137.95,8673853.3001],[138.6501,8673856.9601],[139.3801,8673860.21],[139.8501,8673863.4101],[140.14,8673866.89],[140.6801,8673870.21],[141.3901,8673873.3301],[141.83,8673876.8901],[142.08,8673880.3801],[142.4201,8673883.5701],[142.83,8673886.8801],[143.31,8673890.3101],[143.93,8673893.5701],[144.6101,8673896.4801],[145.4701,8673899.4301],[146.4101,8673902.6501],[147.3401,8673905.59],[148.3001,8673908.2201],[149.2401,8673911.0401],[150.0701,8673914.3001],[150.6601,8673917.2401],[151.1501,8673919.8501],[151.69,8673922.8601],[152.2101,8673926.1801],[152.8601,8673929.09],[153.5,8673931.71],[154.3001,8673934.52],[155.0301,8673937.5901],[155.8501,8673940.33],[156.71,8673942.6601],[157.5501,8673945.1401],[158.4701,8673947.9101],[159.63,8673950.3601],[160.7801,8673952.6201],[161.8001,8673954.58],[162.87,8673956.4301],[163.9101,8673958.52],[164.9801,8673960.4101],[166.1701,8673961.8801],[167.4101,8673963.3301],[172.0901,8674015.5801],[172.0501,8674017.5501],[172.4101,8674019.6201],[172.7801,8674021.8001],[173.0601,8674023.8601],[173.39,8674025.6801],[173.87,8674027.3601],[174.7301,8674029.0601],[175.7801,8674030.77],[176.8101,8674032.84],[177.6601,8674034.9901],[178.31,8674036.8801],[178.82,8674038.7001],[179.24,8674040.58],[179.4801,8674042.8101],[179.7201,8674045.0301],[179.96,8674047.1501],[-179.67,8674049.0601],[-179.07,8674050.6901],[-178.8199,8674052.3801],[-178.6599,8674054.1601],[-178.5904,8674055.0964],[-178.5299,8674055.9101],[-178.8,8674057.6001],[-179.42,8674059.1301],[-179.9699,8674060.6101],[179.5601,8674062.1901],[179.5701,8674064.02],[179.8601,8674065.9801],[-179.55,8674067.8301],[-178.7799,8674069.6201],[-178.4099,8674071.3101],[-178.36,8674072.8801],[-178.4099,8674074.4501],[-178.5799,8674076.1901],[-178.9099,8674077.8101],[-179.2699,8674079.2201],[-179.5699,8674080.5001],[-179.8499,8674081.7301],[-179.93,8674082.7701],[-179.92,8674084.6001],[-179.7199,8674085.8001],[-179.5199,8674087.5201],[-179.1499,8674089.7501],[-178.8399,8674092.21],[-178.8499,8674094.5401],[-178.9699,8674096.6801],[-179.1599,8674098.6201],[-179.3299,8674100.7501],[-179.4499,8674103.1301],[-179.5699,8674105.4401],[-179.6299,8674107.5201],[-179.6099,8674109.4801],[-179.5399,8674111.5901],[-179.5799,8674113.9101],[-179.6999,8674116.3401],[-179.7799,8674118.5701],[-179.5999,8674120.5201],[-179.1999,8674122.5701],[-179.0299,8674124.7001],[-179.0999,8674126.6301],[-179.1299,8674128.7401],[-179.0799,8674130.8101],[-178.81,8674132.83],[-178.1799,8674135.14],[-177.2099,8674137.3501],[-176.05,8674139.4901],[-174.98,8674141.5501],[-173.8199,8674143.34],[-172.51,8674144.9901],[-171.3299,8674146.9901],[-170.2699,8674148.84],[-169.1799,8674150.7901],[-168.0899,8674152.8801],[-167.19,8674154.8701],[-166.49,8674156.9201],[-165.94,8674159.09],[-165.3,8674161.4701],[-164.8299,8674163.8701],[-164.5199,8674166.2],[-164.2199,8674168.3701],[-163.9199,8674170.71],[-163.5499,8674173.33],[-163.1799,8674175.8501],[-162.8999,8674178.1301],[-162.3299,8674180.1801],[-161.56,8674182.4501],[-160.7199,8674184.4901],[-159.82,8674186.5401],[-158.98,8674188.6301],[-158.1299,8674190.5401],[-157.18,8674192.4301],[-156.3899,8674194.6101],[-155.6399,8674196.6901],[-155.13,8674198.9501],[-154.7699,8674201.2],[-154.3399,8674203.3201],[-153.9499,8674205.4601],[-153.6499,8674207.9801],[-153.4599,8674210.5301],[-153.31,8674212.8701],[-153.1399,8674215.0501],[-152.7799,8674217.33],[-152.3,8674219.77],[-151.7999,8674222.0301],[-151.2199,8674224.2301],[-150.7899,8674226.2201],[-150.4399,8674228.1101],[-150.11,8674230.2501],[-149.6999,8674232.1901],[-149.24,8674234.0001],[-148.8,8674236.0201],[-148.2599,8674237.8901],[-147.5499,8674239.5701],[-146.86,8674241.5201],[-146.1299,8674243.3701],[-145.4199,8674244.9801],[-144.8299,8674246.8401],[-144.18,8674248.7801],[-143.4399,8674250.5601],[-142.8099,8674252.4801],[-142.0999,8674254.6101],[-141.5699,8674256.6601],[-141.5238,8674257.0831],[-141.3499,8674258.6801],[-141.36,8674260.58],[-141.6299,8674262.4901],[-142.0499,8674264.45],[-142.4699,8674266.52],[-142.9599,8674268.5301],[-143.32,8674270.51],[-143.63,8674272.4701],[-143.8,8674274.2901],[-143.8199,8674276.0801],[-143.49,8674277.9],[-142.86,8674279.4201],[-142.0899,8674280.8201],[-141.4399,8674282.7801],[-140.88,8674284.6701],[-140.48,8674286.4801],[-140.0599,8674288.4401],[-139.7499,8674290.4501],[-139.51,8674292.2301],[-139.3099,8674293.9701],[-139.3099,8674295.8401],[-139.38,8674297.4001],[-139.49,8674298.6701],[-139.73,8674299.9301],[-139.82,8674301.24],[-139.73,8674302.36],[-139.1799,8674304.1101],[-138.55,8674305.46],[-138.4299,8674306.5701],[-138.54,8674307.6501],[-139.07,8674309.5401],[-139.2699,8674310.6601],[-139.3499,8674312.0401],[-139.1499,8674313.39],[-138.8299,8674314.5301],[-138.4599,8674315.6401],[-138.0499,8674316.8601],[-137.62,8674318.58],[-137.2199,8674320.1801],[-136.8999,8674321.76],[-136.5899,8674323.51],[-136.4299,8674325.5001],[-136.2899,8674327.6201],[-136.0099,8674329.9],[-135.69,8674331.9701],[-135.4499,8674333.9301],[-135.29,8674336.0601],[-135.1899,8674338.14],[-135.1864,8674338.9955],[-135.18,8674340.6001],[-135.11,8674343.0001],[-135.0899,8674345.3001],[-135.24,8674347.6601],[-135.48,8674350.2301],[-135.7699,8674352.8601],[-135.9799,8674355.09],[-136.2799,8674357.2401],[-136.61,8674359.5901],[-136.92,8674362.14],[-137.1899,8674364.6201],[-137.4299,8674367.0601],[-137.79,8674369.3501],[-137.98,8674371.8601],[-138.13,8674374.6301],[-138.4099,8674377.1301],[-138.7699,8674379.4601],[-139.2799,8674381.7701],[-139.8399,8674384.0701],[-140.26,8674386.4901],[-140.6299,8674388.8101],[-140.8499,8674390.9301],[-140.9599,8674393.1201],[-141.0199,8674395.4801],[-140.98,8674397.7901],[-140.88,8674399.9801],[-140.7999,8674401.8701],[-140.6299,8674403.52],[-140.5,8674405.3001],[-140.42,8674406.9801],[-140.17,8674408.4801],[-140.0299,8674410.0701],[-140.04,8674411.7],[-139.99,8674413.1101],[-139.9499,8674414.8001],[-140.13,8674415.8701],[-140.4499,8674416.8501],[-141.1599,8674418.6601],[-141.6299,8674419.58],[-142.0499,8674420.7101],[-142.43,8674421.84],[-142.79,8674423.01],[-143.07,8674424.08],[-143.43,8674425.8101],[-143.74,8674427.4201],[-143.92,8674429.1401],[-143.7499,8674430.9201],[-143.4399,8674432.3901],[-143.23,8674433.4401],[-143.06,8674434.6701],[-142.9499,8674435.77],[-142.7099,8674437.3101],[-141.2799,8674440.1401],[-139.1399,8674441.3601],[-135.7699,8674442.9],[-134.24,8674445.6601],[-133.6799,8674447.6301],[-133.55,8674448.8201],[-133.2499,8674450.59],[-132.99,8674451.83],[-132.7199,8674452.9301],[-132.3699,8674455.95],[-132.32,8674457.1801],[-132.2799,8674458.4301],[-132.24,8674459.6001],[-132.19,8674460.7901],[-132.1499,8674462.0301],[-132.0999,8674463.3601],[-132.05,8674464.76],[-131.9999,8674466.1701],[-131.8699,8674469.7701],[-131.8099,8674471.65],[-131.7599,8674472.8801],[-131.7099,8674474.2],[-131.6699,8674475.5001],[-131.62,8674476.8301],[-131.57,8674478.1201],[-131.5299,8674479.3601],[-131.48,8674480.6001],[-131.44,8674481.7901],[-131.3499,8674484.3701],[-131.26,8674486.9501],[-131.1899,8674488.7301],[-131.1399,8674490.1601],[-131.0999,8674491.5101],[-131.0599,8674492.77],[-131.0099,8674493.9401],[-130.9699,8674495.02],[-130.9399,8674496.02],[-130.9299,8674497.1101],[-130.9299,8674499.2301],[-130.8899,8674500.3301],[-130.8499,8674501.3601],[-130.8099,8674502.3701],[-130.7699,8674503.46],[-130.73,8674504.59],[-130.6799,8674506.01],[-130.6199,8674507.4701],[-130.43,8674512.5501],[-130.1599,8674516.7901],[-130.05,8674518.2],[-129.94,8674519.59],[-129.8199,8674520.9901],[-129.68,8674522.3601],[-129.57,8674523.3601],[-129.44,8674524.3601],[-129.26,8674525.7401],[-128.9599,8674530.1901],[-128.9199,8674531.3801],[-128.8799,8674532.52],[-128.8399,8674533.6201],[-128.8,8674534.6801],[-128.7599,8674535.6901],[-128.7099,8674537.15],[-128.6299,8674539.2701],[-128.6186,8674539.6513],[-128.5899,8674540.6201],[-128.55,8674541.9901],[-128.5199,8674543.21],[-128.4799,8674547.2501],[-128.4399,8674548.3601],[-128.3999,8674549.5501],[-128.36,8674550.76],[-128.3099,8674551.9301],[-128.2799,8674553.08],[-128.2599,8674554.1701],[-128.25,8674555.2401],[-128.25,8674556.2501],[-128.24,8674557.7201],[-128.29,8674559.3601],[-128.3499,8674560.5501],[-128.5799,8674564.4101],[-128.5699,8674565.65],[-128.5199,8674566.89],[-128.4699,8674568.21],[-128.3999,8674569.6101],[-128.3199,8674570.6201],[-128.2199,8674571.6201],[-128.05,8674573.0701],[-127.9299,8674574.0901],[-127.8699,8674575.5701],[-127.9099,8674580.8101],[-128.0399,8674582.0601],[-128.1999,8674583.2901],[-128.38,8674584.5501],[-128.56,8674585.8401],[-128.7599,8674587.15],[-128.9399,8674588.4901],[-129.0099,8674589.9301],[-128.9699,8674590.96],[-128.74,8674594.1001],[-128.3099,8674596.2901],[-128.0899,8674597.27],[-127.7799,8674598.6701],[-127.3599,8674600.26],[-126.9699,8674601.5501],[-126.5899,8674602.84],[-126.4599,8674604.1301],[-126.4099,8674605.4001],[-126.3699,8674606.7001],[-126.2599,8674609.2501],[-126.0599,8674612.1301],[-125.8599,8674613.5201],[-125.74,8674614.8601],[-125.63,8674616.1601],[-125.5199,8674617.4],[-125.36,8674618.4901],[-125.1999,8674619.6601],[-124.9099,8674620.83],[-124.62,8674621.9801],[-124.0099,8674624.33],[-123.2699,8674626.7401],[-122.9799,8674627.89],[-122.6399,8674629.0401],[-122.3299,8674630.1701],[-122.0199,8674631.3801],[-121.74,8674632.6901],[-121.5499,8674634.0701],[-121.3999,8674635.7401],[-121.3499,8674637.01],[-121.1999,8674641.33],[-121.1499,8674642.6001],[-121.1099,8674643.83],[-121.0699,8674645.0401],[-121.0199,8674646.2201],[-120.9799,8674647.3501],[-120.9399,8674648.4801],[-120.8999,8674649.5601],[-121.0999,8674654.1101],[-121.1999,8674655.3201],[-121.3699,8674656.5701],[-121.5999,8674657.6301],[-121.8499,8674658.6401],[-122.07,8674659.6201],[-122.3999,8674661.3101],[-122.3699,8674662.3501],[-122.2699,8674663.5301],[-122.0,8674664.52],[-121.6599,8674665.4901],[-121.3499,8674666.4501],[-121.0999,8674667.4401],[-120.8199,8674669.0701],[-120.79,8674670.2401],[-120.8399,8674671.39],[-120.8099,8674673.7],[-119.5199,8674676.7501],[-117.9199,8674680.02],[-116.98,8674682.8701],[-115.3999,8674686.4501],[-115.0799,8674689.4601],[-115.9499,8674692.6301],[-117.29,8674695.4001],[-118.5299,8674698.21],[-119.5699,8674701.1201],[-120.4999,8674704.3201],[-120.9499,8674707.8001],[-120.17,8674710.7301],[-117.29,8674711.7301],[-114.7699,8674713.5301],[-113.82,8674716.46],[-113.44,8674719.5301],[-113.1299,8674722.71],[-112.7199,8674725.8201],[-112.37,8674728.9201],[-112.17,8674732.3201],[-111.99,8674737.5101],[-111.9699,8674740.84],[-111.9599,8674744.2301],[-111.9599,8674747.6101],[-112.04,8674750.8001],[-112.19,8674753.8201],[-112.6799,8674757.9801],[-113.3499,8674761.2301],[-113.7799,8674764.34],[-113.6599,8674767.4401],[-112.76,8674770.4401],[-111.4999,8674773.6101],[-110.7699,8674776.7301],[-110.25,8674780.0401],[-110.1299,8674783.3601],[-110.1799,8674787.9101],[-110.4199,8674791.1101],[-110.94,8674794.5401],[-111.57,8674799.2401],[-111.7199,8674802.45],[-111.88,8674805.9401],[-112.0699,8674809.3401],[-112.32,8674812.3801],[-112.6899,8674815.6601],[-113.0799,8674819.3201],[-113.42,8674822.4801],[-113.8299,8674825.8801],[-114.3399,8674829.1701],[-115.0599,8674832.1501],[-116.2499,8674835.3401],[-118.29,8674838.9301],[-120.18,8674841.7201],[-122.11,8674844.7501],[-123.63,8674847.65],[-124.8299,8674850.7201],[-125.3899,8674853.84],[-125.4599,8674856.9701],[-125.4599,8674861.21],[-125.4499,8674864.5801],[-125.3399,8674867.7801],[-124.8399,8674871.21],[-124.0099,8674874.3301],[-123.04,8674878.2201],[-122.5199,8674881.3901],[-122.11,8674884.8401],[-121.5999,8674888.1701],[-121.1399,8674891.1601],[-120.79,8674894.5301],[-120.4299,8674899.5601],[-119.8299,8674902.59],[-118.8199,8674905.4301],[-117.1899,8674908.4501],[-115.25,8674911.4801],[-113.3999,8674914.4401],[-111.6799,8674917.39],[-110.4199,8674920.5101],[-109.6899,8674923.4301],[-109.0899,8674926.8501],[-108.6599,8674930.1101],[-108.2699,8674933.1901],[-107.99,8674936.2301],[-107.94,8674939.5601],[-107.94,8674942.7201],[-108.12,8674946.26],[-108.54,8674949.45],[-109.0599,8674952.46],[-109.6599,8674955.4801],[-110.1799,8674958.7901],[-110.29,8674962.95],[-110.2099,8674966.3101],[-109.9599,8674969.3701],[-109.6299,8674972.7901],[-109.3699,8674975.8201],[-109.11,8674979.3001],[-108.8299,8674982.3501],[-108.25,8674986.5701],[-107.55,8674989.8601],[-106.6399,8674993.0401],[-105.7699,8674996.3001],[-105.1599,8674999.5401],[-105.0999,8675000.0001],[-104.7099,8675002.8601],[-104.42,8675006.0301],[-104.2099,8675009.3901],[-104.05,8675012.6701],[-103.8599,8675017.0001],[-103.7299,8675020.4401],[-103.7499,8675023.7201],[-104.0899,8675028.1801],[-104.55,8675031.4401],[-104.9399,8675034.7901],[-105.0999,8675038.02],[-105.24,8675041.4301],[-105.3799,8675044.58],[-105.5199,8675047.8701],[-105.6399,8675051.0701],[-105.7299,8675054.3301],[-105.74,8675057.5201],[-105.79,8675061.0001],[-105.8899,8675064.15],[-105.8999,8675069.33],[-105.8899,8675072.4],[-105.8899,8675075.6701],[-105.9299,8675079.0001],[-106.0399,8675082.2801],[-106.0999,8675085.3501],[-106.0899,8675088.5201],[-106.0599,8675092.5301],[-105.9599,8675095.9401],[-105.8299,8675099.2801],[-105.7499,8675102.4001],[-105.6199,8675105.4201],[-105.3,8675108.4701],[-104.8499,8675111.5501],[-104.38,8675114.84],[-103.8999,8675118.2401],[-103.3,8675121.6201],[-102.75,8675124.8101],[-102.67,8675129.01],[-102.99,8675132.3601],[-103.4399,8675135.52],[-103.92,8675138.9801],[-104.3699,8675142.3501],[-104.62,8675145.4301],[-104.8799,8675149.7501],[-105.2799,8675152.8101],[-105.8999,8675156.27],[-106.3999,8675159.33],[-106.7911,8675161.9663],[-106.8999,8675162.7],[-107.5,8675166.2001],[-108.3299,8675170.5401],[-108.9699,8675173.8601],[-109.44,8675176.9801],[-109.8899,8675180.0201],[-110.3399,8675183.33],[-110.61,8675186.4201],[-110.6199,8675191.3001],[-110.6199,8675194.59],[-110.61,8675197.6801],[-110.5999,8675200.6801],[-110.5899,8675203.9401],[-110.5799,8675207.4101],[-110.5699,8675210.7901],[-110.56,8675213.9201],[-110.54,8675218.4],[-110.5099,8675221.4801],[-110.4499,8675224.71],[-110.43,8675227.8001],[-110.4199,8675232.65],[-110.4099,8675235.9101],[-110.4099,8675239.08],[-110.48,8675242.5401],[-110.5,8675245.6701],[-110.5,8675248.7301],[-110.5699,8675253.59],[-110.98,8675257.0301],[-111.92,8675260.2801],[-113.2099,8675263.3101],[-114.4299,8675266.3201],[-115.3099,8675269.2201],[-115.6799,8675272.3601],[-115.7199,8675275.3901],[-115.7599,8675278.4901],[-115.99,8675281.8501],[-116.3299,8675284.9601],[-116.49,8675288.3101],[-116.4099,8675291.3701],[-116.04,8675294.5901],[-115.7099,8675297.7001],[-115.7099,8675300.83],[-116.11,8675304.2501],[-117.6299,8675308.9701],[-118.1899,8675312.0201],[-118.1199,8675315.2501],[-118.0799,8675318.4201],[-118.0699,8675321.5001],[-118.0499,8675324.8401],[-118.0499,8675328.2],[-118.0499,8675331.39],[-118.1599,8675334.4601],[-118.4099,8675337.46],[-118.7999,8675340.8601],[-119.1099,8675344.0101],[-119.3,8675347.08],[-119.3699,8675350.1801],[-119.4499,8675353.6201],[-119.6399,8675356.9001],[-119.7899,8675358.1604],[-120.0099,8675360.01],[-120.2199,8675364.3601],[-120.2099,8675367.6601],[-120.1999,8675370.7601],[-120.1899,8675373.9901],[-120.17,8675377.3601],[-120.0899,8675382.1901],[-119.9499,8675385.2901],[-119.8899,8675388.33],[-119.8899,8675391.34],[-119.8999,8675396.8001],[-119.9399,8675400.0701],[-119.9299,8675403.1201],[-119.9199,8675406.1701],[-119.9199,8675409.2301],[-119.9199,8675412.3701],[-119.99,8675415.4401],[-120.3799,8675418.5301],[-120.61,8675422.6201],[-121.7699,8675425.4301],[-122.44,8675428.39],[-122.62,8675431.4701],[-123.1399,8675434.4801],[-123.8399,8675438.1801],[-124.0799,8675441.2301],[-123.98,8675444.6101],[-123.9499,8675447.6301],[-123.81,8675450.8701],[-123.67,8675453.9401],[-123.5986,8675454.7247],[-123.3899,8675457.0201],[-123.3299,8675460.15],[-122.99,8675463.1901],[-122.5799,8675466.3601],[-122.51,8675469.7201],[-122.6999,8675472.7401],[-123.5,8675475.7001],[-124.9599,8675478.8901],[-126.18,8675481.6401],[-127.3999,8675484.5401],[-128.4499,8675487.3701],[-129.11,8675490.3001],[-129.54,8675493.3601],[-129.6699,8675496.5301],[-129.6169,8675498.3077],[-129.5799,8675499.5501],[-129.5099,8675502.8501],[-129.5099,8675504.3049],[-129.5099,8675505.9401],[-129.86,8675509.08],[-131.1599,8675511.9701],[-132.8599,8675514.65],[-133.74,8675518.5401],[-133.3999,8675521.65],[-131.8299,8675524.3701],[-128.5799,8675525.6001],[-125.74,8675524.5401],[-125.1113,8675523.9286],[-123.5499,8675522.4101],[-123.4944,8675522.3412],[-122.6538,8675521.3001],[-121.3699,8675519.71],[-121.358,8675519.6935],[-119.5799,8675517.2301],[-117.9399,8675514.6901],[-116.1399,8675512.1201],[-116.0855,8675512.0505],[-114.17,8675509.6001],[-114.1151,8675509.5309],[-112.2099,8675507.1301],[-112.1546,8675507.0611],[-110.3099,8675504.7601],[-108.2699,8675502.3701],[-105.7199,8675500.5501],[-102.7799,8675499.9101],[-99.7699,8675500.1201],[-97.1799,8675501.8201],[-96.11,8675504.6501],[-93.1399,8675505.2501],[-93.0967,8675505.1784],[-91.44,8675502.4301],[-91.4363,8675502.4455],[-90.7464,8675505.3331],[-90.74,8675505.3601],[-93.2199,8675507.08],[-96.3299,8675506.7001],[-98.8699,8675504.2101],[-101.8599,8675503.5401],[-104.79,8675504.9701],[-106.8,8675507.3001],[-108.7051,8675509.7106],[-108.76,8675509.7801],[-110.6746,8675512.1613],[-110.73,8675512.2301],[-112.49,8675514.7201],[-114.1299,8675517.3801],[-116.0,8675520.2401],[-117.69,8675522.8901],[-119.1799,8675525.7501],[-120.6699,8675528.4401],[-121.8399,8675531.2401],[-122.48,8675534.2301],[-121.7199,8675537.3601],[-119.7499,8675539.8301],[-117.12,8675541.8101],[-115.0099,8675544.0101],[-115.2099,8675547.0301],[-116.9801,8675549.5574],[-117.01,8675549.6001],[-119.1799,8675551.9201],[-121.3375,8675554.2062],[-121.36,8675554.2301],[-123.1099,8675556.7001],[-124.44,8675559.59],[-124.86,8675562.58],[-124.8399,8675565.5901],[-124.5399,8675568.7401],[-124.05,8675572.15],[-123.67,8675575.2501],[-123.2799,8675578.3601],[-123.1499,8675581.5001],[-123.7099,8675584.6901],[-124.7799,8675587.64],[-125.9599,8675590.5301],[-126.0199,8675594.3601],[-124.3699,8675597.0701],[-122.5899,8675599.7401],[-120.88,8675602.2301],[-120.13,8675605.15],[-120.7576,8675608.2786],[-120.7599,8675608.2901],[-122.79,8675610.5301],[-125.0199,8675612.6601],[-127.521,8675615.7006],[-127.57,8675615.76],[-129.1399,8675618.4101],[-128.87,8675621.5001],[-127.1799,8675624.1001],[-125.36,8675626.7701],[-123.7299,8675629.2901],[-122.0199,8675631.9901],[-120.5799,8675634.9101],[-119.6999,8675639.02],[-120.26,8675642.1001],[-121.5577,8675644.8553],[-121.56,8675644.8601],[-123.7141,8675647.5114],[-123.7699,8675647.58],[-125.9099,8675649.7401],[-128.3568,8675652.2848],[-128.4099,8675652.34],[-128.7599,8675655.34],[-128.1799,8675658.3801],[-127.5199,8675661.4101],[-126.1499,8675664.1901],[-126.569,8675667.2229],[-126.5699,8675667.2301],[-128.5731,8675669.5444],[-128.6299,8675669.6101],[-127.1599,8675672.33],[-124.79,8675674.34],[-122.6599,8675676.46],[-121.2599,8675679.2201],[-120.48,8675682.2101],[-120.42,8675685.3201],[-120.9299,8675688.3701],[-122.1051,8675691.2438],[-122.1199,8675691.2801],[-124.4699,8675693.2401],[-127.0099,8675695.1701],[-129.3899,8675697.0401],[-131.4079,8675699.3603],[-131.4599,8675699.4201],[-132.3499,8675702.4501],[-132.1099,8675705.7901],[-131.11,8675708.71],[-129.5599,8675711.46],[-128.0999,8675714.2001],[-127.8314,8675714.6029],[-126.42,8675716.7201],[-125.1599,8675719.4601],[-125.1399,8675722.6201],[-126.1499,8675725.5101],[-127.9891,8675728.0574],[-128.0199,8675728.1001],[-130.19,8675730.51],[-132.1824,8675732.7969],[-132.2199,8675732.84],[-133.9699,8675735.5201],[-135.2599,8675738.26],[-135.8499,8675741.4801],[-135.82,8675744.5401],[-135.36,8675747.65],[-134.32,8675750.4801],[-132.8499,8675753.3201],[-131.4999,8675756.1101],[-130.0599,8675758.9501],[-129.5787,8675759.699],[-128.3699,8675761.58],[-127.0299,8675764.46],[-127.6294,8675768.0166],[-127.63,8675768.02],[-129.5899,8675770.4101],[-131.8699,8675772.6101],[-133.8499,8675774.89],[-136.1197,8675776.8848],[-136.1599,8675776.9201],[-137.38,8675779.7601],[-136.7199,8675782.8501],[-135.8299,8675785.84],[-136.0299,8675788.9301],[-136.1917,8675789.8366],[-136.5599,8675791.9001],[-135.75,8675795.6801],[-134.8199,8675798.7301],[-135.0,8675801.7801],[-135.6799,8675805.2501],[-135.8699,8675808.3401],[-134.3099,8675811.0001],[-131.8999,8675812.9701],[-130.17,8675815.6101],[-129.3899,8675818.58],[-127.06,8675821.2101],[-126.2199,8675824.1701],[-127.5171,8675827.0021],[-127.5299,8675827.0301],[-130.4499,8675829.9201],[-132.7165,8675832.089],[-132.7699,8675832.1401],[-133.0099,8675835.2801],[-132.49,8675838.4201],[-132.2699,8675841.4801],[-132.99,8675844.89],[-133.6499,8675847.8501],[-134.24,8675850.8201],[-134.9099,8675853.8101],[-133.29,8675856.8801],[-131.2699,8675859.15],[-129.29,8675861.5501],[-128.2099,8675864.5601],[-128.23,8675867.6701],[-129.0999,8675870.6601],[-130.4999,8675874.1801],[-128.0299,8675876.0101],[-125.2799,8675877.3601],[-122.86,8675879.15],[-120.86,8675881.4101],[-119.25,8675884.0301],[-118.75,8675887.1101],[-120.3092,8675889.7775],[-120.3399,8675889.83],[-122.8099,8675891.5701],[-125.4299,8675893.21],[-127.9699,8675895.1501],[-130.0188,8675897.4917],[-130.0699,8675897.5501],[-131.0899,8675900.5701],[-130.2199,8675903.6301],[-127.9299,8675905.5701],[-124.7199,8675906.5701],[-121.3099,8675907.1901],[-118.26,8675907.6201],[-117.2403,8675907.8554],[-115.2699,8675908.3101],[-112.5599,8675909.7401],[-110.5199,8675912.1801],[-109.8299,8675915.1101],[-109.8999,8675918.26],[-110.3399,8675921.27],[-111.1899,8675924.15],[-112.81,8675926.8301],[-114.6325,8675929.362],[-114.6599,8675929.4001],[-116.0199,8675932.1801],[-117.3099,8675934.89],[-118.6699,8675938.39],[-119.76,8675941.39],[-120.6599,8675944.3201],[-121.54,8675947.26],[-122.61,8675950.1601],[-123.5,8675953.1301],[-124.23,8675956.21],[-124.4773,8675957.0981],[-125.06,8675959.1901],[-125.9499,8675962.3001],[-126.6999,8675965.3201],[-127.1799,8675968.33],[-127.63,8675971.46],[-127.8707,8675973.2254],[-128.05,8675974.5401],[-128.4799,8675977.6501],[-128.93,8675980.7501],[-129.6199,8675983.7901],[-130.2395,8675986.6996],[-130.4099,8675987.5001],[-130.9199,8675990.5701],[-131.3199,8675993.6701],[-131.6999,8675996.65],[-132.1399,8675999.7],[-132.7799,8676002.7],[-133.2299,8676005.7001],[-133.4699,8676009.5101],[-133.6399,8676012.6701],[-133.649,8676016.169],[-133.6499,8676016.5401],[-133.9799,8676019.5301],[-134.76,8676026.59],[-134.63,8676027.4101],[-134.9206,8676028.5884],[-135.2403,8676029.8846],[-135.36,8676030.3701],[-135.4426,8676031.7099],[-135.55,8676033.45],[-135.412,8676034.7034],[-135.4077,8676034.7425],[-135.2099,8676036.5401],[-135.29,8676039.65],[-135.5299,8676042.65],[-135.7599,8676045.6601],[-135.9999,8676048.6701],[-136.24,8676051.76],[-136.5199,8676054.84],[-137.2699,8676057.8201],[-137.74,8676060.9101],[-138.1999,8676063.9801],[-138.5899,8676067.02],[-138.8399,8676070.15],[-139.0799,8676073.21],[-139.3299,8676076.3101],[-139.6499,8676079.3501],[-139.74,8676082.5601],[-139.7534,8676082.8831],[-139.87,8676085.6801],[-139.87,8676088.71],[-139.3622,8676091.1198],[-139.24,8676091.7001],[-139.1599,8676094.8001],[-139.3899,8676097.8701],[-139.8299,8676100.9901],[-140.4299,8676103.9701],[-140.8499,8676107.0101],[-141.36,8676110.1001],[-141.7699,8676113.09],[-142.2699,8676116.1901],[-142.3124,8676116.3943],[-142.8999,8676119.2201],[-143.5199,8676122.3501],[-144.1399,8676125.3501],[-144.5899,8676128.4301],[-145.2599,8676131.3601],[-145.7099,8676134.33],[-146.0899,8676137.3601],[-146.2699,8676140.5001],[-146.3786,8676141.7073],[-146.5399,8676143.5001],[-146.7745,8676146.5808],[-146.769,8676146.6017],[-146.0099,8676149.4901],[-146.5199,8676152.5401],[-147.5246,8676154.3217],[-148.0199,8676155.2],[-148.0982,8676155.8793],[-148.3699,8676158.2401],[-148.1788,8676161.0437],[-148.1599,8676161.3201],[-147.9599,8676164.3601],[-148.115,8676166.5301],[-148.18,8676167.4401],[-148.2397,8676170.1104],[-148.25,8676170.5701],[-148.07,8676173.6901],[-148.2699,8676176.9901],[-148.3143,8676178.4851],[-148.36,8676180.02],[-148.36,8676183.0701],[-148.3043,8676185.2645],[-148.2799,8676186.2201],[-148.18,8676189.26],[-148.3399,8676192.33],[-148.5799,8676195.4301],[-148.8099,8676198.5401],[-149.0299,8676201.5401],[-149.24,8676204.64],[-149.5999,8676207.6601],[-150.0599,8676210.6301],[-150.3899,8676213.7101],[-150.93,8676216.9201],[-151.0225,8676217.3722],[-151.55,8676219.95],[-151.81,8676223.0301],[-151.9031,8676224.3692],[-152.0199,8676226.0501],[-152.24,8676229.1001],[-152.5799,8676232.1701],[-153.13,8676235.15],[-153.6399,8676238.1701],[-154.1999,8676241.1901],[-154.6474,8676243.9589],[-154.6799,8676244.1601],[-155.11,8676247.2301],[-155.6455,8676249.6936],[-155.7599,8676250.2201],[-155.9012,8676251.1628],[-156.2199,8676253.2901],[-156.6799,8676256.2601],[-156.9269,8676257.0566],[-157.5699,8676259.1301],[-157.8099,8676262.1301],[-158.2199,8676265.14],[-158.49,8676268.2401],[-158.94,8676271.2601],[-161.43,8676276.4401],[-163.0061,8676278.5416],[-163.05,8676278.6001],[-165.697,8676281.247],[-165.74,8676281.2901],[-167.8999,8676286.14],[-170.05,8676290.4501],[-171.13,8676295.3001],[-173.6296,8676302.5301],[-173.6197,8676306.5101],[-173.6797,8676310.2301],[-173.8958,8676313.0215],[-173.9197,8676313.3301],[-173.9658,8676315.7801],[-173.9797,8676316.5201],[-174.0198,8676320.0001],[-174.0798,8676323.6301],[-174.2071,8676325.2894],[-174.3499,8676327.1501],[-174.4099,8676330.9401],[-174.4299,8676334.0701],[-174.4301,8676337.4544],[-174.46,8676341.1901],[-174.7401,8676344.8601],[-175.04,8676348.1201],[-175.4299,8676351.8101],[-175.7381,8676354.9085],[-175.7999,8676355.5301],[-176.1399,8676358.8001],[-176.4199,8676362.26],[-176.6699,8676365.9],[-176.7763,8676368.7616],[-176.7899,8676369.1301],[-176.8426,8676369.6461],[-177.1099,8676372.27],[-177.3899,8676375.5901],[-177.6699,8676378.8701],[-177.7265,8676381.4413],[-177.75,8676382.51],[-177.8,8676386.1701],[-178.13,8676390.03],[-178.1701,8676393.51],[-178.1601,8676397.0701],[-178.1601,8676400.1701],[-178.2002,8676403.65],[-178.4901,8676406.9601],[-179.0501,8676409.9401],[179.928,8676412.7409],[179.6401,8676413.5301],[179.2659,8676414.4079],[178.0503,8676417.2601],[176.7905,8676420.2901],[175.5308,8676423.3701],[174.141,8676426.4201],[172.7053,8676428.9847],[172.1313,8676430.0101],[170.3717,8676433.3101],[169.1819,8676436.2101],[168.1321,8676439.0402],[167.0423,8676442.0202],[165.4025,8676446.1903],[164.1027,8676449.3903],[162.7829,8676452.4003],[161.9631,8676455.6003],[161.6631,8676458.7303],[162.9625,8676476.1702],[163.7623,8676479.3203],[164.3621,8676482.2602],[164.8821,8676486.0402],[165.0919,8676489.0701],[165.2918,8676492.2802],[165.4117,8676495.4601],[165.4117,8676498.8101],[165.3817,8676502.3001],[165.2816,8676505.5201],[164.9817,8676508.6801],[164.4117,8676512.1601],[163.8317,8676515.6002],[163.1719,8676518.5302],[162.4819,8676521.6002],[162.1633,8676524.0204],[162.062,8676524.7902],[161.3121,8676529.0102],[160.6422,8676532.3002],[159.9723,8676535.5402],[159.2023,8676538.9102],[158.5324,8676541.9302],[158.1325,8676545.5203],[157.5525,8676548.9302],[156.5427,8676552.7503],[156.4373,8676553.0274],[155.3029,8676556.0103],[154.1531,8676559.1503],[152.4034,8676563.0003],[152.0734,8676566.0303],[152.2054,8676568.5744],[152.2316,8676569.0801],[151.3717,8676572.0501],[150.3719,8676575.3101],[149.6719,8676578.3602],[149.0521,8676581.5002],[148.4423,8676584.4702],[147.7823,8676587.8402],[147.1725,8676591.0402],[146.5325,8676594.3303],[145.9527,8676597.4003],[145.3927,8676600.7103],[145.0627,8676603.7003],[144.7527,8676606.7802],[144.4227,8676610.2202],[144.0727,8676613.3803],[143.7129,8676616.6303],[143.3729,8676619.8303],[143.0629,8676623.1903],[142.7529,8676626.6303],[142.3929,8676630.6703],[142.0829,8676634.1503],[141.803,8676637.2503],[141.743,8676640.4403],[141.483,8676643.6803],[141.1829,8676647.1203],[141.0508,8676650.0921],[141.0429,8676650.2703],[141.0227,8676650.4842],[140.7229,8676653.6603],[140.4129,8676656.9703],[140.123,8676660.4603],[140.0729,8676663.7303],[139.7629,8676667.0003],[139.433,8676670.5003],[139.0329,8676673.7903],[138.5221,8676677.4702],[138.2121,8676680.5002],[138.1321,8676683.9102],[138.1419,8676686.9902],[138.1419,8676690.1002],[138.1519,8676693.1002],[138.1618,8676696.2501],[138.1617,8676699.3101],[138.1617,8676702.3201],[138.1717,8676705.9101],[138.1717,8676709.0001],[138.1715,8676712.1101],[138.1715,8676715.5201],[138.1415,8676718.5701],[138.0515,8676721.7601],[138.0114,8676724.7601],[138.0213,8676727.9301],[137.9913,8676731.2901],[137.6313,8676734.7001],[137.0014,8676738.1201],[136.1615,8676741.1401],[135.0417,8676744.1701],[133.6819,8676747.3502],[132.0722,8676750.2902],[130.3624,8676753.1202],[129.7689,8676754.0624],[128.6425,8676755.8502],[126.9429,8676759.1103],[125.7531,8676761.9503],[124.4933,8676764.7503],[123.3735,8676767.5703],[122.0337,8676771.5403],[121.0838,8676774.6203],[120.7239,8676777.7603],[120.5539,8676780.9903],[120.5638,8676784.2703],[120.5836,8676788.1603],[120.8928,8676791.2503],[121.2619,8676794.0258],[121.3197,8676794.46],[121.5067,8676797.5798],[121.5366,8676800.7197],[121.5533,8676803.3471],[121.5565,8676803.8597],[121.6284,8676804.7217],[121.8065,8676806.8597],[121.9263,8676810.1797],[122.2863,8676813.4597],[122.7561,8676816.4597],[123.4059,8676819.5697],[124.4957,8676822.7197],[125.4854,8676825.5997],[126.5851,8676829.6497],[127.1349,8676832.9397],[127.3049,8676835.9997],[127.3248,8676839.1297],[127.3348,8676842.3797],[126.9948,8676845.3797],[126.1949,8676848.7097],[125.0851,8676851.9397],[123.9953,8676854.9297],[122.9854,8676857.8597],[121.9756,8676860.9697],[120.4458,8676864.9497],[118.7061,8676869.0997],[117.2764,8676872.2397],[116.5082,8676873.7497],[115.8366,8676875.0698],[114.5469,8676877.8698],[113.1071,8676881.6999],[112.0772,8676884.8199],[111.9905,8676885.1206],[111.1774,8676887.9399],[110.1704,8676890.6969],[109.9976,8676891.1699],[109.2059,8676893.4678],[108.9778,8676894.1299],[108.0379,8676897.2299],[107.358,8676900.2799],[106.878,8676903.5299],[106.3181,8676906.8999],[105.7881,8676910.3299],[105.2282,8676913.8099],[104.6083,8676917.9799],[104.2683,8676921.3899],[103.9383,8676924.8899],[103.5983,8676927.9299],[103.0784,8676931.0599],[102.6484,8676935.4699],[102.1785,8676938.8399],[102.0085,8676941.8599],[102.0084,8676945.3799],[102.0183,8676948.4299],[102.0183,8676951.5599],[102.0182,8676954.8999],[102.0281,8676958.9599],[102.0281,8676962.3599],[102.0181,8676965.3699],[101.968,8676968.4099],[101.948,8676971.5899],[101.658,8676975.0599],[101.588,8676978.3099],[101.5579,8676981.5799],[101.5579,8676985.0599],[101.5678,8676988.5699],[101.5777,8676991.6799],[101.5477,8676995.0799],[101.5477,8676998.2399],[101.5376,8677001.5199],[101.4176,8677004.7999],[100.8777,8677007.7799],[100.3177,8677010.9399],[99.3779,8677014.4399],[97.9581,8677017.5799],[96.3884,8677020.6499],[95.0686,8677023.8699],[93.9288,8677027.1999],[92.9089,8677030.3399],[92.1091,8677033.3199],[91.1192,8677036.6699],[90.4693,8677039.8199],[90.3183,8677040.5076],[89.8194,8677042.78],[88.9795,8677045.8],[88.1597,8677048.9801],[86.7699,8677054.52],[85.9797,8677057.7901],[85.2093,8677060.8599],[84.7394,8677064.12],[84.1795,8677067.67],[83.6795,8677070.76],[82.9595,8677073.75],[81.9593,8677077.28],[81.1885,8677080.5699],[80.8473,8677083.5799],[80.5161,8677086.9297],[80.5026,8677087.444],[80.4357,8677089.9897],[80.3357,8677093.1797],[79.5859,8677096.6297],[78.4059,8677100.1897],[77.5061,8677103.6297],[76.7262,8677106.8097],[75.4764,8677111.5097],[74.5165,8677114.7498],[74.0215,8677116.2452],[73.5267,8677117.7398],[72.4369,8677121.0798],[71.497,8677123.9498],[70.5072,8677127.2099],[69.6173,8677130.5799],[68.6375,8677134.1099],[67.9375,8677137.3599],[67.3977,8677140.4899],[66.7977,8677143.7199],[66.2377,8677146.9999],[65.5579,8677150.4199],[64.8679,8677155.2099],[64.338,8677158.2599],[64.088,8677161.7299],[63.9579,8677164.8399],[63.9081,8677168.0899],[63.9083,8677171.6199],[63.9182,8677174.7499],[63.9282,8677177.9699],[63.9581,8677181.0299],[64.0585,8677184.2499],[64.2193,8677187.65],[64.4097,8677191.1201],[64.529,8677193.4057],[64.5799,8677194.3801],[64.6097,8677197.5301],[64.6155,8677199.8703],[64.6203,8677201.7501],[64.6115,8677204.7701],[64.5928,8677208.1903],[64.5235,8677211.6103],[64.2535,8677214.9403],[63.9836,8677218.1103],[63.9391,8677219.6115],[63.8935,8677221.1503],[63.6565,8677223.8097],[63.6145,8677224.2803],[63.3953,8677227.6904],[63.2852,8677230.7304],[62.9853,8677233.8104],[62.4352,8677237.1005],[61.6343,8677240.3103],[60.7925,8677243.2103],[59.9214,8677246.3001],[59.2805,8677249.3201],[59.0945,8677250.0823],[58.5487,8677252.3199],[57.6784,8677255.8799],[56.4987,8677258.7099],[55.0789,8677261.5499],[54.4884,8677262.7269],[53.6991,8677264.2999],[52.4264,8677266.5009],[52.0394,8677267.17],[50.3097,8677269.66],[48.5001,8677273.8701],[42.5225,8677286.529],[41.1101,8677289.52],[37.71,8677302.8901],[31.0,8677324.08],[29.2201,8677335.1001],[28.2801,8677343.77],[27.3001,8677354.02],[26.3201,8677364.27],[21.3401,8677377.6001],[16.3697,8677390.9044],[16.3601,8677390.9301],[10.7827,8677396.3189],[10.74,8677396.3601],[8.0174,8677402.6406],[4.9701,8677409.6701],[4.0601,8677415.9801],[3.9501,8677422.2901],[5.4101,8677428.6301],[7.6301,8677436.5701],[8.1018,8677437.4234],[8.5556,8677438.2446],[8.9401,8677438.9401],[8.9933,8677439.1499],[9.4801,8677441.0701],[10.1301,8677443.2901],[10.5501,8677445.2501],[10.9701,8677447.4801],[11.3001,8677449.52],[11.5001,8677451.64],[11.6501,8677453.7401],[11.9201,8677455.8101],[12.3101,8677457.9101],[12.7101,8677460.02],[13.1101,8677462.0601],[13.5601,8677464.2201],[13.9801,8677466.3201],[14.4401,8677468.4101],[14.9101,8677470.3801],[15.3001,8677471.5401],[15.4701,8677471.7301],[15.6101,8677472.1701],[16.5523,8677473.5646],[16.6101,8677473.6501],[16.6277,8677473.7999],[16.7301,8677474.6701],[17.2618,8677475.7801],[17.3001,8677475.8601],[17.71,8677477.1801],[17.6801,8677478.7901],[17.6747,8677482.4321],[16.7081,8677485.5046],[16.7029,8677485.5211],[16.4877,8677486.2052],[15.75,8677488.5501],[15.58,8677490.01],[15.25,8677492.0501],[15.5001,8677492.3501],[15.4101,8677496.2901],[15.0901,8677498.3501],[14.77,8677500.39],[14.6201,8677502.64],[13.9601,8677505.65],[13.2901,8677507.7901],[12.6601,8677509.7801],[12.1301,8677511.8401],[11.6901,8677514.0001],[11.0801,8677516.0301],[10.46,8677519.1701],[10.0854,8677520.6492],[9.8901,8677521.4201],[9.2801,8677523.5501],[8.4701,8677525.5501],[7.77,8677527.6301],[7.3601,8677529.59],[6.9001,8677531.7301],[6.7301,8677534.01],[6.83,8677536.1901],[6.8101,8677538.45],[6.82,8677541.6601],[6.76,8677543.8001],[6.5901,8677545.8201],[6.2201,8677548.0601],[5.6701,8677550.1801],[5.08,8677552.2],[1.9001,8677559.7501],[1.464,8677560.8171],[1.0501,8677561.83],[0.1501,8677564.1401],[-0.5799,8677566.0501],[-1.1399,8677568.33],[-1.3624,8677569.4939],[-1.5299,8677570.3701],[-2.24,8677572.6001],[-2.8299,8677574.7201],[-3.5099,8677577.3201],[-4.0599,8677579.6901],[-4.5199,8677581.6901],[-5.0199,8677583.64],[-5.3799,8677585.6901],[-5.8499,8677587.6501],[-6.1999,8677589.89],[-6.69,8677592.7301],[-7.1399,8677594.7501],[-7.68,8677596.8801],[-8.4299,8677599.2],[-9.2499,8677601.2201],[-9.9999,8677603.2901],[-10.9167,8677605.6648],[-11.0499,8677606.01],[-11.6699,8677608.0601],[-12.2099,8677609.9901],[-12.86,8677612.4401],[-13.1048,8677613.5418],[-13.3599,8677614.6901],[-13.8899,8677616.8801],[-14.48,8677619.0001],[-15.6699,8677624.4401],[-16.1399,8677626.6101],[-16.7499,8677628.7401],[-17.2099,8677631.1001],[-17.2949,8677632.5205],[-17.3499,8677633.4401],[-17.6999,8677635.7901],[-18.4399,8677638.02],[-19.4499,8677640.09],[-20.3999,8677642.4401],[-20.94,8677644.4401],[-21.4399,8677646.5901],[-22.0699,8677648.96],[-22.5299,8677651.14],[-22.6999,8677653.4],[-22.6881,8677653.6393],[-22.5899,8677655.6201],[-22.24,8677657.6701],[-22.11,8677660.0301],[-22.5999,8677662.7501],[-23.4499,8677665.6801],[-23.7899,8677667.95],[-24.0199,8677670.0201],[-24.8999,8677673.02],[-25.54,8677675.1801],[-26.1599,8677677.52],[-26.6999,8677679.8601],[-27.2599,8677682.15],[-27.99,8677684.6201],[-28.107,8677685.2305],[-29.2799,8677691.3501],[-29.98,8677693.3101],[-30.8399,8677695.1701],[-31.7199,8677697.2301],[-31.8399,8677699.3501],[-31.7499,8677701.5001],[-31.3391,8677703.7905],[-31.2799,8677704.1201],[-30.9699,8677706.27],[-31.3299,8677708.4801],[-31.7599,8677711.0601],[-32.23,8677713.08],[-32.7237,8677714.4886],[-32.9099,8677715.02],[-34.0599,8677717.4201],[-34.82,8677719.6301],[-35.5999,8677721.7201],[-36.43,8677723.5501],[-37.0199,8677726.1601],[-36.6199,8677728.3501],[-36.1999,8677730.5901],[-36.04,8677733.0701],[-36.56,8677735.08],[-37.0099,8677737.0601],[-37.57,8677739.5201],[-37.2599,8677742.0701],[-36.87,8677744.1801],[-36.4099,8677746.6601],[-35.9399,8677749.26],[-35.6999,8677751.9201],[-35.57,8677754.5001],[-35.75,8677756.8501],[-36.17,8677758.8501],[-36.69,8677760.9401],[-37.3999,8677763.2501],[-37.9602,8677764.7636],[-38.17,8677765.33],[-38.9499,8677767.5701],[-39.6399,8677769.5001],[-40.5499,8677772.4],[-41.36,8677774.46],[-42.11,8677776.45],[-42.6399,8677778.39],[-43.0299,8677781.2501],[-43.1599,8677783.3801],[-43.1699,8677785.3801],[-43.29,8677787.7201],[-43.8799,8677790.4501],[-43.9919,8677791.2418],[-44.17,8677792.5001],[-44.3399,8677794.5301],[-44.29,8677796.5401],[-44.3999,8677798.6301],[-44.5799,8677800.6801],[-44.8699,8677802.71],[-45.4599,8677805.0001],[-46.0,8677807.0501],[-46.1599,8677809.3601],[-46.3199,8677811.65],[-48.0599,8677820.64],[-48.55,8677823.9801],[-48.8199,8677826.0001],[-49.2199,8677828.33],[-49.3899,8677830.59],[-49.3499,8677832.6901],[-49.2603,8677834.3303],[-49.2199,8677835.0701],[-49.1299,8677837.2201],[-49.1999,8677839.83],[-49.3704,8677841.7536],[-49.4499,8677842.65],[-49.6399,8677844.8801],[-50.0899,8677847.14],[-50.5799,8677849.3801],[-50.9999,8677851.3801],[-51.6999,8677853.6201],[-52.3767,8677855.2357],[-52.8099,8677856.27],[-53.61,8677858.2501],[-54.24,8677860.2401],[-55.0,8677862.27],[-56.0299,8677865.8901],[-56.5699,8677867.9101],[-56.9499,8677870.14],[-57.44,8677872.4001],[-57.88,8677874.5801],[-58.0999,8677876.8801],[-58.4699,8677878.9801],[-58.76,8677881.9501],[-58.76,8677884.1901],[-59.2499,8677886.21],[-59.8299,8677888.3301],[-60.43,8677890.4801],[-61.1199,8677892.7301],[-61.9399,8677895.2601],[-62.5099,8677897.4],[-63.0099,8677899.4401],[-63.69,8677902.6201],[-64.1999,8677904.8601],[-64.67,8677907.1001],[-65.1599,8677909.7501],[-65.6299,8677911.8901],[-66.0,8677914.14],[-66.3199,8677916.2301],[-66.81,8677918.3701],[-67.42,8677920.39],[-68.13,8677922.3101],[-68.9299,8677925.45],[-69.5099,8677927.58],[-70.18,8677929.64],[-70.8299,8677932.6801],[-71.0999,8677934.7401],[-71.5999,8677936.7501],[-72.3199,8677940.2301],[-72.5599,8677942.2901],[-72.74,8677944.64],[-72.8899,8677947.0301],[-72.8999,8677950.5601],[-73.06,8677952.8501],[-73.68,8677955.8801],[-74.0099,8677958.0501],[-74.38,8677960.2701],[-74.7099,8677963.1101],[-75.23,8677965.4201],[-75.7199,8677967.5701],[-76.4999,8677971.33],[-76.5362,8677971.494],[-76.9599,8677973.4101],[-77.1799,8677975.6701],[-77.5,8677977.96],[-77.7599,8677979.9701],[-78.2199,8677982.02],[-78.69,8677984.3001],[-79.24,8677987.1701],[-79.72,8677989.2501],[-80.2799,8677991.4301],[-81.5199,8677994.9401],[-82.2299,8677996.9001],[-82.6899,8677999.0401],[-82.8599,8678000.0001],[-83.1599,8678001.7601],[-83.74,8678003.7901],[-84.4199,8678005.77],[-86.8914,8678012.9699],[-87.7599,8678015.5001],[-88.31,8678017.8601],[-88.7899,8678020.3601],[-89.2099,8678022.6601],[-89.5499,8678024.7],[-89.8499,8678027.2601],[-90.4299,8678029.3901],[-91.32,8678031.2301],[-91.8499,8678033.2101],[-92.55,8678035.3101],[-92.9447,8678036.0952],[-93.4499,8678037.1001],[-93.8,8678039.4601],[-94.0199,8678041.5701],[-94.5299,8678043.8901],[-95.2499,8678046.5101],[-95.7299,8678048.52],[-95.99,8678050.5101],[-96.3699,8678052.6601],[-97.2199,8678054.7301],[-98.43,8678056.6701],[-99.6299,8678058.6501],[-100.6399,8678060.77],[-101.5399,8678062.8501],[-102.3299,8678065.0601],[-102.8399,8678067.4601],[-103.2846,8678069.0978],[-103.44,8678069.6701],[-107.56,8678081.3201],[-108.6699,8678083.5801],[-109.43,8678085.6601],[-109.9199,8678087.6301],[-110.74,8678090.9201],[-111.25,8678092.9701],[-111.6999,8678095.14],[-112.2499,8678097.5301],[-112.8699,8678100.7901],[-113.2899,8678103.7801],[-113.7299,8678106.0301],[-114.24,8678108.3601],[-114.8499,8678111.4901],[-115.2599,8678113.9801],[-115.5899,8678116.9301],[-116.2599,8678119.3501],[-117.32,8678122.3101],[-117.8946,8678123.653],[-118.24,8678124.4601],[-119.0699,8678126.3701],[-119.9599,8678128.45],[-120.9399,8678130.8101],[-121.4199,8678132.7701],[-121.6299,8678134.9201],[-121.5599,8678137.1101],[-122.6299,8678145.6701],[-123.5299,8678148.01],[-124.3799,8678150.14],[-125.0916,8678152.5439],[-125.2799,8678153.1801],[-125.4578,8678154.1441],[-125.6599,8678155.2401],[-126.1799,8678157.3001],[-126.8399,8678159.5601],[-127.6499,8678161.6601],[-129.18,8678164.8501],[-130.11,8678167.02],[-130.7599,8678168.9801],[-131.2599,8678171.2401],[-131.7299,8678174.0001],[-132.49,8678177.7101],[-132.9499,8678179.8701],[-133.1999,8678182.0701],[-133.32,8678184.0701],[-133.8399,8678187.1101],[-134.3999,8678189.3301],[-134.9299,8678191.3001],[-135.1799,8678193.5101],[-135.36,8678195.6001],[-135.8799,8678198.5401],[-136.7199,8678200.8401],[-137.5799,8678202.6501],[-138.69,8678204.6701],[-140.1899,8678208.0901],[-140.8999,8678210.2501],[-141.2699,8678212.5001],[-141.61,8678214.8601],[-141.94,8678217.0601],[-142.49,8678220.9001],[-142.5185,8678221.2127],[-142.69,8678223.0901],[-142.93,8678225.2801],[-143.2199,8678227.3501],[-143.57,8678229.6401],[-144.25,8678232.9401],[-144.6999,8678234.9901],[-144.8063,8678235.8945],[-144.9399,8678237.0301],[-145.2199,8678239.0901],[-145.7199,8678241.6501],[-146.1799,8678243.6601],[-146.6699,8678245.7901],[-147.2699,8678247.8001],[-148.0299,8678249.76],[-148.7499,8678251.6301],[-148.81,8678251.8101],[-148.8899,8678252.0101],[-148.9699,8678252.2],[-149.05,8678252.4101],[-149.1299,8678252.6301],[-149.2199,8678252.8501],[-149.4599,8678253.52],[-149.55,8678253.76],[-149.6499,8678254.0001],[-149.7299,8678254.2501],[-149.82,8678254.4901],[-149.9099,8678254.7401],[-149.9999,8678254.9901],[-150.1099,8678255.2401],[-150.1999,8678255.5301],[-150.3099,8678255.7901],[-150.4099,8678256.0601],[-150.5199,8678256.3101],[-150.63,8678256.5701],[-150.7199,8678256.8401],[-150.81,8678257.0901],[-150.8999,8678257.3601],[-150.9999,8678257.6201],[-151.0999,8678257.9001],[-151.1899,8678258.1701],[-151.2999,8678258.4401],[-151.3899,8678258.7201],[-151.49,8678258.9901],[-151.5799,8678259.2801],[-151.6799,8678259.5601],[-151.7799,8678259.8401],[-151.86,8678260.1201],[-151.9499,8678260.4001],[-152.0299,8678260.6801],[-152.13,8678260.9701],[-152.2099,8678261.2501],[-152.2899,8678261.5401],[-152.3799,8678261.83],[-152.4699,8678262.1201],[-152.7099,8678262.9601],[-152.7899,8678263.2501],[-152.8799,8678263.5401],[-153.12,8678264.39],[-153.1999,8678264.6801],[-153.2899,8678264.9701],[-153.38,8678265.2801],[-153.4699,8678265.5701],[-153.56,8678265.8601],[-153.6499,8678266.1501],[-153.7499,8678266.4401],[-153.8499,8678266.7301],[-153.9399,8678267.02],[-154.0199,8678267.3201],[-154.11,8678267.61],[-154.1933,8678267.8784],[-154.1943,8678267.8821],[-154.1995,8678267.9001],[-154.29,8678268.2],[-154.37,8678268.49],[-154.4599,8678268.8001],[-154.55,8678269.1001],[-154.6199,8678269.4101],[-154.6999,8678269.7001],[-154.7799,8678269.9701],[-154.8499,8678270.2501],[-154.9299,8678270.5301],[-155.01,8678270.8001],[-155.0799,8678271.08],[-155.1799,8678271.3501],[-155.2599,8678271.6201],[-155.3399,8678271.9101],[-155.43,8678272.1901],[-155.4999,8678272.4701],[-155.5699,8678272.7601],[-155.6499,8678273.0501],[-155.7299,8678273.3601],[-155.8099,8678273.6401],[-155.8899,8678273.95],[-155.9599,8678274.2501],[-156.0399,8678274.5501],[-156.11,8678274.8601],[-156.1699,8678275.1601],[-156.3699,8678276.02],[-156.4299,8678276.3101],[-156.5012,8678276.6326],[-156.62,8678277.1701],[-156.6899,8678277.4601],[-156.7599,8678277.7401],[-156.8199,8678278.02],[-156.88,8678278.3001],[-156.9499,8678278.58],[-157.01,8678278.8601],[-157.0799,8678279.1501],[-157.1499,8678279.4401],[-157.2199,8678279.7301],[-157.2699,8678280.01],[-157.3399,8678280.3001],[-157.3999,8678280.58],[-157.4599,8678280.8601],[-157.5299,8678281.1401],[-157.5899,8678281.4201],[-157.6499,8678281.7],[-157.7099,8678281.9801],[-157.7799,8678282.2601],[-157.8299,8678282.5501],[-157.8799,8678282.8201],[-157.9299,8678283.1101],[-157.99,8678283.3701],[-158.0399,8678283.6501],[-158.0899,8678283.9401],[-158.1399,8678284.2101],[-158.1999,8678284.4701],[-158.2499,8678284.7401],[-158.2755,8678284.9128],[-158.2899,8678285.0101],[-158.3499,8678285.27],[-158.3999,8678285.5301],[-158.4499,8678285.7901],[-158.4999,8678286.0401],[-158.5399,8678286.3001],[-158.6499,8678287.0401],[-158.6999,8678287.3001],[-158.74,8678287.5401],[-158.7899,8678287.7901],[-158.8299,8678288.0501],[-158.86,8678288.3101],[-158.8899,8678288.5501],[-158.93,8678288.8101],[-158.9699,8678289.0701],[-159.01,8678289.3201],[-159.1699,8678290.3801],[-159.2099,8678290.6301],[-159.2699,8678290.89],[-159.32,8678291.1501],[-159.3899,8678291.4101],[-159.43,8678291.6601],[-159.49,8678291.9201],[-159.5499,8678292.1901],[-159.6199,8678292.4501],[-159.6799,8678292.7201],[-159.74,8678292.9801],[-159.8199,8678293.2601],[-159.8899,8678293.5301],[-159.9599,8678293.8201],[-160.0399,8678294.1101],[-160.11,8678294.3701],[-160.18,8678294.6701],[-160.2799,8678294.9601],[-160.3499,8678295.2401],[-160.4999,8678295.7501],[-160.5799,8678296.02],[-160.6699,8678296.3101],[-160.75,8678296.5901],[-160.8399,8678296.8801],[-161.0799,8678297.6901],[-161.1599,8678297.9601],[-161.2499,8678298.2401],[-161.32,8678298.5001],[-161.3999,8678298.7901],[-161.4799,8678299.0501],[-161.5599,8678299.3201],[-161.6499,8678299.5901],[-161.7199,8678299.8601],[-161.7899,8678300.1301],[-161.8799,8678300.4001],[-161.94,8678300.6801],[-162.0099,8678300.9301],[-162.0899,8678301.1901],[-162.1499,8678301.4701],[-162.2299,8678301.7301],[-162.2999,8678301.9901],[-162.3699,8678302.2601],[-162.4299,8678302.5301],[-162.4799,8678302.7901],[-162.6599,8678303.5501],[-162.7199,8678303.8201],[-162.7899,8678304.0901],[-162.86,8678304.3401],[-162.9099,8678304.6001],[-162.9799,8678304.8601],[-163.0399,8678305.1001],[-163.0899,8678305.3401],[-163.1499,8678305.5701],[-163.2099,8678305.8101],[-163.2699,8678306.0301],[-163.3199,8678306.2601],[-163.3899,8678306.4801],[-163.44,8678306.6901],[-163.5,8678306.9001],[-163.5399,8678307.1001],[-163.7099,8678307.7101],[-163.7499,8678307.9101],[-163.7999,8678308.1201],[-163.8599,8678308.3401],[-163.9099,8678308.5401],[-163.9499,8678308.7501],[-163.99,8678308.9501],[-164.05,8678309.1701],[-164.0899,8678309.3801],[-164.1299,8678309.6001],[-164.1699,8678309.8201],[-164.1999,8678310.0401],[-164.24,8678310.27],[-164.2699,8678310.4901],[-164.2999,8678310.7201],[-164.3299,8678310.9401],[-164.36,8678311.1701],[-164.3899,8678311.3901],[-164.4099,8678311.6101],[-164.4399,8678311.8401],[-164.4599,8678312.08],[-164.4799,8678312.3001],[-164.4999,8678312.5401],[-164.5199,8678312.77],[-164.5299,8678312.9901],[-164.5399,8678313.2301],[-164.55,8678313.45],[-164.56,8678313.6701],[-164.56,8678313.89],[-164.5699,8678314.4901],[-164.5699,8678314.7],[-164.5699,8678314.8801],[-164.5699,8678315.08],[-164.56,8678315.27],[-164.56,8678315.45],[-164.56,8678315.6301],[-164.55,8678316.0701],[-164.55,8678316.2301],[-164.55,8678316.36],[-164.5449,8678316.4201],[-164.5403,8678316.4801],[-164.53,8678316.61],[-164.5299,8678316.6645],[-164.5299,8678316.7201],[-164.5299,8678316.8401],[-164.5299,8678316.9401],[-164.5299,8678316.9851],[-164.5299,8678317.0301],[-164.5299,8678317.1201],[-164.5299,8678317.155],[-164.5303,8678317.1901],[-164.53,8678317.27],[-164.5349,8678317.3001],[-164.5352,8678317.3041],[-164.54,8678317.33],[-164.5399,8678317.3988],[-164.54,8678317.43],[-164.54,8678317.46],[-164.54,8678317.52],[-164.55,8678317.545],[-164.57,8678317.6201],[-164.5755,8678317.6399],[-164.5803,8678317.66],[-164.5845,8678317.6776],[-164.59,8678317.7],[-164.5949,8678317.715],[-164.6,8678317.73],[-164.6087,8678317.7431],[-164.6264,8678317.7792],[-164.629,8678317.787],[-164.63,8678317.7899],[-164.6399,8678317.8101],[-164.6568,8678317.8353],[-164.66,8678317.84],[-164.6683,8678317.8442],[-164.6767,8678317.8567],[-164.6898,8678317.9301],[-164.6933,8678317.9533],[-164.6943,8678317.967],[-164.691,8678317.9767],[-164.69,8678317.98],[-164.6975,8678318.0098],[-164.6983,8678318.0139],[-164.6994,8678318.0201],[-164.6999,8678318.045],[-164.6999,8678318.0701],[-164.7103,8678318.1201],[-164.7149,8678318.15],[-164.7198,8678318.1801],[-164.73,8678318.26],[-164.73,8678318.3077],[-164.73,8678318.34],[-164.74,8678318.42],[-164.7561,8678318.5492],[-164.7566,8678318.5533],[-164.7572,8678318.5576],[-164.7593,8678318.5757],[-164.78,8678318.74],[-164.7844,8678318.7989],[-164.7849,8678318.8051],[-164.79,8678318.8701],[-164.8099,8678319.01],[-164.82,8678319.1801],[-164.8299,8678319.3501],[-164.8499,8678319.5401],[-164.86,8678319.7301],[-164.8799,8678319.9401],[-164.8999,8678320.1701],[-164.9199,8678320.4101],[-164.9399,8678320.6501],[-164.9599,8678320.9101],[-164.9799,8678321.1701],[-165.0,8678321.4601],[-165.0299,8678321.7401],[-165.0599,8678322.0401],[-165.0899,8678322.3201],[-165.13,8678322.6201],[-165.1599,8678322.9201],[-165.1999,8678323.2101],[-165.2299,8678323.5101],[-165.26,8678323.8001],[-165.3,8678324.1001],[-165.3499,8678324.4101],[-165.3799,8678324.6801],[-165.4099,8678324.9701],[-165.44,8678325.26],[-165.49,8678325.5401],[-165.5199,8678325.8101],[-165.55,8678326.0901],[-165.5799,8678326.3701],[-165.5999,8678326.6501],[-165.6299,8678326.9401],[-165.6499,8678327.2101],[-165.74,8678328.0301],[-165.7699,8678328.3101],[-165.8899,8678329.1301],[-165.9299,8678329.4001],[-165.9699,8678329.6701],[-166.01,8678329.9401],[-166.05,8678330.2401],[-166.0999,8678330.5001],[-166.1399,8678330.76],[-166.19,8678331.0301],[-166.25,8678331.2901],[-166.2899,8678331.5701],[-166.3399,8678331.83],[-166.38,8678332.1101],[-166.4199,8678332.39],[-166.4499,8678332.6701],[-166.49,8678332.9501],[-166.5199,8678333.2301],[-166.56,8678333.5301],[-166.5999,8678333.8201],[-166.6299,8678334.1201],[-166.6699,8678334.4201],[-166.69,8678334.7],[-166.7199,8678334.9901],[-166.7499,8678335.2801],[-166.7799,8678335.5701],[-166.8099,8678335.8601],[-166.8399,8678336.1501],[-166.87,8678336.4401],[-166.8899,8678336.7201],[-166.9199,8678337.01],[-166.9499,8678337.2801],[-166.9699,8678337.5701],[-166.99,8678337.8301],[-167.0199,8678338.1101],[-167.0299,8678338.3801],[-167.0599,8678338.6601],[-167.0799,8678338.9401],[-167.11,8678339.2201],[-167.13,8678339.4901],[-167.18,8678340.3001],[-167.1999,8678340.5901],[-167.2499,8678341.4101],[-167.2799,8678341.7],[-167.3,8678341.9901],[-167.3199,8678342.2801],[-167.3499,8678342.58],[-167.3799,8678342.8701],[-167.4099,8678343.1501],[-167.44,8678343.45],[-167.4699,8678343.7301],[-167.4999,8678344.0301],[-167.55,8678344.3401],[-167.5899,8678344.6201],[-167.62,8678344.9001],[-167.6499,8678345.1901],[-167.6899,8678345.4701],[-167.74,8678345.77],[-167.7799,8678346.0601],[-167.8199,8678346.3601],[-167.8699,8678346.6601],[-167.9099,8678346.9701],[-167.9499,8678347.2701],[-167.9799,8678347.5901],[-168.01,8678347.8801],[-168.0399,8678348.1701],[-168.0799,8678348.4601],[-168.12,8678348.7501],[-168.1499,8678349.0401],[-168.1799,8678349.33],[-168.2199,8678349.5901],[-168.25,8678349.8701],[-168.2899,8678350.14],[-168.3299,8678350.4001],[-168.4499,8678351.1201],[-168.49,8678351.3801],[-168.5299,8678351.6301],[-168.5699,8678351.8601],[-168.6199,8678352.1201],[-168.6599,8678352.3601],[-168.6999,8678352.6101],[-168.7299,8678352.8501],[-168.76,8678353.1001],[-168.8199,8678353.3401],[-168.9199,8678353.9901],[-168.9799,8678354.2201],[-169.05,8678354.4401],[-169.11,8678354.6601],[-169.1599,8678354.8701],[-169.2199,8678355.0801],[-169.2799,8678355.2901],[-169.3399,8678355.5001],[-169.3899,8678355.7001],[-169.4499,8678355.9201],[-169.4999,8678356.1301],[-169.5599,8678356.3401],[-169.61,8678356.5501],[-169.6799,8678356.76],[-169.75,8678356.9701],[-169.8099,8678357.1801],[-169.86,8678357.3801],[-169.9199,8678357.5901],[-169.99,8678357.8001],[-170.0399,8678358.0101],[-170.0899,8678358.2301],[-170.1499,8678358.4501],[-170.2199,8678358.6901],[-170.3499,8678359.3501],[-170.4199,8678359.6101],[-170.4599,8678359.8601],[-170.5199,8678360.1301],[-170.5899,8678360.4201],[-170.6399,8678360.6901],[-170.6999,8678360.9901],[-170.7499,8678361.2801],[-170.8299,8678361.58],[-170.8799,8678361.89],[-170.94,8678362.1901],[-170.99,8678362.5001],[-171.0599,8678362.8101],[-171.1199,8678363.1301],[-171.1699,8678363.4701],[-171.25,8678363.8001],[-171.2999,8678364.1201],[-171.3499,8678364.4501],[-171.4099,8678364.7901],[-171.55,8678365.7201],[-171.5981,8678365.9933],[-171.6099,8678366.0601],[-171.6699,8678366.3901],[-171.7099,8678366.7201],[-171.7599,8678367.0601],[-171.82,8678367.3801],[-171.8699,8678367.7],[-171.8965,8678367.9838],[-171.8999,8678368.02],[-171.9499,8678368.3401],[-172.0099,8678368.6501],[-172.06,8678368.9401],[-172.1199,8678369.2501],[-172.1799,8678369.5501],[-172.4299,8678370.7301],[-172.49,8678371.02],[-172.5399,8678371.3101],[-172.5999,8678371.5901],[-172.6699,8678371.8901],[-172.7299,8678372.1801],[-172.8,8678372.4701],[-172.8599,8678372.7801],[-172.9299,8678373.0901],[-173.0099,8678373.4001],[-173.0799,8678373.7101],[-173.1599,8678374.0201],[-173.25,8678374.3501],[-173.4499,8678375.0301],[-173.5399,8678375.3401],[-173.6399,8678375.6601],[-173.7299,8678375.9701],[-173.8299,8678376.27],[-173.93,8678376.5901],[-174.0299,8678376.89],[-174.1499,8678377.1901],[-174.26,8678377.4901],[-174.37,8678377.7801],[-174.49,8678378.0601],[-174.61,8678378.3601],[-174.74,8678378.6501],[-175.12,8678379.45],[-175.2599,8678379.7501],[-175.3999,8678380.0501],[-175.5299,8678380.3501],[-175.6799,8678380.6701],[-175.8299,8678380.9801],[-176.2499,8678381.8501],[-176.3999,8678382.1601],[-176.5599,8678382.5001],[-176.7099,8678382.8201],[-176.86,8678383.1601],[-176.9999,8678383.4801],[-177.1399,8678383.7801],[-177.2899,8678384.1101],[-177.4399,8678384.4101],[-177.5799,8678384.7201],[-177.7199,8678385.0301],[-177.8499,8678385.3201],[-177.99,8678385.6301],[-178.1399,8678385.9301],[-178.2799,8678386.2201],[-178.44,8678386.51],[-178.57,8678386.8101],[-178.7199,8678387.1001],[-178.86,8678387.4001],[-179.0199,8678387.6901],[-179.1599,8678387.9801],[-179.3,8678388.27],[-179.4399,8678388.5601],[-179.5799,8678388.8501],[-179.7199,8678389.1501],[-179.8499,8678389.45],[-179.9799,8678389.7301],[179.9101,8678390.0301],[179.7801,8678390.33],[179.6501,8678390.6201],[179.5201,8678390.9201],[179.38,8678391.2],[179.26,8678391.4801],[178.6501,8678392.8001],[178.51,8678393.1001],[178.3501,8678393.4101],[178.19,8678393.7201],[178.0,8678394.0401],[177.82,8678394.3801],[177.64,8678394.6801],[177.45,8678395.0001],[177.25,8678395.3201],[177.0601,8678395.6201],[176.8501,8678395.9401],[176.6501,8678396.2501],[176.4401,8678396.5501],[176.2301,8678396.8601],[176.0201,8678397.1501],[175.8101,8678397.4401],[175.6001,8678397.7301],[175.38,8678398.0301],[175.1701,8678398.3301],[174.9501,8678398.6301],[174.7301,8678398.9201],[174.5201,8678399.2],[174.3001,8678399.4901],[174.0801,8678399.7901],[173.9147,8678400.0006],[173.8601,8678400.0701],[173.6501,8678400.3601],[173.4301,8678400.6601],[173.2301,8678400.9601],[173.01,8678401.2601],[172.7901,8678401.5501],[172.5801,8678401.8501],[172.3701,8678402.1501],[172.1938,8678402.3799],[172.14,8678402.4501],[171.9638,8678402.6799],[171.9101,8678402.7501],[171.6901,8678403.0701],[171.13,8678403.8801],[170.9301,8678404.1601],[170.7201,8678404.4601],[170.5001,8678404.7501],[170.2901,8678405.0501],[170.1001,8678405.3301],[169.9001,8678405.6201],[169.3301,8678406.4601],[169.1401,8678406.77],[168.95,8678407.0701],[168.7701,8678407.3801],[168.6001,8678407.6901],[168.4201,8678408.0001],[168.25,8678408.3401],[168.07,8678408.6601],[167.9001,8678408.9801],[167.7501,8678409.3001],[167.5801,8678409.6101],[167.4201,8678409.9201],[167.2701,8678410.2201],[167.1201,8678410.5301],[166.9601,8678410.8101],[166.8101,8678411.1001],[166.6601,8678411.4001],[166.5001,8678411.6801],[166.3501,8678411.9601],[166.2,8678412.2601],[166.0501,8678412.5501],[165.9001,8678412.8301],[165.74,8678413.1301],[165.6001,8678413.4201],[165.4601,8678413.7301],[165.32,8678414.0201],[164.95,8678414.8501],[164.8401,8678415.1501],[164.7101,8678415.4401],[164.6001,8678415.7401],[164.49,8678416.0401],[164.3701,8678416.3301],[164.2701,8678416.6201],[164.1601,8678416.9101],[164.0801,8678417.2],[163.9701,8678417.4801],[163.89,8678417.77],[163.8201,8678418.0501],[163.7501,8678418.3301],[163.6701,8678418.6101],[163.6101,8678418.89],[163.4601,8678419.6801],[163.4001,8678419.9701],[163.3501,8678420.2801],[163.3001,8678420.5901],[163.2301,8678420.8801],[163.2001,8678421.1901],[163.1501,8678421.5001],[163.1001,8678421.8201],[163.0501,8678422.1401],[163.01,8678422.4601],[162.9601,8678422.77],[162.89,8678423.0801],[162.8301,8678423.4001],[162.75,8678423.7201],[162.6701,8678424.0401],[162.6101,8678424.3701],[162.5301,8678424.6901],[162.4601,8678425.0001],[162.3901,8678425.3401],[162.1701,8678426.2101],[162.0901,8678426.52],[162.01,8678426.83],[161.9201,8678427.1501],[161.8301,8678427.4601],[161.7501,8678427.7701],[161.6501,8678428.0701],[161.5501,8678428.3801],[161.4601,8678428.6801],[161.3601,8678429.0001],[161.2701,8678429.3001],[161.1701,8678429.6001],[161.0701,8678429.9001],[160.9701,8678430.1801],[160.8601,8678430.4501],[160.76,8678430.7301],[160.6501,8678430.9901],[160.5401,8678431.2501],[160.4201,8678431.5101],[160.3001,8678431.7801],[160.1701,8678432.0401],[160.0201,8678432.3101],[159.89,8678432.5701],[159.4701,8678433.33],[159.3301,8678433.6101],[159.1801,8678433.8701],[159.0401,8678434.1501],[158.9001,8678434.4201],[158.75,8678434.6901],[158.6101,8678434.9601],[158.4601,8678435.2301],[158.3201,8678435.5001],[158.1801,8678435.77],[158.0401,8678436.0301],[157.6201,8678436.8101],[157.4701,8678437.0601],[157.3201,8678437.3001],[157.1801,8678437.5301],[157.0301,8678437.77],[156.8801,8678437.9901],[156.7301,8678438.2401],[156.5901,8678438.4701],[156.4401,8678438.7201],[156.3001,8678438.95],[156.1601,8678439.2],[156.01,8678439.4501],[155.8601,8678439.7101],[155.7101,8678439.9601],[155.56,8678440.2201],[155.4101,8678440.4701],[155.2701,8678440.7401],[155.12,8678441.0101],[154.9801,8678441.2801],[154.8401,8678441.5501],[154.7,8678441.8201],[154.5701,8678442.0701],[154.4501,8678442.3401],[154.3101,8678442.6201],[154.1701,8678442.89],[154.0501,8678443.1701],[153.93,8678443.4401],[153.8001,8678443.7101],[153.6601,8678443.9901],[153.51,8678444.2801],[153.3701,8678444.5401],[153.2401,8678444.8101],[153.1101,8678445.0801],[152.7201,8678445.8801],[152.6101,8678446.1801],[152.4901,8678446.4601],[152.19,8678447.3501],[152.1101,8678447.6601],[152.0201,8678447.9701],[151.9401,8678448.2901],[151.8601,8678448.6001],[151.76,8678448.9301],[151.7001,8678449.2301],[151.6301,8678449.5501],[151.5501,8678449.8601],[151.49,8678450.1801],[151.4301,8678450.4901],[151.3701,8678450.8001],[151.2901,8678451.1001],[151.2501,8678451.39],[151.1901,8678451.6901],[151.13,8678451.9801],[151.0801,8678452.2901],[151.0201,8678452.58],[150.9901,8678452.8801],[150.9401,8678453.1801],[150.9001,8678453.4901],[150.87,8678453.8001],[150.8301,8678454.1301],[150.8001,8678454.45],[150.76,8678454.7501],[150.7201,8678455.0701],[150.69,8678455.3801],[150.6601,8678455.6901],[150.6401,8678456.0001],[150.6101,8678456.3001],[150.5701,8678456.5901],[150.5401,8678456.89],[150.51,8678457.1701],[150.4901,8678457.4601],[150.4601,8678457.7401],[150.43,8678458.0201],[150.39,8678458.3001],[150.32,8678459.0601],[150.2901,8678459.33],[150.2701,8678459.6001],[150.19,8678460.3501],[150.1801,8678460.6201],[150.1501,8678460.9001],[150.1301,8678461.1701],[150.12,8678461.4501],[150.1001,8678461.7201],[150.0801,8678462.01],[150.0701,8678462.2901],[150.0501,8678462.5901],[150.0301,8678462.9001],[150.0301,8678463.1901],[150.0201,8678463.4901],[150.01,8678463.8001],[150.0001,8678464.1201],[149.9801,8678464.4401],[149.9601,8678464.76],[149.95,8678465.0901],[149.9301,8678465.4201],[149.9201,8678465.7501],[149.9001,8678466.0601],[149.8601,8678466.4201],[149.8401,8678466.7501],[149.8201,8678467.0901],[149.7901,8678467.4101],[149.76,8678467.7501],[149.7201,8678468.1101],[149.6901,8678468.4601],[149.6501,8678468.8101],[149.62,8678469.1601],[149.57,8678469.51],[149.5301,8678469.8501],[149.4901,8678470.2],[149.31,8678471.5301],[149.2701,8678471.8801],[149.2,8678472.2401],[149.1601,8678472.5901],[149.0201,8678473.5401],[148.9801,8678473.9101],[148.9301,8678474.27],[148.87,8678474.6301],[148.82,8678475.01],[148.7801,8678475.3701],[148.6301,8678476.4601],[148.5701,8678476.8101],[148.51,8678477.1901],[148.4701,8678477.5701],[148.4101,8678477.9301],[148.3501,8678478.2801],[148.2801,8678478.6301],[148.2201,8678478.9901],[148.1701,8678479.3501],[148.1001,8678479.6901],[148.0301,8678480.0401],[147.9601,8678480.4001],[147.9101,8678480.76],[147.8401,8678481.1101],[147.7701,8678481.4701],[147.7301,8678481.83],[147.6601,8678482.1901],[147.5801,8678482.5701],[147.51,8678482.9701],[147.4301,8678483.3401],[147.3601,8678483.7401],[147.2801,8678484.1301],[147.2,8678484.5401],[147.13,8678484.9501],[146.9001,8678486.0901],[146.8001,8678486.4901],[146.7101,8678486.8701],[146.6301,8678487.2601],[146.5501,8678487.6301],[146.43,8678488.02],[146.3601,8678488.4001],[146.2801,8678488.77],[146.1701,8678489.1301],[146.0901,8678489.5001],[146.0001,8678489.8701],[145.9201,8678490.2201],[145.8301,8678490.5801],[145.7201,8678490.9401],[145.63,8678491.27],[145.5301,8678491.6101],[145.4401,8678491.9601],[145.3301,8678492.3101],[145.2301,8678492.6501],[145.13,8678492.9901],[144.82,8678493.9901],[144.7001,8678494.3601],[144.6001,8678494.7201],[144.5001,8678495.08],[144.3701,8678495.45],[144.2701,8678495.8201],[144.1701,8678496.1901],[144.07,8678496.5401],[143.9501,8678496.9101],[143.8701,8678497.2801],[143.7801,8678497.6401],[143.68,8678498.01],[143.5801,8678498.3801],[143.4901,8678498.7301],[143.4101,8678499.08],[143.3301,8678499.4301],[143.0801,8678500.4301],[143.0001,8678500.76],[142.9201,8678501.1101],[142.8301,8678501.4701],[142.75,8678501.83],[142.6601,8678502.1601],[142.5701,8678502.5401],[142.5001,8678502.9101],[142.4301,8678503.2801],[142.3401,8678503.6601],[142.2672,8678503.9755],[142.25,8678504.0501],[142.18,8678504.4401],[142.1001,8678504.8501],[142.0201,8678505.26],[141.9501,8678505.6601],[141.89,8678506.0701],[141.8201,8678506.4701],[141.7501,8678506.8701],[141.6901,8678507.2801],[141.6201,8678507.6801],[141.56,8678508.08],[141.4801,8678508.4701],[141.4001,8678508.8701],[141.3401,8678509.2501],[141.2701,8678509.6301],[141.19,8678510.01],[141.1301,8678510.3801],[141.06,8678510.7401],[140.99,8678511.0901],[140.9561,8678511.2665],[140.7801,8678512.1801],[140.7101,8678512.5501],[140.6501,8678512.9001],[140.5901,8678513.2601],[140.51,8678513.6301],[140.45,8678514.0401],[140.3801,8678514.4201],[140.1901,8678515.5001],[140.1201,8678515.8801],[140.0601,8678516.2401],[139.9901,8678516.6101],[139.9301,8678516.9801],[139.8601,8678517.3401],[139.7801,8678517.7101],[139.7101,8678518.0601],[139.63,8678518.4101],[139.5701,8678518.7601],[139.4901,8678519.1001],[139.4201,8678519.45],[139.3601,8678519.8001],[139.2901,8678520.1601],[139.2101,8678520.5001],[139.14,8678520.8401],[139.0701,8678521.2001],[139.0001,8678521.5501],[138.9101,8678521.9301],[138.8501,8678522.2901],[138.75,8678522.6701],[138.6701,8678523.0301],[138.5901,8678523.4101],[138.4901,8678523.8001],[138.4101,8678524.1801],[138.3201,8678524.5701],[138.2201,8678524.9601],[138.13,8678525.3501],[138.0301,8678525.7601],[137.9201,8678526.14],[137.8301,8678526.52],[137.7201,8678526.9001],[137.6001,8678527.2901],[137.5001,8678527.6701],[137.39,8678528.0601],[137.2701,8678528.4301],[136.7,8678530.1601],[136.57,8678530.5101],[136.44,8678530.8601],[136.31,8678531.2101],[136.1801,8678531.5601],[136.0401,8678531.9101],[135.9101,8678532.26],[135.7801,8678532.6001],[135.6301,8678532.9401],[135.51,8678533.2901],[135.38,8678533.64],[135.2301,8678534.0001],[135.12,8678534.3401],[134.99,8678534.7],[134.8601,8678535.0501],[134.7301,8678535.4101],[134.6101,8678535.7901],[134.4901,8678536.1401],[134.3501,8678536.52],[134.2301,8678536.9001],[134.1201,8678537.2601],[133.9901,8678537.6101],[133.8501,8678537.9901],[133.7201,8678538.3501],[133.6001,8678538.7],[133.4601,8678539.0601],[133.3201,8678539.4201],[133.18,8678539.7701],[133.0501,8678540.1201],[132.9101,8678540.4801],[132.7701,8678540.8401],[132.64,8678541.1901],[132.5201,8678541.5501],[132.3801,8678541.9101],[132.2501,8678542.2901],[132.1401,8678542.6601],[132.0001,8678543.0301],[131.6301,8678544.1201],[131.5001,8678544.5201],[131.3701,8678544.9001],[131.25,8678545.2701],[131.1201,8678545.64],[130.9801,8678546.0201],[130.8501,8678546.4001],[130.4101,8678547.5501],[130.26,8678547.9101],[130.1201,8678548.3001],[129.9801,8678548.6701],[129.8501,8678549.0501],[129.7101,8678549.4201],[129.5601,8678549.7901],[129.4201,8678550.1601],[129.2801,8678550.52],[129.13,8678550.8701],[128.9901,8678551.2301],[128.8601,8678551.58],[128.7201,8678551.9701],[128.6001,8678552.3501],[128.4701,8678552.7201],[128.3501,8678553.0901],[128.2201,8678553.4801],[128.12,8678553.8701],[127.99,8678554.2901],[127.8901,8678554.7101],[127.7901,8678555.0901],[127.6901,8678555.4901],[127.6101,8678555.89],[127.51,8678556.2801],[127.4301,8678556.6901],[127.3401,8678557.1001],[127.24,8678557.4901],[127.1601,8678557.8701],[127.0801,8678558.2701],[126.87,8678559.3501],[126.7801,8678559.7201],[126.7,8678560.0901],[126.6301,8678560.4701],[126.5401,8678560.83],[126.4601,8678561.2301],[126.39,8678561.6001],[126.3001,8678561.9701],[126.2201,8678562.3501],[126.14,8678562.7501],[126.0401,8678563.14],[125.9601,8678563.5401],[125.8601,8678563.9401],[125.7701,8678564.3501],[125.6701,8678564.77],[125.57,8678565.1701],[125.26,8678566.3201],[125.1401,8678566.7201],[125.01,8678567.1201],[124.89,8678567.5101],[124.7801,8678567.9001],[124.6501,8678568.2801],[124.5201,8678568.6801],[124.4001,8678569.0401],[124.2701,8678569.4201],[124.1301,8678569.8001],[124.0001,8678570.1601],[123.8601,8678570.52],[123.7301,8678570.8701],[123.5901,8678571.2201],[123.4401,8678571.5901],[123.3101,8678571.9401],[123.1801,8678572.2901],[123.0201,8678572.6601],[122.8801,8678573.0301],[122.7401,8678573.3801],[122.3301,8678574.4401],[122.18,8678574.83],[122.0401,8678575.2],[121.9001,8678575.5901],[121.7501,8678575.9601],[121.6101,8678576.3501],[121.4701,8678576.7401],[121.3301,8678577.1301],[121.1601,8678577.5201],[121.01,8678577.9001],[120.88,8678578.2901],[120.7401,8678578.6601],[120.5801,8678579.0401],[120.44,8678579.4101],[120.2901,8678579.7901],[120.1301,8678580.1501],[119.9801,8678580.4901],[119.8301,8678580.8601],[119.6701,8678581.2101],[119.5201,8678581.5701],[119.3601,8678581.95],[119.2001,8678582.3001],[119.0401,8678582.6801],[118.88,8678583.0701],[118.44,8678584.1901],[118.2901,8678584.6201],[118.1501,8678585.01],[118.0,8678585.4301],[117.8501,8678585.83],[117.7101,8678586.2201],[117.5801,8678586.6201],[117.4401,8678587.01],[117.3101,8678587.4201],[117.1701,8678587.8101],[116.6001,8678589.4501],[116.4701,8678589.8201],[116.3501,8678590.1901],[116.2201,8678590.5701],[116.1101,8678590.9301],[115.9901,8678591.3201],[115.8801,8678591.7301],[115.76,8678592.1601],[115.6501,8678592.5401],[115.5401,8678592.9601],[115.4401,8678593.3801],[115.3301,8678593.7801],[115.2301,8678594.2101],[115.1301,8678594.6401],[115.01,8678595.0501],[114.9301,8678595.4801],[114.8301,8678595.9101],[114.75,8678596.3301],[114.64,8678596.76],[114.5401,8678597.27],[114.4501,8678597.6801],[114.3601,8678598.1201],[114.26,8678598.5301],[114.1701,8678598.9501],[114.0701,8678599.3701],[113.9801,8678599.8001],[113.89,8678600.2],[113.8001,8678600.6201],[113.7201,8678601.01],[113.6301,8678601.4301],[113.5501,8678601.8701],[113.4701,8678602.2801],[113.2201,8678603.4801],[113.1301,8678603.9401],[112.8901,8678605.2001],[112.7801,8678605.6701],[112.7101,8678606.1201],[112.6001,8678606.5901],[112.5,8678607.0301],[112.4101,8678607.4701],[112.2901,8678607.9201],[112.2101,8678608.3601],[112.0901,8678608.7801],[112.01,8678609.2101],[111.89,8678609.6401],[111.8101,8678610.0401],[111.7001,8678610.4701],[111.62,8678610.8701],[111.5301,8678611.2701],[111.4301,8678611.6801],[111.3501,8678612.0901],[111.25,8678612.4901],[111.1501,8678612.9201],[111.0601,8678613.33],[110.9701,8678613.7401],[110.8701,8678614.1901],[110.7901,8678614.6101],[110.7101,8678615.0301],[110.6201,8678615.4801],[110.5501,8678615.9001],[110.4701,8678616.3301],[110.4001,8678616.7701],[110.3401,8678617.1901],[110.2701,8678617.6001],[110.2,8678618.0401],[110.1401,8678618.45],[110.0901,8678618.8601],[110.0201,8678619.27],[109.9601,8678619.6701],[109.8001,8678620.8101],[109.75,8678621.2101],[109.6901,8678621.6501],[109.5501,8678622.8501],[109.49,8678623.2901],[109.4301,8678623.77],[109.4101,8678624.2301],[109.3501,8678624.7101],[109.2901,8678625.1801],[109.25,8678625.6401],[109.2,8678626.1101],[109.1501,8678626.5601],[109.1001,8678627.0201],[109.0501,8678627.4701],[109.0,8678627.9201],[108.9301,8678628.3501],[108.8801,8678628.7901],[108.8201,8678629.2201],[108.76,8678629.6301],[108.6901,8678630.0601],[108.6201,8678630.4701],[108.5501,8678630.8601],[108.4701,8678631.26],[108.39,8678631.6401],[108.3001,8678632.0401],[108.2101,8678632.4401],[108.1201,8678632.8601],[108.0301,8678633.2801],[107.93,8678633.7],[107.8401,8678634.14],[107.7301,8678634.58],[107.6301,8678635.02],[107.5301,8678635.4701],[107.4201,8678635.9001],[107.1101,8678637.1101],[107.01,8678637.5401],[106.9001,8678637.9601],[106.7801,8678638.3801],[106.6801,8678638.7801],[106.5701,8678639.1901],[106.4601,8678639.5901],[106.3401,8678640.0001],[106.2201,8678640.4001],[106.12,8678640.7901],[105.7901,8678641.95],[105.6701,8678642.3801],[105.5601,8678642.8001],[105.44,8678643.2501],[105.3001,8678643.7001],[105.1901,8678644.1501],[105.0501,8678644.64],[104.9201,8678645.0901],[104.8001,8678645.5401],[104.6601,8678645.9801],[104.5401,8678646.4401],[104.4001,8678646.8901],[104.26,8678647.3301],[104.1101,8678647.7701],[103.9601,8678648.2101],[103.8201,8678648.64],[103.6901,8678649.0601],[103.5201,8678649.5001],[103.39,8678649.9101],[103.24,8678650.33],[103.0901,8678650.7401],[102.9401,8678651.1601],[102.7801,8678651.5701],[102.39,8678652.64],[102.2401,8678653.0301],[102.0901,8678653.4201],[101.94,8678653.8201],[101.7801,8678654.2201],[101.64,8678654.6101],[101.4701,8678655.0101],[101.3201,8678655.4101],[101.1501,8678655.8201],[100.9901,8678656.2201],[100.8401,8678656.6101],[100.6801,8678656.9901],[100.5401,8678657.39],[100.3901,8678657.7801],[100.25,8678658.14],[100.1001,8678658.5301],[99.9601,8678658.9101],[99.8201,8678659.2801],[99.4101,8678660.2901],[99.2501,8678660.6501],[99.1101,8678661.0101],[98.9701,8678661.3701],[98.8301,8678661.7401],[98.6801,8678662.0901],[98.5301,8678662.45],[98.3901,8678662.8201],[98.26,8678663.2],[98.1101,8678663.5601],[97.9701,8678663.95],[97.8301,8678664.33],[97.7,8678664.7101],[97.56,8678665.1001],[97.4201,8678665.4901],[97.0301,8678666.5601],[96.89,8678666.9701],[96.75,8678667.3601],[96.6101,8678667.7801],[96.4701,8678668.1801],[96.3201,8678668.5901],[96.18,8678668.9901],[96.0301,8678669.4001],[95.9101,8678669.8101],[95.76,8678670.2201],[95.63,8678670.64],[95.5,8678671.0201],[95.3701,8678671.4401],[95.2401,8678671.8401],[95.1001,8678672.26],[94.9701,8678672.6901],[94.8301,8678673.1001],[94.6901,8678673.5501],[94.5501,8678673.9801],[94.4301,8678674.4201],[94.2801,8678674.8701],[94.1601,8678675.33],[94.0201,8678675.76],[93.89,8678676.1901],[93.7701,8678676.6301],[93.6401,8678677.0501],[93.5301,8678677.4901],[93.4173,8678677.8548],[93.1901,8678678.5901],[93.0801,8678679.0001],[92.9601,8678679.3801],[92.8501,8678679.7801],[92.75,8678680.14],[92.64,8678680.5001],[92.5401,8678680.8601],[92.2501,8678681.9001],[92.1501,8678682.2501],[92.0401,8678682.6001],[91.95,8678682.9601],[91.8401,8678683.3201],[91.7501,8678683.6701],[91.6401,8678684.0401],[91.5501,8678684.4101],[91.45,8678684.7801],[91.3401,8678685.14],[91.2301,8678685.5201],[91.14,8678685.8801],[91.0301,8678686.2401],[90.9101,8678686.6301],[90.81,8678686.9901],[90.6901,8678687.3701],[90.5601,8678687.77],[90.4501,8678688.1401],[90.3401,8678688.5001],[90.2201,8678688.8801],[90.0801,8678689.2401],[89.9801,8678689.6001],[89.8601,8678689.95],[89.75,8678690.3101],[89.6301,8678690.6501],[89.51,8678691.01],[89.4101,8678691.3501],[89.2901,8678691.6901],[89.1901,8678692.0301],[89.07,8678692.3701],[88.9701,8678692.7201],[88.8701,8678693.0601],[88.7701,8678693.4101],[88.6701,8678693.7501],[88.5701,8678694.1001],[88.1401,8678695.7701],[88.0501,8678696.14],[87.9701,8678696.4901],[87.88,8678696.8401],[87.8001,8678697.1901],[87.7101,8678697.5401],[87.62,8678697.89],[87.5401,8678698.2301],[87.45,8678698.5701],[87.38,8678698.9101],[87.2801,8678699.2501],[87.2101,8678699.5901],[87.1301,8678699.9201],[87.0401,8678700.27],[86.9601,8678700.5901],[86.8801,8678700.9301],[86.7901,8678701.26],[86.7101,8678701.5801],[86.6201,8678701.9101],[86.5401,8678702.2301],[86.4401,8678702.5601],[86.3401,8678702.9001],[86.2301,8678703.2301],[86.1301,8678703.5701],[86.0301,8678703.8901],[85.9201,8678704.2201],[85.8201,8678704.5401],[85.7101,8678704.8701],[85.62,8678705.1901],[85.5001,8678705.51],[85.4001,8678705.8401],[85.3001,8678706.1801],[85.2,8678706.5101],[85.1001,8678706.8501],[85.01,8678707.1901],[84.9101,8678707.5401],[84.8201,8678707.8701],[84.74,8678708.2101],[84.51,8678709.1601],[84.43,8678709.4801],[84.3401,8678709.8101],[84.2801,8678710.1301],[84.2101,8678710.4501],[84.14,8678710.77],[84.0801,8678711.0601],[83.9001,8678711.9301],[83.8401,8678712.2301],[83.7701,8678712.5501],[83.7101,8678712.8501],[83.64,8678713.1801],[83.5901,8678713.51],[83.5201,8678713.8401],[83.4601,8678714.1801],[83.4001,8678714.51],[83.3401,8678714.8501],[83.2901,8678715.1801],[83.2201,8678715.5101],[83.1601,8678715.8401],[83.0901,8678716.1801],[83.01,8678716.5201],[82.9601,8678716.8401],[82.89,8678717.1801],[82.82,8678717.5001],[82.7701,8678717.83],[82.7101,8678718.1601],[82.6301,8678718.4801],[82.5801,8678718.7901],[82.5201,8678719.1101],[82.4401,8678719.4201],[82.39,8678719.7401],[82.3301,8678720.0401],[82.26,8678720.3601],[82.2001,8678720.6701],[82.1501,8678720.9801],[81.9701,8678721.9101],[81.9201,8678722.2201],[81.8501,8678722.5401],[81.7801,8678722.8501],[81.7401,8678723.1601],[81.68,8678723.5001],[81.6201,8678723.8101],[81.5301,8678724.3801],[81.4801,8678724.7101],[81.4201,8678725.02],[81.37,8678725.33],[81.3201,8678725.64],[81.2701,8678725.95],[81.2201,8678726.27],[81.1701,8678726.58],[81.0501,8678727.4501],[81.01,8678727.7401],[80.9701,8678728.0401],[80.93,8678728.3401],[80.9001,8678728.6301],[80.8601,8678728.9101],[80.82,8678729.1801],[80.7901,8678729.4601],[80.76,8678729.7201],[80.7301,8678730.0001],[80.7001,8678730.2701],[80.6701,8678730.5301],[80.6401,8678730.7901],[80.6301,8678731.0401],[80.6001,8678731.2901],[80.5801,8678731.5401],[80.5501,8678731.8001],[80.51,8678732.0701],[80.4701,8678732.33],[80.4401,8678732.6001],[80.3201,8678733.3801],[80.2801,8678733.6501],[80.2401,8678733.9301],[80.2001,8678734.2201],[80.14,8678734.5001],[80.0801,8678734.7901],[80.0301,8678735.0701],[79.9801,8678735.3601],[79.9101,8678735.6401],[79.8601,8678735.9301],[79.8001,8678736.2101],[79.7301,8678736.4901],[79.68,8678736.7601],[79.63,8678737.0301],[79.57,8678737.3001],[79.5,8678737.5701],[79.4501,8678737.83],[79.39,8678738.0801],[79.3101,8678738.33],[79.2501,8678738.58],[79.2,8678738.8201],[79.1401,8678739.0701],[79.0701,8678739.3101],[79.01,8678739.5501],[78.9601,8678739.7801],[78.8001,8678740.4401],[78.75,8678740.6701],[78.7001,8678740.89],[78.6501,8678741.1101],[78.5901,8678741.3401],[78.5401,8678741.5701],[78.49,8678741.7801],[78.4401,8678742.0001],[78.3901,8678742.2301],[78.3501,8678742.45],[78.3001,8678742.6601],[78.1901,8678743.2701],[78.14,8678743.4901],[78.1001,8678743.7101],[78.07,8678743.9001],[78.0401,8678744.1101],[78.0001,8678744.3201],[77.9701,8678744.52],[77.94,8678744.7201],[77.9101,8678744.9101],[77.8801,8678745.1101],[77.8501,8678745.2901],[77.8201,8678745.4801],[77.8001,8678745.6501],[77.7701,8678745.83],[77.74,8678746.0001],[77.7201,8678746.1501],[77.6906,8678746.3202],[77.6801,8678746.3901],[77.6702,8678746.4601],[77.6501,8678746.6101],[77.6201,8678746.7501],[77.6,8678746.89],[77.5859,8678746.9462],[77.5851,8678746.95],[77.57,8678747.01],[77.5501,8678747.1401],[77.52,8678747.26],[77.5104,8678747.3083],[77.5001,8678747.3601],[77.4798,8678747.47],[77.4701,8678747.5151],[77.46,8678747.5601],[77.4298,8678747.65],[77.415,8678747.6952],[77.3997,8678747.7399],[77.3887,8678747.7675],[77.3601,8678747.8448],[77.35,8678747.8801],[77.32,8678747.95],[77.3051,8678747.98],[77.2902,8678748.0101],[77.23,8678748.14],[77.21,8678748.1901],[77.195,8678748.205],[77.1774,8678748.2381],[77.1701,8678748.29],[77.15,8678748.29],[77.1101,8678748.2975],[77.0701,8678748.305],[77.06,8678748.31],[77.0482,8678748.31],[77.0051,8678748.32],[76.99,8678748.33],[76.9814,8678748.3329],[76.9501,8678748.35],[76.9403,8678748.3603],[76.9243,8678748.3802],[76.9002,8678748.4102],[76.885,8678748.43],[76.87,8678748.45],[76.846,8678748.4745],[76.8002,8678748.5298],[76.7802,8678748.5601],[76.7698,8678748.5791],[76.74,8678748.63],[76.7002,8678748.7301],[76.6801,8678748.775],[76.66,8678748.8201],[76.6101,8678748.9401],[76.587,8678748.9813],[76.5851,8678748.9851],[76.56,8678749.03],[76.5,8678749.17],[76.4802,8678749.2297],[76.46,8678749.29],[76.4101,8678749.4201],[76.3401,8678749.58],[76.2901,8678749.7301],[76.1201,8678750.2301],[76.0801,8678750.4101],[76.01,8678750.6001],[75.9897,8678750.6581],[75.94,8678750.8001],[75.8801,8678751.0001],[75.81,8678751.2],[75.74,8678751.4101],[75.6701,8678751.6101],[75.5901,8678751.8301],[75.51,8678752.0501],[75.43,8678752.2701],[75.3601,8678752.4901],[75.2701,8678752.7201],[75.1801,8678752.9601],[75.1001,8678753.1901],[74.8201,8678753.9001],[74.7301,8678754.1601],[74.6301,8678754.4301],[74.5201,8678754.6801],[74.4301,8678754.9401],[74.3201,8678755.2101],[74.2201,8678755.4601],[74.1201,8678755.7201],[74.0201,8678755.9701],[73.9301,8678756.2301],[73.8201,8678756.4801],[73.7301,8678756.7401],[73.63,8678756.9801],[73.5401,8678757.2201],[73.4601,8678757.4801],[73.3601,8678757.7201],[73.2901,8678757.9801],[73.2001,8678758.2201],[73.12,8678758.4801],[73.0301,8678758.7201],[72.95,8678758.9601],[72.8701,8678759.1901],[72.8001,8678759.4301],[72.7101,8678759.6901],[72.64,8678759.9501],[72.57,8678760.2101],[72.4901,8678760.4801],[72.4101,8678760.7401],[72.3301,8678761.0001],[72.0801,8678761.7701],[71.9801,8678762.0401],[71.89,8678762.33],[71.8001,8678762.5901],[71.7,8678762.8701],[71.6101,8678763.1601],[71.51,8678763.4401],[71.2201,8678764.3101],[71.1301,8678764.58],[71.0301,8678764.8701],[70.94,8678765.1401],[70.8501,8678765.4201],[70.75,8678765.7],[70.6601,8678765.9801],[70.57,8678766.2601],[70.4801,8678766.5401],[70.39,8678766.8301],[70.3001,8678767.1101],[70.2301,8678767.4201],[70.13,8678767.7101],[70.0501,8678768.0001],[69.9701,8678768.2901],[69.87,8678768.5901],[69.7901,8678768.89],[69.7201,8678769.1801],[69.6301,8678769.4801],[69.5401,8678769.8001],[69.4601,8678770.08],[69.38,8678770.3701],[69.3001,8678770.6701],[69.2201,8678770.9501],[69.1501,8678771.2401],[69.07,8678771.5401],[68.99,8678771.83],[68.9201,8678772.1201],[68.8401,8678772.4201],[68.76,8678772.7],[68.7,8678773.01],[68.63,8678773.3001],[68.5601,8678773.6001],[68.5,8678773.9001],[68.4401,8678774.2101],[68.39,8678774.5101],[68.1401,8678775.9201],[68.1001,8678776.1901],[68.0501,8678776.4801],[68.01,8678776.77],[67.9601,8678777.0501],[67.9201,8678777.3101],[67.8701,8678777.6001],[67.8301,8678777.8701],[67.8001,8678778.1401],[67.7301,8678778.4201],[67.7001,8678778.6901],[67.6601,8678778.9601],[67.62,8678779.2401],[67.56,8678779.5001],[67.51,8678779.7801],[67.4401,8678780.08],[67.38,8678780.3601],[67.31,8678780.64],[67.2401,8678780.95],[67.18,8678781.2401],[67.1001,8678781.5301],[67.0201,8678781.83],[66.94,8678782.14],[66.8601,8678782.4301],[66.7701,8678782.7601],[66.6701,8678783.0701],[66.5901,8678783.3801],[66.5,8678783.7],[66.4001,8678784.02],[66.3101,8678784.3601],[66.2101,8678784.6901],[66.1101,8678785.02],[66.01,8678785.3501],[65.9201,8678785.6801],[65.8101,8678786.01],[65.7201,8678786.3501],[65.6101,8678786.6901],[65.5201,8678787.0101],[65.2201,8678787.9501],[65.1101,8678788.27],[65.01,8678788.5901],[64.9001,8678788.9101],[64.8001,8678789.2101],[64.7101,8678789.52],[64.6001,8678789.8201],[64.3501,8678790.6701],[64.26,8678790.9701],[64.1701,8678791.2501],[64.0901,8678791.5401],[64.0001,8678791.8201],[63.9001,8678792.1001],[63.8001,8678792.39],[63.7101,8678792.6701],[63.6101,8678792.9401],[63.5001,8678793.2201],[63.4001,8678793.4901],[63.2901,8678793.77],[63.1901,8678794.0401],[63.0801,8678794.3201],[62.9701,8678794.6001],[62.8401,8678794.8801],[62.7301,8678795.1801],[62.6101,8678795.4701],[62.4801,8678795.7601],[62.3601,8678796.08],[62.2401,8678796.3801],[62.1001,8678796.6901],[61.9801,8678797.0001],[61.8501,8678797.3201],[61.7201,8678797.6301],[61.5901,8678797.9401],[61.4501,8678798.2401],[60.8601,8678799.6201],[60.74,8678799.9201],[60.6101,8678800.2401],[60.4901,8678800.5501],[60.3701,8678800.8601],[60.25,8678801.1701],[60.12,8678801.4801],[60.0201,8678801.8001],[59.8901,8678802.1201],[59.7801,8678802.4501],[59.68,8678802.77],[59.4601,8678803.5001],[59.3501,8678803.83],[59.26,8678804.1901],[59.1801,8678804.5301],[58.9401,8678805.5601],[58.87,8678805.9101],[58.7801,8678806.2501],[58.69,8678806.6101],[58.6101,8678806.95],[58.5201,8678807.2901],[58.4401,8678807.6301],[58.3401,8678807.9601],[58.26,8678808.3001],[58.1601,8678808.6201],[58.07,8678808.9601],[57.9801,8678809.2901],[57.8901,8678809.6001],[57.8001,8678809.9201],[57.7101,8678810.2401],[57.6101,8678810.5601],[57.51,8678810.8801],[57.4101,8678811.1901],[57.3101,8678811.51],[57.2101,8678811.8201],[56.9401,8678812.7201],[56.8401,8678813.0401],[56.7401,8678813.3501],[56.6501,8678813.6601],[56.5501,8678813.9801],[56.4601,8678814.3001],[56.3701,8678814.6001],[56.2701,8678814.9201],[56.18,8678815.2401],[56.0901,8678815.5601],[56.0001,8678815.8801],[55.9101,8678816.2101],[55.8201,8678816.5301],[55.74,8678816.8401],[55.6501,8678817.1601],[55.5501,8678817.4701],[55.4801,8678817.7901],[55.39,8678818.1001],[55.3001,8678818.4101],[55.2101,8678818.7201],[55.1201,8678819.01],[55.0301,8678819.3201],[54.9401,8678819.6101],[54.8401,8678819.9301],[54.5801,8678820.7501],[54.49,8678821.0501],[54.38,8678821.3701],[54.3001,8678821.6701],[54.2,8678821.9701],[54.1201,8678822.2801],[54.0301,8678822.5801],[53.9301,8678822.8901],[53.8501,8678823.2001],[53.76,8678823.51],[53.6801,8678823.83],[53.5901,8678824.1401],[53.3601,8678825.0401],[53.2701,8678825.3401],[53.2001,8678825.6501],[53.1301,8678825.9501],[53.0401,8678826.2501],[52.9601,8678826.5401],[52.8701,8678826.8401],[52.7901,8678827.1201],[52.6901,8678827.4101],[52.6101,8678827.7],[52.5401,8678827.9801],[52.4301,8678828.2901],[52.3701,8678828.5701],[52.3001,8678828.8601],[52.2101,8678829.1501],[52.13,8678829.4301],[52.07,8678829.7301],[51.9901,8678830.02],[51.9301,8678830.2801],[51.8601,8678830.5701],[51.8001,8678830.8501],[51.7201,8678831.1201],[51.6601,8678831.4001],[51.5801,8678831.6801],[51.51,8678831.9501],[51.45,8678832.2301],[51.39,8678832.51],[51.32,8678832.7801],[51.2701,8678833.0701],[51.2101,8678833.3501],[51.14,8678833.64],[51.0801,8678833.9301],[51.0201,8678834.2301],[50.8401,8678835.0901],[50.76,8678835.4001],[50.5401,8678836.3501],[50.4701,8678836.6701],[50.4001,8678836.9801],[50.3201,8678837.2801],[50.24,8678837.5901],[50.1701,8678837.9301],[50.0901,8678838.2201],[50.01,8678838.5401],[49.9401,8678838.83],[49.8601,8678839.1301],[49.7901,8678839.4201],[49.7101,8678839.7201],[49.6201,8678840.02],[49.5501,8678840.3201],[49.4601,8678840.6301],[49.39,8678840.9301],[49.3101,8678841.2501],[49.2201,8678841.5701],[49.14,8678841.9001],[49.0601,8678842.2201],[48.9701,8678842.5501],[48.88,8678842.8701],[48.7901,8678843.1901],[48.68,8678843.51],[48.5901,8678843.8301],[48.4801,8678844.1501],[48.4001,8678844.4701],[48.2901,8678844.77],[48.1801,8678845.08],[48.0701,8678845.3801],[47.9601,8678845.6801],[47.87,8678845.9801],[47.7401,8678846.2801],[47.6501,8678846.5701],[47.5301,8678846.8601],[47.4401,8678847.14],[47.1301,8678847.9601],[47.0201,8678848.26],[46.9201,8678848.5701],[46.64,8678849.3701],[46.5501,8678849.6701],[46.4801,8678849.9801],[46.39,8678850.27],[46.3201,8678850.5501],[46.2501,8678850.8401],[46.1601,8678851.1201],[46.0901,8678851.4001],[46.01,8678851.6701],[45.9401,8678851.9401],[45.8701,8678852.2101],[45.8001,8678852.4701],[45.7301,8678852.7301],[45.6601,8678853.0001],[45.5901,8678853.2701],[45.5001,8678853.5401],[45.4301,8678853.8101],[45.3601,8678854.0901],[45.2701,8678854.3701],[45.2,8678854.6501],[45.1101,8678854.9401],[45.0401,8678855.2201],[44.9501,8678855.51],[44.8701,8678855.8101],[44.7701,8678856.1101],[44.68,8678856.4001],[44.5901,8678856.7101],[44.4901,8678857.0001],[44.4101,8678857.2801],[44.3101,8678857.5801],[44.2201,8678857.8701],[43.9601,8678858.6701],[43.8701,8678858.9501],[43.7801,8678859.2401],[43.6801,8678859.5301],[43.6001,8678859.8201],[43.51,8678860.1201],[43.4101,8678860.4001],[43.3301,8678860.6801],[43.25,8678860.9701],[43.1601,8678861.2601],[42.9501,8678862.0401],[42.8801,8678862.3401],[42.81,8678862.6401],[42.7301,8678862.9301],[42.6501,8678863.2401],[42.5901,8678863.5401],[42.51,8678863.8401],[42.4401,8678864.1601],[42.3801,8678864.4701],[42.3001,8678864.7801],[42.2401,8678865.0901],[42.1801,8678865.3901],[42.1001,8678865.6901],[42.0401,8678865.9801],[41.9701,8678866.2501],[41.9101,8678866.5401],[41.8401,8678866.83],[41.7701,8678867.1101],[41.7101,8678867.39],[41.64,8678867.6801],[41.5801,8678867.9601],[41.5301,8678868.2401],[41.4801,8678868.52],[41.3201,8678869.3501],[41.2801,8678869.6301],[41.2401,8678869.9401],[41.2,8678870.2101],[41.1701,8678870.4801],[41.1501,8678870.7601],[41.13,8678871.0401],[41.1001,8678871.3001],[41.07,8678871.5701],[41.0501,8678871.8101],[41.01,8678872.0701],[40.9901,8678872.3201],[40.9401,8678872.58],[40.89,8678872.8301],[40.8401,8678873.1001],[40.7801,8678873.3601],[40.7,8678873.6201],[40.63,8678873.89],[40.5501,8678874.1501],[40.2801,8678874.8701],[40.1801,8678875.1601],[40.0801,8678875.4201],[39.95,8678875.7],[39.8401,8678875.9701],[39.7301,8678876.2401],[39.6101,8678876.51],[39.5001,8678876.7801],[39.3801,8678877.0501],[39.26,8678877.3101],[39.13,8678877.5701],[39.01,8678877.8401],[38.8801,8678878.0901],[38.76,8678878.3401],[38.43,8678879.0701],[38.32,8678879.3101],[38.2101,8678879.5801],[38.1001,8678879.83],[38.0001,8678880.1001],[37.9001,8678880.3601],[37.8001,8678880.6301],[37.7201,8678880.9001],[37.6301,8678881.1801],[37.5401,8678881.4401],[37.4801,8678881.7101],[37.4101,8678882.0001],[37.3501,8678882.2501],[37.2901,8678882.5401],[37.2301,8678882.8201],[37.1801,8678883.1001],[37.13,8678883.3901],[37.0801,8678883.6801],[37.0401,8678883.9601],[37.0,8678884.2801],[36.95,8678884.5701],[36.9101,8678884.8601],[36.8601,8678885.1501],[36.82,8678885.4401],[36.7801,8678885.7301],[36.7101,8678886.02],[36.6701,8678886.2901],[36.5201,8678887.0301],[36.4601,8678887.2901],[36.39,8678887.5601],[36.3201,8678887.8101],[36.26,8678888.0701],[36.1601,8678888.3201],[35.94,8678889.0001],[35.8601,8678889.2401],[35.76,8678889.5001],[35.6601,8678889.7401],[35.5801,8678889.9801],[35.4901,8678890.2301],[35.4001,8678890.4801],[35.3101,8678890.7401],[35.2201,8678890.9901],[35.13,8678891.26],[35.06,8678891.52],[34.9701,8678891.7801],[34.8801,8678892.0501],[34.8101,8678892.3401],[34.7301,8678892.6201],[34.6501,8678892.9401],[34.6001,8678893.2501],[34.5401,8678893.5501],[34.4801,8678893.8501],[34.4301,8678894.1701],[34.3701,8678894.4901],[34.3301,8678894.8001],[34.2801,8678895.1401],[34.2401,8678895.45],[34.2,8678895.76],[34.1501,8678896.0901],[34.1001,8678896.4001],[34.0501,8678896.7101],[33.9901,8678897.0301],[33.9101,8678897.3401],[33.8401,8678897.6501],[33.7701,8678897.9401],[33.6901,8678898.2401],[33.3101,8678899.5801],[33.2201,8678899.8601],[33.1301,8678900.1201],[32.8701,8678900.8101],[32.7701,8678901.08],[32.6601,8678901.3401],[32.5401,8678901.5901],[32.4201,8678901.8501],[32.2901,8678902.1101],[32.1601,8678902.3501],[32.0401,8678902.5901],[31.9101,8678902.83],[31.76,8678903.0701],[31.6001,8678903.3001],[31.45,8678903.5201],[31.2901,8678903.7401],[31.1469,8678903.9405],[31.1401,8678903.95],[31.0354,8678904.0809],[30.9801,8678904.1501],[30.8231,8678904.3163],[30.8101,8678904.3301],[30.7019,8678904.4743],[30.6601,8678904.5301],[30.49,8678904.7101],[30.3201,8678904.89],[30.1701,8678905.0701],[30.0,8678905.2601],[29.8501,8678905.4301],[29.69,8678905.6101],[29.5501,8678905.7801],[29.4001,8678905.9601],[29.2401,8678906.1401],[29.1001,8678906.3101],[28.9401,8678906.4901],[28.7901,8678906.6501],[28.6506,8678906.8174],[28.64,8678906.83],[28.5544,8678906.9402],[28.5001,8678907.01],[28.1001,8678907.4601],[27.9601,8678907.6301],[27.82,8678907.7901],[27.6829,8678907.9456],[27.6701,8678907.9601],[27.5938,8678908.0599],[27.5401,8678908.1301],[27.4543,8678908.2403],[27.4001,8678908.3101],[27.0801,8678908.7801],[26.9601,8678908.9501],[26.8401,8678909.1301],[26.75,8678909.3101],[26.64,8678909.4901],[26.5601,8678909.6801],[26.4801,8678909.89],[26.4101,8678910.0701],[26.4201,8678910.2701],[26.4301,8678910.4501],[26.4501,8678910.6501],[26.4601,8678910.8501],[26.4701,8678911.0401],[26.4901,8678911.2401],[26.5,8678911.4401],[26.5201,8678911.6501],[26.5301,8678911.8601],[26.5501,8678912.0601],[26.5601,8678912.27],[26.57,8678912.4801],[26.5901,8678912.6901],[26.6001,8678912.8901],[26.6201,8678913.1101],[26.6301,8678913.3401],[26.6501,8678913.5601],[26.6701,8678913.7901],[26.68,8678914.0401],[26.7301,8678914.7101],[26.75,8678914.9601],[26.76,8678915.2101],[26.7801,8678915.4701],[26.8001,8678915.7201],[26.8201,8678915.9701],[26.8301,8678916.2301],[26.8501,8678916.4801],[26.8701,8678916.7301],[26.8901,8678916.9801],[26.9001,8678917.2401],[26.9101,8678917.5001],[26.9201,8678917.7501],[26.9101,8678918.01],[26.8901,8678918.7401],[26.8701,8678919.0001],[26.8301,8678919.2701],[26.7901,8678919.5401],[26.7301,8678919.8201],[26.68,8678920.1001],[26.6101,8678920.3901],[26.5301,8678920.7001],[26.4501,8678920.9801],[26.3501,8678921.26],[26.26,8678921.5501],[26.1601,8678921.8501],[26.06,8678922.1501],[25.9601,8678922.4601],[25.8601,8678922.76],[25.7401,8678923.08],[25.6301,8678923.39],[25.5201,8678923.7],[25.4101,8678924.0201],[25.0401,8678925.0701],[24.9201,8678925.3701],[24.81,8678925.6801],[24.5901,8678926.2901],[24.4701,8678926.6201],[24.37,8678926.9301],[24.2501,8678927.2401],[24.1501,8678927.5601],[24.0301,8678927.8701],[23.93,8678928.1801],[23.8101,8678928.4901],[23.7001,8678928.7901],[23.6001,8678929.0801],[23.4801,8678929.3801],[23.3901,8678929.6601],[23.2801,8678929.95],[23.1901,8678930.2401],[23.0901,8678930.5101],[23.0001,8678930.7901],[22.9001,8678931.0601],[22.7901,8678931.33],[22.6901,8678931.6001],[22.3801,8678932.3801],[22.2701,8678932.6501],[22.1701,8678932.9201],[22.06,8678933.1801],[21.9601,8678933.4601],[21.8501,8678933.7301],[21.76,8678934.0001],[21.6601,8678934.2901],[21.5701,8678934.5701],[21.45,8678934.8401],[21.3601,8678935.1301],[21.25,8678935.4101],[20.9701,8678936.2401],[20.87,8678936.5301],[20.7801,8678936.8101],[20.6801,8678937.1101],[20.6001,8678937.3701],[20.4901,8678937.6701],[20.4201,8678937.9401],[20.3101,8678938.2201],[20.2101,8678938.4901],[20.1201,8678938.77],[20.0301,8678939.0501],[19.93,8678939.3201],[19.8401,8678939.58],[19.75,8678939.8501],[19.6601,8678940.1201],[19.5601,8678940.3801],[19.4601,8678940.64],[19.3501,8678940.9001],[19.2401,8678941.1601],[19.1201,8678941.4101],[18.9801,8678941.6901],[18.8601,8678941.9301],[18.7301,8678942.1801],[18.6001,8678942.4201],[18.4801,8678942.6601],[18.3501,8678942.9101],[18.2201,8678943.1601],[18.0801,8678943.4001],[17.9701,8678943.6501],[17.8301,8678943.9001],[17.7201,8678944.14],[17.5801,8678944.3801],[17.4701,8678944.6301],[17.13,8678945.3001],[17.0201,8678945.5401],[16.7,8678946.27],[16.5901,8678946.5101],[16.4901,8678946.7501],[16.39,8678947.0001],[16.2701,8678947.26],[16.1901,8678947.5001],[16.0701,8678947.77],[15.9801,8678948.0401],[15.88,8678948.3201],[15.7801,8678948.5901],[15.7,8678948.8601],[15.6001,8678949.1301],[15.5201,8678949.4201],[15.4301,8678949.6901],[15.3501,8678949.9701],[15.26,8678950.2501],[15.1701,8678950.5401],[15.1001,8678950.8201],[15.0201,8678951.0901],[14.9401,8678951.3601],[14.87,8678951.6301],[14.8001,8678951.9001],[14.7201,8678952.1701],[14.6601,8678952.4501],[14.5801,8678952.7301],[14.5001,8678953.0001],[14.4401,8678953.2801],[14.3601,8678953.5701],[14.2901,8678953.8501],[14.2301,8678954.1401],[14.1601,8678954.4301],[14.0801,8678954.7201],[14.01,8678955.0201],[13.94,8678955.3201],[13.8601,8678955.6401],[13.7901,8678955.9401],[13.7201,8678956.2401],[13.63,8678956.5301],[13.4401,8678957.3701],[13.37,8678957.6501],[13.3101,8678957.9501],[13.1101,8678958.7401],[13.0401,8678959.02],[12.9601,8678959.3001],[12.8801,8678959.58],[12.8101,8678959.8601],[12.7301,8678960.1301],[12.6601,8678960.4201],[12.5801,8678960.6901],[12.5001,8678960.9801],[12.4301,8678961.2501],[12.3501,8678961.5301],[12.26,8678961.8101],[12.1901,8678962.0901],[12.1101,8678962.3701],[12.0301,8678962.6701],[11.9501,8678962.95],[11.8901,8678963.2401],[11.81,8678963.5401],[11.7501,8678963.8401],[11.6901,8678964.1301],[11.6201,8678964.4401],[11.5501,8678964.7301],[11.5,8678965.02],[11.4401,8678965.3101],[11.3801,8678965.6101],[11.3401,8678965.9001],[11.2901,8678966.1901],[11.2501,8678966.4701],[11.2101,8678966.7501],[11.1601,8678967.0301],[11.1101,8678967.3201],[11.0701,8678967.6001],[11.0401,8678967.8801],[10.9201,8678968.6701],[10.89,8678968.9501],[10.8501,8678969.2301],[10.8101,8678969.5001],[10.7801,8678969.7801],[10.7401,8678970.0501],[10.7101,8678970.3301],[10.6701,8678970.5901],[10.6501,8678970.8501],[10.6101,8678971.1201],[10.5801,8678971.3901],[10.5637,8678971.5676],[10.51,8678972.1501],[10.4801,8678972.4101],[10.4601,8678972.6901],[10.44,8678972.9501],[10.4301,8678973.2201],[10.4101,8678973.4901],[10.4001,8678973.76],[10.3901,8678974.02],[10.38,8678974.2901],[10.3601,8678974.5701],[10.3401,8678974.8401],[10.3201,8678975.1101],[10.3001,8678975.3801],[10.2901,8678975.64],[10.26,8678975.9101],[10.2401,8678976.1601],[10.2201,8678976.4101],[10.2,8678976.6601],[10.18,8678976.9001],[10.1601,8678977.1301],[10.1201,8678977.3701],[10.0901,8678977.6001],[10.07,8678977.8101],[10.0301,8678978.02],[9.9901,8678978.2501],[9.9101,8678978.8601],[9.8601,8678979.0601],[9.8201,8678979.2501],[9.7701,8678979.45],[9.7301,8678979.6501],[9.6801,8678979.8501],[9.63,8678980.0601],[9.5701,8678980.2801],[9.5301,8678980.4901],[9.4901,8678980.7],[9.4401,8678980.9201],[9.3801,8678981.1501],[9.3301,8678981.3801],[9.2801,8678981.6001],[9.2201,8678981.8501],[9.1501,8678982.1001],[9.1101,8678982.3501],[9.06,8678982.6101],[8.99,8678982.8701],[8.7801,8678983.9201],[8.7201,8678984.2],[8.6601,8678984.4901],[8.5901,8678984.7801],[8.5201,8678985.0901],[8.45,8678985.4301],[8.3801,8678985.7401],[8.3201,8678986.0301],[8.2501,8678986.3201],[8.1701,8678986.6101],[8.1001,8678986.9001],[8.0301,8678987.2],[7.9601,8678987.4801],[7.8801,8678987.77],[7.8101,8678988.0501],[7.7301,8678988.3201],[7.5,8678989.1201],[7.4101,8678989.39],[7.3301,8678989.6601],[7.2301,8678989.9301],[7.14,8678990.2001],[7.0501,8678990.45],[6.9601,8678990.7101],[6.8501,8678990.9901],[6.7701,8678991.2401],[6.6901,8678991.5001],[6.6001,8678991.7501],[6.5201,8678992.01],[6.44,8678992.27],[6.3501,8678992.5101],[6.2701,8678992.7801],[6.1901,8678993.0401],[6.0901,8678993.2801],[6.0,8678993.5501],[5.9201,8678993.8001],[5.8301,8678994.0601],[5.76,8678994.33],[5.69,8678994.6001],[5.6101,8678994.8601],[5.5401,8678995.1201],[5.4701,8678995.3801],[5.39,8678995.64],[5.3101,8678995.9101],[5.2401,8678996.1701],[5.1601,8678996.4301],[4.95,8678997.14],[4.88,8678997.3901],[4.8001,8678997.64],[4.7301,8678997.89],[4.6701,8678998.1301],[4.6001,8678998.3701],[4.5201,8678998.6101],[4.2701,8678999.3001],[4.1901,8678999.5601],[4.1101,8678999.8101],[4.0301,8679000.0601],[3.95,8679000.3201],[3.87,8679000.5801],[3.7801,8679000.8401],[3.7001,8679001.1101],[3.6101,8679001.3601],[3.5301,8679001.6301],[3.45,8679001.9101],[3.3601,8679002.1901],[3.2801,8679002.4701],[3.1901,8679002.7501],[3.1001,8679003.0301],[3.0301,8679003.3201],[2.94,8679003.6001],[2.8601,8679003.89],[2.7901,8679004.1901],[2.7101,8679004.4801],[2.64,8679004.7601],[2.5601,8679005.0401],[2.5,8679005.33],[2.4201,8679005.6201],[2.3601,8679005.9101],[2.3101,8679006.1901],[2.2501,8679006.4701],[2.19,8679006.7501],[2.13,8679007.0401],[2.0801,8679007.3201],[2.0401,8679007.6201],[1.9801,8679007.9101],[1.93,8679008.2],[1.8801,8679008.4901],[1.8401,8679008.7801],[1.5901,8679010.2601],[1.5401,8679010.5401],[1.5001,8679010.8101],[1.4601,8679011.1001],[1.4201,8679011.3701],[1.38,8679011.6501],[1.3301,8679011.9401],[1.3001,8679012.2001],[1.25,8679012.4701],[1.2,8679012.7401],[1.14,8679013.0101],[1.1001,8679013.2801],[1.0401,8679013.5601],[0.9801,8679013.83],[0.9301,8679014.1101],[0.8901,8679014.39],[0.8301,8679014.6701],[0.7801,8679014.9601],[0.7201,8679015.27],[0.6701,8679015.5501],[0.6201,8679015.8301],[0.5601,8679016.1101],[0.5,8679016.4001],[0.4501,8679016.6901],[0.39,8679016.9701],[0.32,8679017.2601],[0.2801,8679017.5401],[0.2201,8679017.8201],[0.1501,8679018.1101],[0.0901,8679018.3801],[0.0501,8679018.6701],[-0.0199,8679018.9401],[-0.0899,8679019.2101],[-0.1399,8679019.4801],[-0.1899,8679019.7501],[-0.2699,8679020.0401],[-0.3199,8679020.3201],[-0.3699,8679020.5901],[-0.51,8679021.4001],[-0.56,8679021.6801],[-0.6099,8679021.9701],[-0.6599,8679022.2501],[-0.7199,8679022.5501],[-0.7599,8679022.8501],[-0.7899,8679023.1501],[-0.9199,8679024.0101],[-0.9499,8679024.3201],[-1.0,8679024.6201],[-1.0499,8679024.9101],[-1.0899,8679025.2001],[-1.1199,8679025.5001],[-1.1599,8679025.7901],[-1.2199,8679026.0901],[-1.26,8679026.3901],[-1.3099,8679026.6801],[-1.3499,8679026.9601],[-1.3999,8679027.2701],[-1.4499,8679027.5701],[-1.49,8679027.8701],[-1.5299,8679028.1701],[-1.5899,8679028.4801],[-1.6399,8679028.7801],[-1.6699,8679029.08],[-1.7199,8679029.3701],[-1.7799,8679029.6701],[-1.8299,8679029.9701],[-1.8799,8679030.27],[-1.94,8679030.5501],[-1.9999,8679030.8301],[-2.07,8679031.1301],[-2.1399,8679031.4001],[-2.2099,8679031.6801],[-2.2699,8679031.9601],[-2.3499,8679032.2501],[-2.5899,8679033.0501],[-2.6699,8679033.3401],[-2.7599,8679033.6301],[-2.8499,8679033.9201],[-2.9199,8679034.2001],[-3.0099,8679034.5001],[-3.11,8679034.7901],[-3.2099,8679035.0901],[-3.31,8679035.3801],[-3.3999,8679035.6601],[-3.49,8679035.9401],[-3.5899,8679036.2201],[-3.6899,8679036.5001],[-3.7899,8679036.7701],[-3.8899,8679037.0301],[-4.01,8679037.2901],[-4.3499,8679038.0501],[-4.4599,8679038.3101],[-4.5699,8679038.5601],[-4.69,8679038.83],[-4.8099,8679039.0801],[-4.9299,8679039.3401],[-5.0499,8679039.6001],[-5.18,8679039.8601],[-5.3,8679040.1101],[-5.4099,8679040.3501],[-5.5299,8679040.6101],[-5.6399,8679040.8601],[-5.7599,8679041.1201],[-5.8699,8679041.3701],[-5.9999,8679041.6201],[-6.1099,8679041.8701],[-6.24,8679042.1301],[-6.3399,8679042.3701],[-6.4599,8679042.6201],[-6.5699,8679042.8701],[-6.94,8679043.6401],[-7.07,8679043.89],[-7.1899,8679044.1301],[-7.3199,8679044.39],[-7.4499,8679044.64],[-7.5899,8679044.8901],[-7.7299,8679045.1301],[-7.8699,8679045.3801],[-8.1399,8679045.8601],[-8.2699,8679046.0901],[-8.4099,8679046.3201],[-8.5499,8679046.5501],[-8.6799,8679046.7801],[-8.81,8679047.02],[-8.94,8679047.26],[-9.07,8679047.5001],[-9.2099,8679047.7301],[-9.3199,8679047.9701],[-9.44,8679048.2101],[-9.5599,8679048.4401],[-9.6699,8679048.6801],[-9.7899,8679048.9001],[-9.8999,8679049.1301],[-10.2199,8679049.7801],[-10.32,8679049.9901],[-10.4399,8679050.2],[-10.5499,8679050.4101],[-10.6599,8679050.6201],[-10.7499,8679050.8201],[-10.8499,8679051.02],[-10.9599,8679051.2201],[-11.05,8679051.4201],[-11.1299,8679051.6101],[-11.2199,8679051.8101],[-11.2999,8679052.01],[-11.5399,8679052.58],[-11.62,8679052.7801],[-11.7099,8679053.0001],[-11.7799,8679053.2101],[-11.8699,8679053.4201],[-11.9499,8679053.6301],[-12.0099,8679053.8501],[-12.0899,8679054.0701],[-12.1799,8679054.3001],[-12.24,8679054.51],[-12.3199,8679054.7401],[-12.4099,8679054.95],[-12.4699,8679055.1601],[-12.55,8679055.3701],[-12.63,8679055.5801],[-12.6999,8679055.7901],[-12.7699,8679056.01],[-12.8499,8679056.2101],[-12.9199,8679056.4201],[-12.99,8679056.6201],[-13.0599,8679056.8101],[-13.1399,8679057.0001],[-13.1999,8679057.1801],[-13.2799,8679057.3601],[-13.3699,8679057.5301],[-13.43,8679057.7],[-13.51,8679057.8601],[-13.5799,8679058.02],[-13.6499,8679058.1801],[-13.6999,8679058.3201],[-13.7799,8679058.4801],[-13.8399,8679058.6201],[-13.8999,8679058.76],[-14.0699,8679059.1801],[-14.11,8679059.33],[-14.24,8679059.7601],[-14.2799,8679059.9301],[-14.3,8679060.0901],[-14.3299,8679060.26],[-14.3599,8679060.45],[-14.3799,8679060.6401],[-14.3999,8679060.83],[-14.4099,8679061.0301],[-14.4299,8679061.2301],[-14.44,8679061.45],[-14.4499,8679061.6701],[-14.4699,8679061.9001],[-14.4799,8679062.1501],[-14.49,8679062.39],[-14.5099,8679062.6501],[-14.5199,8679062.9101],[-14.5299,8679063.1601],[-14.55,8679063.4401],[-14.57,8679063.7101],[-14.5999,8679063.9901],[-14.6199,8679064.2701],[-14.6499,8679064.5601],[-14.6699,8679064.8601],[-14.6999,8679065.14],[-14.7299,8679065.4201],[-14.7599,8679065.7101],[-14.7899,8679066.0001],[-14.8199,8679066.2801],[-14.8399,8679066.5501],[-14.8699,8679066.83],[-14.8999,8679067.1301],[-14.94,8679067.4301],[-14.9599,8679067.7201],[-14.99,8679068.02],[-15.0199,8679068.3201],[-15.05,8679068.6101],[-15.0699,8679068.8901],[-15.1099,8679069.1801],[-15.25,8679070.3001],[-15.2899,8679070.5701],[-15.3999,8679071.33],[-15.4599,8679071.5901],[-15.4999,8679071.8201],[-15.5499,8679072.0701],[-15.5999,8679072.3001],[-15.6799,8679072.5401],[-15.74,8679072.7801],[-15.82,8679073.0001],[-15.9099,8679073.2401],[-16.0,8679073.4801],[-16.11,8679073.7101],[-16.2099,8679073.9501],[-16.3299,8679074.1801],[-16.4499,8679074.4001],[-16.5899,8679074.6501],[-16.7199,8679074.8701],[-16.8499,8679075.1001],[-16.9999,8679075.3201],[-17.1399,8679075.5501],[-17.2303,8679075.6743],[25.6431,8679106.816],[25.6495,8679106.5235],[25.6495,8679106.4347],[25.6551,8679106.3055],[25.6577,8679106.2443],[25.6805,8679105.6979],[25.6859,8679105.6187],[25.7209,8679104.9443],[25.7347,8679104.5867],[25.7357,8679104.5687],[25.7677,8679103.9743],[25.7777,8679103.7343],[25.7979,8679102.9587],[25.8095,8679102.2035],[25.8095,8679101.9487],[25.8111,8679101.8405],[25.8153,8679101.7269],[25.8547,8679101.6827],[25.8713,8679101.6639],[26.1877,8679101.3199],[26.5855,8679100.8773],[27.1065,8679100.2633],[27.2221,8679100.1269],[27.5421,8679099.7469],[27.6249,8679099.6481],[27.7749,8679099.4681],[28.0561,8679099.1247],[28.7231,8679098.2925],[29.6761,8679096.9629],[29.7553,8679096.8435],[29.8619,8679096.6901],[29.9949,8679096.4969],[30.1451,8679096.2769],[30.2763,8679096.0829],[30.5599,8679095.6485],[30.7261,8679095.4029],[31.0985,8679094.8289],[31.8799,8679093.5635],[31.9933,8679093.3649],[32.0049,8679093.3447],[32.0125,8679093.3317],[32.1401,8679093.1135],[32.3019,8679092.8287],[32.4421,8679092.5787],[32.5769,8679092.3349],[32.6967,8679092.1149],[32.9139,8679091.7077],[33.0339,8679091.4777],[33.2911,8679090.9707],[33.7983,8679089.8761],[34.1765,8679089.0107],[34.4875,8679088.2217],[34.6675,8679087.7417],[34.7541,8679087.5071],[34.8341,8679087.2871],[35.0127,8679086.7795],[35.4089,8679085.5005],[35.6275,8679084.7341],[35.9089,8679083.5743],[35.9587,8679083.3443],[36.0439,8679082.9365],[36.0937,8679082.6865],[36.0989,8679082.6609],[36.1231,8679082.5379],[36.1989,8679082.1709],[36.4215,8679080.8747],[36.5257,8679080.1549],[36.5595,8679079.9273],[36.6155,8679079.5267],[36.6363,8679079.3645],[36.7567,8679078.4029],[36.7749,8679078.2695],[36.7955,8679078.1167],[36.9373,8679076.7519],[36.9953,8679076.1711],[37.0197,8679075.9147],[37.0553,8679075.5811],[37.0765,8679075.3687],[37.0971,8679075.1769],[37.1599,8679074.5049],[37.2131,8679073.9909],[37.2671,8679073.4869],[37.3431,8679072.6421],[37.3841,8679072.1733],[37.4413,8679071.5147],[37.4779,8679071.4161],[37.5479,8679071.2261],[37.6859,8679070.8423],[37.7185,8679070.7491],[37.9825,8679070.0095],[38.0299,8679069.8685],[38.2273,8679069.3207],[38.3717,8679068.9165],[38.4519,8679068.6865],[38.5125,8679068.5095],[38.5595,8679068.3703],[38.5641,8679068.3571],[38.7087,8679067.9485],[38.7377,8679067.8709],[38.7437,8679067.8571],[39.1813,8679067.0107],[39.3307,8679066.7019],[39.3587,8679066.6433],[39.5609,8679066.2325],[39.8311,8679065.7007],[39.9785,8679065.3971],[39.9923,8679065.3697],[40.1625,8679065.0557],[40.1643,8679065.0523],[40.4599,8679064.5535],[40.5905,8679064.3247],[40.9905,8679063.6147],[41.0221,8679063.5587],[41.0551,8679063.4997],[41.0837,8679063.4503],[41.1401,8679063.3535],[41.3019,8679063.0687],[41.4421,8679062.8187],[41.8099,8679062.1373],[41.9397,8679061.8873],[42.1199,8679061.5339],[42.2821,8679061.2099],[42.3197,8679061.1373],[42.5611,8679060.6607],[42.6729,8679060.4313],[43.0429,8679059.6613],[43.3363,8679059.0285],[43.5641,8679058.5327],[43.6261,8679058.4011],[43.6313,8679058.3907],[44.0923,8679057.4021],[44.1123,8679057.3567],[44.1383,8679057.3001],[44.3221,8679056.8921],[44.3475,8679056.8353],[44.3791,8679056.7659],[44.3901,8679056.7439],[44.4511,8679056.6207],[44.7283,8679056.0401],[44.8893,8679055.6915],[44.9275,8679055.6119],[45.2347,8679054.9471],[45.3547,8679054.6771],[45.3923,8679054.5921],[45.5021,8679054.3421],[45.6435,8679054.0145],[45.6523,8679053.9939],[45.8309,8679053.5947],[45.8883,8679053.4701],[46.2863,8679052.5607],[46.5229,8679051.9681],[46.6231,8679051.7081],[46.7331,8679051.4165],[46.8329,8679051.1465],[46.9327,8679050.8719],[47.1329,8679050.3119],[47.2625,8679049.9395],[47.3901,8679049.5537],[47.4893,8679049.2449],[47.5035,8679049.2033],[47.5429,8679049.0895],[47.5865,8679048.9593],[47.6469,8679048.7787],[47.7037,8679048.6133],[47.7427,8679048.4995],[48.0151,8679047.6473],[48.1051,8679047.3473],[48.2873,8679046.7093],[48.5091,8679045.9517],[48.5143,8679045.9331],[48.6751,8679045.3973],[48.8291,8679044.8617],[48.9091,8679044.5717],[48.9575,8679044.3941],[49.2107,8679043.3621],[49.3553,8679042.7743],[49.4255,8679042.4743],[49.5245,8679042.0317],[49.6443,8679041.4717],[49.7189,8679041.1107],[49.8593,8679040.3435],[49.8941,8679040.1355],[49.9959,8679039.5813],[50.0459,8679039.2913],[50.1845,8679038.3901],[50.3301,8679037.4377],[50.3575,8679037.2321],[50.3605,8679037.2143],[50.4103,8679036.9043],[50.4665,8679036.5393],[50.5277,8679036.1617],[50.6849,8679035.1695],[50.7249,8679034.8795],[50.7455,8679034.7267],[50.7817,8679034.4387],[50.7893,8679034.3935],[50.9157,8679033.5467],[50.9687,8679033.1139],[51.0085,8679032.8501],[51.0755,8679032.3767],[51.0863,8679032.2931],[51.1059,8679032.1813],[51.1427,8679031.9673],[51.1801,8679031.7583],[51.2041,8679031.6215],[51.2669,8679031.2573],[51.4085,8679030.5939],[51.6491,8679029.5109],[51.7249,8679029.1125],[51.7445,8679029.0217],[51.8045,8679028.7417],[51.8789,8679028.3807],[51.9537,8679027.9885],[51.9745,8679027.8917],[52.0489,8679027.5309],[52.1353,8679027.0751],[52.1443,8679027.0317],[52.2189,8679026.6709],[52.3099,8679026.1883],[52.3785,8679025.8049],[52.4037,8679025.6741],[52.4601,8679025.3735],[52.4891,8679025.2307],[52.6321,8679024.4457],[52.6989,8679024.1209],[52.8097,8679023.5269],[52.8615,8679023.2557],[52.9615,8679022.7157],[53.1575,8679021.4861],[53.2079,8679021.1491],[53.2375,8679020.9433],[53.2693,8679020.7273],[53.3047,8679020.4795],[53.3063,8679020.4685],[53.3203,8679020.3875],[53.5703,8679018.9075],[53.6487,8679018.4107],[53.8089,8679017.5117],[53.8345,8679017.3917],[53.8923,8679017.1149],[53.9255,8679016.9737],[53.9703,8679016.7973],[54.0175,8679016.6241],[54.0845,8679016.3679],[54.2151,8679015.9103],[54.3647,8679015.4151],[54.5125,8679014.9307],[54.6687,8679014.4423],[54.8437,8679013.8957],[54.9627,8679013.5099],[55.0429,8679013.2593],[55.1043,8679013.0897],[55.2727,8679012.6095],[55.3163,8679012.4793],[55.3965,8679012.2393],[55.6795,8679011.3335],[55.7495,8679011.0935],[55.8977,8679010.5641],[55.9023,8679010.5463],[56.0335,8679010.0943],[56.0533,8679010.0233],[56.1747,8679009.6127],[56.2137,8679009.4857],[56.4341,8679008.7277],[56.4439,8679008.6957],[56.6897,8679007.8429],[56.7203,8679007.7301],[56.8135,8679007.4103],[56.9427,8679007.0395],[57.1639,8679006.3557],[57.1693,8679006.3385],[57.1927,8679006.2695],[57.4139,8679005.5857],[57.4193,8679005.5685],[57.4427,8679005.4995],[57.5573,8679005.1539],[57.6639,8679004.8513],[57.7047,8679004.7337],[57.7415,8679004.6315],[57.8927,8679004.1995],[57.8951,8679004.1917],[58.0827,8679003.6595],[58.3399,8679002.8573],[58.6061,8679001.9913],[58.8059,8679001.2969],[58.8593,8679001.1157],[59.0375,8679000.4841],[59.1397,8679000.0905],[59.1875,8678999.9141],[59.2929,8678999.5069],[59.3629,8678999.2269],[59.4555,8678998.8443],[59.4691,8678998.7857],[59.4775,8678998.7541],[59.6313,8678998.1495],[59.7015,8678997.8595],[59.8807,8678997.0587],[59.8955,8678996.9893],[59.9153,8678996.9001],[60.0157,8678996.4349],[60.0281,8678996.3763],[60.0415,8678996.3195],[60.2209,8678995.5187],[60.2615,8678995.3225],[60.3045,8678995.1217],[60.3739,8678994.7865],[60.4521,8678994.3955],[60.6591,8678993.4509],[60.6719,8678993.3865],[60.7375,8678993.1041],[60.7781,8678992.9265],[60.8977,8678992.4241],[60.9477,8678992.2041],[61.0547,8678991.7099],[61.0631,8678991.6769],[61.2439,8678990.9001],[61.3033,8678990.6401],[61.5089,8678989.7009],[61.7755,8678988.0867],[61.7771,8678988.0745],[61.7785,8678988.0643],[61.9355,8678987.0367],[61.9757,8678986.7149],[62.0255,8678986.3567],[62.1495,8678985.2135],[62.1893,8678984.7435],[62.1997,8678984.6171],[62.2301,8678984.2377],[62.3157,8678983.2387],[62.3427,8678982.7629],[62.3923,8678982.0835],[62.4057,8678981.8887],[62.4417,8678981.1903],[62.4555,8678980.8257],[62.4559,8678980.8187],[62.4743,8678980.5107],[62.4839,8678980.4065],[62.5115,8678980.1063],[62.5155,8678980.0767],[62.5935,8678979.4157],[62.6227,8678979.1747],[62.6455,8678979.0067],[62.6919,8678978.6327],[62.7181,8678978.4491],[62.7557,8678978.1767],[62.7915,8678977.8909],[62.8359,8678977.5979],[62.9055,8678977.1067],[62.9197,8678976.9965],[63.0381,8678976.2491],[63.0675,8678976.0429],[63.0919,8678975.8959],[63.0989,8678975.8609],[63.1159,8678975.7749],[63.1553,8678975.6001],[63.2509,8678975.1587],[63.2575,8678975.1279],[63.3027,8678974.9381],[63.3075,8678974.9215],[63.3865,8678974.6393],[63.4673,8678974.3615],[63.5475,8678974.0815],[63.6575,8678973.6841],[63.7093,8678973.4877],[63.7123,8678973.4755],[63.8875,8678972.8541],[63.9615,8678972.5715],[64.0375,8678972.2941],[64.1095,8678972.0193],[64.1573,8678971.8515],[64.2675,8678971.4541],[64.3731,8678971.0469],[64.4389,8678970.7837],[64.6247,8678970.0491],[64.8475,8678969.0909],[64.9035,8678968.8489],[64.9197,8678968.7765],[64.9475,8678968.6741],[65.1455,8678967.8843],[65.2395,8678967.4807],[65.2729,8678967.3469],[65.3653,8678966.9643],[65.3971,8678966.8285],[65.5415,8678966.2595],[65.6115,8678965.9695],[65.6965,8678965.6045],[65.7915,8678965.2329],[65.8875,8678964.8841],[66.0357,8678964.3033],[66.0793,8678964.1377],[66.1111,8678964.0151],[66.1495,8678963.8857],[66.2851,8678963.4103],[66.3979,8678963.0401],[66.4875,8678962.7559],[66.5345,8678962.6137],[66.5805,8678962.4969],[66.6329,8678962.3683],[66.6761,8678962.2705],[66.7875,8678962.0163],[66.8431,8678961.9067],[66.9429,8678961.7079],[67.1913,8678961.2213],[67.4433,8678960.7271],[67.4797,8678960.6573],[67.7397,8678960.1573],[67.8565,8678959.9301],[67.9897,8678959.6773],[68.1199,8678959.4273],[68.3001,8678959.0739],[68.5599,8678958.5539],[68.6211,8678958.4307],[68.7375,8678958.1919],[68.8575,8678957.9419],[69.3435,8678956.8645],[69.5635,8678956.3445],[69.6365,8678956.1707],[69.8731,8678955.5781],[70.0729,8678955.0581],[70.4127,8678954.1195],[70.4565,8678953.9893],[70.5635,8678953.6683],[70.7825,8678953.0495],[70.8843,8678952.7437],[71.1725,8678951.9395],[71.4269,8678951.1471],[71.5681,8678950.7041],[71.5765,8678950.6793],[71.6601,8678950.4237],[71.6693,8678950.3949],[71.6835,8678950.3533],[71.7227,8678950.2395],[71.7377,8678950.1949],[71.8403,8678949.8911],[71.9513,8678949.5901],[72.3225,8678948.5695],[72.4245,8678948.2629],[72.4421,8678948.2159],[72.6529,8678947.6743],[72.6917,8678947.5769],[73.0017,8678946.7969],[73.1729,8678946.3541],[73.4231,8678945.7065],[73.5229,8678945.4365],[73.7525,8678944.7895],[73.8023,8678944.6421],[73.9427,8678944.2395],[74.0021,8678944.0617],[74.0791,8678943.8443],[74.3109,8678943.2017],[74.3235,8678943.1685],[74.6777,8678942.1935],[74.9027,8678941.5595],[74.9397,8678941.4495],[75.1225,8678940.9295],[75.1989,8678940.7015],[75.3949,8678940.1575],[75.6983,8678939.3423],[76.0683,8678938.2923],[76.1317,8678938.1105],[76.2023,8678937.9047],[76.3059,8678937.6127],[76.3475,8678937.5017],[76.6127,8678936.7595],[76.6565,8678936.6293],[76.7563,8678936.3293],[76.8321,8678936.0987],[76.8941,8678935.9065],[77.0563,8678935.4193],[77.1499,8678935.1333],[77.2025,8678934.9795],[77.5675,8678933.8115],[77.6473,8678933.5315],[77.7575,8678933.1341],[77.8163,8678932.9105],[77.8963,8678932.6005],[77.9913,8678932.2195],[78.0613,8678931.9295],[78.2791,8678930.9409],[78.3439,8678930.6017],[78.3889,8678930.3809],[78.5995,8678929.1673],[78.6795,8678928.6273],[78.7355,8678928.2267],[78.8757,8678926.8809],[78.8959,8678926.6209],[78.9161,8678926.3387],[78.9599,8678925.3883],[78.9761,8678924.7955],[78.9809,8678924.6743],[78.9971,8678923.8339],[79.1849,8678923.5669],[79.2709,8678923.4409],[79.3619,8678923.3101],[79.6261,8678922.9229],[80.0393,8678922.2835],[80.1893,8678922.0435],[80.6401,8678921.2935],[80.9717,8678920.7007],[81.1017,8678920.4607],[81.4161,8678919.8613],[81.7301,8678919.2539],[81.8601,8678918.9939],[81.9211,8678918.8707],[82.1983,8678918.2901],[82.2393,8678918.2015],[82.2773,8678918.1219],[82.7635,8678917.0445],[82.8735,8678916.7845],[82.9463,8678916.6107],[83.2931,8678915.7265],[83.3673,8678915.5267],[83.6037,8678914.8987],[83.8341,8678914.2613],[83.9239,8678914.0013],[83.9725,8678913.8595],[84.1001,8678913.4737],[84.1899,8678913.1937],[84.4409,8678912.3641],[84.8211,8678911.0241],[84.9175,8678910.6741],[84.9253,8678910.6451],[85.0053,8678910.3451],[85.1515,8678909.7695],[85.2215,8678909.4795],[85.2911,8678909.1827],[85.5891,8678907.8709],[85.6411,8678907.6007],[85.7011,8678907.2807],[85.8103,8678906.6543],[85.9103,8678906.0343],[85.9471,8678905.7987],[85.9973,8678905.4687],[86.0657,8678904.9867],[86.0739,8678904.9229],[86.1163,8678904.5931],[86.1585,8678904.4759],[86.1729,8678904.4381],[86.2729,8678904.1781],[86.6127,8678903.2395],[86.6565,8678903.1093],[86.7365,8678902.8693],[86.8055,8678902.6591],[86.8143,8678902.6315],[87.0127,8678902.0695],[87.4875,8678900.5041],[87.6289,8678899.9519],[87.6693,8678899.7977],[87.7391,8678899.5277],[87.8991,8678898.8751],[87.9591,8678898.6151],[88.1011,8678897.9601],[88.2511,8678897.2201],[88.2691,8678897.1309],[88.3345,8678896.7899],[88.3789,8678896.5709],[88.6249,8678895.1095],[88.6491,8678894.9345],[88.7319,8678894.4013],[88.8235,8678894.2035],[89.0385,8678893.7501],[89.1585,8678893.4901],[89.3047,8678893.1671],[89.4247,8678892.8971],[89.6765,8678892.3107],[89.6933,8678892.2695],[89.9063,8678891.7707],[89.9615,8678891.6359],[89.9739,8678891.6057],[90.2563,8678890.9507],[90.4931,8678890.3581],[90.5929,8678890.0981],[90.8851,8678889.2979],[91.0375,8678888.8917],[91.3027,8678888.1495],[91.5237,8678887.4657],[91.6039,8678887.2057],[91.8377,8678886.3977],[92.0075,8678885.7941],[92.2191,8678884.9451],[92.2791,8678884.6851],[92.4391,8678883.9409],[92.5013,8678883.6157],[92.5197,8678883.5171],[92.5339,8678883.4465],[92.5393,8678883.4209],[92.5695,8678883.2647],[92.6195,8678883.0047],[92.8557,8678881.5467],[92.9273,8678880.9465],[93.0313,8678879.9845],[93.0445,8678879.8691],[93.1147,8678879.1781],[93.1653,8678878.9039],[93.2051,8678878.7267],[93.2215,8678878.6595],[93.2915,8678878.3695],[93.4053,8678877.8765],[93.5121,8678877.4201],[93.7737,8678876.2565],[93.7849,8678876.2025],[93.9461,8678875.4737],[94.0603,8678874.9883],[94.2355,8678874.2843],[94.2721,8678874.1265],[94.3617,8678873.8217],[94.5351,8678873.2673],[94.6249,8678872.9673],[94.6437,8678872.9039],[94.7359,8678872.6135],[94.7901,8678872.4389],[94.8197,8678872.3467],[95.0751,8678871.5607],[95.1759,8678871.2435],[95.1885,8678871.2029],[95.2065,8678871.1493],[95.4165,8678870.4887],[95.6767,8678869.6483],[96.0551,8678868.3999],[96.2673,8678867.6545],[96.3959,8678867.2011],[96.5877,8678866.5241],[96.6223,8678866.3929],[96.8175,8678865.7041],[96.8691,8678865.5077],[96.9799,8678865.0811],[97.0899,8678864.6729],[97.0975,8678864.6441],[97.1493,8678864.4477],[97.1845,8678864.3119],[97.2859,8678863.9511],[97.4775,8678863.2741],[97.5923,8678862.8297],[97.6339,8678862.6829],[97.6725,8678862.5695],[97.7131,8678862.4491],[97.9041,8678861.9441],[98.0807,8678861.4615],[98.2615,8678860.9739],[98.6227,8678859.9795],[98.7375,8678859.6325],[98.8199,8678859.4037],[98.8861,8678859.2183],[98.9513,8678859.0399],[99.1527,8678858.4695],[99.5387,8678857.2271],[99.6291,8678856.9297],[99.9355,8678855.9221],[100.0257,8678855.6021],[100.1155,8678855.2821],[100.1683,8678855.0915],[100.2585,8678854.7615],[100.2875,8678854.6541],[100.3929,8678854.2469],[100.4729,8678853.9269],[100.4887,8678853.8635],[100.5375,8678853.6841],[100.6429,8678853.2769],[100.7229,8678852.9569],[100.7293,8678852.9309],[100.7777,8678852.7541],[100.8625,8678852.4275],[100.9375,8678852.1541],[100.9453,8678852.1251],[101.0251,8678851.8251],[101.1719,8678851.2487],[101.1753,8678851.2351],[101.3213,8678850.6595],[101.3549,8678850.5211],[101.3977,8678850.3641],[101.6577,8678849.3001],[101.8653,8678848.4501],[101.9353,8678848.1401],[101.9717,8678847.9759],[102.0083,8678847.8089],[102.1249,8678847.3055],[102.1263,8678847.3005],[102.3891,8678846.1751],[102.5693,8678845.3151],[102.6139,8678845.0965],[102.6273,8678845.0287],[102.7345,8678844.5517],[102.7945,8678844.2717],[102.8525,8678843.9927],[102.8897,8678843.8259],[103.0353,8678843.2551],[103.3121,8678842.1099],[103.4297,8678841.6487],[103.5277,8678841.2941],[103.6145,8678840.9603],[103.7471,8678840.4897],[103.9073,8678839.9515],[103.9413,8678839.8333],[103.9851,8678839.6873],[104.1391,8678839.1517],[104.1443,8678839.1331],[104.1551,8678839.0973],[104.3575,8678838.3841],[104.5553,8678837.5943],[104.5573,8678837.5865],[104.5877,8678837.4741],[104.6609,8678837.1935],[104.7921,8678836.6805],[104.9075,8678836.2641],[104.9797,8678835.9889],[105.0255,8678835.8255],[105.0551,8678835.7273],[105.1451,8678835.4273],[105.2647,8678835.0155],[105.3749,8678834.6483],[105.5151,8678834.1973],[105.5493,8678834.0833],[105.7503,8678833.4497],[105.7885,8678833.3281],[105.9783,8678832.7181],[106.1181,8678832.2539],[106.1449,8678832.1615],[106.1661,8678832.0935],[106.2981,8678831.6539],[106.5681,8678830.7239],[106.7075,8678830.2241],[106.7787,8678829.9519],[106.7957,8678829.8921],[106.8857,8678829.5721],[106.9677,8678829.2741],[107.0263,8678829.0505],[107.0385,8678829.0037],[107.0555,8678828.9421],[107.1083,8678828.7515],[107.1719,8678828.5185],[107.3179,8678827.9993],[107.3951,8678827.7473],[107.4851,8678827.4473],[107.5979,8678827.0593],[107.7257,8678826.6363],[107.7813,8678826.4605],[107.8813,8678826.1405],[107.9651,8678825.8673],[108.1617,8678825.2115],[108.1819,8678825.1487],[108.2513,8678824.9305],[108.3177,8678824.7183],[108.3821,8678824.5187],[108.4513,8678824.3005],[108.6513,8678823.6605],[108.8557,8678822.9721],[109.0061,8678822.4377],[109.0681,8678822.2239],[109.1783,8678821.8315],[109.2669,8678821.5077],[109.4875,8678820.7341],[109.5707,8678820.4143],[109.6675,8678820.0641],[109.8547,8678819.3195],[109.8557,8678819.3161],[109.8569,8678819.3109],[110.0247,8678818.6395],[110.0647,8678818.4701],[110.0725,8678818.4391],[110.1169,8678818.2709],[110.4557,8678816.8165],[110.5299,8678816.4995],[110.5565,8678816.4103],[110.6913,8678816.0353],[110.9287,8678815.4217],[110.9811,8678815.2929],[111.0313,8678815.1683],[111.0423,8678815.1405],[111.3569,8678814.4047],[111.7243,8678813.5717],[111.9843,8678812.9517],[112.0263,8678812.8507],[112.0909,8678812.6929],[112.2209,8678812.3729],[112.2423,8678812.3203],[112.4165,8678811.9107],[112.5313,8678811.6283],[112.6513,8678811.3283],[112.6949,8678811.2185],[112.7863,8678811.0007],[112.7897,8678810.9923],[112.9099,8678810.7023],[113.0279,8678810.4117],[113.1463,8678810.1307],[113.3181,8678809.7049],[113.5381,8678809.1449],[113.7131,8678808.6865],[113.7279,8678808.6471],[113.7481,8678808.5949],[113.9231,8678808.1365],[113.9377,8678808.0971],[113.9583,8678808.0449],[114.1329,8678807.5865],[114.2331,8678807.3165],[114.4627,8678806.6695],[114.5899,8678806.2847],[114.6227,8678806.1919],[114.7525,8678805.8195],[114.8799,8678805.4337],[114.9701,8678805.1537],[115.2091,8678804.3657],[115.2851,8678804.1173],[115.3749,8678803.8173],[115.4135,8678803.6877],[115.4649,8678803.5131],[115.7275,8678802.6923],[115.7315,8678802.6805],[115.7627,8678802.5895],[115.9461,8678802.0275],[115.9727,8678801.9495],[116.1159,8678801.5145],[116.4159,8678800.5745],[116.6231,8678799.8913],[116.8521,8678799.1297],[117.1169,8678798.2273],[117.3149,8678797.5737],[117.5061,8678796.9107],[117.6457,8678796.4321],[117.7355,8678796.1121],[117.7657,8678796.0037],[117.9685,8678795.3015],[118.0505,8678795.0011],[118.1191,8678794.7517],[118.1675,8678794.5741],[118.2261,8678794.3505],[118.2791,8678794.1455],[118.3095,8678794.0323],[118.3593,8678793.8517],[118.4075,8678793.6741],[118.7333,8678792.3045],[118.9045,8678791.5617],[118.9179,8678791.4997],[118.9353,8678791.4243],[119.1089,8678790.6209],[119.1401,8678790.4607],[119.2189,8678790.0807],[119.4479,8678788.7391],[119.4551,8678788.6897],[119.6657,8678787.3667],[119.6787,8678787.2651],[119.7029,8678787.1117],[119.8365,8678786.2785],[119.8961,8678785.9059],[120.0855,8678784.8381],[120.0953,8678784.7815],[120.1551,8678784.5263],[120.2763,8678784.0525],[120.2975,8678783.9741],[120.3053,8678783.9451],[120.3853,8678783.6451],[120.4797,8678783.2801],[120.5277,8678783.1041],[120.5353,8678783.0751],[120.5895,8678782.8713],[120.6083,8678782.8033],[120.6573,8678782.6315],[120.6855,8678782.5321],[120.7167,8678782.4217],[120.7449,8678782.3273],[120.9475,8678781.6141],[120.9891,8678781.4565],[121.1285,8678780.9755],[121.4575,8678779.8541],[121.4623,8678779.8357],[121.5097,8678779.6887],[121.6025,8678779.4195],[121.7301,8678779.0337],[121.7749,8678778.8939],[121.7867,8678778.8587],[121.8437,8678778.6933],[121.8829,8678778.5795],[121.9265,8678778.4493],[122.2235,8678777.5585],[122.2329,8678777.5319],[122.3627,8678777.1595],[122.4991,8678776.7459],[122.5041,8678776.7313],[122.5939,8678776.4713],[122.6427,8678776.3295],[122.7373,8678776.0449],[122.8325,8678775.7695],[122.9375,8678775.4537],[123.1875,8678774.6837],[123.3039,8678774.3157],[123.4637,8678773.7957],[123.5393,8678773.5457],[123.6195,8678773.2757],[123.7337,8678772.8781],[123.8727,8678772.4795],[123.9525,8678772.2401],[124.0425,8678771.9795],[124.1221,8678771.7413],[124.1565,8678771.6429],[124.1823,8678771.5753],[124.5315,8678770.6621],[124.5329,8678770.6581],[124.5703,8678770.5607],[124.5825,8678770.5303],[124.6617,8678770.3359],[124.8833,8678769.7727],[125.1531,8678769.0765],[125.2531,8678768.8065],[125.3359,8678768.5793],[125.4361,8678768.3253],[125.7427,8678767.5067],[126.1125,8678766.4895],[126.1591,8678766.3511],[126.2047,8678766.2261],[126.6891,8678765.3195],[127.2141,8678764.1847],[127.3963,8678763.7695],[127.4265,8678763.6995],[127.5447,8678763.4183],[128.0127,8678762.1997],[128.1715,8678761.7459],[128.2155,8678761.6155],[128.2755,8678761.4355],[128.7069,8678759.9993],[128.9635,8678758.9511],[128.9837,8678758.8611],[129.0681,8678758.4653],[129.1687,8678757.9847],[129.1897,8678757.8781],[129.2185,8678757.7347],[129.3343,8678757.1121],[129.4985,8678756.1075],[129.5415,8678755.8317],[129.5589,8678755.7269],[129.6675,8678755.0117],[129.7025,8678754.7851],[129.7191,8678754.6751],[129.7333,8678754.5857],[129.7581,8678754.4241],[129.8207,8678754.0533],[129.8923,8678753.6737],[129.9041,8678753.6083],[129.9685,8678753.2947],[129.9765,8678753.2551],[130.0079,8678753.1191],[130.1271,8678752.6185],[130.2271,8678752.1785],[130.2643,8678752.0127],[130.3551,8678751.6383],[130.3803,8678751.5339],[130.3867,8678751.5091],[130.5483,8678750.8725],[130.6057,8678750.6341],[130.6367,8678750.5191],[130.7983,8678749.8825],[130.8583,8678749.6325],[130.9903,8678749.0531],[131.0735,8678748.6911],[131.1335,8678748.4211]]]}},{"type":"Feature","properties":{"Name":"ZONA DE CONFLICTOS POR OCUPACION EN FAJAS MARGINALES","description":"<div style='font-family:sans-serif;'><h4>ZEE CALLAO - ZONA DE CONFLICTOS POR OCUPACION EN FAJAS MARGINALES</h4><table border='1' cellpadding='4' style='border-collapse:collapse;font-size:12px;'><tr><td><b>OBJECTID:</b></td><td>29</td></tr><tr><td><b>ZEECODE:</b></td><td>31</td></tr><tr><td><b>ZEE:</b></td><td>ZONA DE CONFLICTOS POR OCUPACION EN FAJAS MARGINALES</td></tr><tr><td><b>ZEE_ZONAS:</b></td><td>Zonas de recuperaci\u00f3n</td></tr><tr><td><b>ZEE_GRANDE:</b></td><td>ZONAS DE RECUPERACION</td></tr><tr><td><b>AREA:</b></td><td>1149070.659</td></tr><tr><td><b>PERIMETER:</b></td><td>40795.544</td></tr><tr><td><b>HECTARES:</b></td><td>114.907</td></tr></table></div>"},"geometry":{"type":"Polygon","coordinates":[[[158.8668,8669121.4278],[-48.7037,8669081.1431],[-48.4965,8669081.2711],[51.2162,8669052.3063],[52.8984,8669053.5212],[87.5237,8669030.4376],[-114.827,8668985.3949],[56.3351,8668929.0916],[-49.1739,8668854.7713],[128.7446,8668823.2414],[7.4706,8668744.4168],[-128.1826,8668691.8355],[-126.6397,8668691.4739],[-64.2564,8668676.8528],[-41.7348,8668668.2416],[-26.962,8668662.5931],[-21.9175,8668660.6644],[-120.2946,8668560.6735],[43.3974,8668498.1113],[-147.2244,8668433.3758],[-146.931,8668430.7671],[-137.6626,8668427.156],[-135.5347,8668426.3269],[-131.1379,8668424.6139],[-125.4511,8668422.4267],[-111.2026,8668416.9465],[-63.3451,8668398.5397],[48.6712,8668355.4566],[53.2747,8668355.4566],[112.5303,8668330.6074],[125.4902,8668325.2279],[127.3613,8668324.4512],[-144.1108,8668287.7038],[-137.5531,8668284.9817],[-36.4171,8668247.6496],[98.4357,8668200.5784],[-178.2506,8668174.2688],[-104.6811,8668157.2162],[-56.988,8668151.2189],[24.0985,8668120.9518],[53.0681,8667945.2524],[101.6994,8667985.7841],[179.977,8668006.6294],[-28.7664,8668027.7976],[101.3832,8668065.9937],[126.4797,8668073.359],[-56.3372,8668120.6078],[-0.7607,8668129.0285],[0.9456,8668131.1371],[22.8846,8668134.7259],[46.5025,8668140.4348],[47.4358,8668140.7997],[48.2826,8668141.2003],[50.6829,8668142.3359],[131.4007,8668180.525],[133.2479,8668181.3989],[160.1231,8668186.8921],[164.5184,8668187.7904],[-175.2978,8668191.9159],[-132.2978,8668200.7048],[-95.8181,8668208.1611],[-51.0644,8668217.3084],[-40.1655,8668219.8061],[-34.0439,8668220.8264],[-5.6052,8668226.7085],[45.1506,8668237.1076],[136.2793,8668255.6149],[147.4154,8668257.8765],[-144.8406,8668271.7307],[-120.359,8668276.7973],[-119.834,8668276.9941],[-51.5387,8668302.6049],[-45.3601,8668304.9219],[-43.8786,8668292.6253],[-43.8254,8668292.569],[-14.835,8668298.1213],[-14.8298,8668298.1223],[-138.8331,8668342.7803],[112.9981,8668397.1907],[-110.4783,8668423.8607],[84.5554,8668465.9175],[-124.55,8668495.6649],[-8.2113,8668519.1116],[-2.3973,8668520.2833],[-2.2772,8668519.1964],[0.8366,8668491.0115],[-99.7535,8668471.0602],[-104.3693,8668325.0712],[-19.6175,8668267.0021],[-19.6233,8668266.9646],[-19.6518,8668266.9948],[-54.6371,8668259.614],[-153.9569,8668162.7112],[167.4083,8668154.5605],[105.2843,8668141.4542],[99.4158,8668139.6567],[50.9655,8668124.8173],[49.4768,8668124.3613],[38.9737,8668121.1444],[37.976,8668120.8388],[24.9581,8668116.8517],[-22.3356,8668102.3665],[-44.6698,8668095.5259],[-147.0041,8668064.1827],[-159.3957,8668060.3874],[49.1779,8668014.0082],[41.3502,8668011.6107],[104.1002,8667968.1311],[-175.8557,8667927.1811],[-176.1053,8667927.1446],[162.6079,8667924.031],[65.3863,8667927.3082],[-15.3856,8667930.031],[29.0281,8668006.8225],[7.6617,8668012.0216],[-150.0422,8668044.0035],[70.473,8668084.3364],[24.4573,8668095.5334],[8.6451,8668099.381],[65.4801,8668127.3324],[58.9166,8668128.3072],[-109.0812,8668146.988],[-158.5966,8668154.8549],[134.3031,8668176.6047],[27.4054,8668214.551],[-92.8142,8668260.1998],[-175.6685,8668287.7602],[126.2137,8668307.0923],[118.9556,8668309.5066],[-19.1832,8668355.4566],[-132.4003,8668393.1167],[-134.0253,8668393.6572],[-134.4825,8668393.8093],[-143.0969,8668396.6748],[-156.0488,8668400.9831],[-54.8245,8668493.0685],[-113.8415,8668514.0697],[32.6895,8668590.0328],[-8.4931,8668601.5643],[-12.6197,8668602.7198],[-25.043,8668606.1984],[-141.9822,8668638.9425],[120.551,8668666.2341],[92.6985,8668674.033],[133.7082,8668762.0333],[-10.2764,8668899.0337],[58.2206,8668976.5458],[-33.9149,8669001.0451],[138.7792,8669050.8506],[101.0898,8669060.8724],[98.8414,8669061.4703],[43.4462,8669076.2002],[42.7301,8669077.6901],[42.08,8669079.76],[41.8701,8669081.8401],[41.76,8669083.9801],[41.99,8669086.0301],[42.2201,8669088.2001],[42.3301,8669090.3801],[42.3001,8669092.4801],[42.4701,8669094.6101],[42.4001,8669096.6201],[42.3101,8669098.6301],[42.19,8669100.6601],[42.06,8669102.6901],[41.9101,8669105.15],[43.3203,8669108.4919],[43.4839,8669113.1431],[45.2963,8669120.1431],[52.9839,8669132.1431],[58.7963,8669137.1431],[65.6089,8669140.1431],[68.4989,8669140.937],[72.8901,8669142.1431],[80.4839,8669142.1431],[91.0283,8669139.3564],[126.0307,8669130.1059],[158.8668,8669121.4278]]]}},{"type":"Feature","properties":{"Name":"ZONA CON DEGRADACION AMBIENTAL","description":"<div style='font-family:sans-serif;'><h4>ZEE CALLAO - ZONA CON DEGRADACION AMBIENTAL</h4><table border='1' cellpadding='4' style='border-collapse:collapse;font-size:12px;'><tr><td><b>OBJECTID:</b></td><td>30</td></tr><tr><td><b>ZEECODE:</b></td><td>32</td></tr><tr><td><b>ZEE:</b></td><td>ZONA CON DEGRADACION AMBIENTAL</td></tr><tr><td><b>ZEE_ZONAS:</b></td><td>Zonas de recuperaci\u00f3n</td></tr><tr><td><b>ZEE_GRANDE:</b></td><td>ZONAS DE RECUPERACION</td></tr><tr><td><b>AREA:</b></td><td>56607789.342</td></tr><tr><td><b>PERIMETER:</b></td><td>109215.452</td></tr><tr><td><b>HECTARES:</b></td><td>5660.779</td></tr></table></div>"},"geometry":{"type":"Polygon","coordinates":[[[150.8601,8665109.3101],[153.64,8665107.95],[156.5401,8665110.3501],[159.4801,8665110.02],[162.2001,8665107.2901],[165.5301,8665107.2401],[167.3501,8665108.2801],[168.9801,8665109.6301],[171.7201,8665111.84],[174.87,8665110.5301],[178.06,8665107.9101],[179.82,8665106.6301],[-178.1499,8665105.7401],[-175.9699,8665105.7101],[-174.06,8665106.3801],[-172.3199,8665107.39],[-170.4099,8665108.1101],[-168.25,8665108.01],[-166.04,8665107.2],[-164.43,8665105.7201],[-163.3299,8665103.7301],[-161.2496,8665101.6673],[-159.3399,8665103.0301],[-157.43,8665104.2],[-155.3599,8665104.3201],[-153.44,8665103.2201],[-151.3999,8665102.6101],[-149.5899,8665101.5401],[-147.1599,8665100.51],[-144.6399,8665099.8701],[-142.56,8665099.6601],[-139.8899,8665099.0501],[-137.1599,8665098.0301],[-135.29,8665097.26],[-133.4699,8665096.4],[-131.55,8665095.3801],[-129.5499,8665094.64],[-127.6499,8665093.7401],[-126.0299,8665092.4801],[-123.8999,8665090.8701],[-122.0299,8665089.95],[-119.7799,8665088.9701],[-117.73,8665088.08],[-115.8999,8665086.9501],[-113.5299,8665085.3401],[-110.8399,8665084.0401],[-108.3999,8665082.4701],[-106.38,8665081.9101],[-103.63,8665081.1201],[-101.2799,8665079.51],[-99.0799,8665078.46],[-96.7199,8665076.7801],[-94.85,8665075.5501],[-92.6499,8665073.7],[-90.3899,8665072.1001],[-87.9599,8665070.9901],[-85.48,8665069.5201],[-82.9699,8665068.2401],[-81.2699,8665067.1301],[-79.6599,8665065.9301],[-77.51,8665064.2401],[-76.0299,8665062.6901],[-74.04,8665060.9801],[-72.2099,8665059.2801],[-70.04,8665057.52],[-68.36,8665056.3001],[-66.6999,8665055.0401],[-65.0799,8665053.6801],[-63.51,8665052.4401],[-61.2799,8665050.64],[-59.5,8665049.2501],[-57.99,8665047.6801],[-56.3999,8665046.3801],[-54.38,8665044.3301],[-52.87,8665042.9001],[-51.6099,8665041.3001],[-49.93,8665039.5501],[-48.5199,8665038.0301],[-47.3,8665036.4],[-45.5099,8665034.1901],[-44.2099,8665032.5401],[-42.56,8665030.7801],[-40.86,8665029.1201],[-39.2099,8665027.2501],[-38.0199,8665025.3501],[-36.75,8665023.3801],[-35.8137,8665022.1649],[-35.3399,8665021.5501],[-33.81,8665019.6701],[-32.2799,8665017.4401],[-30.9499,8665014.8101],[-30.0499,8665012.7501],[-29.0099,8665010.6701],[-27.8199,8665008.2201],[-26.7199,8665006.4701],[-25.87,8665004.02],[-25.6699,8665001.5301],[-25.7699,8664999.3101],[-26.24,8664997.1901],[-26.74,8664994.9401],[-27.12,8664992.5201],[-27.43,8664990.1801],[-27.5399,8664987.9301],[-28.3399,8664985.39],[-28.9099,8664983.3701],[-28.99,8664981.34],[-29.26,8664978.5501],[-29.38,8664976.39],[-29.5899,8664974.3501],[-29.8899,8664972.3101],[-30.18,8664970.1701],[-30.4099,8664968.0001],[-30.56,8664965.7701],[-30.6599,8664963.01],[-30.79,8664960.5601],[-31.0399,8664958.3601],[-31.2799,8664956.1601],[-31.6499,8664953.9401],[-32.0199,8664951.9201],[-32.5299,8664949.6801],[-33.06,8664947.2901],[-33.86,8664944.59],[-35.44,8664942.5301],[-37.5199,8664941.7401],[-40.0,8664941.3801],[-42.0399,8664941.26],[-44.0399,8664941.2401],[-46.18,8664941.1801],[-48.29,8664940.8001],[-50.2799,8664940.1901],[-52.0899,8664939.2],[-54.44,8664937.71],[-57.4799,8664938.2701],[-59.7199,8664938.96],[-61.74,8664939.2501],[-63.76,8664939.08],[-66.5899,8664938.6301],[-68.88,8664939.5501],[-70.85,8664939.1301],[-72.8299,8664938.2901],[-75.4299,8664937.7401],[-77.6099,8664937.3201],[-79.88,8664938.5801],[-81.5299,8664939.8001],[-84.04,8664940.5401],[-86.11,8664940.09],[-88.5899,8664938.2],[-90.3499,8664937.0801],[-92.6599,8664936.01],[-95.6999,8664935.4701],[-97.7699,8664935.2301],[-99.82,8664933.95],[-101.5899,8664932.1001],[-102.5299,8664929.4801],[-102.4699,8664927.26],[-101.2699,8664924.8501],[-98.9699,8664923.4001],[-97.06,8664921.7],[-94.4699,8664921.2501],[-91.5299,8664921.58],[-89.0699,8664921.4],[-86.2999,8664921.0901],[-83.3299,8664920.6101],[-80.5399,8664919.9801],[-77.75,8664919.7301],[-75.2099,8664919.7701],[-72.7699,8664919.8101],[-70.74,8664919.7701],[-68.07,8664919.08],[-65.7499,8664917.7301],[-63.06,8664917.9401],[-60.2799,8664918.6301],[-57.49,8664918.6601],[-54.74,8664918.6701],[-52.4699,8664918.65],[-50.25,8664918.7],[-47.3599,8664919.1801],[-45.32,8664919.4401],[-42.93,8664918.3801],[-40.69,8664916.9301],[-38.57,8664916.39],[-35.6999,8664915.9],[-32.7199,8664915.9101],[-30.17,8664915.8601],[-27.26,8664915.7001],[-24.6299,8664915.3801],[-22.5899,8664914.52],[-20.5299,8664913.7401],[-18.31,8664913.02],[-15.87,8664912.6201],[-13.43,8664912.3801],[-10.6599,8664912.2401],[-8.07,8664912.21],[-6.04,8664912.4101],[-3.8499,8664912.6201],[-0.9399,8664912.26],[1.63,8664912.0301],[4.13,8664911.8101],[6.9101,8664911.6701],[9.83,8664911.46],[12.75,8664910.8501],[15.3501,8664910.1101],[17.68,8664909.3601],[19.7801,8664908.5601],[22.5301,8664908.4101],[24.57,8664908.9701],[25.3901,8664911.5401],[25.3001,8664914.1901],[23.0801,8664915.5501],[21.31,8664916.6001],[19.93,8664918.4801],[19.5501,8664921.39],[19.4101,8664923.9501],[18.5901,8664926.4],[16.4601,8664927.7201],[13.96,8664928.95],[11.9701,8664929.9801],[9.81,8664930.6901],[7.2901,8664930.9201],[4.96,8664931.0301],[2.69,8664931.3001],[0.7101,8664932.3201],[-1.7699,8664933.27],[-4.07,8664933.71],[-6.56,8664933.9],[-8.8599,8664933.9901],[-11.0799,8664934.0601],[-13.86,8664934.7],[-15.3499,8664936.3001],[-16.2099,8664938.2201],[-16.3999,8664940.6601],[-16.6,8664943.1801],[-16.6599,8664945.7],[-16.6899,8664948.2301],[-16.74,8664950.6001],[-16.7699,8664952.9201],[-16.81,8664955.4101],[-16.8499,8664958.02],[-16.8899,8664960.52],[-16.86,8664963.0601],[-16.75,8664965.8601],[-16.48,8664968.45],[-16.17,8664970.9],[-15.6999,8664973.2501],[-15.1999,8664975.5501],[-14.7099,8664977.7401],[-14.17,8664979.8601],[-13.75,8664982.3501],[-13.6499,8664984.7101],[-13.5299,8664986.8101],[-13.44,8664989.0401],[-13.3899,8664991.3501],[-13.2799,8664993.7201],[-13.12,8664995.96],[-12.75,8664997.96],[-12.0799,8665000.1301],[-11.3499,8665002.6101],[-10.5299,8665005.0001],[-9.88,8665007.1601],[-9.31,8665009.1801],[-8.69,8665011.1001],[-8.4199,8665013.46],[-8.07,8665015.6101],[-7.6,8665018.3301],[-7.5899,8665021.3101],[-7.6099,8665023.3201],[-7.51,8665026.2901],[-7.1399,8665028.4901],[-6.38,8665030.7401],[-5.37,8665032.5301],[-4.7395,8665033.3095],[-4.1,8665034.1001],[-2.7699,8665035.7801],[-1.25,8665037.3701],[0.08,8665039.0701],[1.5701,8665040.71],[3.3901,8665042.1601],[5.3301,8665043.5701],[7.25,8665044.9901],[9.1001,8665046.2301],[11.15,8665047.3801],[13.4701,8665048.6301],[15.69,8665049.7201],[17.9101,8665051.1601],[19.64,8665052.1801],[21.5401,8665053.0001],[23.8501,8665054.33],[25.9801,8665055.9901],[28.51,8665057.1101],[31.25,8665058.45],[33.57,8665059.3201],[36.4601,8665060.0201],[39.4201,8665060.6901],[42.2201,8665061.3801],[44.4101,8665062.5301],[46.3001,8665063.9801],[48.26,8665065.9801],[50.13,8665066.7201],[52.2201,8665067.1801],[54.25,8665067.7401],[56.3501,8665068.3501],[58.64,8665068.46],[61.1701,8665068.51],[63.57,8665068.8001],[65.69,8665069.5701],[68.38,8665070.8501],[70.4001,8665072.2301],[73.14,8665072.9],[75.43,8665072.8801],[77.9,8665072.8201],[80.62,8665072.65],[83.25,8665072.7101],[85.4701,8665073.08],[87.6501,8665074.2101],[90.26,8665074.2401],[93.0901,8665074.2901],[95.96,8665074.3401],[98.27,8665074.3701],[100.76,8665074.2401],[103.4201,8665073.7901],[106.12,8665073.51],[108.46,8665073.27],[110.9501,8665073.3201],[113.56,8665073.4401],[116.26,8665074.08],[119.21,8665073.9101],[121.3001,8665073.4701],[123.5,8665073.1601],[125.76,8665072.65],[128.32,8665072.3801],[130.83,8665072.6601],[132.8401,8665073.3001],[135.69,8665073.7801],[138.4301,8665073.7],[140.49,8665073.2201],[142.9,8665072.5701],[145.18,8665071.9901],[147.3501,8665071.2401],[149.5501,8665070.4101],[151.88,8665069.5501],[154.2501,8665068.9301],[156.5301,8665068.5701],[158.7901,8665068.58],[160.88,8665068.7101],[163.87,8665068.6901],[165.9501,8665068.1701],[167.9201,8665067.14],[169.8401,8665066.1701],[171.6701,8665065.27],[173.5501,8665064.3101],[175.63,8665063.5501],[177.8001,8665063.0501],[-179.5299,8665062.5601],[-176.87,8665061.9801],[-174.3,8665061.2],[-172.0799,8665060.52],[-169.69,8665059.5501],[-167.5799,8665058.02],[-164.8,8665056.9901],[-162.57,8665055.8601],[-160.38,8665054.1901],[-157.9699,8665052.6601],[-155.61,8665051.0501],[-153.3399,8665049.7301],[-151.29,8665048.6901],[-148.4499,8665047.95],[-146.31,8665047.7801],[-144.17,8665047.0501],[-143.6471,8665046.8237],[-142.1599,8665046.1801],[-139.6599,8665044.4901],[-137.6399,8665043.1801],[-135.3899,8665041.9701],[-133.0,8665040.5501],[-130.6399,8665039.0601],[-128.8399,8665037.8001],[-127.0899,8665036.3201],[-125.55,8665034.84],[-123.4099,8665033.8101],[-121.4099,8665033.1001],[-119.5799,8665031.6801],[-117.5299,8665030.09],[-115.62,8665028.7201],[-113.79,8665027.27],[-111.9499,8665025.6701],[-110.4099,8665023.8201],[-109.1499,8665022.0301],[-108.4599,8665020.08],[-107.2199,8665017.5601],[-105.3399,8665015.4501],[-103.6499,8665014.0501],[-101.9699,8665012.45],[-100.01,8665010.77],[-98.9499,8665008.84],[-98.1,8665006.6201],[-97.2699,8665003.89],[-96.43,8665001.27],[-95.87,8664998.7501],[-95.79,8664996.1201],[-95.8799,8664993.4801],[-96.43,8664991.02],[-97.06,8664988.7401],[-97.4099,8664986.2401],[-97.5199,8664983.8201],[-97.8399,8664981.1101],[-98.17,8664978.4101],[-98.6,8664975.9901],[-99.55,8664973.9701],[-100.6499,8664972.0601],[-101.4699,8664969.89],[-101.8499,8664967.3701],[-101.8299,8664965.0301],[-101.88,8664962.0601],[-102.1399,8664959.1701],[-102.56,8664956.9801],[-102.92,8664954.4],[-102.94,8664951.5701],[-103.0899,8664948.9901],[-103.3299,8664946.1301],[-103.5299,8664942.7401],[-103.9499,8664940.0301],[-104.32,8664936.96],[-104.68,8664933.7801],[-105.11,8664930.8201],[-105.6999,8664927.9801],[-106.2799,8664925.3201],[-106.68,8664922.7501],[-106.8599,8664920.09],[-107.25,8664917.51],[-107.68,8664914.6101],[-108.31,8664912.46],[-109.4599,8664910.3301],[-111.3399,8664908.4901],[-113.36,8664907.1301],[-115.23,8664906.0001],[-115.7099,8664903.1401],[-114.2199,8664901.5001],[-112.1499,8664900.3101],[-110.04,8664899.3001],[-108.26,8664897.83],[-108.0499,8664895.51],[-110.5899,8664894.9101],[-113.54,8664894.6601],[-116.4099,8664894.6101],[-119.0499,8664894.5601],[-122.3499,8664894.33],[-125.55,8664894.1101],[-128.3399,8664893.89],[-130.7199,8664894.0101],[-133.49,8664894.8501],[-136.23,8664895.3201],[-138.67,8664895.08],[-140.87,8664894.3001],[-142.8,8664893.4901],[-144.8399,8664892.9401],[-147.44,8664893.4201],[-149.74,8664894.6101],[-152.0199,8664895.9301],[-154.0,8664897.2001],[-155.99,8664898.2101],[-158.2699,8664897.8801],[-159.7299,8664896.2801],[-160.07,8664893.8701],[-160.05,8664890.8101],[-159.99,8664887.8201],[-159.6499,8664884.8601],[-158.5299,8664882.3901],[-156.3999,8664880.2801],[-153.6399,8664879.1301],[-151.23,8664879.1601],[-148.74,8664879.2801],[-146.07,8664879.3601],[-142.7699,8664879.7701],[-139.9599,8664880.3801],[-136.9999,8664880.8501],[-133.4499,8664881.2401],[-130.35,8664881.8101],[-127.74,8664882.1001],[-124.99,8664882.2901],[-122.5499,8664882.5901],[-120.13,8664882.95],[-117.8899,8664883.2401],[-115.54,8664883.1701],[-113.1099,8664882.7501],[-110.75,8664881.8101],[-108.6999,8664880.59],[-106.94,8664879.46],[-104.3,8664878.2801],[-101.9799,8664877.5601],[-99.49,8664875.9701],[-97.68,8664874.7801],[-95.3,8664874.15],[-92.69,8664874.39],[-90.48,8664875.14],[-88.6899,8664876.2],[-86.7199,8664877.2801],[-84.6599,8664878.5601],[-83.7199,8664880.8501],[-85.51,8664881.95],[-88.0199,8664883.3201],[-89.94,8664885.0401],[-90.2999,8664887.8801],[-89.1999,8664889.7301],[-88.04,8664891.8801],[-87.3899,8664894.1401],[-87.25,8664896.6301],[-87.43,8664899.9101],[-88.0299,8664902.95],[-88.6999,8664905.6901],[-89.0,8664908.9701],[-89.05,8664912.2],[-89.0799,8664915.4801],[-88.7999,8664918.6201],[-88.37,8664921.7901],[-87.73,8664925.0601],[-86.6999,8664927.6301],[-85.6599,8664930.3501],[-85.3399,8664933.14],[-85.3499,8664935.8601],[-85.43,8664938.2301],[-85.6399,8664940.8001],[-85.9099,8664943.14],[-85.9499,8664945.9201],[-85.4599,8664948.8201],[-84.5099,8664951.4001],[-83.4799,8664953.7301],[-82.4499,8664955.6601],[-81.3399,8664957.46],[-80.7199,8664959.7301],[-80.75,8664962.4301],[-81.2799,8664964.7301],[-81.6,8664966.8601],[-81.86,8664969.8501],[-82.25,8664972.9201],[-82.49,8664975.5501],[-82.4399,8664978.27],[-82.26,8664981.26],[-82.0899,8664983.84],[-81.94,8664986.2201],[-81.9099,8664988.58],[-81.87,8664991.0001],[-81.7799,8664993.7401],[-81.51,8664996.7401],[-81.0999,8664999.33],[-80.5899,8665001.6801],[-79.92,8665004.1101],[-79.13,8665006.5801],[-78.3499,8665009.3001],[-77.4499,8665011.9301],[-76.51,8665014.2901],[-75.79,8665016.6301],[-74.49,8665019.3401],[-72.69,8665021.8501],[-70.5299,8665023.9301],[-68.5899,8665025.3001],[-67.17,8665026.7201],[-65.2799,8665028.8001],[-63.42,8665029.65],[-61.0799,8665030.2101],[-58.5699,8665030.6201],[-56.31,8665031.0401],[-53.92,8665031.7901],[-50.82,8665032.4801],[-48.1209,8665033.1343],[-47.85,8665033.2],[-45.2199,8665033.76],[-44.986,8665033.8138],[-42.26,8665034.4401],[-39.29,8665035.1301],[-36.99,8665036.1601],[-34.69,8665037.3601],[-32.32,8665038.1501],[-30.0799,8665038.64],[-28.07,8665039.0001],[-25.43,8665039.2501],[-23.2099,8665039.3501],[-20.81,8665039.3801],[-18.1399,8665039.51],[-15.49,8665039.83],[-13.0199,8665040.0401],[-10.54,8665040.39],[-8.1399,8665040.7501],[-5.25,8665041.3501],[-2.3399,8665042.21],[0.0401,8665042.8701],[2.1601,8665043.58],[4.3701,8665044.2901],[7.15,8665044.6401],[9.93,8665045.02],[12.2901,8665045.4],[14.9,8665045.76],[17.5401,8665046.2901],[22.7301,8665046.83],[24.7901,8665047.1101],[27.08,8665047.3701],[29.5801,8665047.7001],[31.9701,8665048.0101],[34.4701,8665048.1701],[37.14,8665048.3001],[39.81,8665048.4301],[42.95,8665048.5801],[46.4201,8665048.7501],[49.6101,8665048.9101],[52.8601,8665049.09],[55.57,8665049.2],[58.26,8665048.8201],[61.0301,8665048.0501],[63.8501,8665048.0401],[66.56,8665048.2],[69.1401,8665048.1301],[72.0501,8665047.5401],[74.6101,8665047.26],[77.3001,8665046.8001],[79.7001,8665046.01],[82.24,8665044.9801],[85.0401,8665043.71],[88.24,8665042.8701],[91.52,8665042.1301],[95.3401,8665041.6301],[97.4801,8665041.6601],[99.5501,8665041.7301],[103.1101,8665041.8201],[107.0401,8665042.0001],[109.08,8665042.0901],[112.62,8665042.0501],[116.06,8665041.6301],[118.08,8665041.27],[120.2801,8665040.8001],[122.6601,8665040.03],[124.87,8665039.15],[128.2201,8665037.7301],[131.19,8665036.4901],[134.2801,8665035.0701],[136.8224,8665034.2117],[137.39,8665034.02],[141.2,8665033.5901],[145.12,8665033.6201],[147.1501,8665033.7801],[150.83,8665033.9701],[154.27,8665033.6201],[157.6701,8665032.4701],[160.8501,8665030.6601],[164.2901,8665028.64],[167.6701,8665027.3901],[171.1001,8665025.7901],[174.07,8665025.1701],[177.02,8665025.1901],[-179.51,8665025.45],[-175.6999,8665026.3401],[-173.81,8665027.0201],[-171.88,8665027.8001],[-170.0,8665028.5501],[-166.7199,8665029.5501],[-163.3399,8665030.26],[-159.86,8665030.8501],[-155.9599,8665030.5401],[-154.01,8665029.9901],[-152.0899,8665029.4101],[-150.1399,8665028.77],[-148.12,8665028.2501],[-144.57,8665027.3501],[-140.76,8665026.46],[-137.0899,8665026.28],[-133.35,8665026.46],[-129.3,8665026.2301],[-127.2699,8665025.8501],[-125.1999,8665025.5501],[-123.1399,8665025.3901],[-119.24,8665025.2],[-115.8899,8665025.02],[-112.87,8665025.0601],[-109.6399,8665024.76],[-106.4799,8665024.2501],[-103.2099,8665023.3701],[-100.1599,8665022.65],[-97.4699,8665021.6201],[-94.92,8665020.58],[-92.2799,8665019.5301],[-89.04,8665018.3601],[-85.76,8665017.8001],[-82.6299,8665018.2201],[-79.4499,8665018.6301],[-78.4493,8665018.6739],[-75.8,8665018.7901],[-72.7199,8665018.7201],[-69.8011,8665018.7627],[-69.2999,8665018.7701],[-67.31,8665018.1901],[-65.1399,8665017.7801],[-62.5199,8665017.3201],[-59.5199,8665016.9201],[-56.35,8665016.5301],[-53.32,8665016.1901],[-49.9099,8665015.52],[-45.9999,8665014.95],[-42.8299,8665014.4201],[-39.7799,8665013.6601],[-35.9099,8665012.9601],[-33.79,8665012.7301],[-31.75,8665012.53],[-29.5799,8665012.3201],[-27.4799,8665012.1201],[-23.43,8665011.7801],[-21.2999,8665011.58],[-17.68,8665011.0901],[-14.1499,8665010.8901],[-10.5299,8665011.0401],[-6.79,8665011.28],[-4.68,8665011.46],[-2.5,8665011.6601],[-0.2799,8665011.7801],[2.06,8665011.7901],[4.1701,8665011.5601],[6.2001,8665011.1301],[8.2301,8665010.4101],[10.2201,8665009.6001],[12.4701,8665008.9],[14.69,8665008.3401],[17.01,8665007.8201],[19.21,8665007.27],[21.2301,8665006.6601],[23.26,8665006.08],[25.49,8665005.6301],[27.64,8665005.6201],[29.6701,8665005.84],[33.68,8665006.6201],[35.96,8665007.0401],[38.2301,8665007.3001],[40.5901,8665007.3801],[42.9701,8665007.14],[45.37,8665006.53],[47.8501,8665005.7201],[50.1001,8665004.7101],[52.33,8665003.5701],[54.6101,8665002.51],[56.9801,8665001.4],[59.45,8665000.1701],[61.99,8664998.9001],[64.4401,8664997.7],[66.9701,8664996.6801],[69.6701,8664995.9801],[72.3501,8664995.4401],[74.7101,8664995.0001],[78.5401,8664994.8001],[80.57,8664994.9401],[82.6501,8664995.15],[84.7301,8664995.4401],[88.49,8664996.0501],[91.77,8664996.52],[94.96,8664996.84],[98.2901,8664996.1001],[99.7391,8664995.3453],[101.1701,8664994.6001],[104.3401,8664992.5201],[107.76,8664990.7401],[111.27,8664989.0901],[113.2,8664988.4201],[115.4201,8664988.0801],[117.9101,8664987.9901],[120.69,8664988.0701],[123.39,8664988.1801],[125.4101,8664988.2901],[129.0,8664988.4301],[132.5501,8664987.96],[135.8001,8664987.4201],[138.1201,8664986.6101],[140.2301,8664985.27],[142.7301,8664984.4501],[145.0701,8664984.3801],[147.4001,8664984.0501],[149.7801,8664983.33],[152.2901,8664982.5401],[154.6101,8664982.1201],[156.8501,8664981.4101],[159.9601,8664980.3601],[163.56,8664979.8101],[167.1701,8664980.0601],[170.69,8664980.3201],[173.01,8664980.4001],[175.69,8664980.1701],[-179.73,8664978.89],[-176.44,8664977.9801],[-173.5199,8664976.7901],[-170.7099,8664975.59],[-169.7065,8664975.0987],[-167.81,8664974.1701],[-164.94,8664972.8301],[-161.92,8664971.95],[-158.75,8664971.4101],[-155.57,8664971.64],[-152.55,8664971.9],[-149.5199,8664972.21],[-146.5299,8664972.5401],[-143.5199,8664972.8101],[-140.37,8664972.95],[-137.32,8664972.71],[-134.2799,8664972.0301],[-131.6599,8664970.4901],[-129.38,8664968.3201],[-127.1599,8664966.0701],[-124.7699,8664964.2201],[-122.2099,8664962.6101],[-119.9999,8664962.0701],[-119.1599,8664961.8701],[-116.1299,8664961.8001],[-112.9399,8664962.0501],[-109.8899,8664962.4201],[-106.92,8664963.1901],[-103.62,8664964.2201],[-100.5299,8664964.39],[-97.4499,8664963.8601],[-94.29,8664962.1701],[-91.6199,8664960.4401],[-88.8999,8664958.6901],[-86.11,8664956.8801],[-83.1599,8664955.5401],[-79.9599,8664954.9001],[-76.7299,8664954.9401],[-73.56,8664955.09],[-69.92,8664955.4],[-66.7599,8664955.6801],[-63.5799,8664955.95],[-60.3999,8664956.1301],[-57.1699,8664956.2],[-53.8,8664955.9101],[-50.76,8664955.2401],[-47.98,8664953.9201],[-45.9699,8664951.6701],[-43.75,8664949.5301],[-41.06,8664947.8501],[-38.0899,8664946.9401],[-34.8999,8664946.3701],[-31.75,8664946.4901],[-28.6599,8664946.8801],[-25.29,8664947.5501],[-22.2999,8664947.8801],[-19.06,8664947.7901],[-15.98,8664947.3501],[-12.8999,8664946.9401],[-9.6599,8664946.5001],[-6.7199,8664945.8601],[-3.75,8664945.1101],[-0.9199,8664943.8701],[1.4401,8664941.9901],[3.82,8664939.9201],[6.9,8664938.3201],[10.0801,8664938.0901],[13.3001,8664938.3701],[16.44,8664938.7201],[19.5301,8664939.08],[22.5801,8664939.3701],[25.69,8664939.65],[28.87,8664939.9701],[31.99,8664939.95],[34.9201,8664939.2801],[37.8401,8664938.1601],[40.6701,8664937.09],[43.74,8664936.5601],[46.8601,8664936.0901],[49.7901,8664935.1801],[52.69,8664933.9901],[55.33,8664932.45],[57.8901,8664930.7201],[60.71,8664929.4701],[63.74,8664929.0501],[66.75,8664929.09],[70.5301,8664929.4501],[73.74,8664929.7401],[76.76,8664929.6901],[79.7301,8664928.52],[82.4601,8664927.1001],[85.5501,8664926.0801],[88.39,8664924.9601],[91.3101,8664924.02],[94.25,8664923.2901],[97.43,8664923.1601],[100.49,8664923.5301],[103.56,8664924.0401],[107.2301,8664924.3101],[110.2201,8664923.9001],[113.26,8664922.9101],[116.15,8664921.45],[118.9601,8664920.2801],[121.6601,8664918.83],[123.88,8664916.7101],[126.7201,8664915.3801],[129.75,8664915.09],[132.9201,8664915.3001],[136.12,8664915.5701],[139.1701,8664915.76],[142.2201,8664915.5001],[145.3201,8664914.9301],[148.06,8664913.6001],[150.8501,8664912.1801],[153.76,8664910.7701],[156.7401,8664909.96],[159.82,8664909.6001],[162.71,8664908.6401],[165.31,8664906.9301],[167.7901,8664904.9401],[170.57,8664903.0401],[173.18,8664901.3201],[176.01,8664900.0001],[178.96,8664898.95],[-177.9699,8664898.0001],[-174.9499,8664897.7401],[-171.9799,8664898.4201],[-168.9499,8664899.4201],[-166.0299,8664900.1301],[-162.8899,8664900.45],[-159.75,8664900.7301],[-156.6699,8664901.02],[-153.4599,8664900.76],[-150.43,8664900.1901],[-147.3299,8664899.3701],[-144.25,8664898.7],[-141.5,8664897.3701],[-138.29,8664895.76],[-135.61,8664893.9801],[-132.6199,8664892.7501],[-130.1779,8664892.8629],[-129.5899,8664892.89],[-126.6499,8664894.02],[-123.6699,8664895.64],[-120.6299,8664896.2],[-117.51,8664895.9001],[-114.48,8664894.9],[-111.69,8664893.6701],[-108.9699,8664892.3501],[-105.92,8664891.7501],[-102.8,8664891.15],[-99.7999,8664890.5501],[-96.6999,8664890.26],[-93.67,8664890.1201],[-90.56,8664889.6101],[-87.5799,8664889.0501],[-84.43,8664889.0401],[-81.11,8664888.4401],[-78.1,8664887.8101],[-75.04,8664887.8901],[-71.98,8664887.59],[-68.44,8664886.8101],[-65.4799,8664885.8101],[-62.5999,8664884.7201],[-59.5799,8664883.6801],[-56.6099,8664883.0301],[-53.62,8664882.76],[-50.42,8664882.26],[-47.3399,8664881.7401],[-44.25,8664880.9801],[-41.2999,8664879.7701],[-38.69,8664878.01],[-35.73,8664876.8201],[-32.9199,8664875.71],[-30.0,8664874.4101],[-27.07,8664873.4601],[-24.0299,8664872.4701],[-21.07,8664871.5901],[-18.12,8664870.6301],[-15.2099,8664869.59],[-12.2199,8664868.7301],[-9.01,8664868.5501],[-5.96,8664868.83],[-2.94,8664869.1701],[0.15,8664869.3401],[3.31,8664868.89],[6.3401,8664868.1101],[9.49,8664867.0701],[12.39,8664866.01],[15.14,8664864.7301],[17.56,8664862.9201],[19.65,8664860.7501],[22.07,8664858.9201],[28.19,8664855.7901],[35.19,8664852.0001],[38.02,8664850.8601],[40.94,8664849.9301],[50.26,8664848.3701],[59.71,8664846.4101],[68.6501,8664843.8201],[71.64,8664843.01],[74.6701,8664842.7],[80.94,8664842.8701],[83.9901,8664842.8101],[87.1601,8664842.45],[90.1301,8664841.4401],[92.82,8664839.8201],[95.6501,8664838.4901],[98.58,8664837.3101],[104.58,8664836.1],[107.68,8664835.26],[113.9501,8664831.8601],[116.82,8664830.6301],[120.02,8664829.9801],[122.8501,8664828.46],[125.8301,8664827.2301],[129.24,8664826.77],[135.4101,8664826.77],[141.7801,8664826.46],[145.1501,8664826.08],[148.5301,8664825.4],[160.5901,8664821.6001],[163.51,8664820.58],[169.18,8664818.0401],[172.0,8664816.9],[176.8301,8664812.8601],[-177.5199,8664810.1101],[-172.1699,8664806.9401],[-169.1599,8664806.1001],[-163.01,8664805.26],[-157.0199,8664803.8101],[-150.55,8664802.9201],[-144.63,8664801.77],[-135.5899,8664799.52],[-123.749,8664796.0689],[-118.9742,8664794.6773],[-117.68,8664794.3001],[-117.4667,8664794.2144],[-114.8899,8664793.1801],[-112.32,8664791.59],[-104.6399,8664787.9301],[-101.62,8664786.9201],[-91.9799,8664785.0601],[-85.42,8664783.2901],[-76.12,8664781.51],[-66.88,8664778.58],[-63.75,8664777.6601],[-53.44,8664776.1801],[-40.7699,8664773.4701],[-37.5799,8664772.71],[-22.7699,8664767.01],[-19.6699,8664765.8001],[-16.5899,8664764.2],[-14.55,8664761.8501],[-12.1399,8664760.0301],[-8.9699,8664758.9401],[-6.4879,8664758.4624],[-5.8,8664758.3301],[-2.85,8664757.64],[4.7244,8664753.8403],[6.2,8664753.1001],[9.14,8664752.2301],[14.8501,8664749.4901],[15.8457,8664748.9478],[19.2127,8664747.1141],[20.3401,8664746.5001],[23.0,8664745.1001],[25.71,8664743.5701],[31.0201,8664740.33],[35.21,8664735.6201],[38.0501,8664734.0701],[41.15,8664733.0501],[44.12,8664732.4],[47.25,8664731.9401],[53.65,8664732.4401],[60.14,8664731.9],[73.13,8664727.39],[85.0501,8664723.8801],[90.76,8664721.1701],[96.75,8664719.4101],[102.5,8664716.77],[108.38,8664715.09],[111.43,8664713.76],[119.81,8664708.5001],[122.3901,8664706.7301],[125.19,8664705.1001],[131.0401,8664703.3001],[137.43,8664702.58],[146.5201,8664701.1101],[153.08,8664700.1201],[156.06,8664699.4801],[158.9801,8664698.26],[161.3401,8664696.02],[163.71,8664693.8101],[166.7,8664692.34],[172.9901,8664690.71],[-177.63,8664689.2901],[-171.4499,8664687.9],[-168.42,8664686.7901],[-165.51,8664685.2801],[-162.74,8664683.4701],[-158.1399,8664679.3801],[-155.6399,8664677.14],[-153.18,8664675.3001],[-150.6499,8664673.64],[-142.06,8664670.4301],[-139.11,8664669.7401],[-132.8399,8664669.9201],[-123.94,8664669.09],[-115.73,8664667.64],[-107.5199,8664668.1301],[-101.25,8664668.1301],[-93.04,8664665.7101],[-89.6599,8664664.27],[-87.24,8664662.8201],[-78.5499,8664660.89],[-70.8299,8664658.4701],[-63.5899,8664656.5401],[-57.31,8664655.5701],[-48.62,8664655.09],[-39.4499,8664652.1901],[-32.1999,8664648.3301],[-26.8899,8664644.95],[-18.1999,8664639.6401],[-3.23,8664634.33],[6.9,8664631.4301],[11.7301,8664630.95],[18.4901,8664631.4301],[25.867,8664633.111],[29.1101,8664633.8501],[35.39,8664634.33],[41.6701,8664634.8101],[50.3601,8664632.4001],[58.08,8664629.9801],[63.3901,8664627.09],[73.5301,8664623.71],[76.2803,8664622.5984],[88.5008,8664617.6591],[89.2901,8664617.34],[91.2901,8664616.0701],[92.7901,8664614.5201],[94.5,8664613.1301],[96.6801,8664611.58],[98.31,8664610.2901],[99.69,8664608.7501],[101.1901,8664607.1701],[102.71,8664605.76],[104.4701,8664604.4101],[106.3001,8664603.1901],[108.7801,8664601.9901],[110.8701,8664601.2801],[112.8601,8664600.52],[114.71,8664599.6701],[116.9701,8664598.6301],[118.87,8664597.8401],[120.76,8664597.1701],[122.8501,8664596.5501],[125.7901,8664595.83],[127.9,8664595.3101],[129.9701,8664594.6601],[132.4801,8664593.7],[134.4701,8664592.9],[136.3901,8664591.9701],[138.2401,8664590.9901],[140.07,8664589.8801],[141.8001,8664588.8701],[143.5301,8664587.7901],[144.9701,8664586.7101],[146.6401,8664585.14],[148.15,8664583.8101],[150.07,8664582.8601],[152.1101,8664582.1301],[154.1201,8664581.3201],[156.06,8664580.5301],[158.14,8664579.8801],[160.1701,8664579.1101],[162.1501,8664578.26],[164.07,8664577.52],[166.2001,8664576.9701],[168.24,8664576.5301],[170.9201,8664575.95],[173.0501,8664575.4201],[175.08,8664574.84],[177.68,8664573.6601],[179.7201,8664572.2501],[-178.88,8664571.1801],[-177.24,8664570.01],[-175.42,8664569.0901],[-173.29,8664568.02],[-171.11,8664567.2401],[-169.11,8664566.6701],[-167.1499,8664566.0301],[-164.9099,8664565.0701],[-163.0299,8664564.1301],[-161.05,8664563.4301],[-159.1299,8664562.8101],[-157.0899,8664562.1901],[-155.18,8664561.59],[-153.1699,8664560.9201],[-151.26,8664560.2401],[-149.2799,8664559.51],[-147.3299,8664558.71],[-145.4499,8664557.8201],[-143.0499,8664556.6401],[-141.23,8664555.5701],[-139.4099,8664554.4801],[-137.63,8664553.21],[-136.04,8664552.4],[-134.1599,8664551.6601],[-132.23,8664550.7301],[-130.51,8664549.7],[-128.61,8664548.6301],[-126.5299,8664548.0301],[-124.43,8664547.5901],[-122.3399,8664547.2301],[-120.37,8664546.4901],[-118.2099,8664545.3701],[-116.31,8664544.5501],[-114.19,8664543.8301],[-112.44,8664543.1201],[-110.1399,8664542.0001],[-108.0299,8664540.9901],[-106.07,8664540.3001],[-104.0299,8664539.7401],[-102.05,8664539.1201],[-99.8399,8664538.2401],[-98.0399,8664537.6301],[-95.94,8664537.15],[-93.88,8664536.5301],[-91.76,8664535.71],[-89.85,8664534.8701],[-88.0699,8664533.9201],[-86.3299,8664532.8701],[-84.5699,8664531.7201],[-82.54,8664530.4801],[-80.6499,8664529.7101],[-78.87,8664528.7001],[-77.11,8664527.6001],[-75.3299,8664526.4701],[-73.2599,8664525.08],[-71.51,8664524.1101],[-69.6499,8664523.2201],[-67.81,8664522.3001],[-65.99,8664521.2401],[-64.35,8664519.9701],[-62.81,8664518.5701],[-61.2199,8664517.1901],[-59.37,8664516.1901],[-57.3999,8664515.3601],[-55.3999,8664514.6901],[-53.5299,8664513.9701],[-51.4199,8664512.9801],[-49.76,8664511.77],[-48.2199,8664510.2301],[-46.73,8664508.6001],[-45.23,8664507.1901],[-43.55,8664506.0301],[-41.6999,8664504.9001],[-40.04,8664503.7801],[-38.3499,8664502.46],[-36.7799,8664501.0701],[-34.8,8664499.76],[-32.9199,8664498.5801],[-31.12,8664497.4901],[-29.3299,8664496.4701],[-27.3999,8664495.4801],[-25.4099,8664494.7501],[-23.44,8664494.2],[-21.4599,8664493.46],[-19.5599,8664492.3801],[-17.8499,8664491.1301],[-15.56,8664489.7301],[-13.76,8664488.8201],[-11.7499,8664487.9301],[-9.8599,8664487.2],[-7.92,8664486.58],[-5.9099,8664486.0601],[-3.8,8664485.6001],[-1.7599,8664485.2901],[1.06,8664484.8801],[3.24,8664484.3101],[5.2301,8664483.7901],[7.3601,8664483.1101],[9.3001,8664482.33],[11.21,8664481.4801],[13.19,8664480.6101],[15.19,8664479.9701],[17.1001,8664479.3501],[19.0,8664478.7201],[20.6701,8664478.0001],[22.5201,8664477.0301],[24.4801,8664476.6101],[26.6201,8664476.4901],[28.6601,8664476.1901],[30.6701,8664475.8001],[31.6242,8664475.5819],[32.77,8664475.3201],[34.8401,8664474.7901],[36.81,8664474.3101],[38.8901,8664473.7901],[40.9801,8664473.3401],[43.2901,8664473.1001],[45.2901,8664473.0301],[47.3201,8664472.7301],[49.39,8664472.1101],[51.3901,8664471.45],[53.31,8664470.4901],[55.0801,8664469.4701],[56.5901,8664468.0201],[57.5901,8664466.51],[58.75,8664464.77],[59.8601,8664463.0601],[61.06,8664461.3201],[62.4,8664459.6401],[63.8001,8664458.0401],[64.8401,8664456.5501],[65.2701,8664454.5501],[65.38,8664452.5401],[65.82,8664450.5001],[66.89,8664448.6901],[68.52,8664447.5001],[70.44,8664446.4901],[72.39,8664445.65],[74.96,8664444.6101],[77.02,8664444.0201],[79.18,8664443.59],[81.6001,8664443.46],[83.7301,8664443.0901],[85.6201,8664442.3801],[87.5401,8664441.6301],[89.5801,8664441.0701],[91.6101,8664441.1201],[93.7201,8664441.2301],[95.7901,8664441.3501],[97.95,8664441.4801],[100.0301,8664441.7901],[102.0501,8664442.4101],[104.08,8664443.0701],[106.1601,8664443.2901],[107.96,8664443.4001],[109.9301,8664443.8001],[111.9801,8664443.76],[113.8401,8664442.9],[115.7901,8664442.0301],[118.13,8664441.0501],[119.9201,8664440.1101],[121.82,8664439.3801],[124.2,8664438.46],[126.0301,8664437.4],[127.8601,8664436.4201],[129.69,8664435.4701],[131.6001,8664434.7],[133.46,8664433.9301],[135.3001,8664432.9901],[137.0901,8664431.9201],[138.81,8664430.8501],[140.6201,8664429.9101],[142.52,8664429.2501],[144.49,8664428.7201],[146.57,8664428.1001],[148.64,8664427.4201],[150.7,8664426.6301],[152.6601,8664425.9201],[154.69,8664425.3801],[157.0401,8664425.4201],[159.1001,8664425.3701],[161.0901,8664424.7901],[162.7701,8664423.59],[163.8001,8664421.7501],[165.0901,8664420.14],[166.83,8664418.95],[168.6701,8664417.59],[170.2901,8664416.33],[172.33,8664415.8201],[174.33,8664415.9201],[176.32,8664415.34],[178.3401,8664414.2],[-179.9799,8664412.9],[-178.3999,8664411.6601],[-176.31,8664410.2],[-174.4699,8664409.3201],[-172.56,8664408.7201],[-169.61,8664407.95],[-167.56,8664407.33],[-165.8999,8664406.59],[-163.6599,8664405.5401],[-161.75,8664404.65],[-159.9099,8664403.84],[-157.7699,8664402.5601],[-155.87,8664401.3601],[-154.12,8664400.3501],[-151.5799,8664399.2801],[-149.7099,8664398.4901],[-147.87,8664397.58],[-145.9099,8664395.8701],[-144.56,8664394.3101],[-143.0599,8664392.7901],[-141.18,8664391.8101],[-139.4799,8664391.39],[-137.44,8664390.96],[-135.4599,8664390.4001],[-133.5199,8664389.6901],[-131.61,8664389.0601],[-129.5999,8664388.51],[-127.61,8664387.9201],[-125.67,8664387.33],[-123.5699,8664386.7901],[-121.56,8664386.77],[-119.4699,8664386.8801],[-117.3199,8664386.8201],[-116.6117,8664385.838],[-116.1299,8664385.1701],[-115.9616,8664383.4699],[-115.93,8664383.15],[-114.92,8664381.4],[-113.11,8664380.0201],[-111.0499,8664379.59],[-109.04,8664379.65],[-106.9699,8664379.65],[-104.99,8664379.1601],[-103.12,8664378.2501],[-101.23,8664376.5601],[-99.5799,8664375.3801],[-97.9099,8664374.1901],[-97.6401,8664374.0322],[-96.1499,8664373.1601],[-94.49,8664372.5001],[-92.49,8664371.83],[-89.8499,8664370.7201],[-88.01,8664369.8001],[-86.0399,8664368.96],[-84.2099,8664368.7901],[-82.1499,8664368.6801],[-80.35,8664368.77],[-78.24,8664368.8901],[-76.1999,8664369.0001],[-74.13,8664369.1101],[-72.0199,8664369.2301],[-70.1999,8664369.3201],[-68.19,8664369.3101],[-66.0299,8664368.9301],[-63.7099,8664368.15],[-61.85,8664367.2401],[-60.07,8664366.15],[-58.42,8664364.9901],[-56.6899,8664363.7001],[-54.9099,8664362.5001],[-52.9699,8664361.58],[-51.1899,8664360.6101],[-49.44,8664359.3201],[-47.6899,8664358.27],[-45.7099,8664357.5801],[-43.75,8664356.7301],[-42.0199,8664355.6701],[-40.3499,8664354.4],[-38.5599,8664353.2301],[-36.6899,8664352.15],[-34.8999,8664351.02],[-33.1099,8664349.9001],[-31.3399,8664348.8601],[-29.6099,8664347.7301],[-27.73,8664346.2401],[-26.07,8664345.0301],[-24.51,8664344.08],[-22.6999,8664343.02],[-20.9699,8664341.95],[-19.13,8664340.9901],[-17.12,8664340.3201],[-15.3899,8664340.15],[-13.32,8664340.27],[-11.3,8664340.3801],[-9.26,8664340.4201],[-7.2999,8664339.9601],[-5.29,8664339.26],[-3.43,8664338.21],[-1.5099,8664337.52],[0.7801,8664337.1701],[2.7101,8664336.5901],[4.7101,8664335.9201],[6.6101,8664335.2501],[8.9,8664334.33],[10.7401,8664333.21],[12.38,8664331.9301],[13.9501,8664330.58],[15.4701,8664329.1901],[17.2701,8664327.39],[18.68,8664325.9301],[20.3001,8664324.64],[22.1101,8664323.5601],[23.9801,8664322.6201],[25.8401,8664321.6501],[27.63,8664320.6901],[29.94,8664319.4901],[30.2127,8664319.3807],[30.218,8664319.3786],[31.8602,8664318.7201],[32.4013,8664318.5685],[33.8601,8664318.1601],[35.9501,8664318.0601],[38.01,8664317.9601],[40.13,8664317.6701],[42.0701,8664317.1201],[44.0301,8664316.2801],[45.9,8664315.4101],[47.82,8664314.6601],[50.07,8664313.4701],[51.6701,8664312.0401],[52.448,8664311.1286],[53.0101,8664310.4701],[54.8001,8664308.5101],[56.1401,8664306.9101],[57.3201,8664305.2801],[58.7902,8664303.4901],[60.2701,8664301.9902],[61.9401,8664301.3101],[64.1501,8664301.2001],[66.2301,8664300.7802],[68.1801,8664299.9701],[70.0901,8664299.0101],[71.9402,8664298.1302],[74.2802,8664297.6102],[76.3702,8664297.6102],[78.4501,8664297.7101],[79.2834,8664297.7183],[80.4801,8664297.7301],[82.58,8664297.51],[84.6101,8664297.14],[86.63,8664296.5301],[88.65,8664296.1601],[90.8001,8664295.8701],[92.9,8664295.3501],[94.8001,8664294.6801],[96.88,8664294.0601],[98.9701,8664293.4701],[100.9,8664292.8801],[102.8301,8664292.1501],[104.8501,8664291.4801],[106.7701,8664290.89],[108.6601,8664290.1801],[109.0336,8664290.1283],[110.68,8664289.9],[112.6901,8664289.5001],[114.6101,8664288.7401],[116.33,8664287.59],[116.609,8664287.3169],[117.7801,8664286.1701],[119.25,8664284.5301],[120.81,8664283.1001],[122.4201,8664281.7901],[124.1601,8664280.6301],[126.0001,8664279.7901],[128.01,8664279.1101],[130.0401,8664278.6101],[132.1101,8664278.1101],[134.1201,8664277.6901],[136.2201,8664277.6101],[138.2301,8664277.7201],[140.0,8664277.5401],[141.94,8664276.83],[143.74,8664275.8801],[145.2301,8664274.4901],[146.74,8664272.9801],[148.56,8664272.1001],[150.69,8664271.39],[152.6601,8664270.6601],[154.6401,8664270.0501],[156.6101,8664269.64],[158.65,8664269.39],[160.6601,8664268.7501],[162.5401,8664267.8401],[164.56,8664266.9],[166.45,8664266.2401],[168.2801,8664265.2],[170.0501,8664264.0301],[171.83,8664262.9701],[173.6701,8664261.9501],[175.5001,8664261.08],[176.6765,8664260.4383],[177.26,8664260.1201],[179.33,8664258.6701],[-178.87,8664257.64],[-177.06,8664256.5401],[-175.49,8664255.2901],[-175.208,8664255.0623],[-173.93,8664254.0301],[-171.9699,8664253.3701],[-169.86,8664253.0701],[-167.94,8664252.27],[-166.37,8664251.0301],[-164.7199,8664250.5401],[-160.7899,8664250.4201],[-157.0499,8664250.4901],[-155.99,8664250.1301],[-153.31,8664248.9401],[-150.4499,8664247.5601],[-144.23,8664244.6901],[-140.1,8664243.26],[-127.6099,8664239.6101],[-120.3699,8664238.2],[-107.1999,8664236.2],[-104.1599,8664235.0501],[-102.4499,8664234.08],[-99.12,8664231.8101],[-97.87,8664231.3701],[-95.5099,8664231.4301],[-92.1899,8664229.1901],[-88.68,8664227.7301],[-84.04,8664226.14],[-80.8299,8664225.3701],[-72.4639,8664223.8814],[-71.2199,8664223.6601],[-66.0099,8664221.9301],[-55.93,8664217.7801],[-52.67,8664216.15],[-49.56,8664214.1701],[-43.5499,8664209.4801],[-40.24,8664207.45],[-29.6199,8664201.4901],[-27.63,8664200.8701],[-26.29,8664200.6301],[-25.26,8664200.5701],[-20.0999,8664200.64],[-16.7799,8664200.1301],[-13.3899,8664199.26],[-9.0799,8664197.76],[-4.88,8664195.9901],[3.3301,8664192.0501],[7.64,8664190.4201],[16.58,8664187.7901],[20.3201,8664186.2901],[31.64,8664180.9001],[34.99,8664180.08],[38.06,8664179.6801],[47.08,8664178.6001],[50.14,8664177.58],[56.52,8664174.8901],[60.8601,8664172.7401],[67.2801,8664168.9701],[73.81,8664164.3801],[76.43,8664163.15],[79.5501,8664162.0301],[90.5301,8664158.5401],[97.63,8664155.6601],[100.74,8664154.8601],[108.76,8664153.4001],[118.4701,8664150.8701],[122.88,8664149.4601],[125.58,8664148.2301],[134.14,8664143.71],[167.0801,8664129.5901],[178.81,8664123.3601],[-175.9599,8664119.9701],[-171.2099,8664117.46],[-136.7593,8664102.2912],[13.57,8664036.1001],[16.4201,8664034.6901],[23.6701,8664032.6201],[27.3601,8664030.58],[30.44,8664028.3201],[31.57,8664027.0401],[38.27,8664021.7501],[41.5401,8664019.6301],[44.2201,8664018.4301],[45.94,8664018.14],[55.45,8664018.1801],[58.0401,8664017.7801],[60.0,8664017.0601],[62.19,8664015.64],[66.58,8664011.95],[70.58,8664009.4201],[75.08,8664005.64],[80.18,8664002.4101],[82.5901,8664001.3501],[85.7919,8664000.129],[88.49,8663999.1001],[92.9753,8663997.4997],[94.1911,8663997.0659],[95.1987,8663996.7064],[103.12,8663993.8801],[116.8001,8663988.3601],[119.07,8663986.89],[121.13,8663985.2],[126.81,8663980.09],[129.8001,8663978.0001],[131.4801,8663977.26],[135.3501,8663976.14],[160.4201,8663969.4101],[165.4101,8663967.7201],[168.27,8663966.3601],[170.64,8663964.8601],[176.96,8663960.5601],[-170.98,8663953.4],[-163.75,8663949.7901],[-158.8999,8663946.83],[-155.55,8663945.3801],[-150.11,8663943.5001],[-142.94,8663941.6001],[-140.32,8663940.4],[-135.93,8663937.89],[-130.12,8663933.9401],[-129.1335,8663933.4923],[-127.3,8663932.6601],[-120.4499,8663929.95],[-114.86,8663926.89],[-111.0299,8663925.2801],[-101.0199,8663922.1001],[-97.6399,8663920.4101],[-97.2475,8663920.1746],[-92.5899,8663917.3801],[-86.67,8663913.1001],[-84.84,8663912.1851],[-84.07,8663911.8001],[-75.13,8663907.7301],[-66.57,8663902.71],[-61.9499,8663900.9301],[-58.81,8663900.1001],[-56.05,8663899.83],[-49.93,8663899.8701],[-47.37,8663899.52],[-45.5299,8663898.9101],[-42.8299,8663897.6801],[-35.1399,8663893.9301],[-33.2329,8663892.7991],[-28.5299,8663890.01],[-24.9599,8663887.4201],[-19.4699,8663882.9101],[-16.55,8663881.1701],[-14.74,8663880.65],[-14.54,8663880.6301],[-14.36,8663880.6201],[-14.17,8663880.6201],[-13.98,8663880.6201],[-13.76,8663880.6301],[-13.57,8663880.6301],[-13.38,8663880.6301],[-13.19,8663880.6301],[-13.01,8663880.6301],[-12.43,8663880.6301],[-12.25,8663880.6301],[-12.06,8663880.64],[-11.88,8663880.64],[-11.68,8663880.64],[-11.49,8663880.64],[-11.29,8663880.64],[-11.11,8663880.65],[-10.92,8663880.65],[-10.7099,8663880.64],[-10.5199,8663880.64],[-10.32,8663880.64],[-10.1399,8663880.6301],[-9.9499,8663880.6301],[-9.7199,8663880.6201],[-9.54,8663880.6001],[-9.3299,8663880.59],[-8.74,8663880.5301],[-8.5299,8663880.5001],[-8.3299,8663880.45],[-8.12,8663880.4201],[-7.92,8663880.3801],[-7.69,8663880.33],[-7.48,8663880.3001],[-7.26,8663880.2501],[-7.0299,8663880.1901],[-6.8,8663880.1201],[-6.56,8663880.08],[-6.32,8663880.01],[-6.0799,8663879.9301],[-5.81,8663879.8601],[-5.56,8663879.8001],[-5.29,8663879.71],[-5.0299,8663879.6301],[-4.76,8663879.5501],[-4.4699,8663879.46],[-4.1999,8663879.3701],[-3.94,8663879.2801],[-3.67,8663879.1801],[-3.3899,8663879.09],[-3.12,8663879.0001],[-2.85,8663878.9],[-2.5899,8663878.8101],[-2.32,8663878.7201],[-2.06,8663878.6201],[-1.8,8663878.52],[-1.5199,8663878.4301],[-0.76,8663878.14],[-0.5,8663878.0401],[-0.24,8663877.9401],[-0.01,8663877.8501],[126.4672,8663817.7993],[175.3587,8663795.2337],[166.5061,8663779.2281],[-114.1537,8663712.135],[91.6777,8663538.0761],[11.5903,8663482.0961],[-33.1079,8663277.0463],[73.6799,8663242.5701],[-114.9347,8663071.0133],[34.3359,8662964.9597],[-16.0639,8662835.9315],[160.5899,8662524.0703],[19.1525,8662479.0553],[80.0477,8662441.9169],[141.5081,8662443.0351],[70.7021,8662255.0533],[-86.7753,8662108.7727],[-105.0337,8662002.2317],[-1.3229,8661928.0287],[-27.9905,8661779.9255],[-131.1343,8661535.0707],[90.2175,8661457.0009],[134.7017,8661262.9651],[-131.5777,8661188.0329],[83.8023,8660941.9903],[-42.5291,8660695.8699],[101.6433,8660337.4657],[7.2049,8659812.9075],[128.2295,8659611.9659],[-147.8517,8659538.0371],[37.7873,8659483.0239],[105.9529,8659439.0163],[-144.4751,8659177.0445],[-133.9192,8659165.0128],[31.8331,8658976.0865],[159.4727,8658913.0735],[-73.4489,8658810.9399],[-12.2095,8658812.0457],[88.3145,8658763.0903],[-31.6559,8658486.1025],[60.5215,8658340.9457],[131.0209,8658229.9263],[-139.5799,8658161.0071],[-81.4535,8658151.0661],[147.2139,8657999.1209],[-136.0393,8657972.8941],[43.3941,8657806.9611],[176.1291,8657600.9159],[144.7047,8657395.3745],[141.5639,8657232.2425],[-65.9925,8657481.2059],[-80.7185,8657978.2265],[77.4323,8658323.9799],[84.3159,8658734.562],[-74.3141,8659101.9249],[62.2269,8659469.2879],[-96.8824,8660376.8906],[154.5903,8660830.6919],[-148.4233,8661370.9315],[-41.4376,8661646.788],[-4.9985,8661954.3905],[6.1695,8662099.7371],[-136.7593,8662159.2907],[-138.5509,8662160.0372],[-32.9749,8662266.0472],[166.5722,8662332.9026],[94.4722,8662362.9442],[37.7413,8662386.5821],[-1.7219,8662577.6297],[-99.2791,8662624.2875],[14.5331,8662910.5429],[-157.2242,8662991.6505],[163.8679,8663141.241],[55.9254,8663181.7194],[58.3923,8663315.7943],[-36.675,8663352.3587],[-61.5741,8663361.9352],[-63.2713,8663501.0497],[-143.4569,8663531.8903],[111.229,8663581.4498],[-102.907,8663682.2197],[-150.8199,8663704.7669],[-34.6157,8663788.5717],[-122.3267,8663942.4724],[-164.4873,8664081.0035],[37.7775,8664154.8218],[-40.0199,8664191.2301],[-39.0099,8664192.9801],[-39.24,8664195.3801],[-39.5482,8664196.487],[-32.0997,8664195.7165],[-27.7446,8664198.5161],[-27.25,8664197.3301],[-25.11,8664196.6],[-22.3399,8664197.4401],[-19.56,8664198.8801],[-15.6499,8664200.5501],[-12.98,8664201.46],[-10.31,8664202.45],[-7.43,8664203.48],[-4.2099,8664204.4601],[-0.66,8664205.3601],[2.5,8664206.1701],[5.63,8664207.0701],[9.2101,8664208.02],[12.57,8664208.9201],[15.95,8664209.7401],[19.2301,8664210.59],[22.62,8664211.5501],[25.75,8664212.46],[29.0,8664213.47],[32.8401,8664214.4701],[36.7301,8664215.4901],[40.31,8664216.5601],[43.93,8664217.6401],[47.39,8664218.59],[50.9201,8664219.51],[54.4701,8664220.3201],[58.3001,8664220.9],[61.5501,8664221.41],[65.0,8664221.9701],[68.65,8664222.5901],[71.88,8664223.3601],[75.06,8664224.3501],[78.49,8664225.53],[82.33,8664226.8101],[85.4901,8664228.15],[88.6601,8664229.5201],[92.0501,8664231.16],[95.0401,8664232.6301],[97.9601,8664233.8301],[101.14,8664234.7301],[104.75,8664235.5001],[107.88,8664236.22],[111.08,8664236.83],[114.6001,8664237.39],[118.26,8664238.01],[121.46,8664238.6101],[124.59,8664239.28],[128.4101,8664240.1901],[131.77,8664240.9401],[134.94,8664241.6401],[138.3301,8664242.6601],[141.8501,8664243.98],[144.7801,8664244.9801],[147.84,8664245.8701],[151.34,8664246.8301],[157.69,8664248.4],[160.9001,8664249.3601],[164.39,8664250.28],[167.31,8664251.2101],[170.52,8664251.9801],[174.0,8664252.72],[177.4001,8664253.71],[-179.48,8664254.9],[-176.2199,8664255.9701],[-172.62,8664257.09],[-169.7299,8664258.1701],[-166.8399,8664259.2201],[-163.7899,8664260.53],[-160.5,8664261.9201],[-157.86,8664263.28],[-155.11,8664264.6101],[-152.09,8664265.8201],[-148.6499,8664267.1101],[-145.5799,8664268.39],[-142.4599,8664269.6201],[-139.0799,8664270.9001],[-135.66,8664271.9901],[-132.6599,8664273.0501],[-129.42,8664274.0901],[-125.6399,8664275.2301],[-122.31,8664276.4201],[-119.0,8664277.4901],[-115.66,8664278.4201],[-112.13,8664279.1901],[-109.0999,8664279.8801],[-105.78,8664280.7801],[-102.13,8664281.83],[-98.99,8664282.7501],[-96.06,8664283.7301],[-92.88,8664284.9601],[-89.31,8664286.2401],[-86.37,8664287.2201],[-83.2099,8664288.14],[-79.8,8664288.9301],[-76.2699,8664289.5401],[-73.2999,8664290.0701],[-70.0899,8664290.51],[-66.38,8664291.0601],[-63.07,8664291.66],[-59.9599,8664292.14],[-56.5199,8664292.6201],[-52.81,8664293.3101],[-49.79,8664294.1],[-46.54,8664294.9401],[-42.81,8664295.8701],[-39.44,8664296.9201],[-32.4499,8664299.3701],[-28.3299,8664300.8701],[-25.43,8664302.1801],[-22.1399,8664303.2401],[-17.8999,8664304.3801],[-15.04,8664305.6901],[-12.13,8664307.0301],[-8.43,8664308.4],[-4.9599,8664309.89],[-2.1499,8664311.0601],[1.16,8664311.9201],[5.1001,8664313.09],[8.1701,8664314.6001],[11.2201,8664315.9301],[14.2401,8664317.6301],[16.87,8664319.6901],[18.9201,8664321.8301],[21.09,8664323.8101],[23.81,8664325.7901],[27.0401,8664327.54],[30.2101,8664329.2201],[32.7201,8664330.7201],[35.25,8664332.1201],[37.96,8664333.5701],[40.45,8664335.1301],[42.5301,8664336.59],[44.25,8664338.39],[44.8472,8664339.1606],[45.8001,8664340.39],[47.33,8664342.21],[48.8601,8664343.9301],[50.7801,8664345.6601],[52.7201,8664347.3201],[54.22,8664348.9201],[55.9101,8664350.5601],[57.6101,8664352.33],[59.22,8664354.14],[60.5301,8664355.9201],[61.5,8664357.8501],[62.41,8664359.8901],[63.22,8664361.9301],[63.95,8664364.21],[64.57,8664366.48],[65.3901,8664368.5601],[66.62,8664370.64],[68.18,8664372.6801],[69.74,8664374.73],[71.06,8664377.0001],[72.4001,8664379.3701],[74.02,8664381.6201],[75.6001,8664383.7801],[77.34,8664385.9401],[79.07,8664388.21],[80.51,8664390.79],[81.77,8664393.1901],[83.02,8664395.4201],[84.6601,8664397.4001],[86.52,8664399.2501],[88.2201,8664401.1801],[89.88,8664403.3401],[91.21,8664405.4301],[92.31,8664407.46],[93.08,8664409.4301],[93.71,8664411.45],[95.5163,8664415.6225],[96.71,8664418.3801],[101.75,8664429.71],[104.77,8664432.9901],[106.7,8664434.59],[108.74,8664436.5801],[110.74,8664439.48],[112.1001,8664441.0001],[113.43,8664442.64],[114.8401,8664444.23],[116.2801,8664445.65],[117.75,8664447.14],[119.3301,8664448.7],[120.8601,8664450.14],[123.8401,8664452.4201],[127.0501,8664454.4401],[130.39,8664456.4401],[133.3901,8664458.8501],[135.0501,8664460.2301],[136.88,8664461.6601],[139.0,8664462.9601],[141.2001,8664464.1501],[143.3601,8664465.2401],[145.31,8664466.2801],[147.12,8664467.2501],[149.07,8664468.1901],[150.9701,8664469.1201],[152.9701,8664469.9801],[155.07,8664470.8001],[157.1501,8664471.66],[159.2401,8664472.6801],[161.32,8664473.89],[163.57,8664475.14],[165.8401,8664476.3001],[168.0401,8664477.2801],[170.16,8664478.2],[172.34,8664479.09],[174.51,8664479.8701],[176.5501,8664480.5001],[178.4801,8664481.0701],[-178.0,8664482.2401],[-174.75,8664483.6201],[-172.82,8664484.3901],[-169.09,8664485.9],[-165.7099,8664487.4201],[-163.7699,8664488.1],[-161.75,8664488.7201],[-159.9507,8664489.3087],[-157.9599,8664489.96],[-154.86,8664491.3101],[-151.91,8664492.6401],[-148.81,8664494.1301],[-145.8899,8664495.5701],[-143.26,8664496.76],[-139.8999,8664497.9201],[-137.74,8664498.6301],[-135.6999,8664499.47],[-132.2699,8664501.0401],[-128.9699,8664502.2101],[-125.49,8664503.6401],[-122.1599,8664504.84],[-119.17,8664506.15],[-115.9699,8664507.8101],[-112.3999,8664509.5401],[-111.7371,8664509.7845],[-109.01,8664510.7901],[-105.63,8664512.0201],[-102.9099,8664513.7],[-100.3,8664516.1601],[-98.8163,8664517.9866],[-97.92,8664519.09],[-95.87,8664522.1201],[-94.7199,8664525.3501],[-94.3299,8664528.47],[-94.36,8664531.2901],[-94.81,8664533.8001],[-95.92,8664536.14],[-97.4599,8664538.08],[-99.32,8664539.3501],[-101.3899,8664539.8801],[-103.62,8664539.5501],[-105.5899,8664538.71],[-107.4599,8664537.6701],[-109.74,8664536.59],[-111.92,8664536.52],[-114.49,8664535.5801],[-115.5109,8664535.2088],[-116.69,8664534.78],[-119.06,8664534.1],[-121.62,8664532.77],[-124.17,8664531.65],[-126.9099,8664531.0101],[-128.8399,8664530.4],[-131.5299,8664530.0501],[-134.56,8664530.1901],[-137.5,8664530.64],[-140.6999,8664531.1601],[-142.6999,8664531.4001],[-146.43,8664531.6901],[-149.7699,8664532.0001],[-153.05,8664532.4301],[-156.74,8664532.9401],[-159.79,8664533.4901],[-163.0999,8664534.1701],[-165.13,8664534.59],[-168.4699,8664535.5401],[-171.5199,8664536.6801],[-174.6,8664537.9101],[-177.5299,8664539.29],[179.7301,8664540.7501],[177.4801,8664542.0701],[175.5501,8664543.5901],[173.2801,8664545.4901],[171.1701,8664547.27],[169.37,8664549.0601],[167.46,8664551.01],[165.52,8664553.2401],[163.52,8664555.4301],[161.8001,8664558.23],[160.2301,8664560.8201],[158.62,8664562.9],[157.0801,8664564.9701],[155.8501,8664566.8901],[154.6401,8664568.5601],[153.7201,8664570.4701],[152.81,8664573.3001],[152.1601,8664575.7],[151.4501,8664578.3001],[151.416,8664578.4742],[150.9001,8664581.1101],[150.38,8664584.08],[149.53,8664586.76],[148.5901,8664589.2901],[147.46,8664592.3001],[146.33,8664595.21],[145.45,8664597.46],[145.0401,8664600.41],[144.8733,8664601.3947],[144.51,8664603.5401],[143.9701,8664607.5301],[143.5,8664611.2201],[143.18,8664614.7401],[143.0401,8664618.46],[142.97,8664620.9001],[142.9101,8664623.48],[142.89,8664626.02],[142.97,8664628.9201],[143.24,8664632.2301],[143.51,8664635.2501],[143.69,8664638.1901],[143.87,8664641.0301],[144.19,8664643.6901],[144.62,8664646.52],[145.18,8664649.3501],[145.82,8664651.9901],[146.44,8664654.4701],[147.0,8664656.9801],[147.43,8664659.34],[147.8901,8664661.46],[148.8001,8664665.3801],[149.4101,8664667.3001],[149.4721,8664667.4963],[150.08,8664669.4201],[150.74,8664671.45],[151.57,8664674.9201],[151.99,8664676.9801],[152.41,8664679.3101],[152.8601,8664681.7501],[153.3601,8664683.9401],[153.99,8664685.84],[154.6601,8664687.8501],[155.33,8664690.07],[156.02,8664691.9901],[157.4101,8664695.3501],[158.94,8664698.5701],[159.64,8664700.51],[160.2901,8664702.4101],[161.6001,8664705.6001],[162.96,8664708.5501],[164.38,8664711.75],[164.7837,8664712.7985],[165.1,8664713.62],[165.9101,8664715.5601],[167.56,8664719.4],[169.06,8664722.96],[170.2,8664726.3501],[171.1701,8664729.08],[172.1001,8664731.64],[173.1701,8664734.0201],[174.4901,8664736.6601],[175.76,8664740.0001],[177.2201,8664743.1],[178.8501,8664745.89],[-179.6999,8664748.76],[-178.48,8664751.52],[-177.1,8664754.01],[-175.94,8664756.65],[-174.99,8664759.3201],[-174.17,8664761.9201],[-173.2599,8664764.3801],[-172.24,8664766.4501],[-170.8399,8664768.7],[-169.4299,8664771.35],[-168.24,8664774.1201],[-167.0799,8664776.85],[-165.79,8664779.5001],[-164.48,8664782.1001],[-163.43,8664784.9101],[-162.4499,8664787.6201],[-161.42,8664790.79],[-160.1399,8664793.8701],[-158.98,8664796.76],[-157.88,8664799.7],[-156.79,8664802.4001],[-155.5299,8664804.8101],[-154.1999,8664807.27],[-152.8999,8664809.8001],[-151.6999,8664812.1101],[-150.12,8664814.3501],[-148.41,8664816.3601],[-146.92,8664818.4601],[-145.74,8664820.68],[-144.9699,8664822.7701],[-143.91,8664825.2801],[-142.63,8664827.9401],[-141.41,8664830.46],[-140.3,8664832.97],[-139.06,8664835.48],[-137.79,8664838.01],[-136.3499,8664840.64],[-135.0299,8664843.4401],[-133.8999,8664846.4301],[-133.6599,8664847.2247],[-133.0,8664849.4101],[-132.12,8664852.2501],[-131.3299,8664854.71],[-130.4699,8664857.3501],[-129.67,8664860.3201],[-129.11,8664863.26],[-128.54,8664866.21],[-127.56,8664868.46],[-126.5799,8664870.4301],[-125.2999,8664872.48],[-124.24,8664874.4501],[-123.43,8664876.66],[-122.5499,8664878.8001],[-121.69,8664881.04],[-120.68,8664883.5301],[-119.69,8664885.6801],[-118.87,8664887.6901],[-118.1399,8664889.9101],[-116.91,8664891.8501],[-115.35,8664893.16],[-113.82,8664895.29],[-112.2799,8664897.7201],[-110.9799,8664900.1201],[-109.88,8664902.4201],[-108.8999,8664904.4201],[-107.7199,8664906.71],[-106.63,8664909.0701],[-105.7099,8664911.2801],[-104.8,8664913.7901],[-103.82,8664916.0601],[-102.66,8664918.4201],[-101.55,8664920.64],[-100.1099,8664923.2401],[-99.24,8664925.1301],[-98.44,8664927.2],[-97.4599,8664929.7301],[-96.38,8664932.4301],[-95.24,8664934.7901],[-94.09,8664937.16],[-92.98,8664939.39],[-91.74,8664941.5001],[-90.4599,8664943.9501],[-89.1599,8664946.2801],[-89.0127,8664946.5691],[-88.06,8664948.4401],[-87.16,8664950.7901],[-86.12,8664953.3001],[-84.94,8664955.45],[-83.56,8664956.9401],[-83.1647,8664957.4961],[-82.38,8664958.6001],[-81.4099,8664960.9201],[-80.3899,8664963.27],[-79.39,8664965.88],[-78.75,8664969.46],[-78.1999,8664972.4401],[-77.3399,8664975.14],[-76.18,8664977.7201],[-74.7699,8664980.1001],[-73.0499,8664982.0701],[-72.6563,8664982.5123],[-71.43,8664983.89],[-69.69,8664985.6201],[-67.6999,8664987.33],[-65.1499,8664988.6501],[-62.82,8664987.39],[-61.1,8664986.0601],[-59.16,8664984.9901],[-56.23,8664984.7201],[-55.3801,8664984.7466],[-55.3765,8664984.7467],[-53.35,8664984.8101],[-52.6065,8664985.1049],[-50.98,8664985.7501],[-51.0999,8664988.3701],[-52.4599,8664990.8301],[-53.56,8664992.73],[-54.5499,8664994.5901],[-55.56,8664996.4],[-56.9599,8664998.14],[-58.7299,8664999.5201],[-60.42,8665000.7701],[-62.1,8665002.8001],[-62.9239,8665005.1654],[-63.03,8665005.47],[-63.3645,8665006.0898],[-64.32,8665007.8601],[-66.3899,8665009.65],[-68.8,8665010.7501],[-69.3741,8665010.9982],[-68.2864,8665020.787],[-66.79,8665019.4901],[-64.9599,8665018.5001],[-63.0,8665017.8701],[-60.17,8665017.9],[-58.2199,8665018.51],[-56.75,8665019.9901],[-55.8199,8665021.8601],[-54.4599,8665024.5601],[-53.5799,8665026.8201],[-52.5899,8665029.1901],[-51.3,8665031.4601],[-49.76,8665033.6901],[-48.49,8665035.9301],[-47.74,8665038.45],[-46.8299,8665041.5001],[-45.3399,8665044.0601],[-43.19,8665046.6701],[-41.56,8665049.14],[-40.3,8665051.9401],[-39.25,8665054.2101],[-38.3,8665056.3601],[-37.1999,8665059.4101],[-35.6399,8665061.2901],[-32.61,8665065.46],[-31.3299,8665067.0001],[-29.6399,8665068.39],[-27.3299,8665069.2301],[-25.3899,8665070.6301],[-23.1,8665071.7801],[-20.0699,8665072.1001],[-19.0361,8665072.1745],[-17.57,8665072.2801],[-15.0399,8665072.5801],[-12.51,8665072.9201],[-10.0299,8665073.5901],[-7.48,8665074.3701],[-5.17,8665075.0601],[-2.9599,8665076.1201],[-1.49,8665077.4801],[0.5401,8665079.6601],[2.6601,8665079.9901],[5.2701,8665079.3201],[8.3001,8665078.8301],[11.5301,8665078.7001],[14.94,8665078.9901],[17.6401,8665079.9264],[17.9101,8665080.02],[20.4301,8665081.5501],[22.7201,8665083.0001],[25.6101,8665082.4201],[28.8001,8665081.59],[32.14,8665081.8201],[35.0301,8665082.8501],[37.3501,8665084.3001],[39.3401,8665085.1601],[41.8601,8665084.6701],[45.0401,8665084.4401],[48.15,8665084.9301],[51.4001,8665085.6001],[54.5301,8665086.3101],[57.5901,8665086.5901],[60.6001,8665086.3501],[63.27,8665086.9301],[65.5501,8665088.02],[68.3701,8665088.21],[71.3601,8665087.76],[74.63,8665087.83],[77.8501,8665088.7301],[80.4101,8665089.6201],[82.43,8665089.5501],[84.7801,8665088.76],[87.56,8665089.14],[90.2301,8665090.3601],[92.56,8665091.2901],[95.44,8665090.83],[98.87,8665090.39],[102.8001,8665090.4901],[106.24,8665090.8501],[109.5301,8665091.3801],[112.0601,8665092.2801],[114.4,8665093.1801],[116.7001,8665092.7801],[119.51,8665091.7201],[122.3601,8665090.9201],[125.8501,8665091.4901],[129.2,8665092.5801],[132.1901,8665093.51],[134.64,8665094.5401],[136.82,8665095.1901],[137.7039,8665094.9899],[139.4701,8665094.59],[142.4701,8665093.2901],[145.38,8665092.02],[148.0901,8665092.3101],[151.0001,8665093.9401],[153.4201,8665095.2801],[156.0301,8665095.7401],[159.1201,8665095.3001],[162.06,8665094.7601],[164.87,8665094.2301],[167.6101,8665093.6101],[170.5401,8665093.4],[173.51,8665093.9301],[176.27,8665094.7101],[179.0901,8665095.4601],[-177.43,8665095.6201],[-174.01,8665095.26],[-170.67,8665094.5001],[-167.6999,8665093.33],[-164.55,8665092.8101],[-161.3399,8665093.3701],[-158.1399,8665094.1801],[-155.1999,8665094.2201],[-152.1599,8665093.3701],[-149.2199,8665092.5501],[-146.2699,8665092.0401],[-143.0299,8665092.77],[-141.1806,8665093.2715],[-139.6,8665093.7],[-135.87,8665093.7],[-132.35,8665092.6701],[-129.2499,8665091.7501],[-126.51,8665091.2],[-123.42,8665090.3601],[-120.48,8665089.3201],[-117.4499,8665088.4701],[-114.55,8665087.4801],[-111.7799,8665087.4301],[-108.79,8665087.6201],[-105.8199,8665087.0701],[-103.0499,8665085.7401],[-100.29,8665084.34],[-97.3999,8665083.0601],[-93.98,8665082.3801],[-90.2699,8665081.6701],[-86.5,8665081.21],[-84.54,8665080.8001],[-80.93,8665079.7801],[-78.1499,8665078.0701],[-75.3299,8665076.1601],[-72.12,8665074.7],[-69.01,8665073.71],[-66.12,8665072.2201],[-64.1999,8665070.2],[-63.7199,8665068.0901],[-62.43,8665066.5401],[-60.0299,8665065.5301],[-57.62,8665063.95],[-55.24,8665062.96],[-52.94,8665061.5701],[-52.12,8665059.1801],[-50.62,8665057.02],[-48.43,8665055.15],[-46.63,8665053.1101],[-45.13,8665050.96],[-42.8999,8665049.0201],[-40.82,8665047.27],[-38.75,8665045.51],[-37.06,8665043.0001],[-37.0364,8665042.6779],[-36.7899,8665039.3101],[-37.37,8665036.0401],[-38.74,8665033.0601],[-38.99,8665029.9901],[-38.44,8665026.9101],[-37.6199,8665024.1901],[-38.1099,8665021.7],[-39.3899,8665019.3101],[-39.4099,8665016.4601],[-38.7199,8665014.3601],[-38.8999,8665012.1101],[-39.9799,8665010.1201],[-40.2799,8665008.0501],[-39.6999,8665005.64],[-40.0302,8665003.7232],[-40.1599,8665002.9701],[-40.5,8665000.4101],[-40.56,8664997.84],[-41.2199,8664995.46],[-41.19,8664992.46],[-41.63,8664989.6801],[-42.1599,8664986.6801],[-42.4399,8664983.8201],[-42.8999,8664980.4001],[-43.31,8664977.45],[-43.82,8664974.3801],[-44.2699,8664970.9601],[-44.7799,8664967.1301],[-45.2199,8664963.4601],[-45.9099,8664960.4101],[-46.49,8664957.6201],[-47.12,8664955.1701],[-49.0299,8664953.3701],[-51.7899,8664953.2901],[-55.5799,8664953.01],[-59.3399,8664952.4],[-63.1399,8664951.6901],[-65.18,8664951.3401],[-67.1999,8664950.9901],[-70.68,8664950.4301],[-74.07,8664950.0701],[-77.82,8664950.0301],[-81.3999,8664950.21],[-85.19,8664950.08],[-88.6999,8664949.3601],[-91.2199,8664947.6101],[-93.0399,8664945.34],[-94.5099,8664942.7501],[-94.99,8664939.8701],[-94.4499,8664937.0001],[-91.9599,8664934.89],[-90.0699,8664934.21],[-87.9799,8664933.8901],[-85.6899,8664933.9],[-83.2699,8664933.9401],[-80.87,8664933.9401],[-78.4799,8664933.7801],[-76.0999,8664933.45],[-73.9499,8664933.0601],[-71.99,8664932.6601],[-69.8899,8664932.3101],[-67.56,8664932.0601],[-65.04,8664931.9],[-62.5499,8664931.9301],[-60.1399,8664932.01],[-57.7799,8664932.1101],[-55.49,8664932.2201],[-53.17,8664932.2901],[-50.8399,8664932.3301],[-48.56,8664932.3701],[-46.2899,8664932.4],[-43.8299,8664932.4101],[-41.0799,8664932.4301],[-38.3999,8664932.4701],[-35.87,8664932.5101],[-33.4599,8664932.52],[-30.93,8664932.4601],[-28.35,8664932.26],[-26.0499,8664931.9201],[-22.5199,8664931.5401],[-18.8999,8664931.6601],[-16.3399,8664931.3601],[-13.7199,8664931.0001],[-11.12,8664930.6701],[-8.5299,8664930.4401],[-5.6499,8664930.4],[-2.5299,8664930.4601],[0.2901,8664930.5001],[3.32,8664930.51],[6.68,8664930.4701],[9.87,8664930.52],[13.0401,8664930.6101],[15.99,8664930.65],[19.18,8664930.6901],[22.1101,8664930.6401],[24.7801,8664930.5501],[27.5901,8664930.4601],[30.68,8664930.34],[32.2193,8664930.2715],[33.6001,8664930.21],[36.4201,8664930.0001],[39.1101,8664929.65],[41.46,8664929.26],[43.94,8664928.9901],[46.37,8664928.9001],[48.9301,8664928.9001],[51.8001,8664928.9101],[55.0501,8664928.9201],[57.9201,8664928.95],[60.7801,8664929.0001],[63.6601,8664929.1301],[66.3001,8664929.5001],[68.5501,8664930.0301],[71.4,8664931.6101],[72.69,8664933.77],[73.0,8664936.6301],[72.76,8664939.2],[71.68,8664941.9701],[69.75,8664944.1701],[66.4101,8664946.14],[64.02,8664946.8501],[61.5901,8664947.2801],[59.0201,8664947.4301],[56.3201,8664947.39],[53.5,8664947.34],[50.81,8664947.2501],[48.7701,8664947.1101],[46.01,8664946.64],[42.5401,8664946.46],[38.9601,8664946.76],[35.01,8664947.01],[32.9101,8664946.9801],[30.6901,8664946.95],[28.43,8664946.9301],[26.1701,8664946.95],[24.01,8664947.02],[21.83,8664947.1201],[19.4501,8664947.2001],[16.68,8664947.26],[13.9001,8664947.39],[10.94,8664947.6201],[7.8501,8664947.89],[4.9201,8664948.1801],[2.39,8664948.4201],[-0.1099,8664948.5701],[-2.68,8664948.6801],[-5.36,8664948.6901],[-8.06,8664948.6701],[-10.5,8664948.6901],[-12.75,8664948.7801],[-14.9699,8664948.8801],[-17.24,8664948.95],[-19.31,8664949.1301],[-22.6599,8664949.5401],[-25.1399,8664949.9901],[-25.5299,8664952.2901],[-24.26,8664954.8801],[-22.7299,8664957.09],[-21.63,8664959.64],[-20.9099,8664962.6101],[-20.6399,8664966.2101],[-20.51,8664968.3001],[-20.4099,8664970.5601],[-20.3,8664972.7801],[-20.1,8664974.8701],[-19.7699,8664976.89],[-19.4499,8664978.9901],[-19.17,8664981.3101],[-18.8064,8664983.3316],[-18.76,8664983.5901],[-18.3399,8664985.5701],[-17.9699,8664987.5701],[-17.17,8664991.6001],[-16.7099,8664993.8401],[-16.12,8664995.8401],[-15.4599,8664997.84],[-14.6599,8664999.71],[-13.2099,8665003.1101],[-12.69,8665005.09],[-12.0799,8665007.3501],[-11.31,8665009.3801],[-10.4499,8665011.2501],[-9.5899,8665013.1401],[-8.8199,8665015.0401],[-8.04,8665017.21],[-7.19,8665019.52],[-6.26,8665021.64],[-5.07,8665023.6301],[-3.74,8665025.5001],[-2.4499,8665027.4201],[-1.0899,8665029.4901],[0.43,8665031.52],[1.4513,8665032.7668],[1.9701,8665033.4001],[3.49,8665035.3601],[5.02,8665037.34],[6.57,8665039.3401],[8.1001,8665041.4801],[9.75,8665043.6601],[11.57,8665045.64],[13.37,8665047.5401],[15.08,8665049.3101],[16.8001,8665051.0601],[18.2301,8665052.8701],[19.6601,8665054.5601],[21.44,8665055.8401],[23.5,8665056.9701],[25.6101,8665058.3001],[27.62,8665059.7801],[29.45,8665061.4301],[31.1001,8665063.1201],[32.7101,8665064.7801],[34.5401,8665066.4201],[36.27,8665068.0901],[38.0301,8665069.71],[40.12,8665071.2801],[42.1501,8665072.9701],[44.12,8665074.5001],[46.3601,8665075.6701],[48.9101,8665076.6901],[51.62,8665077.83],[54.19,8665079.21],[56.5901,8665080.7501],[59.0201,8665082.1801],[61.5501,8665083.7201],[64.2201,8665085.39],[66.8601,8665086.9901],[69.4,8665088.58],[72.1001,8665090.1701],[75.1101,8665091.7901],[77.8501,8665093.4101],[80.2901,8665094.95],[82.7,8665096.4],[85.08,8665097.7901],[87.5801,8665099.1901],[90.3101,8665100.3401],[92.94,8665101.3801],[95.5501,8665102.27],[98.26,8665103.1201],[100.9101,8665104.0701],[103.1501,8665105.1001],[105.3801,8665105.9901],[107.6601,8665106.8001],[109.74,8665107.5501],[112.3101,8665108.26],[114.8001,8665108.8601],[117.0301,8665109.3601],[119.2401,8665109.7301],[121.63,8665110.02],[123.9701,8665110.2801],[126.0301,8665110.2801],[128.1701,8665110.15],[130.2801,8665109.6201],[132.2801,8665108.5901],[134.07,8665107.4301],[137.6501,8665106.96],[140.75,8665109.1701],[142.19,8665110.6201],[143.8401,8665111.9301],[145.9101,8665112.39],[147.99,8665111.8201],[150.8601,8665109.3101]]]}},{"type":"Feature","properties":{"Name":"ZONA DE EXPANSION AEROPORTUARIA Y SERVICIOS  PORTUARIOS","description":"<div style='font-family:sans-serif;'><h4>ZEE CALLAO - ZONA DE EXPANSION AEROPORTUARIA Y SERVICIOS  PORTUARIOS</h4><table border='1' cellpadding='4' style='border-collapse:collapse;font-size:12px;'><tr><td><b>OBJECTID:</b></td><td>31</td></tr><tr><td><b>ZEECODE:</b></td><td>33</td></tr><tr><td><b>ZEE:</b></td><td>ZONA DE EXPANSION AEROPORTUARIA Y SERVICIOS  PORTUARIOS</td></tr><tr><td><b>ZEE_ZONAS:</b></td><td>Zonas con vocaci\u00f3n urbano y/o industrial</td></tr><tr><td><b>ZEE_GRANDE:</b></td><td>ZONAS CON VOCACION URBANO Y/O INDUSTRIAL</td></tr><tr><td><b>AREA:</b></td><td>6253049.731</td></tr><tr><td><b>PERIMETER:</b></td><td>16418.961</td></tr><tr><td><b>HECTARES:</b></td><td>625.305</td></tr></table></div>"},"geometry":{"type":"Polygon","coordinates":[[[-50.0963,8672822.711],[31.7757,8672798.6945],[46.0565,8672797.5075],[83.2566,8672791.723],[119.8995,8672782.0699],[149.8057,8672771.3196],[-92.0357,8672728.8455],[-97.0016,8672718.5943],[-126.3148,8672658.0832],[-164.3834,8672579.4981],[174.787,8672536.4996],[145.9388,8672476.9484],[71.5889,8672501.6699],[98.2805,8672449.1001],[163.69,8672320.2746],[64.5843,8672262.4529],[96.2707,8672341.2672],[124.7554,8672412.1178],[143.3168,8672405.7494],[27.8622,8672321.8452],[50.6972,8672314.0105],[90.0109,8672300.5219],[93.8092,8672299.2187],[147.5028,8672280.7963],[-120.4858,8672080.8947],[-110.0046,8672085.5183],[-105.9045,8672087.327],[-73.4721,8672101.634],[-73.1696,8672100.942],[-31.7447,8672006.1867],[-57.5204,8671993.2467],[-125.9916,8671958.8723],[-139.2069,8671952.2379],[63.5483,8671873.2968],[-9.0568,8671836.8471],[-9.2771,8671836.7365],[-18.4035,8671832.1548],[-82.8772,8671960.7044],[-150.9325,8672096.3953],[-151.435,8672097.3972],[-151.7812,8672098.0874],[-152.1056,8672098.7343],[-15.8884,8671987.8666],[-154.4748,8671919.2073],[-154.437,8671919.1308],[-121.2994,8671852.1316],[-63.3071,8671734.8795],[11.4389,8671583.754],[45.2456,8671515.4018],[46.1691,8671516.108],[60.576,8671488.0466],[91.9553,8671424.6096],[130.0818,8671347.5324],[159.8485,8671285.5794],[158.0108,8671284.5803],[-67.0659,8671008.097],[-43.4241,8670959.6505],[-43.624,8670959.1785],[-44.5989,8670956.8774],[-55.4572,8670931.2487],[-68.6563,8670925.8866],[-31.1214,8670847.1046],[-19.0604,8670851.848],[11.0485,8670845.0876],[11.2014,8670845.0533],[13.1664,8670844.6121],[13.2258,8670844.4915],[-173.6928,8670494.1403],[-118.0971,8670382.7262],[-64.2956,8670274.9077],[-41.9114,8670229.6353],[-51.5129,8669526.6613],[-26.9341,8669477.3511],[28.0516,8669367.038],[78.1911,8669264.7646],[138.2944,8668407.8476],[161.4199,8668360.6769],[161.7088,8668360.0875],[-160.5407,8668283.085],[-137.5654,8668236.2205],[-111.7413,8668232.6789],[-83.7647,8668228.8421],[-83.4285,8668228.796],[-83.212,8668228.8319],[-44.7357,8668235.2073],[-40.1244,8668235.9714],[7.212,8668250.4508],[64.0769,8668290.3455],[66.2985,8668291.9041],[77.1824,8668294.0205],[77.278,8668293.95],[134.2702,8668276.1725],[143.8372,8668269.1439],[159.4568,8668257.6682],[169.2,8668250.5099],[160.6458,8668226.9859],[149.2592,8668216.5482],[147.6652,8668215.087],[143.5374,8668211.3032],[147.1002,8668199.1895],[150.6659,8668187.0662],[160.3485,8668178.9973],[163.4972,8668176.3735],[-172.2659,8668171.3835],[-159.4346,8668165.6807],[-158.507,8668173.3663],[-154.4446,8668207.026],[-129.4949,8668211.3032],[-106.6836,8668211.3032],[-91.6375,8668219.4532],[-89.5752,8668220.5702],[-79.5953,8668224.8473],[-78.1388,8668224.7866],[-62.4869,8668224.1345],[-54.5359,8668223.251],[-46.0018,8668222.3028],[-44.8519,8668216.6253],[-44.0864,8668212.8461],[-54.0715,8668180.0189],[-136.3093,8668157.7656],[-139.0806,8668156.1923],[-141.1629,8668155.0102],[156.7537,8668119.766],[135.9454,8668100.8587],[143.4111,8668100.4725],[114.9365,8668092.7565],[101.0162,8668090.6081],[-73.5575,8668063.6648],[-130.1528,8668061.4792],[76.211,8668055.5461],[49.9935,8668054.5336],[47.1776,8668054.9952],[0.1497,8668061.467],[116.354,8668117.0042],[34.4746,8668217.6652],[-48.5102,8668266.6653],[33.0895,8668348.4011],[37.3743,8668359.8833],[18.7185,8668367.2582],[11.3988,8668354.7693],[-79.7328,8668381.5247],[-121.4032,8668399.6756],[178.3527,8668428.7268],[171.1201,8668432.2145],[152.4897,8668441.1985],[123.628,8668455.1163],[122.5775,8668491.8829],[119.184,8668554.6626],[104.909,8668560.7548],[64.4154,8668515.3957],[-65.9324,8668611.5676],[-87.6793,8668636.0639],[-90.7658,8668639.5406],[-113.244,8668611.4416],[-149.1869,8668622.1969],[-159.6027,8668663.4271],[-164.0177,8668680.9035],[-172.1124,8668712.9461],[-153.7511,8668756.383],[-164.3579,8668862.641],[152.3819,8668914.5533],[156.4662,8669065.6708],[171.6891,8669107.5162],[179.1363,8669140.3626],[-179.6259,8669165.1183],[179.844,8669195.8572],[148.3114,8669324.5638],[136.4091,8669386.8963],[135.1758,8669393.3556],[131.108,8669412.3367],[78.006,8669660.123],[49.5234,8669781.3292],[1.9167,8669983.9174],[1.8958,8669984.0063],[-8.9834,8670030.3022],[-10.8804,8670030.9971],[-11.9348,8670031.3834],[-10.1491,8670023.0982],[-14.5136,8670024.8181],[-16.2781,8670025.5134],[-31.8675,8670031.6567],[-33.6435,8670039.3361],[-44.4999,8670086.2794],[-51.4583,8670116.4762],[-62.439,8670164.128],[-69.5281,8670195.1298],[-85.1166,8670263.3003],[-94.763,8670335.7333],[-97.8093,8670358.4109],[-99.1222,8670380.0005],[-170.1089,8670400.9818],[-11.7549,8670460.5816],[37.6416,8670688.4311],[-39.1263,8670717.7991],[-156.9498,8670762.8732],[-154.8884,8670769.1801],[-143.8744,8670817.3665],[-115.356,8670942.1342],[-110.9062,8670961.602],[-140.6534,8670977.2193],[139.1384,8671019.3286],[155.6498,8671065.5607],[157.3856,8671070.421],[166.6272,8671096.2974],[78.6629,8671132.0329],[100.8901,8671207.0498],[120.1146,8671198.9755],[127.1783,8671201.3301],[127.2508,8671201.3543],[127.6005,8671202.6575],[133.7924,8671225.7366],[146.2809,8671248.9295],[154.3226,8671275.7352],[156.9853,8671284.6109],[168.8791,8671286.9896],[-166.1439,8671295.3153],[-158.4129,8671304.2357],[-159.6023,8671331.5914],[-156.0341,8671366.0834],[-144.1403,8671386.8976],[-144.735,8671400.5755],[-145.3751,8671402.3356],[-120.8048,8671399.5203],[-98.6782,8671397.4715],[-98.0907,8671401.2315],[-94.5807,8671423.6956],[-84.3369,8671474.9146],[-81.8784,8671491.7145],[-81.0589,8671504.007],[-74.1463,8671512.4317],[72.826,8671487.329],[73.6427,8671492.4911],[91.8684,8671607.6845],[109.7286,8671607.6845],[110.5889,8671607.6845],[126.2868,8671607.6845],[172.9383,8671607.6845],[-143.7425,8671607.6845],[-110.42,8671607.6845],[-80.4298,8671597.6878],[-23.7816,8671597.6878],[19.5377,8671597.6878],[68.0554,8671586.4914],[93.1096,8671603.5283],[102.6172,8671607.6878],[108.7556,8671610.3734],[111.7687,8671611.6916],[114.0111,8671624.157],[129.0686,8671702.5595],[135.8207,8671737.7172],[171.6686,8671933.2514],[171.6996,8671933.4227],[-173.0396,8672017.7322],[-165.3765,8672083.701],[-151.1658,8672176.8606],[-148.6405,8672193.4149],[-145.9957,8672210.753],[-143.8545,8672224.79],[-143.729,8672225.6126],[-130.1233,8672314.8056],[-111.809,8672475.0561],[-111.7103,8672475.0637],[-111.0862,8672481.3803],[-108.1326,8672511.2753],[-98.6971,8672606.778],[-95.9747,8672630.1451],[-81.0492,8672774.2192],[-80.3751,8672782.4519],[-77.6465,8672815.7786],[-73.4022,8672815.4279],[-72.8911,8672815.5876],[-71.2192,8672816.1101],[-50.0963,8672822.711]]]}},{"type":"Feature","properties":{"Name":"ZONA EN CONSOLIDACION URBANA E INCIPIENTE","description":"<div style='font-family:sans-serif;'><h4>ZEE CALLAO - ZONA EN CONSOLIDACION URBANA E INCIPIENTE</h4><table border='1' cellpadding='4' style='border-collapse:collapse;font-size:12px;'><tr><td><b>OBJECTID:</b></td><td>32</td></tr><tr><td><b>ZEECODE:</b></td><td>34</td></tr><tr><td><b>ZEE:</b></td><td>ZONA EN CONSOLIDACION URBANA E INCIPIENTE</td></tr><tr><td><b>ZEE_ZONAS:</b></td><td>Zonas con vocaci\u00f3n urbano y/o industrial</td></tr><tr><td><b>ZEE_GRANDE:</b></td><td>ZONAS CON VOCACION URBANO Y/O INDUSTRIAL</td></tr><tr><td><b>AREA:</b></td><td>32922016.62</td></tr><tr><td><b>PERIMETER:</b></td><td>188521.451</td></tr><tr><td><b>HECTARES:</b></td><td>3292.202</td></tr></table></div>"},"geometry":{"type":"Polygon","coordinates":[[[151.0414,8666263.4541],[144.1027,8666261.9413],[127.7337,8666444.1276],[110.4061,8666636.9823],[125.7558,8666638.8767],[139.7533,8666640.6042],[-141.965,8666650.2653],[-104.851,8666654.8457],[-104.3832,8666651.3427],[-101.8444,8666632.3332],[-98.0993,8666595.0578],[-85.8429,8666459.1381],[-69.6158,8666293.8333],[173.8557,8666268.428],[151.0414,8666263.4541]]]}},{"type":"Feature","properties":{"Name":"ZONA CON APTITUD PARA EXPANSION INDUSTRIAL","description":"<div style='font-family:sans-serif;'><h4>ZEE CALLAO - ZONA CON APTITUD PARA EXPANSION INDUSTRIAL</h4><table border='1' cellpadding='4' style='border-collapse:collapse;font-size:12px;'><tr><td><b>OBJECTID:</b></td><td>33</td></tr><tr><td><b>ZEECODE:</b></td><td>35</td></tr><tr><td><b>ZEE:</b></td><td>ZONA CON APTITUD PARA EXPANSION INDUSTRIAL</td></tr><tr><td><b>ZEE_ZONAS:</b></td><td>Zonas con vocaci\u00f3n urbano y/o industrial</td></tr><tr><td><b>ZEE_GRANDE:</b></td><td>ZONAS CON VOCACION URBANO Y/O INDUSTRIAL</td></tr><tr><td><b>AREA:</b></td><td>9537078.381</td></tr><tr><td><b>PERIMETER:</b></td><td>78636.111</td></tr><tr><td><b>HECTARES:</b></td><td>953.708</td></tr></table></div>"},"geometry":{"type":"Polygon","coordinates":[[[145.4213,8665349.4118],[126.5612,8665347.5475],[124.5255,8665367.1666],[143.1549,8665369.9222],[145.4213,8665349.4118]]]}},{"type":"Feature","properties":{"Name":"Zonas con vocaci\u00f3n urbano y/o industrial","description":"<div style='font-family:sans-serif;'><h4>ZEE CALLAO - Zonas con vocaci\u00f3n urbano y/o industrial</h4><table border='1' cellpadding='4' style='border-collapse:collapse;font-size:12px;'><tr><td><b>OBJECTID:</b></td><td>34</td></tr><tr><td><b>ZEECODE:</b></td><td>36</td></tr><tr><td><b>ZEE:</b></td><td>ZONA CON CAPACIDAD DE SOPORTE URBANO</td></tr><tr><td><b>ZEE_ZONAS:</b></td><td>Zonas con vocaci\u00f3n urbano y/o industrial</td></tr><tr><td><b>ZEE_GRANDE:</b></td><td>ZONAS CON VOCACION URBANO Y/O INDUSTRIAL</td></tr><tr><td><b>AREA:</b></td><td>20243392.225</td></tr><tr><td><b>PERIMETER:</b></td><td>174928.212</td></tr><tr><td><b>HECTARES:</b></td><td>2024.339</td></tr></table></div>"},"geometry":{"type":"Polygon","coordinates":[[[71.6968,8665440.0363],[84.3101,8665386.4297],[117.5787,8665245.0382],[118.226,8665242.2872],[118.4384,8665241.3845],[132.094,8665245.1489],[139.5159,8665247.1948],[-132.2788,8665271.5096],[-112.9064,8665276.8499],[-112.1937,8665275.2707],[-111.8252,8665268.1469],[-107.7844,8665190.0245],[-106.9496,8665190.2722],[-71.6612,8665195.1704],[-71.267,8665195.2251],[-19.5662,8665202.4015],[-18.8956,8665196.9],[-10.2981,8665126.3636],[-147.1991,8665149.1964],[149.9351,8665159.6813],[120.6744,8665164.5615],[-36.7278,8665188.1092],[-58.9014,8665192.0822],[-78.8285,8665195.6526],[-85.4326,8665196.8359],[-118.6957,8665202.7958],[155.3746,8665181.7823],[134.9947,8665176.7985],[78.9888,8665272.3623],[84.9892,8665276.0385],[130.4754,8665303.9063],[-171.3596,8665339.5419],[66.7506,8665437.9913],[71.6968,8665440.0363]]]}},{"type":"Feature","properties":{"Name":"ZONA DE INTERES HISTORICO CULTURAL / CENTRO HISTORICO DEL CALLAO","description":"<div style='font-family:sans-serif;'><h4>ZEE CALLAO - ZONA DE INTERES HISTORICO CULTURAL / CENTRO HISTORICO DEL CALLAO</h4><table border='1' cellpadding='4' style='border-collapse:collapse;font-size:12px;'><tr><td><b>OBJECTID:</b></td><td>36</td></tr><tr><td><b>ZEECODE:</b></td><td>23</td></tr><tr><td><b>ZEE:</b></td><td>ZONA DE INTERES HISTORICO CULTURAL / CENTRO HISTORICO DEL CALLAO</td></tr><tr><td><b>ZEE_ZONAS:</b></td><td>Zonas de tratamiento especial</td></tr><tr><td><b>ZEE_GRANDE:</b></td><td>ZONAS DE TRATAMIENTO ESPECIAL</td></tr><tr><td><b>AREA:</b></td><td>3057941.25</td></tr><tr><td><b>PERIMETER:</b></td><td>30233.922</td></tr><tr><td><b>HECTARES:</b></td><td>305.794</td></tr></table></div>"},"geometry":{"type":"Polygon","coordinates":[[[123.0707,8661188.3123],[125.0781,8661188.1959],[128.7617,8661188.2697],[133.4399,8661188.5719],[136.2703,8661188.9383],[137.1055,8661188.9663],[143.2453,8661188.6561],[143.4491,8661188.6417],[145.9743,8661188.4103],[146.2959,8661188.3809],[150.4581,8661187.9883],[154.4143,8661187.7499],[156.6419,8661187.7133],[159.6589,8661187.8001],[159.8961,8661187.8013],[162.5761,8661187.7513],[163.5111,8661187.6453],[165.7009,8661187.1851],[166.3827,8661186.9903],[167.1725,8661186.6221],[167.4951,8661186.4191],[169.2417,8661185.2247],[170.9183,8661184.0701],[171.4283,8661183.6677],[171.6965,8661183.4073],[174.0963,8661180.8973],[175.2967,8661179.6421],[177.0477,8661178.3983],[177.3593,8661178.1581],[179.3091,8661176.5281],[179.4959,8661176.3633],[-178.4961,8661174.4587],[-178.2975,8661174.2595],[-176.5275,8661172.3793],[-176.1761,8661171.9629],[-175.0881,8661170.5205],[-173.6007,8661169.0173],[-171.3525,8661167.1391],[-171.1875,8661166.9949],[-169.4953,8661165.4295],[-167.1255,8661163.0697],[-164.5805,8661160.7943],[-162.9477,8661159.3259],[-161.1375,8661157.6311],[-159.3427,8661156.1367],[-158.0323,8661155.3007],[-155.4249,8661153.9077],[-152.1873,8661152.1633],[-151.8031,8661151.9335],[-149.6099,8661150.4847],[-146.2669,8661148.2459],[-146.0267,8661148.0747],[-143.2647,8661145.9791],[-141.5487,8661144.8053],[-138.7731,8661142.7493],[-138.4693,8661142.5053],[-136.8805,8661141.1243],[-135.0077,8661139.6489],[-133.2405,8661138.6989],[-130.9025,8661137.7637],[-130.4029,8661137.5311],[-128.5129,8661136.5211],[-127.5239,8661135.8271],[-127.2813,8661135.5933],[-124.9913,8661133.2331],[-124.8517,8661133.0833],[-123.3487,8661131.4017],[-118.8729,8661126.9445],[-116.2001,8661124.7017],[-113.4423,8661122.9911],[-111.5987,8661121.8685],[-109.1797,8661120.6319],[-106.8885,8661119.5817],[-102.9253,8661117.7893],[-97.3811,8661115.2971],[-95.2815,8661114.3427],[-95.0743,8661114.2427],[-91.9799,8661112.6605],[-90.0899,8661111.7105],[-87.3945,8661110.3925],[-87.1865,8661110.2845],[-84.7985,8661108.9747],[-82.3009,8661107.5779],[-81.5571,8661107.0609],[-80.9379,8661106.4411],[-78.8451,8661103.9375],[-78.6585,8661103.7003],[-76.7143,8661101.0663],[-75.3073,8661099.3739],[-73.2385,8661096.9801],[-72.9791,8661096.6535],[-71.1591,8661094.1535],[-70.7249,8661093.4379],[-69.7003,8661091.3787],[-68.3409,8661088.7377],[-67.3607,8661087.7693],[-65.1771,8661085.8263],[-64.7953,8661085.4455],[-62.9053,8661083.3455],[-62.1929,8661082.3211],[-60.3331,8661078.7711],[-60.1769,8661078.4445],[-59.1089,8661075.9291],[-57.3009,8661072.8691],[-55.9121,8661071.2751],[-55.6717,8661070.9767],[-53.7183,8661068.3529],[-51.9163,8661066.2895],[-51.6433,8661065.9479],[-50.0235,8661063.7279],[-49.4949,8661062.8145],[-49.3821,8661062.5391],[-48.0755,8661059.0613],[-47.1021,8661056.8819],[-45.6207,8661053.9911],[-44.8127,8661052.7249],[-42.7059,8661050.7413],[-42.4521,8661050.4847],[-40.9721,8661048.8747],[-40.2463,8661047.8529],[-38.8365,8661045.2229],[-38.6755,8661044.8945],[-38.5443,8661044.5695],[-37.7843,8661042.4795],[-37.4935,8661041.0921],[-37.3235,8661038.4519],[-37.3139,8661038.0703],[-37.3833,8661035.1799],[-37.3733,8661032.5385],[-37.4359,8661029.5201],[-37.5485,8661026.9429],[-37.6013,8661026.4045],[-38.0331,8661023.5823],[-38.7811,8661016.4325],[-38.5793,8661012.3089],[-38.2753,8661009.9135],[-36.2873,8661004.9925],[-35.0625,8661003.0561],[-32.5475,8660999.8437],[-32.3945,8660999.6373],[-30.8545,8660997.4473],[-30.5129,8660996.8867],[-28.7731,8660993.5567],[-28.6369,8660993.2751],[-28.5705,8660993.1187],[-26.1851,8660987.2307],[-24.9127,8660983.7115],[-24.7237,8660983.0493],[-24.1271,8660980.2375],[-23.5609,8660977.3855],[-23.5017,8660977.0163],[-23.0227,8660973.0845],[-22.9717,8660972.6663],[-22.9497,8660972.4425],[-22.7101,8660969.3075],[-21.7597,8660964.1587],[-20.7941,8660960.3993],[-19.0863,8660954.5905],[-17.1047,8660950.7895],[-15.0939,8660947.6459],[-14.7381,8660946.9855],[-14.6443,8660946.7599],[-12.8871,8660942.2295],[-11.7519,8660939.0185],[-11.6533,8660938.7075],[-10.7271,8660935.4189],[-7.9249,8660928.4651],[-6.6105,8660925.6167],[-4.9979,8660923.0435],[-1.6175,8660918.4423],[-1.4437,8660918.1899],[0.7661,8660914.7599],[1.0229,8660914.3123],[3.2529,8660909.9123],[3.3843,8660909.6309],[4.3577,8660907.2981],[5.8289,8660903.5523],[8.2071,8660898.6079],[11.1221,8660893.4471],[12.9659,8660890.6953],[13.2747,8660890.1673],[16.0947,8660884.5873],[16.1999,8660884.3659],[16.2695,8660884.2017],[18.0637,8660879.7511],[19.8049,8660875.0847],[20.9789,8660872.5069],[23.0343,8660868.8109],[26.1209,8660864.0059],[27.5573,8660861.7963],[28.8805,8660859.7151],[29.1797,8660859.1729],[32.3641,8660852.4495],[32.4831,8660852.1693],[33.7903,8660848.7961],[35.1337,8660845.3603],[35.4953,8660844.3147],[36.8103,8660840.5115],[37.9629,8660837.4925],[39.1205,8660834.4477],[40.2365,8660831.8169],[41.0829,8660830.3055],[41.3085,8660829.8491],[42.4189,8660827.2117],[42.7083,8660826.2773],[43.1947,8660823.9065],[43.6777,8660821.0807],[44.4539,8660816.6037],[44.9005,8660813.7307],[44.9429,8660813.3743],[45.2527,8660809.6245],[45.2697,8660809.2127],[45.2571,8660808.8581],[45.0971,8660806.6081],[45.0261,8660806.0525],[44.6377,8660803.9549],[44.2405,8660801.4567],[44.1111,8660798.8063],[43.8973,8660795.7537],[43.8683,8660795.4615],[43.5363,8660792.8961],[43.5201,8660791.2713],[43.5855,8660789.3145],[43.7237,8660786.3893],[43.7293,8660786.1265],[43.6991,8660783.2897],[43.6447,8660782.6067],[43.3245,8660780.4567],[43.1651,8660779.7459],[42.1511,8660776.3929],[41.4071,8660773.9801],[41.2643,8660773.5783],[39.4539,8660769.1033],[38.0935,8660765.8427],[36.9243,8660762.9551],[35.0659,8660758.7461],[33.8009,8660756.0053],[32.9769,8660753.3987],[31.9687,8660749.0063],[31.4649,8660745.8769],[30.5331,8660740.8949],[30.4849,8660740.6663],[29.7349,8660737.4863],[29.5957,8660737.0059],[28.4609,8660733.7111],[26.2013,8660727.0127],[25.0139,8660723.5585],[23.3025,8660717.9769],[22.1491,8660714.4881],[20.8303,8660709.0533],[20.1711,8660705.4627],[19.7293,8660702.8745],[19.5865,8660700.7585],[19.4833,8660700.0309],[18.5019,8660695.5263],[17.6139,8660691.4859],[17.0597,8660688.3299],[16.7745,8660686.2071],[16.5733,8660684.1647],[16.5233,8660683.7979],[15.9685,8660680.6111],[15.5743,8660678.4847],[15.3653,8660676.2581],[15.3165,8660675.8885],[14.6331,8660671.8633],[14.0405,8660664.5803],[14.0189,8660664.3697],[13.6489,8660661.3899],[13.5327,8660660.7739],[12.7725,8660657.7839],[12.5887,8660657.2085],[10.9487,8660652.9785],[10.8545,8660652.7523],[10.7031,8660652.4415],[8.7231,8660648.7117],[8.3269,8660648.0833],[6.7667,8660645.9735],[6.4357,8660645.5715],[4.0077,8660642.9173],[2.7027,8660641.4175],[0.1379,8660638.4909],[-1.6765,8660636.4433],[-4.8419,8660632.9365],[-5.1475,8660632.6263],[-7.7675,8660630.1887],[-8.0507,8660629.9481],[-13.0513,8660626.0115],[-15.9159,8660623.6857],[-19.5969,8660620.2427],[-21.8281,8660618.0117],[-24.0955,8660615.7445],[-27.2941,8660612.3105],[-29.4395,8660610.0049],[-31.6243,8660607.6745],[-34.1455,8660604.7487],[-35.0293,8660602.9963],[-35.6929,8660601.9993],[-38.1299,8660599.1479],[-40.9769,8660595.6777],[-42.6771,8660593.7301],[-42.8379,8660593.5545],[-44.3465,8660591.9841],[-46.2421,8660590.1181],[-47.7411,8660588.5143],[-48.0469,8660588.2141],[-49.9669,8660586.4841],[-50.0999,8660586.3683],[-50.8139,8660585.8685],[-50.9435,8660585.8087],[-51.6435,8660585.4861],[-53.7259,8660584.7677],[-55.8365,8660584.5359],[-56.1753,8660584.5833],[-58.2385,8660584.9441],[-59.0837,8660585.1703],[-59.8737,8660585.5387],[-60.5877,8660586.0385],[-60.9305,8660586.3547],[-62.5805,8660588.0245],[-63.0687,8660588.5999],[-63.2655,8660588.8919],[-64.7565,8660591.2813],[-64.8235,8660591.3855],[-66.1441,8660593.4353],[-67.2595,8660594.6655],[-68.6347,8660595.7797],[-70.5669,8660597.1625],[-72.0261,8660598.0755],[-74.5481,8660599.4633],[-74.9421,8660599.7097],[-77.2503,8660601.3101],[-78.9897,8660602.4283],[-80.7671,8660603.5623],[-82.8487,8660604.9533],[-84.9685,8660606.0633],[-86.9539,8660607.1331],[-89.2779,8660608.4253],[-93.1229,8660610.3063],[-96.9635,8660611.7645],[-99.1179,8660612.3149],[-102.0297,8660612.6705],[-103.4315,8660612.5373],[-104.5453,8660612.3089],[-106.1625,8660611.5175],[-107.0209,8660610.7419],[-108.2457,8660609.2451],[-109.7031,8660607.3019],[-110.8681,8660605.6609],[-112.4071,8660602.8565],[-113.4253,8660600.4525],[-114.2513,8660598.0071],[-114.9661,8660593.5341],[-115.2113,8660590.6351],[-115.1933,8660587.8371],[-115.0453,8660583.2685],[-114.9455,8660580.0347],[-114.9431,8660579.8803],[-114.9509,8660579.6005],[-115.2709,8660573.8905],[-115.3029,8660573.5401],[-115.8531,8660569.2103],[-115.8847,8660568.9985],[-116.6245,8660564.6681],[-117.4759,8660558.8381],[-117.5101,8660558.6343],[-118.0701,8660555.6643],[-118.1789,8660555.2067],[-118.8995,8660552.7049],[-119.9419,8660549.4559],[-120.7355,8660546.9733],[-121.6345,8660544.3347],[-122.9353,8660539.8689],[-123.6613,8660536.9461],[-123.7357,8660536.6781],[-124.9679,8660532.6813],[-125.7569,8660530.1487],[-126.3663,8660527.9539],[-126.5113,8660527.5123],[-127.2453,8660525.5841],[-127.9223,8660523.7059],[-128.9125,8660520.7651],[-130.6005,8660516.0861],[-132.0433,8660512.0837],[-133.2213,8660508.5967],[-133.6903,8660506.6015],[-134.4015,8660502.7835],[-134.9683,8660499.8281],[-135.6587,8660496.3967],[-137.8273,8660487.1687],[-137.9693,8660486.6779],[-139.1779,8660483.1841],[-140.8445,8660478.5195],[-142.5739,8660473.9895],[-142.6773,8660473.7391],[-142.7983,8660473.4867],[-145.0231,8660469.1593],[-146.6123,8660466.2859],[-148.1577,8660463.7105],[-148.6599,8660463.0161],[-151.6815,8660459.5151],[-153.5837,8660457.4717],[-155.7483,8660454.5825],[-157.0835,8660452.8601],[-157.6055,8660452.2851],[-159.5255,8660450.4751],[-159.7413,8660450.2831],[-160.4553,8660449.7833],[-161.2367,8660449.4179],[-164.1865,8660448.3383],[-164.3601,8660448.2783],[-164.6875,8660448.1841],[-166.4917,8660447.7311],[-167.1223,8660447.4485],[-168.1207,8660446.4849],[-169.7443,8660444.7291],[-170.0695,8660444.4081],[-170.2763,8660444.2319],[-172.3963,8660442.5221],[-173.2103,8660441.9873],[-175.1903,8660440.9473],[-175.9701,8660440.6187],[-176.4387,8660440.4913],[-178.9785,8660439.9313],[-179.1869,8660439.8899],[179.9449,8660439.8139],[179.1291,8660439.8809],[176.7091,8660440.2811],[175.9919,8660440.4549],[173.9119,8660441.1249],[173.7207,8660441.1909],[171.6925,8660441.9359],[169.1563,8660442.9523],[167.0697,8660443.5849],[165.1863,8660443.9509],[164.0429,8660444.0379],[162.7999,8660443.7987],[161.2837,8660443.1773],[159.9055,8660442.4357],[158.2939,8660441.0341],[156.3753,8660439.1431],[154.9477,8660437.6203],[153.3025,8660435.8553],[152.9619,8660435.5233],[151.2029,8660433.9879],[150.8233,8660433.6877],[148.8933,8660432.3077],[148.4745,8660432.0387],[145.8445,8660430.5289],[144.9003,8660430.1099],[144.5957,8660430.0215],[142.1355,8660429.3915],[141.2171,8660429.2455],[138.6567,8660429.0803],[136.2593,8660429.0031],[134.9419,8660428.8745],[134.4075,8660428.5371],[132.9799,8660427.3761],[132.3803,8660426.9575],[130.2103,8660425.6677],[129.5217,8660425.3269],[126.9617,8660424.2969],[126.6405,8660424.1803],[125.6523,8660423.9667],[123.3323,8660423.7067],[122.7753,8660423.6755],[121.9071,8660423.7515],[121.4501,8660423.8543],[118.9525,8660424.5409],[117.1737,8660424.9339],[115.6339,8660424.8443],[114.0807,8660424.4229],[112.6619,8660423.5973],[111.5945,8660422.7339],[110.6479,8660421.5591],[109.3487,8660419.6435],[108.8473,8660418.7095],[108.5527,8660417.3811],[108.5731,8660415.8421],[108.6785,8660414.3155],[109.2093,8660412.4017],[109.9587,8660409.6063],[110.8187,8660406.3181],[111.3869,8660404.0553],[112.0805,8660401.4351],[112.8123,8660399.4259],[114.0275,8660397.6273],[116.3509,8660395.0305],[116.9793,8660394.1539],[120.3991,8660388.0939],[120.6123,8660387.6703],[120.7211,8660387.4057],[121.8409,8660384.4457],[122.0905,8660383.5331],[122.4903,8660381.2333],[122.5643,8660380.3765],[122.5605,8660380.1803],[122.4905,8660378.4003],[122.1867,8660376.8697],[121.7967,8660375.8099],[121.4345,8660375.0367],[120.9345,8660374.3227],[120.2997,8660373.6911],[119.4909,8660373.0255],[118.8143,8660372.5567],[117.9779,8660372.1719],[117.1055,8660371.8735],[115.5243,8660371.6167],[114.3343,8660371.6167],[113.8117,8660371.6441],[112.7101,8660371.8879],[110.4101,8660372.6779],[109.6799,8660372.9957],[106.6933,8660374.5899],[103.9809,8660376.0807],[103.6777,8660376.2655],[101.5307,8660377.6847],[99.2555,8660378.9595],[98.4229,8660379.3605],[97.1121,8660379.5645],[95.5299,8660379.4729],[94.5737,8660379.3689],[93.5441,8660378.9199],[92.8325,8660378.4567],[92.4931,8660378.2545],[90.0553,8660376.9291],[88.5965,8660375.9621],[86.7581,8660374.5997],[84.7541,8660373.0739],[82.6831,8660371.5933],[80.8217,8660370.3695],[80.4879,8660370.1683],[78.7279,8660369.1985],[77.8601,8660368.8225],[77.6155,8660368.7499],[76.9273,8660368.5645],[75.1655,8660368.0899],[74.7333,8660367.9937],[73.8649,8660367.9177],[73.1669,8660367.9667],[70.8269,8660368.2967],[69.8339,8660368.5423],[67.9115,8660369.2333],[65.8989,8660369.9589],[63.5307,8660370.7343],[61.6887,8660371.0801],[59.9155,8660371.2029],[57.2971,8660371.4313],[56.6977,8660371.5255],[53.7989,8660372.1653],[51.3965,8660372.7881],[49.5509,8660373.1733],[47.6695,8660373.4885],[45.2269,8660373.7261],[42.5825,8660374.0313],[42.2961,8660374.0727],[39.7161,8660374.5229],[39.3505,8660374.6009],[36.5805,8660375.3009],[36.2639,8660375.3921],[34.0209,8660376.1191],[31.7049,8660376.9603],[29.8111,8660377.6517],[29.5903,8660377.7383],[27.2275,8660378.7303],[24.9779,8660379.5987],[22.7553,8660380.4979],[20.5297,8660381.3821],[20.2705,8660381.4937],[18.1021,8660382.5005],[16.1361,8660383.3389],[13.9485,8660384.3501],[13.6419,8660384.5047],[11.7677,8660385.5325],[9.7355,8660386.5343],[9.4147,8660386.7075],[7.3231,8660387.9561],[7.0557,8660388.1275],[5.2357,8660389.3775],[4.9453,8660389.5929],[2.7553,8660391.3429],[2.5317,8660391.5325],[0.9317,8660392.9725],[0.5539,8660393.3511],[-0.8359,8660394.9011],[-1.1583,8660395.3001],[-1.5633,8660395.9593],[-4.0633,8660400.8393],[-4.4525,8660401.8611],[-5.1023,8660404.3611],[-5.1871,8660404.7507],[-5.2631,8660405.6189],[-5.2281,8660406.2095],[-5.0081,8660408.0595],[-4.9337,8660408.5085],[-4.7237,8660409.2273],[-4.0737,8660410.9575],[-3.8675,8660411.4305],[-1.9175,8660415.3403],[-1.4881,8660416.0477],[-1.2961,8660416.2953],[3.9141,8660422.5951],[4.0721,8660422.7771],[5.6947,8660424.5569],[7.7045,8660426.8351],[9.7711,8660429.1303],[11.5237,8660430.9425],[12.9013,8660432.4855],[14.5041,8660434.4071],[15.6407,8660436.1863],[16.3573,8660437.8325],[16.5949,8660438.6743],[16.5373,8660439.9043],[16.2025,8660441.1931],[15.4517,8660443.2091],[14.6513,8660445.0331],[13.8979,8660446.1475],[12.4889,8660447.7389],[10.0325,8660449.6559],[8.6075,8660450.4349],[6.8109,8660450.9667],[4.8303,8660451.3841],[2.8093,8660451.6037],[0.2083,8660451.8533],[-0.6783,8660452.0243],[-3.1383,8660452.7341],[-4.0275,8660453.0859],[-6.2775,8660454.2361],[-6.5019,8660454.3581],[-6.6833,8660454.4679],[-8.3831,8660455.5479],[-8.6157,8660455.7051],[-10.4213,8660457.0001],[-12.4951,8660458.2331],[-15.1425,8660459.8713],[-17.0471,8660461.1001],[-19.2723,8660462.5435],[-19.6407,8660462.8069],[-21.7405,8660464.4569],[-22.1293,8660464.7963],[-24.0193,8660466.6263],[-24.2559,8660466.8717],[-26.0409,8660468.8529],[-27.7359,8660470.8635],[-29.1465,8660472.6057],[-30.2925,8660473.8339],[-31.1369,8660474.4965],[-32.7823,8660475.1965],[-34.2561,8660475.4759],[-36.4519,8660475.7949],[-38.7593,8660476.0283],[-40.4157,8660476.0925],[-42.0067,8660475.8225],[-42.9281,8660475.3917],[-44.2355,8660474.5505],[-46.3117,8660472.9955],[-47.5241,8660471.9135],[-48.7065,8660470.5953],[-50.0647,8660469.0401],[-50.4849,8660468.6135],[-50.8223,8660468.3353],[-53.1323,8660466.5953],[-53.5935,8660466.2865],[-55.9543,8660464.8889],[-56.8857,8660464.3839],[-58.3967,8660463.5643],[-59.0871,8660463.2549],[-61.1369,8660462.5169],[-63.5117,8660461.7185],[-65.4107,8660461.1371],[-67.6169,8660460.3323],[-67.7853,8660460.2743],[-68.1523,8660460.1703],[-70.5023,8660459.6005],[-71.4269,8660459.4663],[-74.0143,8660459.3347],[-77.0619,8660459.2137],[-77.2605,8660459.2097],[-78.1287,8660459.2857],[-78.9705,8660459.5113],[-79.7605,8660459.8797],[-80.0495,8660460.0599],[-81.9093,8660461.3099],[-82.4505,8660461.7303],[-84.1305,8660463.2305],[-84.5861,8660463.6939],[-86.4663,8660465.8733],[-87.7181,8660467.1105],[-88.7403,8660467.8383],[-89.3669,8660468.0639],[-90.3751,8660468.1033],[-92.2757,8660467.9721],[-92.8417,8660467.9651],[-95.3181,8660468.0749],[-96.4115,8660468.1227],[-97.4073,8660467.7719],[-98.6571,8660467.0821],[-99.9493,8660466.1921],[-100.6905,8660465.2775],[-101.6123,8660463.7561],[-102.7437,8660461.3749],[-102.8751,8660461.1175],[-105.2285,8660456.8235],[-107.7219,8660452.3899],[-107.9701,8660451.9933],[-110.0111,8660449.0473],[-110.8707,8660446.2675],[-111.9501,8660442.3521],[-112.2025,8660441.6475],[-112.2951,8660441.4511],[-113.7825,8660438.4663],[-115.0009,8660435.8923],[-115.3601,8660435.2577],[-116.7403,8660433.1875],[-117.0651,8660432.7535],[-118.4451,8660431.1035],[-118.9349,8660430.5957],[-119.1995,8660430.3733],[-121.1293,8660428.8635],[-121.9421,8660428.3457],[-123.0423,8660427.7857],[-123.6041,8660427.5417],[-125.9329,8660426.6963],[-126.0493,8660426.6089],[-126.1513,8660426.4057],[-126.4375,8660424.6759],[-126.5905,8660424.0245],[-127.5607,8660420.8645],[-127.7727,8660420.2981],[-128.0121,8660419.8285],[-128.9721,8660418.1687],[-129.4703,8660417.4579],[-130.0865,8660416.8417],[-130.2397,8660416.7181],[-131.4797,8660415.7583],[-132.9953,8660414.9567],[-133.4391,8660414.8347],[-134.6791,8660414.5547],[-136.3031,8660414.4593],[-136.7747,8660414.5319],[-137.4649,8660414.6719],[-138.9975,8660415.2577],[-139.7145,8660415.6835],[-140.7387,8660416.4895],[-141.1487,8660416.9095],[-141.4007,8660417.1881],[-141.9005,8660417.9019],[-142.1685,8660418.4379],[-142.5785,8660419.3979],[-142.8713,8660420.3223],[-142.9407,8660420.7325],[-143.2853,8660423.4479],[-143.5411,8660424.1181],[-143.7423,8660424.7777],[-144.3073,8660427.2267],[-144.9747,8660429.1013],[-145.3411,8660429.7849],[-146.2353,8660430.3971],[-147.9589,8660431.3913],[-148.6737,8660431.8917],[-149.2901,8660432.5081],[-149.7899,8660433.2219],[-150.0837,8660433.8193],[-151.0137,8660436.0791],[-151.2805,8660436.9423],[-151.3433,8660437.3013],[-151.7033,8660439.9211],[-151.7447,8660440.8301],[-151.6119,8660443.7317],[-151.6503,8660445.9035],[-151.9541,8660447.3349],[-152.4647,8660449.4085],[-153.0495,8660450.5477],[-154.1627,8660451.7821],[-154.5855,8660452.0783],[-154.7613,8660452.0869],[-155.5537,8660451.9237],[-157.3353,8660451.0457],[-158.7083,8660450.0101],[-159.0411,8660449.7797],[-160.9011,8660448.5999],[-161.0793,8660448.4921],[-161.8691,8660448.1237],[-162.7109,8660447.8981],[-163.5793,8660447.8221],[-164.4475,8660447.8981],[-165.2753,8660448.1185],[-167.3623,8660448.8711],[-168.1593,8660449.2421],[-168.8731,8660449.7419],[-169.4895,8660450.3581],[-169.6729,8660450.5905],[-170.8871,8660452.2249],[-171.4687,8660451.6979],[-172.7571,8660450.0027],[-173.9081,8660448.1529],[-174.7121,8660446.5361],[-174.8183,8660446.3343],[-175.8795,8660444.4241],[-177.1423,8660441.9699],[-177.9071,8660439.9961],[-178.0015,8660439.7691],[-178.1279,8660439.5061],[-179.1879,8660437.4563],[-179.2973,8660437.2559],[179.5071,8660435.1817],[178.2919,8660433.1693],[177.1843,8660431.1227],[176.2487,8660429.0477],[176.0961,8660428.7381],[174.9259,8660426.5583],[174.5891,8660426.0169],[172.9535,8660423.7269],[171.1491,8660421.3275],[169.4691,8660418.9237],[167.8893,8660416.6285],[167.6747,8660416.3397],[166.0347,8660414.2899],[165.8677,8660414.0917],[164.2251,8660412.2439],[162.6351,8660410.1779],[161.0883,8660408.2423],[159.4889,8660406.3625],[158.8593,8660405.6313],[158.2843,8660405.0635],[157.5703,8660404.5635],[157.3507,8660404.4441],[156.5507,8660404.0341],[155.9805,8660403.7853],[155.1387,8660403.5597],[154.2703,8660403.4837],[153.9687,8660403.4929],[153.1387,8660403.5431],[152.5721,8660403.6099],[151.7303,8660403.8355],[150.9403,8660404.2037],[150.4261,8660404.5447],[150.0161,8660404.8545],[148.9807,8660405.9113],[148.5379,8660406.5245],[147.6177,8660407.8927],[146.7653,8660408.7881],[145.0121,8660409.8831],[144.1817,8660410.5327],[142.5817,8660412.0827],[142.0157,8660412.7351],[141.2675,8660414.2507],[140.6975,8660416.1705],[140.6001,8660416.5541],[140.4963,8660417.3597],[140.3589,8660419.9643],[138.0393,8660415.6559],[136.2491,8660411.7853],[136.0391,8660411.3811],[134.9693,8660409.5311],[134.4713,8660408.8205],[133.8549,8660408.2041],[133.6909,8660408.0723],[132.3009,8660407.0023],[131.7509,8660406.6343],[130.9611,8660406.2659],[130.1193,8660406.0403],[129.8959,8660406.0061],[128.6657,8660405.8461],[127.4983,8660405.8317],[127.1643,8660405.8783],[126.2443,8660406.0383],[125.7363,8660406.1541],[123.5863,8660406.7641],[122.8961,8660407.0161],[118.1263,8660409.1663],[117.6811,8660409.3945],[117.5539,8660409.4703],[114.7051,8660411.2297],[112.6151,8660412.5197],[112.4243,8660412.6435],[110.5321,8660413.9339],[108.4821,8660415.2079],[107.9587,8660415.5819],[105.8891,8660417.2719],[105.0065,8660418.2059],[104.4327,8660419.2303],[103.6327,8660421.1601],[103.3609,8660422.0351],[103.2783,8660423.5917],[103.4883,8660425.6115],[103.5577,8660426.0707],[103.9943,8660428.2625],[104.1439,8660428.8231],[104.8839,8660431.0631],[104.9581,8660431.2719],[105.9111,8660433.7779],[106.7497,8660436.3921],[107.5937,8660438.7155],[108.3383,8660441.0943],[112.0869,8660452.6211],[112.9085,8660457.3507],[112.6195,8660458.4411],[112.5707,8660458.5875],[112.2319,8660459.0955],[111.2389,8660460.1853],[110.4971,8660460.7593],[108.9821,8660461.5279],[107.1959,8660462.2863],[105.4933,8660462.8589],[103.5805,8660463.2305],[101.4185,8660463.4869],[98.9441,8660463.5951],[96.6771,8660463.6127],[94.9259,8660463.4837],[93.0715,8660463.1843],[91.0563,8660462.7219],[88.8059,8660462.0725],[86.4887,8660461.3229],[84.2161,8660460.6017],[82.1011,8660459.8905],[80.4845,8660459.2897],[79.0491,8660458.5971],[77.8445,8660457.7699],[76.5753,8660456.5937],[76.2279,8660456.3037],[74.1879,8660454.7537],[73.5961,8660454.3669],[71.3437,8660453.1123],[69.6867,8660452.1615],[68.2507,8660451.2699],[67.2967,8660450.4641],[66.4989,8660449.3111],[65.5967,8660447.5299],[64.7809,8660445.4725],[64.7007,8660445.2817],[64.6051,8660445.0791],[63.5851,8660443.0393],[63.1597,8660442.3389],[61.9695,8660440.6989],[61.2685,8660439.9199],[61.1509,8660439.8173],[59.0809,8660438.0673],[57.7193,8660437.2471],[55.3093,8660436.2773],[54.9879,8660436.1605],[54.4489,8660436.0181],[51.8693,8660435.4881],[51.2241,8660435.3987],[48.4313,8660435.1965],[45.8131,8660434.8933],[43.5427,8660434.3523],[41.3671,8660433.6301],[39.3437,8660432.8143],[37.5143,8660431.7211],[36.0053,8660430.4511],[34.5395,8660429.0177],[33.2357,8660427.4199],[32.3303,8660426.0501],[31.3237,8660424.2383],[30.7265,8660423.3863],[30.2679,8660422.8587],[30.2435,8660422.5703],[30.3981,8660420.9917],[30.7357,8660419.5179],[31.4221,8660418.1867],[32.4007,8660416.8391],[33.8033,8660414.9559],[35.3805,8660412.9505],[36.9685,8660410.9375],[38.4013,8660409.0709],[39.7959,8660407.2719],[41.1319,8660405.4967],[42.5101,8660403.7989],[43.8537,8660402.0181],[44.3309,8660401.2497],[45.5807,8660398.7597],[45.8103,8660398.2269],[46.0359,8660397.3851],[46.0803,8660397.0781],[46.3503,8660394.6881],[46.3819,8660394.1267],[46.3771,8660393.9073],[46.2871,8660391.8575],[46.1057,8660390.7249],[45.4457,8660388.3749],[45.3701,8660388.1297],[44.4499,8660385.3999],[44.2541,8660384.9081],[43.5751,8660383.4759],[41.9529,8660379.0769],[41.8243,8660378.7617],[40.2891,8660375.3601],[39.5933,8660374.2411],[38.2033,8660372.5511],[37.6777,8660372.0027],[36.2879,8660370.7643],[34.8289,8660369.8591],[33.2889,8660369.2391],[32.9719,8660369.1239],[32.7599,8660369.0541],[32.3021,8660368.2457],[32.0019,8660366.8361],[31.7561,8660366.0259],[31.1461,8660364.4959],[31.0693,8660364.3139],[30.6619,8660363.5741],[30.0419,8660362.6441],[29.7119,8660362.2035],[29.0955,8660361.5873],[28.3815,8660361.0875],[27.5917,8660360.7191],[26.7499,8660360.4935],[26.4867,8660360.4543],[25.2567,8660360.3043],[24.1201,8660360.2959],[22.7313,8660360.4467],[22.4033,8660360.4935],[21.5615,8660360.7191],[20.7715,8660361.0875],[20.0575,8660361.5873],[19.5139,8660362.1189],[18.4341,8660363.3491],[18.2417,8660363.5819],[16.1667,8660366.2553],[13.7871,8660369.0305],[11.9211,8660370.5133],[11.6743,8660370.7227],[9.8279,8660372.3961],[8.2079,8660373.7511],[6.3415,8660375.2899],[5.9133,8660375.6871],[4.5133,8660377.1471],[4.1651,8660377.5513],[2.7053,8660379.4413],[2.6173,8660379.5589],[2.4169,8660379.8567],[1.0669,8660382.0267],[0.7535,8660382.6143],[-0.2245,8660384.7855],[-1.0283,8660386.4723],[-1.7393,8660387.7085],[-2.7425,8660388.9001],[-4.0091,8660390.3307],[-4.4723,8660390.0631],[-4.7935,8660389.7287],[-4.9119,8660389.4447],[-4.9173,8660388.3245],[-4.9327,8660387.9561],[-5.1479,8660385.2183],[-5.2987,8660382.4035],[-5.5253,8660379.7265],[-5.6097,8660379.1423],[-6.0799,8660376.8525],[-6.3507,8660375.9635],[-7.2107,8660373.8635],[-7.2699,8660373.7247],[-7.3655,8660373.5223],[-8.5355,8660371.1823],[-8.8365,8660370.7357],[-9.2575,8660370.1113],[-11.0385,8660368.0919],[-12.5693,8660366.3363],[-13.8321,8660364.2063],[-15.2977,8660361.7141],[-16.0997,8660360.6859],[-17.6733,8660359.1365],[-18.0597,8660358.7559],[-18.2221,8660358.6031],[-19.3867,8660357.8195],[-21.6767,8660356.7095],[-22.1475,8660356.5103],[-22.9895,8660356.2847],[-23.8577,8660356.2087],[-24.7259,8660356.2847],[-25.4207,8660356.4593],[-27.7307,8660357.2195],[-28.1215,8660357.3665],[-30.2223,8660358.2583],[-32.3855,8660359.1553],[-33.9081,8660359.3045],[-34.8777,8660359.1275],[-36.1645,8660358.6555],[-37.4899,8660357.9659],[-37.8261,8660357.7123],[-37.7707,8660357.1157],[-36.7635,8660354.4205],[-35.7717,8660352.9583],[-34.6575,8660351.7541],[-33.2609,8660350.6169],[-31.6511,8660349.5135],[-31.1157,8660349.0901],[-29.4193,8660347.5349],[-28.9679,8660347.0633],[-28.4679,8660346.3493],[-28.2289,8660345.8801],[-27.3089,8660343.8101],[-27.1795,8660343.4895],[-26.9541,8660342.6475],[-26.8781,8660341.7793],[-26.9541,8660340.9111],[-27.0529,8660340.4689],[-27.7129,8660338.0389],[-27.9703,8660337.3157],[-28.3929,8660336.5535],[-29.5731,8660334.8037],[-30.3727,8660333.8839],[-30.6649,8660333.6401],[-32.6749,8660332.0901],[-33.5371,8660331.5553],[-35.9369,8660330.3853],[-36.5829,8660330.1243],[-36.7823,8660330.0641],[-39.3223,8660329.3543],[-39.6839,8660329.2675],[-42.4169,8660328.7189],[-44.5065,8660328.3373],[-46.8219,8660327.8821],[-49.0121,8660327.4127],[-51.2517,8660326.9247],[-52.9319,8660326.3187],[-54.4279,8660325.6307],[-55.9439,8660324.7815],[-57.4413,8660323.7315],[-58.6243,8660322.2237],[-58.7881,8660322.0257],[-60.2585,8660320.3383],[-61.5909,8660318.7715],[-62.9409,8660317.0413],[-64.3743,8660315.1915],[-65.7727,8660313.2823],[-67.1473,8660311.3741],[-68.2189,8660309.5565],[-69.0859,8660307.9069],[-69.8393,8660306.0879],[-70.7955,8660303.9133],[-71.7539,8660301.8687],[-72.8337,8660299.7395],[-73.7231,8660297.9261],[-74.4097,8660296.0493],[-75.2993,8660293.8365],[-75.3707,8660293.6677],[-75.4663,8660293.4653],[-76.4463,8660291.5051],[-76.6613,8660291.1189],[-78.2175,8660288.5927],[-79.4087,8660286.4295],[-79.5935,8660286.1209],[-81.1435,8660283.7309],[-81.5315,8660283.2101],[-83.0215,8660281.4601],[-83.1677,8660281.2959],[-84.8897,8660279.4447],[-86.6417,8660277.5435],[-86.8995,8660277.2835],[-88.2303,8660276.0363],[-92.9033,8660271.9415],[-94.1623,8660271.1355],[-94.9023,8660270.8055],[-95.3935,8660270.6167],[-96.0737,8660270.4473],[-96.9835,8660270.2875],[-98.3711,8660270.2395],[-96.7229,8660279.0013],[-96.1479,8660292.8047],[-97.8733,8660307.1831],[-101.3683,8660322.6615],[-101.8993,8660325.0123],[-99.0235,8660337.0903],[-97.8733,8660347.4429],[-96.7229,8660362.9715],[-96.1479,8660377.9251],[-95.5727,8660392.8787],[-94.6907,8660398.7005],[-92.6969,8660411.8583],[-77.1683,8660441.7657],[-63.9401,8660480.2999],[-61.6395,8660498.7043],[-59.3389,8660523.4353],[-54.7379,8660554.4929],[-49.5615,8660578.0735],[-40.3593,8660596.4779],[-36.3333,8660610.8565],[-36.3333,8660621.7841],[-24.3805,8660629.0179],[-10.6587,8660640.5441],[-1.2845,8660648.4185],[11.9783,8660667.7953],[30.3827,8660681.0235],[59.7149,8660690.8007],[72.9431,8660701.1533],[84.4459,8660715.5317],[89.0469,8660736.8119],[97.6741,8660796.6263],[113.2027,8660905.3277],[128.7315,8660961.1161],[140.8095,8660998.5001],[157.4885,8661033.5837],[177.0433,8661061.7655],[-140.9717,8661091.6727],[-117.9661,8661106.0511],[-104.1627,8661114.1031],[-98.9865,8661123.8805],[-94.9605,8661139.4093],[-90.9345,8661149.1865],[-80.0069,8661159.5391],[-65.0533,8661170.2455],[-32.8455,8661207.8507],[-24.8093,8661220.7981],[-22.4929,8661224.5297],[-15.0161,8661238.3331],[-7.5393,8661248.1105],[-1.7093,8661254.2395],[-1.5873,8661254.1507],[-1.1771,8661253.7355],[0.2729,8661252.0855],[0.6851,8661251.5469],[3.4549,8661247.3669],[3.6199,8661247.1001],[5.5465,8661243.7545],[6.7993,8661241.8795],[9.1641,8661238.9481],[12.3093,8661235.6245],[13.9753,8661234.3087],[14.2473,8661234.0775],[16.3647,8661232.1181],[18.5365,8661230.2315],[22.1479,8661227.2537],[26.1845,8661224.4505],[28.5725,8661222.9807],[32.5953,8661221.0543],[33.0217,8661220.8241],[36.7319,8661218.5821],[40.0375,8661216.7487],[43.7367,8661214.7977],[44.1217,8661214.5723],[46.4545,8661213.0629],[49.9235,8661210.9271],[53.1297,8661209.3521],[53.3113,8661209.2583],[54.8051,8661208.4469],[57.3201,8661207.5819],[59.9067,8661206.5821],[62.9441,8661205.4245],[65.9639,8661204.3049],[68.3737,8661203.6041],[73.4295,8661201.9663],[78.8163,8661200.1105],[80.9485,8661199.4027],[83.3741,8661198.9373],[86.0777,8661198.6129],[88.5149,8661198.4415],[88.8201,8661198.4105],[91.1935,8661198.0965],[93.7069,8661197.8117],[94.1817,8661197.7347],[96.4915,8661197.2447],[96.9991,8661197.1089],[97.5719,8661196.8829],[99.6839,8661195.8953],[102.3245,8661194.7281],[104.3291,8661193.9153],[105.9213,8661193.4197],[107.5717,8661193.1461],[108.1157,8661193.0243],[110.2075,8661192.4321],[112.4479,8661191.8957],[112.8289,8661191.7885],[112.9983,8661191.7299],[116.2053,8661190.5593],[118.7471,8661189.6957],[121.2957,8661188.8237],[123.0707,8661188.3123]]]}}]}